Id,IndicatorCode,SpatialDimension,SpatialDimensionValueCode,ParentLocationCode,ParentLocation,TimeDimension,TimeDim,DisaggregatingDimension1,DisaggregatingDimension1ValueCode,DisaggregatingDimension2,DisaggregatingDimension2ValueCode,DisaggregatingDimension3,DisaggregatingDimension3ValueCode,DataSourceDimension,DataSourceDimensionValueCode,Value,NumericValue,Low,High,Comments,Date,TimeDimensionValue,TimeDimensionBegin,TimeDimensionEnd
2951502,TOBACCO_MPOWER_M2_SMOKELESSECIGARETTES,COUNTRY,BGD,SEAR,South-East Asia,YEAR,2024,TOBACCO_INDICATOR,TOBACCO_INDICATOR_Adult_nonsmoked_age_grp,,,,,,,18-69,,,,,2025-07-24T14:32:31Z,2024,2024-01-01,2024-12-31
2981923,TOBACCO_MPOWER_M2_SMOKELESSECIGARETTES,COUNTRY,BRN,WPR,Western Pacific,YEAR,2024,TOBACCO_INDICATOR,TOBACCO_INDICATOR_Adult_nonsmoked_national,,,,,,,National,,,,,2025-07-24T14:32:31Z,2024,2024-01-01,2024-12-31
2982535,TOBACCO_MPOWER_M2_SMOKELESSECIGARETTES,COUNTRY,SGP,WPR,Western Pacific,YEAR,2024,TOBACCO_INDICATOR,TOBACCO_INDICATOR_Adult_nonsmoked_national,,,,,,,. . .,,,,,2025-07-24T14:32:31Z,2024,2024-01-01,2024-12-31
2990697,TOBACCO_MPOWER_M2_SMOKELESSECIGARETTES,COUNTRY,BRN,WPR,Western Pacific,YEAR,2024,TOBACCO_INDICATOR,TOBACCO_INDICATOR_Adult_nonsmoked_svy_title,,,,,,,STEPS Survey (preliminary results),,,,,2025-07-24T14:32:31Z,2024,2024-01-01,2024-12-31
2995673,TOBACCO_MPOWER_M2_SMOKELESSECIGARETTES,COUNTRY,LBN,EMR,Eastern Mediterranean,YEAR,2024,TOBACCO_INDICATOR,TOBACCO_INDICATOR_Adult_nonsmoked_age_grp,,,,,,,18-69,,,,,2025-07-24T14:32:31Z,2024,2024-01-01,2024-12-31
3009434,TOBACCO_MPOWER_M2_SMOKELESSECIGARETTES,COUNTRY,BHR,EMR,Eastern Mediterranean,YEAR,2024,TOBACCO_INDICATOR,TOBACCO_INDICATOR_Adult_nonsmoked_national,,,,,,,. . .,,,,,2025-07-24T14:32:31Z,2024,2024-01-01,2024-12-31
3009774,TOBACCO_MPOWER_M2_SMOKELESSECIGARETTES,COUNTRY,IDN,WPR,Western Pacific,YEAR,2024,TOBACCO_INDICATOR,TOBACCO_INDICATOR_Adult_nonsmoked_national,,,,,,,National,,,,,2025-07-24T14:32:31Z,2024,2024-01-01,2024-12-31
3024604,TOBACCO_MPOWER_M2_SMOKELESSECIGARETTES,COUNTRY,BRB,AMR,Americas,YEAR,2024,TOBACCO_INDICATOR,TOBACCO_INDICATOR_Adult_nonsmoked_age_grp,,,,,,,25+,,,,,2025-07-24T14:32:31Z,2024,2024-01-01,2024-12-31
3056553,TOBACCO_MPOWER_M2_SMOKELESSECIGARETTES,COUNTRY,LAO,WPR,Western Pacific,YEAR,2024,TOBACCO_INDICATOR,TOBACCO_INDICATOR_Adult_nonsmoked_svy_title,,,,,,,National Adult Tobacco Survey,,,,,2025-07-24T14:32:31Z,2024,2024-01-01,2024-12-31
3058892,TOBACCO_MPOWER_M2_SMOKELESSECIGARETTES,COUNTRY,BHR,EMR,Eastern Mediterranean,YEAR,2024,TOBACCO_INDICATOR,TOBACCO_INDICATOR_Adult_nonsmoked_age_grp,,,,,,,. . .,,,,,2025-07-24T14:32:31Z,2024,2024-01-01,2024-12-31
3061381,TOBACCO_MPOWER_M2_SMOKELESSECIGARETTES,COUNTRY,FJI,WPR,Western Pacific,YEAR,2024,TOBACCO_INDICATOR,TOBACCO_INDICATOR_Adult_nonsmoked_age_grp,,,,,,,. . .,,,,,2025-07-24T14:32:31Z,2024,2024-01-01,2024-12-31
3068541,TOBACCO_MPOWER_M2_SMOKELESSECIGARETTES,COUNTRY,USA,AMR,Americas,YEAR,2024,TOBACCO_INDICATOR,TOBACCO_INDICATOR_Adult_nonsmoked_svy_yr,,,,,,,2023,,,,,2026-01-30T10:45:51Z,2024,2024-01-01,2024-12-31
3070257,TOBACCO_MPOWER_M2_SMOKELESSECIGARETTES,COUNTRY,ZWE,AFR,Africa,YEAR,2024,TOBACCO_INDICATOR,TOBACCO_INDICATOR_Adult_nonsmoked_national,,,,,,,National,,,,,2025-07-24T14:32:31Z,2024,2024-01-01,2024-12-31
3124914,TOBACCO_MPOWER_M2_SMOKELESSECIGARETTES,COUNTRY,JOR,EMR,Eastern Mediterranean,YEAR,2024,TOBACCO_INDICATOR,TOBACCO_INDICATOR_Adult_nonsmoked_svy_yr,,,,,,,. . .,,,,,2026-01-30T10:45:51Z,2024,2024-01-01,2024-12-31
3126955,TOBACCO_MPOWER_M2_SMOKELESSECIGARETTES,COUNTRY,KGZ,EUR,Europe,YEAR,2024,TOBACCO_INDICATOR,TOBACCO_INDICATOR_Adult_nonsmoked_national,,,,,,,National,,,,,2025-07-24T14:32:31Z,2024,2024-01-01,2024-12-31
3129863,TOBACCO_MPOWER_M2_SMOKELESSECIGARETTES,COUNTRY,ECU,AMR,Americas,YEAR,2024,TOBACCO_INDICATOR,TOBACCO_INDICATOR_Adult_nonsmoked_svy_title,,,,,,,STEPS Survey,,,,,2025-07-24T14:32:31Z,2024,2024-01-01,2024-12-31
3133931,TOBACCO_MPOWER_M2_SMOKELESSECIGARETTES,COUNTRY,ALB,EUR,Europe,YEAR,2024,TOBACCO_INDICATOR,TOBACCO_INDICATOR_Adult_nonsmoked_age_grp,,,,,,,18-85,,,,,2025-07-24T14:32:31Z,2024,2024-01-01,2024-12-31
3137349,TOBACCO_MPOWER_M2_SMOKELESSECIGARETTES,COUNTRY,CIV,AFR,Africa,YEAR,2024,TOBACCO_INDICATOR,TOBACCO_INDICATOR_Adult_nonsmoked_age_grp,,,,,,,15-59 (men) 15-49 (women),,,,,2025-07-24T14:32:31Z,2024,2024-01-01,2024-12-31
3139310,TOBACCO_MPOWER_M2_SMOKELESSECIGARETTES,COUNTRY,SRB,EUR,Europe,YEAR,2024,TOBACCO_INDICATOR,TOBACCO_INDICATOR_Adult_nonsmoked_svy_yr,,,,,,,2023,,,,,2026-01-30T10:45:51Z,2024,2024-01-01,2024-12-31
3142053,TOBACCO_MPOWER_M2_SMOKELESSECIGARETTES,COUNTRY,GRC,EUR,Europe,YEAR,2024,TOBACCO_INDICATOR,TOBACCO_INDICATOR_Adult_nonsmoked_svy_yr,,,,,,,2019,,,,,2026-01-30T10:45:51Z,2024,2024-01-01,2024-12-31
3147836,TOBACCO_MPOWER_M2_SMOKELESSECIGARETTES,COUNTRY,BHS,AMR,Americas,YEAR,2024,TOBACCO_INDICATOR,TOBACCO_INDICATOR_Adult_nonsmoked_svy_yr,,,,,,,2019,,,,,2026-01-30T10:45:51Z,2024,2024-01-01,2024-12-31
3158273,TOBACCO_MPOWER_M2_SMOKELESSECIGARETTES,COUNTRY,DNK,EUR,Europe,YEAR,2024,TOBACCO_INDICATOR,TOBACCO_INDICATOR_Adult_nonsmoked_age_grp,,,,,,,16+,,,,,2025-07-24T14:32:31Z,2024,2024-01-01,2024-12-31
3162522,TOBACCO_MPOWER_M2_SMOKELESSECIGARETTES,COUNTRY,HND,AMR,Americas,YEAR,2024,TOBACCO_INDICATOR,TOBACCO_INDICATOR_Adult_nonsmoked_svy_yr,,,,,,,. . .,,,,,2026-01-30T10:45:51Z,2024,2024-01-01,2024-12-31
3172623,TOBACCO_MPOWER_M2_SMOKELESSECIGARETTES,COUNTRY,AGO,AFR,Africa,YEAR,2024,TOBACCO_INDICATOR,TOBACCO_INDICATOR_Adult_nonsmoked_svy_title,,,,,,,Demographic and Health Survey,,,,,2025-07-24T14:32:31Z,2024,2024-01-01,2024-12-31
3172703,TOBACCO_MPOWER_M2_SMOKELESSECIGARETTES,COUNTRY,MKD,EUR,Europe,YEAR,2024,TOBACCO_INDICATOR,TOBACCO_INDICATOR_Adult_nonsmoked_age_grp,,,,,,,18-85,,,,,2025-07-24T14:32:31Z,2024,2024-01-01,2024-12-31
3187015,TOBACCO_MPOWER_M2_SMOKELESSECIGARETTES,COUNTRY,AUS,WPR,Western Pacific,YEAR,2024,TOBACCO_INDICATOR,TOBACCO_INDICATOR_Adult_nonsmoked_svy_yr,,,,,,,2022-23,,,,,2026-01-30T10:45:51Z,2024,2024-01-01,2024-12-31
3187501,TOBACCO_MPOWER_M2_SMOKELESSECIGARETTES,COUNTRY,GTM,AMR,Americas,YEAR,2024,TOBACCO_INDICATOR,TOBACCO_INDICATOR_Adult_nonsmoked_svy_title,,,,,,,. . .,,,,,2025-07-24T14:32:31Z,2024,2024-01-01,2024-12-31
3200418,TOBACCO_MPOWER_M2_SMOKELESSECIGARETTES,COUNTRY,MOZ,AFR,Africa,YEAR,2024,TOBACCO_INDICATOR,TOBACCO_INDICATOR_Adult_nonsmoked_svy_title,,,,,,,Demographic and Health Survey,,,,,2025-07-24T14:32:31Z,2024,2024-01-01,2024-12-31
3215138,TOBACCO_MPOWER_M2_SMOKELESSECIGARETTES,COUNTRY,GEO,EUR,Europe,YEAR,2024,TOBACCO_INDICATOR,TOBACCO_INDICATOR_Adult_nonsmoked_national,,,,,,,National,,,,,2025-07-24T14:32:31Z,2024,2024-01-01,2024-12-31
3218622,TOBACCO_MPOWER_M2_SMOKELESSECIGARETTES,COUNTRY,DNK,EUR,Europe,YEAR,2024,TOBACCO_INDICATOR,TOBACCO_INDICATOR_Adult_nonsmoked_svy_yr,,,,,,,2023,,,,,2026-01-30T10:45:51Z,2024,2024-01-01,2024-12-31
3282826,TOBACCO_MPOWER_M2_SMOKELESSECIGARETTES,COUNTRY,VEN,AMR,Americas,YEAR,2024,TOBACCO_INDICATOR,TOBACCO_INDICATOR_Adult_nonsmoked_svy_title,,,,,,,Estudio Nacional de Drogas en Población General,,,,,2025-07-24T14:32:31Z,2024,2024-01-01,2024-12-31
3299777,TOBACCO_MPOWER_M2_SMOKELESSECIGARETTES,COUNTRY,MWI,AFR,Africa,YEAR,2024,TOBACCO_INDICATOR,TOBACCO_INDICATOR_Adult_nonsmoked_svy_title,,,,,,,STEPS Survey,,,,,2025-07-24T14:32:31Z,2024,2024-01-01,2024-12-31
3303169,TOBACCO_MPOWER_M2_SMOKELESSECIGARETTES,COUNTRY,SEN,AFR,Africa,YEAR,2024,TOBACCO_INDICATOR,TOBACCO_INDICATOR_Adult_nonsmoked_svy_title,,,,,,,Global Adult Tobacco Survey (GATS),,,,,2025-07-24T14:32:31Z,2024,2024-01-01,2024-12-31
3303439,TOBACCO_MPOWER_M2_SMOKELESSECIGARETTES,COUNTRY,COK,WPR,Western Pacific,YEAR,2024,TOBACCO_INDICATOR,TOBACCO_INDICATOR_Adult_nonsmoked_svy_title,,,,,,,. . .,,,,,2025-07-24T14:32:31Z,2024,2024-01-01,2024-12-31
3305513,TOBACCO_MPOWER_M2_SMOKELESSECIGARETTES,COUNTRY,BEL,EUR,Europe,YEAR,2024,TOBACCO_INDICATOR,TOBACCO_INDICATOR_Adult_nonsmoked_svy_title,,,,,,,Enquête sur le tabagisme,,,,,2025-07-24T14:32:31Z,2024,2024-01-01,2024-12-31
3312593,TOBACCO_MPOWER_M2_SMOKELESSECIGARETTES,COUNTRY,LUX,EUR,Europe,YEAR,2024,TOBACCO_INDICATOR,TOBACCO_INDICATOR_Adult_nonsmoked_svy_title,,,,,,,Le tabagisme au Luxembourg,,,,,2025-07-24T14:32:31Z,2024,2024-01-01,2024-12-31
3316675,TOBACCO_MPOWER_M2_SMOKELESSECIGARETTES,COUNTRY,ECU,AMR,Americas,YEAR,2024,TOBACCO_INDICATOR,TOBACCO_INDICATOR_Adult_nonsmoked_age_grp,,,,,,,18-69,,,,,2025-07-24T14:32:31Z,2024,2024-01-01,2024-12-31
3323660,TOBACCO_MPOWER_M2_SMOKELESSECIGARETTES,COUNTRY,SLV,AMR,Americas,YEAR,2024,TOBACCO_INDICATOR,TOBACCO_INDICATOR_Adult_nonsmoked_svy_title,,,,,,,Encuesta Nacional de Alcohol y Tabaco (ENAT),,,,,2025-07-24T14:32:31Z,2024,2024-01-01,2024-12-31
3338020,TOBACCO_MPOWER_M2_SMOKELESSECIGARETTES,COUNTRY,FSM,WPR,Western Pacific,YEAR,2024,TOBACCO_INDICATOR,TOBACCO_INDICATOR_Adult_nonsmoked_svy_title,,,,,,,. . .,,,,,2025-07-24T14:32:31Z,2024,2024-01-01,2024-12-31
3349393,TOBACCO_MPOWER_M2_SMOKELESSECIGARETTES,COUNTRY,GTM,AMR,Americas,YEAR,2024,TOBACCO_INDICATOR,TOBACCO_INDICATOR_Adult_nonsmoked_age_grp,,,,,,,. . .,,,,,2025-07-24T14:32:31Z,2024,2024-01-01,2024-12-31
3352710,TOBACCO_MPOWER_M2_SMOKELESSECIGARETTES,COUNTRY,SAU,EMR,Eastern Mediterranean,YEAR,2024,TOBACCO_INDICATOR,TOBACCO_INDICATOR_Adult_nonsmoked_svy_yr,,,,,,,2023,,,,,2026-01-30T10:45:51Z,2024,2024-01-01,2024-12-31
3353877,TOBACCO_MPOWER_M2_SMOKELESSECIGARETTES,COUNTRY,UZB,EUR,Europe,YEAR,2024,TOBACCO_INDICATOR,TOBACCO_INDICATOR_Adult_nonsmoked_svy_title,,,,,,,Uzbekistan STEPS Survey,,,,,2025-07-24T14:32:31Z,2024,2024-01-01,2024-12-31
3400799,TOBACCO_MPOWER_M2_SMOKELESSECIGARETTES,COUNTRY,ESP,EUR,Europe,YEAR,2024,TOBACCO_INDICATOR,TOBACCO_INDICATOR_Adult_nonsmoked_age_grp,,,,,,,15-64,,,,,2025-07-24T14:32:31Z,2024,2024-01-01,2024-12-31
3434395,TOBACCO_MPOWER_M2_SMOKELESSECIGARETTES,COUNTRY,SEN,AFR,Africa,YEAR,2024,TOBACCO_INDICATOR,TOBACCO_INDICATOR_Adult_nonsmoked_age_grp,,,,,,,15+,,,,,2025-07-24T14:32:31Z,2024,2024-01-01,2024-12-31
3435432,TOBACCO_MPOWER_M2_SMOKELESSECIGARETTES,COUNTRY,CZE,EUR,Europe,YEAR,2024,TOBACCO_INDICATOR,TOBACCO_INDICATOR_Adult_nonsmoked_age_grp,,,,,,,15+,,,,,2025-07-24T14:32:31Z,2024,2024-01-01,2024-12-31
3437270,TOBACCO_MPOWER_M2_SMOKELESSECIGARETTES,COUNTRY,BIH,EUR,Europe,YEAR,2024,TOBACCO_INDICATOR,TOBACCO_INDICATOR_Adult_nonsmoked_svy_yr,,,,,,,2019,,,,,2026-01-30T10:45:51Z,2024,2024-01-01,2024-12-31
3463012,TOBACCO_MPOWER_M2_SMOKELESSECIGARETTES,COUNTRY,CIV,AFR,Africa,YEAR,2024,TOBACCO_INDICATOR,TOBACCO_INDICATOR_Adult_nonsmoked_national,,,,,,,National,,,,,2025-07-24T14:32:31Z,2024,2024-01-01,2024-12-31
3477289,TOBACCO_MPOWER_M2_SMOKELESSECIGARETTES,COUNTRY,USA,AMR,Americas,YEAR,2024,TOBACCO_INDICATOR,TOBACCO_INDICATOR_Adult_nonsmoked_age_grp,,,,,,,18+,,,,,2025-07-24T14:32:31Z,2024,2024-01-01,2024-12-31
3488525,TOBACCO_MPOWER_M2_SMOKELESSECIGARETTES,COUNTRY,ATG,AMR,Americas,YEAR,2024,TOBACCO_INDICATOR,TOBACCO_INDICATOR_Adult_nonsmoked_national,,,,,,,. . .,,,,,2025-07-24T14:32:31Z,2024,2024-01-01,2024-12-31
3490760,TOBACCO_MPOWER_M2_SMOKELESSECIGARETTES,COUNTRY,GIN,AFR,Africa,YEAR,2024,TOBACCO_INDICATOR,TOBACCO_INDICATOR_Adult_nonsmoked_svy_yr,,,,,,,. . .,,,,,2026-01-30T10:45:51Z,2024,2024-01-01,2024-12-31
3497422,TOBACCO_MPOWER_M2_SMOKELESSECIGARETTES,COUNTRY,DMA,AMR,Americas,YEAR,2024,TOBACCO_INDICATOR,TOBACCO_INDICATOR_Adult_nonsmoked_svy_yr,,,,,,,2007-08,,,,,2026-01-30T10:45:51Z,2024,2024-01-01,2024-12-31
3497665,TOBACCO_MPOWER_M2_SMOKELESSECIGARETTES,COUNTRY,ETH,AFR,Africa,YEAR,2024,TOBACCO_INDICATOR,TOBACCO_INDICATOR_Adult_nonsmoked_age_grp,,,,,,,15+,,,,,2025-07-24T14:32:31Z,2024,2024-01-01,2024-12-31
3509362,TOBACCO_MPOWER_M2_SMOKELESSECIGARETTES,COUNTRY,SLE,AFR,Africa,YEAR,2024,TOBACCO_INDICATOR,TOBACCO_INDICATOR_Adult_nonsmoked_national,,,,,,,National,,,,,2025-07-24T14:32:31Z,2024,2024-01-01,2024-12-31
3510779,TOBACCO_MPOWER_M2_SMOKELESSECIGARETTES,COUNTRY,AND,EUR,Europe,YEAR,2024,TOBACCO_INDICATOR,TOBACCO_INDICATOR_Adult_nonsmoked_age_grp,,,,,,,. . .,,,,,2025-07-24T14:32:31Z,2024,2024-01-01,2024-12-31
3520201,TOBACCO_MPOWER_M2_SMOKELESSECIGARETTES,COUNTRY,TGO,AFR,Africa,YEAR,2024,TOBACCO_INDICATOR,TOBACCO_INDICATOR_Adult_nonsmoked_svy_title,,,,,,,STEPS Survey,,,,,2025-07-24T14:32:31Z,2024,2024-01-01,2024-12-31
3529282,TOBACCO_MPOWER_M2_SMOKELESSECIGARETTES,COUNTRY,PSE,EMR,Eastern Mediterranean,YEAR,2024,TOBACCO_INDICATOR,TOBACCO_INDICATOR_Adult_nonsmoked_national,,,,,,,National,,,,,2025-07-24T14:32:31Z,2024,2024-01-01,2024-12-31
3552647,TOBACCO_MPOWER_M2_SMOKELESSECIGARETTES,COUNTRY,HND,AMR,Americas,YEAR,2024,TOBACCO_INDICATOR,TOBACCO_INDICATOR_Adult_nonsmoked_age_grp,,,,,,,. . .,,,,,2025-07-24T14:32:31Z,2024,2024-01-01,2024-12-31
3560052,TOBACCO_MPOWER_M2_SMOKELESSECIGARETTES,COUNTRY,GNQ,AFR,Africa,YEAR,2024,TOBACCO_INDICATOR,TOBACCO_INDICATOR_Adult_nonsmoked_national,,,,,,,. . .,,,,,2025-07-24T14:32:31Z,2024,2024-01-01,2024-12-31
3562148,TOBACCO_MPOWER_M2_SMOKELESSECIGARETTES,COUNTRY,BRB,AMR,Americas,YEAR,2024,TOBACCO_INDICATOR,TOBACCO_INDICATOR_Adult_nonsmoked_svy_yr,,,,,,,2007,,,,,2026-01-30T10:45:51Z,2024,2024-01-01,2024-12-31
3583441,TOBACCO_MPOWER_M2_SMOKELESSECIGARETTES,COUNTRY,MWI,AFR,Africa,YEAR,2024,TOBACCO_INDICATOR,TOBACCO_INDICATOR_Adult_nonsmoked_age_grp,,,,,,,18-69,,,,,2025-07-24T14:32:31Z,2024,2024-01-01,2024-12-31
3585725,TOBACCO_MPOWER_M2_SMOKELESSECIGARETTES,COUNTRY,MEX,AMR,Americas,YEAR,2024,TOBACCO_INDICATOR,TOBACCO_INDICATOR_Adult_nonsmoked_age_grp,,,,,,,15+,,,,,2025-07-24T14:32:31Z,2024,2024-01-01,2024-12-31
3601091,TOBACCO_MPOWER_M2_SMOKELESSECIGARETTES,COUNTRY,NPL,SEAR,South-East Asia,YEAR,2024,TOBACCO_INDICATOR,TOBACCO_INDICATOR_Adult_nonsmoked_age_grp,,,,,,,15-49,,,,,2025-07-24T14:32:31Z,2024,2024-01-01,2024-12-31
3605182,TOBACCO_MPOWER_M2_SMOKELESSECIGARETTES,COUNTRY,ARG,AMR,Americas,YEAR,2024,TOBACCO_INDICATOR,TOBACCO_INDICATOR_Adult_nonsmoked_svy_title,,,,,,,Encuesta Nacional de Factores de Riesgo Para Enfermedades No Transmisibles,,,,,2025-07-24T14:32:31Z,2024,2024-01-01,2024-12-31
3620472,TOBACCO_MPOWER_M2_SMOKELESSECIGARETTES,COUNTRY,LBY,EMR,Eastern Mediterranean,YEAR,2024,TOBACCO_INDICATOR,TOBACCO_INDICATOR_Adult_nonsmoked_national,,,,,,,National,,,,,2025-07-24T14:32:31Z,2024,2024-01-01,2024-12-31
3628215,TOBACCO_MPOWER_M2_SMOKELESSECIGARETTES,COUNTRY,AND,EUR,Europe,YEAR,2024,TOBACCO_INDICATOR,TOBACCO_INDICATOR_Adult_nonsmoked_svy_yr,,,,,,,. . .,,,,,2026-01-30T10:45:51Z,2024,2024-01-01,2024-12-31
3631906,TOBACCO_MPOWER_M2_SMOKELESSECIGARETTES,COUNTRY,WSM,WPR,Western Pacific,YEAR,2024,TOBACCO_INDICATOR,TOBACCO_INDICATOR_Adult_nonsmoked_svy_yr,,,,,,,2013,,,,,2026-01-30T10:45:51Z,2024,2024-01-01,2024-12-31
3638727,TOBACCO_MPOWER_M2_SMOKELESSECIGARETTES,COUNTRY,KGZ,EUR,Europe,YEAR,2024,TOBACCO_INDICATOR,TOBACCO_INDICATOR_Adult_nonsmoked_svy_title,,,,,,,STEPS,,,,,2025-07-24T14:32:31Z,2024,2024-01-01,2024-12-31
3639864,TOBACCO_MPOWER_M2_SMOKELESSECIGARETTES,COUNTRY,IRL,EUR,Europe,YEAR,2024,TOBACCO_INDICATOR,TOBACCO_INDICATOR_Adult_nonsmoked_svy_yr,,,,,,,2024,,,,,2026-01-30T10:45:51Z,2024,2024-01-01,2024-12-31
3655359,TOBACCO_MPOWER_M2_SMOKELESSECIGARETTES,COUNTRY,NGA,AFR,Africa,YEAR,2024,TOBACCO_INDICATOR,TOBACCO_INDICATOR_Adult_nonsmoked_age_grp,,,,,,,15+,,,,,2025-07-24T14:32:31Z,2024,2024-01-01,2024-12-31
3656041,TOBACCO_MPOWER_M2_SMOKELESSECIGARETTES,COUNTRY,AFG,EMR,Eastern Mediterranean,YEAR,2024,TOBACCO_INDICATOR,TOBACCO_INDICATOR_Adult_nonsmoked_svy_title,,,,,,,STEPS Survey,,,,,2025-07-24T14:32:31Z,2024,2024-01-01,2024-12-31
3703477,TOBACCO_MPOWER_M2_SMOKELESSECIGARETTES,COUNTRY,BRB,AMR,Americas,YEAR,2024,TOBACCO_INDICATOR,TOBACCO_INDICATOR_Adult_nonsmoked_national,,,,,,,National,,,,,2025-07-24T14:32:31Z,2024,2024-01-01,2024-12-31
3720292,TOBACCO_MPOWER_M2_SMOKELESSECIGARETTES,COUNTRY,PRT,EUR,Europe,YEAR,2024,TOBACCO_INDICATOR,TOBACCO_INDICATOR_Adult_nonsmoked_svy_yr,,,,,,,2019,,,,,2026-01-30T10:45:51Z,2024,2024-01-01,2024-12-31
3729712,TOBACCO_MPOWER_M2_SMOKELESSECIGARETTES,COUNTRY,ETH,AFR,Africa,YEAR,2024,TOBACCO_INDICATOR,TOBACCO_INDICATOR_Adult_nonsmoked_svy_yr,,,,,,,2016,,,,,2026-01-30T10:45:51Z,2024,2024-01-01,2024-12-31
3749903,TOBACCO_MPOWER_M2_SMOKELESSECIGARETTES,COUNTRY,KNA,AMR,Americas,YEAR,2024,TOBACCO_INDICATOR,TOBACCO_INDICATOR_Adult_nonsmoked_national,,,,,,,National,,,,,2025-07-24T14:32:31Z,2024,2024-01-01,2024-12-31
3788667,TOBACCO_MPOWER_M2_SMOKELESSECIGARETTES,COUNTRY,SUR,AMR,Americas,YEAR,2024,TOBACCO_INDICATOR,TOBACCO_INDICATOR_Adult_nonsmoked_national,,,,,,,. . .,,,,,2025-07-24T14:32:31Z,2024,2024-01-01,2024-12-31
3792895,TOBACCO_MPOWER_M2_SMOKELESSECIGARETTES,COUNTRY,LSO,AFR,Africa,YEAR,2024,TOBACCO_INDICATOR,TOBACCO_INDICATOR_Adult_nonsmoked_national,,,,,,,National,,,,,2025-07-24T14:32:31Z,2024,2024-01-01,2024-12-31
3796249,TOBACCO_MPOWER_M2_SMOKELESSECIGARETTES,COUNTRY,PRK,SEAR,South-East Asia,YEAR,2024,TOBACCO_INDICATOR,TOBACCO_INDICATOR_Adult_nonsmoked_age_grp,,,,,,,15+,,,,,2025-07-24T14:32:31Z,2024,2024-01-01,2024-12-31
3799520,TOBACCO_MPOWER_M2_SMOKELESSECIGARETTES,COUNTRY,GNB,AFR,Africa,YEAR,2024,TOBACCO_INDICATOR,TOBACCO_INDICATOR_Adult_nonsmoked_svy_title,,,,,,,. . .,,,,,2025-07-24T14:32:31Z,2024,2024-01-01,2024-12-31
3802849,TOBACCO_MPOWER_M2_SMOKELESSECIGARETTES,COUNTRY,DMA,AMR,Americas,YEAR,2024,TOBACCO_INDICATOR,TOBACCO_INDICATOR_Adult_nonsmoked_national,,,,,,,National,,,,,2025-07-24T14:32:31Z,2024,2024-01-01,2024-12-31
3821933,TOBACCO_MPOWER_M2_SMOKELESSECIGARETTES,COUNTRY,IRN,EMR,Eastern Mediterranean,YEAR,2024,TOBACCO_INDICATOR,TOBACCO_INDICATOR_Adult_nonsmoked_svy_title,,,,,,,STEPS Survey,,,,,2025-07-24T14:32:31Z,2024,2024-01-01,2024-12-31
3823874,TOBACCO_MPOWER_M2_SMOKELESSECIGARETTES,COUNTRY,BTN,SEAR,South-East Asia,YEAR,2024,TOBACCO_INDICATOR,TOBACCO_INDICATOR_Adult_nonsmoked_age_grp,,,,,,,15-69,,,,,2025-07-24T14:32:31Z,2024,2024-01-01,2024-12-31
3833821,TOBACCO_MPOWER_M2_SMOKELESSECIGARETTES,COUNTRY,ZMB,AFR,Africa,YEAR,2024,TOBACCO_INDICATOR,TOBACCO_INDICATOR_Adult_nonsmoked_svy_yr,,,,,,,2018,,,,,2026-01-30T10:45:51Z,2024,2024-01-01,2024-12-31
3844349,TOBACCO_MPOWER_M2_SMOKELESSECIGARETTES,COUNTRY,EST,EUR,Europe,YEAR,2024,TOBACCO_INDICATOR,TOBACCO_INDICATOR_Adult_nonsmoked_svy_title,,,,,,,Health Behaviour among Estonian Adult Population,,,,,2025-07-24T14:32:31Z,2024,2024-01-01,2024-12-31
3854628,TOBACCO_MPOWER_M2_SMOKELESSECIGARETTES,COUNTRY,LVA,EUR,Europe,YEAR,2024,TOBACCO_INDICATOR,TOBACCO_INDICATOR_Adult_nonsmoked_national,,,,,,,National,,,,,2025-07-24T14:32:31Z,2024,2024-01-01,2024-12-31
3877478,TOBACCO_MPOWER_M2_SMOKELESSECIGARETTES,COUNTRY,HND,AMR,Americas,YEAR,2024,TOBACCO_INDICATOR,TOBACCO_INDICATOR_Adult_nonsmoked_svy_title,,,,,,,. . .,,,,,2025-07-24T14:32:31Z,2024,2024-01-01,2024-12-31
3892607,TOBACCO_MPOWER_M2_SMOKELESSECIGARETTES,COUNTRY,ARM,EUR,Europe,YEAR,2024,TOBACCO_INDICATOR,TOBACCO_INDICATOR_Adult_nonsmoked_svy_title,,,,,,,STEPS Survey,,,,,2025-07-24T14:32:31Z,2024,2024-01-01,2024-12-31
3899898,TOBACCO_MPOWER_M2_SMOKELESSECIGARETTES,COUNTRY,AGO,AFR,Africa,YEAR,2024,TOBACCO_INDICATOR,TOBACCO_INDICATOR_Adult_nonsmoked_svy_yr,,,,,,,2015-16,,,,,2026-01-30T10:45:51Z,2024,2024-01-01,2024-12-31
3905587,TOBACCO_MPOWER_M2_SMOKELESSECIGARETTES,COUNTRY,VUT,WPR,Western Pacific,YEAR,2024,TOBACCO_INDICATOR,TOBACCO_INDICATOR_Adult_nonsmoked_svy_title,,,,,,,. . .,,,,,2025-07-24T14:32:31Z,2024,2024-01-01,2024-12-31
3918128,TOBACCO_MPOWER_M2_SMOKELESSECIGARETTES,COUNTRY,BHR,EMR,Eastern Mediterranean,YEAR,2024,TOBACCO_INDICATOR,TOBACCO_INDICATOR_Adult_nonsmoked_svy_title,,,,,,,. . .,,,,,2025-07-24T14:32:31Z,2024,2024-01-01,2024-12-31
9748,TOBACCO_MPOWER_M2_SMOKELESSECIGARETTES,COUNTRY,OMN,EMR,Eastern Mediterranean,YEAR,2024,TOBACCO_INDICATOR,TOBACCO_INDICATOR_Adult_nonsmoked_age_grp,,,,,,,15+,,,,,2025-07-24T14:32:31Z,2024,2024-01-01,2024-12-31
22030,TOBACCO_MPOWER_M2_SMOKELESSECIGARETTES,COUNTRY,SAU,EMR,Eastern Mediterranean,YEAR,2024,TOBACCO_INDICATOR,TOBACCO_INDICATOR_Adult_nonsmoked_age_grp,,,,,,,15+,,,,,2025-07-24T14:32:31Z,2024,2024-01-01,2024-12-31
22573,TOBACCO_MPOWER_M2_SMOKELESSECIGARETTES,COUNTRY,PER,AMR,Americas,YEAR,2024,TOBACCO_INDICATOR,TOBACCO_INDICATOR_Adult_nonsmoked_svy_title,,,,,,,. . .,,,,,2025-07-24T14:32:31Z,2024,2024-01-01,2024-12-31
26677,TOBACCO_MPOWER_M2_SMOKELESSECIGARETTES,COUNTRY,ATG,AMR,Americas,YEAR,2024,TOBACCO_INDICATOR,TOBACCO_INDICATOR_Adult_nonsmoked_svy_title,,,,,,,. . .,,,,,2025-07-24T14:32:31Z,2024,2024-01-01,2024-12-31
28627,TOBACCO_MPOWER_M2_SMOKELESSECIGARETTES,COUNTRY,ZAF,AFR,Africa,YEAR,2024,TOBACCO_INDICATOR,TOBACCO_INDICATOR_Adult_nonsmoked_svy_yr,,,,,,,2021,,,,,2026-01-30T10:45:51Z,2024,2024-01-01,2024-12-31
36137,TOBACCO_MPOWER_M2_SMOKELESSECIGARETTES,COUNTRY,IDN,WPR,Western Pacific,YEAR,2024,TOBACCO_INDICATOR,TOBACCO_INDICATOR_Adult_nonsmoked_svy_title,,,,,,,Survei Kesehatan Indonesia (SKI),,,,,2025-07-24T14:32:31Z,2024,2024-01-01,2024-12-31
39106,TOBACCO_MPOWER_M2_SMOKELESSECIGARETTES,COUNTRY,COG,AFR,Africa,YEAR,2024,TOBACCO_INDICATOR,TOBACCO_INDICATOR_Adult_nonsmoked_age_grp,,,,,,,. . .,,,,,2025-07-24T14:32:31Z,2024,2024-01-01,2024-12-31
52910,TOBACCO_MPOWER_M2_SMOKELESSECIGARETTES,COUNTRY,CYP,EUR,Europe,YEAR,2024,TOBACCO_INDICATOR,TOBACCO_INDICATOR_Adult_nonsmoked_svy_yr,,,,,,,2020,,,,,2026-01-30T10:45:51Z,2024,2024-01-01,2024-12-31
68498,TOBACCO_MPOWER_M2_SMOKELESSECIGARETTES,COUNTRY,ERI,AFR,Africa,YEAR,2024,TOBACCO_INDICATOR,TOBACCO_INDICATOR_Adult_nonsmoked_svy_title,,,,,,,Eritrea STEPS survey,,,,,2025-07-24T14:32:31Z,2024,2024-01-01,2024-12-31
68544,TOBACCO_MPOWER_M2_SMOKELESSECIGARETTES,COUNTRY,SDN,EMR,Eastern Mediterranean,YEAR,2024,TOBACCO_INDICATOR,TOBACCO_INDICATOR_Adult_nonsmoked_svy_yr,,,,,,,2016,,,,,2026-01-30T10:45:51Z,2024,2024-01-01,2024-12-31
82301,TOBACCO_MPOWER_M2_SMOKELESSECIGARETTES,COUNTRY,NIC,AMR,Americas,YEAR,2024,TOBACCO_INDICATOR,TOBACCO_INDICATOR_Adult_nonsmoked_age_grp,,,,,,,. . .,,,,,2025-07-24T14:32:31Z,2024,2024-01-01,2024-12-31
91746,TOBACCO_MPOWER_M2_SMOKELESSECIGARETTES,COUNTRY,MRT,AFR,Africa,YEAR,2024,TOBACCO_INDICATOR,TOBACCO_INDICATOR_Adult_nonsmoked_age_grp,,,,,,,15+,,,,,2025-07-24T14:32:31Z,2024,2024-01-01,2024-12-31
97205,TOBACCO_MPOWER_M2_SMOKELESSECIGARETTES,COUNTRY,JAM,AMR,Americas,YEAR,2024,TOBACCO_INDICATOR,TOBACCO_INDICATOR_Adult_nonsmoked_svy_title,,,,,,,. . .,,,,,2025-07-24T14:32:31Z,2024,2024-01-01,2024-12-31
115335,TOBACCO_MPOWER_M2_SMOKELESSECIGARETTES,COUNTRY,MNE,EUR,Europe,YEAR,2024,TOBACCO_INDICATOR,TOBACCO_INDICATOR_Adult_nonsmoked_svy_title,,,,,,,. . .,,,,,2025-07-24T14:32:31Z,2024,2024-01-01,2024-12-31
146516,TOBACCO_MPOWER_M2_SMOKELESSECIGARETTES,COUNTRY,GIN,AFR,Africa,YEAR,2024,TOBACCO_INDICATOR,TOBACCO_INDICATOR_Adult_nonsmoked_svy_title,,,,,,,. . .,,,,,2025-07-24T14:32:31Z,2024,2024-01-01,2024-12-31
180101,TOBACCO_MPOWER_M2_SMOKELESSECIGARETTES,COUNTRY,GNB,AFR,Africa,YEAR,2024,TOBACCO_INDICATOR,TOBACCO_INDICATOR_Adult_nonsmoked_svy_yr,,,,,,,. . .,,,,,2026-01-30T10:45:51Z,2024,2024-01-01,2024-12-31
206117,TOBACCO_MPOWER_M2_SMOKELESSECIGARETTES,COUNTRY,SWZ,AFR,Africa,YEAR,2024,TOBACCO_INDICATOR,TOBACCO_INDICATOR_Adult_nonsmoked_age_grp,,,,,,,15-69,,,,,2025-07-24T14:32:31Z,2024,2024-01-01,2024-12-31
220186,TOBACCO_MPOWER_M2_SMOKELESSECIGARETTES,COUNTRY,GMB,AFR,Africa,YEAR,2024,TOBACCO_INDICATOR,TOBACCO_INDICATOR_Adult_nonsmoked_national,,,,,,,National,,,,,2025-07-24T14:32:31Z,2024,2024-01-01,2024-12-31
222630,TOBACCO_MPOWER_M2_SMOKELESSECIGARETTES,COUNTRY,STP,AFR,Africa,YEAR,2024,TOBACCO_INDICATOR,TOBACCO_INDICATOR_Adult_nonsmoked_national,,,,,,,National,,,,,2025-07-24T14:32:31Z,2024,2024-01-01,2024-12-31
224979,TOBACCO_MPOWER_M2_SMOKELESSECIGARETTES,COUNTRY,COM,AFR,Africa,YEAR,2024,TOBACCO_INDICATOR,TOBACCO_INDICATOR_Adult_nonsmoked_svy_title,,,,,,,Comoros STEPS,,,,,2025-07-24T14:32:31Z,2024,2024-01-01,2024-12-31
235199,TOBACCO_MPOWER_M2_SMOKELESSECIGARETTES,COUNTRY,LSO,AFR,Africa,YEAR,2024,TOBACCO_INDICATOR,TOBACCO_INDICATOR_Adult_nonsmoked_age_grp,,,,,,,15-59 (men) 15-49 (women),,,,,2025-07-24T14:32:31Z,2024,2024-01-01,2024-12-31
235446,TOBACCO_MPOWER_M2_SMOKELESSECIGARETTES,COUNTRY,CAN,AMR,Americas,YEAR,2024,TOBACCO_INDICATOR,TOBACCO_INDICATOR_Adult_nonsmoked_svy_title,,,,,,,Canadian Community Health Survey,,,,,2025-07-24T14:32:31Z,2024,2024-01-01,2024-12-31
235819,TOBACCO_MPOWER_M2_SMOKELESSECIGARETTES,COUNTRY,BEN,AFR,Africa,YEAR,2024,TOBACCO_INDICATOR,TOBACCO_INDICATOR_Adult_nonsmoked_age_grp,,,,,,,15-49,,,,,2025-07-24T14:32:31Z,2024,2024-01-01,2024-12-31
247060,TOBACCO_MPOWER_M2_SMOKELESSECIGARETTES,COUNTRY,NZL,WPR,Western Pacific,YEAR,2024,TOBACCO_INDICATOR,TOBACCO_INDICATOR_Adult_nonsmoked_age_grp,,,,,,,15+,,,,,2025-07-24T14:32:31Z,2024,2024-01-01,2024-12-31
252722,TOBACCO_MPOWER_M2_SMOKELESSECIGARETTES,COUNTRY,MLT,EUR,Europe,YEAR,2024,TOBACCO_INDICATOR,TOBACCO_INDICATOR_Adult_nonsmoked_age_grp,,,,,,,15+,,,,,2025-07-24T14:32:31Z,2024,2024-01-01,2024-12-31
262966,TOBACCO_MPOWER_M2_SMOKELESSECIGARETTES,COUNTRY,MDG,AFR,Africa,YEAR,2024,TOBACCO_INDICATOR,TOBACCO_INDICATOR_Adult_nonsmoked_svy_yr,,,,,,,2021,,,,,2026-01-30T10:45:51Z,2024,2024-01-01,2024-12-31
273041,TOBACCO_MPOWER_M2_SMOKELESSECIGARETTES,COUNTRY,ARG,AMR,Americas,YEAR,2024,TOBACCO_INDICATOR,TOBACCO_INDICATOR_Adult_nonsmoked_svy_yr,,,,,,,2018,,,,,2026-01-30T10:45:51Z,2024,2024-01-01,2024-12-31
274706,TOBACCO_MPOWER_M2_SMOKELESSECIGARETTES,COUNTRY,PER,AMR,Americas,YEAR,2024,TOBACCO_INDICATOR,TOBACCO_INDICATOR_Adult_nonsmoked_age_grp,,,,,,,. . .,,,,,2025-07-24T14:32:31Z,2024,2024-01-01,2024-12-31
280143,TOBACCO_MPOWER_M2_SMOKELESSECIGARETTES,COUNTRY,HTI,AMR,Americas,YEAR,2024,TOBACCO_INDICATOR,TOBACCO_INDICATOR_Adult_nonsmoked_national,,,,,,,National,,,,,2025-07-24T14:32:31Z,2024,2024-01-01,2024-12-31
282716,TOBACCO_MPOWER_M2_SMOKELESSECIGARETTES,COUNTRY,SEN,AFR,Africa,YEAR,2024,TOBACCO_INDICATOR,TOBACCO_INDICATOR_Adult_nonsmoked_national,,,,,,,National,,,,,2025-07-24T14:32:31Z,2024,2024-01-01,2024-12-31
283131,TOBACCO_MPOWER_M2_SMOKELESSECIGARETTES,COUNTRY,PAN,AMR,Americas,YEAR,2024,TOBACCO_INDICATOR,TOBACCO_INDICATOR_Adult_nonsmoked_age_grp,,,,,,,15+,,,,,2025-07-24T14:32:31Z,2024,2024-01-01,2024-12-31
293396,TOBACCO_MPOWER_M2_SMOKELESSECIGARETTES,COUNTRY,NOR,EUR,Europe,YEAR,2024,TOBACCO_INDICATOR,TOBACCO_INDICATOR_Adult_nonsmoked_svy_title,,,,,,,Statistics Norway Rusundersøkelsen,,,,,2025-07-24T14:32:31Z,2024,2024-01-01,2024-12-31
316604,TOBACCO_MPOWER_M2_SMOKELESSECIGARETTES,COUNTRY,COK,WPR,Western Pacific,YEAR,2024,TOBACCO_INDICATOR,TOBACCO_INDICATOR_Adult_nonsmoked_svy_yr,,,,,,,. . .,,,,,2026-01-30T10:45:51Z,2024,2024-01-01,2024-12-31
320771,TOBACCO_MPOWER_M2_SMOKELESSECIGARETTES,COUNTRY,BTN,SEAR,South-East Asia,YEAR,2024,TOBACCO_INDICATOR,TOBACCO_INDICATOR_Adult_nonsmoked_svy_yr,,,,,,,2023,,,,,2026-01-30T10:45:51Z,2024,2024-01-01,2024-12-31
333636,TOBACCO_MPOWER_M2_SMOKELESSECIGARETTES,COUNTRY,ATG,AMR,Americas,YEAR,2024,TOBACCO_INDICATOR,TOBACCO_INDICATOR_Adult_nonsmoked_svy_yr,,,,,,,. . .,,,,,2026-01-30T10:45:51Z,2024,2024-01-01,2024-12-31
338237,TOBACCO_MPOWER_M2_SMOKELESSECIGARETTES,COUNTRY,CPV,AFR,Africa,YEAR,2024,TOBACCO_INDICATOR,TOBACCO_INDICATOR_Adult_nonsmoked_national,,,,,,,National,,,,,2025-07-24T14:32:31Z,2024,2024-01-01,2024-12-31
342094,TOBACCO_MPOWER_M2_SMOKELESSECIGARETTES,COUNTRY,RWA,AFR,Africa,YEAR,2024,TOBACCO_INDICATOR,TOBACCO_INDICATOR_Adult_nonsmoked_national,,,,,,,National,,,,,2025-07-24T14:32:31Z,2024,2024-01-01,2024-12-31
357546,TOBACCO_MPOWER_M2_SMOKELESSECIGARETTES,COUNTRY,ROU,EUR,Europe,YEAR,2024,TOBACCO_INDICATOR,TOBACCO_INDICATOR_Adult_nonsmoked_age_grp,,,,,,,15+,,,,,2025-07-24T14:32:31Z,2024,2024-01-01,2024-12-31
360216,TOBACCO_MPOWER_M2_SMOKELESSECIGARETTES,COUNTRY,USA,AMR,Americas,YEAR,2024,TOBACCO_INDICATOR,TOBACCO_INDICATOR_Adult_nonsmoked_national,,,,,,,National,,,,,2025-07-24T14:32:31Z,2024,2024-01-01,2024-12-31
360339,TOBACCO_MPOWER_M2_SMOKELESSECIGARETTES,COUNTRY,TUN,EMR,Eastern Mediterranean,YEAR,2024,TOBACCO_INDICATOR,TOBACCO_INDICATOR_Adult_nonsmoked_svy_yr,,,,,,,2023,,,,,2026-01-30T10:45:51Z,2024,2024-01-01,2024-12-31
362470,TOBACCO_MPOWER_M2_SMOKELESSECIGARETTES,COUNTRY,PRT,EUR,Europe,YEAR,2024,TOBACCO_INDICATOR,TOBACCO_INDICATOR_Adult_nonsmoked_age_grp,,,,,,,15+,,,,,2025-07-24T14:32:31Z,2024,2024-01-01,2024-12-31
376699,TOBACCO_MPOWER_M2_SMOKELESSECIGARETTES,COUNTRY,TJK,EUR,Europe,YEAR,2024,TOBACCO_INDICATOR,TOBACCO_INDICATOR_Adult_nonsmoked_svy_yr,,,,,,,2016-17,,,,,2026-01-30T10:45:51Z,2024,2024-01-01,2024-12-31
402020,TOBACCO_MPOWER_M2_SMOKELESSECIGARETTES,COUNTRY,ERI,AFR,Africa,YEAR,2024,TOBACCO_INDICATOR,TOBACCO_INDICATOR_Adult_nonsmoked_age_grp,,,,,,,25-74,,,,,2025-07-24T14:32:31Z,2024,2024-01-01,2024-12-31
408765,TOBACCO_MPOWER_M2_SMOKELESSECIGARETTES,COUNTRY,CMR,AFR,Africa,YEAR,2024,TOBACCO_INDICATOR,TOBACCO_INDICATOR_Adult_nonsmoked_national,,,,,,,National,,,,,2025-07-24T14:32:31Z,2024,2024-01-01,2024-12-31
432587,TOBACCO_MPOWER_M2_SMOKELESSECIGARETTES,COUNTRY,CYP,EUR,Europe,YEAR,2024,TOBACCO_INDICATOR,TOBACCO_INDICATOR_Adult_nonsmoked_age_grp,,,,,,,15+,,,,,2025-07-24T14:32:31Z,2024,2024-01-01,2024-12-31
462559,TOBACCO_MPOWER_M2_SMOKELESSECIGARETTES,COUNTRY,UKR,EUR,Europe,YEAR,2024,TOBACCO_INDICATOR,TOBACCO_INDICATOR_Adult_nonsmoked_svy_yr,,,,,,,2024,,,,,2026-01-30T10:45:51Z,2024,2024-01-01,2024-12-31
467196,TOBACCO_MPOWER_M2_SMOKELESSECIGARETTES,COUNTRY,CRI,AMR,Americas,YEAR,2024,TOBACCO_INDICATOR,TOBACCO_INDICATOR_Adult_nonsmoked_national,,,,,,,National,,,,,2025-07-24T14:32:31Z,2024,2024-01-01,2024-12-31
476141,TOBACCO_MPOWER_M2_SMOKELESSECIGARETTES,COUNTRY,JAM,AMR,Americas,YEAR,2024,TOBACCO_INDICATOR,TOBACCO_INDICATOR_Adult_nonsmoked_age_grp,,,,,,,. . .,,,,,2025-07-24T14:32:31Z,2024,2024-01-01,2024-12-31
492549,TOBACCO_MPOWER_M2_SMOKELESSECIGARETTES,COUNTRY,ARE,EMR,Eastern Mediterranean,YEAR,2024,TOBACCO_INDICATOR,TOBACCO_INDICATOR_Adult_nonsmoked_national,,,,,,,National,,,,,2025-07-24T14:32:31Z,2024,2024-01-01,2024-12-31
495119,TOBACCO_MPOWER_M2_SMOKELESSECIGARETTES,COUNTRY,SYC,AFR,Africa,YEAR,2024,TOBACCO_INDICATOR,TOBACCO_INDICATOR_Adult_nonsmoked_svy_title,,,,,,,The Seychelles Heart Study V,,,,,2025-07-24T14:32:31Z,2024,2024-01-01,2024-12-31
501667,TOBACCO_MPOWER_M2_SMOKELESSECIGARETTES,COUNTRY,TLS,SEAR,South-East Asia,YEAR,2024,TOBACCO_INDICATOR,TOBACCO_INDICATOR_Adult_nonsmoked_national,,,,,,,National,,,,,2025-07-24T14:32:31Z,2024,2024-01-01,2024-12-31
525704,TOBACCO_MPOWER_M2_SMOKELESSECIGARETTES,COUNTRY,ARM,EUR,Europe,YEAR,2024,TOBACCO_INDICATOR,TOBACCO_INDICATOR_Adult_nonsmoked_age_grp,,,,,,,18-69,,,,,2025-07-24T14:32:31Z,2024,2024-01-01,2024-12-31
558891,TOBACCO_MPOWER_M2_SMOKELESSECIGARETTES,COUNTRY,TUR,EUR,Europe,YEAR,2024,TOBACCO_INDICATOR,TOBACCO_INDICATOR_Adult_nonsmoked_svy_title,,,,,,,Health Interview Survey,,,,,2025-07-24T14:32:31Z,2024,2024-01-01,2024-12-31
579423,TOBACCO_MPOWER_M2_SMOKELESSECIGARETTES,COUNTRY,UGA,AFR,Africa,YEAR,2024,TOBACCO_INDICATOR,TOBACCO_INDICATOR_Adult_nonsmoked_age_grp,,,,,,,15+,,,,,2025-07-24T14:32:31Z,2024,2024-01-01,2024-12-31
581726,TOBACCO_MPOWER_M2_SMOKELESSECIGARETTES,COUNTRY,MRT,AFR,Africa,YEAR,2024,TOBACCO_INDICATOR,TOBACCO_INDICATOR_Adult_nonsmoked_svy_title,,,,,,,Global Adult Tobacco Survey (GATS),,,,,2025-07-24T14:32:31Z,2024,2024-01-01,2024-12-31
585943,TOBACCO_MPOWER_M2_SMOKELESSECIGARETTES,COUNTRY,PRY,AMR,Americas,YEAR,2024,TOBACCO_INDICATOR,TOBACCO_INDICATOR_Adult_nonsmoked_svy_yr,,,,,,,2022,,,,,2026-01-30T10:45:51Z,2024,2024-01-01,2024-12-31
601370,TOBACCO_MPOWER_M2_SMOKELESSECIGARETTES,COUNTRY,NRU,WPR,Western Pacific,YEAR,2024,TOBACCO_INDICATOR,TOBACCO_INDICATOR_Adult_nonsmoked_svy_yr,,,,,,,2023,,,,,2026-01-30T10:45:51Z,2024,2024-01-01,2024-12-31
603466,TOBACCO_MPOWER_M2_SMOKELESSECIGARETTES,COUNTRY,SVK,EUR,Europe,YEAR,2024,TOBACCO_INDICATOR,TOBACCO_INDICATOR_Adult_nonsmoked_svy_title,,,,,,,Eurobarometer - Attitudes of Europeans towards tobacco and electronic cigarettes,,,,,2025-07-24T14:32:31Z,2024,2024-01-01,2024-12-31
606029,TOBACCO_MPOWER_M2_SMOKELESSECIGARETTES,COUNTRY,SVK,EUR,Europe,YEAR,2024,TOBACCO_INDICATOR,TOBACCO_INDICATOR_Adult_nonsmoked_age_grp,,,,,,,15+,,,,,2025-07-24T14:32:31Z,2024,2024-01-01,2024-12-31
621191,TOBACCO_MPOWER_M2_SMOKELESSECIGARETTES,COUNTRY,SAU,EMR,Eastern Mediterranean,YEAR,2024,TOBACCO_INDICATOR,TOBACCO_INDICATOR_Adult_nonsmoked_national,,,,,,,National,,,,,2025-07-24T14:32:31Z,2024,2024-01-01,2024-12-31
635628,TOBACCO_MPOWER_M2_SMOKELESSECIGARETTES,COUNTRY,CRI,AMR,Americas,YEAR,2024,TOBACCO_INDICATOR,TOBACCO_INDICATOR_Adult_nonsmoked_age_grp,,,,,,,15+,,,,,2025-07-24T14:32:31Z,2024,2024-01-01,2024-12-31
650048,TOBACCO_MPOWER_M2_SMOKELESSECIGARETTES,COUNTRY,NPL,SEAR,South-East Asia,YEAR,2024,TOBACCO_INDICATOR,TOBACCO_INDICATOR_Adult_nonsmoked_svy_yr,,,,,,,2022,,,,,2026-01-30T10:45:51Z,2024,2024-01-01,2024-12-31
653480,TOBACCO_MPOWER_M2_SMOKELESSECIGARETTES,COUNTRY,MDV,SEAR,South-East Asia,YEAR,2024,TOBACCO_INDICATOR,TOBACCO_INDICATOR_Adult_nonsmoked_svy_title,,,,,,,STEPS Survey,,,,,2025-07-24T14:32:31Z,2024,2024-01-01,2024-12-31
656401,TOBACCO_MPOWER_M2_SMOKELESSECIGARETTES,COUNTRY,PRY,AMR,Americas,YEAR,2024,TOBACCO_INDICATOR,TOBACCO_INDICATOR_Adult_nonsmoked_age_grp,,,,,,,18-69,,,,,2025-07-24T14:32:31Z,2024,2024-01-01,2024-12-31
662123,TOBACCO_MPOWER_M2_SMOKELESSECIGARETTES,COUNTRY,TGO,AFR,Africa,YEAR,2024,TOBACCO_INDICATOR,TOBACCO_INDICATOR_Adult_nonsmoked_svy_yr,,,,,,,2021,,,,,2026-01-30T10:45:51Z,2024,2024-01-01,2024-12-31
673127,TOBACCO_MPOWER_M2_SMOKELESSECIGARETTES,COUNTRY,TCD,AFR,Africa,YEAR,2024,TOBACCO_INDICATOR,TOBACCO_INDICATOR_Adult_nonsmoked_svy_title,,,,,,,. . .,,,,,2025-07-24T14:32:31Z,2024,2024-01-01,2024-12-31
673562,TOBACCO_MPOWER_M2_SMOKELESSECIGARETTES,COUNTRY,COM,AFR,Africa,YEAR,2024,TOBACCO_INDICATOR,TOBACCO_INDICATOR_Adult_nonsmoked_age_grp,,,,,,,25-64,,,,,2025-07-24T14:32:31Z,2024,2024-01-01,2024-12-31
687739,TOBACCO_MPOWER_M2_SMOKELESSECIGARETTES,COUNTRY,ITA,EUR,Europe,YEAR,2024,TOBACCO_INDICATOR,TOBACCO_INDICATOR_Adult_nonsmoked_svy_title,,,,,,,Indagine ISS-DOXA,,,,,2025-07-24T14:32:31Z,2024,2024-01-01,2024-12-31
689085,TOBACCO_MPOWER_M2_SMOKELESSECIGARETTES,COUNTRY,SSD,AFR,Africa,YEAR,2024,TOBACCO_INDICATOR,TOBACCO_INDICATOR_Adult_nonsmoked_national,,,,,,,. . .,,,,,2025-07-24T14:32:31Z,2024,2024-01-01,2024-12-31
697699,TOBACCO_MPOWER_M2_SMOKELESSECIGARETTES,COUNTRY,BLR,EUR,Europe,YEAR,2024,TOBACCO_INDICATOR,TOBACCO_INDICATOR_Adult_nonsmoked_age_grp,,,,,,,18-69,,,,,2025-07-24T14:32:31Z,2024,2024-01-01,2024-12-31
702491,TOBACCO_MPOWER_M2_SMOKELESSECIGARETTES,COUNTRY,AUS,WPR,Western Pacific,YEAR,2024,TOBACCO_INDICATOR,TOBACCO_INDICATOR_Adult_nonsmoked_age_grp,,,,,,,14+,,,,,2025-07-24T14:32:31Z,2024,2024-01-01,2024-12-31
723189,TOBACCO_MPOWER_M2_SMOKELESSECIGARETTES,COUNTRY,GIN,AFR,Africa,YEAR,2024,TOBACCO_INDICATOR,TOBACCO_INDICATOR_Adult_nonsmoked_national,,,,,,,. . .,,,,,2025-07-24T14:32:31Z,2024,2024-01-01,2024-12-31
763196,TOBACCO_MPOWER_M2_SMOKELESSECIGARETTES,COUNTRY,TLS,SEAR,South-East Asia,YEAR,2024,TOBACCO_INDICATOR,TOBACCO_INDICATOR_Adult_nonsmoked_svy_title,,,,,,,National Survey on NCDs and NCD risk factors among adults,,,,,2025-07-24T14:32:31Z,2024,2024-01-01,2024-12-31
778993,TOBACCO_MPOWER_M2_SMOKELESSECIGARETTES,COUNTRY,ECU,AMR,Americas,YEAR,2024,TOBACCO_INDICATOR,TOBACCO_INDICATOR_Adult_nonsmoked_svy_yr,,,,,,,2018,,,,,2026-01-30T10:45:51Z,2024,2024-01-01,2024-12-31
787642,TOBACCO_MPOWER_M2_SMOKELESSECIGARETTES,COUNTRY,BLZ,AMR,Americas,YEAR,2024,TOBACCO_INDICATOR,TOBACCO_INDICATOR_Adult_nonsmoked_age_grp,,,,,,,. . .,,,,,2025-07-24T14:32:31Z,2024,2024-01-01,2024-12-31
796720,TOBACCO_MPOWER_M2_SMOKELESSECIGARETTES,COUNTRY,LKA,SEAR,South-East Asia,YEAR,2024,TOBACCO_INDICATOR,TOBACCO_INDICATOR_Adult_nonsmoked_svy_yr,,,,,,,2021,,,,,2026-01-30T10:45:51Z,2024,2024-01-01,2024-12-31
809205,TOBACCO_MPOWER_M2_SMOKELESSECIGARETTES,COUNTRY,SWZ,AFR,Africa,YEAR,2024,TOBACCO_INDICATOR,TOBACCO_INDICATOR_Adult_nonsmoked_svy_title,,,,,,,Swaziland STEPS NCD Risk Factor Survey,,,,,2025-07-24T14:32:31Z,2024,2024-01-01,2024-12-31
830040,TOBACCO_MPOWER_M2_SMOKELESSECIGARETTES,COUNTRY,ITA,EUR,Europe,YEAR,2024,TOBACCO_INDICATOR,TOBACCO_INDICATOR_Adult_nonsmoked_svy_yr,,,,,,,2024,,,,,2026-01-30T10:45:51Z,2024,2024-01-01,2024-12-31
836120,TOBACCO_MPOWER_M2_SMOKELESSECIGARETTES,COUNTRY,LBN,EMR,Eastern Mediterranean,YEAR,2024,TOBACCO_INDICATOR,TOBACCO_INDICATOR_Adult_nonsmoked_svy_yr,,,,,,,2023,,,,,2026-01-30T10:45:51Z,2024,2024-01-01,2024-12-31
844048,TOBACCO_MPOWER_M2_SMOKELESSECIGARETTES,COUNTRY,BEN,AFR,Africa,YEAR,2024,TOBACCO_INDICATOR,TOBACCO_INDICATOR_Adult_nonsmoked_svy_yr,,,,,,,2017-18,,,,,2026-01-30T10:45:51Z,2024,2024-01-01,2024-12-31
865748,TOBACCO_MPOWER_M2_SMOKELESSECIGARETTES,COUNTRY,KOR,WPR,Western Pacific,YEAR,2024,TOBACCO_INDICATOR,TOBACCO_INDICATOR_Adult_nonsmoked_national,,,,,,,National,,,,,2025-07-24T14:32:31Z,2024,2024-01-01,2024-12-31
867559,TOBACCO_MPOWER_M2_SMOKELESSECIGARETTES,COUNTRY,TTO,AMR,Americas,YEAR,2024,TOBACCO_INDICATOR,TOBACCO_INDICATOR_Adult_nonsmoked_national,,,,,,,National,,,,,2025-07-24T14:32:31Z,2024,2024-01-01,2024-12-31
894622,TOBACCO_MPOWER_M2_SMOKELESSECIGARETTES,COUNTRY,AUT,EUR,Europe,YEAR,2024,TOBACCO_INDICATOR,TOBACCO_INDICATOR_Adult_nonsmoked_svy_yr,,,,,,,2022,,,,,2026-01-30T10:45:51Z,2024,2024-01-01,2024-12-31
899783,TOBACCO_MPOWER_M2_SMOKELESSECIGARETTES,COUNTRY,DOM,AMR,Americas,YEAR,2024,TOBACCO_INDICATOR,TOBACCO_INDICATOR_Adult_nonsmoked_national,,,,,,,National,,,,,2025-07-24T14:32:31Z,2024,2024-01-01,2024-12-31
902582,TOBACCO_MPOWER_M2_SMOKELESSECIGARETTES,COUNTRY,GNQ,AFR,Africa,YEAR,2024,TOBACCO_INDICATOR,TOBACCO_INDICATOR_Adult_nonsmoked_age_grp,,,,,,,. . .,,,,,2025-07-24T14:32:31Z,2024,2024-01-01,2024-12-31
949739,TOBACCO_MPOWER_M2_SMOKELESSECIGARETTES,COUNTRY,CHL,AMR,Americas,YEAR,2024,TOBACCO_INDICATOR,TOBACCO_INDICATOR_Adult_nonsmoked_national,,,,,,,National,,,,,2025-07-24T14:32:31Z,2024,2024-01-01,2024-12-31
968386,TOBACCO_MPOWER_M2_SMOKELESSECIGARETTES,COUNTRY,NPL,SEAR,South-East Asia,YEAR,2024,TOBACCO_INDICATOR,TOBACCO_INDICATOR_Adult_nonsmoked_national,,,,,,,National,,,,,2025-07-24T14:32:31Z,2024,2024-01-01,2024-12-31
978465,TOBACCO_MPOWER_M2_SMOKELESSECIGARETTES,COUNTRY,SRB,EUR,Europe,YEAR,2024,TOBACCO_INDICATOR,TOBACCO_INDICATOR_Adult_nonsmoked_age_grp,,,,,,,18-64,,,,,2025-07-24T14:32:31Z,2024,2024-01-01,2024-12-31
988950,TOBACCO_MPOWER_M2_SMOKELESSECIGARETTES,COUNTRY,MNE,EUR,Europe,YEAR,2024,TOBACCO_INDICATOR,TOBACCO_INDICATOR_Adult_nonsmoked_age_grp,,,,,,,. . .,,,,,2025-07-24T14:32:31Z,2024,2024-01-01,2024-12-31
995137,TOBACCO_MPOWER_M2_SMOKELESSECIGARETTES,COUNTRY,TUN,EMR,Eastern Mediterranean,YEAR,2024,TOBACCO_INDICATOR,TOBACCO_INDICATOR_Adult_nonsmoked_svy_title,,,,,,,Multiple Indicator Cluster Survey (MICS),,,,,2025-07-24T14:32:31Z,2024,2024-01-01,2024-12-31
997849,TOBACCO_MPOWER_M2_SMOKELESSECIGARETTES,COUNTRY,SLE,AFR,Africa,YEAR,2024,TOBACCO_INDICATOR,TOBACCO_INDICATOR_Adult_nonsmoked_age_grp,,,,,,,15-49,,,,,2025-07-24T14:32:31Z,2024,2024-01-01,2024-12-31
1002919,TOBACCO_MPOWER_M2_SMOKELESSECIGARETTES,COUNTRY,FIN,EUR,Europe,YEAR,2024,TOBACCO_INDICATOR,TOBACCO_INDICATOR_Adult_nonsmoked_svy_yr,,,,,,,2022,,,,,2026-01-30T10:45:51Z,2024,2024-01-01,2024-12-31
1003499,TOBACCO_MPOWER_M2_SMOKELESSECIGARETTES,COUNTRY,GAB,AFR,Africa,YEAR,2024,TOBACCO_INDICATOR,TOBACCO_INDICATOR_Adult_nonsmoked_age_grp,,,,,,,15-59 (men) 15-49 (women),,,,,2025-07-24T14:32:31Z,2024,2024-01-01,2024-12-31
1003813,TOBACCO_MPOWER_M2_SMOKELESSECIGARETTES,COUNTRY,DZA,AFR,Africa,YEAR,2024,TOBACCO_INDICATOR,TOBACCO_INDICATOR_Adult_nonsmoked_national,,,,,,,National,,,,,2025-07-24T14:32:31Z,2024,2024-01-01,2024-12-31
1015703,TOBACCO_MPOWER_M2_SMOKELESSECIGARETTES,COUNTRY,KNA,AMR,Americas,YEAR,2024,TOBACCO_INDICATOR,TOBACCO_INDICATOR_Adult_nonsmoked_svy_yr,,,,,,,2007-08,,,,,2026-01-30T10:45:51Z,2024,2024-01-01,2024-12-31
1018047,TOBACCO_MPOWER_M2_SMOKELESSECIGARETTES,COUNTRY,SYC,AFR,Africa,YEAR,2024,TOBACCO_INDICATOR,TOBACCO_INDICATOR_Adult_nonsmoked_national,,,,,,,National,,,,,2025-07-24T14:32:31Z,2024,2024-01-01,2024-12-31
1020145,TOBACCO_MPOWER_M2_SMOKELESSECIGARETTES,COUNTRY,RWA,AFR,Africa,YEAR,2024,TOBACCO_INDICATOR,TOBACCO_INDICATOR_Adult_nonsmoked_svy_title,,,,,,,Rwanda STEPS,,,,,2025-07-24T14:32:31Z,2024,2024-01-01,2024-12-31
1054610,TOBACCO_MPOWER_M2_SMOKELESSECIGARETTES,COUNTRY,MUS,AFR,Africa,YEAR,2024,TOBACCO_INDICATOR,TOBACCO_INDICATOR_Adult_nonsmoked_svy_yr,,,,,,,. . .,,,,,2026-01-30T10:45:51Z,2024,2024-01-01,2024-12-31
1062107,TOBACCO_MPOWER_M2_SMOKELESSECIGARETTES,COUNTRY,SUR,AMR,Americas,YEAR,2024,TOBACCO_INDICATOR,TOBACCO_INDICATOR_Adult_nonsmoked_age_grp,,,,,,,. . .,,,,,2025-07-24T14:32:31Z,2024,2024-01-01,2024-12-31
1086588,TOBACCO_MPOWER_M2_SMOKELESSECIGARETTES,COUNTRY,BGR,EUR,Europe,YEAR,2024,TOBACCO_INDICATOR,TOBACCO_INDICATOR_Adult_nonsmoked_svy_yr,,,,,,,2020,,,,,2026-01-30T10:45:51Z,2024,2024-01-01,2024-12-31
1087804,TOBACCO_MPOWER_M2_SMOKELESSECIGARETTES,COUNTRY,PHL,WPR,Western Pacific,YEAR,2024,TOBACCO_INDICATOR,TOBACCO_INDICATOR_Adult_nonsmoked_age_grp,,,,,,,15+,,,,,2025-07-24T14:32:31Z,2024,2024-01-01,2024-12-31
1114526,TOBACCO_MPOWER_M2_SMOKELESSECIGARETTES,COUNTRY,IRQ,EMR,Eastern Mediterranean,YEAR,2024,TOBACCO_INDICATOR,TOBACCO_INDICATOR_Adult_nonsmoked_national,,,,,,,National,,,,,2025-07-24T14:32:31Z,2024,2024-01-01,2024-12-31
1117830,TOBACCO_MPOWER_M2_SMOKELESSECIGARETTES,COUNTRY,AUT,EUR,Europe,YEAR,2024,TOBACCO_INDICATOR,TOBACCO_INDICATOR_Adult_nonsmoked_svy_title,,,,,,,Österreichische Repräsentativerhebung zu Konsum‐ und Verhaltensweisen mit Suchtpotenzial,,,,,2025-07-24T14:32:31Z,2024,2024-01-01,2024-12-31
1127061,TOBACCO_MPOWER_M2_SMOKELESSECIGARETTES,COUNTRY,KIR,WPR,Western Pacific,YEAR,2024,TOBACCO_INDICATOR,TOBACCO_INDICATOR_Adult_nonsmoked_national,,,,,,,National,,,,,2025-07-24T14:32:31Z,2024,2024-01-01,2024-12-31
1141838,TOBACCO_MPOWER_M2_SMOKELESSECIGARETTES,COUNTRY,VCT,AMR,Americas,YEAR,2024,TOBACCO_INDICATOR,TOBACCO_INDICATOR_Adult_nonsmoked_svy_yr,,,,,,,2013-14,,,,,2026-01-30T10:45:51Z,2024,2024-01-01,2024-12-31
1149954,TOBACCO_MPOWER_M2_SMOKELESSECIGARETTES,COUNTRY,MMR,SEAR,South-East Asia,YEAR,2024,TOBACCO_INDICATOR,TOBACCO_INDICATOR_Adult_nonsmoked_svy_title,,,,,,,Demographic and Health Survey,,,,,2025-07-24T14:32:31Z,2024,2024-01-01,2024-12-31
1156199,TOBACCO_MPOWER_M2_SMOKELESSECIGARETTES,COUNTRY,AFG,EMR,Eastern Mediterranean,YEAR,2024,TOBACCO_INDICATOR,TOBACCO_INDICATOR_Adult_nonsmoked_age_grp,,,,,,,18-69,,,,,2025-07-24T14:32:31Z,2024,2024-01-01,2024-12-31
1158197,TOBACCO_MPOWER_M2_SMOKELESSECIGARETTES,COUNTRY,LAO,WPR,Western Pacific,YEAR,2024,TOBACCO_INDICATOR,TOBACCO_INDICATOR_Adult_nonsmoked_age_grp,,,,,,,15+,,,,,2025-07-24T14:32:31Z,2024,2024-01-01,2024-12-31
1171773,TOBACCO_MPOWER_M2_SMOKELESSECIGARETTES,COUNTRY,RUS,EUR,Europe,YEAR,2024,TOBACCO_INDICATOR,TOBACCO_INDICATOR_Adult_nonsmoked_svy_yr,,,,,,,2024,,,,,2026-01-30T10:45:51Z,2024,2024-01-01,2024-12-31
1178307,TOBACCO_MPOWER_M2_SMOKELESSECIGARETTES,COUNTRY,ISL,EUR,Europe,YEAR,2024,TOBACCO_INDICATOR,TOBACCO_INDICATOR_Adult_nonsmoked_age_grp,,,,,,,18+,,,,,2025-07-24T14:32:31Z,2024,2024-01-01,2024-12-31
1187298,TOBACCO_MPOWER_M2_SMOKELESSECIGARETTES,COUNTRY,SLE,AFR,Africa,YEAR,2024,TOBACCO_INDICATOR,TOBACCO_INDICATOR_Adult_nonsmoked_svy_title,,,,,,,Demographic and Health Survey,,,,,2025-07-24T14:32:31Z,2024,2024-01-01,2024-12-31
1190431,TOBACCO_MPOWER_M2_SMOKELESSECIGARETTES,COUNTRY,COL,AMR,Americas,YEAR,2024,TOBACCO_INDICATOR,TOBACCO_INDICATOR_Adult_nonsmoked_national,,,,,,,National,,,,,2025-07-24T14:32:31Z,2024,2024-01-01,2024-12-31
1208191,TOBACCO_MPOWER_M2_SMOKELESSECIGARETTES,COUNTRY,COG,AFR,Africa,YEAR,2024,TOBACCO_INDICATOR,TOBACCO_INDICATOR_Adult_nonsmoked_svy_title,,,,,,,. . .,,,,,2025-07-24T14:32:31Z,2024,2024-01-01,2024-12-31
1244746,TOBACCO_MPOWER_M2_SMOKELESSECIGARETTES,COUNTRY,SVN,EUR,Europe,YEAR,2024,TOBACCO_INDICATOR,TOBACCO_INDICATOR_Adult_nonsmoked_svy_yr,,,,,,,2022,,,,,2026-01-30T10:45:51Z,2024,2024-01-01,2024-12-31
1278423,TOBACCO_MPOWER_M2_SMOKELESSECIGARETTES,COUNTRY,BLR,EUR,Europe,YEAR,2024,TOBACCO_INDICATOR,TOBACCO_INDICATOR_Adult_nonsmoked_svy_title,,,,,,,STEPS Survey,,,,,2025-07-24T14:32:31Z,2024,2024-01-01,2024-12-31
1286068,TOBACCO_MPOWER_M2_SMOKELESSECIGARETTES,COUNTRY,NLD,EUR,Europe,YEAR,2024,TOBACCO_INDICATOR,TOBACCO_INDICATOR_Adult_nonsmoked_svy_title,,,,,,,"Health Survey/Lifestyle Monitor, Statistics Netherlands (CBS) in collaboration with National Institute for Public Health and the Environment (RIVM) and Trimbos-institute",,,,,2025-07-24T14:32:31Z,2024,2024-01-01,2024-12-31
1306061,TOBACCO_MPOWER_M2_SMOKELESSECIGARETTES,COUNTRY,ARG,AMR,Americas,YEAR,2024,TOBACCO_INDICATOR,TOBACCO_INDICATOR_Adult_nonsmoked_national,,,,,,,National,,,,,2025-07-24T14:32:31Z,2024,2024-01-01,2024-12-31
1314405,TOBACCO_MPOWER_M2_SMOKELESSECIGARETTES,COUNTRY,MCO,EUR,Europe,YEAR,2024,TOBACCO_INDICATOR,TOBACCO_INDICATOR_Adult_nonsmoked_age_grp,,,,,,,. . .,,,,,2025-07-24T14:32:31Z,2024,2024-01-01,2024-12-31
1338794,TOBACCO_MPOWER_M2_SMOKELESSECIGARETTES,COUNTRY,IRQ,EMR,Eastern Mediterranean,YEAR,2024,TOBACCO_INDICATOR,TOBACCO_INDICATOR_Adult_nonsmoked_age_grp,,,,,,,18+,,,,,2025-07-24T14:32:31Z,2024,2024-01-01,2024-12-31
1352421,TOBACCO_MPOWER_M2_SMOKELESSECIGARETTES,COUNTRY,AFG,EMR,Eastern Mediterranean,YEAR,2024,TOBACCO_INDICATOR,TOBACCO_INDICATOR_Adult_nonsmoked_national,,,,,,,National,,,,,2025-07-24T14:32:31Z,2024,2024-01-01,2024-12-31
1354902,TOBACCO_MPOWER_M2_SMOKELESSECIGARETTES,COUNTRY,CAN,AMR,Americas,YEAR,2024,TOBACCO_INDICATOR,TOBACCO_INDICATOR_Adult_nonsmoked_national,,,,,,,National,,,,,2025-07-24T14:32:31Z,2024,2024-01-01,2024-12-31
1360006,TOBACCO_MPOWER_M2_SMOKELESSECIGARETTES,COUNTRY,MDV,SEAR,South-East Asia,YEAR,2024,TOBACCO_INDICATOR,TOBACCO_INDICATOR_Adult_nonsmoked_svy_yr,,,,,,,2020-21,,,,,2026-01-30T10:45:51Z,2024,2024-01-01,2024-12-31
1360470,TOBACCO_MPOWER_M2_SMOKELESSECIGARETTES,COUNTRY,CPV,AFR,Africa,YEAR,2024,TOBACCO_INDICATOR,TOBACCO_INDICATOR_Adult_nonsmoked_svy_yr,,,,,,,2007,,,,,2026-01-30T10:45:51Z,2024,2024-01-01,2024-12-31
1362653,TOBACCO_MPOWER_M2_SMOKELESSECIGARETTES,COUNTRY,MDV,SEAR,South-East Asia,YEAR,2024,TOBACCO_INDICATOR,TOBACCO_INDICATOR_Adult_nonsmoked_age_grp,,,,,,,15-69,,,,,2025-07-24T14:32:31Z,2024,2024-01-01,2024-12-31
1375007,TOBACCO_MPOWER_M2_SMOKELESSECIGARETTES,COUNTRY,THA,SEAR,South-East Asia,YEAR,2024,TOBACCO_INDICATOR,TOBACCO_INDICATOR_Adult_nonsmoked_national,,,,,,,National,,,,,2025-07-24T14:32:31Z,2024,2024-01-01,2024-12-31
1388828,TOBACCO_MPOWER_M2_SMOKELESSECIGARETTES,COUNTRY,PAK,EMR,Eastern Mediterranean,YEAR,2024,TOBACCO_INDICATOR,TOBACCO_INDICATOR_Adult_nonsmoked_svy_yr,,,,,,,2017-18,,,,,2026-01-30T10:45:51Z,2024,2024-01-01,2024-12-31
1400807,TOBACCO_MPOWER_M2_SMOKELESSECIGARETTES,COUNTRY,THA,SEAR,South-East Asia,YEAR,2024,TOBACCO_INDICATOR,TOBACCO_INDICATOR_Adult_nonsmoked_svy_yr,,,,,,,2021,,,,,2026-01-30T10:45:51Z,2024,2024-01-01,2024-12-31
1415426,TOBACCO_MPOWER_M2_SMOKELESSECIGARETTES,COUNTRY,HTI,AMR,Americas,YEAR,2024,TOBACCO_INDICATOR,TOBACCO_INDICATOR_Adult_nonsmoked_svy_yr,,,,,,,2016-17,,,,,2026-01-30T10:45:51Z,2024,2024-01-01,2024-12-31
1416101,TOBACCO_MPOWER_M2_SMOKELESSECIGARETTES,COUNTRY,KNA,AMR,Americas,YEAR,2024,TOBACCO_INDICATOR,TOBACCO_INDICATOR_Adult_nonsmoked_svy_title,,,,,,,STEPS Survey,,,,,2025-07-24T14:32:31Z,2024,2024-01-01,2024-12-31
1424469,TOBACCO_MPOWER_M2_SMOKELESSECIGARETTES,COUNTRY,MHL,WPR,Western Pacific,YEAR,2024,TOBACCO_INDICATOR,TOBACCO_INDICATOR_Adult_nonsmoked_svy_yr,,,,,,,2023,,,,,2026-01-30T10:45:51Z,2024,2024-01-01,2024-12-31
1447288,TOBACCO_MPOWER_M2_SMOKELESSECIGARETTES,COUNTRY,SLV,AMR,Americas,YEAR,2024,TOBACCO_INDICATOR,TOBACCO_INDICATOR_Adult_nonsmoked_age_grp,,,,,,,18+,,,,,2025-07-24T14:32:31Z,2024,2024-01-01,2024-12-31
1474930,TOBACCO_MPOWER_M2_SMOKELESSECIGARETTES,COUNTRY,CMR,AFR,Africa,YEAR,2024,TOBACCO_INDICATOR,TOBACCO_INDICATOR_Adult_nonsmoked_svy_title,,,,,,,Demographic and Health Survey,,,,,2025-07-24T14:32:31Z,2024,2024-01-01,2024-12-31
1490142,TOBACCO_MPOWER_M2_SMOKELESSECIGARETTES,COUNTRY,STP,AFR,Africa,YEAR,2024,TOBACCO_INDICATOR,TOBACCO_INDICATOR_Adult_nonsmoked_age_grp,,,,,,,15-69,,,,,2025-07-24T14:32:31Z,2024,2024-01-01,2024-12-31
1505469,TOBACCO_MPOWER_M2_SMOKELESSECIGARETTES,COUNTRY,KGZ,EUR,Europe,YEAR,2024,TOBACCO_INDICATOR,TOBACCO_INDICATOR_Adult_nonsmoked_age_grp,,,,,,,18-69,,,,,2025-07-24T14:32:31Z,2024,2024-01-01,2024-12-31
1515171,TOBACCO_MPOWER_M2_SMOKELESSECIGARETTES,COUNTRY,NZL,WPR,Western Pacific,YEAR,2024,TOBACCO_INDICATOR,TOBACCO_INDICATOR_Adult_nonsmoked_svy_yr,,,,,,,2023-24,,,,,2026-01-30T10:45:51Z,2024,2024-01-01,2024-12-31
1542110,TOBACCO_MPOWER_M2_SMOKELESSECIGARETTES,COUNTRY,COL,AMR,Americas,YEAR,2024,TOBACCO_INDICATOR,TOBACCO_INDICATOR_Adult_nonsmoked_age_grp,,,,,,,12-65,24077,,,,2026-01-27T14:35:19Z,2024,2024-01-01,2024-12-31
1562520,TOBACCO_MPOWER_M2_SMOKELESSECIGARETTES,COUNTRY,FSM,WPR,Western Pacific,YEAR,2024,TOBACCO_INDICATOR,TOBACCO_INDICATOR_Adult_nonsmoked_national,,,,,,,. . .,,,,,2025-07-24T14:32:31Z,2024,2024-01-01,2024-12-31
1564197,TOBACCO_MPOWER_M2_SMOKELESSECIGARETTES,COUNTRY,HRV,EUR,Europe,YEAR,2024,TOBACCO_INDICATOR,TOBACCO_INDICATOR_Adult_nonsmoked_svy_title,,,,,,,Stanju u području ovisnosti u općoj populaciji Republike Hrvatske,,,,,2025-07-24T14:32:31Z,2024,2024-01-01,2024-12-31
1564883,TOBACCO_MPOWER_M2_SMOKELESSECIGARETTES,COUNTRY,PLW,WPR,Western Pacific,YEAR,2024,TOBACCO_INDICATOR,TOBACCO_INDICATOR_Adult_nonsmoked_national,,,,,,,National,,,,,2025-07-24T14:32:31Z,2024,2024-01-01,2024-12-31
1573545,TOBACCO_MPOWER_M2_SMOKELESSECIGARETTES,COUNTRY,NIU,WPR,Western Pacific,YEAR,2024,TOBACCO_INDICATOR,TOBACCO_INDICATOR_Adult_nonsmoked_age_grp,,,,,,,15+,,,,,2025-07-24T14:32:31Z,2024,2024-01-01,2024-12-31
1577797,TOBACCO_MPOWER_M2_SMOKELESSECIGARETTES,COUNTRY,GBR,EUR,Europe,YEAR,2024,TOBACCO_INDICATOR,TOBACCO_INDICATOR_Adult_nonsmoked_svy_yr,,,,,,,2023,,,,,2026-01-30T10:45:51Z,2024,2024-01-01,2024-12-31
1584014,TOBACCO_MPOWER_M2_SMOKELESSECIGARETTES,COUNTRY,GUY,AMR,Americas,YEAR,2024,TOBACCO_INDICATOR,TOBACCO_INDICATOR_Adult_nonsmoked_svy_title,,,,,,,. . .,,,,,2025-07-24T14:32:31Z,2024,2024-01-01,2024-12-31
1601107,TOBACCO_MPOWER_M2_SMOKELESSECIGARETTES,COUNTRY,KAZ,EUR,Europe,YEAR,2024,TOBACCO_INDICATOR,TOBACCO_INDICATOR_Adult_nonsmoked_svy_yr,,,,,,,2019,,,,,2026-01-30T10:45:51Z,2024,2024-01-01,2024-12-31
1605914,TOBACCO_MPOWER_M2_SMOKELESSECIGARETTES,COUNTRY,THA,SEAR,South-East Asia,YEAR,2024,TOBACCO_INDICATOR,TOBACCO_INDICATOR_Adult_nonsmoked_svy_title,,,,,,,Health Behaviour of the Population Survey,,,,,2025-07-24T14:32:31Z,2024,2024-01-01,2024-12-31
1617650,TOBACCO_MPOWER_M2_SMOKELESSECIGARETTES,COUNTRY,GEO,EUR,Europe,YEAR,2024,TOBACCO_INDICATOR,TOBACCO_INDICATOR_Adult_nonsmoked_svy_yr,,,,,,,2019,,,,,2026-01-30T10:45:51Z,2024,2024-01-01,2024-12-31
1638357,TOBACCO_MPOWER_M2_SMOKELESSECIGARETTES,COUNTRY,BEN,AFR,Africa,YEAR,2024,TOBACCO_INDICATOR,TOBACCO_INDICATOR_Adult_nonsmoked_national,,,,,,,National,,,,,2025-07-24T14:32:31Z,2024,2024-01-01,2024-12-31
1643890,TOBACCO_MPOWER_M2_SMOKELESSECIGARETTES,COUNTRY,KOR,WPR,Western Pacific,YEAR,2024,TOBACCO_INDICATOR,TOBACCO_INDICATOR_Adult_nonsmoked_svy_title,,,,,,,Korea National Health and Nutrition Examination Survey (KNHANES),,,,,2025-07-24T14:32:31Z,2024,2024-01-01,2024-12-31
1661381,TOBACCO_MPOWER_M2_SMOKELESSECIGARETTES,COUNTRY,HUN,EUR,Europe,YEAR,2024,TOBACCO_INDICATOR,TOBACCO_INDICATOR_Adult_nonsmoked_age_grp,,,,,,,15+,,,,,2025-07-24T14:32:31Z,2024,2024-01-01,2024-12-31
1674331,TOBACCO_MPOWER_M2_SMOKELESSECIGARETTES,COUNTRY,LTU,EUR,Europe,YEAR,2024,TOBACCO_INDICATOR,TOBACCO_INDICATOR_Adult_nonsmoked_age_grp,,,,,,,15-64,,,,,2025-07-24T14:32:31Z,2024,2024-01-01,2024-12-31
1692006,TOBACCO_MPOWER_M2_SMOKELESSECIGARETTES,COUNTRY,KGZ,EUR,Europe,YEAR,2024,TOBACCO_INDICATOR,TOBACCO_INDICATOR_Adult_nonsmoked_svy_yr,,,,,,,2023,,,,,2026-01-30T10:45:51Z,2024,2024-01-01,2024-12-31
1698649,TOBACCO_MPOWER_M2_SMOKELESSECIGARETTES,COUNTRY,GRD,AMR,Americas,YEAR,2024,TOBACCO_INDICATOR,TOBACCO_INDICATOR_Adult_nonsmoked_national,,,,,,,National,,,,,2025-07-24T14:32:31Z,2024,2024-01-01,2024-12-31
1702900,TOBACCO_MPOWER_M2_SMOKELESSECIGARETTES,COUNTRY,ITA,EUR,Europe,YEAR,2024,TOBACCO_INDICATOR,TOBACCO_INDICATOR_Adult_nonsmoked_national,,,,,,,National,,,,,2025-07-24T14:32:31Z,2024,2024-01-01,2024-12-31
1714586,TOBACCO_MPOWER_M2_SMOKELESSECIGARETTES,COUNTRY,PLW,WPR,Western Pacific,YEAR,2024,TOBACCO_INDICATOR,TOBACCO_INDICATOR_Adult_nonsmoked_svy_title,,,,,,,NCD Hybrid Survey,,,,,2025-07-24T14:32:31Z,2024,2024-01-01,2024-12-31
1747223,TOBACCO_MPOWER_M2_SMOKELESSECIGARETTES,COUNTRY,JOR,EMR,Eastern Mediterranean,YEAR,2024,TOBACCO_INDICATOR,TOBACCO_INDICATOR_Adult_nonsmoked_national,,,,,,,. . .,,,,,2025-07-24T14:32:31Z,2024,2024-01-01,2024-12-31
1749838,TOBACCO_MPOWER_M2_SMOKELESSECIGARETTES,COUNTRY,TUN,EMR,Eastern Mediterranean,YEAR,2024,TOBACCO_INDICATOR,TOBACCO_INDICATOR_Adult_nonsmoked_age_grp,,,,,,,15-49,,,,,2025-07-24T14:32:31Z,2024,2024-01-01,2024-12-31
1797417,TOBACCO_MPOWER_M2_SMOKELESSECIGARETTES,COUNTRY,ZMB,AFR,Africa,YEAR,2024,TOBACCO_INDICATOR,TOBACCO_INDICATOR_Adult_nonsmoked_svy_title,,,,,,,Demographic and Health Survey,,,,,2025-07-24T14:32:31Z,2024,2024-01-01,2024-12-31
1815395,TOBACCO_MPOWER_M2_SMOKELESSECIGARETTES,COUNTRY,SWE,EUR,Europe,YEAR,2024,TOBACCO_INDICATOR,TOBACCO_INDICATOR_Adult_nonsmoked_svy_title,,,,,,,Swedish Living Conditions Survey,,,,,2025-07-24T14:32:31Z,2024,2024-01-01,2024-12-31
1837928,TOBACCO_MPOWER_M2_SMOKELESSECIGARETTES,COUNTRY,GHA,AFR,Africa,YEAR,2024,TOBACCO_INDICATOR,TOBACCO_INDICATOR_Adult_nonsmoked_national,,,,,,,National,,,,,2025-07-24T14:32:31Z,2024,2024-01-01,2024-12-31
1858710,TOBACCO_MPOWER_M2_SMOKELESSECIGARETTES,COUNTRY,IRQ,EMR,Eastern Mediterranean,YEAR,2024,TOBACCO_INDICATOR,TOBACCO_INDICATOR_Adult_nonsmoked_svy_yr,,,,,,,2015,,,,,2026-01-30T10:45:51Z,2024,2024-01-01,2024-12-31
1869547,TOBACCO_MPOWER_M2_SMOKELESSECIGARETTES,COUNTRY,VUT,WPR,Western Pacific,YEAR,2024,TOBACCO_INDICATOR,TOBACCO_INDICATOR_Adult_nonsmoked_svy_yr,,,,,,,. . .,,,,,2026-01-30T10:45:51Z,2024,2024-01-01,2024-12-31
1878313,TOBACCO_MPOWER_M2_SMOKELESSECIGARETTES,COUNTRY,SDN,EMR,Eastern Mediterranean,YEAR,2024,TOBACCO_INDICATOR,TOBACCO_INDICATOR_Adult_nonsmoked_national,,,,,,,National,,,,,2025-07-24T14:32:31Z,2024,2024-01-01,2024-12-31
1880903,TOBACCO_MPOWER_M2_SMOKELESSECIGARETTES,COUNTRY,MDA,EUR,Europe,YEAR,2024,TOBACCO_INDICATOR,TOBACCO_INDICATOR_Adult_nonsmoked_national,,,,,,,National,,,,,2025-07-24T14:32:31Z,2024,2024-01-01,2024-12-31
1884985,TOBACCO_MPOWER_M2_SMOKELESSECIGARETTES,COUNTRY,MAR,EMR,Eastern Mediterranean,YEAR,2024,TOBACCO_INDICATOR,TOBACCO_INDICATOR_Adult_nonsmoked_svy_yr,,,,,,,2017,,,,,2026-01-30T10:45:51Z,2024,2024-01-01,2024-12-31
1891194,TOBACCO_MPOWER_M2_SMOKELESSECIGARETTES,COUNTRY,NGA,AFR,Africa,YEAR,2024,TOBACCO_INDICATOR,TOBACCO_INDICATOR_Adult_nonsmoked_national,,,,,,,National,,,,,2025-07-24T14:32:31Z,2024,2024-01-01,2024-12-31
1902824,TOBACCO_MPOWER_M2_SMOKELESSECIGARETTES,COUNTRY,UGA,AFR,Africa,YEAR,2024,TOBACCO_INDICATOR,TOBACCO_INDICATOR_Adult_nonsmoked_svy_title,,,,,,,Global Adult Tobacco Survey (GATS),,,,,2025-07-24T14:32:31Z,2024,2024-01-01,2024-12-31
1904094,TOBACCO_MPOWER_M2_SMOKELESSECIGARETTES,COUNTRY,TCD,AFR,Africa,YEAR,2024,TOBACCO_INDICATOR,TOBACCO_INDICATOR_Adult_nonsmoked_svy_yr,,,,,,,. . .,,,,,2026-01-30T10:45:51Z,2024,2024-01-01,2024-12-31
1928597,TOBACCO_MPOWER_M2_SMOKELESSECIGARETTES,COUNTRY,CHE,EUR,Europe,YEAR,2024,TOBACCO_INDICATOR,TOBACCO_INDICATOR_Adult_nonsmoked_national,,,,,,,National,,,,,2025-07-24T14:32:31Z,2024,2024-01-01,2024-12-31
1932165,TOBACCO_MPOWER_M2_SMOKELESSECIGARETTES,COUNTRY,MYS,WPR,Western Pacific,YEAR,2024,TOBACCO_INDICATOR,TOBACCO_INDICATOR_Adult_nonsmoked_svy_title,,,,,,,Global Adult Tobacco Survey (GATS),,,,,2025-07-24T14:32:31Z,2024,2024-01-01,2024-12-31
1967218,TOBACCO_MPOWER_M2_SMOKELESSECIGARETTES,COUNTRY,DMA,AMR,Americas,YEAR,2024,TOBACCO_INDICATOR,TOBACCO_INDICATOR_Adult_nonsmoked_svy_title,,,,,,,Dominica STEPS Survey,,,,,2025-07-24T14:32:31Z,2024,2024-01-01,2024-12-31
1978136,TOBACCO_MPOWER_M2_SMOKELESSECIGARETTES,COUNTRY,KIR,WPR,Western Pacific,YEAR,2024,TOBACCO_INDICATOR,TOBACCO_INDICATOR_Adult_nonsmoked_svy_yr,,,,,,,2015-16,,,,,2026-01-30T10:45:51Z,2024,2024-01-01,2024-12-31
1991817,TOBACCO_MPOWER_M2_SMOKELESSECIGARETTES,COUNTRY,MHL,WPR,Western Pacific,YEAR,2024,TOBACCO_INDICATOR,TOBACCO_INDICATOR_Adult_nonsmoked_svy_title,,,,,,,NCD Hybrid Survey,,,,,2025-07-24T14:32:31Z,2024,2024-01-01,2024-12-31
2013933,TOBACCO_MPOWER_M2_SMOKELESSECIGARETTES,COUNTRY,ZWE,AFR,Africa,YEAR,2024,TOBACCO_INDICATOR,TOBACCO_INDICATOR_Adult_nonsmoked_svy_yr,,,,,,,2011,,,,,2026-01-30T10:45:51Z,2024,2024-01-01,2024-12-31
2017075,TOBACCO_MPOWER_M2_SMOKELESSECIGARETTES,COUNTRY,SLE,AFR,Africa,YEAR,2024,TOBACCO_INDICATOR,TOBACCO_INDICATOR_Adult_nonsmoked_svy_yr,,,,,,,2019,,,,,2026-01-30T10:45:51Z,2024,2024-01-01,2024-12-31
2018629,TOBACCO_MPOWER_M2_SMOKELESSECIGARETTES,COUNTRY,HND,AMR,Americas,YEAR,2024,TOBACCO_INDICATOR,TOBACCO_INDICATOR_Adult_nonsmoked_national,,,,,,,. . .,,,,,2025-07-24T14:32:31Z,2024,2024-01-01,2024-12-31
2041726,TOBACCO_MPOWER_M2_SMOKELESSECIGARETTES,COUNTRY,TTO,AMR,Americas,YEAR,2024,TOBACCO_INDICATOR,TOBACCO_INDICATOR_Adult_nonsmoked_svy_title,,,,,,,Pan American STEPS Noncommunicable Diseases and Risk Factors Survey,,,,,2025-07-24T14:32:31Z,2024,2024-01-01,2024-12-31
2067423,TOBACCO_MPOWER_M2_SMOKELESSECIGARETTES,COUNTRY,MNG,WPR,Western Pacific,YEAR,2024,TOBACCO_INDICATOR,TOBACCO_INDICATOR_Adult_nonsmoked_svy_title,,,,,,,STEPS Survey,,,,,2025-07-24T14:32:31Z,2024,2024-01-01,2024-12-31
2074363,TOBACCO_MPOWER_M2_SMOKELESSECIGARETTES,COUNTRY,MMR,SEAR,South-East Asia,YEAR,2024,TOBACCO_INDICATOR,TOBACCO_INDICATOR_Adult_nonsmoked_svy_yr,,,,,,,2015-16,,,,,2026-01-30T10:45:51Z,2024,2024-01-01,2024-12-31
2099512,TOBACCO_MPOWER_M2_SMOKELESSECIGARETTES,COUNTRY,ESP,EUR,Europe,YEAR,2024,TOBACCO_INDICATOR,TOBACCO_INDICATOR_Adult_nonsmoked_national,,,,,,,National,,,,,2025-07-24T14:32:31Z,2024,2024-01-01,2024-12-31
2101854,TOBACCO_MPOWER_M2_SMOKELESSECIGARETTES,COUNTRY,TKM,EUR,Europe,YEAR,2024,TOBACCO_INDICATOR,TOBACCO_INDICATOR_Adult_nonsmoked_svy_title,,,,,,,Turkmenistan STEPS,,,,,2025-07-24T14:32:31Z,2024,2024-01-01,2024-12-31
2104726,TOBACCO_MPOWER_M2_SMOKELESSECIGARETTES,COUNTRY,TUR,EUR,Europe,YEAR,2024,TOBACCO_INDICATOR,TOBACCO_INDICATOR_Adult_nonsmoked_national,,,,,,,National,,,,,2025-07-24T14:32:31Z,2024,2024-01-01,2024-12-31
2140870,TOBACCO_MPOWER_M2_SMOKELESSECIGARETTES,COUNTRY,SLB,WPR,Western Pacific,YEAR,2024,TOBACCO_INDICATOR,TOBACCO_INDICATOR_Adult_nonsmoked_age_grp,,,,,,,18-69,,,,,2025-07-24T14:32:31Z,2024,2024-01-01,2024-12-31
2142476,TOBACCO_MPOWER_M2_SMOKELESSECIGARETTES,COUNTRY,CAF,AFR,Africa,YEAR,2024,TOBACCO_INDICATOR,TOBACCO_INDICATOR_Adult_nonsmoked_national,,,,,,,. . .,,,,,2025-07-24T14:32:31Z,2024,2024-01-01,2024-12-31
2178408,TOBACCO_MPOWER_M2_SMOKELESSECIGARETTES,COUNTRY,JPN,WPR,Western Pacific,YEAR,2024,TOBACCO_INDICATOR,TOBACCO_INDICATOR_Adult_nonsmoked_age_grp,,,,,,,. . .,,,,,2025-07-24T14:32:31Z,2024,2024-01-01,2024-12-31
2206716,TOBACCO_MPOWER_M2_SMOKELESSECIGARETTES,COUNTRY,GAB,AFR,Africa,YEAR,2024,TOBACCO_INDICATOR,TOBACCO_INDICATOR_Adult_nonsmoked_svy_yr,,,,,,,2019-21,,,,,2026-01-30T10:45:51Z,2024,2024-01-01,2024-12-31
2211707,TOBACCO_MPOWER_M2_SMOKELESSECIGARETTES,COUNTRY,AND,EUR,Europe,YEAR,2024,TOBACCO_INDICATOR,TOBACCO_INDICATOR_Adult_nonsmoked_svy_title,,,,,,,. . .,,,,,2025-07-24T14:32:31Z,2024,2024-01-01,2024-12-31
2271257,TOBACCO_MPOWER_M2_SMOKELESSECIGARETTES,COUNTRY,GNB,AFR,Africa,YEAR,2024,TOBACCO_INDICATOR,TOBACCO_INDICATOR_Adult_nonsmoked_national,,,,,,,. . .,,,,,2025-07-24T14:32:31Z,2024,2024-01-01,2024-12-31
2318128,TOBACCO_MPOWER_M2_SMOKELESSECIGARETTES,COUNTRY,MLI,AFR,Africa,YEAR,2024,TOBACCO_INDICATOR,TOBACCO_INDICATOR_Adult_nonsmoked_national,,,,,,,National,,,,,2025-07-24T14:32:31Z,2024,2024-01-01,2024-12-31
2325443,TOBACCO_MPOWER_M2_SMOKELESSECIGARETTES,COUNTRY,LBR,AFR,Africa,YEAR,2024,TOBACCO_INDICATOR,TOBACCO_INDICATOR_Adult_nonsmoked_svy_yr,,,,,,,2019-20,,,,,2026-01-30T10:45:51Z,2024,2024-01-01,2024-12-31
2343347,TOBACCO_MPOWER_M2_SMOKELESSECIGARETTES,COUNTRY,BGD,SEAR,South-East Asia,YEAR,2024,TOBACCO_INDICATOR,TOBACCO_INDICATOR_Adult_nonsmoked_national,,,,,,,National,,,,,2025-07-24T14:32:31Z,2024,2024-01-01,2024-12-31
2360639,TOBACCO_MPOWER_M2_SMOKELESSECIGARETTES,COUNTRY,BLZ,AMR,Americas,YEAR,2024,TOBACCO_INDICATOR,TOBACCO_INDICATOR_Adult_nonsmoked_svy_yr,,,,,,,. . .,,,,,2026-01-30T10:45:51Z,2024,2024-01-01,2024-12-31
2387193,TOBACCO_MPOWER_M2_SMOKELESSECIGARETTES,COUNTRY,DEU,EUR,Europe,YEAR,2024,TOBACCO_INDICATOR,TOBACCO_INDICATOR_Adult_nonsmoked_national,,,,,,,National,,,,,2025-07-24T14:32:31Z,2024,2024-01-01,2024-12-31
2416251,TOBACCO_MPOWER_M2_SMOKELESSECIGARETTES,COUNTRY,AUT,EUR,Europe,YEAR,2024,TOBACCO_INDICATOR,TOBACCO_INDICATOR_Adult_nonsmoked_national,,,,,,,National,,,,,2025-07-24T14:32:31Z,2024,2024-01-01,2024-12-31
2424059,TOBACCO_MPOWER_M2_SMOKELESSECIGARETTES,COUNTRY,MLI,AFR,Africa,YEAR,2024,TOBACCO_INDICATOR,TOBACCO_INDICATOR_Adult_nonsmoked_svy_yr,,,,,,,2018,,,,,2026-01-30T10:45:51Z,2024,2024-01-01,2024-12-31
2424290,TOBACCO_MPOWER_M2_SMOKELESSECIGARETTES,COUNTRY,COM,AFR,Africa,YEAR,2024,TOBACCO_INDICATOR,TOBACCO_INDICATOR_Adult_nonsmoked_national,,,,,,,National,,,,,2025-07-24T14:32:31Z,2024,2024-01-01,2024-12-31
2444328,TOBACCO_MPOWER_M2_SMOKELESSECIGARETTES,COUNTRY,BRA,AMR,Americas,YEAR,2024,TOBACCO_INDICATOR,TOBACCO_INDICATOR_Adult_nonsmoked_national,,,,,,,National,,,,,2025-07-24T14:32:31Z,2024,2024-01-01,2024-12-31
2446490,TOBACCO_MPOWER_M2_SMOKELESSECIGARETTES,COUNTRY,ZAF,AFR,Africa,YEAR,2024,TOBACCO_INDICATOR,TOBACCO_INDICATOR_Adult_nonsmoked_age_grp,,,,,,,15+,,,,,2025-07-24T14:32:31Z,2024,2024-01-01,2024-12-31
2449217,TOBACCO_MPOWER_M2_SMOKELESSECIGARETTES,COUNTRY,TJK,EUR,Europe,YEAR,2024,TOBACCO_INDICATOR,TOBACCO_INDICATOR_Adult_nonsmoked_svy_title,,,,,,,STEPS Survey,,,,,2025-07-24T14:32:31Z,2024,2024-01-01,2024-12-31
2468080,TOBACCO_MPOWER_M2_SMOKELESSECIGARETTES,COUNTRY,UGA,AFR,Africa,YEAR,2024,TOBACCO_INDICATOR,TOBACCO_INDICATOR_Adult_nonsmoked_svy_yr,,,,,,,2023,,,,,2026-01-30T10:45:51Z,2024,2024-01-01,2024-12-31
2498504,TOBACCO_MPOWER_M2_SMOKELESSECIGARETTES,COUNTRY,JAM,AMR,Americas,YEAR,2024,TOBACCO_INDICATOR,TOBACCO_INDICATOR_Adult_nonsmoked_svy_yr,,,,,,,. . .,,,,,2026-01-30T10:45:51Z,2024,2024-01-01,2024-12-31
2506230,TOBACCO_MPOWER_M2_SMOKELESSECIGARETTES,COUNTRY,MDA,EUR,Europe,YEAR,2024,TOBACCO_INDICATOR,TOBACCO_INDICATOR_Adult_nonsmoked_svy_yr,,,,,,,2021,,,,,2026-01-30T10:45:51Z,2024,2024-01-01,2024-12-31
2514464,TOBACCO_MPOWER_M2_SMOKELESSECIGARETTES,COUNTRY,SWE,EUR,Europe,YEAR,2024,TOBACCO_INDICATOR,TOBACCO_INDICATOR_Adult_nonsmoked_age_grp,,,,,,,16+,,,,,2025-07-24T14:32:31Z,2024,2024-01-01,2024-12-31
2520097,TOBACCO_MPOWER_M2_SMOKELESSECIGARETTES,COUNTRY,MNG,WPR,Western Pacific,YEAR,2024,TOBACCO_INDICATOR,TOBACCO_INDICATOR_Adult_nonsmoked_national,,,,,,,National,,,,,2025-07-24T14:32:31Z,2024,2024-01-01,2024-12-31
2525890,TOBACCO_MPOWER_M2_SMOKELESSECIGARETTES,COUNTRY,LCA,AMR,Americas,YEAR,2024,TOBACCO_INDICATOR,TOBACCO_INDICATOR_Adult_nonsmoked_age_grp,,,,,,,18+,,,,,2025-07-24T14:32:31Z,2024,2024-01-01,2024-12-31
2537411,TOBACCO_MPOWER_M2_SMOKELESSECIGARETTES,COUNTRY,LSO,AFR,Africa,YEAR,2024,TOBACCO_INDICATOR,TOBACCO_INDICATOR_Adult_nonsmoked_svy_title,,,,,,,Demographic and Health Survey,,,,,2025-07-24T14:32:31Z,2024,2024-01-01,2024-12-31
2544937,TOBACCO_MPOWER_M2_SMOKELESSECIGARETTES,COUNTRY,GRC,EUR,Europe,YEAR,2024,TOBACCO_INDICATOR,TOBACCO_INDICATOR_Adult_nonsmoked_svy_title,,,,,,,European Health Interview Survey,,,,,2025-07-24T14:32:31Z,2024,2024-01-01,2024-12-31
2557562,TOBACCO_MPOWER_M2_SMOKELESSECIGARETTES,COUNTRY,DNK,EUR,Europe,YEAR,2024,TOBACCO_INDICATOR,TOBACCO_INDICATOR_Adult_nonsmoked_national,,,,,,,National,,,,,2025-07-24T14:32:31Z,2024,2024-01-01,2024-12-31
2584711,TOBACCO_MPOWER_M2_SMOKELESSECIGARETTES,COUNTRY,CHL,AMR,Americas,YEAR,2024,TOBACCO_INDICATOR,TOBACCO_INDICATOR_Adult_nonsmoked_svy_title,,,,,,,Estudio Nacional de Drogas en Población General de Chile,,,,,2025-07-24T14:32:31Z,2024,2024-01-01,2024-12-31
2600786,TOBACCO_MPOWER_M2_SMOKELESSECIGARETTES,COUNTRY,HUN,EUR,Europe,YEAR,2024,TOBACCO_INDICATOR,TOBACCO_INDICATOR_Adult_nonsmoked_national,,,,,,,National,,,,,2025-07-24T14:32:31Z,2024,2024-01-01,2024-12-31
2602303,TOBACCO_MPOWER_M2_SMOKELESSECIGARETTES,COUNTRY,PRY,AMR,Americas,YEAR,2024,TOBACCO_INDICATOR,TOBACCO_INDICATOR_Adult_nonsmoked_svy_title,,,,,,,Encuesta Nacional de Factores de Riesgo de Paraguay (STEPS),,,,,2025-07-24T14:32:31Z,2024,2024-01-01,2024-12-31
2621017,TOBACCO_MPOWER_M2_SMOKELESSECIGARETTES,COUNTRY,MNG,WPR,Western Pacific,YEAR,2024,TOBACCO_INDICATOR,TOBACCO_INDICATOR_Adult_nonsmoked_svy_yr,,,,,,,2019,,,,,2026-01-30T10:45:51Z,2024,2024-01-01,2024-12-31
2621204,TOBACCO_MPOWER_M2_SMOKELESSECIGARETTES,COUNTRY,MDV,SEAR,South-East Asia,YEAR,2024,TOBACCO_INDICATOR,TOBACCO_INDICATOR_Adult_nonsmoked_national,,,,,,,National,,,,,2025-07-24T14:32:31Z,2024,2024-01-01,2024-12-31
2626483,TOBACCO_MPOWER_M2_SMOKELESSECIGARETTES,COUNTRY,ISR,EUR,Europe,YEAR,2024,TOBACCO_INDICATOR,TOBACCO_INDICATOR_Adult_nonsmoked_svy_title,,,,,,,. . .,,,,,2025-07-24T14:32:31Z,2024,2024-01-01,2024-12-31
2626875,TOBACCO_MPOWER_M2_SMOKELESSECIGARETTES,COUNTRY,BRA,AMR,Americas,YEAR,2024,TOBACCO_INDICATOR,TOBACCO_INDICATOR_Adult_nonsmoked_age_grp,,,,,,,18+,,,,,2025-07-24T14:32:31Z,2024,2024-01-01,2024-12-31
2627911,TOBACCO_MPOWER_M2_SMOKELESSECIGARETTES,COUNTRY,IRN,EMR,Eastern Mediterranean,YEAR,2024,TOBACCO_INDICATOR,TOBACCO_INDICATOR_Adult_nonsmoked_age_grp,,,,,,,18+,,,,,2025-07-24T14:32:31Z,2024,2024-01-01,2024-12-31
2629822,TOBACCO_MPOWER_M2_SMOKELESSECIGARETTES,COUNTRY,MUS,AFR,Africa,YEAR,2024,TOBACCO_INDICATOR,TOBACCO_INDICATOR_Adult_nonsmoked_svy_title,,,,,,,. . .,,,,,2025-07-24T14:32:31Z,2024,2024-01-01,2024-12-31
2635157,TOBACCO_MPOWER_M2_SMOKELESSECIGARETTES,COUNTRY,JPN,WPR,Western Pacific,YEAR,2024,TOBACCO_INDICATOR,TOBACCO_INDICATOR_Adult_nonsmoked_svy_title,,,,,,,. . .,,,,,2025-07-24T14:32:31Z,2024,2024-01-01,2024-12-31
2643590,TOBACCO_MPOWER_M2_SMOKELESSECIGARETTES,COUNTRY,TCD,AFR,Africa,YEAR,2024,TOBACCO_INDICATOR,TOBACCO_INDICATOR_Adult_nonsmoked_national,,,,,,,. . .,,,,,2025-07-24T14:32:31Z,2024,2024-01-01,2024-12-31
2649739,TOBACCO_MPOWER_M2_SMOKELESSECIGARETTES,COUNTRY,ERI,AFR,Africa,YEAR,2024,TOBACCO_INDICATOR,TOBACCO_INDICATOR_Adult_nonsmoked_national,,,,,,,National,,,,,2025-07-24T14:32:31Z,2024,2024-01-01,2024-12-31
2651540,TOBACCO_MPOWER_M2_SMOKELESSECIGARETTES,COUNTRY,COG,AFR,Africa,YEAR,2024,TOBACCO_INDICATOR,TOBACCO_INDICATOR_Adult_nonsmoked_national,,,,,,,. . .,,,,,2025-07-24T14:32:31Z,2024,2024-01-01,2024-12-31
2659463,TOBACCO_MPOWER_M2_SMOKELESSECIGARETTES,COUNTRY,MCO,EUR,Europe,YEAR,2024,TOBACCO_INDICATOR,TOBACCO_INDICATOR_Adult_nonsmoked_svy_yr,,,,,,,. . .,,,,,2026-01-30T10:45:51Z,2024,2024-01-01,2024-12-31
2663663,TOBACCO_MPOWER_M2_SMOKELESSECIGARETTES,COUNTRY,CAN,AMR,Americas,YEAR,2024,TOBACCO_INDICATOR,TOBACCO_INDICATOR_Adult_nonsmoked_age_grp,,,,,,,18+,,,,,2025-07-24T14:32:31Z,2024,2024-01-01,2024-12-31
2672815,TOBACCO_MPOWER_M2_SMOKELESSECIGARETTES,COUNTRY,ROU,EUR,Europe,YEAR,2024,TOBACCO_INDICATOR,TOBACCO_INDICATOR_Adult_nonsmoked_svy_title,,,,,,,European Health Interview Survey,,,,,2025-07-24T14:32:31Z,2024,2024-01-01,2024-12-31
2673809,TOBACCO_MPOWER_M2_SMOKELESSECIGARETTES,COUNTRY,RUS,EUR,Europe,YEAR,2024,TOBACCO_INDICATOR,TOBACCO_INDICATOR_Adult_nonsmoked_age_grp,,,,,,,15+,,,,,2025-07-24T14:32:31Z,2024,2024-01-01,2024-12-31
2684741,TOBACCO_MPOWER_M2_SMOKELESSECIGARETTES,COUNTRY,SOM,EMR,Eastern Mediterranean,YEAR,2024,TOBACCO_INDICATOR,TOBACCO_INDICATOR_Adult_nonsmoked_age_grp,,,,,,,. . .,,,,,2025-07-24T14:32:31Z,2024,2024-01-01,2024-12-31
2693335,TOBACCO_MPOWER_M2_SMOKELESSECIGARETTES,COUNTRY,SGP,WPR,Western Pacific,YEAR,2024,TOBACCO_INDICATOR,TOBACCO_INDICATOR_Adult_nonsmoked_svy_title,,,,,,,. . .,,,,,2025-07-24T14:32:31Z,2024,2024-01-01,2024-12-31
2695620,TOBACCO_MPOWER_M2_SMOKELESSECIGARETTES,COUNTRY,BHS,AMR,Americas,YEAR,2024,TOBACCO_INDICATOR,TOBACCO_INDICATOR_Adult_nonsmoked_age_grp,,,,,,,18-69,,,,,2025-07-24T14:32:31Z,2024,2024-01-01,2024-12-31
2717342,TOBACCO_MPOWER_M2_SMOKELESSECIGARETTES,COUNTRY,TKM,EUR,Europe,YEAR,2024,TOBACCO_INDICATOR,TOBACCO_INDICATOR_Adult_nonsmoked_svy_yr,,,,,,,2018,,,,,2026-01-30T10:45:51Z,2024,2024-01-01,2024-12-31
2725294,TOBACCO_MPOWER_M2_SMOKELESSECIGARETTES,COUNTRY,MCO,EUR,Europe,YEAR,2024,TOBACCO_INDICATOR,TOBACCO_INDICATOR_Adult_nonsmoked_svy_title,,,,,,,. . .,,,,,2025-07-24T14:32:31Z,2024,2024-01-01,2024-12-31
2735461,TOBACCO_MPOWER_M2_SMOKELESSECIGARETTES,COUNTRY,NLD,EUR,Europe,YEAR,2024,TOBACCO_INDICATOR,TOBACCO_INDICATOR_Adult_nonsmoked_age_grp,,,,,,,18+,,,,,2025-07-24T14:32:31Z,2024,2024-01-01,2024-12-31
2753524,TOBACCO_MPOWER_M2_SMOKELESSECIGARETTES,COUNTRY,TKM,EUR,Europe,YEAR,2024,TOBACCO_INDICATOR,TOBACCO_INDICATOR_Adult_nonsmoked_national,,,,,,,National,,,,,2025-07-24T14:32:31Z,2024,2024-01-01,2024-12-31
2755383,TOBACCO_MPOWER_M2_SMOKELESSECIGARETTES,COUNTRY,BFA,AFR,Africa,YEAR,2024,TOBACCO_INDICATOR,TOBACCO_INDICATOR_Adult_nonsmoked_age_grp,,,,,,,18-69,,,,,2025-07-24T14:32:31Z,2024,2024-01-01,2024-12-31
2786450,TOBACCO_MPOWER_M2_SMOKELESSECIGARETTES,COUNTRY,BWA,AFR,Africa,YEAR,2024,TOBACCO_INDICATOR,TOBACCO_INDICATOR_Adult_nonsmoked_svy_yr,,,,,,,2017,,,,,2026-01-30T10:45:51Z,2024,2024-01-01,2024-12-31
2792943,TOBACCO_MPOWER_M2_SMOKELESSECIGARETTES,COUNTRY,MUS,AFR,Africa,YEAR,2024,TOBACCO_INDICATOR,TOBACCO_INDICATOR_Adult_nonsmoked_national,,,,,,,. . .,,,,,2025-07-24T14:32:31Z,2024,2024-01-01,2024-12-31
2807013,TOBACCO_MPOWER_M2_SMOKELESSECIGARETTES,COUNTRY,MYS,WPR,Western Pacific,YEAR,2024,TOBACCO_INDICATOR,TOBACCO_INDICATOR_Adult_nonsmoked_national,,,,,,,National,,,,,2025-07-24T14:32:31Z,2024,2024-01-01,2024-12-31
2819325,TOBACCO_MPOWER_M2_SMOKELESSECIGARETTES,COUNTRY,TON,WPR,Western Pacific,YEAR,2024,TOBACCO_INDICATOR,TOBACCO_INDICATOR_Adult_nonsmoked_age_grp,,,,,,,. . .,,,,,2025-07-24T14:32:31Z,2024,2024-01-01,2024-12-31
2819711,TOBACCO_MPOWER_M2_SMOKELESSECIGARETTES,COUNTRY,KEN,AFR,Africa,YEAR,2024,TOBACCO_INDICATOR,TOBACCO_INDICATOR_Adult_nonsmoked_svy_title,,,,,,,Demographic and Health Survey,,,,,2025-07-24T14:32:31Z,2024,2024-01-01,2024-12-31
2824638,TOBACCO_MPOWER_M2_SMOKELESSECIGARETTES,COUNTRY,COK,WPR,Western Pacific,YEAR,2024,TOBACCO_INDICATOR,TOBACCO_INDICATOR_Adult_nonsmoked_age_grp,,,,,,,. . .,,,,,2025-07-24T14:32:31Z,2024,2024-01-01,2024-12-31
2827580,TOBACCO_MPOWER_M2_SMOKELESSECIGARETTES,COUNTRY,CHE,EUR,Europe,YEAR,2024,TOBACCO_INDICATOR,TOBACCO_INDICATOR_Adult_nonsmoked_svy_yr,,,,,,,2023,,,,,2026-01-30T10:45:51Z,2024,2024-01-01,2024-12-31
2832273,TOBACCO_MPOWER_M2_SMOKELESSECIGARETTES,COUNTRY,OMN,EMR,Eastern Mediterranean,YEAR,2024,TOBACCO_INDICATOR,TOBACCO_INDICATOR_Adult_nonsmoked_svy_title,,,,,,,STEPS Survey,,,,,2025-07-24T14:32:31Z,2024,2024-01-01,2024-12-31
2842025,TOBACCO_MPOWER_M2_SMOKELESSECIGARETTES,COUNTRY,PHL,WPR,Western Pacific,YEAR,2024,TOBACCO_INDICATOR,TOBACCO_INDICATOR_Adult_nonsmoked_svy_title,,,,,,,Global Adult Tobacco Survey (GATS),,,,,2025-07-24T14:32:31Z,2024,2024-01-01,2024-12-31
2880316,TOBACCO_MPOWER_M2_SMOKELESSECIGARETTES,COUNTRY,SYR,EMR,Eastern Mediterranean,YEAR,2024,TOBACCO_INDICATOR,TOBACCO_INDICATOR_Adult_nonsmoked_svy_yr,,,,,,,1999,,,,,2026-01-30T10:45:51Z,2024,2024-01-01,2024-12-31
2887821,TOBACCO_MPOWER_M2_SMOKELESSECIGARETTES,COUNTRY,AUS,WPR,Western Pacific,YEAR,2024,TOBACCO_INDICATOR,TOBACCO_INDICATOR_Adult_nonsmoked_svy_title,,,,,,,National Drug Strategy Household Survey,,,,,2025-07-24T14:32:31Z,2024,2024-01-01,2024-12-31
2899004,TOBACCO_MPOWER_M2_SMOKELESSECIGARETTES,COUNTRY,ECU,AMR,Americas,YEAR,2024,TOBACCO_INDICATOR,TOBACCO_INDICATOR_Adult_nonsmoked_national,,,,,,,National,,,,,2025-07-24T14:32:31Z,2024,2024-01-01,2024-12-31
2902463,TOBACCO_MPOWER_M2_SMOKELESSECIGARETTES,COUNTRY,LUX,EUR,Europe,YEAR,2024,TOBACCO_INDICATOR,TOBACCO_INDICATOR_Adult_nonsmoked_national,,,,,,,National,,,,,2025-07-24T14:32:31Z,2024,2024-01-01,2024-12-31
2936216,TOBACCO_MPOWER_M2_SMOKELESSECIGARETTES,COUNTRY,BOL,AMR,Americas,YEAR,2024,TOBACCO_INDICATOR,TOBACCO_INDICATOR_Adult_nonsmoked_svy_title,,,,,,,STEPS Survey,,,,,2025-07-24T14:32:31Z,2024,2024-01-01,2024-12-31
3966405,TOBACCO_MPOWER_M2_SMOKELESSECIGARETTES,COUNTRY,KWT,EMR,Eastern Mediterranean,YEAR,2024,TOBACCO_INDICATOR,TOBACCO_INDICATOR_Adult_nonsmoked_age_grp,,,,,,,18-69,,,,,2025-07-24T14:32:31Z,2024,2024-01-01,2024-12-31
3994914,TOBACCO_MPOWER_M2_SMOKELESSECIGARETTES,COUNTRY,SMR,EUR,Europe,YEAR,2024,TOBACCO_INDICATOR,TOBACCO_INDICATOR_Adult_nonsmoked_svy_yr,,,,,,,. . .,,,,,2026-01-30T10:45:51Z,2024,2024-01-01,2024-12-31
3995077,TOBACCO_MPOWER_M2_SMOKELESSECIGARETTES,COUNTRY,BLR,EUR,Europe,YEAR,2024,TOBACCO_INDICATOR,TOBACCO_INDICATOR_Adult_nonsmoked_national,,,,,,,National,,,,,2025-07-24T14:32:31Z,2024,2024-01-01,2024-12-31
4002553,TOBACCO_MPOWER_M2_SMOKELESSECIGARETTES,COUNTRY,UGA,AFR,Africa,YEAR,2024,TOBACCO_INDICATOR,TOBACCO_INDICATOR_Adult_nonsmoked_national,,,,,,,National,,,,,2025-07-24T14:32:31Z,2024,2024-01-01,2024-12-31
4009934,TOBACCO_MPOWER_M2_SMOKELESSECIGARETTES,COUNTRY,NPL,SEAR,South-East Asia,YEAR,2024,TOBACCO_INDICATOR,TOBACCO_INDICATOR_Adult_nonsmoked_svy_title,,,,,,,Demographic and Health Survey,,,,,2025-07-24T14:32:31Z,2024,2024-01-01,2024-12-31
4018557,TOBACCO_MPOWER_M2_SMOKELESSECIGARETTES,COUNTRY,MYS,WPR,Western Pacific,YEAR,2024,TOBACCO_INDICATOR,TOBACCO_INDICATOR_Adult_nonsmoked_age_grp,,,,,,,15+,,,,,2025-07-24T14:32:31Z,2024,2024-01-01,2024-12-31
4032847,TOBACCO_MPOWER_M2_SMOKELESSECIGARETTES,COUNTRY,DJI,EMR,Eastern Mediterranean,YEAR,2024,TOBACCO_INDICATOR,TOBACCO_INDICATOR_Adult_nonsmoked_svy_title,,,,,,,. . .,,,,,2025-07-24T14:32:31Z,2024,2024-01-01,2024-12-31
4034277,TOBACCO_MPOWER_M2_SMOKELESSECIGARETTES,COUNTRY,CPV,AFR,Africa,YEAR,2024,TOBACCO_INDICATOR,TOBACCO_INDICATOR_Adult_nonsmoked_age_grp,,,,,,,25-64,,,,,2025-07-24T14:32:31Z,2024,2024-01-01,2024-12-31
4085853,TOBACCO_MPOWER_M2_SMOKELESSECIGARETTES,COUNTRY,ALB,EUR,Europe,YEAR,2024,TOBACCO_INDICATOR,TOBACCO_INDICATOR_Adult_nonsmoked_svy_title,,,,,,,"Smoking uptake, prevalence and cessation in Albania",,,,,2025-07-24T14:32:31Z,2024,2024-01-01,2024-12-31
4092142,TOBACCO_MPOWER_M2_SMOKELESSECIGARETTES,COUNTRY,PHL,WPR,Western Pacific,YEAR,2024,TOBACCO_INDICATOR,TOBACCO_INDICATOR_Adult_nonsmoked_svy_yr,,,,,,,2021,,,,,2026-01-30T10:45:51Z,2024,2024-01-01,2024-12-31
4096386,TOBACCO_MPOWER_M2_SMOKELESSECIGARETTES,COUNTRY,YEM,EMR,Eastern Mediterranean,YEAR,2024,TOBACCO_INDICATOR,TOBACCO_INDICATOR_Adult_nonsmoked_national,,,,,,,National,,,,,2025-07-24T14:32:31Z,2024,2024-01-01,2024-12-31
4096890,TOBACCO_MPOWER_M2_SMOKELESSECIGARETTES,COUNTRY,SMR,EUR,Europe,YEAR,2024,TOBACCO_INDICATOR,TOBACCO_INDICATOR_Adult_nonsmoked_age_grp,,,,,,,. . .,,,,,2025-07-24T14:32:31Z,2024,2024-01-01,2024-12-31
4098745,TOBACCO_MPOWER_M2_SMOKELESSECIGARETTES,COUNTRY,SDN,EMR,Eastern Mediterranean,YEAR,2024,TOBACCO_INDICATOR,TOBACCO_INDICATOR_Adult_nonsmoked_svy_title,,,,,,,STEPS Survey,,,,,2025-07-24T14:32:31Z,2024,2024-01-01,2024-12-31
4105457,TOBACCO_MPOWER_M2_SMOKELESSECIGARETTES,COUNTRY,PRT,EUR,Europe,YEAR,2024,TOBACCO_INDICATOR,TOBACCO_INDICATOR_Adult_nonsmoked_svy_title,,,,,,,Inquérito Nacional de Saúde,,,,,2025-07-24T14:32:31Z,2024,2024-01-01,2024-12-31
4115840,TOBACCO_MPOWER_M2_SMOKELESSECIGARETTES,COUNTRY,CHL,AMR,Americas,YEAR,2024,TOBACCO_INDICATOR,TOBACCO_INDICATOR_Adult_nonsmoked_svy_yr,,,,,,,2020,,,,,2026-01-30T10:45:51Z,2024,2024-01-01,2024-12-31
4122669,TOBACCO_MPOWER_M2_SMOKELESSECIGARETTES,COUNTRY,UKR,EUR,Europe,YEAR,2024,TOBACCO_INDICATOR,TOBACCO_INDICATOR_Adult_nonsmoked_svy_title,,,,,,,Kyiv International Institute of Sociology face-to-face survey,,,,,2025-07-24T14:32:31Z,2024,2024-01-01,2024-12-31
4136249,TOBACCO_MPOWER_M2_SMOKELESSECIGARETTES,COUNTRY,LTU,EUR,Europe,YEAR,2024,TOBACCO_INDICATOR,TOBACCO_INDICATOR_Adult_nonsmoked_national,,,,,,,National,,,,,2025-07-24T14:32:31Z,2024,2024-01-01,2024-12-31
4173732,TOBACCO_MPOWER_M2_SMOKELESSECIGARETTES,COUNTRY,BHS,AMR,Americas,YEAR,2024,TOBACCO_INDICATOR,TOBACCO_INDICATOR_Adult_nonsmoked_national,,,,,,,National,,,,,2025-07-24T14:32:31Z,2024,2024-01-01,2024-12-31
4174590,TOBACCO_MPOWER_M2_SMOKELESSECIGARETTES,COUNTRY,PSE,EMR,Eastern Mediterranean,YEAR,2024,TOBACCO_INDICATOR,TOBACCO_INDICATOR_Adult_nonsmoked_age_grp,,,,,,,18-69,,,,,2025-07-24T14:32:31Z,2024,2024-01-01,2024-12-31
4188037,TOBACCO_MPOWER_M2_SMOKELESSECIGARETTES,COUNTRY,EGY,EMR,Eastern Mediterranean,YEAR,2024,TOBACCO_INDICATOR,TOBACCO_INDICATOR_Adult_nonsmoked_svy_title,,,,,,,STEPS Survey,,,,,2025-07-24T14:32:31Z,2024,2024-01-01,2024-12-31
4196249,TOBACCO_MPOWER_M2_SMOKELESSECIGARETTES,COUNTRY,LBY,EMR,Eastern Mediterranean,YEAR,2024,TOBACCO_INDICATOR,TOBACCO_INDICATOR_Adult_nonsmoked_svy_yr,,,,,,,2023,,,,,2026-01-30T10:45:51Z,2024,2024-01-01,2024-12-31
4249636,TOBACCO_MPOWER_M2_SMOKELESSECIGARETTES,COUNTRY,SRB,EUR,Europe,YEAR,2024,TOBACCO_INDICATOR,TOBACCO_INDICATOR_Adult_nonsmoked_national,,,,,,,National,,,,,2025-07-24T14:32:31Z,2024,2024-01-01,2024-12-31
4278604,TOBACCO_MPOWER_M2_SMOKELESSECIGARETTES,COUNTRY,BHS,AMR,Americas,YEAR,2024,TOBACCO_INDICATOR,TOBACCO_INDICATOR_Adult_nonsmoked_svy_title,,,,,,,Bahamas STEPS,,,,,2025-07-24T14:32:31Z,2024,2024-01-01,2024-12-31
4315846,TOBACCO_MPOWER_M2_SMOKELESSECIGARETTES,COUNTRY,FSM,WPR,Western Pacific,YEAR,2024,TOBACCO_INDICATOR,TOBACCO_INDICATOR_Adult_nonsmoked_svy_yr,,,,,,,. . .,,,,,2026-01-30T10:45:51Z,2024,2024-01-01,2024-12-31
4347543,TOBACCO_MPOWER_M2_SMOKELESSECIGARETTES,COUNTRY,NIC,AMR,Americas,YEAR,2024,TOBACCO_INDICATOR,TOBACCO_INDICATOR_Adult_nonsmoked_svy_yr,,,,,,,. . .,,,,,2026-01-30T10:45:51Z,2024,2024-01-01,2024-12-31
4353643,TOBACCO_MPOWER_M2_SMOKELESSECIGARETTES,COUNTRY,BIH,EUR,Europe,YEAR,2024,TOBACCO_INDICATOR,TOBACCO_INDICATOR_Adult_nonsmoked_age_grp,,,,,,,18-85,,,,,2025-07-24T14:32:31Z,2024,2024-01-01,2024-12-31
4384150,TOBACCO_MPOWER_M2_SMOKELESSECIGARETTES,COUNTRY,BRN,WPR,Western Pacific,YEAR,2024,TOBACCO_INDICATOR,TOBACCO_INDICATOR_Adult_nonsmoked_age_grp,,,,,,,18-69,,,,,2025-07-24T14:32:31Z,2024,2024-01-01,2024-12-31
4395946,TOBACCO_MPOWER_M2_SMOKELESSECIGARETTES,COUNTRY,GTM,AMR,Americas,YEAR,2024,TOBACCO_INDICATOR,TOBACCO_INDICATOR_Adult_nonsmoked_national,,,,,,,. . .,,,,,2025-07-24T14:32:31Z,2024,2024-01-01,2024-12-31
4415648,TOBACCO_MPOWER_M2_SMOKELESSECIGARETTES,COUNTRY,EGY,EMR,Eastern Mediterranean,YEAR,2024,TOBACCO_INDICATOR,TOBACCO_INDICATOR_Adult_nonsmoked_svy_yr,,,,,,,2016-17,,,,,2026-01-30T10:45:51Z,2024,2024-01-01,2024-12-31
4445387,TOBACCO_MPOWER_M2_SMOKELESSECIGARETTES,COUNTRY,COD,AFR,Africa,YEAR,2024,TOBACCO_INDICATOR,TOBACCO_INDICATOR_Adult_nonsmoked_svy_title,,,,,,,. . .,,,,,2025-07-24T14:32:31Z,2024,2024-01-01,2024-12-31
4461166,TOBACCO_MPOWER_M2_SMOKELESSECIGARETTES,COUNTRY,GUY,AMR,Americas,YEAR,2024,TOBACCO_INDICATOR,TOBACCO_INDICATOR_Adult_nonsmoked_age_grp,,,,,,,. . .,,,,,2025-07-24T14:32:31Z,2024,2024-01-01,2024-12-31
4468745,TOBACCO_MPOWER_M2_SMOKELESSECIGARETTES,COUNTRY,KHM,WPR,Western Pacific,YEAR,2024,TOBACCO_INDICATOR,TOBACCO_INDICATOR_Adult_nonsmoked_age_grp,,,,,,,15+,,,,,2025-07-24T14:32:31Z,2024,2024-01-01,2024-12-31
4478658,TOBACCO_MPOWER_M2_SMOKELESSECIGARETTES,COUNTRY,NAM,AFR,Africa,YEAR,2024,TOBACCO_INDICATOR,TOBACCO_INDICATOR_Adult_nonsmoked_svy_title,,,,,,,Demographic and Health Survey,,,,,2025-07-24T14:32:31Z,2024,2024-01-01,2024-12-31
4487493,TOBACCO_MPOWER_M2_SMOKELESSECIGARETTES,COUNTRY,SGP,WPR,Western Pacific,YEAR,2024,TOBACCO_INDICATOR,TOBACCO_INDICATOR_Adult_nonsmoked_age_grp,,,,,,,. . .,,,,,2025-07-24T14:32:31Z,2024,2024-01-01,2024-12-31
4498100,TOBACCO_MPOWER_M2_SMOKELESSECIGARETTES,COUNTRY,PER,AMR,Americas,YEAR,2024,TOBACCO_INDICATOR,TOBACCO_INDICATOR_Adult_nonsmoked_national,,,,,,,. . .,,,,,2025-07-24T14:32:31Z,2024,2024-01-01,2024-12-31
4499997,TOBACCO_MPOWER_M2_SMOKELESSECIGARETTES,COUNTRY,HTI,AMR,Americas,YEAR,2024,TOBACCO_INDICATOR,TOBACCO_INDICATOR_Adult_nonsmoked_age_grp,,,,,,,15-64,,,,,2025-07-24T14:32:31Z,2024,2024-01-01,2024-12-31
4528433,TOBACCO_MPOWER_M2_SMOKELESSECIGARETTES,COUNTRY,PER,AMR,Americas,YEAR,2024,TOBACCO_INDICATOR,TOBACCO_INDICATOR_Adult_nonsmoked_svy_yr,,,,,,,. . .,,,,,2026-01-30T10:45:51Z,2024,2024-01-01,2024-12-31
4529506,TOBACCO_MPOWER_M2_SMOKELESSECIGARETTES,COUNTRY,LCA,AMR,Americas,YEAR,2024,TOBACCO_INDICATOR,TOBACCO_INDICATOR_Adult_nonsmoked_svy_title,,,,,,,STEPS Survey,,,,,2025-07-24T14:32:31Z,2024,2024-01-01,2024-12-31
4544032,TOBACCO_MPOWER_M2_SMOKELESSECIGARETTES,COUNTRY,KOR,WPR,Western Pacific,YEAR,2024,TOBACCO_INDICATOR,TOBACCO_INDICATOR_Adult_nonsmoked_svy_yr,,,,,,,2023,,,,,2026-01-30T10:45:51Z,2024,2024-01-01,2024-12-31
4546746,TOBACCO_MPOWER_M2_SMOKELESSECIGARETTES,COUNTRY,EST,EUR,Europe,YEAR,2024,TOBACCO_INDICATOR,TOBACCO_INDICATOR_Adult_nonsmoked_national,,,,,,,National,,,,,2025-07-24T14:32:31Z,2024,2024-01-01,2024-12-31
4554367,TOBACCO_MPOWER_M2_SMOKELESSECIGARETTES,COUNTRY,DJI,EMR,Eastern Mediterranean,YEAR,2024,TOBACCO_INDICATOR,TOBACCO_INDICATOR_Adult_nonsmoked_national,,,,,,,. . .,,,,,2025-07-24T14:32:31Z,2024,2024-01-01,2024-12-31
4564256,TOBACCO_MPOWER_M2_SMOKELESSECIGARETTES,COUNTRY,RUS,EUR,Europe,YEAR,2024,TOBACCO_INDICATOR,TOBACCO_INDICATOR_Adult_nonsmoked_svy_title,,,,,,,Росстат. Выборочное наблюдение состояния здоровья населения. Selective monitoring of the health of the population survey (Rosstat),,,,,2025-07-24T14:32:31Z,2024,2024-01-01,2024-12-31
4580044,TOBACCO_MPOWER_M2_SMOKELESSECIGARETTES,COUNTRY,OMN,EMR,Eastern Mediterranean,YEAR,2024,TOBACCO_INDICATOR,TOBACCO_INDICATOR_Adult_nonsmoked_svy_yr,,,,,,,2017,,,,,2026-01-30T10:45:51Z,2024,2024-01-01,2024-12-31
4593270,TOBACCO_MPOWER_M2_SMOKELESSECIGARETTES,COUNTRY,CHN,WPR,Western Pacific,YEAR,2024,TOBACCO_INDICATOR,TOBACCO_INDICATOR_Adult_nonsmoked_age_grp,,,,,,,15+,,,,,2025-07-24T14:32:31Z,2024,2024-01-01,2024-12-31
4596805,TOBACCO_MPOWER_M2_SMOKELESSECIGARETTES,COUNTRY,TON,WPR,Western Pacific,YEAR,2024,TOBACCO_INDICATOR,TOBACCO_INDICATOR_Adult_nonsmoked_svy_title,,,,,,,. . .,,,,,2025-07-24T14:32:31Z,2024,2024-01-01,2024-12-31
4607371,TOBACCO_MPOWER_M2_SMOKELESSECIGARETTES,COUNTRY,ZWE,AFR,Africa,YEAR,2024,TOBACCO_INDICATOR,TOBACCO_INDICATOR_Adult_nonsmoked_svy_title,,,,,,,Demographic and Health Survey,,,,,2025-07-24T14:32:31Z,2024,2024-01-01,2024-12-31
4607768,TOBACCO_MPOWER_M2_SMOKELESSECIGARETTES,COUNTRY,FRA,EUR,Europe,YEAR,2024,TOBACCO_INDICATOR,TOBACCO_INDICATOR_Adult_nonsmoked_age_grp,,,,,,,18-75,,,,,2025-07-24T14:32:31Z,2024,2024-01-01,2024-12-31
4615056,TOBACCO_MPOWER_M2_SMOKELESSECIGARETTES,COUNTRY,ARM,EUR,Europe,YEAR,2024,TOBACCO_INDICATOR,TOBACCO_INDICATOR_Adult_nonsmoked_national,,,,,,,National,,,,,2025-07-24T14:32:31Z,2024,2024-01-01,2024-12-31
4638733,TOBACCO_MPOWER_M2_SMOKELESSECIGARETTES,COUNTRY,BTN,SEAR,South-East Asia,YEAR,2024,TOBACCO_INDICATOR,TOBACCO_INDICATOR_Adult_nonsmoked_svy_title,,,,,,,National Health Survey,,,,,2025-07-24T14:32:31Z,2024,2024-01-01,2024-12-31
4641644,TOBACCO_MPOWER_M2_SMOKELESSECIGARETTES,COUNTRY,BGR,EUR,Europe,YEAR,2024,TOBACCO_INDICATOR,TOBACCO_INDICATOR_Adult_nonsmoked_national,,,,,,,National,,,,,2025-07-24T14:32:31Z,2024,2024-01-01,2024-12-31
4651357,TOBACCO_MPOWER_M2_SMOKELESSECIGARETTES,COUNTRY,KHM,WPR,Western Pacific,YEAR,2024,TOBACCO_INDICATOR,TOBACCO_INDICATOR_Adult_nonsmoked_national,,,,,,,National,,,,,2025-07-24T14:32:31Z,2024,2024-01-01,2024-12-31
4657464,TOBACCO_MPOWER_M2_SMOKELESSECIGARETTES,COUNTRY,VUT,WPR,Western Pacific,YEAR,2024,TOBACCO_INDICATOR,TOBACCO_INDICATOR_Adult_nonsmoked_national,,,,,,,. . .,,,,,2025-07-24T14:32:31Z,2024,2024-01-01,2024-12-31
4686169,TOBACCO_MPOWER_M2_SMOKELESSECIGARETTES,COUNTRY,NAM,AFR,Africa,YEAR,2024,TOBACCO_INDICATOR,TOBACCO_INDICATOR_Adult_nonsmoked_age_grp,,,,,,,15-49,,,,,2025-07-24T14:32:31Z,2024,2024-01-01,2024-12-31
4692700,TOBACCO_MPOWER_M2_SMOKELESSECIGARETTES,COUNTRY,IRQ,EMR,Eastern Mediterranean,YEAR,2024,TOBACCO_INDICATOR,TOBACCO_INDICATOR_Adult_nonsmoked_svy_title,,,,,,,STEPS Survey,,,,,2025-07-24T14:32:31Z,2024,2024-01-01,2024-12-31
4717870,TOBACCO_MPOWER_M2_SMOKELESSECIGARETTES,COUNTRY,SLV,AMR,Americas,YEAR,2024,TOBACCO_INDICATOR,TOBACCO_INDICATOR_Adult_nonsmoked_national,,,,,,,National,,,,,2025-07-24T14:32:31Z,2024,2024-01-01,2024-12-31
4719310,TOBACCO_MPOWER_M2_SMOKELESSECIGARETTES,COUNTRY,LVA,EUR,Europe,YEAR,2024,TOBACCO_INDICATOR,TOBACCO_INDICATOR_Adult_nonsmoked_svy_title,,,,,,,Health behaviour among Latvian adult population,,,,,2025-07-24T14:32:31Z,2024,2024-01-01,2024-12-31
4738269,TOBACCO_MPOWER_M2_SMOKELESSECIGARETTES,COUNTRY,NER,AFR,Africa,YEAR,2024,TOBACCO_INDICATOR,TOBACCO_INDICATOR_Adult_nonsmoked_national,,,,,,,National,,,,,2025-07-24T14:32:31Z,2024,2024-01-01,2024-12-31
4754698,TOBACCO_MPOWER_M2_SMOKELESSECIGARETTES,COUNTRY,MOZ,AFR,Africa,YEAR,2024,TOBACCO_INDICATOR,TOBACCO_INDICATOR_Adult_nonsmoked_svy_yr,,,,,,,2022-23,,,,,2026-01-30T10:45:51Z,2024,2024-01-01,2024-12-31
4790843,TOBACCO_MPOWER_M2_SMOKELESSECIGARETTES,COUNTRY,UZB,EUR,Europe,YEAR,2024,TOBACCO_INDICATOR,TOBACCO_INDICATOR_Adult_nonsmoked_svy_yr,,,,,,,2019,,,,,2026-01-30T10:45:51Z,2024,2024-01-01,2024-12-31
4793400,TOBACCO_MPOWER_M2_SMOKELESSECIGARETTES,COUNTRY,PNG,WPR,Western Pacific,YEAR,2024,TOBACCO_INDICATOR,TOBACCO_INDICATOR_Adult_nonsmoked_national,,,,,,,. . .,,,,,2025-07-24T14:32:31Z,2024,2024-01-01,2024-12-31
4825031,TOBACCO_MPOWER_M2_SMOKELESSECIGARETTES,COUNTRY,MMR,SEAR,South-East Asia,YEAR,2024,TOBACCO_INDICATOR,TOBACCO_INDICATOR_Adult_nonsmoked_national,,,,,,,National,,,,,2025-07-24T14:32:31Z,2024,2024-01-01,2024-12-31
4839863,TOBACCO_MPOWER_M2_SMOKELESSECIGARETTES,COUNTRY,LCA,AMR,Americas,YEAR,2024,TOBACCO_INDICATOR,TOBACCO_INDICATOR_Adult_nonsmoked_svy_yr,,,,,,,2019-20,,,,,2026-01-30T10:45:51Z,2024,2024-01-01,2024-12-31
4878794,TOBACCO_MPOWER_M2_SMOKELESSECIGARETTES,COUNTRY,SOM,EMR,Eastern Mediterranean,YEAR,2024,TOBACCO_INDICATOR,TOBACCO_INDICATOR_Adult_nonsmoked_svy_title,,,,,,,. . .,,,,,2025-07-24T14:32:31Z,2024,2024-01-01,2024-12-31
4883764,TOBACCO_MPOWER_M2_SMOKELESSECIGARETTES,COUNTRY,AFG,EMR,Eastern Mediterranean,YEAR,2024,TOBACCO_INDICATOR,TOBACCO_INDICATOR_Adult_nonsmoked_svy_yr,,,,,,,2019,,,,,2026-01-30T10:45:51Z,2024,2024-01-01,2024-12-31
4897735,TOBACCO_MPOWER_M2_SMOKELESSECIGARETTES,COUNTRY,CUB,AMR,Americas,YEAR,2024,TOBACCO_INDICATOR,TOBACCO_INDICATOR_Adult_nonsmoked_svy_title,,,,,,,. . .,,,,,2025-07-24T14:32:31Z,2024,2024-01-01,2024-12-31
4939632,TOBACCO_MPOWER_M2_SMOKELESSECIGARETTES,COUNTRY,CAF,AFR,Africa,YEAR,2024,TOBACCO_INDICATOR,TOBACCO_INDICATOR_Adult_nonsmoked_svy_yr,,,,,,,. . .,,,,,2026-01-30T10:45:51Z,2024,2024-01-01,2024-12-31
4957719,TOBACCO_MPOWER_M2_SMOKELESSECIGARETTES,COUNTRY,MAR,EMR,Eastern Mediterranean,YEAR,2024,TOBACCO_INDICATOR,TOBACCO_INDICATOR_Adult_nonsmoked_national,,,,,,,National,,,,,2025-07-24T14:32:31Z,2024,2024-01-01,2024-12-31
4977632,TOBACCO_MPOWER_M2_SMOKELESSECIGARETTES,COUNTRY,ESP,EUR,Europe,YEAR,2024,TOBACCO_INDICATOR,TOBACCO_INDICATOR_Adult_nonsmoked_svy_yr,,,,,,,2024,,,,,2026-01-30T10:45:51Z,2024,2024-01-01,2024-12-31
4981213,TOBACCO_MPOWER_M2_SMOKELESSECIGARETTES,COUNTRY,TUN,EMR,Eastern Mediterranean,YEAR,2024,TOBACCO_INDICATOR,TOBACCO_INDICATOR_Adult_nonsmoked_national,,,,,,,National,,,,,2025-07-24T14:32:31Z,2024,2024-01-01,2024-12-31
4984644,TOBACCO_MPOWER_M2_SMOKELESSECIGARETTES,COUNTRY,YEM,EMR,Eastern Mediterranean,YEAR,2024,TOBACCO_INDICATOR,TOBACCO_INDICATOR_Adult_nonsmoked_age_grp,,,,,,,15+,,,,,2025-07-24T14:32:31Z,2024,2024-01-01,2024-12-31
5000638,TOBACCO_MPOWER_M2_SMOKELESSECIGARETTES,COUNTRY,TJK,EUR,Europe,YEAR,2024,TOBACCO_INDICATOR,TOBACCO_INDICATOR_Adult_nonsmoked_national,,,,,,,National,,,,,2025-07-24T14:32:31Z,2024,2024-01-01,2024-12-31
5003675,TOBACCO_MPOWER_M2_SMOKELESSECIGARETTES,COUNTRY,BOL,AMR,Americas,YEAR,2024,TOBACCO_INDICATOR,TOBACCO_INDICATOR_Adult_nonsmoked_svy_yr,,,,,,,2019,,,,,2026-01-30T10:45:51Z,2024,2024-01-01,2024-12-31
5004111,TOBACCO_MPOWER_M2_SMOKELESSECIGARETTES,COUNTRY,VNM,WPR,Western Pacific,YEAR,2024,TOBACCO_INDICATOR,TOBACCO_INDICATOR_Adult_nonsmoked_age_grp,,,,,,,15+,,,,,2025-07-24T14:32:31Z,2024,2024-01-01,2024-12-31
5015420,TOBACCO_MPOWER_M2_SMOKELESSECIGARETTES,COUNTRY,NOR,EUR,Europe,YEAR,2024,TOBACCO_INDICATOR,TOBACCO_INDICATOR_Adult_nonsmoked_svy_yr,,,,,,,2024,,,,,2026-01-30T10:45:51Z,2024,2024-01-01,2024-12-31
5041760,TOBACCO_MPOWER_M2_SMOKELESSECIGARETTES,COUNTRY,PRY,AMR,Americas,YEAR,2024,TOBACCO_INDICATOR,TOBACCO_INDICATOR_Adult_nonsmoked_national,,,,,,,National,,,,,2025-07-24T14:32:31Z,2024,2024-01-01,2024-12-31
5058969,TOBACCO_MPOWER_M2_SMOKELESSECIGARETTES,COUNTRY,GAB,AFR,Africa,YEAR,2024,TOBACCO_INDICATOR,TOBACCO_INDICATOR_Adult_nonsmoked_national,,,,,,,National,,,,,2025-07-24T14:32:31Z,2024,2024-01-01,2024-12-31
5089596,TOBACCO_MPOWER_M2_SMOKELESSECIGARETTES,COUNTRY,COD,AFR,Africa,YEAR,2024,TOBACCO_INDICATOR,TOBACCO_INDICATOR_Adult_nonsmoked_national,,,,,,,. . .,,,,,2025-07-24T14:32:31Z,2024,2024-01-01,2024-12-31
5121396,TOBACCO_MPOWER_M2_SMOKELESSECIGARETTES,COUNTRY,VEN,AMR,Americas,YEAR,2024,TOBACCO_INDICATOR,TOBACCO_INDICATOR_Adult_nonsmoked_age_grp,,,,,,,18-65,,,,,2025-07-24T14:32:31Z,2024,2024-01-01,2024-12-31
5128750,TOBACCO_MPOWER_M2_SMOKELESSECIGARETTES,COUNTRY,MLT,EUR,Europe,YEAR,2024,TOBACCO_INDICATOR,TOBACCO_INDICATOR_Adult_nonsmoked_national,,,,,,,National,,,,,2025-07-24T14:32:31Z,2024,2024-01-01,2024-12-31
5130162,TOBACCO_MPOWER_M2_SMOKELESSECIGARETTES,COUNTRY,COD,AFR,Africa,YEAR,2024,TOBACCO_INDICATOR,TOBACCO_INDICATOR_Adult_nonsmoked_svy_yr,,,,,,,. . .,,,,,2026-01-30T10:45:51Z,2024,2024-01-01,2024-12-31
5163433,TOBACCO_MPOWER_M2_SMOKELESSECIGARETTES,COUNTRY,CAF,AFR,Africa,YEAR,2024,TOBACCO_INDICATOR,TOBACCO_INDICATOR_Adult_nonsmoked_age_grp,,,,,,,. . .,,,,,2025-07-24T14:32:31Z,2024,2024-01-01,2024-12-31
5175840,TOBACCO_MPOWER_M2_SMOKELESSECIGARETTES,COUNTRY,GNB,AFR,Africa,YEAR,2024,TOBACCO_INDICATOR,TOBACCO_INDICATOR_Adult_nonsmoked_age_grp,,,,,,,. . .,,,,,2025-07-24T14:32:31Z,2024,2024-01-01,2024-12-31
5187951,TOBACCO_MPOWER_M2_SMOKELESSECIGARETTES,COUNTRY,LBR,AFR,Africa,YEAR,2024,TOBACCO_INDICATOR,TOBACCO_INDICATOR_Adult_nonsmoked_age_grp,,,,,,,15-59 (men) 15-49 (women),,,,,2025-07-24T14:32:31Z,2024,2024-01-01,2024-12-31
5219979,TOBACCO_MPOWER_M2_SMOKELESSECIGARETTES,COUNTRY,LAO,WPR,Western Pacific,YEAR,2024,TOBACCO_INDICATOR,TOBACCO_INDICATOR_Adult_nonsmoked_national,,,,,,,National,,,,,2025-07-24T14:32:31Z,2024,2024-01-01,2024-12-31
5226517,TOBACCO_MPOWER_M2_SMOKELESSECIGARETTES,COUNTRY,TZA,AFR,Africa,YEAR,2024,TOBACCO_INDICATOR,TOBACCO_INDICATOR_Adult_nonsmoked_age_grp,,,,,,,15-49,,,,,2025-07-24T14:32:31Z,2024,2024-01-01,2024-12-31
5227908,TOBACCO_MPOWER_M2_SMOKELESSECIGARETTES,COUNTRY,MEX,AMR,Americas,YEAR,2024,TOBACCO_INDICATOR,TOBACCO_INDICATOR_Adult_nonsmoked_svy_title,,,,,,,Global Adult Tobacco Survey (GATS),,,,,2025-07-24T14:32:31Z,2024,2024-01-01,2024-12-31
5228576,TOBACCO_MPOWER_M2_SMOKELESSECIGARETTES,COUNTRY,PLW,WPR,Western Pacific,YEAR,2024,TOBACCO_INDICATOR,TOBACCO_INDICATOR_Adult_nonsmoked_svy_yr,,,,,,,2023,,,,,2026-01-30T10:45:51Z,2024,2024-01-01,2024-12-31
5231758,TOBACCO_MPOWER_M2_SMOKELESSECIGARETTES,COUNTRY,COK,WPR,Western Pacific,YEAR,2024,TOBACCO_INDICATOR,TOBACCO_INDICATOR_Adult_nonsmoked_national,,,,,,,. . .,,,,,2025-07-24T14:32:31Z,2024,2024-01-01,2024-12-31
5243993,TOBACCO_MPOWER_M2_SMOKELESSECIGARETTES,COUNTRY,PRK,SEAR,South-East Asia,YEAR,2024,TOBACCO_INDICATOR,TOBACCO_INDICATOR_Adult_nonsmoked_svy_yr,,,,,,,2017,,,,,2026-01-30T10:45:51Z,2024,2024-01-01,2024-12-31
5245967,TOBACCO_MPOWER_M2_SMOKELESSECIGARETTES,COUNTRY,BTN,SEAR,South-East Asia,YEAR,2024,TOBACCO_INDICATOR,TOBACCO_INDICATOR_Adult_nonsmoked_national,,,,,,,National,,,,,2025-07-24T14:32:31Z,2024,2024-01-01,2024-12-31
5279457,TOBACCO_MPOWER_M2_SMOKELESSECIGARETTES,COUNTRY,SUR,AMR,Americas,YEAR,2024,TOBACCO_INDICATOR,TOBACCO_INDICATOR_Adult_nonsmoked_svy_yr,,,,,,,. . .,,,,,2026-01-30T10:45:51Z,2024,2024-01-01,2024-12-31
5289335,TOBACCO_MPOWER_M2_SMOKELESSECIGARETTES,COUNTRY,DEU,EUR,Europe,YEAR,2024,TOBACCO_INDICATOR,TOBACCO_INDICATOR_Adult_nonsmoked_age_grp,,,,,,,18-64,,,,,2025-07-24T14:32:31Z,2024,2024-01-01,2024-12-31
5307092,TOBACCO_MPOWER_M2_SMOKELESSECIGARETTES,COUNTRY,UZB,EUR,Europe,YEAR,2024,TOBACCO_INDICATOR,TOBACCO_INDICATOR_Adult_nonsmoked_age_grp,,,,,,,18-69,,,,,2025-07-24T14:32:31Z,2024,2024-01-01,2024-12-31
5310414,TOBACCO_MPOWER_M2_SMOKELESSECIGARETTES,COUNTRY,QAT,EMR,Eastern Mediterranean,YEAR,2024,TOBACCO_INDICATOR,TOBACCO_INDICATOR_Adult_nonsmoked_age_grp,,,,,,,18-69,,,,,2025-07-24T14:32:31Z,2024,2024-01-01,2024-12-31
5351538,TOBACCO_MPOWER_M2_SMOKELESSECIGARETTES,COUNTRY,COG,AFR,Africa,YEAR,2024,TOBACCO_INDICATOR,TOBACCO_INDICATOR_Adult_nonsmoked_svy_yr,,,,,,,. . .,,,,,2026-01-30T10:45:51Z,2024,2024-01-01,2024-12-31
5407770,TOBACCO_MPOWER_M2_SMOKELESSECIGARETTES,COUNTRY,FJI,WPR,Western Pacific,YEAR,2024,TOBACCO_INDICATOR,TOBACCO_INDICATOR_Adult_nonsmoked_national,,,,,,,. . .,,,,,2025-07-24T14:32:31Z,2024,2024-01-01,2024-12-31
5409527,TOBACCO_MPOWER_M2_SMOKELESSECIGARETTES,COUNTRY,FIN,EUR,Europe,YEAR,2024,TOBACCO_INDICATOR,TOBACCO_INDICATOR_Adult_nonsmoked_national,,,,,,,National,,,,,2025-07-24T14:32:31Z,2024,2024-01-01,2024-12-31
5432115,TOBACCO_MPOWER_M2_SMOKELESSECIGARETTES,COUNTRY,SVK,EUR,Europe,YEAR,2024,TOBACCO_INDICATOR,TOBACCO_INDICATOR_Adult_nonsmoked_svy_yr,,,,,,,2017,,,,,2026-01-30T10:45:51Z,2024,2024-01-01,2024-12-31
5435631,TOBACCO_MPOWER_M2_SMOKELESSECIGARETTES,COUNTRY,BLR,EUR,Europe,YEAR,2024,TOBACCO_INDICATOR,TOBACCO_INDICATOR_Adult_nonsmoked_svy_yr,,,,,,,2020,,,,,2026-01-30T10:45:51Z,2024,2024-01-01,2024-12-31
5437366,TOBACCO_MPOWER_M2_SMOKELESSECIGARETTES,COUNTRY,NIC,AMR,Americas,YEAR,2024,TOBACCO_INDICATOR,TOBACCO_INDICATOR_Adult_nonsmoked_svy_title,,,,,,,. . .,,,,,2025-07-24T14:32:31Z,2024,2024-01-01,2024-12-31
5439339,TOBACCO_MPOWER_M2_SMOKELESSECIGARETTES,COUNTRY,LBN,EMR,Eastern Mediterranean,YEAR,2024,TOBACCO_INDICATOR,TOBACCO_INDICATOR_Adult_nonsmoked_national,,,,,,,National,,,,,2025-07-24T14:32:31Z,2024,2024-01-01,2024-12-31
5463027,TOBACCO_MPOWER_M2_SMOKELESSECIGARETTES,COUNTRY,IRN,EMR,Eastern Mediterranean,YEAR,2024,TOBACCO_INDICATOR,TOBACCO_INDICATOR_Adult_nonsmoked_national,,,,,,,National,,,,,2025-07-24T14:32:31Z,2024,2024-01-01,2024-12-31
5473743,TOBACCO_MPOWER_M2_SMOKELESSECIGARETTES,COUNTRY,IRL,EUR,Europe,YEAR,2024,TOBACCO_INDICATOR,TOBACCO_INDICATOR_Adult_nonsmoked_age_grp,,,,,,,15+,,,,,2025-07-24T14:32:31Z,2024,2024-01-01,2024-12-31
5489860,TOBACCO_MPOWER_M2_SMOKELESSECIGARETTES,COUNTRY,WSM,WPR,Western Pacific,YEAR,2024,TOBACCO_INDICATOR,TOBACCO_INDICATOR_Adult_nonsmoked_svy_title,,,,,,,Samoa STEPS,,,,,2025-07-24T14:32:31Z,2024,2024-01-01,2024-12-31
5521143,TOBACCO_MPOWER_M2_SMOKELESSECIGARETTES,COUNTRY,KIR,WPR,Western Pacific,YEAR,2024,TOBACCO_INDICATOR,TOBACCO_INDICATOR_Adult_nonsmoked_age_grp,,,,,,,18-69,,,,,2025-07-24T14:32:31Z,2024,2024-01-01,2024-12-31
5548146,TOBACCO_MPOWER_M2_SMOKELESSECIGARETTES,COUNTRY,PNG,WPR,Western Pacific,YEAR,2024,TOBACCO_INDICATOR,TOBACCO_INDICATOR_Adult_nonsmoked_svy_yr,,,,,,,. . .,,,,,2026-01-30T10:45:51Z,2024,2024-01-01,2024-12-31
5577004,TOBACCO_MPOWER_M2_SMOKELESSECIGARETTES,COUNTRY,SEN,AFR,Africa,YEAR,2024,TOBACCO_INDICATOR,TOBACCO_INDICATOR_Adult_nonsmoked_svy_yr,,,,,,,2023,,,,,2026-01-30T10:45:51Z,2024,2024-01-01,2024-12-31
5589196,TOBACCO_MPOWER_M2_SMOKELESSECIGARETTES,COUNTRY,LBY,EMR,Eastern Mediterranean,YEAR,2024,TOBACCO_INDICATOR,TOBACCO_INDICATOR_Adult_nonsmoked_age_grp,,,,,,,18-69,,,,,2025-07-24T14:32:31Z,2024,2024-01-01,2024-12-31
5589423,TOBACCO_MPOWER_M2_SMOKELESSECIGARETTES,COUNTRY,FJI,WPR,Western Pacific,YEAR,2024,TOBACCO_INDICATOR,TOBACCO_INDICATOR_Adult_nonsmoked_svy_yr,,,,,,,. . .,,,,,2026-01-30T10:45:51Z,2024,2024-01-01,2024-12-31
5606308,TOBACCO_MPOWER_M2_SMOKELESSECIGARETTES,COUNTRY,ISL,EUR,Europe,YEAR,2024,TOBACCO_INDICATOR,TOBACCO_INDICATOR_Adult_nonsmoked_svy_yr,,,,,,,2023,,,,,2026-01-30T10:45:51Z,2024,2024-01-01,2024-12-31
5621891,TOBACCO_MPOWER_M2_SMOKELESSECIGARETTES,COUNTRY,MAR,EMR,Eastern Mediterranean,YEAR,2024,TOBACCO_INDICATOR,TOBACCO_INDICATOR_Adult_nonsmoked_svy_title,,,,,,,STEPS Survey,,,,,2025-07-24T14:32:31Z,2024,2024-01-01,2024-12-31
5654330,TOBACCO_MPOWER_M2_SMOKELESSECIGARETTES,COUNTRY,LTU,EUR,Europe,YEAR,2024,TOBACCO_INDICATOR,TOBACCO_INDICATOR_Adult_nonsmoked_svy_title,,,,,,,GPS Study - Study of the Prevalence of Psychoactive Substance Use in the General Population,,,,,2025-07-24T14:32:31Z,2024,2024-01-01,2024-12-31
5675856,TOBACCO_MPOWER_M2_SMOKELESSECIGARETTES,COUNTRY,SSD,AFR,Africa,YEAR,2024,TOBACCO_INDICATOR,TOBACCO_INDICATOR_Adult_nonsmoked_svy_title,,,,,,,. . .,,,,,2025-07-24T14:32:31Z,2024,2024-01-01,2024-12-31
5687199,TOBACCO_MPOWER_M2_SMOKELESSECIGARETTES,COUNTRY,TZA,AFR,Africa,YEAR,2024,TOBACCO_INDICATOR,TOBACCO_INDICATOR_Adult_nonsmoked_svy_title,,,,,,,Demographic and Health Survey,,,,,2025-07-24T14:32:31Z,2024,2024-01-01,2024-12-31
5708416,TOBACCO_MPOWER_M2_SMOKELESSECIGARETTES,COUNTRY,ROU,EUR,Europe,YEAR,2024,TOBACCO_INDICATOR,TOBACCO_INDICATOR_Adult_nonsmoked_national,,,,,,,National,,,,,2025-07-24T14:32:31Z,2024,2024-01-01,2024-12-31
5719578,TOBACCO_MPOWER_M2_SMOKELESSECIGARETTES,COUNTRY,HRV,EUR,Europe,YEAR,2024,TOBACCO_INDICATOR,TOBACCO_INDICATOR_Adult_nonsmoked_national,,,,,,,National,,,,,2025-07-24T14:32:31Z,2024,2024-01-01,2024-12-31
5739020,TOBACCO_MPOWER_M2_SMOKELESSECIGARETTES,COUNTRY,JPN,WPR,Western Pacific,YEAR,2024,TOBACCO_INDICATOR,TOBACCO_INDICATOR_Adult_nonsmoked_national,,,,,,,. . .,,,,,2025-07-24T14:32:31Z,2024,2024-01-01,2024-12-31
5786054,TOBACCO_MPOWER_M2_SMOKELESSECIGARETTES,COUNTRY,CIV,AFR,Africa,YEAR,2024,TOBACCO_INDICATOR,TOBACCO_INDICATOR_Adult_nonsmoked_svy_yr,,,,,,,2021,,,,,2026-01-30T10:45:51Z,2024,2024-01-01,2024-12-31
5808236,TOBACCO_MPOWER_M2_SMOKELESSECIGARETTES,COUNTRY,SSD,AFR,Africa,YEAR,2024,TOBACCO_INDICATOR,TOBACCO_INDICATOR_Adult_nonsmoked_age_grp,,,,,,,. . .,,,,,2025-07-24T14:32:31Z,2024,2024-01-01,2024-12-31
5809791,TOBACCO_MPOWER_M2_SMOKELESSECIGARETTES,COUNTRY,SOM,EMR,Eastern Mediterranean,YEAR,2024,TOBACCO_INDICATOR,TOBACCO_INDICATOR_Adult_nonsmoked_svy_yr,,,,,,,. . .,,,,,2026-01-30T10:45:51Z,2024,2024-01-01,2024-12-31
5811516,TOBACCO_MPOWER_M2_SMOKELESSECIGARETTES,COUNTRY,BDI,AFR,Africa,YEAR,2024,TOBACCO_INDICATOR,TOBACCO_INDICATOR_Adult_nonsmoked_age_grp,,,,,,,15-59 (men) 15-49 (women),,,,,2025-07-24T14:32:31Z,2024,2024-01-01,2024-12-31
5813983,TOBACCO_MPOWER_M2_SMOKELESSECIGARETTES,COUNTRY,IRL,EUR,Europe,YEAR,2024,TOBACCO_INDICATOR,TOBACCO_INDICATOR_Adult_nonsmoked_national,,,,,,,National,,,,,2025-07-24T14:32:31Z,2024,2024-01-01,2024-12-31
5817902,TOBACCO_MPOWER_M2_SMOKELESSECIGARETTES,COUNTRY,PSE,EMR,Eastern Mediterranean,YEAR,2024,TOBACCO_INDICATOR,TOBACCO_INDICATOR_Adult_nonsmoked_svy_title,,,,,,,TQS survey,,,,,2025-07-24T14:32:31Z,2024,2024-01-01,2024-12-31
5834692,TOBACCO_MPOWER_M2_SMOKELESSECIGARETTES,COUNTRY,IDN,WPR,Western Pacific,YEAR,2024,TOBACCO_INDICATOR,TOBACCO_INDICATOR_Adult_nonsmoked_svy_yr,,,,,,,2023,,,,,2026-01-30T10:45:51Z,2024,2024-01-01,2024-12-31
5842682,TOBACCO_MPOWER_M2_SMOKELESSECIGARETTES,COUNTRY,BOL,AMR,Americas,YEAR,2024,TOBACCO_INDICATOR,TOBACCO_INDICATOR_Adult_nonsmoked_national,,,,,,,National,,,,,2025-07-24T14:32:31Z,2024,2024-01-01,2024-12-31
5848864,TOBACCO_MPOWER_M2_SMOKELESSECIGARETTES,COUNTRY,AUT,EUR,Europe,YEAR,2024,TOBACCO_INDICATOR,TOBACCO_INDICATOR_Adult_nonsmoked_age_grp,,,,,,,15+,,,,,2025-07-24T14:32:31Z,2024,2024-01-01,2024-12-31
5852134,TOBACCO_MPOWER_M2_SMOKELESSECIGARETTES,COUNTRY,NLD,EUR,Europe,YEAR,2024,TOBACCO_INDICATOR,TOBACCO_INDICATOR_Adult_nonsmoked_national,,,,,,,National,,,,,2025-07-24T14:32:31Z,2024,2024-01-01,2024-12-31
5863748,TOBACCO_MPOWER_M2_SMOKELESSECIGARETTES,COUNTRY,VNM,WPR,Western Pacific,YEAR,2024,TOBACCO_INDICATOR,TOBACCO_INDICATOR_Adult_nonsmoked_svy_yr,,,,,,,2020,,,,,2026-01-30T10:45:51Z,2024,2024-01-01,2024-12-31
5869684,TOBACCO_MPOWER_M2_SMOKELESSECIGARETTES,COUNTRY,SWZ,AFR,Africa,YEAR,2024,TOBACCO_INDICATOR,TOBACCO_INDICATOR_Adult_nonsmoked_national,,,,,,,National,,,,,2025-07-24T14:32:31Z,2024,2024-01-01,2024-12-31
5879782,TOBACCO_MPOWER_M2_SMOKELESSECIGARETTES,COUNTRY,LUX,EUR,Europe,YEAR,2024,TOBACCO_INDICATOR,TOBACCO_INDICATOR_Adult_nonsmoked_age_grp,,,,,,,16+,,,,,2025-07-24T14:32:31Z,2024,2024-01-01,2024-12-31
5884988,TOBACCO_MPOWER_M2_SMOKELESSECIGARETTES,COUNTRY,SMR,EUR,Europe,YEAR,2024,TOBACCO_INDICATOR,TOBACCO_INDICATOR_Adult_nonsmoked_national,,,,,,,. . .,,,,,2025-07-24T14:32:31Z,2024,2024-01-01,2024-12-31
5890718,TOBACCO_MPOWER_M2_SMOKELESSECIGARETTES,COUNTRY,BEL,EUR,Europe,YEAR,2024,TOBACCO_INDICATOR,TOBACCO_INDICATOR_Adult_nonsmoked_age_grp,,,,,,,15-75,,,,,2025-07-24T14:32:31Z,2024,2024-01-01,2024-12-31
5892104,TOBACCO_MPOWER_M2_SMOKELESSECIGARETTES,COUNTRY,PRK,SEAR,South-East Asia,YEAR,2024,TOBACCO_INDICATOR,TOBACCO_INDICATOR_Adult_nonsmoked_national,,,,,,,National,,,,,2025-07-24T14:32:31Z,2024,2024-01-01,2024-12-31
5899783,TOBACCO_MPOWER_M2_SMOKELESSECIGARETTES,COUNTRY,VUT,WPR,Western Pacific,YEAR,2024,TOBACCO_INDICATOR,TOBACCO_INDICATOR_Adult_nonsmoked_age_grp,,,,,,,. . .,,,,,2025-07-24T14:32:31Z,2024,2024-01-01,2024-12-31
5906856,TOBACCO_MPOWER_M2_SMOKELESSECIGARETTES,COUNTRY,TCD,AFR,Africa,YEAR,2024,TOBACCO_INDICATOR,TOBACCO_INDICATOR_Adult_nonsmoked_age_grp,,,,,,,. . .,,,,,2025-07-24T14:32:31Z,2024,2024-01-01,2024-12-31
5920775,TOBACCO_MPOWER_M2_SMOKELESSECIGARETTES,COUNTRY,MWI,AFR,Africa,YEAR,2024,TOBACCO_INDICATOR,TOBACCO_INDICATOR_Adult_nonsmoked_national,,,,,,,National,,,,,2025-07-24T14:32:31Z,2024,2024-01-01,2024-12-31
5982995,TOBACCO_MPOWER_M2_SMOKELESSECIGARETTES,COUNTRY,CRI,AMR,Americas,YEAR,2024,TOBACCO_INDICATOR,TOBACCO_INDICATOR_Adult_nonsmoked_svy_yr,,,,,,,2022,,,,,2026-01-30T10:45:51Z,2024,2024-01-01,2024-12-31
6006165,TOBACCO_MPOWER_M2_SMOKELESSECIGARETTES,COUNTRY,KHM,WPR,Western Pacific,YEAR,2024,TOBACCO_INDICATOR,TOBACCO_INDICATOR_Adult_nonsmoked_svy_title,,,,,,,National Adult Tobacco Survey of Cambodia,,,,,2025-07-24T14:32:31Z,2024,2024-01-01,2024-12-31
6009460,TOBACCO_MPOWER_M2_SMOKELESSECIGARETTES,COUNTRY,SWZ,AFR,Africa,YEAR,2024,TOBACCO_INDICATOR,TOBACCO_INDICATOR_Adult_nonsmoked_svy_yr,,,,,,,2014,,,,,2026-01-30T10:45:51Z,2024,2024-01-01,2024-12-31
6018523,TOBACCO_MPOWER_M2_SMOKELESSECIGARETTES,COUNTRY,SSD,AFR,Africa,YEAR,2024,TOBACCO_INDICATOR,TOBACCO_INDICATOR_Adult_nonsmoked_svy_yr,,,,,,,. . .,,,,,2026-01-30T10:45:51Z,2024,2024-01-01,2024-12-31
6018579,TOBACCO_MPOWER_M2_SMOKELESSECIGARETTES,COUNTRY,SOM,EMR,Eastern Mediterranean,YEAR,2024,TOBACCO_INDICATOR,TOBACCO_INDICATOR_Adult_nonsmoked_national,,,,,,,. . .,,,,,2025-07-24T14:32:31Z,2024,2024-01-01,2024-12-31
6042770,TOBACCO_MPOWER_M2_SMOKELESSECIGARETTES,COUNTRY,PAN,AMR,Americas,YEAR,2024,TOBACCO_INDICATOR,TOBACCO_INDICATOR_Adult_nonsmoked_svy_yr,,,,,,,2019,,,,,2026-01-30T10:45:51Z,2024,2024-01-01,2024-12-31
6046478,TOBACCO_MPOWER_M2_SMOKELESSECIGARETTES,COUNTRY,LSO,AFR,Africa,YEAR,2024,TOBACCO_INDICATOR,TOBACCO_INDICATOR_Adult_nonsmoked_svy_yr,,,,,,,2014,,,,,2026-01-30T10:45:51Z,2024,2024-01-01,2024-12-31
6047936,TOBACCO_MPOWER_M2_SMOKELESSECIGARETTES,COUNTRY,QAT,EMR,Eastern Mediterranean,YEAR,2024,TOBACCO_INDICATOR,TOBACCO_INDICATOR_Adult_nonsmoked_national,,,,,,,National,,,,,2025-07-24T14:32:31Z,2024,2024-01-01,2024-12-31
6066103,TOBACCO_MPOWER_M2_SMOKELESSECIGARETTES,COUNTRY,TUV,WPR,Western Pacific,YEAR,2024,TOBACCO_INDICATOR,TOBACCO_INDICATOR_Adult_nonsmoked_svy_yr,,,,,,,. . .,,,,,2026-01-30T10:45:51Z,2024,2024-01-01,2024-12-31
6078039,TOBACCO_MPOWER_M2_SMOKELESSECIGARETTES,COUNTRY,AZE,EUR,Europe,YEAR,2024,TOBACCO_INDICATOR,TOBACCO_INDICATOR_Adult_nonsmoked_national,,,,,,,National,,,,,2025-07-24T14:32:31Z,2024,2024-01-01,2024-12-31
6087466,TOBACCO_MPOWER_M2_SMOKELESSECIGARETTES,COUNTRY,ARE,EMR,Eastern Mediterranean,YEAR,2024,TOBACCO_INDICATOR,TOBACCO_INDICATOR_Adult_nonsmoked_svy_title,,,,,,,National Health Survey (STEPS),,,,,2025-07-24T14:32:31Z,2024,2024-01-01,2024-12-31
6091897,TOBACCO_MPOWER_M2_SMOKELESSECIGARETTES,COUNTRY,STP,AFR,Africa,YEAR,2024,TOBACCO_INDICATOR,TOBACCO_INDICATOR_Adult_nonsmoked_svy_yr,,,,,,,2019,,,,,2026-01-30T10:45:51Z,2024,2024-01-01,2024-12-31
6116980,TOBACCO_MPOWER_M2_SMOKELESSECIGARETTES,COUNTRY,BRA,AMR,Americas,YEAR,2024,TOBACCO_INDICATOR,TOBACCO_INDICATOR_Adult_nonsmoked_svy_yr,,,,,,,2019,,,,,2026-01-30T10:45:51Z,2024,2024-01-01,2024-12-31
6118898,TOBACCO_MPOWER_M2_SMOKELESSECIGARETTES,COUNTRY,NIC,AMR,Americas,YEAR,2024,TOBACCO_INDICATOR,TOBACCO_INDICATOR_Adult_nonsmoked_national,,,,,,,. . .,,,,,2025-07-24T14:32:31Z,2024,2024-01-01,2024-12-31
6128430,TOBACCO_MPOWER_M2_SMOKELESSECIGARETTES,COUNTRY,CUB,AMR,Americas,YEAR,2024,TOBACCO_INDICATOR,TOBACCO_INDICATOR_Adult_nonsmoked_age_grp,,,,,,,. . .,,,,,2025-07-24T14:32:31Z,2024,2024-01-01,2024-12-31
6137002,TOBACCO_MPOWER_M2_SMOKELESSECIGARETTES,COUNTRY,DJI,EMR,Eastern Mediterranean,YEAR,2024,TOBACCO_INDICATOR,TOBACCO_INDICATOR_Adult_nonsmoked_svy_yr,,,,,,,. . .,,,,,2026-01-30T10:45:51Z,2024,2024-01-01,2024-12-31
6137603,TOBACCO_MPOWER_M2_SMOKELESSECIGARETTES,COUNTRY,RUS,EUR,Europe,YEAR,2024,TOBACCO_INDICATOR,TOBACCO_INDICATOR_Adult_nonsmoked_national,,,,,,,National,,,,,2025-07-24T14:32:31Z,2024,2024-01-01,2024-12-31
6146403,TOBACCO_MPOWER_M2_SMOKELESSECIGARETTES,COUNTRY,MDG,AFR,Africa,YEAR,2024,TOBACCO_INDICATOR,TOBACCO_INDICATOR_Adult_nonsmoked_national,,,,,,,National,,,,,2025-07-24T14:32:31Z,2024,2024-01-01,2024-12-31
6156192,TOBACCO_MPOWER_M2_SMOKELESSECIGARETTES,COUNTRY,HUN,EUR,Europe,YEAR,2024,TOBACCO_INDICATOR,TOBACCO_INDICATOR_Adult_nonsmoked_svy_yr,,,,,,,2019,,,,,2026-01-30T10:45:51Z,2024,2024-01-01,2024-12-31
6172469,TOBACCO_MPOWER_M2_SMOKELESSECIGARETTES,COUNTRY,MKD,EUR,Europe,YEAR,2024,TOBACCO_INDICATOR,TOBACCO_INDICATOR_Adult_nonsmoked_svy_yr,,,,,,,2019,,,,,2026-01-30T10:45:51Z,2024,2024-01-01,2024-12-31
6181872,TOBACCO_MPOWER_M2_SMOKELESSECIGARETTES,COUNTRY,CZE,EUR,Europe,YEAR,2024,TOBACCO_INDICATOR,TOBACCO_INDICATOR_Adult_nonsmoked_svy_yr,,,,,,,2023,,,,,2026-01-30T10:45:51Z,2024,2024-01-01,2024-12-31
6187761,TOBACCO_MPOWER_M2_SMOKELESSECIGARETTES,COUNTRY,RWA,AFR,Africa,YEAR,2024,TOBACCO_INDICATOR,TOBACCO_INDICATOR_Adult_nonsmoked_svy_yr,,,,,,,2021,,,,,2026-01-30T10:45:51Z,2024,2024-01-01,2024-12-31
6190830,TOBACCO_MPOWER_M2_SMOKELESSECIGARETTES,COUNTRY,MNE,EUR,Europe,YEAR,2024,TOBACCO_INDICATOR,TOBACCO_INDICATOR_Adult_nonsmoked_svy_yr,,,,,,,. . .,,,,,2026-01-30T10:45:51Z,2024,2024-01-01,2024-12-31
6193893,TOBACCO_MPOWER_M2_SMOKELESSECIGARETTES,COUNTRY,DMA,AMR,Americas,YEAR,2024,TOBACCO_INDICATOR,TOBACCO_INDICATOR_Adult_nonsmoked_age_grp,,,,,,,15-64,,,,,2025-07-24T14:32:31Z,2024,2024-01-01,2024-12-31
6208263,TOBACCO_MPOWER_M2_SMOKELESSECIGARETTES,COUNTRY,BFA,AFR,Africa,YEAR,2024,TOBACCO_INDICATOR,TOBACCO_INDICATOR_Adult_nonsmoked_svy_title,,,,,,,"Enquête STEPs sur les facteurs de risque des maladies non transmissibles, Burkina Faso",,,,,2025-07-24T14:32:31Z,2024,2024-01-01,2024-12-31
6208294,TOBACCO_MPOWER_M2_SMOKELESSECIGARETTES,COUNTRY,CZE,EUR,Europe,YEAR,2024,TOBACCO_INDICATOR,TOBACCO_INDICATOR_Adult_nonsmoked_svy_title,,,,,,,National Research on Tobacco and Alcohol Use in the Czech Republic (NAUTA),,,,,2025-07-24T14:32:31Z,2024,2024-01-01,2024-12-31
6239960,TOBACCO_MPOWER_M2_SMOKELESSECIGARETTES,COUNTRY,SMR,EUR,Europe,YEAR,2024,TOBACCO_INDICATOR,TOBACCO_INDICATOR_Adult_nonsmoked_svy_title,,,,,,,. . .,,,,,2025-07-24T14:32:31Z,2024,2024-01-01,2024-12-31
6251384,TOBACCO_MPOWER_M2_SMOKELESSECIGARETTES,COUNTRY,MCO,EUR,Europe,YEAR,2024,TOBACCO_INDICATOR,TOBACCO_INDICATOR_Adult_nonsmoked_national,,,,,,,. . .,,,,,2025-07-24T14:32:31Z,2024,2024-01-01,2024-12-31
6283938,TOBACCO_MPOWER_M2_SMOKELESSECIGARETTES,COUNTRY,NZL,WPR,Western Pacific,YEAR,2024,TOBACCO_INDICATOR,TOBACCO_INDICATOR_Adult_nonsmoked_svy_title,,,,,,,New Zealand Health Survey,,,,,2025-07-24T14:32:31Z,2024,2024-01-01,2024-12-31
6290672,TOBACCO_MPOWER_M2_SMOKELESSECIGARETTES,COUNTRY,SDN,EMR,Eastern Mediterranean,YEAR,2024,TOBACCO_INDICATOR,TOBACCO_INDICATOR_Adult_nonsmoked_age_grp,,,,,,,18-69,,,,,2025-07-24T14:32:31Z,2024,2024-01-01,2024-12-31
6317513,TOBACCO_MPOWER_M2_SMOKELESSECIGARETTES,COUNTRY,BGR,EUR,Europe,YEAR,2024,TOBACCO_INDICATOR,TOBACCO_INDICATOR_Adult_nonsmoked_age_grp,,,,,,,20+,,,,,2025-07-24T14:32:31Z,2024,2024-01-01,2024-12-31
6323983,TOBACCO_MPOWER_M2_SMOKELESSECIGARETTES,COUNTRY,DZA,AFR,Africa,YEAR,2024,TOBACCO_INDICATOR,TOBACCO_INDICATOR_Adult_nonsmoked_age_grp,,,,,,,18-69,,,,,2025-07-24T14:32:31Z,2024,2024-01-01,2024-12-31
6332514,TOBACCO_MPOWER_M2_SMOKELESSECIGARETTES,COUNTRY,ALB,EUR,Europe,YEAR,2024,TOBACCO_INDICATOR,TOBACCO_INDICATOR_Adult_nonsmoked_svy_yr,,,,,,,2019,,,,,2026-01-30T10:45:51Z,2024,2024-01-01,2024-12-31
6341665,TOBACCO_MPOWER_M2_SMOKELESSECIGARETTES,COUNTRY,CYP,EUR,Europe,YEAR,2024,TOBACCO_INDICATOR,TOBACCO_INDICATOR_Adult_nonsmoked_svy_title,,,,,,,Eurobarometer,,,,,2025-07-24T14:32:31Z,2024,2024-01-01,2024-12-31
6369959,TOBACCO_MPOWER_M2_SMOKELESSECIGARETTES,COUNTRY,THA,SEAR,South-East Asia,YEAR,2024,TOBACCO_INDICATOR,TOBACCO_INDICATOR_Adult_nonsmoked_age_grp,,,,,,,15+,,,,,2025-07-24T14:32:31Z,2024,2024-01-01,2024-12-31
6380684,TOBACCO_MPOWER_M2_SMOKELESSECIGARETTES,COUNTRY,STP,AFR,Africa,YEAR,2024,TOBACCO_INDICATOR,TOBACCO_INDICATOR_Adult_nonsmoked_svy_title,,,,,,,Sao Tomé et Principe Enquête STEPS,,,,,2025-07-24T14:32:31Z,2024,2024-01-01,2024-12-31
6382855,TOBACCO_MPOWER_M2_SMOKELESSECIGARETTES,COUNTRY,DNK,EUR,Europe,YEAR,2024,TOBACCO_INDICATOR,TOBACCO_INDICATOR_Adult_nonsmoked_svy_title,,,,,,,National Health Survey,,,,,2025-07-24T14:32:31Z,2024,2024-01-01,2024-12-31
6398448,TOBACCO_MPOWER_M2_SMOKELESSECIGARETTES,COUNTRY,BIH,EUR,Europe,YEAR,2024,TOBACCO_INDICATOR,TOBACCO_INDICATOR_Adult_nonsmoked_national,,,,,,,Federal,,,,,2025-07-24T14:32:31Z,2024,2024-01-01,2024-12-31
6401530,TOBACCO_MPOWER_M2_SMOKELESSECIGARETTES,COUNTRY,ITA,EUR,Europe,YEAR,2024,TOBACCO_INDICATOR,TOBACCO_INDICATOR_Adult_nonsmoked_age_grp,,,,,,,15+,,,,,2025-07-24T14:32:31Z,2024,2024-01-01,2024-12-31
6405747,TOBACCO_MPOWER_M2_SMOKELESSECIGARETTES,COUNTRY,MLI,AFR,Africa,YEAR,2024,TOBACCO_INDICATOR,TOBACCO_INDICATOR_Adult_nonsmoked_svy_title,,,,,,,Demographic and Health Survey,,,,,2025-07-24T14:32:31Z,2024,2024-01-01,2024-12-31
6417057,TOBACCO_MPOWER_M2_SMOKELESSECIGARETTES,COUNTRY,ARG,AMR,Americas,YEAR,2024,TOBACCO_INDICATOR,TOBACCO_INDICATOR_Adult_nonsmoked_age_grp,,,,,,,18+,,,,,2025-07-24T14:32:31Z,2024,2024-01-01,2024-12-31
6418937,TOBACCO_MPOWER_M2_SMOKELESSECIGARETTES,COUNTRY,ETH,AFR,Africa,YEAR,2024,TOBACCO_INDICATOR,TOBACCO_INDICATOR_Adult_nonsmoked_national,,,,,,,National,,,,,2025-07-24T14:32:31Z,2024,2024-01-01,2024-12-31
6434287,TOBACCO_MPOWER_M2_SMOKELESSECIGARETTES,COUNTRY,CRI,AMR,Americas,YEAR,2024,TOBACCO_INDICATOR,TOBACCO_INDICATOR_Adult_nonsmoked_svy_title,,,,,,,Global Adult Tobacco Survey (GATS),,,,,2025-07-24T14:32:31Z,2024,2024-01-01,2024-12-31
6437400,TOBACCO_MPOWER_M2_SMOKELESSECIGARETTES,COUNTRY,BFA,AFR,Africa,YEAR,2024,TOBACCO_INDICATOR,TOBACCO_INDICATOR_Adult_nonsmoked_svy_yr,,,,,,,2021,,,,,2026-01-30T10:45:51Z,2024,2024-01-01,2024-12-31
6449985,TOBACCO_MPOWER_M2_SMOKELESSECIGARETTES,COUNTRY,BEL,EUR,Europe,YEAR,2024,TOBACCO_INDICATOR,TOBACCO_INDICATOR_Adult_nonsmoked_national,,,,,,,National,,,,,2025-07-24T14:32:31Z,2024,2024-01-01,2024-12-31
6455546,TOBACCO_MPOWER_M2_SMOKELESSECIGARETTES,COUNTRY,URY,AMR,Americas,YEAR,2024,TOBACCO_INDICATOR,TOBACCO_INDICATOR_Adult_nonsmoked_svy_yr,,,,,,,2016-17,,,,,2026-01-30T10:45:51Z,2024,2024-01-01,2024-12-31
6470777,TOBACCO_MPOWER_M2_SMOKELESSECIGARETTES,COUNTRY,GRD,AMR,Americas,YEAR,2024,TOBACCO_INDICATOR,TOBACCO_INDICATOR_Adult_nonsmoked_age_grp,,,,,,,25-64,,,,,2025-07-24T14:32:31Z,2024,2024-01-01,2024-12-31
6492667,TOBACCO_MPOWER_M2_SMOKELESSECIGARETTES,COUNTRY,IND,SEAR,South-East Asia,YEAR,2024,TOBACCO_INDICATOR,TOBACCO_INDICATOR_Adult_nonsmoked_svy_title,,,,,,,Global Adult Tobacco Survey (GATS),,,,,2025-07-24T14:32:31Z,2024,2024-01-01,2024-12-31
6509257,TOBACCO_MPOWER_M2_SMOKELESSECIGARETTES,COUNTRY,NRU,WPR,Western Pacific,YEAR,2024,TOBACCO_INDICATOR,TOBACCO_INDICATOR_Adult_nonsmoked_age_grp,,,,,,,15-49,,,,,2025-07-24T14:32:31Z,2024,2024-01-01,2024-12-31
6543402,TOBACCO_MPOWER_M2_SMOKELESSECIGARETTES,COUNTRY,VNM,WPR,Western Pacific,YEAR,2024,TOBACCO_INDICATOR,TOBACCO_INDICATOR_Adult_nonsmoked_national,,,,,,,National,,,,,2025-07-24T14:32:31Z,2024,2024-01-01,2024-12-31
6570064,TOBACCO_MPOWER_M2_SMOKELESSECIGARETTES,COUNTRY,IRN,EMR,Eastern Mediterranean,YEAR,2024,TOBACCO_INDICATOR,TOBACCO_INDICATOR_Adult_nonsmoked_svy_yr,,,,,,,2021,,,,,2026-01-30T10:45:51Z,2024,2024-01-01,2024-12-31
6624136,TOBACCO_MPOWER_M2_SMOKELESSECIGARETTES,COUNTRY,GRC,EUR,Europe,YEAR,2024,TOBACCO_INDICATOR,TOBACCO_INDICATOR_Adult_nonsmoked_national,,,,,,,National,,,,,2025-07-24T14:32:31Z,2024,2024-01-01,2024-12-31
6629021,TOBACCO_MPOWER_M2_SMOKELESSECIGARETTES,COUNTRY,SVN,EUR,Europe,YEAR,2024,TOBACCO_INDICATOR,TOBACCO_INDICATOR_Adult_nonsmoked_age_grp,,,,,,,18-74,,,,,2025-07-24T14:32:31Z,2024,2024-01-01,2024-12-31
6640158,TOBACCO_MPOWER_M2_SMOKELESSECIGARETTES,COUNTRY,TJK,EUR,Europe,YEAR,2024,TOBACCO_INDICATOR,TOBACCO_INDICATOR_Adult_nonsmoked_age_grp,,,,,,,18-69,,,,,2025-07-24T14:32:31Z,2024,2024-01-01,2024-12-31
6641295,TOBACCO_MPOWER_M2_SMOKELESSECIGARETTES,COUNTRY,BIH,EUR,Europe,YEAR,2024,TOBACCO_INDICATOR,TOBACCO_INDICATOR_Adult_nonsmoked_svy_title,,,,,,,Tobacco Consumption in Bosnia and Herzegovina,,,,,2025-07-24T14:32:31Z,2024,2024-01-01,2024-12-31
6645739,TOBACCO_MPOWER_M2_SMOKELESSECIGARETTES,COUNTRY,BDI,AFR,Africa,YEAR,2024,TOBACCO_INDICATOR,TOBACCO_INDICATOR_Adult_nonsmoked_svy_yr,,,,,,,2016-17,,,,,2026-01-30T10:45:51Z,2024,2024-01-01,2024-12-31
6647392,TOBACCO_MPOWER_M2_SMOKELESSECIGARETTES,COUNTRY,GMB,AFR,Africa,YEAR,2024,TOBACCO_INDICATOR,TOBACCO_INDICATOR_Adult_nonsmoked_svy_yr,,,,,,,2019-20,,,,,2026-01-30T10:45:51Z,2024,2024-01-01,2024-12-31
6671462,TOBACCO_MPOWER_M2_SMOKELESSECIGARETTES,COUNTRY,URY,AMR,Americas,YEAR,2024,TOBACCO_INDICATOR,TOBACCO_INDICATOR_Adult_nonsmoked_svy_title,,,,,,,Global Adult Tobacco Survey (GATS),,,,,2025-07-24T14:32:31Z,2024,2024-01-01,2024-12-31
6687768,TOBACCO_MPOWER_M2_SMOKELESSECIGARETTES,COUNTRY,LCA,AMR,Americas,YEAR,2024,TOBACCO_INDICATOR,TOBACCO_INDICATOR_Adult_nonsmoked_national,,,,,,,National,,,,,2025-07-24T14:32:31Z,2024,2024-01-01,2024-12-31
6696351,TOBACCO_MPOWER_M2_SMOKELESSECIGARETTES,COUNTRY,SYR,EMR,Eastern Mediterranean,YEAR,2024,TOBACCO_INDICATOR,TOBACCO_INDICATOR_Adult_nonsmoked_age_grp,,,,,,,15+,,,,,2025-07-24T14:32:31Z,2024,2024-01-01,2024-12-31
6696478,TOBACCO_MPOWER_M2_SMOKELESSECIGARETTES,COUNTRY,NER,AFR,Africa,YEAR,2024,TOBACCO_INDICATOR,TOBACCO_INDICATOR_Adult_nonsmoked_svy_title,,,,,,,L'Enquete Nationale sur les facteurs de risque des maladies non transmissibles,,,,,2025-07-24T14:32:31Z,2024,2024-01-01,2024-12-31
6698283,TOBACCO_MPOWER_M2_SMOKELESSECIGARETTES,COUNTRY,POL,EUR,Europe,YEAR,2024,TOBACCO_INDICATOR,TOBACCO_INDICATOR_Adult_nonsmoked_svy_title,,,,,,,Public Opinion Research Center (CBOS) nicotine consumption survey,,,,,2025-07-24T14:32:31Z,2024,2024-01-01,2024-12-31
6705065,TOBACCO_MPOWER_M2_SMOKELESSECIGARETTES,COUNTRY,CIV,AFR,Africa,YEAR,2024,TOBACCO_INDICATOR,TOBACCO_INDICATOR_Adult_nonsmoked_svy_title,,,,,,,Demographic and Health Survey,,,,,2025-07-24T14:32:31Z,2024,2024-01-01,2024-12-31
6711957,TOBACCO_MPOWER_M2_SMOKELESSECIGARETTES,COUNTRY,DOM,AMR,Americas,YEAR,2024,TOBACCO_INDICATOR,TOBACCO_INDICATOR_Adult_nonsmoked_svy_title,,,,,,,Demographic and Health Survey,,,,,2025-07-24T14:32:31Z,2024,2024-01-01,2024-12-31
6724407,TOBACCO_MPOWER_M2_SMOKELESSECIGARETTES,COUNTRY,MLT,EUR,Europe,YEAR,2024,TOBACCO_INDICATOR,TOBACCO_INDICATOR_Adult_nonsmoked_svy_title,,,,,,,European Health Interview Survey,,,,,2025-07-24T14:32:31Z,2024,2024-01-01,2024-12-31
6767781,TOBACCO_MPOWER_M2_SMOKELESSECIGARETTES,COUNTRY,SWE,EUR,Europe,YEAR,2024,TOBACCO_INDICATOR,TOBACCO_INDICATOR_Adult_nonsmoked_national,,,,,,,National,,,,,2025-07-24T14:32:31Z,2024,2024-01-01,2024-12-31
6781133,TOBACCO_MPOWER_M2_SMOKELESSECIGARETTES,COUNTRY,MLT,EUR,Europe,YEAR,2024,TOBACCO_INDICATOR,TOBACCO_INDICATOR_Adult_nonsmoked_svy_yr,,,,,,,2019-20,,,,,2026-01-30T10:45:51Z,2024,2024-01-01,2024-12-31
6815577,TOBACCO_MPOWER_M2_SMOKELESSECIGARETTES,COUNTRY,TZA,AFR,Africa,YEAR,2024,TOBACCO_INDICATOR,TOBACCO_INDICATOR_Adult_nonsmoked_svy_yr,,,,,,,2022,,,,,2026-01-30T10:45:51Z,2024,2024-01-01,2024-12-31
6828041,TOBACCO_MPOWER_M2_SMOKELESSECIGARETTES,COUNTRY,TGO,AFR,Africa,YEAR,2024,TOBACCO_INDICATOR,TOBACCO_INDICATOR_Adult_nonsmoked_age_grp,,,,,,,18-69,,,,,2025-07-24T14:32:31Z,2024,2024-01-01,2024-12-31
6838668,TOBACCO_MPOWER_M2_SMOKELESSECIGARETTES,COUNTRY,PAK,EMR,Eastern Mediterranean,YEAR,2024,TOBACCO_INDICATOR,TOBACCO_INDICATOR_Adult_nonsmoked_age_grp,,,,,,,15-49,,,,,2025-07-24T14:32:31Z,2024,2024-01-01,2024-12-31
6913877,TOBACCO_MPOWER_M2_SMOKELESSECIGARETTES,COUNTRY,NOR,EUR,Europe,YEAR,2024,TOBACCO_INDICATOR,TOBACCO_INDICATOR_Adult_nonsmoked_age_grp,,,,,,,16-79,,,,,2025-07-24T14:32:31Z,2024,2024-01-01,2024-12-31
6915779,TOBACCO_MPOWER_M2_SMOKELESSECIGARETTES,COUNTRY,AND,EUR,Europe,YEAR,2024,TOBACCO_INDICATOR,TOBACCO_INDICATOR_Adult_nonsmoked_national,,,,,,,. . .,,,,,2025-07-24T14:32:31Z,2024,2024-01-01,2024-12-31
6960657,TOBACCO_MPOWER_M2_SMOKELESSECIGARETTES,COUNTRY,VEN,AMR,Americas,YEAR,2024,TOBACCO_INDICATOR,TOBACCO_INDICATOR_Adult_nonsmoked_svy_yr,,,,,,,2011,,,,,2026-01-30T10:45:51Z,2024,2024-01-01,2024-12-31
6974680,TOBACCO_MPOWER_M2_SMOKELESSECIGARETTES,COUNTRY,MEX,AMR,Americas,YEAR,2024,TOBACCO_INDICATOR,TOBACCO_INDICATOR_Adult_nonsmoked_national,,,,,,,National,,,,,2025-07-24T14:32:31Z,2024,2024-01-01,2024-12-31
6978522,TOBACCO_MPOWER_M2_SMOKELESSECIGARETTES,COUNTRY,COD,AFR,Africa,YEAR,2024,TOBACCO_INDICATOR,TOBACCO_INDICATOR_Adult_nonsmoked_age_grp,,,,,,,. . .,,,,,2025-07-24T14:32:31Z,2024,2024-01-01,2024-12-31
6992734,TOBACCO_MPOWER_M2_SMOKELESSECIGARETTES,COUNTRY,DZA,AFR,Africa,YEAR,2024,TOBACCO_INDICATOR,TOBACCO_INDICATOR_Adult_nonsmoked_svy_title,,,,,,,Enquête STEPS,,,,,2025-07-24T14:32:31Z,2024,2024-01-01,2024-12-31
7018039,TOBACCO_MPOWER_M2_SMOKELESSECIGARETTES,COUNTRY,KEN,AFR,Africa,YEAR,2024,TOBACCO_INDICATOR,TOBACCO_INDICATOR_Adult_nonsmoked_national,,,,,,,National,,,,,2025-07-24T14:32:31Z,2024,2024-01-01,2024-12-31
7033964,TOBACCO_MPOWER_M2_SMOKELESSECIGARETTES,COUNTRY,AZE,EUR,Europe,YEAR,2024,TOBACCO_INDICATOR,TOBACCO_INDICATOR_Adult_nonsmoked_svy_title,,,,,,,National study of risk factors for noncommunicable diseases in Azerbaijan,,,,,2025-07-24T14:32:31Z,2024,2024-01-01,2024-12-31
7053435,TOBACCO_MPOWER_M2_SMOKELESSECIGARETTES,COUNTRY,DZA,AFR,Africa,YEAR,2024,TOBACCO_INDICATOR,TOBACCO_INDICATOR_Adult_nonsmoked_svy_yr,,,,,,,2016-17,,,,,2026-01-30T10:45:51Z,2024,2024-01-01,2024-12-31
7070900,TOBACCO_MPOWER_M2_SMOKELESSECIGARETTES,COUNTRY,YEM,EMR,Eastern Mediterranean,YEAR,2024,TOBACCO_INDICATOR,TOBACCO_INDICATOR_Adult_nonsmoked_svy_title,,,,,,,Demographic and Health Survey,,,,,2025-07-24T14:32:31Z,2024,2024-01-01,2024-12-31
7071588,TOBACCO_MPOWER_M2_SMOKELESSECIGARETTES,COUNTRY,MMR,SEAR,South-East Asia,YEAR,2024,TOBACCO_INDICATOR,TOBACCO_INDICATOR_Adult_nonsmoked_age_grp,,,,,,,15-49,,,,,2025-07-24T14:32:31Z,2024,2024-01-01,2024-12-31
7107192,TOBACCO_MPOWER_M2_SMOKELESSECIGARETTES,COUNTRY,POL,EUR,Europe,YEAR,2024,TOBACCO_INDICATOR,TOBACCO_INDICATOR_Adult_nonsmoked_svy_yr,,,,,,,2021,,,,,2026-01-30T10:45:51Z,2024,2024-01-01,2024-12-31
7128956,TOBACCO_MPOWER_M2_SMOKELESSECIGARETTES,COUNTRY,ROU,EUR,Europe,YEAR,2024,TOBACCO_INDICATOR,TOBACCO_INDICATOR_Adult_nonsmoked_svy_yr,,,,,,,2019,,,,,2026-01-30T10:45:51Z,2024,2024-01-01,2024-12-31
7138597,TOBACCO_MPOWER_M2_SMOKELESSECIGARETTES,COUNTRY,GAB,AFR,Africa,YEAR,2024,TOBACCO_INDICATOR,TOBACCO_INDICATOR_Adult_nonsmoked_svy_title,,,,,,,Demographic and Health Survey,,,,,2025-07-24T14:32:31Z,2024,2024-01-01,2024-12-31
7150851,TOBACCO_MPOWER_M2_SMOKELESSECIGARETTES,COUNTRY,VCT,AMR,Americas,YEAR,2024,TOBACCO_INDICATOR,TOBACCO_INDICATOR_Adult_nonsmoked_svy_title,,,,,,,National Health and Nutrition Survey,,,,,2025-07-24T14:32:31Z,2024,2024-01-01,2024-12-31
7163508,TOBACCO_MPOWER_M2_SMOKELESSECIGARETTES,COUNTRY,IND,SEAR,South-East Asia,YEAR,2024,TOBACCO_INDICATOR,TOBACCO_INDICATOR_Adult_nonsmoked_svy_yr,,,,,,,2016-17,,,,,2026-01-30T10:45:51Z,2024,2024-01-01,2024-12-31
7175637,TOBACCO_MPOWER_M2_SMOKELESSECIGARETTES,COUNTRY,UZB,EUR,Europe,YEAR,2024,TOBACCO_INDICATOR,TOBACCO_INDICATOR_Adult_nonsmoked_national,,,,,,,National,,,,,2025-07-24T14:32:31Z,2024,2024-01-01,2024-12-31
7182674,TOBACCO_MPOWER_M2_SMOKELESSECIGARETTES,COUNTRY,SLB,WPR,Western Pacific,YEAR,2024,TOBACCO_INDICATOR,TOBACCO_INDICATOR_Adult_nonsmoked_svy_yr,,,,,,,2015,,,,,2026-01-30T10:45:51Z,2024,2024-01-01,2024-12-31
7218521,TOBACCO_MPOWER_M2_SMOKELESSECIGARETTES,COUNTRY,NGA,AFR,Africa,YEAR,2024,TOBACCO_INDICATOR,TOBACCO_INDICATOR_Adult_nonsmoked_svy_title,,,,,,,Global Adult Tobacco Survey (GATS),,,,,2025-07-24T14:32:31Z,2024,2024-01-01,2024-12-31
7223797,TOBACCO_MPOWER_M2_SMOKELESSECIGARETTES,COUNTRY,ZAF,AFR,Africa,YEAR,2024,TOBACCO_INDICATOR,TOBACCO_INDICATOR_Adult_nonsmoked_national,,,,,,,National,,,,,2025-07-24T14:32:31Z,2024,2024-01-01,2024-12-31
7232377,TOBACCO_MPOWER_M2_SMOKELESSECIGARETTES,COUNTRY,CHN,WPR,Western Pacific,YEAR,2024,TOBACCO_INDICATOR,TOBACCO_INDICATOR_Adult_nonsmoked_national,,,,,,,National,,,,,2025-07-24T14:32:31Z,2024,2024-01-01,2024-12-31
7233562,TOBACCO_MPOWER_M2_SMOKELESSECIGARETTES,COUNTRY,ERI,AFR,Africa,YEAR,2024,TOBACCO_INDICATOR,TOBACCO_INDICATOR_Adult_nonsmoked_svy_yr,,,,,,,2010,,,,,2026-01-30T10:45:51Z,2024,2024-01-01,2024-12-31
7239816,TOBACCO_MPOWER_M2_SMOKELESSECIGARETTES,COUNTRY,JAM,AMR,Americas,YEAR,2024,TOBACCO_INDICATOR,TOBACCO_INDICATOR_Adult_nonsmoked_national,,,,,,,. . .,,,,,2025-07-24T14:32:31Z,2024,2024-01-01,2024-12-31
7274893,TOBACCO_MPOWER_M2_SMOKELESSECIGARETTES,COUNTRY,CYP,EUR,Europe,YEAR,2024,TOBACCO_INDICATOR,TOBACCO_INDICATOR_Adult_nonsmoked_national,,,,,,,National,,,,,2025-07-24T14:32:31Z,2024,2024-01-01,2024-12-31
7298817,TOBACCO_MPOWER_M2_SMOKELESSECIGARETTES,COUNTRY,EST,EUR,Europe,YEAR,2024,TOBACCO_INDICATOR,TOBACCO_INDICATOR_Adult_nonsmoked_svy_yr,,,,,,,2022,,,,,2026-01-30T10:45:51Z,2024,2024-01-01,2024-12-31
7299409,TOBACCO_MPOWER_M2_SMOKELESSECIGARETTES,COUNTRY,VCT,AMR,Americas,YEAR,2024,TOBACCO_INDICATOR,TOBACCO_INDICATOR_Adult_nonsmoked_national,,,,,,,National,,,,,2025-07-24T14:32:31Z,2024,2024-01-01,2024-12-31
7303957,TOBACCO_MPOWER_M2_SMOKELESSECIGARETTES,COUNTRY,GUY,AMR,Americas,YEAR,2024,TOBACCO_INDICATOR,TOBACCO_INDICATOR_Adult_nonsmoked_svy_yr,,,,,,,. . .,,,,,2026-01-30T10:45:51Z,2024,2024-01-01,2024-12-31
7319322,TOBACCO_MPOWER_M2_SMOKELESSECIGARETTES,COUNTRY,NOR,EUR,Europe,YEAR,2024,TOBACCO_INDICATOR,TOBACCO_INDICATOR_Adult_nonsmoked_national,,,,,,,National,,,,,2025-07-24T14:32:31Z,2024,2024-01-01,2024-12-31
7345695,TOBACCO_MPOWER_M2_SMOKELESSECIGARETTES,COUNTRY,GIN,AFR,Africa,YEAR,2024,TOBACCO_INDICATOR,TOBACCO_INDICATOR_Adult_nonsmoked_age_grp,,,,,,,. . .,,,,,2025-07-24T14:32:31Z,2024,2024-01-01,2024-12-31
7351297,TOBACCO_MPOWER_M2_SMOKELESSECIGARETTES,COUNTRY,MLI,AFR,Africa,YEAR,2024,TOBACCO_INDICATOR,TOBACCO_INDICATOR_Adult_nonsmoked_age_grp,,,,,,,15-59 (men) 15-49 (women),,,,,2025-07-24T14:32:31Z,2024,2024-01-01,2024-12-31
7382246,TOBACCO_MPOWER_M2_SMOKELESSECIGARETTES,COUNTRY,OMN,EMR,Eastern Mediterranean,YEAR,2024,TOBACCO_INDICATOR,TOBACCO_INDICATOR_Adult_nonsmoked_national,,,,,,,National,,,,,2025-07-24T14:32:31Z,2024,2024-01-01,2024-12-31
7391694,TOBACCO_MPOWER_M2_SMOKELESSECIGARETTES,COUNTRY,LVA,EUR,Europe,YEAR,2024,TOBACCO_INDICATOR,TOBACCO_INDICATOR_Adult_nonsmoked_age_grp,,,,,,,15-74,,,,,2025-07-24T14:32:31Z,2024,2024-01-01,2024-12-31
7394446,TOBACCO_MPOWER_M2_SMOKELESSECIGARETTES,COUNTRY,GHA,AFR,Africa,YEAR,2024,TOBACCO_INDICATOR,TOBACCO_INDICATOR_Adult_nonsmoked_svy_title,,,,,,,Demographic and Health Survey,,,,,2025-07-24T14:32:31Z,2024,2024-01-01,2024-12-31
7400872,TOBACCO_MPOWER_M2_SMOKELESSECIGARETTES,COUNTRY,GRD,AMR,Americas,YEAR,2024,TOBACCO_INDICATOR,TOBACCO_INDICATOR_Adult_nonsmoked_svy_title,,,,,,,Grenada STEPS,,,,,2025-07-24T14:32:31Z,2024,2024-01-01,2024-12-31
7411352,TOBACCO_MPOWER_M2_SMOKELESSECIGARETTES,COUNTRY,NER,AFR,Africa,YEAR,2024,TOBACCO_INDICATOR,TOBACCO_INDICATOR_Adult_nonsmoked_age_grp,,,,,,,18-69,,,,,2025-07-24T14:32:31Z,2024,2024-01-01,2024-12-31
7412360,TOBACCO_MPOWER_M2_SMOKELESSECIGARETTES,COUNTRY,SLV,AMR,Americas,YEAR,2024,TOBACCO_INDICATOR,TOBACCO_INDICATOR_Adult_nonsmoked_svy_yr,,,,,,,2022,,,,,2026-01-30T10:45:51Z,2024,2024-01-01,2024-12-31
7420245,TOBACCO_MPOWER_M2_SMOKELESSECIGARETTES,COUNTRY,BGD,SEAR,South-East Asia,YEAR,2024,TOBACCO_INDICATOR,TOBACCO_INDICATOR_Adult_nonsmoked_svy_title,,,,,,,STEPS Survey,,,,,2025-07-24T14:32:31Z,2024,2024-01-01,2024-12-31
7425799,TOBACCO_MPOWER_M2_SMOKELESSECIGARETTES,COUNTRY,POL,EUR,Europe,YEAR,2024,TOBACCO_INDICATOR,TOBACCO_INDICATOR_Adult_nonsmoked_age_grp,,,,,,,18+,,,,,2025-07-24T14:32:31Z,2024,2024-01-01,2024-12-31
7444198,TOBACCO_MPOWER_M2_SMOKELESSECIGARETTES,COUNTRY,PHL,WPR,Western Pacific,YEAR,2024,TOBACCO_INDICATOR,TOBACCO_INDICATOR_Adult_nonsmoked_national,,,,,,,National,,,,,2025-07-24T14:32:31Z,2024,2024-01-01,2024-12-31
7448969,TOBACCO_MPOWER_M2_SMOKELESSECIGARETTES,COUNTRY,CUB,AMR,Americas,YEAR,2024,TOBACCO_INDICATOR,TOBACCO_INDICATOR_Adult_nonsmoked_svy_yr,,,,,,,. . .,,,,,2026-01-30T10:45:51Z,2024,2024-01-01,2024-12-31
7466463,TOBACCO_MPOWER_M2_SMOKELESSECIGARETTES,COUNTRY,NAM,AFR,Africa,YEAR,2024,TOBACCO_INDICATOR,TOBACCO_INDICATOR_Adult_nonsmoked_national,,,,,,,National,,,,,2025-07-24T14:32:31Z,2024,2024-01-01,2024-12-31
7471735,TOBACCO_MPOWER_M2_SMOKELESSECIGARETTES,COUNTRY,YEM,EMR,Eastern Mediterranean,YEAR,2024,TOBACCO_INDICATOR,TOBACCO_INDICATOR_Adult_nonsmoked_svy_yr,,,,,,,2013,,,,,2026-01-30T10:45:51Z,2024,2024-01-01,2024-12-31
7475442,TOBACCO_MPOWER_M2_SMOKELESSECIGARETTES,COUNTRY,ARM,EUR,Europe,YEAR,2024,TOBACCO_INDICATOR,TOBACCO_INDICATOR_Adult_nonsmoked_svy_yr,,,,,,,2016,,,,,2026-01-30T10:45:51Z,2024,2024-01-01,2024-12-31
7481000,TOBACCO_MPOWER_M2_SMOKELESSECIGARETTES,COUNTRY,TTO,AMR,Americas,YEAR,2024,TOBACCO_INDICATOR,TOBACCO_INDICATOR_Adult_nonsmoked_svy_yr,,,,,,,2024,,,,,2026-01-30T10:45:51Z,2024,2024-01-01,2024-12-31
7482201,TOBACCO_MPOWER_M2_SMOKELESSECIGARETTES,COUNTRY,GHA,AFR,Africa,YEAR,2024,TOBACCO_INDICATOR,TOBACCO_INDICATOR_Adult_nonsmoked_age_grp,,,,,,,15-59 (men) 15-49 (women),,,,,2025-07-24T14:32:31Z,2024,2024-01-01,2024-12-31
7488178,TOBACCO_MPOWER_M2_SMOKELESSECIGARETTES,COUNTRY,ESP,EUR,Europe,YEAR,2024,TOBACCO_INDICATOR,TOBACCO_INDICATOR_Adult_nonsmoked_svy_title,,,,,,,Encuesta sobre Alcohol y Drogas en España (EDADES),,,,,2025-07-24T14:32:31Z,2024,2024-01-01,2024-12-31
7500712,TOBACCO_MPOWER_M2_SMOKELESSECIGARETTES,COUNTRY,MKD,EUR,Europe,YEAR,2024,TOBACCO_INDICATOR,TOBACCO_INDICATOR_Adult_nonsmoked_national,,,,,,,National,,,,,2025-07-24T14:32:31Z,2024,2024-01-01,2024-12-31
7509497,TOBACCO_MPOWER_M2_SMOKELESSECIGARETTES,COUNTRY,IND,SEAR,South-East Asia,YEAR,2024,TOBACCO_INDICATOR,TOBACCO_INDICATOR_Adult_nonsmoked_age_grp,,,,,,,15+,,,,,2025-07-24T14:32:31Z,2024,2024-01-01,2024-12-31
7550877,TOBACCO_MPOWER_M2_SMOKELESSECIGARETTES,COUNTRY,BWA,AFR,Africa,YEAR,2024,TOBACCO_INDICATOR,TOBACCO_INDICATOR_Adult_nonsmoked_national,,,,,,,National,,,,,2025-07-24T14:32:31Z,2024,2024-01-01,2024-12-31
7558650,TOBACCO_MPOWER_M2_SMOKELESSECIGARETTES,COUNTRY,RWA,AFR,Africa,YEAR,2024,TOBACCO_INDICATOR,TOBACCO_INDICATOR_Adult_nonsmoked_age_grp,,,,,,,18-69,,,,,2025-07-24T14:32:31Z,2024,2024-01-01,2024-12-31
7614978,TOBACCO_MPOWER_M2_SMOKELESSECIGARETTES,COUNTRY,SLB,WPR,Western Pacific,YEAR,2024,TOBACCO_INDICATOR,TOBACCO_INDICATOR_Adult_nonsmoked_national,,,,,,,National,,,,,2025-07-24T14:32:31Z,2024,2024-01-01,2024-12-31
7661222,TOBACCO_MPOWER_M2_SMOKELESSECIGARETTES,COUNTRY,HUN,EUR,Europe,YEAR,2024,TOBACCO_INDICATOR,TOBACCO_INDICATOR_Adult_nonsmoked_svy_title,,,,,,,European Health Interview Survey,,,,,2025-07-24T14:32:31Z,2024,2024-01-01,2024-12-31
7676547,TOBACCO_MPOWER_M2_SMOKELESSECIGARETTES,COUNTRY,TUV,WPR,Western Pacific,YEAR,2024,TOBACCO_INDICATOR,TOBACCO_INDICATOR_Adult_nonsmoked_national,,,,,,,. . .,,,,,2025-07-24T14:32:31Z,2024,2024-01-01,2024-12-31
7682027,TOBACCO_MPOWER_M2_SMOKELESSECIGARETTES,COUNTRY,LBY,EMR,Eastern Mediterranean,YEAR,2024,TOBACCO_INDICATOR,TOBACCO_INDICATOR_Adult_nonsmoked_svy_title,,,,,,,STEPS Survey,,,,,2025-07-24T14:32:31Z,2024,2024-01-01,2024-12-31
7686542,TOBACCO_MPOWER_M2_SMOKELESSECIGARETTES,COUNTRY,TTO,AMR,Americas,YEAR,2024,TOBACCO_INDICATOR,TOBACCO_INDICATOR_Adult_nonsmoked_age_grp,,,,,,,15-64,,,,,2025-07-24T14:32:31Z,2024,2024-01-01,2024-12-31
7699849,TOBACCO_MPOWER_M2_SMOKELESSECIGARETTES,COUNTRY,HTI,AMR,Americas,YEAR,2024,TOBACCO_INDICATOR,TOBACCO_INDICATOR_Adult_nonsmoked_svy_title,,,,,,,"Enquête Mortalité, Morbidité et Utilisation des Services en Haïti",,,,,2025-07-24T14:32:31Z,2024,2024-01-01,2024-12-31
7702096,TOBACCO_MPOWER_M2_SMOKELESSECIGARETTES,COUNTRY,SYC,AFR,Africa,YEAR,2024,TOBACCO_INDICATOR,TOBACCO_INDICATOR_Adult_nonsmoked_age_grp,,,,,,,18-74,,,,,2025-07-24T14:32:31Z,2024,2024-01-01,2024-12-31
7702535,TOBACCO_MPOWER_M2_SMOKELESSECIGARETTES,COUNTRY,KAZ,EUR,Europe,YEAR,2024,TOBACCO_INDICATOR,TOBACCO_INDICATOR_Adult_nonsmoked_svy_title,,,,,,,Global Adult Tobacco Survey (GATS),,,,,2025-07-24T14:32:31Z,2024,2024-01-01,2024-12-31
7726705,TOBACCO_MPOWER_M2_SMOKELESSECIGARETTES,COUNTRY,GBR,EUR,Europe,YEAR,2024,TOBACCO_INDICATOR,TOBACCO_INDICATOR_Adult_nonsmoked_svy_title,,,,,,,Opinions and Lifestyle Survey,,,,,2025-07-24T14:32:31Z,2024,2024-01-01,2024-12-31
7755489,TOBACCO_MPOWER_M2_SMOKELESSECIGARETTES,COUNTRY,CAN,AMR,Americas,YEAR,2024,TOBACCO_INDICATOR,TOBACCO_INDICATOR_Adult_nonsmoked_svy_yr,,,,,,,2023,,,,,2026-01-30T10:45:51Z,2024,2024-01-01,2024-12-31
7769604,TOBACCO_MPOWER_M2_SMOKELESSECIGARETTES,COUNTRY,DOM,AMR,Americas,YEAR,2024,TOBACCO_INDICATOR,TOBACCO_INDICATOR_Adult_nonsmoked_age_grp,,,,,,,15-49,,,,,2025-07-24T14:32:31Z,2024,2024-01-01,2024-12-31
7769739,TOBACCO_MPOWER_M2_SMOKELESSECIGARETTES,COUNTRY,MNE,EUR,Europe,YEAR,2024,TOBACCO_INDICATOR,TOBACCO_INDICATOR_Adult_nonsmoked_national,,,,,,,. . .,,,,,2025-07-24T14:32:31Z,2024,2024-01-01,2024-12-31
7776791,TOBACCO_MPOWER_M2_SMOKELESSECIGARETTES,COUNTRY,TON,WPR,Western Pacific,YEAR,2024,TOBACCO_INDICATOR,TOBACCO_INDICATOR_Adult_nonsmoked_svy_yr,,,,,,,. . .,,,,,2026-01-30T10:45:51Z,2024,2024-01-01,2024-12-31
7781753,TOBACCO_MPOWER_M2_SMOKELESSECIGARETTES,COUNTRY,FSM,WPR,Western Pacific,YEAR,2024,TOBACCO_INDICATOR,TOBACCO_INDICATOR_Adult_nonsmoked_age_grp,,,,,,,. . .,,,,,2025-07-24T14:32:31Z,2024,2024-01-01,2024-12-31
7804207,TOBACCO_MPOWER_M2_SMOKELESSECIGARETTES,COUNTRY,ZMB,AFR,Africa,YEAR,2024,TOBACCO_INDICATOR,TOBACCO_INDICATOR_Adult_nonsmoked_age_grp,,,,,,,15-59 (men) 15-49 (women),,,,,2025-07-24T14:32:31Z,2024,2024-01-01,2024-12-31
7815825,TOBACCO_MPOWER_M2_SMOKELESSECIGARETTES,COUNTRY,MUS,AFR,Africa,YEAR,2024,TOBACCO_INDICATOR,TOBACCO_INDICATOR_Adult_nonsmoked_age_grp,,,,,,,. . .,,,,,2025-07-24T14:32:31Z,2024,2024-01-01,2024-12-31
7819258,TOBACCO_MPOWER_M2_SMOKELESSECIGARETTES,COUNTRY,MAR,EMR,Eastern Mediterranean,YEAR,2024,TOBACCO_INDICATOR,TOBACCO_INDICATOR_Adult_nonsmoked_age_grp,,,,,,,18-69,,,,,2025-07-24T14:32:31Z,2024,2024-01-01,2024-12-31
7820865,TOBACCO_MPOWER_M2_SMOKELESSECIGARETTES,COUNTRY,EGY,EMR,Eastern Mediterranean,YEAR,2024,TOBACCO_INDICATOR,TOBACCO_INDICATOR_Adult_nonsmoked_age_grp,,,,,,,15-69,,,,,2025-07-24T14:32:31Z,2024,2024-01-01,2024-12-31
7826818,TOBACCO_MPOWER_M2_SMOKELESSECIGARETTES,COUNTRY,COL,AMR,Americas,YEAR,2024,TOBACCO_INDICATOR,TOBACCO_INDICATOR_Adult_nonsmoked_svy_title,,,,,,,Estudio Nacional de Consumo de Sustancias Psicoactivas en Colombia,,,,,2025-07-24T14:32:31Z,2024,2024-01-01,2024-12-31
7843428,TOBACCO_MPOWER_M2_SMOKELESSECIGARETTES,COUNTRY,LKA,SEAR,South-East Asia,YEAR,2024,TOBACCO_INDICATOR,TOBACCO_INDICATOR_Adult_nonsmoked_svy_title,,,,,,,STEPS Survey,,,,,2025-07-24T14:32:31Z,2024,2024-01-01,2024-12-31
7880207,TOBACCO_MPOWER_M2_SMOKELESSECIGARETTES,COUNTRY,LAO,WPR,Western Pacific,YEAR,2024,TOBACCO_INDICATOR,TOBACCO_INDICATOR_Adult_nonsmoked_svy_yr,,,,,,,2015,,,,,2026-01-30T10:45:51Z,2024,2024-01-01,2024-12-31
7891877,TOBACCO_MPOWER_M2_SMOKELESSECIGARETTES,COUNTRY,ISR,EUR,Europe,YEAR,2024,TOBACCO_INDICATOR,TOBACCO_INDICATOR_Adult_nonsmoked_svy_yr,,,,,,,. . .,,,,,2026-01-30T10:45:51Z,2024,2024-01-01,2024-12-31
7945848,TOBACCO_MPOWER_M2_SMOKELESSECIGARETTES,COUNTRY,CHE,EUR,Europe,YEAR,2024,TOBACCO_INDICATOR,TOBACCO_INDICATOR_Adult_nonsmoked_age_grp,,,,,,,15+,,,,,2025-07-24T14:32:31Z,2024,2024-01-01,2024-12-31
7951094,TOBACCO_MPOWER_M2_SMOKELESSECIGARETTES,COUNTRY,NGA,AFR,Africa,YEAR,2024,TOBACCO_INDICATOR,TOBACCO_INDICATOR_Adult_nonsmoked_svy_yr,,,,,,,2012,,,,,2026-01-30T10:45:51Z,2024,2024-01-01,2024-12-31
7962282,TOBACCO_MPOWER_M2_SMOKELESSECIGARETTES,COUNTRY,ZWE,AFR,Africa,YEAR,2024,TOBACCO_INDICATOR,TOBACCO_INDICATOR_Adult_nonsmoked_age_grp,,,,,,,15-54 (men) 15-49 (women),,,,,2025-07-24T14:32:31Z,2024,2024-01-01,2024-12-31
7973598,TOBACCO_MPOWER_M2_SMOKELESSECIGARETTES,COUNTRY,TLS,SEAR,South-East Asia,YEAR,2024,TOBACCO_INDICATOR,TOBACCO_INDICATOR_Adult_nonsmoked_svy_yr,,,,,,,2023,,,,,2026-01-30T10:45:51Z,2024,2024-01-01,2024-12-31
8004028,TOBACCO_MPOWER_M2_SMOKELESSECIGARETTES,COUNTRY,GTM,AMR,Americas,YEAR,2024,TOBACCO_INDICATOR,TOBACCO_INDICATOR_Adult_nonsmoked_svy_yr,,,,,,,. . .,,,,,2026-01-30T10:45:51Z,2024,2024-01-01,2024-12-31
8017155,TOBACCO_MPOWER_M2_SMOKELESSECIGARETTES,COUNTRY,KNA,AMR,Americas,YEAR,2024,TOBACCO_INDICATOR,TOBACCO_INDICATOR_Adult_nonsmoked_age_grp,,,,,,,25-64,,,,,2025-07-24T14:32:31Z,2024,2024-01-01,2024-12-31
8019069,TOBACCO_MPOWER_M2_SMOKELESSECIGARETTES,COUNTRY,GUY,AMR,Americas,YEAR,2024,TOBACCO_INDICATOR,TOBACCO_INDICATOR_Adult_nonsmoked_national,,,,,,,. . .,,,,,2025-07-24T14:32:31Z,2024,2024-01-01,2024-12-31
8026263,TOBACCO_MPOWER_M2_SMOKELESSECIGARETTES,COUNTRY,SRB,EUR,Europe,YEAR,2024,TOBACCO_INDICATOR,TOBACCO_INDICATOR_Adult_nonsmoked_svy_title,,,,,,,Survey on psychoactive substance use and gambling among adults,,,,,2025-07-24T14:32:31Z,2024,2024-01-01,2024-12-31
8047922,TOBACCO_MPOWER_M2_SMOKELESSECIGARETTES,COUNTRY,KWT,EMR,Eastern Mediterranean,YEAR,2024,TOBACCO_INDICATOR,TOBACCO_INDICATOR_Adult_nonsmoked_svy_title,,,,,,,STEPS Survey,,,,,2025-07-24T14:32:31Z,2024,2024-01-01,2024-12-31
8057440,TOBACCO_MPOWER_M2_SMOKELESSECIGARETTES,COUNTRY,GBR,EUR,Europe,YEAR,2024,TOBACCO_INDICATOR,TOBACCO_INDICATOR_Adult_nonsmoked_age_grp,,,,,,,16+,,,,,2025-07-24T14:32:31Z,2024,2024-01-01,2024-12-31
8058451,TOBACCO_MPOWER_M2_SMOKELESSECIGARETTES,COUNTRY,PAN,AMR,Americas,YEAR,2024,TOBACCO_INDICATOR,TOBACCO_INDICATOR_Adult_nonsmoked_svy_title,,,,,,,Encuesta Nacional de Salud,,,,,2025-07-24T14:32:31Z,2024,2024-01-01,2024-12-31
8068609,TOBACCO_MPOWER_M2_SMOKELESSECIGARETTES,COUNTRY,TUV,WPR,Western Pacific,YEAR,2024,TOBACCO_INDICATOR,TOBACCO_INDICATOR_Adult_nonsmoked_svy_title,,,,,,,. . .,,,,,2025-07-24T14:32:31Z,2024,2024-01-01,2024-12-31
8068930,TOBACCO_MPOWER_M2_SMOKELESSECIGARETTES,COUNTRY,DJI,EMR,Eastern Mediterranean,YEAR,2024,TOBACCO_INDICATOR,TOBACCO_INDICATOR_Adult_nonsmoked_age_grp,,,,,,,. . .,,,,,2025-07-24T14:32:31Z,2024,2024-01-01,2024-12-31
8087474,TOBACCO_MPOWER_M2_SMOKELESSECIGARETTES,COUNTRY,BGR,EUR,Europe,YEAR,2024,TOBACCO_INDICATOR,TOBACCO_INDICATOR_Adult_nonsmoked_svy_title,,,,,,,National Survey of Risk Factors for Health,,,,,2025-07-24T14:32:31Z,2024,2024-01-01,2024-12-31
8136218,TOBACCO_MPOWER_M2_SMOKELESSECIGARETTES,COUNTRY,SVK,EUR,Europe,YEAR,2024,TOBACCO_INDICATOR,TOBACCO_INDICATOR_Adult_nonsmoked_national,,,,,,,National,,,,,2025-07-24T14:32:31Z,2024,2024-01-01,2024-12-31
8137253,TOBACCO_MPOWER_M2_SMOKELESSECIGARETTES,COUNTRY,ETH,AFR,Africa,YEAR,2024,TOBACCO_INDICATOR,TOBACCO_INDICATOR_Adult_nonsmoked_svy_title,,,,,,,Global Adult Tobacco Survey (GATS),,,,,2025-07-24T14:32:31Z,2024,2024-01-01,2024-12-31
8148304,TOBACCO_MPOWER_M2_SMOKELESSECIGARETTES,COUNTRY,CHN,WPR,Western Pacific,YEAR,2024,TOBACCO_INDICATOR,TOBACCO_INDICATOR_Adult_nonsmoked_svy_yr,,,,,,,2022,,,,,2026-01-30T10:45:51Z,2024,2024-01-01,2024-12-31
8159487,TOBACCO_MPOWER_M2_SMOKELESSECIGARETTES,COUNTRY,SUR,AMR,Americas,YEAR,2024,TOBACCO_INDICATOR,TOBACCO_INDICATOR_Adult_nonsmoked_svy_title,,,,,,,. . .,,,,,2025-07-24T14:32:31Z,2024,2024-01-01,2024-12-31
8168597,TOBACCO_MPOWER_M2_SMOKELESSECIGARETTES,COUNTRY,SYR,EMR,Eastern Mediterranean,YEAR,2024,TOBACCO_INDICATOR,TOBACCO_INDICATOR_Adult_nonsmoked_svy_title,,,,,,,National survey on tobacco use,,,,,2025-07-24T14:32:31Z,2024,2024-01-01,2024-12-31
8188154,TOBACCO_MPOWER_M2_SMOKELESSECIGARETTES,COUNTRY,NAM,AFR,Africa,YEAR,2024,TOBACCO_INDICATOR,TOBACCO_INDICATOR_Adult_nonsmoked_svy_yr,,,,,,,2006-07,,,,,2026-01-30T10:45:51Z,2024,2024-01-01,2024-12-31
8194290,TOBACCO_MPOWER_M2_SMOKELESSECIGARETTES,COUNTRY,BLZ,AMR,Americas,YEAR,2024,TOBACCO_INDICATOR,TOBACCO_INDICATOR_Adult_nonsmoked_svy_title,,,,,,,. . .,,,,,2025-07-24T14:32:31Z,2024,2024-01-01,2024-12-31
8203380,TOBACCO_MPOWER_M2_SMOKELESSECIGARETTES,COUNTRY,ISL,EUR,Europe,YEAR,2024,TOBACCO_INDICATOR,TOBACCO_INDICATOR_Adult_nonsmoked_national,,,,,,,National,,,,,2025-07-24T14:32:31Z,2024,2024-01-01,2024-12-31
8204587,TOBACCO_MPOWER_M2_SMOKELESSECIGARETTES,COUNTRY,SLB,WPR,Western Pacific,YEAR,2024,TOBACCO_INDICATOR,TOBACCO_INDICATOR_Adult_nonsmoked_svy_title,,,,,,,STEPS Survey,,,,,2025-07-24T14:32:31Z,2024,2024-01-01,2024-12-31
8205812,TOBACCO_MPOWER_M2_SMOKELESSECIGARETTES,COUNTRY,KAZ,EUR,Europe,YEAR,2024,TOBACCO_INDICATOR,TOBACCO_INDICATOR_Adult_nonsmoked_national,,,,,,,National,,,,,2025-07-24T14:32:31Z,2024,2024-01-01,2024-12-31
8234913,TOBACCO_MPOWER_M2_SMOKELESSECIGARETTES,COUNTRY,DEU,EUR,Europe,YEAR,2024,TOBACCO_INDICATOR,TOBACCO_INDICATOR_Adult_nonsmoked_svy_title,,,,,,,Epidemiologischer Suchtsurvey (ESA),,,,,2025-07-24T14:32:31Z,2024,2024-01-01,2024-12-31
8285267,TOBACCO_MPOWER_M2_SMOKELESSECIGARETTES,COUNTRY,MWI,AFR,Africa,YEAR,2024,TOBACCO_INDICATOR,TOBACCO_INDICATOR_Adult_nonsmoked_svy_yr,,,,,,,2017,,,,,2026-01-30T10:45:51Z,2024,2024-01-01,2024-12-31
8292876,TOBACCO_MPOWER_M2_SMOKELESSECIGARETTES,COUNTRY,COL,AMR,Americas,YEAR,2024,TOBACCO_INDICATOR,TOBACCO_INDICATOR_Adult_nonsmoked_svy_yr,,,,,,,2019,,,,,2026-01-30T10:45:51Z,2024,2024-01-01,2024-12-31
8299640,TOBACCO_MPOWER_M2_SMOKELESSECIGARETTES,COUNTRY,AZE,EUR,Europe,YEAR,2024,TOBACCO_INDICATOR,TOBACCO_INDICATOR_Adult_nonsmoked_svy_yr,,,,,,,2011,,,,,2026-01-30T10:45:51Z,2024,2024-01-01,2024-12-31
8303524,TOBACCO_MPOWER_M2_SMOKELESSECIGARETTES,COUNTRY,POL,EUR,Europe,YEAR,2024,TOBACCO_INDICATOR,TOBACCO_INDICATOR_Adult_nonsmoked_national,,,,,,,National,,,,,2025-07-24T14:32:31Z,2024,2024-01-01,2024-12-31
8319861,TOBACCO_MPOWER_M2_SMOKELESSECIGARETTES,COUNTRY,JOR,EMR,Eastern Mediterranean,YEAR,2024,TOBACCO_INDICATOR,TOBACCO_INDICATOR_Adult_nonsmoked_age_grp,,,,,,,. . .,,,,,2025-07-24T14:32:31Z,2024,2024-01-01,2024-12-31
8322080,TOBACCO_MPOWER_M2_SMOKELESSECIGARETTES,COUNTRY,KWT,EMR,Eastern Mediterranean,YEAR,2024,TOBACCO_INDICATOR,TOBACCO_INDICATOR_Adult_nonsmoked_svy_yr,,,,,,,2014,,,,,2026-01-30T10:45:51Z,2024,2024-01-01,2024-12-31
8340993,TOBACCO_MPOWER_M2_SMOKELESSECIGARETTES,COUNTRY,MHL,WPR,Western Pacific,YEAR,2024,TOBACCO_INDICATOR,TOBACCO_INDICATOR_Adult_nonsmoked_national,,,,,,,National,,,,,2025-07-24T14:32:31Z,2024,2024-01-01,2024-12-31
8359034,TOBACCO_MPOWER_M2_SMOKELESSECIGARETTES,COUNTRY,USA,AMR,Americas,YEAR,2024,TOBACCO_INDICATOR,TOBACCO_INDICATOR_Adult_nonsmoked_svy_title,,,,,,,National Survey on Drug Use and Health (NSDUH),,,,,2025-07-24T14:32:31Z,2024,2024-01-01,2024-12-31
8360769,TOBACCO_MPOWER_M2_SMOKELESSECIGARETTES,COUNTRY,IDN,WPR,Western Pacific,YEAR,2024,TOBACCO_INDICATOR,TOBACCO_INDICATOR_Adult_nonsmoked_age_grp,,,,,,,15+,,,,,2025-07-24T14:32:31Z,2024,2024-01-01,2024-12-31
8368828,TOBACCO_MPOWER_M2_SMOKELESSECIGARETTES,COUNTRY,HRV,EUR,Europe,YEAR,2024,TOBACCO_INDICATOR,TOBACCO_INDICATOR_Adult_nonsmoked_svy_yr,,,,,,,2023,,,,,2026-01-30T10:45:51Z,2024,2024-01-01,2024-12-31
8406574,TOBACCO_MPOWER_M2_SMOKELESSECIGARETTES,COUNTRY,DEU,EUR,Europe,YEAR,2024,TOBACCO_INDICATOR,TOBACCO_INDICATOR_Adult_nonsmoked_svy_yr,,,,,,,2021,,,,,2026-01-30T10:45:51Z,2024,2024-01-01,2024-12-31
8411421,TOBACCO_MPOWER_M2_SMOKELESSECIGARETTES,COUNTRY,CHE,EUR,Europe,YEAR,2024,TOBACCO_INDICATOR,TOBACCO_INDICATOR_Adult_nonsmoked_svy_title,,,,,,,Enquête Santé et Lifestyle,,,,,2025-07-24T14:32:31Z,2024,2024-01-01,2024-12-31
8426001,TOBACCO_MPOWER_M2_SMOKELESSECIGARETTES,COUNTRY,TZA,AFR,Africa,YEAR,2024,TOBACCO_INDICATOR,TOBACCO_INDICATOR_Adult_nonsmoked_national,,,,,,,National,,,,,2025-07-24T14:32:31Z,2024,2024-01-01,2024-12-31
8430858,TOBACCO_MPOWER_M2_SMOKELESSECIGARETTES,COUNTRY,EGY,EMR,Eastern Mediterranean,YEAR,2024,TOBACCO_INDICATOR,TOBACCO_INDICATOR_Adult_nonsmoked_national,,,,,,,National,,,,,2025-07-24T14:32:31Z,2024,2024-01-01,2024-12-31
8489690,TOBACCO_MPOWER_M2_SMOKELESSECIGARETTES,COUNTRY,ARE,EMR,Eastern Mediterranean,YEAR,2024,TOBACCO_INDICATOR,TOBACCO_INDICATOR_Adult_nonsmoked_svy_yr,,,,,,,2017-18,,,,,2026-01-30T10:45:51Z,2024,2024-01-01,2024-12-31
8519989,TOBACCO_MPOWER_M2_SMOKELESSECIGARETTES,COUNTRY,FRA,EUR,Europe,YEAR,2024,TOBACCO_INDICATOR,TOBACCO_INDICATOR_Adult_nonsmoked_svy_yr,,,,,,,2022,,,,,2026-01-30T10:45:51Z,2024,2024-01-01,2024-12-31
8533011,TOBACCO_MPOWER_M2_SMOKELESSECIGARETTES,COUNTRY,AGO,AFR,Africa,YEAR,2024,TOBACCO_INDICATOR,TOBACCO_INDICATOR_Adult_nonsmoked_national,,,,,,,National,,,,,2025-07-24T14:32:31Z,2024,2024-01-01,2024-12-31
8543218,TOBACCO_MPOWER_M2_SMOKELESSECIGARETTES,COUNTRY,LBR,AFR,Africa,YEAR,2024,TOBACCO_INDICATOR,TOBACCO_INDICATOR_Adult_nonsmoked_national,,,,,,,National,,,,,2025-07-24T14:32:31Z,2024,2024-01-01,2024-12-31
8562021,TOBACCO_MPOWER_M2_SMOKELESSECIGARETTES,COUNTRY,CPV,AFR,Africa,YEAR,2024,TOBACCO_INDICATOR,TOBACCO_INDICATOR_Adult_nonsmoked_svy_title,,,,,,,Cap Vert Enquête STEPS,,,,,2025-07-24T14:32:31Z,2024,2024-01-01,2024-12-31
8571247,TOBACCO_MPOWER_M2_SMOKELESSECIGARETTES,COUNTRY,JOR,EMR,Eastern Mediterranean,YEAR,2024,TOBACCO_INDICATOR,TOBACCO_INDICATOR_Adult_nonsmoked_svy_title,,,,,,,. . .,,,,,2025-07-24T14:32:31Z,2024,2024-01-01,2024-12-31
8576248,TOBACCO_MPOWER_M2_SMOKELESSECIGARETTES,COUNTRY,ALB,EUR,Europe,YEAR,2024,TOBACCO_INDICATOR,TOBACCO_INDICATOR_Adult_nonsmoked_national,,,,,,,National,,,,,2025-07-24T14:32:31Z,2024,2024-01-01,2024-12-31
8605456,TOBACCO_MPOWER_M2_SMOKELESSECIGARETTES,COUNTRY,GRC,EUR,Europe,YEAR,2024,TOBACCO_INDICATOR,TOBACCO_INDICATOR_Adult_nonsmoked_age_grp,,,,,,,15+,,,,,2025-07-24T14:32:31Z,2024,2024-01-01,2024-12-31
8619690,TOBACCO_MPOWER_M2_SMOKELESSECIGARETTES,COUNTRY,WSM,WPR,Western Pacific,YEAR,2024,TOBACCO_INDICATOR,TOBACCO_INDICATOR_Adult_nonsmoked_age_grp,,,,,,,18-64,,,,,2025-07-24T14:32:31Z,2024,2024-01-01,2024-12-31
8620410,TOBACCO_MPOWER_M2_SMOKELESSECIGARETTES,COUNTRY,VCT,AMR,Americas,YEAR,2024,TOBACCO_INDICATOR,TOBACCO_INDICATOR_Adult_nonsmoked_age_grp,,,,,,,18-69,,,,,2025-07-24T14:32:31Z,2024,2024-01-01,2024-12-31
8636260,TOBACCO_MPOWER_M2_SMOKELESSECIGARETTES,COUNTRY,BRN,WPR,Western Pacific,YEAR,2024,TOBACCO_INDICATOR,TOBACCO_INDICATOR_Adult_nonsmoked_svy_yr,,,,,,,2022-23,,,,,2026-01-30T10:45:51Z,2024,2024-01-01,2024-12-31
8636945,TOBACCO_MPOWER_M2_SMOKELESSECIGARETTES,COUNTRY,PAK,EMR,Eastern Mediterranean,YEAR,2024,TOBACCO_INDICATOR,TOBACCO_INDICATOR_Adult_nonsmoked_svy_title,,,,,,,Demographic and Health Survey,,,,,2025-07-24T14:32:31Z,2024,2024-01-01,2024-12-31
8656915,TOBACCO_MPOWER_M2_SMOKELESSECIGARETTES,COUNTRY,MNG,WPR,Western Pacific,YEAR,2024,TOBACCO_INDICATOR,TOBACCO_INDICATOR_Adult_nonsmoked_age_grp,,,,,,,15-69,,,,,2025-07-24T14:32:31Z,2024,2024-01-01,2024-12-31
8665586,TOBACCO_MPOWER_M2_SMOKELESSECIGARETTES,COUNTRY,GNQ,AFR,Africa,YEAR,2024,TOBACCO_INDICATOR,TOBACCO_INDICATOR_Adult_nonsmoked_svy_title,,,,,,,. . .,,,,,2025-07-24T14:32:31Z,2024,2024-01-01,2024-12-31
8689840,TOBACCO_MPOWER_M2_SMOKELESSECIGARETTES,COUNTRY,LUX,EUR,Europe,YEAR,2024,TOBACCO_INDICATOR,TOBACCO_INDICATOR_Adult_nonsmoked_svy_yr,,,,,,,2023,,,,,2026-01-30T10:45:51Z,2024,2024-01-01,2024-12-31
8707061,TOBACCO_MPOWER_M2_SMOKELESSECIGARETTES,COUNTRY,GNQ,AFR,Africa,YEAR,2024,TOBACCO_INDICATOR,TOBACCO_INDICATOR_Adult_nonsmoked_svy_yr,,,,,,,. . .,,,,,2026-01-30T10:45:51Z,2024,2024-01-01,2024-12-31
8735813,TOBACCO_MPOWER_M2_SMOKELESSECIGARETTES,COUNTRY,BWA,AFR,Africa,YEAR,2024,TOBACCO_INDICATOR,TOBACCO_INDICATOR_Adult_nonsmoked_age_grp,,,,,,,15+,,,,,2025-07-24T14:32:31Z,2024,2024-01-01,2024-12-31
8739452,TOBACCO_MPOWER_M2_SMOKELESSECIGARETTES,COUNTRY,KEN,AFR,Africa,YEAR,2024,TOBACCO_INDICATOR,TOBACCO_INDICATOR_Adult_nonsmoked_age_grp,,,,,,,15-54 (men) 15-49 (women),,,,,2025-07-24T14:32:31Z,2024,2024-01-01,2024-12-31
8759878,TOBACCO_MPOWER_M2_SMOKELESSECIGARETTES,COUNTRY,TON,WPR,Western Pacific,YEAR,2024,TOBACCO_INDICATOR,TOBACCO_INDICATOR_Adult_nonsmoked_national,,,,,,,. . .,,,,,2025-07-24T14:32:31Z,2024,2024-01-01,2024-12-31
8769470,TOBACCO_MPOWER_M2_SMOKELESSECIGARETTES,COUNTRY,GRD,AMR,Americas,YEAR,2024,TOBACCO_INDICATOR,TOBACCO_INDICATOR_Adult_nonsmoked_svy_yr,,,,,,,2010-11,,,,,2026-01-30T10:45:51Z,2024,2024-01-01,2024-12-31
8772758,TOBACCO_MPOWER_M2_SMOKELESSECIGARETTES,COUNTRY,ISR,EUR,Europe,YEAR,2024,TOBACCO_INDICATOR,TOBACCO_INDICATOR_Adult_nonsmoked_age_grp,,,,,,,. . .,,,,,2025-07-24T14:32:31Z,2024,2024-01-01,2024-12-31
8781105,TOBACCO_MPOWER_M2_SMOKELESSECIGARETTES,COUNTRY,PLW,WPR,Western Pacific,YEAR,2024,TOBACCO_INDICATOR,TOBACCO_INDICATOR_Adult_nonsmoked_age_grp,,,,,,,18+,,,,,2025-07-24T14:32:31Z,2024,2024-01-01,2024-12-31
8784782,TOBACCO_MPOWER_M2_SMOKELESSECIGARETTES,COUNTRY,NIU,WPR,Western Pacific,YEAR,2024,TOBACCO_INDICATOR,TOBACCO_INDICATOR_Adult_nonsmoked_svy_title,,,,,,,STEPS Survey,,,,,2025-07-24T14:32:31Z,2024,2024-01-01,2024-12-31
8816253,TOBACCO_MPOWER_M2_SMOKELESSECIGARETTES,COUNTRY,EST,EUR,Europe,YEAR,2024,TOBACCO_INDICATOR,TOBACCO_INDICATOR_Adult_nonsmoked_age_grp,,,,,,,16-64,,,,,2025-07-24T14:32:31Z,2024,2024-01-01,2024-12-31
8821879,TOBACCO_MPOWER_M2_SMOKELESSECIGARETTES,COUNTRY,MDG,AFR,Africa,YEAR,2024,TOBACCO_INDICATOR,TOBACCO_INDICATOR_Adult_nonsmoked_svy_title,,,,,,,Demographic and Health Survey,,,,,2025-07-24T14:32:31Z,2024,2024-01-01,2024-12-31
8845359,TOBACCO_MPOWER_M2_SMOKELESSECIGARETTES,COUNTRY,TUV,WPR,Western Pacific,YEAR,2024,TOBACCO_INDICATOR,TOBACCO_INDICATOR_Adult_nonsmoked_age_grp,,,,,,,. . .,,,,,2025-07-24T14:32:31Z,2024,2024-01-01,2024-12-31
8849360,TOBACCO_MPOWER_M2_SMOKELESSECIGARETTES,COUNTRY,MRT,AFR,Africa,YEAR,2024,TOBACCO_INDICATOR,TOBACCO_INDICATOR_Adult_nonsmoked_svy_yr,,,,,,,2021,,,,,2026-01-30T10:45:51Z,2024,2024-01-01,2024-12-31
8873950,TOBACCO_MPOWER_M2_SMOKELESSECIGARETTES,COUNTRY,CZE,EUR,Europe,YEAR,2024,TOBACCO_INDICATOR,TOBACCO_INDICATOR_Adult_nonsmoked_national,,,,,,,National,,,,,2025-07-24T14:32:31Z,2024,2024-01-01,2024-12-31
8882044,TOBACCO_MPOWER_M2_SMOKELESSECIGARETTES,COUNTRY,SVN,EUR,Europe,YEAR,2024,TOBACCO_INDICATOR,TOBACCO_INDICATOR_Adult_nonsmoked_national,,,,,,,National,,,,,2025-07-24T14:32:31Z,2024,2024-01-01,2024-12-31
8901651,TOBACCO_MPOWER_M2_SMOKELESSECIGARETTES,COUNTRY,CUB,AMR,Americas,YEAR,2024,TOBACCO_INDICATOR,TOBACCO_INDICATOR_Adult_nonsmoked_national,,,,,,,. . .,,,,,2025-07-24T14:32:31Z,2024,2024-01-01,2024-12-31
8903837,TOBACCO_MPOWER_M2_SMOKELESSECIGARETTES,COUNTRY,QAT,EMR,Eastern Mediterranean,YEAR,2024,TOBACCO_INDICATOR,TOBACCO_INDICATOR_Adult_nonsmoked_svy_title,,,,,,,Qatar STEPS,,,,,2025-07-24T14:32:31Z,2024,2024-01-01,2024-12-31
8906429,TOBACCO_MPOWER_M2_SMOKELESSECIGARETTES,COUNTRY,PRK,SEAR,South-East Asia,YEAR,2024,TOBACCO_INDICATOR,TOBACCO_INDICATOR_Adult_nonsmoked_svy_title,,,,,,,National Adult Tobacco Survey,,,,,2025-07-24T14:32:31Z,2024,2024-01-01,2024-12-31
8921102,TOBACCO_MPOWER_M2_SMOKELESSECIGARETTES,COUNTRY,MKD,EUR,Europe,YEAR,2024,TOBACCO_INDICATOR,TOBACCO_INDICATOR_Adult_nonsmoked_svy_title,,,,,,,Tobacco Consumption in North Macedonia,,,,,2025-07-24T14:32:31Z,2024,2024-01-01,2024-12-31
8938171,TOBACCO_MPOWER_M2_SMOKELESSECIGARETTES,COUNTRY,MDA,EUR,Europe,YEAR,2024,TOBACCO_INDICATOR,TOBACCO_INDICATOR_Adult_nonsmoked_age_grp,,,,,,,18-69,,,,,2025-07-24T14:32:31Z,2024,2024-01-01,2024-12-31
8943626,TOBACCO_MPOWER_M2_SMOKELESSECIGARETTES,COUNTRY,MOZ,AFR,Africa,YEAR,2024,TOBACCO_INDICATOR,TOBACCO_INDICATOR_Adult_nonsmoked_age_grp,,,,,,,15-54 (men) 15-49 (women),,,,,2025-07-24T14:32:31Z,2024,2024-01-01,2024-12-31
8971412,TOBACCO_MPOWER_M2_SMOKELESSECIGARETTES,COUNTRY,UKR,EUR,Europe,YEAR,2024,TOBACCO_INDICATOR,TOBACCO_INDICATOR_Adult_nonsmoked_national,,,,,,,National,,,,,2025-07-24T14:32:31Z,2024,2024-01-01,2024-12-31
8977376,TOBACCO_MPOWER_M2_SMOKELESSECIGARETTES,COUNTRY,PRT,EUR,Europe,YEAR,2024,TOBACCO_INDICATOR,TOBACCO_INDICATOR_Adult_nonsmoked_national,,,,,,,National,,,,,2025-07-24T14:32:31Z,2024,2024-01-01,2024-12-31
9011432,TOBACCO_MPOWER_M2_SMOKELESSECIGARETTES,COUNTRY,GHA,AFR,Africa,YEAR,2024,TOBACCO_INDICATOR,TOBACCO_INDICATOR_Adult_nonsmoked_svy_yr,,,,,,,2022,,,,,2026-01-30T10:45:51Z,2024,2024-01-01,2024-12-31
9044467,TOBACCO_MPOWER_M2_SMOKELESSECIGARETTES,COUNTRY,KWT,EMR,Eastern Mediterranean,YEAR,2024,TOBACCO_INDICATOR,TOBACCO_INDICATOR_Adult_nonsmoked_national,,,,,,,National,,,,,2025-07-24T14:32:31Z,2024,2024-01-01,2024-12-31
9048477,TOBACCO_MPOWER_M2_SMOKELESSECIGARETTES,COUNTRY,BHR,EMR,Eastern Mediterranean,YEAR,2024,TOBACCO_INDICATOR,TOBACCO_INDICATOR_Adult_nonsmoked_svy_yr,,,,,,,. . .,,,,,2026-01-30T10:45:51Z,2024,2024-01-01,2024-12-31
9054935,TOBACCO_MPOWER_M2_SMOKELESSECIGARETTES,COUNTRY,KAZ,EUR,Europe,YEAR,2024,TOBACCO_INDICATOR,TOBACCO_INDICATOR_Adult_nonsmoked_age_grp,,,,,,,15+,,,,,2025-07-24T14:32:31Z,2024,2024-01-01,2024-12-31
9063782,TOBACCO_MPOWER_M2_SMOKELESSECIGARETTES,COUNTRY,SGP,WPR,Western Pacific,YEAR,2024,TOBACCO_INDICATOR,TOBACCO_INDICATOR_Adult_nonsmoked_svy_yr,,,,,,,. . .,,,,,2026-01-30T10:45:51Z,2024,2024-01-01,2024-12-31
9070152,TOBACCO_MPOWER_M2_SMOKELESSECIGARETTES,COUNTRY,VEN,AMR,Americas,YEAR,2024,TOBACCO_INDICATOR,TOBACCO_INDICATOR_Adult_nonsmoked_national,,,,,,,National,,,,,2025-07-24T14:32:31Z,2024,2024-01-01,2024-12-31
9074060,TOBACCO_MPOWER_M2_SMOKELESSECIGARETTES,COUNTRY,BDI,AFR,Africa,YEAR,2024,TOBACCO_INDICATOR,TOBACCO_INDICATOR_Adult_nonsmoked_svy_title,,,,,,,Demographic and Health Survey,,,,,2025-07-24T14:32:31Z,2024,2024-01-01,2024-12-31
9075314,TOBACCO_MPOWER_M2_SMOKELESSECIGARETTES,COUNTRY,BDI,AFR,Africa,YEAR,2024,TOBACCO_INDICATOR,TOBACCO_INDICATOR_Adult_nonsmoked_national,,,,,,,National,,,,,2025-07-24T14:32:31Z,2024,2024-01-01,2024-12-31
9076860,TOBACCO_MPOWER_M2_SMOKELESSECIGARETTES,COUNTRY,QAT,EMR,Eastern Mediterranean,YEAR,2024,TOBACCO_INDICATOR,TOBACCO_INDICATOR_Adult_nonsmoked_svy_yr,,,,,,,2023,,,,,2026-01-30T10:45:51Z,2024,2024-01-01,2024-12-31
9084192,TOBACCO_MPOWER_M2_SMOKELESSECIGARETTES,COUNTRY,LKA,SEAR,South-East Asia,YEAR,2024,TOBACCO_INDICATOR,TOBACCO_INDICATOR_Adult_nonsmoked_age_grp,,,,,,,18-69,,,,,2025-07-24T14:32:31Z,2024,2024-01-01,2024-12-31
9091197,TOBACCO_MPOWER_M2_SMOKELESSECIGARETTES,COUNTRY,LTU,EUR,Europe,YEAR,2024,TOBACCO_INDICATOR,TOBACCO_INDICATOR_Adult_nonsmoked_svy_yr,,,,,,,2021,,,,,2026-01-30T10:45:51Z,2024,2024-01-01,2024-12-31
9116926,TOBACCO_MPOWER_M2_SMOKELESSECIGARETTES,COUNTRY,MHL,WPR,Western Pacific,YEAR,2024,TOBACCO_INDICATOR,TOBACCO_INDICATOR_Adult_nonsmoked_age_grp,,,,,,,18+,,,,,2025-07-24T14:32:31Z,2024,2024-01-01,2024-12-31
9118580,TOBACCO_MPOWER_M2_SMOKELESSECIGARETTES,COUNTRY,CMR,AFR,Africa,YEAR,2024,TOBACCO_INDICATOR,TOBACCO_INDICATOR_Adult_nonsmoked_age_grp,,,,,,,15-64,,,,,2025-07-24T14:32:31Z,2024,2024-01-01,2024-12-31
9123078,TOBACCO_MPOWER_M2_SMOKELESSECIGARETTES,COUNTRY,GBR,EUR,Europe,YEAR,2024,TOBACCO_INDICATOR,TOBACCO_INDICATOR_Adult_nonsmoked_national,,,,,,,Subnational,,,,Data representative of Great Britain only. Prevalence surveys are also carried out in Northern Ireland.,2025-07-24T14:32:31Z,2024,2024-01-01,2024-12-31
9129542,TOBACCO_MPOWER_M2_SMOKELESSECIGARETTES,COUNTRY,UKR,EUR,Europe,YEAR,2024,TOBACCO_INDICATOR,TOBACCO_INDICATOR_Adult_nonsmoked_age_grp,,,,,,,18+,,,,,2025-07-24T14:32:31Z,2024,2024-01-01,2024-12-31
9142995,TOBACCO_MPOWER_M2_SMOKELESSECIGARETTES,COUNTRY,AZE,EUR,Europe,YEAR,2024,TOBACCO_INDICATOR,TOBACCO_INDICATOR_Adult_nonsmoked_age_grp,,,,,,,18+,,,,,2025-07-24T14:32:31Z,2024,2024-01-01,2024-12-31
9156458,TOBACCO_MPOWER_M2_SMOKELESSECIGARETTES,COUNTRY,TKM,EUR,Europe,YEAR,2024,TOBACCO_INDICATOR,TOBACCO_INDICATOR_Adult_nonsmoked_age_grp,,,,,,,18-69,,,,,2025-07-24T14:32:31Z,2024,2024-01-01,2024-12-31
9180554,TOBACCO_MPOWER_M2_SMOKELESSECIGARETTES,COUNTRY,NIU,WPR,Western Pacific,YEAR,2024,TOBACCO_INDICATOR,TOBACCO_INDICATOR_Adult_nonsmoked_national,,,,,,,National,,,,,2025-07-24T14:32:31Z,2024,2024-01-01,2024-12-31
9184143,TOBACCO_MPOWER_M2_SMOKELESSECIGARETTES,COUNTRY,MYS,WPR,Western Pacific,YEAR,2024,TOBACCO_INDICATOR,TOBACCO_INDICATOR_Adult_nonsmoked_svy_yr,,,,,,,2023,,,,,2026-01-30T10:45:51Z,2024,2024-01-01,2024-12-31
9198681,TOBACCO_MPOWER_M2_SMOKELESSECIGARETTES,COUNTRY,FIN,EUR,Europe,YEAR,2024,TOBACCO_INDICATOR,TOBACCO_INDICATOR_Adult_nonsmoked_svy_title,,,,,,,Healthy Finland Survey,,,,,2025-07-24T14:32:31Z,2024,2024-01-01,2024-12-31
9205933,TOBACCO_MPOWER_M2_SMOKELESSECIGARETTES,COUNTRY,MOZ,AFR,Africa,YEAR,2024,TOBACCO_INDICATOR,TOBACCO_INDICATOR_Adult_nonsmoked_national,,,,,,,National,,,,,2025-07-24T14:32:31Z,2024,2024-01-01,2024-12-31
9215498,TOBACCO_MPOWER_M2_SMOKELESSECIGARETTES,COUNTRY,FJI,WPR,Western Pacific,YEAR,2024,TOBACCO_INDICATOR,TOBACCO_INDICATOR_Adult_nonsmoked_svy_title,,,,,,,. . .,,,,,2025-07-24T14:32:31Z,2024,2024-01-01,2024-12-31
9216819,TOBACCO_MPOWER_M2_SMOKELESSECIGARETTES,COUNTRY,MEX,AMR,Americas,YEAR,2024,TOBACCO_INDICATOR,TOBACCO_INDICATOR_Adult_nonsmoked_svy_yr,,,,,,,2023,,,,,2026-01-30T10:45:51Z,2024,2024-01-01,2024-12-31
9230389,TOBACCO_MPOWER_M2_SMOKELESSECIGARETTES,COUNTRY,GEO,EUR,Europe,YEAR,2024,TOBACCO_INDICATOR,TOBACCO_INDICATOR_Adult_nonsmoked_age_grp,,,,,,,18-69,,,,,2025-07-24T14:32:31Z,2024,2024-01-01,2024-12-31
9256453,TOBACCO_MPOWER_M2_SMOKELESSECIGARETTES,COUNTRY,SVN,EUR,Europe,YEAR,2024,TOBACCO_INDICATOR,TOBACCO_INDICATOR_Adult_nonsmoked_svy_title,,,,,,,Use of tobacco and related products in Slovenia,,,,,2025-07-24T14:32:31Z,2024,2024-01-01,2024-12-31
9258512,TOBACCO_MPOWER_M2_SMOKELESSECIGARETTES,COUNTRY,NIU,WPR,Western Pacific,YEAR,2024,TOBACCO_INDICATOR,TOBACCO_INDICATOR_Adult_nonsmoked_svy_yr,,,,,,,2011,,,,,2026-01-30T10:45:51Z,2024,2024-01-01,2024-12-31
9267216,TOBACCO_MPOWER_M2_SMOKELESSECIGARETTES,COUNTRY,BGD,SEAR,South-East Asia,YEAR,2024,TOBACCO_INDICATOR,TOBACCO_INDICATOR_Adult_nonsmoked_svy_yr,,,,,,,2022,,,,,2026-01-30T10:45:51Z,2024,2024-01-01,2024-12-31
9277472,TOBACCO_MPOWER_M2_SMOKELESSECIGARETTES,COUNTRY,LVA,EUR,Europe,YEAR,2024,TOBACCO_INDICATOR,TOBACCO_INDICATOR_Adult_nonsmoked_svy_yr,,,,,,,2022,,,,,2026-01-30T10:45:51Z,2024,2024-01-01,2024-12-31
9299080,TOBACCO_MPOWER_M2_SMOKELESSECIGARETTES,COUNTRY,KEN,AFR,Africa,YEAR,2024,TOBACCO_INDICATOR,TOBACCO_INDICATOR_Adult_nonsmoked_svy_yr,,,,,,,2022,,,,,2026-01-30T10:45:51Z,2024,2024-01-01,2024-12-31
9310884,TOBACCO_MPOWER_M2_SMOKELESSECIGARETTES,COUNTRY,LBN,EMR,Eastern Mediterranean,YEAR,2024,TOBACCO_INDICATOR,TOBACCO_INDICATOR_Adult_nonsmoked_svy_title,,,,,,,STEPS Survey,,,,,2025-07-24T14:32:31Z,2024,2024-01-01,2024-12-31
9356110,TOBACCO_MPOWER_M2_SMOKELESSECIGARETTES,COUNTRY,GEO,EUR,Europe,YEAR,2024,TOBACCO_INDICATOR,TOBACCO_INDICATOR_Adult_nonsmoked_svy_title,,,,,,,National tobacco survey,,,,,2025-07-24T14:32:31Z,2024,2024-01-01,2024-12-31
9359401,TOBACCO_MPOWER_M2_SMOKELESSECIGARETTES,COUNTRY,WSM,WPR,Western Pacific,YEAR,2024,TOBACCO_INDICATOR,TOBACCO_INDICATOR_Adult_nonsmoked_national,,,,,,,National,,,,,2025-07-24T14:32:31Z,2024,2024-01-01,2024-12-31
9369894,TOBACCO_MPOWER_M2_SMOKELESSECIGARETTES,COUNTRY,BOL,AMR,Americas,YEAR,2024,TOBACCO_INDICATOR,TOBACCO_INDICATOR_Adult_nonsmoked_age_grp,,,,,,,18-69,,,,,2025-07-24T14:32:31Z,2024,2024-01-01,2024-12-31
9391302,TOBACCO_MPOWER_M2_SMOKELESSECIGARETTES,COUNTRY,SYC,AFR,Africa,YEAR,2024,TOBACCO_INDICATOR,TOBACCO_INDICATOR_Adult_nonsmoked_svy_yr,,,,,,,2023,,,,,2026-01-30T10:45:51Z,2024,2024-01-01,2024-12-31
9458952,TOBACCO_MPOWER_M2_SMOKELESSECIGARETTES,COUNTRY,TUR,EUR,Europe,YEAR,2024,TOBACCO_INDICATOR,TOBACCO_INDICATOR_Adult_nonsmoked_svy_yr,,,,,,,2019,,,,,2026-01-30T10:45:51Z,2024,2024-01-01,2024-12-31
9474204,TOBACCO_MPOWER_M2_SMOKELESSECIGARETTES,COUNTRY,BLZ,AMR,Americas,YEAR,2024,TOBACCO_INDICATOR,TOBACCO_INDICATOR_Adult_nonsmoked_national,,,,,,,. . .,,,,,2025-07-24T14:32:31Z,2024,2024-01-01,2024-12-31
9476879,TOBACCO_MPOWER_M2_SMOKELESSECIGARETTES,COUNTRY,NLD,EUR,Europe,YEAR,2024,TOBACCO_INDICATOR,TOBACCO_INDICATOR_Adult_nonsmoked_svy_yr,,,,,,,2023,,,,,2026-01-30T10:45:51Z,2024,2024-01-01,2024-12-31
9480722,TOBACCO_MPOWER_M2_SMOKELESSECIGARETTES,COUNTRY,GMB,AFR,Africa,YEAR,2024,TOBACCO_INDICATOR,TOBACCO_INDICATOR_Adult_nonsmoked_age_grp,,,,,,,15-59 (men) 15-49 (women),,,,,2025-07-24T14:32:31Z,2024,2024-01-01,2024-12-31
9504863,TOBACCO_MPOWER_M2_SMOKELESSECIGARETTES,COUNTRY,CMR,AFR,Africa,YEAR,2024,TOBACCO_INDICATOR,TOBACCO_INDICATOR_Adult_nonsmoked_svy_yr,,,,,,,2018,,,,,2026-01-30T10:45:51Z,2024,2024-01-01,2024-12-31
9525211,TOBACCO_MPOWER_M2_SMOKELESSECIGARETTES,COUNTRY,BRB,AMR,Americas,YEAR,2024,TOBACCO_INDICATOR,TOBACCO_INDICATOR_Adult_nonsmoked_svy_title,,,,,,,Barbados STEPS Survey,,,,,2025-07-24T14:32:31Z,2024,2024-01-01,2024-12-31
9538946,TOBACCO_MPOWER_M2_SMOKELESSECIGARETTES,COUNTRY,FIN,EUR,Europe,YEAR,2024,TOBACCO_INDICATOR,TOBACCO_INDICATOR_Adult_nonsmoked_age_grp,,,,,,,20-64,,,,,2025-07-24T14:32:31Z,2024,2024-01-01,2024-12-31
9555666,TOBACCO_MPOWER_M2_SMOKELESSECIGARETTES,COUNTRY,BFA,AFR,Africa,YEAR,2024,TOBACCO_INDICATOR,TOBACCO_INDICATOR_Adult_nonsmoked_national,,,,,,,National,,,,,2025-07-24T14:32:31Z,2024,2024-01-01,2024-12-31
9565505,TOBACCO_MPOWER_M2_SMOKELESSECIGARETTES,COUNTRY,ISR,EUR,Europe,YEAR,2024,TOBACCO_INDICATOR,TOBACCO_INDICATOR_Adult_nonsmoked_national,,,,,,,. . .,,,,,2025-07-24T14:32:31Z,2024,2024-01-01,2024-12-31
9566638,TOBACCO_MPOWER_M2_SMOKELESSECIGARETTES,COUNTRY,SWE,EUR,Europe,YEAR,2024,TOBACCO_INDICATOR,TOBACCO_INDICATOR_Adult_nonsmoked_svy_yr,,,,,,,2023,,,,,2026-01-30T10:45:51Z,2024,2024-01-01,2024-12-31
9593247,TOBACCO_MPOWER_M2_SMOKELESSECIGARETTES,COUNTRY,MDA,EUR,Europe,YEAR,2024,TOBACCO_INDICATOR,TOBACCO_INDICATOR_Adult_nonsmoked_svy_title,,,,,,,STEPS Survey,,,,,2025-07-24T14:32:31Z,2024,2024-01-01,2024-12-31
9598753,TOBACCO_MPOWER_M2_SMOKELESSECIGARETTES,COUNTRY,COM,AFR,Africa,YEAR,2024,TOBACCO_INDICATOR,TOBACCO_INDICATOR_Adult_nonsmoked_svy_yr,,,,,,,2011,,,,,2026-01-30T10:45:51Z,2024,2024-01-01,2024-12-31
9622171,TOBACCO_MPOWER_M2_SMOKELESSECIGARETTES,COUNTRY,CHL,AMR,Americas,YEAR,2024,TOBACCO_INDICATOR,TOBACCO_INDICATOR_Adult_nonsmoked_age_grp,,,,,,,15-64,,,,,2025-07-24T14:32:31Z,2024,2024-01-01,2024-12-31
9634341,TOBACCO_MPOWER_M2_SMOKELESSECIGARETTES,COUNTRY,LKA,SEAR,South-East Asia,YEAR,2024,TOBACCO_INDICATOR,TOBACCO_INDICATOR_Adult_nonsmoked_national,,,,,,,National,,,,,2025-07-24T14:32:31Z,2024,2024-01-01,2024-12-31
9676271,TOBACCO_MPOWER_M2_SMOKELESSECIGARETTES,COUNTRY,DOM,AMR,Americas,YEAR,2024,TOBACCO_INDICATOR,TOBACCO_INDICATOR_Adult_nonsmoked_svy_yr,,,,,,,2007,,,,,2026-01-30T10:45:51Z,2024,2024-01-01,2024-12-31
9677925,TOBACCO_MPOWER_M2_SMOKELESSECIGARETTES,COUNTRY,CAF,AFR,Africa,YEAR,2024,TOBACCO_INDICATOR,TOBACCO_INDICATOR_Adult_nonsmoked_svy_title,,,,,,,. . .,,,,,2025-07-24T14:32:31Z,2024,2024-01-01,2024-12-31
9691017,TOBACCO_MPOWER_M2_SMOKELESSECIGARETTES,COUNTRY,BEN,AFR,Africa,YEAR,2024,TOBACCO_INDICATOR,TOBACCO_INDICATOR_Adult_nonsmoked_svy_title,,,,,,,Enquête Démographique et de Santé au Bénin,,,,,2025-07-24T14:32:31Z,2024,2024-01-01,2024-12-31
9695684,TOBACCO_MPOWER_M2_SMOKELESSECIGARETTES,COUNTRY,SYR,EMR,Eastern Mediterranean,YEAR,2024,TOBACCO_INDICATOR,TOBACCO_INDICATOR_Adult_nonsmoked_national,,,,,,,National,,,,,2025-07-24T14:32:31Z,2024,2024-01-01,2024-12-31
9696730,TOBACCO_MPOWER_M2_SMOKELESSECIGARETTES,COUNTRY,FRA,EUR,Europe,YEAR,2024,TOBACCO_INDICATOR,TOBACCO_INDICATOR_Adult_nonsmoked_national,,,,,,,National,,,,,2025-07-24T14:32:31Z,2024,2024-01-01,2024-12-31
9711448,TOBACCO_MPOWER_M2_SMOKELESSECIGARETTES,COUNTRY,NRU,WPR,Western Pacific,YEAR,2024,TOBACCO_INDICATOR,TOBACCO_INDICATOR_Adult_nonsmoked_svy_title,,,,,,,Multiple Indicator Cluster Survey (MICS),,,,,2025-07-24T14:32:31Z,2024,2024-01-01,2024-12-31
9729397,TOBACCO_MPOWER_M2_SMOKELESSECIGARETTES,COUNTRY,GMB,AFR,Africa,YEAR,2024,TOBACCO_INDICATOR,TOBACCO_INDICATOR_Adult_nonsmoked_svy_title,,,,,,,Demographic and Health Survey,,,,,2025-07-24T14:32:31Z,2024,2024-01-01,2024-12-31
9771637,TOBACCO_MPOWER_M2_SMOKELESSECIGARETTES,COUNTRY,IND,SEAR,South-East Asia,YEAR,2024,TOBACCO_INDICATOR,TOBACCO_INDICATOR_Adult_nonsmoked_national,,,,,,,National,,,,,2025-07-24T14:32:31Z,2024,2024-01-01,2024-12-31
9777353,TOBACCO_MPOWER_M2_SMOKELESSECIGARETTES,COUNTRY,AGO,AFR,Africa,YEAR,2024,TOBACCO_INDICATOR,TOBACCO_INDICATOR_Adult_nonsmoked_age_grp,,,,,,,15-49,,,,,2025-07-24T14:32:31Z,2024,2024-01-01,2024-12-31
9804396,TOBACCO_MPOWER_M2_SMOKELESSECIGARETTES,COUNTRY,URY,AMR,Americas,YEAR,2024,TOBACCO_INDICATOR,TOBACCO_INDICATOR_Adult_nonsmoked_national,,,,,,,National,,,,,2025-07-24T14:32:31Z,2024,2024-01-01,2024-12-31
9816664,TOBACCO_MPOWER_M2_SMOKELESSECIGARETTES,COUNTRY,KHM,WPR,Western Pacific,YEAR,2024,TOBACCO_INDICATOR,TOBACCO_INDICATOR_Adult_nonsmoked_svy_yr,,,,,,,2021,,,,,2026-01-30T10:45:51Z,2024,2024-01-01,2024-12-31
9826053,TOBACCO_MPOWER_M2_SMOKELESSECIGARETTES,COUNTRY,ZAF,AFR,Africa,YEAR,2024,TOBACCO_INDICATOR,TOBACCO_INDICATOR_Adult_nonsmoked_svy_title,,,,,,,Global Adult Tobacco Survey (GATS),,,,,2025-07-24T14:32:31Z,2024,2024-01-01,2024-12-31
9837265,TOBACCO_MPOWER_M2_SMOKELESSECIGARETTES,COUNTRY,URY,AMR,Americas,YEAR,2024,TOBACCO_INDICATOR,TOBACCO_INDICATOR_Adult_nonsmoked_age_grp,,,,,,,15+,,,,,2025-07-24T14:32:31Z,2024,2024-01-01,2024-12-31
9840210,TOBACCO_MPOWER_M2_SMOKELESSECIGARETTES,COUNTRY,FRA,EUR,Europe,YEAR,2024,TOBACCO_INDICATOR,TOBACCO_INDICATOR_Adult_nonsmoked_svy_title,,,,,,,Baromètre santé,,,,,2025-07-24T14:32:31Z,2024,2024-01-01,2024-12-31
9900998,TOBACCO_MPOWER_M2_SMOKELESSECIGARETTES,COUNTRY,NER,AFR,Africa,YEAR,2024,TOBACCO_INDICATOR,TOBACCO_INDICATOR_Adult_nonsmoked_svy_yr,,,,,,,2021,,,,,2026-01-30T10:45:51Z,2024,2024-01-01,2024-12-31
9914511,TOBACCO_MPOWER_M2_SMOKELESSECIGARETTES,COUNTRY,PNG,WPR,Western Pacific,YEAR,2024,TOBACCO_INDICATOR,TOBACCO_INDICATOR_Adult_nonsmoked_age_grp,,,,,,,. . .,,,,,2025-07-24T14:32:31Z,2024,2024-01-01,2024-12-31
9933790,TOBACCO_MPOWER_M2_SMOKELESSECIGARETTES,COUNTRY,LBR,AFR,Africa,YEAR,2024,TOBACCO_INDICATOR,TOBACCO_INDICATOR_Adult_nonsmoked_svy_title,,,,,,,Demographic and Health Survey,,,,,2025-07-24T14:32:31Z,2024,2024-01-01,2024-12-31
9968783,TOBACCO_MPOWER_M2_SMOKELESSECIGARETTES,COUNTRY,HRV,EUR,Europe,YEAR,2024,TOBACCO_INDICATOR,TOBACCO_INDICATOR_Adult_nonsmoked_age_grp,,,,,,,15-64,,,,,2025-07-24T14:32:31Z,2024,2024-01-01,2024-12-31
9989152,TOBACCO_MPOWER_M2_SMOKELESSECIGARETTES,COUNTRY,KIR,WPR,Western Pacific,YEAR,2024,TOBACCO_INDICATOR,TOBACCO_INDICATOR_Adult_nonsmoked_svy_title,,,,,,,Kiribati STEPS survey,,,,,2025-07-24T14:32:31Z,2024,2024-01-01,2024-12-31
9990763,TOBACCO_MPOWER_M2_SMOKELESSECIGARETTES,COUNTRY,CHN,WPR,Western Pacific,YEAR,2024,TOBACCO_INDICATOR,TOBACCO_INDICATOR_Adult_nonsmoked_svy_title,,,,,,,China Adult Tobacco Survey,,,,,2025-07-24T14:32:31Z,2024,2024-01-01,2024-12-31
10012637,TOBACCO_MPOWER_M2_SMOKELESSECIGARETTES,COUNTRY,NRU,WPR,Western Pacific,YEAR,2024,TOBACCO_INDICATOR,TOBACCO_INDICATOR_Adult_nonsmoked_national,,,,,,,National,,,,,2025-07-24T14:32:31Z,2024,2024-01-01,2024-12-31
10020368,TOBACCO_MPOWER_M2_SMOKELESSECIGARETTES,COUNTRY,TLS,SEAR,South-East Asia,YEAR,2024,TOBACCO_INDICATOR,TOBACCO_INDICATOR_Adult_nonsmoked_age_grp,,,,,,,18-69,,,,,2025-07-24T14:32:31Z,2024,2024-01-01,2024-12-31
10037955,TOBACCO_MPOWER_M2_SMOKELESSECIGARETTES,COUNTRY,BWA,AFR,Africa,YEAR,2024,TOBACCO_INDICATOR,TOBACCO_INDICATOR_Adult_nonsmoked_svy_title,,,,,,,Global Adult Tobacco Survey (GATS),,,,,2025-07-24T14:32:31Z,2024,2024-01-01,2024-12-31
10044107,TOBACCO_MPOWER_M2_SMOKELESSECIGARETTES,COUNTRY,PAN,AMR,Americas,YEAR,2024,TOBACCO_INDICATOR,TOBACCO_INDICATOR_Adult_nonsmoked_national,,,,,,,National,,,,,2025-07-24T14:32:31Z,2024,2024-01-01,2024-12-31
10056215,TOBACCO_MPOWER_M2_SMOKELESSECIGARETTES,COUNTRY,ISL,EUR,Europe,YEAR,2024,TOBACCO_INDICATOR,TOBACCO_INDICATOR_Adult_nonsmoked_svy_title,,,,,,,Tóbakskönnun by Gallup,,,,,2025-07-24T14:32:31Z,2024,2024-01-01,2024-12-31
10066188,TOBACCO_MPOWER_M2_SMOKELESSECIGARETTES,COUNTRY,KOR,WPR,Western Pacific,YEAR,2024,TOBACCO_INDICATOR,TOBACCO_INDICATOR_Adult_nonsmoked_age_grp,,,,,,,19+,,,,,2025-07-24T14:32:31Z,2024,2024-01-01,2024-12-31
10075486,TOBACCO_MPOWER_M2_SMOKELESSECIGARETTES,COUNTRY,ARE,EMR,Eastern Mediterranean,YEAR,2024,TOBACCO_INDICATOR,TOBACCO_INDICATOR_Adult_nonsmoked_age_grp,,,,,,,18-69,,,,,2025-07-24T14:32:31Z,2024,2024-01-01,2024-12-31
10076476,TOBACCO_MPOWER_M2_SMOKELESSECIGARETTES,COUNTRY,BRA,AMR,Americas,YEAR,2024,TOBACCO_INDICATOR,TOBACCO_INDICATOR_Adult_nonsmoked_svy_title,,,,,,,Pesquisa Nacional de Saúde (National Health Survey),,,,,2025-07-24T14:32:31Z,2024,2024-01-01,2024-12-31
10086797,TOBACCO_MPOWER_M2_SMOKELESSECIGARETTES,COUNTRY,BEL,EUR,Europe,YEAR,2024,TOBACCO_INDICATOR,TOBACCO_INDICATOR_Adult_nonsmoked_svy_yr,,,,,,,2022,,,,,2026-01-30T10:45:51Z,2024,2024-01-01,2024-12-31
10089832,TOBACCO_MPOWER_M2_SMOKELESSECIGARETTES,COUNTRY,TGO,AFR,Africa,YEAR,2024,TOBACCO_INDICATOR,TOBACCO_INDICATOR_Adult_nonsmoked_national,,,,,,,National,,,,,2025-07-24T14:32:31Z,2024,2024-01-01,2024-12-31
10091855,TOBACCO_MPOWER_M2_SMOKELESSECIGARETTES,COUNTRY,VNM,WPR,Western Pacific,YEAR,2024,TOBACCO_INDICATOR,TOBACCO_INDICATOR_Adult_nonsmoked_svy_title,,,,,,,Provincial Global Adult Tobacco Survey,,,,,2025-07-24T14:32:31Z,2024,2024-01-01,2024-12-31
10092727,TOBACCO_MPOWER_M2_SMOKELESSECIGARETTES,COUNTRY,SAU,EMR,Eastern Mediterranean,YEAR,2024,TOBACCO_INDICATOR,TOBACCO_INDICATOR_Adult_nonsmoked_svy_title,,,,,,,National Health Survey,,,,,2025-07-24T14:32:31Z,2024,2024-01-01,2024-12-31
10104875,TOBACCO_MPOWER_M2_SMOKELESSECIGARETTES,COUNTRY,MRT,AFR,Africa,YEAR,2024,TOBACCO_INDICATOR,TOBACCO_INDICATOR_Adult_nonsmoked_national,,,,,,,National,,,,,2025-07-24T14:32:31Z,2024,2024-01-01,2024-12-31
10115126,TOBACCO_MPOWER_M2_SMOKELESSECIGARETTES,COUNTRY,ATG,AMR,Americas,YEAR,2024,TOBACCO_INDICATOR,TOBACCO_INDICATOR_Adult_nonsmoked_age_grp,,,,,,,. . .,,,,,2025-07-24T14:32:31Z,2024,2024-01-01,2024-12-31
10116618,TOBACCO_MPOWER_M2_SMOKELESSECIGARETTES,COUNTRY,ZMB,AFR,Africa,YEAR,2024,TOBACCO_INDICATOR,TOBACCO_INDICATOR_Adult_nonsmoked_national,,,,,,,National,,,,,2025-07-24T14:32:31Z,2024,2024-01-01,2024-12-31
10127295,TOBACCO_MPOWER_M2_SMOKELESSECIGARETTES,COUNTRY,AUS,WPR,Western Pacific,YEAR,2024,TOBACCO_INDICATOR,TOBACCO_INDICATOR_Adult_nonsmoked_national,,,,,,,National,,,,,2025-07-24T14:32:31Z,2024,2024-01-01,2024-12-31
10146193,TOBACCO_MPOWER_M2_SMOKELESSECIGARETTES,COUNTRY,PNG,WPR,Western Pacific,YEAR,2024,TOBACCO_INDICATOR,TOBACCO_INDICATOR_Adult_nonsmoked_svy_title,,,,,,,. . .,,,,,2025-07-24T14:32:31Z,2024,2024-01-01,2024-12-31
10151367,TOBACCO_MPOWER_M2_SMOKELESSECIGARETTES,COUNTRY,PAK,EMR,Eastern Mediterranean,YEAR,2024,TOBACCO_INDICATOR,TOBACCO_INDICATOR_Adult_nonsmoked_national,,,,,,,National,,,,,2025-07-24T14:32:31Z,2024,2024-01-01,2024-12-31
10162979,TOBACCO_MPOWER_M2_SMOKELESSECIGARETTES,COUNTRY,IRL,EUR,Europe,YEAR,2024,TOBACCO_INDICATOR,TOBACCO_INDICATOR_Adult_nonsmoked_svy_title,,,,,,,Healthy Ireland Survey,,,,,2025-07-24T14:32:31Z,2024,2024-01-01,2024-12-31
10168225,TOBACCO_MPOWER_M2_SMOKELESSECIGARETTES,COUNTRY,PSE,EMR,Eastern Mediterranean,YEAR,2024,TOBACCO_INDICATOR,TOBACCO_INDICATOR_Adult_nonsmoked_svy_yr,,,,,,,2022,,,,,2026-01-30T10:45:51Z,2024,2024-01-01,2024-12-31
10171415,TOBACCO_MPOWER_M2_SMOKELESSECIGARETTES,COUNTRY,MDG,AFR,Africa,YEAR,2024,TOBACCO_INDICATOR,TOBACCO_INDICATOR_Adult_nonsmoked_age_grp,,,,,,,15-49,,,,,2025-07-24T14:32:31Z,2024,2024-01-01,2024-12-31
10201392,TOBACCO_MPOWER_M2_SMOKELESSECIGARETTES,COUNTRY,NZL,WPR,Western Pacific,YEAR,2024,TOBACCO_INDICATOR,TOBACCO_INDICATOR_Adult_nonsmoked_national,,,,,,,National,,,,,2025-07-24T14:32:31Z,2024,2024-01-01,2024-12-31
10209817,TOBACCO_MPOWER_M2_SMOKELESSECIGARETTES,COUNTRY,JPN,WPR,Western Pacific,YEAR,2024,TOBACCO_INDICATOR,TOBACCO_INDICATOR_Adult_nonsmoked_svy_yr,,,,,,,. . .,,,,,2026-01-30T10:45:51Z,2024,2024-01-01,2024-12-31
10262374,TOBACCO_MPOWER_M2_SMOKELESSECIGARETTES,COUNTRY,TUR,EUR,Europe,YEAR,2024,TOBACCO_INDICATOR,TOBACCO_INDICATOR_Adult_nonsmoked_age_grp,,,,,,,15+,,,,,2025-07-24T14:32:31Z,2024,2024-01-01,2024-12-31
