Id,IndicatorCode,SpatialDimension,SpatialDimensionValueCode,ParentLocationCode,ParentLocation,TimeDimension,TimeDim,DisaggregatingDimension1,DisaggregatingDimension1ValueCode,DisaggregatingDimension2,DisaggregatingDimension2ValueCode,DisaggregatingDimension3,DisaggregatingDimension3ValueCode,DataSourceDimension,DataSourceDimensionValueCode,Value,NumericValue,Low,High,Comments,Date,TimeDimensionValue,TimeDimensionBegin,TimeDimensionEnd
2953185,TOBACCO_MPOWER_R_INFLATIONADJUSTEDPRICES,COUNTRY,OMN,EMR,Eastern Mediterranean,YEAR,2008,TOBACCO_INDICATOR,TOBACCO_INDICATOR_R_afford_inflation_adjusted_price_lcu,,,,,,,0.77,0.77,,,,2025-08-18T14:33:28Z,2008,2008-01-01,2008-12-31
2953481,TOBACCO_MPOWER_R_INFLATIONADJUSTEDPRICES,COUNTRY,LBY,EMR,Eastern Mediterranean,YEAR,2024,TOBACCO_INDICATOR,TOBACCO_INDICATOR_R_afford_inflation_adjusted_price_ppp,,,,,,,1.26,1.26,,,,2025-08-18T14:33:28Z,2024,2024-01-01,2024-12-31
2954085,TOBACCO_MPOWER_R_INFLATIONADJUSTEDPRICES,COUNTRY,MNG,WPR,Western Pacific,YEAR,2018,TOBACCO_INDICATOR,TOBACCO_INDICATOR_R_afford_inflation_adjusted_price_ppp,,,,,,,3.03,3.03,,,,2025-08-18T14:33:28Z,2018,2018-01-01,2018-12-31
2955106,TOBACCO_MPOWER_R_INFLATIONADJUSTEDPRICES,COUNTRY,OMN,EMR,Eastern Mediterranean,YEAR,2008,TOBACCO_INDICATOR,TOBACCO_INDICATOR_R_afford_inflation_adjusted_price_ppp,,,,,,,3.05,3.05,,,,2025-08-18T14:33:28Z,2008,2008-01-01,2008-12-31
2955189,TOBACCO_MPOWER_R_INFLATIONADJUSTEDPRICES,COUNTRY,COK,WPR,Western Pacific,YEAR,2014,TOBACCO_INDICATOR,TOBACCO_INDICATOR_R_afford_inflation_adjusted_price_lcu,,,,,,,. . .,,,,,2025-08-18T14:33:28Z,2014,2014-01-01,2014-12-31
2956642,TOBACCO_MPOWER_R_INFLATIONADJUSTEDPRICES,COUNTRY,ZWE,AFR,Africa,YEAR,2016,TOBACCO_INDICATOR,TOBACCO_INDICATOR_R_afford_inflation_adjusted_price_ppp,,,,,,,. . .,,,,,2025-08-18T14:33:28Z,2016,2016-01-01,2016-12-31
2962572,TOBACCO_MPOWER_R_INFLATIONADJUSTEDPRICES,COUNTRY,SOM,EMR,Eastern Mediterranean,YEAR,2016,TOBACCO_INDICATOR,TOBACCO_INDICATOR_R_afford_inflation_adjusted_price_lcu,,,,,,,17 749,17749,,,,2025-08-18T14:33:28Z,2016,2016-01-01,2016-12-31
2966347,TOBACCO_MPOWER_R_INFLATIONADJUSTEDPRICES,COUNTRY,BOL,AMR,Americas,YEAR,2008,TOBACCO_INDICATOR,TOBACCO_INDICATOR_R_afford_inflation_adjusted_price_ppp,,,,,,,3.7,3.7,,,,2025-08-18T14:33:28Z,2008,2008-01-01,2008-12-31
2967748,TOBACCO_MPOWER_R_INFLATIONADJUSTEDPRICES,COUNTRY,LSO,AFR,Africa,YEAR,2008,TOBACCO_INDICATOR,TOBACCO_INDICATOR_R_afford_inflation_adjusted_price_lcu,,,,,,,51.83,51.83,,,,2025-08-18T14:33:28Z,2008,2008-01-01,2008-12-31
2970165,TOBACCO_MPOWER_R_INFLATIONADJUSTEDPRICES,COUNTRY,ETH,AFR,Africa,YEAR,2016,TOBACCO_INDICATOR,TOBACCO_INDICATOR_R_afford_inflation_adjusted_price_lcu,,,,,,,70.92,70.92,,,,2025-08-18T14:33:28Z,2016,2016-01-01,2016-12-31
2974746,TOBACCO_MPOWER_R_INFLATIONADJUSTEDPRICES,COUNTRY,BHS,AMR,Americas,YEAR,2014,TOBACCO_INDICATOR,TOBACCO_INDICATOR_R_afford_inflation_adjusted_price_lcu,,,,,,,8.51,8.51,,,,2025-08-18T14:33:28Z,2014,2014-01-01,2014-12-31
2974801,TOBACCO_MPOWER_R_INFLATIONADJUSTEDPRICES,COUNTRY,PNG,WPR,Western Pacific,YEAR,2024,TOBACCO_INDICATOR,TOBACCO_INDICATOR_R_afford_inflation_adjusted_price_ppp,,,,,,,7.33,7.33,,,,2025-08-18T14:33:28Z,2024,2024-01-01,2024-12-31
2979457,TOBACCO_MPOWER_R_INFLATIONADJUSTEDPRICES,COUNTRY,TZA,AFR,Africa,YEAR,2010,TOBACCO_INDICATOR,TOBACCO_INDICATOR_R_afford_inflation_adjusted_price_ppp,,,,,,,6.27,6.27,,,,2025-08-18T14:33:28Z,2010,2010-01-01,2010-12-31
2980273,TOBACCO_MPOWER_R_INFLATIONADJUSTEDPRICES,COUNTRY,LVA,EUR,Europe,YEAR,2008,TOBACCO_INDICATOR,TOBACCO_INDICATOR_R_afford_inflation_adjusted_price_ppp,,,,,,,5.2,5.2,,,,2025-08-18T14:33:28Z,2008,2008-01-01,2008-12-31
2980944,TOBACCO_MPOWER_R_INFLATIONADJUSTEDPRICES,COUNTRY,MRT,AFR,Africa,YEAR,2012,TOBACCO_INDICATOR,TOBACCO_INDICATOR_R_afford_inflation_adjusted_price_lcu,,,,,,,59.25,59.25,,,,2025-08-18T14:33:28Z,2012,2012-01-01,2012-12-31
2984851,TOBACCO_MPOWER_R_INFLATIONADJUSTEDPRICES,COUNTRY,LTU,EUR,Europe,YEAR,2012,TOBACCO_INDICATOR,TOBACCO_INDICATOR_R_afford_inflation_adjusted_price_ppp,,,,,,,6.64,6.64,,,,2025-08-18T14:33:28Z,2012,2012-01-01,2012-12-31
2986822,TOBACCO_MPOWER_R_INFLATIONADJUSTEDPRICES,COUNTRY,CHL,AMR,Americas,YEAR,2016,TOBACCO_INDICATOR,TOBACCO_INDICATOR_R_afford_inflation_adjusted_price_ppp,,,,,,,7.37,7.37,,,,2025-08-18T14:33:28Z,2016,2016-01-01,2016-12-31
2999116,TOBACCO_MPOWER_R_INFLATIONADJUSTEDPRICES,COUNTRY,VUT,WPR,Western Pacific,YEAR,2016,TOBACCO_INDICATOR,TOBACCO_INDICATOR_R_afford_inflation_adjusted_price_ppp,,,,,,,7.72,7.72,,,,2025-08-18T14:33:28Z,2016,2016-01-01,2016-12-31
3000320,TOBACCO_MPOWER_R_INFLATIONADJUSTEDPRICES,COUNTRY,TZA,AFR,Africa,YEAR,2018,TOBACCO_INDICATOR,TOBACCO_INDICATOR_R_afford_inflation_adjusted_price_ppp,,,,,,,5.15,5.15,,,,2025-08-18T14:33:28Z,2018,2018-01-01,2018-12-31
3000802,TOBACCO_MPOWER_R_INFLATIONADJUSTEDPRICES,COUNTRY,COD,AFR,Africa,YEAR,2016,TOBACCO_INDICATOR,TOBACCO_INDICATOR_R_afford_inflation_adjusted_price_ppp,,,,,,,3.06,3.06,,,,2025-08-18T14:33:28Z,2016,2016-01-01,2016-12-31
3002014,TOBACCO_MPOWER_R_INFLATIONADJUSTEDPRICES,COUNTRY,WSM,WPR,Western Pacific,YEAR,2022,TOBACCO_INDICATOR,TOBACCO_INDICATOR_R_afford_inflation_adjusted_price_lcu,,,,,,,17.4,17.4,,,,2025-08-18T14:33:28Z,2022,2022-01-01,2022-12-31
3003897,TOBACCO_MPOWER_R_INFLATIONADJUSTEDPRICES,COUNTRY,GMB,AFR,Africa,YEAR,2012,TOBACCO_INDICATOR,TOBACCO_INDICATOR_R_afford_inflation_adjusted_price_ppp,,,,,,,1.78,1.78,,,,2025-08-18T14:33:28Z,2012,2012-01-01,2012-12-31
3014978,TOBACCO_MPOWER_R_INFLATIONADJUSTEDPRICES,COUNTRY,ERI,AFR,Africa,YEAR,2022,TOBACCO_INDICATOR,TOBACCO_INDICATOR_R_afford_inflation_adjusted_price_lcu,,,,,,,. . .,,,,,2025-08-18T14:33:28Z,2022,2022-01-01,2022-12-31
3015537,TOBACCO_MPOWER_R_INFLATIONADJUSTEDPRICES,COUNTRY,SUR,AMR,Americas,YEAR,2014,TOBACCO_INDICATOR,TOBACCO_INDICATOR_R_afford_inflation_adjusted_price_lcu,,,,,,,117.48,117.48,,,,2025-08-18T14:33:28Z,2014,2014-01-01,2014-12-31
3017290,TOBACCO_MPOWER_R_INFLATIONADJUSTEDPRICES,COUNTRY,SYR,EMR,Eastern Mediterranean,YEAR,2010,TOBACCO_INDICATOR,TOBACCO_INDICATOR_R_afford_inflation_adjusted_price_ppp,,,,,,,2.11,2.11,,,,2025-08-18T14:33:28Z,2010,2010-01-01,2010-12-31
3018487,TOBACCO_MPOWER_R_INFLATIONADJUSTEDPRICES,COUNTRY,BOL,AMR,Americas,YEAR,2018,TOBACCO_INDICATOR,TOBACCO_INDICATOR_R_afford_inflation_adjusted_price_lcu,,,,,,,13.06,13.06,,,,2025-08-18T14:33:28Z,2018,2018-01-01,2018-12-31
3018887,TOBACCO_MPOWER_R_INFLATIONADJUSTEDPRICES,COUNTRY,TLS,SEAR,South-East Asia,YEAR,2022,TOBACCO_INDICATOR,TOBACCO_INDICATOR_R_afford_inflation_adjusted_price_ppp,,,,,,,5.9,5.9,,,,2025-08-18T14:33:28Z,2022,2022-01-01,2022-12-31
3023038,TOBACCO_MPOWER_R_INFLATIONADJUSTEDPRICES,COUNTRY,UGA,AFR,Africa,YEAR,2020,TOBACCO_INDICATOR,TOBACCO_INDICATOR_R_afford_inflation_adjusted_price_ppp,,,,,,,3.91,3.91,,,,2025-08-18T14:33:28Z,2020,2020-01-01,2020-12-31
3024005,TOBACCO_MPOWER_R_INFLATIONADJUSTEDPRICES,COUNTRY,MOZ,AFR,Africa,YEAR,2018,TOBACCO_INDICATOR,TOBACCO_INDICATOR_R_afford_inflation_adjusted_price_ppp,,,,,,,2.65,2.65,,,,2025-08-18T14:33:28Z,2018,2018-01-01,2018-12-31
3030872,TOBACCO_MPOWER_R_INFLATIONADJUSTEDPRICES,COUNTRY,IRL,EUR,Europe,YEAR,2012,TOBACCO_INDICATOR,TOBACCO_INDICATOR_R_afford_inflation_adjusted_price_lcu,,,,,,,10.95,10.95,,,,2025-08-18T14:33:28Z,2012,2012-01-01,2012-12-31
3031344,TOBACCO_MPOWER_R_INFLATIONADJUSTEDPRICES,COUNTRY,CHL,AMR,Americas,YEAR,2020,TOBACCO_INDICATOR,TOBACCO_INDICATOR_R_afford_inflation_adjusted_price_ppp,,,,,,,9,9,,,,2025-08-18T14:33:28Z,2020,2020-01-01,2020-12-31
3031971,TOBACCO_MPOWER_R_INFLATIONADJUSTEDPRICES,COUNTRY,ERI,AFR,Africa,YEAR,2024,TOBACCO_INDICATOR,TOBACCO_INDICATOR_R_afford_inflation_adjusted_price_lcu,,,,,,,. . .,,,,,2025-08-18T14:33:28Z,2024,2024-01-01,2024-12-31
3038377,TOBACCO_MPOWER_R_INFLATIONADJUSTEDPRICES,COUNTRY,VUT,WPR,Western Pacific,YEAR,2018,TOBACCO_INDICATOR,TOBACCO_INDICATOR_R_afford_inflation_adjusted_price_ppp,,,,,,,7.29,7.29,,,,2025-08-18T14:33:28Z,2018,2018-01-01,2018-12-31
3038904,TOBACCO_MPOWER_R_INFLATIONADJUSTEDPRICES,COUNTRY,PHL,WPR,Western Pacific,YEAR,2018,TOBACCO_INDICATOR,TOBACCO_INDICATOR_R_afford_inflation_adjusted_price_ppp,,,,,,,3.61,3.61,,,,2025-08-18T14:33:28Z,2018,2018-01-01,2018-12-31
3044092,TOBACCO_MPOWER_R_INFLATIONADJUSTEDPRICES,COUNTRY,POL,EUR,Europe,YEAR,2014,TOBACCO_INDICATOR,TOBACCO_INDICATOR_R_afford_inflation_adjusted_price_lcu,,,,,,,20.54,20.54,,,,2025-08-18T14:33:28Z,2014,2014-01-01,2014-12-31
3045370,TOBACCO_MPOWER_R_INFLATIONADJUSTEDPRICES,COUNTRY,ECU,AMR,Americas,YEAR,2010,TOBACCO_INDICATOR,TOBACCO_INDICATOR_R_afford_inflation_adjusted_price_ppp,,,,,,,4.7,4.7,,,,2025-08-18T14:33:28Z,2010,2010-01-01,2010-12-31
3053544,TOBACCO_MPOWER_R_INFLATIONADJUSTEDPRICES,COUNTRY,NOR,EUR,Europe,YEAR,2018,TOBACCO_INDICATOR,TOBACCO_INDICATOR_R_afford_inflation_adjusted_price_ppp,,,,,,,15.36,15.36,,,,2025-08-18T14:33:28Z,2018,2018-01-01,2018-12-31
3054767,TOBACCO_MPOWER_R_INFLATIONADJUSTEDPRICES,COUNTRY,LVA,EUR,Europe,YEAR,2012,TOBACCO_INDICATOR,TOBACCO_INDICATOR_R_afford_inflation_adjusted_price_lcu,,,,,,,3.79,3.79,,,,2025-08-18T14:33:28Z,2012,2012-01-01,2012-12-31
3057787,TOBACCO_MPOWER_R_INFLATIONADJUSTEDPRICES,COUNTRY,MRT,AFR,Africa,YEAR,2016,TOBACCO_INDICATOR,TOBACCO_INDICATOR_R_afford_inflation_adjusted_price_ppp,,,,,,,3.62,3.62,,,,2025-08-18T14:33:28Z,2016,2016-01-01,2016-12-31
3061325,TOBACCO_MPOWER_R_INFLATIONADJUSTEDPRICES,COUNTRY,SLV,AMR,Americas,YEAR,2014,TOBACCO_INDICATOR,TOBACCO_INDICATOR_R_afford_inflation_adjusted_price_lcu,,,,,,,2.37,2.37,,,,2025-08-18T14:33:28Z,2014,2014-01-01,2014-12-31
3061692,TOBACCO_MPOWER_R_INFLATIONADJUSTEDPRICES,COUNTRY,TON,WPR,Western Pacific,YEAR,2014,TOBACCO_INDICATOR,TOBACCO_INDICATOR_R_afford_inflation_adjusted_price_lcu,,,,,,,12.74,12.74,,,,2025-08-18T14:33:28Z,2014,2014-01-01,2014-12-31
3066438,TOBACCO_MPOWER_R_INFLATIONADJUSTEDPRICES,COUNTRY,TJK,EUR,Europe,YEAR,2010,TOBACCO_INDICATOR,TOBACCO_INDICATOR_R_afford_inflation_adjusted_price_ppp,,,,,,,2.67,2.67,,,,2025-08-18T14:33:28Z,2010,2010-01-01,2010-12-31
3066747,TOBACCO_MPOWER_R_INFLATIONADJUSTEDPRICES,COUNTRY,PRT,EUR,Europe,YEAR,2024,TOBACCO_INDICATOR,TOBACCO_INDICATOR_R_afford_inflation_adjusted_price_lcu,,,,,,,5.1,5.1,,,,2025-08-18T14:33:28Z,2024,2024-01-01,2024-12-31
3075292,TOBACCO_MPOWER_R_INFLATIONADJUSTEDPRICES,COUNTRY,SDN,EMR,Eastern Mediterranean,YEAR,2014,TOBACCO_INDICATOR,TOBACCO_INDICATOR_R_afford_inflation_adjusted_price_ppp,,,,,,,6.81,6.81,,,,2025-08-18T14:33:28Z,2014,2014-01-01,2014-12-31
3076524,TOBACCO_MPOWER_R_INFLATIONADJUSTEDPRICES,COUNTRY,PAN,AMR,Americas,YEAR,2012,TOBACCO_INDICATOR,TOBACCO_INDICATOR_R_afford_inflation_adjusted_price_lcu,,,,,,,4.28,4.28,,,,2025-08-18T14:33:28Z,2012,2012-01-01,2012-12-31
3084492,TOBACCO_MPOWER_R_INFLATIONADJUSTEDPRICES,COUNTRY,LUX,EUR,Europe,YEAR,2020,TOBACCO_INDICATOR,TOBACCO_INDICATOR_R_afford_inflation_adjusted_price_lcu,,,,,,,6.36,6.36,,,,2025-08-18T14:33:28Z,2020,2020-01-01,2020-12-31
3090042,TOBACCO_MPOWER_R_INFLATIONADJUSTEDPRICES,COUNTRY,PAN,AMR,Americas,YEAR,2016,TOBACCO_INDICATOR,TOBACCO_INDICATOR_R_afford_inflation_adjusted_price_ppp,,,,,,,11.87,11.87,,,,2025-08-18T14:33:28Z,2016,2016-01-01,2016-12-31
3092661,TOBACCO_MPOWER_R_INFLATIONADJUSTEDPRICES,COUNTRY,HND,AMR,Americas,YEAR,2020,TOBACCO_INDICATOR,TOBACCO_INDICATOR_R_afford_inflation_adjusted_price_ppp,,,,,,,6.33,6.33,,,,2025-08-18T14:33:28Z,2020,2020-01-01,2020-12-31
3098033,TOBACCO_MPOWER_R_INFLATIONADJUSTEDPRICES,COUNTRY,VCT,AMR,Americas,YEAR,2014,TOBACCO_INDICATOR,TOBACCO_INDICATOR_R_afford_inflation_adjusted_price_ppp,,,,,,,4.87,4.87,,,,2025-08-18T14:33:28Z,2014,2014-01-01,2014-12-31
3100024,TOBACCO_MPOWER_R_INFLATIONADJUSTEDPRICES,COUNTRY,IRN,EMR,Eastern Mediterranean,YEAR,2014,TOBACCO_INDICATOR,TOBACCO_INDICATOR_R_afford_inflation_adjusted_price_ppp,,,,,,,1.82,1.82,,,,2025-08-18T14:33:28Z,2014,2014-01-01,2014-12-31
3103156,TOBACCO_MPOWER_R_INFLATIONADJUSTEDPRICES,COUNTRY,TZA,AFR,Africa,YEAR,2024,TOBACCO_INDICATOR,TOBACCO_INDICATOR_R_afford_inflation_adjusted_price_ppp,,,,,,,5.7,5.7,,,,2025-08-18T14:33:28Z,2024,2024-01-01,2024-12-31
3105426,TOBACCO_MPOWER_R_INFLATIONADJUSTEDPRICES,COUNTRY,ISL,EUR,Europe,YEAR,2014,TOBACCO_INDICATOR,TOBACCO_INDICATOR_R_afford_inflation_adjusted_price_ppp,,,,,,,12.33,12.33,,,,2025-08-18T14:33:28Z,2014,2014-01-01,2014-12-31
3108090,TOBACCO_MPOWER_R_INFLATIONADJUSTEDPRICES,COUNTRY,BHR,EMR,Eastern Mediterranean,YEAR,2010,TOBACCO_INDICATOR,TOBACCO_INDICATOR_R_afford_inflation_adjusted_price_lcu,,,,,,,0.85,0.85,,,,2025-08-18T14:33:28Z,2010,2010-01-01,2010-12-31
3119294,TOBACCO_MPOWER_R_INFLATIONADJUSTEDPRICES,COUNTRY,GMB,AFR,Africa,YEAR,2018,TOBACCO_INDICATOR,TOBACCO_INDICATOR_R_afford_inflation_adjusted_price_lcu,,,,,,,106.37,106.37,,,,2025-08-18T14:33:28Z,2018,2018-01-01,2018-12-31
3125252,TOBACCO_MPOWER_R_INFLATIONADJUSTEDPRICES,COUNTRY,AZE,EUR,Europe,YEAR,2024,TOBACCO_INDICATOR,TOBACCO_INDICATOR_R_afford_inflation_adjusted_price_lcu,,,,,,,2.6,2.6,,,,2025-08-18T14:33:28Z,2024,2024-01-01,2024-12-31
3127203,TOBACCO_MPOWER_R_INFLATIONADJUSTEDPRICES,COUNTRY,BHS,AMR,Americas,YEAR,2024,TOBACCO_INDICATOR,TOBACCO_INDICATOR_R_afford_inflation_adjusted_price_ppp,,,,,,,13.5,13.5,,,,2025-08-18T14:33:28Z,2024,2024-01-01,2024-12-31
3135239,TOBACCO_MPOWER_R_INFLATIONADJUSTEDPRICES,COUNTRY,MNE,EUR,Europe,YEAR,2020,TOBACCO_INDICATOR,TOBACCO_INDICATOR_R_afford_inflation_adjusted_price_lcu,,,,,,,3.12,3.12,,,,2025-08-18T14:33:28Z,2020,2020-01-01,2020-12-31
3135568,TOBACCO_MPOWER_R_INFLATIONADJUSTEDPRICES,COUNTRY,MKD,EUR,Europe,YEAR,2016,TOBACCO_INDICATOR,TOBACCO_INDICATOR_R_afford_inflation_adjusted_price_ppp,,,,,,,4.61,4.61,,,,2025-08-18T14:33:28Z,2016,2016-01-01,2016-12-31
3140527,TOBACCO_MPOWER_R_INFLATIONADJUSTEDPRICES,COUNTRY,MLT,EUR,Europe,YEAR,2022,TOBACCO_INDICATOR,TOBACCO_INDICATOR_R_afford_inflation_adjusted_price_ppp,,,,,,,10.88,10.88,,,,2025-08-18T14:33:28Z,2022,2022-01-01,2022-12-31
3141381,TOBACCO_MPOWER_R_INFLATIONADJUSTEDPRICES,COUNTRY,AGO,AFR,Africa,YEAR,2022,TOBACCO_INDICATOR,TOBACCO_INDICATOR_R_afford_inflation_adjusted_price_ppp,,,,,,,5.58,5.58,,,,2025-08-18T14:33:28Z,2022,2022-01-01,2022-12-31
3142513,TOBACCO_MPOWER_R_INFLATIONADJUSTEDPRICES,COUNTRY,GBR,EUR,Europe,YEAR,2014,TOBACCO_INDICATOR,TOBACCO_INDICATOR_R_afford_inflation_adjusted_price_ppp,,,,,,,14.67,14.67,,,,2025-08-18T14:33:28Z,2014,2014-01-01,2014-12-31
3143436,TOBACCO_MPOWER_R_INFLATIONADJUSTEDPRICES,COUNTRY,COL,AMR,Americas,YEAR,2022,TOBACCO_INDICATOR,TOBACCO_INDICATOR_R_afford_inflation_adjusted_price_ppp,,,,,,,5.42,5.42,,,,2025-08-18T14:33:28Z,2022,2022-01-01,2022-12-31
3145820,TOBACCO_MPOWER_R_INFLATIONADJUSTEDPRICES,COUNTRY,MDA,EUR,Europe,YEAR,2018,TOBACCO_INDICATOR,TOBACCO_INDICATOR_R_afford_inflation_adjusted_price_ppp,,,,,,,5.95,5.95,,,,2025-08-18T14:33:28Z,2018,2018-01-01,2018-12-31
3146227,TOBACCO_MPOWER_R_INFLATIONADJUSTEDPRICES,COUNTRY,CAN,AMR,Americas,YEAR,2018,TOBACCO_INDICATOR,TOBACCO_INDICATOR_R_afford_inflation_adjusted_price_lcu,,,,,,,14.24,14.24,,,,2025-08-18T14:33:28Z,2018,2018-01-01,2018-12-31
3147310,TOBACCO_MPOWER_R_INFLATIONADJUSTEDPRICES,COUNTRY,BEL,EUR,Europe,YEAR,2010,TOBACCO_INDICATOR,TOBACCO_INDICATOR_R_afford_inflation_adjusted_price_lcu,,,,,,,6.92,6.92,,,,2025-08-18T14:33:28Z,2010,2010-01-01,2010-12-31
3147956,TOBACCO_MPOWER_R_INFLATIONADJUSTEDPRICES,COUNTRY,MOZ,AFR,Africa,YEAR,2018,TOBACCO_INDICATOR,TOBACCO_INDICATOR_R_afford_inflation_adjusted_price_lcu,,,,,,,69.3,69.3,,,,2025-08-18T14:33:28Z,2018,2018-01-01,2018-12-31
3149937,TOBACCO_MPOWER_R_INFLATIONADJUSTEDPRICES,COUNTRY,FIN,EUR,Europe,YEAR,2014,TOBACCO_INDICATOR,TOBACCO_INDICATOR_R_afford_inflation_adjusted_price_ppp,,,,,,,8.34,8.34,,,,2025-08-18T14:33:28Z,2014,2014-01-01,2014-12-31
3152277,TOBACCO_MPOWER_R_INFLATIONADJUSTEDPRICES,COUNTRY,PSE,EMR,Eastern Mediterranean,YEAR,2012,TOBACCO_INDICATOR,TOBACCO_INDICATOR_R_afford_inflation_adjusted_price_ppp,,,,,,,11.06,11.06,,,,2025-08-18T14:33:28Z,2012,2012-01-01,2012-12-31
3155005,TOBACCO_MPOWER_R_INFLATIONADJUSTEDPRICES,COUNTRY,LBR,AFR,Africa,YEAR,2018,TOBACCO_INDICATOR,TOBACCO_INDICATOR_R_afford_inflation_adjusted_price_lcu,,,,,,,246.27,246.27,,,,2025-08-18T14:33:28Z,2018,2018-01-01,2018-12-31
3155971,TOBACCO_MPOWER_R_INFLATIONADJUSTEDPRICES,COUNTRY,MRT,AFR,Africa,YEAR,2024,TOBACCO_INDICATOR,TOBACCO_INDICATOR_R_afford_inflation_adjusted_price_lcu,,,,,,,40,40,,,,2025-08-18T14:33:28Z,2024,2024-01-01,2024-12-31
3156577,TOBACCO_MPOWER_R_INFLATIONADJUSTEDPRICES,COUNTRY,ZMB,AFR,Africa,YEAR,2020,TOBACCO_INDICATOR,TOBACCO_INDICATOR_R_afford_inflation_adjusted_price_lcu,,,,,,,34.54,34.54,,,,2025-08-18T14:33:28Z,2020,2020-01-01,2020-12-31
3161493,TOBACCO_MPOWER_R_INFLATIONADJUSTEDPRICES,COUNTRY,TUR,EUR,Europe,YEAR,2016,TOBACCO_INDICATOR,TOBACCO_INDICATOR_R_afford_inflation_adjusted_price_lcu,,,,,,,84.03,84.03,,,,2025-08-18T14:33:28Z,2016,2016-01-01,2016-12-31
3163739,TOBACCO_MPOWER_R_INFLATIONADJUSTEDPRICES,COUNTRY,MKD,EUR,Europe,YEAR,2022,TOBACCO_INDICATOR,TOBACCO_INDICATOR_R_afford_inflation_adjusted_price_ppp,,,,,,,6.88,6.88,,,,2025-08-18T14:33:28Z,2022,2022-01-01,2022-12-31
3175253,TOBACCO_MPOWER_R_INFLATIONADJUSTEDPRICES,COUNTRY,KGZ,EUR,Europe,YEAR,2018,TOBACCO_INDICATOR,TOBACCO_INDICATOR_R_afford_inflation_adjusted_price_lcu,,,,,,,105.27,105.27,,,,2025-08-18T14:33:28Z,2018,2018-01-01,2018-12-31
3182620,TOBACCO_MPOWER_R_INFLATIONADJUSTEDPRICES,COUNTRY,IDN,WPR,Western Pacific,YEAR,2018,TOBACCO_INDICATOR,TOBACCO_INDICATOR_R_afford_inflation_adjusted_price_ppp,,,,,,,7.62,7.62,,,,2025-08-18T14:33:28Z,2018,2018-01-01,2018-12-31
3184913,TOBACCO_MPOWER_R_INFLATIONADJUSTEDPRICES,COUNTRY,ARG,AMR,Americas,YEAR,2018,TOBACCO_INDICATOR,TOBACCO_INDICATOR_R_afford_inflation_adjusted_price_lcu,,,,,,,2500.72,2500.72,,,,2025-08-18T14:33:28Z,2018,2018-01-01,2018-12-31
3187889,TOBACCO_MPOWER_R_INFLATIONADJUSTEDPRICES,COUNTRY,DZA,AFR,Africa,YEAR,2010,TOBACCO_INDICATOR,TOBACCO_INDICATOR_R_afford_inflation_adjusted_price_lcu,,,,,,,175.6,175.6,,,,2025-08-18T14:33:28Z,2010,2010-01-01,2010-12-31
3188387,TOBACCO_MPOWER_R_INFLATIONADJUSTEDPRICES,COUNTRY,CYP,EUR,Europe,YEAR,2008,TOBACCO_INDICATOR,TOBACCO_INDICATOR_R_afford_inflation_adjusted_price_lcu,,,,,,,3.57,3.57,,,,2025-08-18T14:33:28Z,2008,2008-01-01,2008-12-31
3189510,TOBACCO_MPOWER_R_INFLATIONADJUSTEDPRICES,COUNTRY,PAN,AMR,Americas,YEAR,2010,TOBACCO_INDICATOR,TOBACCO_INDICATOR_R_afford_inflation_adjusted_price_ppp,,,,,,,11.78,11.78,,,,2025-08-18T14:33:28Z,2010,2010-01-01,2010-12-31
3189617,TOBACCO_MPOWER_R_INFLATIONADJUSTEDPRICES,COUNTRY,SUR,AMR,Americas,YEAR,2008,TOBACCO_INDICATOR,TOBACCO_INDICATOR_R_afford_inflation_adjusted_price_lcu,,,,,,,90.62,90.62,,,,2025-08-18T14:33:28Z,2008,2008-01-01,2008-12-31
3189773,TOBACCO_MPOWER_R_INFLATIONADJUSTEDPRICES,COUNTRY,KAZ,EUR,Europe,YEAR,2010,TOBACCO_INDICATOR,TOBACCO_INDICATOR_R_afford_inflation_adjusted_price_ppp,,,,,,,2,2,,,,2025-08-18T14:33:28Z,2010,2010-01-01,2010-12-31
3193102,TOBACCO_MPOWER_R_INFLATIONADJUSTEDPRICES,COUNTRY,CMR,AFR,Africa,YEAR,2012,TOBACCO_INDICATOR,TOBACCO_INDICATOR_R_afford_inflation_adjusted_price_lcu,,,,,,,700.8,700.8,,,,2025-08-18T14:33:28Z,2012,2012-01-01,2012-12-31
3203159,TOBACCO_MPOWER_R_INFLATIONADJUSTEDPRICES,COUNTRY,MNG,WPR,Western Pacific,YEAR,2010,TOBACCO_INDICATOR,TOBACCO_INDICATOR_R_afford_inflation_adjusted_price_lcu,,,,,,,2406.33,2406.33,,,,2025-08-18T14:33:28Z,2010,2010-01-01,2010-12-31
3207484,TOBACCO_MPOWER_R_INFLATIONADJUSTEDPRICES,COUNTRY,GIN,AFR,Africa,YEAR,2012,TOBACCO_INDICATOR,TOBACCO_INDICATOR_R_afford_inflation_adjusted_price_ppp,,,,,,,1.8,1.8,,,,2025-08-18T14:33:28Z,2012,2012-01-01,2012-12-31
3209352,TOBACCO_MPOWER_R_INFLATIONADJUSTEDPRICES,COUNTRY,BHS,AMR,Americas,YEAR,2022,TOBACCO_INDICATOR,TOBACCO_INDICATOR_R_afford_inflation_adjusted_price_lcu,,,,,,,12.21,12.21,,,,2025-08-18T14:33:28Z,2022,2022-01-01,2022-12-31
3212240,TOBACCO_MPOWER_R_INFLATIONADJUSTEDPRICES,COUNTRY,SVN,EUR,Europe,YEAR,2018,TOBACCO_INDICATOR,TOBACCO_INDICATOR_R_afford_inflation_adjusted_price_ppp,,,,,,,8.14,8.14,,,,2025-08-18T14:33:28Z,2018,2018-01-01,2018-12-31
3218796,TOBACCO_MPOWER_R_INFLATIONADJUSTEDPRICES,COUNTRY,SEN,AFR,Africa,YEAR,2022,TOBACCO_INDICATOR,TOBACCO_INDICATOR_R_afford_inflation_adjusted_price_ppp,,,,,,,3.98,3.98,,,,2025-08-18T14:33:28Z,2022,2022-01-01,2022-12-31
3219925,TOBACCO_MPOWER_R_INFLATIONADJUSTEDPRICES,COUNTRY,GIN,AFR,Africa,YEAR,2020,TOBACCO_INDICATOR,TOBACCO_INDICATOR_R_afford_inflation_adjusted_price_ppp,,,,,,,2,2,,,,2025-08-18T14:33:28Z,2020,2020-01-01,2020-12-31
3222143,TOBACCO_MPOWER_R_INFLATIONADJUSTEDPRICES,COUNTRY,BRN,WPR,Western Pacific,YEAR,2024,TOBACCO_INDICATOR,TOBACCO_INDICATOR_R_afford_inflation_adjusted_price_ppp,,,,,,,. . .,,,,,2025-08-18T14:33:28Z,2024,2024-01-01,2024-12-31
3224706,TOBACCO_MPOWER_R_INFLATIONADJUSTEDPRICES,COUNTRY,VEN,AMR,Americas,YEAR,2016,TOBACCO_INDICATOR,TOBACCO_INDICATOR_R_afford_inflation_adjusted_price_lcu,,,,,,,. . .,,,,Data not validated by the national authorities.,2025-08-18T14:33:28Z,2016,2016-01-01,2016-12-31
3225086,TOBACCO_MPOWER_R_INFLATIONADJUSTEDPRICES,COUNTRY,ARE,EMR,Eastern Mediterranean,YEAR,2008,TOBACCO_INDICATOR,TOBACCO_INDICATOR_R_afford_inflation_adjusted_price_lcu,,,,,,,7.59,7.59,,,,2025-08-18T14:33:28Z,2008,2008-01-01,2008-12-31
3233375,TOBACCO_MPOWER_R_INFLATIONADJUSTEDPRICES,COUNTRY,TCD,AFR,Africa,YEAR,2012,TOBACCO_INDICATOR,TOBACCO_INDICATOR_R_afford_inflation_adjusted_price_ppp,,,,,,,2.23,2.23,,,,2025-08-18T14:33:28Z,2012,2012-01-01,2012-12-31
3234620,TOBACCO_MPOWER_R_INFLATIONADJUSTEDPRICES,COUNTRY,SDN,EMR,Eastern Mediterranean,YEAR,2018,TOBACCO_INDICATOR,TOBACCO_INDICATOR_R_afford_inflation_adjusted_price_ppp,,,,,,,5.29,5.29,,,,2025-08-18T14:33:28Z,2018,2018-01-01,2018-12-31
3236082,TOBACCO_MPOWER_R_INFLATIONADJUSTEDPRICES,COUNTRY,DEU,EUR,Europe,YEAR,2008,TOBACCO_INDICATOR,TOBACCO_INDICATOR_R_afford_inflation_adjusted_price_lcu,,,,,,,6.64,6.64,,,,2025-08-18T14:33:28Z,2008,2008-01-01,2008-12-31
3240439,TOBACCO_MPOWER_R_INFLATIONADJUSTEDPRICES,COUNTRY,SAU,EMR,Eastern Mediterranean,YEAR,2022,TOBACCO_INDICATOR,TOBACCO_INDICATOR_R_afford_inflation_adjusted_price_ppp,,,,,,,14.27,14.27,,,,2025-08-18T14:33:28Z,2022,2022-01-01,2022-12-31
3241843,TOBACCO_MPOWER_R_INFLATIONADJUSTEDPRICES,COUNTRY,MLI,AFR,Africa,YEAR,2024,TOBACCO_INDICATOR,TOBACCO_INDICATOR_R_afford_inflation_adjusted_price_lcu,,,,,,,800,800,,,,2025-08-18T14:33:28Z,2024,2024-01-01,2024-12-31
3244061,TOBACCO_MPOWER_R_INFLATIONADJUSTEDPRICES,COUNTRY,BEN,AFR,Africa,YEAR,2022,TOBACCO_INDICATOR,TOBACCO_INDICATOR_R_afford_inflation_adjusted_price_ppp,,,,,,,2.61,2.61,,,,2025-08-18T14:33:28Z,2022,2022-01-01,2022-12-31
3244265,TOBACCO_MPOWER_R_INFLATIONADJUSTEDPRICES,COUNTRY,IRQ,EMR,Eastern Mediterranean,YEAR,2016,TOBACCO_INDICATOR,TOBACCO_INDICATOR_R_afford_inflation_adjusted_price_ppp,,,,,,,1.33,1.33,,,,2025-08-18T14:33:28Z,2016,2016-01-01,2016-12-31
3244269,TOBACCO_MPOWER_R_INFLATIONADJUSTEDPRICES,COUNTRY,JAM,AMR,Americas,YEAR,2012,TOBACCO_INDICATOR,TOBACCO_INDICATOR_R_afford_inflation_adjusted_price_lcu,,,,,,,1289,1289,,,Data not validated by the national authorities.,2025-08-18T14:33:28Z,2012,2012-01-01,2012-12-31
3247163,TOBACCO_MPOWER_R_INFLATIONADJUSTEDPRICES,COUNTRY,POL,EUR,Europe,YEAR,2022,TOBACCO_INDICATOR,TOBACCO_INDICATOR_R_afford_inflation_adjusted_price_ppp,,,,,,,9.94,9.94,,,,2025-08-18T14:33:28Z,2022,2022-01-01,2022-12-31
3251318,TOBACCO_MPOWER_R_INFLATIONADJUSTEDPRICES,COUNTRY,TCD,AFR,Africa,YEAR,2018,TOBACCO_INDICATOR,TOBACCO_INDICATOR_R_afford_inflation_adjusted_price_ppp,,,,,,,2.64,2.64,,,,2025-08-18T14:33:28Z,2018,2018-01-01,2018-12-31
3259626,TOBACCO_MPOWER_R_INFLATIONADJUSTEDPRICES,COUNTRY,POL,EUR,Europe,YEAR,2024,TOBACCO_INDICATOR,TOBACCO_INDICATOR_R_afford_inflation_adjusted_price_ppp,,,,,,,10.26,10.26,,,,2025-08-18T14:33:28Z,2024,2024-01-01,2024-12-31
3259803,TOBACCO_MPOWER_R_INFLATIONADJUSTEDPRICES,COUNTRY,TUR,EUR,Europe,YEAR,2018,TOBACCO_INDICATOR,TOBACCO_INDICATOR_R_afford_inflation_adjusted_price_lcu,,,,,,,87.74,87.74,,,,2025-08-18T14:33:28Z,2018,2018-01-01,2018-12-31
3267593,TOBACCO_MPOWER_R_INFLATIONADJUSTEDPRICES,COUNTRY,USA,AMR,Americas,YEAR,2012,TOBACCO_INDICATOR,TOBACCO_INDICATOR_R_afford_inflation_adjusted_price_lcu,,,,,,,8.29,8.29,,,,2025-08-18T14:33:28Z,2012,2012-01-01,2012-12-31
3270205,TOBACCO_MPOWER_R_INFLATIONADJUSTEDPRICES,COUNTRY,CPV,AFR,Africa,YEAR,2008,TOBACCO_INDICATOR,TOBACCO_INDICATOR_R_afford_inflation_adjusted_price_lcu,,,,,,,237.6,237.6,,,,2025-08-18T14:33:28Z,2008,2008-01-01,2008-12-31
3275822,TOBACCO_MPOWER_R_INFLATIONADJUSTEDPRICES,COUNTRY,AGO,AFR,Africa,YEAR,2016,TOBACCO_INDICATOR,TOBACCO_INDICATOR_R_afford_inflation_adjusted_price_ppp,,,,,,,. . .,,,,,2025-08-18T14:33:28Z,2016,2016-01-01,2016-12-31
3280318,TOBACCO_MPOWER_R_INFLATIONADJUSTEDPRICES,COUNTRY,COK,WPR,Western Pacific,YEAR,2008,TOBACCO_INDICATOR,TOBACCO_INDICATOR_R_afford_inflation_adjusted_price_ppp,,,,,,,. . .,,,,,2025-08-18T14:33:28Z,2008,2008-01-01,2008-12-31
3292504,TOBACCO_MPOWER_R_INFLATIONADJUSTEDPRICES,COUNTRY,KAZ,EUR,Europe,YEAR,2008,TOBACCO_INDICATOR,TOBACCO_INDICATOR_R_afford_inflation_adjusted_price_lcu,,,,,,,321.66,321.66,,,,2025-08-18T14:33:28Z,2008,2008-01-01,2008-12-31
3296544,TOBACCO_MPOWER_R_INFLATIONADJUSTEDPRICES,COUNTRY,SRB,EUR,Europe,YEAR,2022,TOBACCO_INDICATOR,TOBACCO_INDICATOR_R_afford_inflation_adjusted_price_lcu,,,,,,,376.39,376.39,,,,2025-08-18T14:33:28Z,2022,2022-01-01,2022-12-31
3296992,TOBACCO_MPOWER_R_INFLATIONADJUSTEDPRICES,COUNTRY,AZE,EUR,Europe,YEAR,2010,TOBACCO_INDICATOR,TOBACCO_INDICATOR_R_afford_inflation_adjusted_price_ppp,,,,,,,2.74,2.74,,,,2025-08-18T14:33:28Z,2010,2010-01-01,2010-12-31
3305248,TOBACCO_MPOWER_R_INFLATIONADJUSTEDPRICES,COUNTRY,LBN,EMR,Eastern Mediterranean,YEAR,2012,TOBACCO_INDICATOR,TOBACCO_INDICATOR_R_afford_inflation_adjusted_price_lcu,,,,,,,190 490,190489.69,,,,2025-08-18T14:33:28Z,2012,2012-01-01,2012-12-31
3306624,TOBACCO_MPOWER_R_INFLATIONADJUSTEDPRICES,COUNTRY,TUV,WPR,Western Pacific,YEAR,2024,TOBACCO_INDICATOR,TOBACCO_INDICATOR_R_afford_inflation_adjusted_price_lcu,,,,,,,. . .,,,,,2025-08-18T14:33:28Z,2024,2024-01-01,2024-12-31
3311710,TOBACCO_MPOWER_R_INFLATIONADJUSTEDPRICES,COUNTRY,BEL,EUR,Europe,YEAR,2018,TOBACCO_INDICATOR,TOBACCO_INDICATOR_R_afford_inflation_adjusted_price_lcu,,,,,,,8.16,8.16,,,,2025-08-18T14:33:28Z,2018,2018-01-01,2018-12-31
3313523,TOBACCO_MPOWER_R_INFLATIONADJUSTEDPRICES,COUNTRY,KOR,WPR,Western Pacific,YEAR,2024,TOBACCO_INDICATOR,TOBACCO_INDICATOR_R_afford_inflation_adjusted_price_lcu,,,,,,,4500,4500,,,,2025-08-18T14:33:28Z,2024,2024-01-01,2024-12-31
3317271,TOBACCO_MPOWER_R_INFLATIONADJUSTEDPRICES,COUNTRY,ECU,AMR,Americas,YEAR,2024,TOBACCO_INDICATOR,TOBACCO_INDICATOR_R_afford_inflation_adjusted_price_lcu,,,,,,,6.2,6.2,,,,2025-08-18T14:33:28Z,2024,2024-01-01,2024-12-31
3319641,TOBACCO_MPOWER_R_INFLATIONADJUSTEDPRICES,COUNTRY,BEN,AFR,Africa,YEAR,2020,TOBACCO_INDICATOR,TOBACCO_INDICATOR_R_afford_inflation_adjusted_price_lcu,,,,,,,535.79,535.79,,,,2025-08-18T14:33:28Z,2020,2020-01-01,2020-12-31
3325660,TOBACCO_MPOWER_R_INFLATIONADJUSTEDPRICES,COUNTRY,NLD,EUR,Europe,YEAR,2020,TOBACCO_INDICATOR,TOBACCO_INDICATOR_R_afford_inflation_adjusted_price_lcu,,,,,,,9.87,9.87,,,,2025-08-18T14:33:28Z,2020,2020-01-01,2020-12-31
3331587,TOBACCO_MPOWER_R_INFLATIONADJUSTEDPRICES,COUNTRY,NPL,SEAR,South-East Asia,YEAR,2010,TOBACCO_INDICATOR,TOBACCO_INDICATOR_R_afford_inflation_adjusted_price_ppp,,,,,,,6.02,6.02,,,,2025-08-18T14:33:28Z,2010,2010-01-01,2010-12-31
3333636,TOBACCO_MPOWER_R_INFLATIONADJUSTEDPRICES,COUNTRY,BRB,AMR,Americas,YEAR,2020,TOBACCO_INDICATOR,TOBACCO_INDICATOR_R_afford_inflation_adjusted_price_ppp,,,,,,,. . .,,,,,2025-08-18T14:33:28Z,2020,2020-01-01,2020-12-31
3335710,TOBACCO_MPOWER_R_INFLATIONADJUSTEDPRICES,COUNTRY,IRQ,EMR,Eastern Mediterranean,YEAR,2018,TOBACCO_INDICATOR,TOBACCO_INDICATOR_R_afford_inflation_adjusted_price_lcu,,,,,,,598.45,598.45,,,,2025-08-18T14:33:28Z,2018,2018-01-01,2018-12-31
3338730,TOBACCO_MPOWER_R_INFLATIONADJUSTEDPRICES,COUNTRY,TKM,EUR,Europe,YEAR,2022,TOBACCO_INDICATOR,TOBACCO_INDICATOR_R_afford_inflation_adjusted_price_ppp,,,,,,,34.62,34.62,,,,2025-08-18T14:33:28Z,2022,2022-01-01,2022-12-31
3338980,TOBACCO_MPOWER_R_INFLATIONADJUSTEDPRICES,COUNTRY,GRD,AMR,Americas,YEAR,2010,TOBACCO_INDICATOR,TOBACCO_INDICATOR_R_afford_inflation_adjusted_price_lcu,,,,,,,8.7,8.7,,,,2025-08-18T14:33:28Z,2010,2010-01-01,2010-12-31
3339259,TOBACCO_MPOWER_R_INFLATIONADJUSTEDPRICES,COUNTRY,KIR,WPR,Western Pacific,YEAR,2014,TOBACCO_INDICATOR,TOBACCO_INDICATOR_R_afford_inflation_adjusted_price_lcu,,,,,,,6.02,6.02,,,,2025-08-18T14:33:28Z,2014,2014-01-01,2014-12-31
3341240,TOBACCO_MPOWER_R_INFLATIONADJUSTEDPRICES,COUNTRY,STP,AFR,Africa,YEAR,2024,TOBACCO_INDICATOR,TOBACCO_INDICATOR_R_afford_inflation_adjusted_price_ppp,,,,,,,3.26,3.26,,,,2025-08-18T14:33:28Z,2024,2024-01-01,2024-12-31
3344018,TOBACCO_MPOWER_R_INFLATIONADJUSTEDPRICES,COUNTRY,TZA,AFR,Africa,YEAR,2008,TOBACCO_INDICATOR,TOBACCO_INDICATOR_R_afford_inflation_adjusted_price_lcu,,,,,,,3777.59,3777.59,,,,2025-08-18T14:33:28Z,2008,2008-01-01,2008-12-31
3346567,TOBACCO_MPOWER_R_INFLATIONADJUSTEDPRICES,COUNTRY,CAF,AFR,Africa,YEAR,2016,TOBACCO_INDICATOR,TOBACCO_INDICATOR_R_afford_inflation_adjusted_price_ppp,,,,,,,. . .,,,,,2025-08-18T14:33:28Z,2016,2016-01-01,2016-12-31
3346638,TOBACCO_MPOWER_R_INFLATIONADJUSTEDPRICES,COUNTRY,GTM,AMR,Americas,YEAR,2012,TOBACCO_INDICATOR,TOBACCO_INDICATOR_R_afford_inflation_adjusted_price_ppp,,,,,,,6.05,6.05,,,,2025-08-18T14:33:28Z,2012,2012-01-01,2012-12-31
3348951,TOBACCO_MPOWER_R_INFLATIONADJUSTEDPRICES,COUNTRY,KEN,AFR,Africa,YEAR,2022,TOBACCO_INDICATOR,TOBACCO_INDICATOR_R_afford_inflation_adjusted_price_lcu,,,,,,,450.06,450.06,,,,2025-08-18T14:33:28Z,2022,2022-01-01,2022-12-31
3349239,TOBACCO_MPOWER_R_INFLATIONADJUSTEDPRICES,COUNTRY,ITA,EUR,Europe,YEAR,2024,TOBACCO_INDICATOR,TOBACCO_INDICATOR_R_afford_inflation_adjusted_price_lcu,,,,,,,6.2,6.2,,,,2025-08-18T14:33:28Z,2024,2024-01-01,2024-12-31
3349261,TOBACCO_MPOWER_R_INFLATIONADJUSTEDPRICES,COUNTRY,OMN,EMR,Eastern Mediterranean,YEAR,2020,TOBACCO_INDICATOR,TOBACCO_INDICATOR_R_afford_inflation_adjusted_price_ppp,,,,,,,14.49,14.49,,,,2025-08-18T14:33:28Z,2020,2020-01-01,2020-12-31
3350678,TOBACCO_MPOWER_R_INFLATIONADJUSTEDPRICES,COUNTRY,CRI,AMR,Americas,YEAR,2008,TOBACCO_INDICATOR,TOBACCO_INDICATOR_R_afford_inflation_adjusted_price_ppp,,,,,,,4.38,4.38,,,,2025-08-18T14:33:28Z,2008,2008-01-01,2008-12-31
3357095,TOBACCO_MPOWER_R_INFLATIONADJUSTEDPRICES,COUNTRY,SOM,EMR,Eastern Mediterranean,YEAR,2008,TOBACCO_INDICATOR,TOBACCO_INDICATOR_R_afford_inflation_adjusted_price_ppp,,,,,,,. . .,,,,,2025-08-18T14:33:28Z,2008,2008-01-01,2008-12-31
3367805,TOBACCO_MPOWER_R_INFLATIONADJUSTEDPRICES,COUNTRY,BEL,EUR,Europe,YEAR,2024,TOBACCO_INDICATOR,TOBACCO_INDICATOR_R_afford_inflation_adjusted_price_ppp,,,,,,,16.24,16.24,,,,2025-08-18T14:33:28Z,2024,2024-01-01,2024-12-31
3370980,TOBACCO_MPOWER_R_INFLATIONADJUSTEDPRICES,COUNTRY,KIR,WPR,Western Pacific,YEAR,2012,TOBACCO_INDICATOR,TOBACCO_INDICATOR_R_afford_inflation_adjusted_price_lcu,,,,,,,6.05,6.05,,,,2025-08-18T14:33:28Z,2012,2012-01-01,2012-12-31
3371277,TOBACCO_MPOWER_R_INFLATIONADJUSTEDPRICES,COUNTRY,WSM,WPR,Western Pacific,YEAR,2012,TOBACCO_INDICATOR,TOBACCO_INDICATOR_R_afford_inflation_adjusted_price_lcu,,,,,,,11.53,11.53,,,,2025-08-18T14:33:28Z,2012,2012-01-01,2012-12-31
3371410,TOBACCO_MPOWER_R_INFLATIONADJUSTEDPRICES,COUNTRY,GNQ,AFR,Africa,YEAR,2024,TOBACCO_INDICATOR,TOBACCO_INDICATOR_R_afford_inflation_adjusted_price_lcu,,,,,,,500,500,,,,2025-08-18T14:33:28Z,2024,2024-01-01,2024-12-31
3376051,TOBACCO_MPOWER_R_INFLATIONADJUSTEDPRICES,COUNTRY,SWE,EUR,Europe,YEAR,2022,TOBACCO_INDICATOR,TOBACCO_INDICATOR_R_afford_inflation_adjusted_price_ppp,,,,,,,9.14,9.14,,,,2025-08-18T14:33:28Z,2022,2022-01-01,2022-12-31
3377094,TOBACCO_MPOWER_R_INFLATIONADJUSTEDPRICES,COUNTRY,LVA,EUR,Europe,YEAR,2010,TOBACCO_INDICATOR,TOBACCO_INDICATOR_R_afford_inflation_adjusted_price_lcu,,,,,,,3.35,3.35,,,,2025-08-18T14:33:28Z,2010,2010-01-01,2010-12-31
3381925,TOBACCO_MPOWER_R_INFLATIONADJUSTEDPRICES,COUNTRY,KWT,EMR,Eastern Mediterranean,YEAR,2020,TOBACCO_INDICATOR,TOBACCO_INDICATOR_R_afford_inflation_adjusted_price_ppp,,,,,,,5.54,5.54,,,,2025-08-18T14:33:28Z,2020,2020-01-01,2020-12-31
3386088,TOBACCO_MPOWER_R_INFLATIONADJUSTEDPRICES,COUNTRY,MWI,AFR,Africa,YEAR,2020,TOBACCO_INDICATOR,TOBACCO_INDICATOR_R_afford_inflation_adjusted_price_lcu,,,,,,,1192.05,1192.05,,,,2025-08-18T14:33:28Z,2020,2020-01-01,2020-12-31
3386520,TOBACCO_MPOWER_R_INFLATIONADJUSTEDPRICES,COUNTRY,ATG,AMR,Americas,YEAR,2014,TOBACCO_INDICATOR,TOBACCO_INDICATOR_R_afford_inflation_adjusted_price_lcu,,,,,,,10.43,10.43,,,,2025-08-18T14:33:28Z,2014,2014-01-01,2014-12-31
3386814,TOBACCO_MPOWER_R_INFLATIONADJUSTEDPRICES,COUNTRY,RUS,EUR,Europe,YEAR,2018,TOBACCO_INDICATOR,TOBACCO_INDICATOR_R_afford_inflation_adjusted_price_lcu,,,,,,,188.09,188.09,,,,2025-08-18T14:33:28Z,2018,2018-01-01,2018-12-31
3388907,TOBACCO_MPOWER_R_INFLATIONADJUSTEDPRICES,COUNTRY,OMN,EMR,Eastern Mediterranean,YEAR,2022,TOBACCO_INDICATOR,TOBACCO_INDICATOR_R_afford_inflation_adjusted_price_lcu,,,,,,,2.44,2.44,,,,2025-08-18T14:33:28Z,2022,2022-01-01,2022-12-31
3389258,TOBACCO_MPOWER_R_INFLATIONADJUSTEDPRICES,COUNTRY,CPV,AFR,Africa,YEAR,2014,TOBACCO_INDICATOR,TOBACCO_INDICATOR_R_afford_inflation_adjusted_price_lcu,,,,,,,212.44,212.44,,,,2025-08-18T14:33:28Z,2014,2014-01-01,2014-12-31
3392460,TOBACCO_MPOWER_R_INFLATIONADJUSTEDPRICES,COUNTRY,VNM,WPR,Western Pacific,YEAR,2020,TOBACCO_INDICATOR,TOBACCO_INDICATOR_R_afford_inflation_adjusted_price_lcu,,,,,,,24 166,24166.06,,,,2025-08-18T14:33:28Z,2020,2020-01-01,2020-12-31
3394106,TOBACCO_MPOWER_R_INFLATIONADJUSTEDPRICES,COUNTRY,TCD,AFR,Africa,YEAR,2022,TOBACCO_INDICATOR,TOBACCO_INDICATOR_R_afford_inflation_adjusted_price_lcu,,,,,,,550.25,550.25,,,,2025-08-18T14:33:28Z,2022,2022-01-01,2022-12-31
3398219,TOBACCO_MPOWER_R_INFLATIONADJUSTEDPRICES,COUNTRY,KNA,AMR,Americas,YEAR,2018,TOBACCO_INDICATOR,TOBACCO_INDICATOR_R_afford_inflation_adjusted_price_lcu,,,,,,,8.57,8.57,,,,2025-08-18T14:33:28Z,2018,2018-01-01,2018-12-31
3403042,TOBACCO_MPOWER_R_INFLATIONADJUSTEDPRICES,COUNTRY,QAT,EMR,Eastern Mediterranean,YEAR,2018,TOBACCO_INDICATOR,TOBACCO_INDICATOR_R_afford_inflation_adjusted_price_ppp,,,,,,,5.32,5.32,,,,2025-08-18T14:33:28Z,2018,2018-01-01,2018-12-31
3405646,TOBACCO_MPOWER_R_INFLATIONADJUSTEDPRICES,COUNTRY,VUT,WPR,Western Pacific,YEAR,2008,TOBACCO_INDICATOR,TOBACCO_INDICATOR_R_afford_inflation_adjusted_price_lcu,,,,,,,1070.55,1070.55,,,,2025-08-18T14:33:28Z,2008,2008-01-01,2008-12-31
3409687,TOBACCO_MPOWER_R_INFLATIONADJUSTEDPRICES,COUNTRY,MOZ,AFR,Africa,YEAR,2022,TOBACCO_INDICATOR,TOBACCO_INDICATOR_R_afford_inflation_adjusted_price_ppp,,,,,,,4.13,4.13,,,,2025-08-18T14:33:28Z,2022,2022-01-01,2022-12-31
3411837,TOBACCO_MPOWER_R_INFLATIONADJUSTEDPRICES,COUNTRY,JOR,EMR,Eastern Mediterranean,YEAR,2008,TOBACCO_INDICATOR,TOBACCO_INDICATOR_R_afford_inflation_adjusted_price_ppp,,,,,,,4.99,4.99,,,,2025-08-18T14:33:28Z,2008,2008-01-01,2008-12-31
3418275,TOBACCO_MPOWER_R_INFLATIONADJUSTEDPRICES,COUNTRY,TZA,AFR,Africa,YEAR,2014,TOBACCO_INDICATOR,TOBACCO_INDICATOR_R_afford_inflation_adjusted_price_lcu,,,,,,,5249.51,5249.51,,,,2025-08-18T14:33:28Z,2014,2014-01-01,2014-12-31
3420266,TOBACCO_MPOWER_R_INFLATIONADJUSTEDPRICES,COUNTRY,MRT,AFR,Africa,YEAR,2014,TOBACCO_INDICATOR,TOBACCO_INDICATOR_R_afford_inflation_adjusted_price_lcu,,,,,,,68.54,68.54,,,,2025-08-18T14:33:28Z,2014,2014-01-01,2014-12-31
3424634,TOBACCO_MPOWER_R_INFLATIONADJUSTEDPRICES,COUNTRY,LSO,AFR,Africa,YEAR,2014,TOBACCO_INDICATOR,TOBACCO_INDICATOR_R_afford_inflation_adjusted_price_lcu,,,,,,,60.26,60.26,,,,2025-08-18T14:33:28Z,2014,2014-01-01,2014-12-31
3426628,TOBACCO_MPOWER_R_INFLATIONADJUSTEDPRICES,COUNTRY,PAK,EMR,Eastern Mediterranean,YEAR,2024,TOBACCO_INDICATOR,TOBACCO_INDICATOR_R_afford_inflation_adjusted_price_lcu,,,,,,,230,230,,,,2025-08-18T14:33:28Z,2024,2024-01-01,2024-12-31
3427099,TOBACCO_MPOWER_R_INFLATIONADJUSTEDPRICES,COUNTRY,SLB,WPR,Western Pacific,YEAR,2024,TOBACCO_INDICATOR,TOBACCO_INDICATOR_R_afford_inflation_adjusted_price_ppp,,,,,,,4.41,4.41,,,,2025-08-18T14:33:28Z,2024,2024-01-01,2024-12-31
3429502,TOBACCO_MPOWER_R_INFLATIONADJUSTEDPRICES,COUNTRY,NGA,AFR,Africa,YEAR,2018,TOBACCO_INDICATOR,TOBACCO_INDICATOR_R_afford_inflation_adjusted_price_lcu,,,,,,,640.74,640.74,,,,2025-08-18T14:33:28Z,2018,2018-01-01,2018-12-31
3435911,TOBACCO_MPOWER_R_INFLATIONADJUSTEDPRICES,COUNTRY,DZA,AFR,Africa,YEAR,2020,TOBACCO_INDICATOR,TOBACCO_INDICATOR_R_afford_inflation_adjusted_price_ppp,,,,,,,9.71,9.71,,,,2025-08-18T14:33:28Z,2020,2020-01-01,2020-12-31
3436580,TOBACCO_MPOWER_R_INFLATIONADJUSTEDPRICES,COUNTRY,BFA,AFR,Africa,YEAR,2018,TOBACCO_INDICATOR,TOBACCO_INDICATOR_R_afford_inflation_adjusted_price_lcu,,,,,,,919.43,919.43,,,,2025-08-18T14:33:28Z,2018,2018-01-01,2018-12-31
3436926,TOBACCO_MPOWER_R_INFLATIONADJUSTEDPRICES,COUNTRY,KAZ,EUR,Europe,YEAR,2024,TOBACCO_INDICATOR,TOBACCO_INDICATOR_R_afford_inflation_adjusted_price_lcu,,,,,,,885,885,,,,2025-08-18T14:33:28Z,2024,2024-01-01,2024-12-31
3439746,TOBACCO_MPOWER_R_INFLATIONADJUSTEDPRICES,COUNTRY,FRA,EUR,Europe,YEAR,2010,TOBACCO_INDICATOR,TOBACCO_INDICATOR_R_afford_inflation_adjusted_price_ppp,,,,,,,9.88,9.88,,,,2025-08-18T14:33:28Z,2010,2010-01-01,2010-12-31
3440190,TOBACCO_MPOWER_R_INFLATIONADJUSTEDPRICES,COUNTRY,RUS,EUR,Europe,YEAR,2020,TOBACCO_INDICATOR,TOBACCO_INDICATOR_R_afford_inflation_adjusted_price_ppp,,,,,,,8.27,8.27,,,,2025-08-18T14:33:28Z,2020,2020-01-01,2020-12-31
3443649,TOBACCO_MPOWER_R_INFLATIONADJUSTEDPRICES,COUNTRY,BLZ,AMR,Americas,YEAR,2016,TOBACCO_INDICATOR,TOBACCO_INDICATOR_R_afford_inflation_adjusted_price_ppp,,,,,,,4.97,4.97,,,,2025-08-18T14:33:28Z,2016,2016-01-01,2016-12-31
3443954,TOBACCO_MPOWER_R_INFLATIONADJUSTEDPRICES,COUNTRY,YEM,EMR,Eastern Mediterranean,YEAR,2008,TOBACCO_INDICATOR,TOBACCO_INDICATOR_R_afford_inflation_adjusted_price_ppp,,,,,,,3.44,3.44,,,,2025-08-18T14:33:28Z,2008,2008-01-01,2008-12-31
3449322,TOBACCO_MPOWER_R_INFLATIONADJUSTEDPRICES,COUNTRY,PHL,WPR,Western Pacific,YEAR,2010,TOBACCO_INDICATOR,TOBACCO_INDICATOR_R_afford_inflation_adjusted_price_ppp,,,,,,,1.05,1.05,,,,2025-08-18T14:33:28Z,2010,2010-01-01,2010-12-31
3462741,TOBACCO_MPOWER_R_INFLATIONADJUSTEDPRICES,COUNTRY,TUR,EUR,Europe,YEAR,2024,TOBACCO_INDICATOR,TOBACCO_INDICATOR_R_afford_inflation_adjusted_price_lcu,,,,,,,73,73,,,,2025-08-18T14:33:28Z,2024,2024-01-01,2024-12-31
3463809,TOBACCO_MPOWER_R_INFLATIONADJUSTEDPRICES,COUNTRY,MLI,AFR,Africa,YEAR,2014,TOBACCO_INDICATOR,TOBACCO_INDICATOR_R_afford_inflation_adjusted_price_ppp,,,,,,,4.62,4.62,,,,2025-08-18T14:33:28Z,2014,2014-01-01,2014-12-31
3465341,TOBACCO_MPOWER_R_INFLATIONADJUSTEDPRICES,COUNTRY,SOM,EMR,Eastern Mediterranean,YEAR,2024,TOBACCO_INDICATOR,TOBACCO_INDICATOR_R_afford_inflation_adjusted_price_lcu,,,,,,,12 000,12000,,,,2025-08-18T14:33:28Z,2024,2024-01-01,2024-12-31
3469718,TOBACCO_MPOWER_R_INFLATIONADJUSTEDPRICES,COUNTRY,GNQ,AFR,Africa,YEAR,2022,TOBACCO_INDICATOR,TOBACCO_INDICATOR_R_afford_inflation_adjusted_price_lcu,,,,,,,528.76,528.76,,,,2025-08-18T14:33:28Z,2022,2022-01-01,2022-12-31
3472159,TOBACCO_MPOWER_R_INFLATIONADJUSTEDPRICES,COUNTRY,CHE,EUR,Europe,YEAR,2014,TOBACCO_INDICATOR,TOBACCO_INDICATOR_R_afford_inflation_adjusted_price_lcu,,,,,,,8.92,8.92,,,,2025-08-18T14:33:28Z,2014,2014-01-01,2014-12-31
3472335,TOBACCO_MPOWER_R_INFLATIONADJUSTEDPRICES,COUNTRY,KIR,WPR,Western Pacific,YEAR,2020,TOBACCO_INDICATOR,TOBACCO_INDICATOR_R_afford_inflation_adjusted_price_ppp,,,,,,,6.98,6.98,,,,2025-08-18T14:33:28Z,2020,2020-01-01,2020-12-31
3475078,TOBACCO_MPOWER_R_INFLATIONADJUSTEDPRICES,COUNTRY,STP,AFR,Africa,YEAR,2008,TOBACCO_INDICATOR,TOBACCO_INDICATOR_R_afford_inflation_adjusted_price_ppp,,,,,,,4.89,4.89,,,,2025-08-18T14:33:28Z,2008,2008-01-01,2008-12-31
3477566,TOBACCO_MPOWER_R_INFLATIONADJUSTEDPRICES,COUNTRY,NIU,WPR,Western Pacific,YEAR,2020,TOBACCO_INDICATOR,TOBACCO_INDICATOR_R_afford_inflation_adjusted_price_ppp,,,,,,,. . .,,,,,2025-08-18T14:33:28Z,2020,2020-01-01,2020-12-31
3477930,TOBACCO_MPOWER_R_INFLATIONADJUSTEDPRICES,COUNTRY,SGP,WPR,Western Pacific,YEAR,2012,TOBACCO_INDICATOR,TOBACCO_INDICATOR_R_afford_inflation_adjusted_price_ppp,,,,,,,18.15,18.15,,,,2025-08-18T14:33:28Z,2012,2012-01-01,2012-12-31
3482606,TOBACCO_MPOWER_R_INFLATIONADJUSTEDPRICES,COUNTRY,NIU,WPR,Western Pacific,YEAR,2022,TOBACCO_INDICATOR,TOBACCO_INDICATOR_R_afford_inflation_adjusted_price_ppp,,,,,,,. . .,,,,,2025-08-18T14:33:28Z,2022,2022-01-01,2022-12-31
3488475,TOBACCO_MPOWER_R_INFLATIONADJUSTEDPRICES,COUNTRY,FIN,EUR,Europe,YEAR,2016,TOBACCO_INDICATOR,TOBACCO_INDICATOR_R_afford_inflation_adjusted_price_ppp,,,,,,,9.17,9.17,,,,2025-08-18T14:33:28Z,2016,2016-01-01,2016-12-31
3491972,TOBACCO_MPOWER_R_INFLATIONADJUSTEDPRICES,COUNTRY,RWA,AFR,Africa,YEAR,2024,TOBACCO_INDICATOR,TOBACCO_INDICATOR_R_afford_inflation_adjusted_price_lcu,,,,,,,1500,1500,,,,2025-08-18T14:33:28Z,2024,2024-01-01,2024-12-31
3492837,TOBACCO_MPOWER_R_INFLATIONADJUSTEDPRICES,COUNTRY,TCD,AFR,Africa,YEAR,2010,TOBACCO_INDICATOR,TOBACCO_INDICATOR_R_afford_inflation_adjusted_price_ppp,,,,,,,2.6,2.6,,,,2025-08-18T14:33:28Z,2010,2010-01-01,2010-12-31
3494465,TOBACCO_MPOWER_R_INFLATIONADJUSTEDPRICES,COUNTRY,AZE,EUR,Europe,YEAR,2020,TOBACCO_INDICATOR,TOBACCO_INDICATOR_R_afford_inflation_adjusted_price_lcu,,,,,,,2.43,2.43,,,,2025-08-18T14:33:28Z,2020,2020-01-01,2020-12-31
3495224,TOBACCO_MPOWER_R_INFLATIONADJUSTEDPRICES,COUNTRY,DJI,EMR,Eastern Mediterranean,YEAR,2014,TOBACCO_INDICATOR,TOBACCO_INDICATOR_R_afford_inflation_adjusted_price_lcu,,,,,,,237.86,237.86,,,,2025-08-18T14:33:28Z,2014,2014-01-01,2014-12-31
3495282,TOBACCO_MPOWER_R_INFLATIONADJUSTEDPRICES,COUNTRY,YEM,EMR,Eastern Mediterranean,YEAR,2018,TOBACCO_INDICATOR,TOBACCO_INDICATOR_R_afford_inflation_adjusted_price_lcu,,,,,,,1780.38,1780.38,,,,2025-08-18T14:33:28Z,2018,2018-01-01,2018-12-31
3502782,TOBACCO_MPOWER_R_INFLATIONADJUSTEDPRICES,COUNTRY,TLS,SEAR,South-East Asia,YEAR,2020,TOBACCO_INDICATOR,TOBACCO_INDICATOR_R_afford_inflation_adjusted_price_ppp,,,,,,,9.11,9.11,,,,2025-08-18T14:33:28Z,2020,2020-01-01,2020-12-31
3505900,TOBACCO_MPOWER_R_INFLATIONADJUSTEDPRICES,COUNTRY,TKM,EUR,Europe,YEAR,2016,TOBACCO_INDICATOR,TOBACCO_INDICATOR_R_afford_inflation_adjusted_price_ppp,,,,,,,16.64,16.64,,,,2025-08-18T14:33:28Z,2016,2016-01-01,2016-12-31
3520647,TOBACCO_MPOWER_R_INFLATIONADJUSTEDPRICES,COUNTRY,NRU,WPR,Western Pacific,YEAR,2016,TOBACCO_INDICATOR,TOBACCO_INDICATOR_R_afford_inflation_adjusted_price_ppp,,,,,,,10.28,10.28,,,,2025-08-18T14:33:28Z,2016,2016-01-01,2016-12-31
3523904,TOBACCO_MPOWER_R_INFLATIONADJUSTEDPRICES,COUNTRY,RWA,AFR,Africa,YEAR,2022,TOBACCO_INDICATOR,TOBACCO_INDICATOR_R_afford_inflation_adjusted_price_ppp,,,,,,,3.3,3.3,,,,2025-08-18T14:33:28Z,2022,2022-01-01,2022-12-31
3523973,TOBACCO_MPOWER_R_INFLATIONADJUSTEDPRICES,COUNTRY,TJK,EUR,Europe,YEAR,2020,TOBACCO_INDICATOR,TOBACCO_INDICATOR_R_afford_inflation_adjusted_price_lcu,,,,,,,11.22,11.22,,,,2025-08-18T14:33:28Z,2020,2020-01-01,2020-12-31
3525003,TOBACCO_MPOWER_R_INFLATIONADJUSTEDPRICES,COUNTRY,FSM,WPR,Western Pacific,YEAR,2024,TOBACCO_INDICATOR,TOBACCO_INDICATOR_R_afford_inflation_adjusted_price_ppp,,,,,,,. . .,,,,,2025-08-18T14:33:28Z,2024,2024-01-01,2024-12-31
3529736,TOBACCO_MPOWER_R_INFLATIONADJUSTEDPRICES,COUNTRY,ZWE,AFR,Africa,YEAR,2008,TOBACCO_INDICATOR,TOBACCO_INDICATOR_R_afford_inflation_adjusted_price_ppp,,,,,,,. . .,,,,,2025-08-18T14:33:28Z,2008,2008-01-01,2008-12-31
3532152,TOBACCO_MPOWER_R_INFLATIONADJUSTEDPRICES,COUNTRY,POL,EUR,Europe,YEAR,2012,TOBACCO_INDICATOR,TOBACCO_INDICATOR_R_afford_inflation_adjusted_price_lcu,,,,,,,17.61,17.61,,,,2025-08-18T14:33:28Z,2012,2012-01-01,2012-12-31
3532630,TOBACCO_MPOWER_R_INFLATIONADJUSTEDPRICES,COUNTRY,SOM,EMR,Eastern Mediterranean,YEAR,2024,TOBACCO_INDICATOR,TOBACCO_INDICATOR_R_afford_inflation_adjusted_price_ppp,,,,,,,1.24,1.24,,,,2025-08-18T14:33:28Z,2024,2024-01-01,2024-12-31
3533369,TOBACCO_MPOWER_R_INFLATIONADJUSTEDPRICES,COUNTRY,BHS,AMR,Americas,YEAR,2020,TOBACCO_INDICATOR,TOBACCO_INDICATOR_R_afford_inflation_adjusted_price_lcu,,,,,,,11.25,11.25,,,,2025-08-18T14:33:28Z,2020,2020-01-01,2020-12-31
3536238,TOBACCO_MPOWER_R_INFLATIONADJUSTEDPRICES,COUNTRY,MNG,WPR,Western Pacific,YEAR,2010,TOBACCO_INDICATOR,TOBACCO_INDICATOR_R_afford_inflation_adjusted_price_ppp,,,,,,,2.12,2.12,,,,2025-08-18T14:33:28Z,2010,2010-01-01,2010-12-31
3536351,TOBACCO_MPOWER_R_INFLATIONADJUSTEDPRICES,COUNTRY,AND,EUR,Europe,YEAR,2020,TOBACCO_INDICATOR,TOBACCO_INDICATOR_R_afford_inflation_adjusted_price_ppp,,,,,,,7.03,7.03,,,,2025-08-18T14:33:28Z,2020,2020-01-01,2020-12-31
3540864,TOBACCO_MPOWER_R_INFLATIONADJUSTEDPRICES,COUNTRY,BOL,AMR,Americas,YEAR,2022,TOBACCO_INDICATOR,TOBACCO_INDICATOR_R_afford_inflation_adjusted_price_ppp,,,,,,,. . .,,,,,2025-08-18T14:33:28Z,2022,2022-01-01,2022-12-31
3543183,TOBACCO_MPOWER_R_INFLATIONADJUSTEDPRICES,COUNTRY,DZA,AFR,Africa,YEAR,2016,TOBACCO_INDICATOR,TOBACCO_INDICATOR_R_afford_inflation_adjusted_price_lcu,,,,,,,321.72,321.72,,,,2025-08-18T14:33:28Z,2016,2016-01-01,2016-12-31
3544038,TOBACCO_MPOWER_R_INFLATIONADJUSTEDPRICES,COUNTRY,GIN,AFR,Africa,YEAR,2008,TOBACCO_INDICATOR,TOBACCO_INDICATOR_R_afford_inflation_adjusted_price_ppp,,,,,,,1.7,1.7,,,,2025-08-18T14:33:28Z,2008,2008-01-01,2008-12-31
3554406,TOBACCO_MPOWER_R_INFLATIONADJUSTEDPRICES,COUNTRY,SRB,EUR,Europe,YEAR,2016,TOBACCO_INDICATOR,TOBACCO_INDICATOR_R_afford_inflation_adjusted_price_ppp,,,,,,,7.13,7.13,,,,2025-08-18T14:33:28Z,2016,2016-01-01,2016-12-31
3556148,TOBACCO_MPOWER_R_INFLATIONADJUSTEDPRICES,COUNTRY,BWA,AFR,Africa,YEAR,2018,TOBACCO_INDICATOR,TOBACCO_INDICATOR_R_afford_inflation_adjusted_price_lcu,,,,,,,52.75,52.75,,,,2025-08-18T14:33:28Z,2018,2018-01-01,2018-12-31
3556760,TOBACCO_MPOWER_R_INFLATIONADJUSTEDPRICES,COUNTRY,GBR,EUR,Europe,YEAR,2008,TOBACCO_INDICATOR,TOBACCO_INDICATOR_R_afford_inflation_adjusted_price_lcu,,,,,,,8.96,8.96,,,,2025-08-18T14:33:28Z,2008,2008-01-01,2008-12-31
3557272,TOBACCO_MPOWER_R_INFLATIONADJUSTEDPRICES,COUNTRY,MCO,EUR,Europe,YEAR,2014,TOBACCO_INDICATOR,TOBACCO_INDICATOR_R_afford_inflation_adjusted_price_lcu,,,,,,,. . .,,,,,2025-08-18T14:33:28Z,2014,2014-01-01,2014-12-31
3558216,TOBACCO_MPOWER_R_INFLATIONADJUSTEDPRICES,COUNTRY,SEN,AFR,Africa,YEAR,2012,TOBACCO_INDICATOR,TOBACCO_INDICATOR_R_afford_inflation_adjusted_price_ppp,,,,,,,2.14,2.14,,,,2025-08-18T14:33:28Z,2012,2012-01-01,2012-12-31
3559630,TOBACCO_MPOWER_R_INFLATIONADJUSTEDPRICES,COUNTRY,COG,AFR,Africa,YEAR,2008,TOBACCO_INDICATOR,TOBACCO_INDICATOR_R_afford_inflation_adjusted_price_lcu,,,,,,,734.7,734.7,,,,2025-08-18T14:33:28Z,2008,2008-01-01,2008-12-31
3563425,TOBACCO_MPOWER_R_INFLATIONADJUSTEDPRICES,COUNTRY,GUY,AMR,Americas,YEAR,2014,TOBACCO_INDICATOR,TOBACCO_INDICATOR_R_afford_inflation_adjusted_price_ppp,,,,,,,3.9,3.9,,,,2025-08-18T14:33:28Z,2014,2014-01-01,2014-12-31
3569659,TOBACCO_MPOWER_R_INFLATIONADJUSTEDPRICES,COUNTRY,BFA,AFR,Africa,YEAR,2022,TOBACCO_INDICATOR,TOBACCO_INDICATOR_R_afford_inflation_adjusted_price_ppp,,,,,,,3.93,3.93,,,,2025-08-18T14:33:28Z,2022,2022-01-01,2022-12-31
3578450,TOBACCO_MPOWER_R_INFLATIONADJUSTEDPRICES,COUNTRY,GRD,AMR,Americas,YEAR,2014,TOBACCO_INDICATOR,TOBACCO_INDICATOR_R_afford_inflation_adjusted_price_ppp,,,,,,,5.86,5.86,,,,2025-08-18T14:33:28Z,2014,2014-01-01,2014-12-31
3578529,TOBACCO_MPOWER_R_INFLATIONADJUSTEDPRICES,COUNTRY,VCT,AMR,Americas,YEAR,2018,TOBACCO_INDICATOR,TOBACCO_INDICATOR_R_afford_inflation_adjusted_price_ppp,,,,,,,8.07,8.07,,,,2025-08-18T14:33:28Z,2018,2018-01-01,2018-12-31
3581184,TOBACCO_MPOWER_R_INFLATIONADJUSTEDPRICES,COUNTRY,MYS,WPR,Western Pacific,YEAR,2016,TOBACCO_INDICATOR,TOBACCO_INDICATOR_R_afford_inflation_adjusted_price_ppp,,,,,,,14.11,14.11,,,,2025-08-18T14:33:28Z,2016,2016-01-01,2016-12-31
3584270,TOBACCO_MPOWER_R_INFLATIONADJUSTEDPRICES,COUNTRY,IND,SEAR,South-East Asia,YEAR,2020,TOBACCO_INDICATOR,TOBACCO_INDICATOR_R_afford_inflation_adjusted_price_ppp,,,,,,,11.33,11.33,,,,2025-08-18T14:33:28Z,2020,2020-01-01,2020-12-31
3588477,TOBACCO_MPOWER_R_INFLATIONADJUSTEDPRICES,COUNTRY,GUY,AMR,Americas,YEAR,2022,TOBACCO_INDICATOR,TOBACCO_INDICATOR_R_afford_inflation_adjusted_price_ppp,,,,,,,5.24,5.24,,,,2025-08-18T14:33:28Z,2022,2022-01-01,2022-12-31
3589194,TOBACCO_MPOWER_R_INFLATIONADJUSTEDPRICES,COUNTRY,MOZ,AFR,Africa,YEAR,2008,TOBACCO_INDICATOR,TOBACCO_INDICATOR_R_afford_inflation_adjusted_price_ppp,,,,,,,1.28,1.28,,,,2025-08-18T14:33:28Z,2008,2008-01-01,2008-12-31
3594110,TOBACCO_MPOWER_R_INFLATIONADJUSTEDPRICES,COUNTRY,NAM,AFR,Africa,YEAR,2024,TOBACCO_INDICATOR,TOBACCO_INDICATOR_R_afford_inflation_adjusted_price_lcu,,,,,,,59,59,,,,2025-08-18T14:33:28Z,2024,2024-01-01,2024-12-31
3595432,TOBACCO_MPOWER_R_INFLATIONADJUSTEDPRICES,COUNTRY,MYS,WPR,Western Pacific,YEAR,2012,TOBACCO_INDICATOR,TOBACCO_INDICATOR_R_afford_inflation_adjusted_price_ppp,,,,,,,8.58,8.58,,,,2025-08-18T14:33:28Z,2012,2012-01-01,2012-12-31
3595777,TOBACCO_MPOWER_R_INFLATIONADJUSTEDPRICES,COUNTRY,HUN,EUR,Europe,YEAR,2016,TOBACCO_INDICATOR,TOBACCO_INDICATOR_R_afford_inflation_adjusted_price_lcu,,,,,,,1895.15,1895.15,,,,2025-08-18T14:33:28Z,2016,2016-01-01,2016-12-31
3597021,TOBACCO_MPOWER_R_INFLATIONADJUSTEDPRICES,COUNTRY,AGO,AFR,Africa,YEAR,2022,TOBACCO_INDICATOR,TOBACCO_INDICATOR_R_afford_inflation_adjusted_price_lcu,,,,,,,1457.22,1457.22,,,,2025-08-18T14:33:28Z,2022,2022-01-01,2022-12-31
3597384,TOBACCO_MPOWER_R_INFLATIONADJUSTEDPRICES,COUNTRY,MUS,AFR,Africa,YEAR,2018,TOBACCO_INDICATOR,TOBACCO_INDICATOR_R_afford_inflation_adjusted_price_lcu,,,,,,,190.87,190.87,,,,2025-08-18T14:33:28Z,2018,2018-01-01,2018-12-31
3599626,TOBACCO_MPOWER_R_INFLATIONADJUSTEDPRICES,COUNTRY,TGO,AFR,Africa,YEAR,2014,TOBACCO_INDICATOR,TOBACCO_INDICATOR_R_afford_inflation_adjusted_price_ppp,,,,,,,2.23,2.23,,,,2025-08-18T14:33:28Z,2014,2014-01-01,2014-12-31
3600655,TOBACCO_MPOWER_R_INFLATIONADJUSTEDPRICES,COUNTRY,ZAF,AFR,Africa,YEAR,2020,TOBACCO_INDICATOR,TOBACCO_INDICATOR_R_afford_inflation_adjusted_price_ppp,,,,,,,7.33,7.33,,,,2025-08-18T14:33:28Z,2020,2020-01-01,2020-12-31
3603452,TOBACCO_MPOWER_R_INFLATIONADJUSTEDPRICES,COUNTRY,CRI,AMR,Americas,YEAR,2016,TOBACCO_INDICATOR,TOBACCO_INDICATOR_R_afford_inflation_adjusted_price_lcu,,,,,,,2002.56,2002.56,,,,2025-08-18T14:33:28Z,2016,2016-01-01,2016-12-31
3604382,TOBACCO_MPOWER_R_INFLATIONADJUSTEDPRICES,COUNTRY,LUX,EUR,Europe,YEAR,2018,TOBACCO_INDICATOR,TOBACCO_INDICATOR_R_afford_inflation_adjusted_price_ppp,,,,,,,7.8,7.8,,,,2025-08-18T14:33:28Z,2018,2018-01-01,2018-12-31
3614733,TOBACCO_MPOWER_R_INFLATIONADJUSTEDPRICES,COUNTRY,TGO,AFR,Africa,YEAR,2012,TOBACCO_INDICATOR,TOBACCO_INDICATOR_R_afford_inflation_adjusted_price_lcu,,,,,,,529.08,529.08,,,,2025-08-18T14:33:28Z,2012,2012-01-01,2012-12-31
3621207,TOBACCO_MPOWER_R_INFLATIONADJUSTEDPRICES,COUNTRY,SRB,EUR,Europe,YEAR,2020,TOBACCO_INDICATOR,TOBACCO_INDICATOR_R_afford_inflation_adjusted_price_ppp,,,,,,,8.53,8.53,,,,2025-08-18T14:33:28Z,2020,2020-01-01,2020-12-31
3621717,TOBACCO_MPOWER_R_INFLATIONADJUSTEDPRICES,COUNTRY,PRY,AMR,Americas,YEAR,2020,TOBACCO_INDICATOR,TOBACCO_INDICATOR_R_afford_inflation_adjusted_price_lcu,,,,,,,2686.74,2686.74,,,,2025-08-18T14:33:28Z,2020,2020-01-01,2020-12-31
3623165,TOBACCO_MPOWER_R_INFLATIONADJUSTEDPRICES,COUNTRY,AZE,EUR,Europe,YEAR,2010,TOBACCO_INDICATOR,TOBACCO_INDICATOR_R_afford_inflation_adjusted_price_lcu,,,,,,,1.52,1.52,,,,2025-08-18T14:33:28Z,2010,2010-01-01,2010-12-31
3624987,TOBACCO_MPOWER_R_INFLATIONADJUSTEDPRICES,COUNTRY,SRB,EUR,Europe,YEAR,2012,TOBACCO_INDICATOR,TOBACCO_INDICATOR_R_afford_inflation_adjusted_price_ppp,,,,,,,4.07,4.07,,,,2025-08-18T14:33:28Z,2012,2012-01-01,2012-12-31
3631267,TOBACCO_MPOWER_R_INFLATIONADJUSTEDPRICES,COUNTRY,GBR,EUR,Europe,YEAR,2018,TOBACCO_INDICATOR,TOBACCO_INDICATOR_R_afford_inflation_adjusted_price_lcu,,,,,,,10.49,10.49,,,,2025-08-18T14:33:28Z,2018,2018-01-01,2018-12-31
3637535,TOBACCO_MPOWER_R_INFLATIONADJUSTEDPRICES,COUNTRY,HRV,EUR,Europe,YEAR,2010,TOBACCO_INDICATOR,TOBACCO_INDICATOR_R_afford_inflation_adjusted_price_lcu,,,,,,,3.55,3.55,,,,2025-08-18T14:33:28Z,2010,2010-01-01,2010-12-31
3638607,TOBACCO_MPOWER_R_INFLATIONADJUSTEDPRICES,COUNTRY,BFA,AFR,Africa,YEAR,2010,TOBACCO_INDICATOR,TOBACCO_INDICATOR_R_afford_inflation_adjusted_price_lcu,,,,,,,692.71,692.71,,,,2025-08-18T14:33:28Z,2010,2010-01-01,2010-12-31
3639206,TOBACCO_MPOWER_R_INFLATIONADJUSTEDPRICES,COUNTRY,BDI,AFR,Africa,YEAR,2016,TOBACCO_INDICATOR,TOBACCO_INDICATOR_R_afford_inflation_adjusted_price_ppp,,,,,,,3.66,3.66,,,,2025-08-18T14:33:28Z,2016,2016-01-01,2016-12-31
3643650,TOBACCO_MPOWER_R_INFLATIONADJUSTEDPRICES,COUNTRY,SEN,AFR,Africa,YEAR,2008,TOBACCO_INDICATOR,TOBACCO_INDICATOR_R_afford_inflation_adjusted_price_ppp,,,,,,,2.31,2.31,,,,2025-08-18T14:33:28Z,2008,2008-01-01,2008-12-31
3649417,TOBACCO_MPOWER_R_INFLATIONADJUSTEDPRICES,COUNTRY,CIV,AFR,Africa,YEAR,2010,TOBACCO_INDICATOR,TOBACCO_INDICATOR_R_afford_inflation_adjusted_price_lcu,,,,,,,965.11,965.11,,,,2025-08-18T14:33:28Z,2010,2010-01-01,2010-12-31
3649754,TOBACCO_MPOWER_R_INFLATIONADJUSTEDPRICES,COUNTRY,FSM,WPR,Western Pacific,YEAR,2016,TOBACCO_INDICATOR,TOBACCO_INDICATOR_R_afford_inflation_adjusted_price_lcu,,,,,,,3.12,3.12,,,,2025-08-18T14:33:28Z,2016,2016-01-01,2016-12-31
3649900,TOBACCO_MPOWER_R_INFLATIONADJUSTEDPRICES,COUNTRY,CAF,AFR,Africa,YEAR,2008,TOBACCO_INDICATOR,TOBACCO_INDICATOR_R_afford_inflation_adjusted_price_lcu,,,,,,,566.49,566.49,,,,2025-08-18T14:33:28Z,2008,2008-01-01,2008-12-31
3650080,TOBACCO_MPOWER_R_INFLATIONADJUSTEDPRICES,COUNTRY,THA,SEAR,South-East Asia,YEAR,2010,TOBACCO_INDICATOR,TOBACCO_INDICATOR_R_afford_inflation_adjusted_price_lcu,,,,,,,71.09,71.09,,,,2025-08-18T14:33:28Z,2010,2010-01-01,2010-12-31
3652951,TOBACCO_MPOWER_R_INFLATIONADJUSTEDPRICES,COUNTRY,GMB,AFR,Africa,YEAR,2008,TOBACCO_INDICATOR,TOBACCO_INDICATOR_R_afford_inflation_adjusted_price_ppp,,,,,,,1.43,1.43,,,,2025-08-18T14:33:28Z,2008,2008-01-01,2008-12-31
3653082,TOBACCO_MPOWER_R_INFLATIONADJUSTEDPRICES,COUNTRY,GRD,AMR,Americas,YEAR,2008,TOBACCO_INDICATOR,TOBACCO_INDICATOR_R_afford_inflation_adjusted_price_ppp,,,,,,,5.11,5.11,,,,2025-08-18T14:33:28Z,2008,2008-01-01,2008-12-31
3654089,TOBACCO_MPOWER_R_INFLATIONADJUSTEDPRICES,COUNTRY,UKR,EUR,Europe,YEAR,2014,TOBACCO_INDICATOR,TOBACCO_INDICATOR_R_afford_inflation_adjusted_price_lcu,,,,,,,33.89,33.89,,,,2025-08-18T14:33:28Z,2014,2014-01-01,2014-12-31
3660550,TOBACCO_MPOWER_R_INFLATIONADJUSTEDPRICES,COUNTRY,ZMB,AFR,Africa,YEAR,2016,TOBACCO_INDICATOR,TOBACCO_INDICATOR_R_afford_inflation_adjusted_price_lcu,,,,,,,42.48,42.48,,,,2025-08-18T14:33:28Z,2016,2016-01-01,2016-12-31
3662405,TOBACCO_MPOWER_R_INFLATIONADJUSTEDPRICES,COUNTRY,NZL,WPR,Western Pacific,YEAR,2018,TOBACCO_INDICATOR,TOBACCO_INDICATOR_R_afford_inflation_adjusted_price_ppp,,,,,,,20.31,20.31,,,,2025-08-18T14:33:28Z,2018,2018-01-01,2018-12-31
3665812,TOBACCO_MPOWER_R_INFLATIONADJUSTEDPRICES,COUNTRY,MKD,EUR,Europe,YEAR,2018,TOBACCO_INDICATOR,TOBACCO_INDICATOR_R_afford_inflation_adjusted_price_lcu,,,,,,,107.43,107.43,,,,2025-08-18T14:33:28Z,2018,2018-01-01,2018-12-31
3670540,TOBACCO_MPOWER_R_INFLATIONADJUSTEDPRICES,COUNTRY,SGP,WPR,Western Pacific,YEAR,2022,TOBACCO_INDICATOR,TOBACCO_INDICATOR_R_afford_inflation_adjusted_price_ppp,,,,,,,17.62,17.62,,,,2025-08-18T14:33:28Z,2022,2022-01-01,2022-12-31
3675900,TOBACCO_MPOWER_R_INFLATIONADJUSTEDPRICES,COUNTRY,IRN,EMR,Eastern Mediterranean,YEAR,2008,TOBACCO_INDICATOR,TOBACCO_INDICATOR_R_afford_inflation_adjusted_price_lcu,,,,,,,166 295,166294.51,,,,2025-08-18T14:33:28Z,2008,2008-01-01,2008-12-31
3677527,TOBACCO_MPOWER_R_INFLATIONADJUSTEDPRICES,COUNTRY,CMR,AFR,Africa,YEAR,2024,TOBACCO_INDICATOR,TOBACCO_INDICATOR_R_afford_inflation_adjusted_price_ppp,,,,,,,4.07,4.07,,,,2025-08-18T14:33:28Z,2024,2024-01-01,2024-12-31
3686218,TOBACCO_MPOWER_R_INFLATIONADJUSTEDPRICES,COUNTRY,MAR,EMR,Eastern Mediterranean,YEAR,2018,TOBACCO_INDICATOR,TOBACCO_INDICATOR_R_afford_inflation_adjusted_price_lcu,,,,,,,23.95,23.95,,,,2025-08-18T14:33:28Z,2018,2018-01-01,2018-12-31
3689433,TOBACCO_MPOWER_R_INFLATIONADJUSTEDPRICES,COUNTRY,LCA,AMR,Americas,YEAR,2016,TOBACCO_INDICATOR,TOBACCO_INDICATOR_R_afford_inflation_adjusted_price_ppp,,,,,,,5.78,5.78,,,,2025-08-18T14:33:28Z,2016,2016-01-01,2016-12-31
3689673,TOBACCO_MPOWER_R_INFLATIONADJUSTEDPRICES,COUNTRY,TGO,AFR,Africa,YEAR,2008,TOBACCO_INDICATOR,TOBACCO_INDICATOR_R_afford_inflation_adjusted_price_ppp,,,,,,,2.16,2.16,,,,2025-08-18T14:33:28Z,2008,2008-01-01,2008-12-31
3690620,TOBACCO_MPOWER_R_INFLATIONADJUSTEDPRICES,COUNTRY,HTI,AMR,Americas,YEAR,2014,TOBACCO_INDICATOR,TOBACCO_INDICATOR_R_afford_inflation_adjusted_price_ppp,,,,,,,. . .,,,,,2025-08-18T14:33:28Z,2014,2014-01-01,2014-12-31
3693525,TOBACCO_MPOWER_R_INFLATIONADJUSTEDPRICES,COUNTRY,ISL,EUR,Europe,YEAR,2024,TOBACCO_INDICATOR,TOBACCO_INDICATOR_R_afford_inflation_adjusted_price_ppp,,,,,,,11.56,11.56,,,,2025-08-18T14:33:28Z,2024,2024-01-01,2024-12-31
3695677,TOBACCO_MPOWER_R_INFLATIONADJUSTEDPRICES,COUNTRY,BOL,AMR,Americas,YEAR,2014,TOBACCO_INDICATOR,TOBACCO_INDICATOR_R_afford_inflation_adjusted_price_ppp,,,,,,,4.75,4.75,,,,2025-08-18T14:33:28Z,2014,2014-01-01,2014-12-31
3698539,TOBACCO_MPOWER_R_INFLATIONADJUSTEDPRICES,COUNTRY,MNE,EUR,Europe,YEAR,2024,TOBACCO_INDICATOR,TOBACCO_INDICATOR_R_afford_inflation_adjusted_price_ppp,,,,,,,8.4,8.4,,,,2025-08-18T14:33:28Z,2024,2024-01-01,2024-12-31
3709432,TOBACCO_MPOWER_R_INFLATIONADJUSTEDPRICES,COUNTRY,DOM,AMR,Americas,YEAR,2022,TOBACCO_INDICATOR,TOBACCO_INDICATOR_R_afford_inflation_adjusted_price_ppp,,,,,,,15.16,15.16,,,,2025-08-18T14:33:28Z,2022,2022-01-01,2022-12-31
3711597,TOBACCO_MPOWER_R_INFLATIONADJUSTEDPRICES,COUNTRY,PRY,AMR,Americas,YEAR,2018,TOBACCO_INDICATOR,TOBACCO_INDICATOR_R_afford_inflation_adjusted_price_ppp,,,,,,,0.98,0.98,,,,2025-08-18T14:33:28Z,2018,2018-01-01,2018-12-31
3716058,TOBACCO_MPOWER_R_INFLATIONADJUSTEDPRICES,COUNTRY,IRQ,EMR,Eastern Mediterranean,YEAR,2024,TOBACCO_INDICATOR,TOBACCO_INDICATOR_R_afford_inflation_adjusted_price_ppp,,,,,,,3.79,3.79,,,,2025-08-18T14:33:28Z,2024,2024-01-01,2024-12-31
3716171,TOBACCO_MPOWER_R_INFLATIONADJUSTEDPRICES,COUNTRY,MNE,EUR,Europe,YEAR,2012,TOBACCO_INDICATOR,TOBACCO_INDICATOR_R_afford_inflation_adjusted_price_ppp,,,,,,,4.18,4.18,,,,2025-08-18T14:33:28Z,2012,2012-01-01,2012-12-31
3721672,TOBACCO_MPOWER_R_INFLATIONADJUSTEDPRICES,COUNTRY,HRV,EUR,Europe,YEAR,2016,TOBACCO_INDICATOR,TOBACCO_INDICATOR_R_afford_inflation_adjusted_price_ppp,,,,,,,9.28,9.28,,,,2025-08-18T14:33:28Z,2016,2016-01-01,2016-12-31
3737779,TOBACCO_MPOWER_R_INFLATIONADJUSTEDPRICES,COUNTRY,ISR,EUR,Europe,YEAR,2016,TOBACCO_INDICATOR,TOBACCO_INDICATOR_R_afford_inflation_adjusted_price_ppp,,,,,,,12.18,12.18,,,,2025-08-18T14:33:28Z,2016,2016-01-01,2016-12-31
3738095,TOBACCO_MPOWER_R_INFLATIONADJUSTEDPRICES,COUNTRY,SVK,EUR,Europe,YEAR,2022,TOBACCO_INDICATOR,TOBACCO_INDICATOR_R_afford_inflation_adjusted_price_lcu,,,,,,,4.92,4.92,,,,2025-08-18T14:33:28Z,2022,2022-01-01,2022-12-31
3741066,TOBACCO_MPOWER_R_INFLATIONADJUSTEDPRICES,COUNTRY,ZMB,AFR,Africa,YEAR,2010,TOBACCO_INDICATOR,TOBACCO_INDICATOR_R_afford_inflation_adjusted_price_lcu,,,,,,,34.66,34.66,,,,2025-08-18T14:33:28Z,2010,2010-01-01,2010-12-31
3741655,TOBACCO_MPOWER_R_INFLATIONADJUSTEDPRICES,COUNTRY,HTI,AMR,Americas,YEAR,2016,TOBACCO_INDICATOR,TOBACCO_INDICATOR_R_afford_inflation_adjusted_price_ppp,,,,,,,4.48,4.48,,,,2025-08-18T14:33:28Z,2016,2016-01-01,2016-12-31
3746277,TOBACCO_MPOWER_R_INFLATIONADJUSTEDPRICES,COUNTRY,TON,WPR,Western Pacific,YEAR,2014,TOBACCO_INDICATOR,TOBACCO_INDICATOR_R_afford_inflation_adjusted_price_ppp,,,,,,,7.11,7.11,,,,2025-08-18T14:33:28Z,2014,2014-01-01,2014-12-31
3746501,TOBACCO_MPOWER_R_INFLATIONADJUSTEDPRICES,COUNTRY,PRK,SEAR,South-East Asia,YEAR,2018,TOBACCO_INDICATOR,TOBACCO_INDICATOR_R_afford_inflation_adjusted_price_ppp,,,,,,,. . .,,,,,2025-08-18T14:33:28Z,2018,2018-01-01,2018-12-31
3747794,TOBACCO_MPOWER_R_INFLATIONADJUSTEDPRICES,COUNTRY,GNQ,AFR,Africa,YEAR,2022,TOBACCO_INDICATOR,TOBACCO_INDICATOR_R_afford_inflation_adjusted_price_ppp,,,,,,,2.05,2.05,,,,2025-08-18T14:33:28Z,2022,2022-01-01,2022-12-31
3747920,TOBACCO_MPOWER_R_INFLATIONADJUSTEDPRICES,COUNTRY,ZAF,AFR,Africa,YEAR,2014,TOBACCO_INDICATOR,TOBACCO_INDICATOR_R_afford_inflation_adjusted_price_lcu,,,,,,,51.65,51.65,,,,2025-08-18T14:33:28Z,2014,2014-01-01,2014-12-31
3748003,TOBACCO_MPOWER_R_INFLATIONADJUSTEDPRICES,COUNTRY,ATG,AMR,Americas,YEAR,2008,TOBACCO_INDICATOR,TOBACCO_INDICATOR_R_afford_inflation_adjusted_price_lcu,,,,,,,9.52,9.52,,,,2025-08-18T14:33:28Z,2008,2008-01-01,2008-12-31
3750809,TOBACCO_MPOWER_R_INFLATIONADJUSTEDPRICES,COUNTRY,NRU,WPR,Western Pacific,YEAR,2020,TOBACCO_INDICATOR,TOBACCO_INDICATOR_R_afford_inflation_adjusted_price_ppp,,,,,,,12.36,12.36,,,,2025-08-18T14:33:28Z,2020,2020-01-01,2020-12-31
3761501,TOBACCO_MPOWER_R_INFLATIONADJUSTEDPRICES,COUNTRY,DJI,EMR,Eastern Mediterranean,YEAR,2008,TOBACCO_INDICATOR,TOBACCO_INDICATOR_R_afford_inflation_adjusted_price_ppp,,,,,,,2.86,2.86,,,,2025-08-18T14:33:28Z,2008,2008-01-01,2008-12-31
3761762,TOBACCO_MPOWER_R_INFLATIONADJUSTEDPRICES,COUNTRY,LBR,AFR,Africa,YEAR,2018,TOBACCO_INDICATOR,TOBACCO_INDICATOR_R_afford_inflation_adjusted_price_ppp,,,,,,,2.65,2.65,,,,2025-08-18T14:33:28Z,2018,2018-01-01,2018-12-31
3762370,TOBACCO_MPOWER_R_INFLATIONADJUSTEDPRICES,COUNTRY,QAT,EMR,Eastern Mediterranean,YEAR,2012,TOBACCO_INDICATOR,TOBACCO_INDICATOR_R_afford_inflation_adjusted_price_ppp,,,,,,,3.6,3.6,,,,2025-08-18T14:33:28Z,2012,2012-01-01,2012-12-31
3763295,TOBACCO_MPOWER_R_INFLATIONADJUSTEDPRICES,COUNTRY,MEX,AMR,Americas,YEAR,2014,TOBACCO_INDICATOR,TOBACCO_INDICATOR_R_afford_inflation_adjusted_price_ppp,,,,,,,7.53,7.53,,,,2025-08-18T14:33:28Z,2014,2014-01-01,2014-12-31
3767518,TOBACCO_MPOWER_R_INFLATIONADJUSTEDPRICES,COUNTRY,SOM,EMR,Eastern Mediterranean,YEAR,2012,TOBACCO_INDICATOR,TOBACCO_INDICATOR_R_afford_inflation_adjusted_price_lcu,,,,,,,20 211,20211.1,,,,2025-08-18T14:33:28Z,2012,2012-01-01,2012-12-31
3768049,TOBACCO_MPOWER_R_INFLATIONADJUSTEDPRICES,COUNTRY,TUN,EMR,Eastern Mediterranean,YEAR,2010,TOBACCO_INDICATOR,TOBACCO_INDICATOR_R_afford_inflation_adjusted_price_ppp,,,,,,,4.33,4.33,,,,2025-08-18T14:33:28Z,2010,2010-01-01,2010-12-31
3768780,TOBACCO_MPOWER_R_INFLATIONADJUSTEDPRICES,COUNTRY,BDI,AFR,Africa,YEAR,2014,TOBACCO_INDICATOR,TOBACCO_INDICATOR_R_afford_inflation_adjusted_price_ppp,,,,,,,4.46,4.46,,,,2025-08-18T14:33:28Z,2014,2014-01-01,2014-12-31
3769782,TOBACCO_MPOWER_R_INFLATIONADJUSTEDPRICES,COUNTRY,BGD,SEAR,South-East Asia,YEAR,2018,TOBACCO_INDICATOR,TOBACCO_INDICATOR_R_afford_inflation_adjusted_price_lcu,,,,,,,119.49,119.49,,,,2025-08-18T14:33:28Z,2018,2018-01-01,2018-12-31
3774724,TOBACCO_MPOWER_R_INFLATIONADJUSTEDPRICES,COUNTRY,STP,AFR,Africa,YEAR,2008,TOBACCO_INDICATOR,TOBACCO_INDICATOR_R_afford_inflation_adjusted_price_lcu,,,,,,,103.53,103.53,,,,2025-08-18T14:33:28Z,2008,2008-01-01,2008-12-31
3775311,TOBACCO_MPOWER_R_INFLATIONADJUSTEDPRICES,COUNTRY,BTN,SEAR,South-East Asia,YEAR,2012,TOBACCO_INDICATOR,TOBACCO_INDICATOR_R_afford_inflation_adjusted_price_lcu,,,,,,,. . .,,,,,2025-08-18T14:33:28Z,2012,2012-01-01,2012-12-31
3782157,TOBACCO_MPOWER_R_INFLATIONADJUSTEDPRICES,COUNTRY,PER,AMR,Americas,YEAR,2010,TOBACCO_INDICATOR,TOBACCO_INDICATOR_R_afford_inflation_adjusted_price_ppp,,,,,,,4.14,4.14,,,,2025-08-18T14:33:28Z,2010,2010-01-01,2010-12-31
3787860,TOBACCO_MPOWER_R_INFLATIONADJUSTEDPRICES,COUNTRY,BLR,EUR,Europe,YEAR,2014,TOBACCO_INDICATOR,TOBACCO_INDICATOR_R_afford_inflation_adjusted_price_lcu,,,,,,,1.55,1.55,,,,2025-08-18T14:33:28Z,2014,2014-01-01,2014-12-31
3790466,TOBACCO_MPOWER_R_INFLATIONADJUSTEDPRICES,COUNTRY,ETH,AFR,Africa,YEAR,2022,TOBACCO_INDICATOR,TOBACCO_INDICATOR_R_afford_inflation_adjusted_price_lcu,,,,,,,63.41,63.41,,,,2025-08-18T14:33:28Z,2022,2022-01-01,2022-12-31
3791615,TOBACCO_MPOWER_R_INFLATIONADJUSTEDPRICES,COUNTRY,PRK,SEAR,South-East Asia,YEAR,2016,TOBACCO_INDICATOR,TOBACCO_INDICATOR_R_afford_inflation_adjusted_price_lcu,,,,,,,. . .,,,,,2025-08-18T14:33:28Z,2016,2016-01-01,2016-12-31
3798316,TOBACCO_MPOWER_R_INFLATIONADJUSTEDPRICES,COUNTRY,SRB,EUR,Europe,YEAR,2012,TOBACCO_INDICATOR,TOBACCO_INDICATOR_R_afford_inflation_adjusted_price_lcu,,,,,,,184.91,184.91,,,,2025-08-18T14:33:28Z,2012,2012-01-01,2012-12-31
3799539,TOBACCO_MPOWER_R_INFLATIONADJUSTEDPRICES,COUNTRY,GHA,AFR,Africa,YEAR,2010,TOBACCO_INDICATOR,TOBACCO_INDICATOR_R_afford_inflation_adjusted_price_ppp,,,,,,,3.96,3.96,,,,2025-08-18T14:33:28Z,2010,2010-01-01,2010-12-31
3803116,TOBACCO_MPOWER_R_INFLATIONADJUSTEDPRICES,COUNTRY,BRA,AMR,Americas,YEAR,2016,TOBACCO_INDICATOR,TOBACCO_INDICATOR_R_afford_inflation_adjusted_price_lcu,,,,,,,9.26,9.26,,,,2025-08-18T14:33:28Z,2016,2016-01-01,2016-12-31
3803696,TOBACCO_MPOWER_R_INFLATIONADJUSTEDPRICES,COUNTRY,SLB,WPR,Western Pacific,YEAR,2022,TOBACCO_INDICATOR,TOBACCO_INDICATOR_R_afford_inflation_adjusted_price_ppp,,,,,,,4.94,4.94,,,,2025-08-18T14:33:28Z,2022,2022-01-01,2022-12-31
3804289,TOBACCO_MPOWER_R_INFLATIONADJUSTEDPRICES,COUNTRY,KEN,AFR,Africa,YEAR,2008,TOBACCO_INDICATOR,TOBACCO_INDICATOR_R_afford_inflation_adjusted_price_ppp,,,,,,,4.89,4.89,,,,2025-08-18T14:33:28Z,2008,2008-01-01,2008-12-31
3804341,TOBACCO_MPOWER_R_INFLATIONADJUSTEDPRICES,COUNTRY,EST,EUR,Europe,YEAR,2018,TOBACCO_INDICATOR,TOBACCO_INDICATOR_R_afford_inflation_adjusted_price_ppp,,,,,,,8.11,8.11,,,,2025-08-18T14:33:28Z,2018,2018-01-01,2018-12-31
3807106,TOBACCO_MPOWER_R_INFLATIONADJUSTEDPRICES,COUNTRY,SLE,AFR,Africa,YEAR,2012,TOBACCO_INDICATOR,TOBACCO_INDICATOR_R_afford_inflation_adjusted_price_lcu,,,,,,,15.12,15.12,,,,2025-08-18T14:33:28Z,2012,2012-01-01,2012-12-31
3808491,TOBACCO_MPOWER_R_INFLATIONADJUSTEDPRICES,COUNTRY,TCD,AFR,Africa,YEAR,2024,TOBACCO_INDICATOR,TOBACCO_INDICATOR_R_afford_inflation_adjusted_price_lcu,,,,,,,500,500,,,,2025-08-18T14:33:28Z,2024,2024-01-01,2024-12-31
3816031,TOBACCO_MPOWER_R_INFLATIONADJUSTEDPRICES,COUNTRY,GIN,AFR,Africa,YEAR,2016,TOBACCO_INDICATOR,TOBACCO_INDICATOR_R_afford_inflation_adjusted_price_lcu,,,,,,,7352.27,7352.27,,,,2025-08-18T14:33:28Z,2016,2016-01-01,2016-12-31
3817782,TOBACCO_MPOWER_R_INFLATIONADJUSTEDPRICES,COUNTRY,NRU,WPR,Western Pacific,YEAR,2016,TOBACCO_INDICATOR,TOBACCO_INDICATOR_R_afford_inflation_adjusted_price_lcu,,,,,,,14.72,14.72,,,,2025-08-18T14:33:28Z,2016,2016-01-01,2016-12-31
3822325,TOBACCO_MPOWER_R_INFLATIONADJUSTEDPRICES,COUNTRY,GAB,AFR,Africa,YEAR,2014,TOBACCO_INDICATOR,TOBACCO_INDICATOR_R_afford_inflation_adjusted_price_ppp,,,,,,,4.26,4.26,,,,2025-08-18T14:33:28Z,2014,2014-01-01,2014-12-31
3827330,TOBACCO_MPOWER_R_INFLATIONADJUSTEDPRICES,COUNTRY,GRD,AMR,Americas,YEAR,2016,TOBACCO_INDICATOR,TOBACCO_INDICATOR_R_afford_inflation_adjusted_price_lcu,,,,,,,9.45,9.45,,,,2025-08-18T14:33:28Z,2016,2016-01-01,2016-12-31
3827898,TOBACCO_MPOWER_R_INFLATIONADJUSTEDPRICES,COUNTRY,BDI,AFR,Africa,YEAR,2024,TOBACCO_INDICATOR,TOBACCO_INDICATOR_R_afford_inflation_adjusted_price_ppp,,,,,,,2.93,2.93,,,,2025-08-18T14:33:28Z,2024,2024-01-01,2024-12-31
3828549,TOBACCO_MPOWER_R_INFLATIONADJUSTEDPRICES,COUNTRY,ARM,EUR,Europe,YEAR,2016,TOBACCO_INDICATOR,TOBACCO_INDICATOR_R_afford_inflation_adjusted_price_lcu,,,,,,,759.6,759.6,,,,2025-08-18T14:33:28Z,2016,2016-01-01,2016-12-31
3832849,TOBACCO_MPOWER_R_INFLATIONADJUSTEDPRICES,COUNTRY,JAM,AMR,Americas,YEAR,2022,TOBACCO_INDICATOR,TOBACCO_INDICATOR_R_afford_inflation_adjusted_price_lcu,,,,,,,1573.29,1573.29,,,Data not validated by the national authorities.,2025-08-18T14:33:28Z,2022,2022-01-01,2022-12-31
3839969,TOBACCO_MPOWER_R_INFLATIONADJUSTEDPRICES,COUNTRY,GNQ,AFR,Africa,YEAR,2014,TOBACCO_INDICATOR,TOBACCO_INDICATOR_R_afford_inflation_adjusted_price_lcu,,,,,,,618.65,618.65,,,,2025-08-18T14:33:28Z,2014,2014-01-01,2014-12-31
3843667,TOBACCO_MPOWER_R_INFLATIONADJUSTEDPRICES,COUNTRY,AGO,AFR,Africa,YEAR,2018,TOBACCO_INDICATOR,TOBACCO_INDICATOR_R_afford_inflation_adjusted_price_lcu,,,,,,,1432.83,1432.83,,,,2025-08-18T14:33:28Z,2018,2018-01-01,2018-12-31
3847975,TOBACCO_MPOWER_R_INFLATIONADJUSTEDPRICES,COUNTRY,ARG,AMR,Americas,YEAR,2012,TOBACCO_INDICATOR,TOBACCO_INDICATOR_R_afford_inflation_adjusted_price_ppp,,,,,,,3.87,3.87,,,,2025-08-18T14:33:28Z,2012,2012-01-01,2012-12-31
3848741,TOBACCO_MPOWER_R_INFLATIONADJUSTEDPRICES,COUNTRY,MUS,AFR,Africa,YEAR,2010,TOBACCO_INDICATOR,TOBACCO_INDICATOR_R_afford_inflation_adjusted_price_ppp,,,,,,,6.84,6.84,,,,2025-08-18T14:33:28Z,2010,2010-01-01,2010-12-31
3849153,TOBACCO_MPOWER_R_INFLATIONADJUSTEDPRICES,COUNTRY,SYR,EMR,Eastern Mediterranean,YEAR,2008,TOBACCO_INDICATOR,TOBACCO_INDICATOR_R_afford_inflation_adjusted_price_lcu,,,,,,,. . .,,,,,2025-08-18T14:33:28Z,2008,2008-01-01,2008-12-31
3849677,TOBACCO_MPOWER_R_INFLATIONADJUSTEDPRICES,COUNTRY,BEN,AFR,Africa,YEAR,2022,TOBACCO_INDICATOR,TOBACCO_INDICATOR_R_afford_inflation_adjusted_price_lcu,,,,,,,519.64,519.64,,,,2025-08-18T14:33:28Z,2022,2022-01-01,2022-12-31
3851194,TOBACCO_MPOWER_R_INFLATIONADJUSTEDPRICES,COUNTRY,CUB,AMR,Americas,YEAR,2012,TOBACCO_INDICATOR,TOBACCO_INDICATOR_R_afford_inflation_adjusted_price_lcu,,,,,,,. . .,,,,,2025-08-18T14:33:28Z,2012,2012-01-01,2012-12-31
3853480,TOBACCO_MPOWER_R_INFLATIONADJUSTEDPRICES,COUNTRY,IRN,EMR,Eastern Mediterranean,YEAR,2008,TOBACCO_INDICATOR,TOBACCO_INDICATOR_R_afford_inflation_adjusted_price_ppp,,,,,,,1.59,1.59,,,,2025-08-18T14:33:28Z,2008,2008-01-01,2008-12-31
3855297,TOBACCO_MPOWER_R_INFLATIONADJUSTEDPRICES,COUNTRY,CRI,AMR,Americas,YEAR,2018,TOBACCO_INDICATOR,TOBACCO_INDICATOR_R_afford_inflation_adjusted_price_lcu,,,,,,,2154.49,2154.49,,,,2025-08-18T14:33:28Z,2018,2018-01-01,2018-12-31
3861351,TOBACCO_MPOWER_R_INFLATIONADJUSTEDPRICES,COUNTRY,SVN,EUR,Europe,YEAR,2010,TOBACCO_INDICATOR,TOBACCO_INDICATOR_R_afford_inflation_adjusted_price_ppp,,,,,,,6.04,6.04,,,,2025-08-18T14:33:28Z,2010,2010-01-01,2010-12-31
3862105,TOBACCO_MPOWER_R_INFLATIONADJUSTEDPRICES,COUNTRY,GEO,EUR,Europe,YEAR,2022,TOBACCO_INDICATOR,TOBACCO_INDICATOR_R_afford_inflation_adjusted_price_lcu,,,,,,,6.42,6.42,,,,2025-08-18T14:33:28Z,2022,2022-01-01,2022-12-31
3862951,TOBACCO_MPOWER_R_INFLATIONADJUSTEDPRICES,COUNTRY,AZE,EUR,Europe,YEAR,2008,TOBACCO_INDICATOR,TOBACCO_INDICATOR_R_afford_inflation_adjusted_price_lcu,,,,,,,1.64,1.64,,,,2025-08-18T14:33:28Z,2008,2008-01-01,2008-12-31
3865584,TOBACCO_MPOWER_R_INFLATIONADJUSTEDPRICES,COUNTRY,CPV,AFR,Africa,YEAR,2022,TOBACCO_INDICATOR,TOBACCO_INDICATOR_R_afford_inflation_adjusted_price_lcu,,,,,,,314.26,314.26,,,,2025-08-18T14:33:28Z,2022,2022-01-01,2022-12-31
3882477,TOBACCO_MPOWER_R_INFLATIONADJUSTEDPRICES,COUNTRY,KAZ,EUR,Europe,YEAR,2012,TOBACCO_INDICATOR,TOBACCO_INDICATOR_R_afford_inflation_adjusted_price_ppp,,,,,,,2.04,2.04,,,,2025-08-18T14:33:28Z,2012,2012-01-01,2012-12-31
3887826,TOBACCO_MPOWER_R_INFLATIONADJUSTEDPRICES,COUNTRY,CIV,AFR,Africa,YEAR,2008,TOBACCO_INDICATOR,TOBACCO_INDICATOR_R_afford_inflation_adjusted_price_lcu,,,,,,,987.1,987.1,,,,2025-08-18T14:33:28Z,2008,2008-01-01,2008-12-31
3888720,TOBACCO_MPOWER_R_INFLATIONADJUSTEDPRICES,COUNTRY,AZE,EUR,Europe,YEAR,2012,TOBACCO_INDICATOR,TOBACCO_INDICATOR_R_afford_inflation_adjusted_price_ppp,,,,,,,3.38,3.38,,,,2025-08-18T14:33:28Z,2012,2012-01-01,2012-12-31
3892359,TOBACCO_MPOWER_R_INFLATIONADJUSTEDPRICES,COUNTRY,CPV,AFR,Africa,YEAR,2022,TOBACCO_INDICATOR,TOBACCO_INDICATOR_R_afford_inflation_adjusted_price_ppp,,,,,,,6.65,6.65,,,,2025-08-18T14:33:28Z,2022,2022-01-01,2022-12-31
3892985,TOBACCO_MPOWER_R_INFLATIONADJUSTEDPRICES,COUNTRY,JAM,AMR,Americas,YEAR,2020,TOBACCO_INDICATOR,TOBACCO_INDICATOR_R_afford_inflation_adjusted_price_ppp,,,,,,,19.12,19.12,,,Data not validated by the national authorities.,2025-08-18T14:33:28Z,2020,2020-01-01,2020-12-31
3899259,TOBACCO_MPOWER_R_INFLATIONADJUSTEDPRICES,COUNTRY,AUT,EUR,Europe,YEAR,2022,TOBACCO_INDICATOR,TOBACCO_INDICATOR_R_afford_inflation_adjusted_price_ppp,,,,,,,9.22,9.22,,,,2025-08-18T14:33:28Z,2022,2022-01-01,2022-12-31
3906633,TOBACCO_MPOWER_R_INFLATIONADJUSTEDPRICES,COUNTRY,OMN,EMR,Eastern Mediterranean,YEAR,2024,TOBACCO_INDICATOR,TOBACCO_INDICATOR_R_afford_inflation_adjusted_price_lcu,,,,,,,2.4,2.4,,,,2025-08-18T14:33:28Z,2024,2024-01-01,2024-12-31
3910015,TOBACCO_MPOWER_R_INFLATIONADJUSTEDPRICES,COUNTRY,GRD,AMR,Americas,YEAR,2022,TOBACCO_INDICATOR,TOBACCO_INDICATOR_R_afford_inflation_adjusted_price_lcu,,,,,,,8.33,8.33,,,,2025-08-18T14:33:28Z,2022,2022-01-01,2022-12-31
3910635,TOBACCO_MPOWER_R_INFLATIONADJUSTEDPRICES,COUNTRY,MHL,WPR,Western Pacific,YEAR,2014,TOBACCO_INDICATOR,TOBACCO_INDICATOR_R_afford_inflation_adjusted_price_lcu,,,,,,,2.45,2.45,,,,2025-08-18T14:33:28Z,2014,2014-01-01,2014-12-31
3913226,TOBACCO_MPOWER_R_INFLATIONADJUSTEDPRICES,COUNTRY,BFA,AFR,Africa,YEAR,2024,TOBACCO_INDICATOR,TOBACCO_INDICATOR_R_afford_inflation_adjusted_price_ppp,,,,,,,4.68,4.68,,,,2025-08-18T14:33:28Z,2024,2024-01-01,2024-12-31
3915262,TOBACCO_MPOWER_R_INFLATIONADJUSTEDPRICES,COUNTRY,KOR,WPR,Western Pacific,YEAR,2010,TOBACCO_INDICATOR,TOBACCO_INDICATOR_R_afford_inflation_adjusted_price_lcu,,,,,,,3304.87,3304.87,,,,2025-08-18T14:33:28Z,2010,2010-01-01,2010-12-31
3918448,TOBACCO_MPOWER_R_INFLATIONADJUSTEDPRICES,COUNTRY,PSE,EMR,Eastern Mediterranean,YEAR,2010,TOBACCO_INDICATOR,TOBACCO_INDICATOR_R_afford_inflation_adjusted_price_lcu,,,,,,,. . .,,,,,2025-08-18T14:33:28Z,2010,2010-01-01,2010-12-31
3919701,TOBACCO_MPOWER_R_INFLATIONADJUSTEDPRICES,COUNTRY,GEO,EUR,Europe,YEAR,2010,TOBACCO_INDICATOR,TOBACCO_INDICATOR_R_afford_inflation_adjusted_price_ppp,,,,,,,3.79,3.79,,,,2025-08-18T14:33:28Z,2010,2010-01-01,2010-12-31
3920863,TOBACCO_MPOWER_R_INFLATIONADJUSTEDPRICES,COUNTRY,RWA,AFR,Africa,YEAR,2008,TOBACCO_INDICATOR,TOBACCO_INDICATOR_R_afford_inflation_adjusted_price_ppp,,,,,,,3.05,3.05,,,,2025-08-18T14:33:28Z,2008,2008-01-01,2008-12-31
3922396,TOBACCO_MPOWER_R_INFLATIONADJUSTEDPRICES,COUNTRY,VUT,WPR,Western Pacific,YEAR,2014,TOBACCO_INDICATOR,TOBACCO_INDICATOR_R_afford_inflation_adjusted_price_lcu,,,,,,,1074.77,1074.77,,,,2025-08-18T14:33:28Z,2014,2014-01-01,2014-12-31
3923699,TOBACCO_MPOWER_R_INFLATIONADJUSTEDPRICES,COUNTRY,KAZ,EUR,Europe,YEAR,2020,TOBACCO_INDICATOR,TOBACCO_INDICATOR_R_afford_inflation_adjusted_price_ppp,,,,,,,4.27,4.27,,,,2025-08-18T14:33:28Z,2020,2020-01-01,2020-12-31
3926855,TOBACCO_MPOWER_R_INFLATIONADJUSTEDPRICES,COUNTRY,UZB,EUR,Europe,YEAR,2024,TOBACCO_INDICATOR,TOBACCO_INDICATOR_R_afford_inflation_adjusted_price_ppp,,,,,,,4.75,4.75,,,,2025-08-18T14:33:28Z,2024,2024-01-01,2024-12-31
3931216,TOBACCO_MPOWER_R_INFLATIONADJUSTEDPRICES,COUNTRY,FIN,EUR,Europe,YEAR,2012,TOBACCO_INDICATOR,TOBACCO_INDICATOR_R_afford_inflation_adjusted_price_lcu,,,,,,,6.06,6.06,,,,2025-08-18T14:33:28Z,2012,2012-01-01,2012-12-31
3931421,TOBACCO_MPOWER_R_INFLATIONADJUSTEDPRICES,COUNTRY,BWA,AFR,Africa,YEAR,2016,TOBACCO_INDICATOR,TOBACCO_INDICATOR_R_afford_inflation_adjusted_price_lcu,,,,,,,48.14,48.14,,,,2025-08-18T14:33:28Z,2016,2016-01-01,2016-12-31
3933871,TOBACCO_MPOWER_R_INFLATIONADJUSTEDPRICES,COUNTRY,ZWE,AFR,Africa,YEAR,2024,TOBACCO_INDICATOR,TOBACCO_INDICATOR_R_afford_inflation_adjusted_price_ppp,,,,,,,. . .,,,,,2025-08-18T14:33:28Z,2024,2024-01-01,2024-12-31
3934539,TOBACCO_MPOWER_R_INFLATIONADJUSTEDPRICES,COUNTRY,AFG,EMR,Eastern Mediterranean,YEAR,2012,TOBACCO_INDICATOR,TOBACCO_INDICATOR_R_afford_inflation_adjusted_price_lcu,,,,,,,. . .,,,,,2025-08-18T14:33:28Z,2012,2012-01-01,2012-12-31
3939706,TOBACCO_MPOWER_R_INFLATIONADJUSTEDPRICES,COUNTRY,JOR,EMR,Eastern Mediterranean,YEAR,2024,TOBACCO_INDICATOR,TOBACCO_INDICATOR_R_afford_inflation_adjusted_price_ppp,,,,,,,7.92,7.92,,,,2025-08-18T14:33:28Z,2024,2024-01-01,2024-12-31
3942517,TOBACCO_MPOWER_R_INFLATIONADJUSTEDPRICES,COUNTRY,ARE,EMR,Eastern Mediterranean,YEAR,2020,TOBACCO_INDICATOR,TOBACCO_INDICATOR_R_afford_inflation_adjusted_price_lcu,,,,,,,22.74,22.74,,,,2025-08-18T14:33:28Z,2020,2020-01-01,2020-12-31
3944319,TOBACCO_MPOWER_R_INFLATIONADJUSTEDPRICES,COUNTRY,LCA,AMR,Americas,YEAR,2010,TOBACCO_INDICATOR,TOBACCO_INDICATOR_R_afford_inflation_adjusted_price_lcu,,,,,,,8.03,8.03,,,,2025-08-18T14:33:28Z,2010,2010-01-01,2010-12-31
3945354,TOBACCO_MPOWER_R_INFLATIONADJUSTEDPRICES,COUNTRY,BIH,EUR,Europe,YEAR,2022,TOBACCO_INDICATOR,TOBACCO_INDICATOR_R_afford_inflation_adjusted_price_ppp,,,,,,,9.47,9.47,,,,2025-08-18T14:33:28Z,2022,2022-01-01,2022-12-31
4156,TOBACCO_MPOWER_R_INFLATIONADJUSTEDPRICES,COUNTRY,ARE,EMR,Eastern Mediterranean,YEAR,2014,TOBACCO_INDICATOR,TOBACCO_INDICATOR_R_afford_inflation_adjusted_price_lcu,,,,,,,11.56,11.56,,,,2025-08-18T14:33:28Z,2014,2014-01-01,2014-12-31
4915,TOBACCO_MPOWER_R_INFLATIONADJUSTEDPRICES,COUNTRY,IDN,WPR,Western Pacific,YEAR,2016,TOBACCO_INDICATOR,TOBACCO_INDICATOR_R_afford_inflation_adjusted_price_ppp,,,,,,,6.1,6.1,,,,2025-08-18T14:33:28Z,2016,2016-01-01,2016-12-31
8298,TOBACCO_MPOWER_R_INFLATIONADJUSTEDPRICES,COUNTRY,ETH,AFR,Africa,YEAR,2014,TOBACCO_INDICATOR,TOBACCO_INDICATOR_R_afford_inflation_adjusted_price_lcu,,,,,,,82.86,82.86,,,,2025-08-18T14:33:28Z,2014,2014-01-01,2014-12-31
8431,TOBACCO_MPOWER_R_INFLATIONADJUSTEDPRICES,COUNTRY,DMA,AMR,Americas,YEAR,2020,TOBACCO_INDICATOR,TOBACCO_INDICATOR_R_afford_inflation_adjusted_price_lcu,,,,,,,5.81,5.81,,,,2025-08-18T14:33:28Z,2020,2020-01-01,2020-12-31
11309,TOBACCO_MPOWER_R_INFLATIONADJUSTEDPRICES,COUNTRY,POL,EUR,Europe,YEAR,2024,TOBACCO_INDICATOR,TOBACCO_INDICATOR_R_afford_inflation_adjusted_price_lcu,,,,,,,19.5,19.5,,,,2025-08-18T14:33:28Z,2024,2024-01-01,2024-12-31
13726,TOBACCO_MPOWER_R_INFLATIONADJUSTEDPRICES,COUNTRY,UGA,AFR,Africa,YEAR,2024,TOBACCO_INDICATOR,TOBACCO_INDICATOR_R_afford_inflation_adjusted_price_lcu,,,,,,,5000,5000,,,,2025-08-18T14:33:28Z,2024,2024-01-01,2024-12-31
15755,TOBACCO_MPOWER_R_INFLATIONADJUSTEDPRICES,COUNTRY,GNB,AFR,Africa,YEAR,2016,TOBACCO_INDICATOR,TOBACCO_INDICATOR_R_afford_inflation_adjusted_price_ppp,,,,,,,3.24,3.24,,,,2025-08-18T14:33:28Z,2016,2016-01-01,2016-12-31
17888,TOBACCO_MPOWER_R_INFLATIONADJUSTEDPRICES,COUNTRY,MKD,EUR,Europe,YEAR,2010,TOBACCO_INDICATOR,TOBACCO_INDICATOR_R_afford_inflation_adjusted_price_ppp,,,,,,,4.31,4.31,,,,2025-08-18T14:33:28Z,2010,2010-01-01,2010-12-31
22749,TOBACCO_MPOWER_R_INFLATIONADJUSTEDPRICES,COUNTRY,JAM,AMR,Americas,YEAR,2008,TOBACCO_INDICATOR,TOBACCO_INDICATOR_R_afford_inflation_adjusted_price_ppp,,,,,,,14.42,14.42,,,Data not validated by the national authorities.,2025-08-18T14:33:28Z,2008,2008-01-01,2008-12-31
31443,TOBACCO_MPOWER_R_INFLATIONADJUSTEDPRICES,COUNTRY,PRT,EUR,Europe,YEAR,2018,TOBACCO_INDICATOR,TOBACCO_INDICATOR_R_afford_inflation_adjusted_price_lcu,,,,,,,5.91,5.91,,,,2025-08-18T14:33:28Z,2018,2018-01-01,2018-12-31
32246,TOBACCO_MPOWER_R_INFLATIONADJUSTEDPRICES,COUNTRY,GRC,EUR,Europe,YEAR,2020,TOBACCO_INDICATOR,TOBACCO_INDICATOR_R_afford_inflation_adjusted_price_lcu,,,,,,,5.42,5.42,,,,2025-08-18T14:33:28Z,2020,2020-01-01,2020-12-31
35058,TOBACCO_MPOWER_R_INFLATIONADJUSTEDPRICES,COUNTRY,ISR,EUR,Europe,YEAR,2014,TOBACCO_INDICATOR,TOBACCO_INDICATOR_R_afford_inflation_adjusted_price_ppp,,,,,,,10.5,10.5,,,,2025-08-18T14:33:28Z,2014,2014-01-01,2014-12-31
37017,TOBACCO_MPOWER_R_INFLATIONADJUSTEDPRICES,COUNTRY,MNE,EUR,Europe,YEAR,2022,TOBACCO_INDICATOR,TOBACCO_INDICATOR_R_afford_inflation_adjusted_price_lcu,,,,,,,3.03,3.03,,,,2025-08-18T14:33:28Z,2022,2022-01-01,2022-12-31
37653,TOBACCO_MPOWER_R_INFLATIONADJUSTEDPRICES,COUNTRY,AUS,WPR,Western Pacific,YEAR,2012,TOBACCO_INDICATOR,TOBACCO_INDICATOR_R_afford_inflation_adjusted_price_ppp,,,,,,,12.37,12.37,,,,2025-08-18T14:33:28Z,2012,2012-01-01,2012-12-31
42459,TOBACCO_MPOWER_R_INFLATIONADJUSTEDPRICES,COUNTRY,CHL,AMR,Americas,YEAR,2024,TOBACCO_INDICATOR,TOBACCO_INDICATOR_R_afford_inflation_adjusted_price_ppp,,,,,,,8.16,8.16,,,,2025-08-18T14:33:28Z,2024,2024-01-01,2024-12-31
46813,TOBACCO_MPOWER_R_INFLATIONADJUSTEDPRICES,COUNTRY,MDG,AFR,Africa,YEAR,2024,TOBACCO_INDICATOR,TOBACCO_INDICATOR_R_afford_inflation_adjusted_price_ppp,,,,,,,3.82,3.82,,,,2025-08-18T14:33:28Z,2024,2024-01-01,2024-12-31
48679,TOBACCO_MPOWER_R_INFLATIONADJUSTEDPRICES,COUNTRY,RUS,EUR,Europe,YEAR,2024,TOBACCO_INDICATOR,TOBACCO_INDICATOR_R_afford_inflation_adjusted_price_lcu,,,,,,,233,233,,,,2025-08-18T14:33:28Z,2024,2024-01-01,2024-12-31
51375,TOBACCO_MPOWER_R_INFLATIONADJUSTEDPRICES,COUNTRY,SLB,WPR,Western Pacific,YEAR,2022,TOBACCO_INDICATOR,TOBACCO_INDICATOR_R_afford_inflation_adjusted_price_lcu,,,,,,,35.05,35.05,,,,2025-08-18T14:33:28Z,2022,2022-01-01,2022-12-31
52345,TOBACCO_MPOWER_R_INFLATIONADJUSTEDPRICES,COUNTRY,TKM,EUR,Europe,YEAR,2020,TOBACCO_INDICATOR,TOBACCO_INDICATOR_R_afford_inflation_adjusted_price_lcu,,,,,,,41.11,41.11,,,,2025-08-18T14:33:28Z,2020,2020-01-01,2020-12-31
54796,TOBACCO_MPOWER_R_INFLATIONADJUSTEDPRICES,COUNTRY,BRB,AMR,Americas,YEAR,2008,TOBACCO_INDICATOR,TOBACCO_INDICATOR_R_afford_inflation_adjusted_price_lcu,,,,,,,17.53,17.53,,,,2025-08-18T14:33:28Z,2008,2008-01-01,2008-12-31
57913,TOBACCO_MPOWER_R_INFLATIONADJUSTEDPRICES,COUNTRY,IND,SEAR,South-East Asia,YEAR,2016,TOBACCO_INDICATOR,TOBACCO_INDICATOR_R_afford_inflation_adjusted_price_ppp,,,,,,,10.31,10.31,,,,2025-08-18T14:33:28Z,2016,2016-01-01,2016-12-31
58302,TOBACCO_MPOWER_R_INFLATIONADJUSTEDPRICES,COUNTRY,YEM,EMR,Eastern Mediterranean,YEAR,2024,TOBACCO_INDICATOR,TOBACCO_INDICATOR_R_afford_inflation_adjusted_price_lcu,,,,,,,1680,1680,,,,2025-08-18T14:33:28Z,2024,2024-01-01,2024-12-31
59576,TOBACCO_MPOWER_R_INFLATIONADJUSTEDPRICES,COUNTRY,MRT,AFR,Africa,YEAR,2008,TOBACCO_INDICATOR,TOBACCO_INDICATOR_R_afford_inflation_adjusted_price_lcu,,,,,,,62.38,62.38,,,,2025-08-18T14:33:28Z,2008,2008-01-01,2008-12-31
60091,TOBACCO_MPOWER_R_INFLATIONADJUSTEDPRICES,COUNTRY,FRA,EUR,Europe,YEAR,2010,TOBACCO_INDICATOR,TOBACCO_INDICATOR_R_afford_inflation_adjusted_price_lcu,,,,,,,7.34,7.34,,,,2025-08-18T14:33:28Z,2010,2010-01-01,2010-12-31
64224,TOBACCO_MPOWER_R_INFLATIONADJUSTEDPRICES,COUNTRY,CIV,AFR,Africa,YEAR,2014,TOBACCO_INDICATOR,TOBACCO_INDICATOR_R_afford_inflation_adjusted_price_lcu,,,,,,,881.07,881.07,,,,2025-08-18T14:33:28Z,2014,2014-01-01,2014-12-31
68638,TOBACCO_MPOWER_R_INFLATIONADJUSTEDPRICES,COUNTRY,BGD,SEAR,South-East Asia,YEAR,2020,TOBACCO_INDICATOR,TOBACCO_INDICATOR_R_afford_inflation_adjusted_price_lcu,,,,,,,127.34,127.34,,,,2025-08-18T14:33:28Z,2020,2020-01-01,2020-12-31
71920,TOBACCO_MPOWER_R_INFLATIONADJUSTEDPRICES,COUNTRY,IND,SEAR,South-East Asia,YEAR,2008,TOBACCO_INDICATOR,TOBACCO_INDICATOR_R_afford_inflation_adjusted_price_ppp,,,,,,,6.08,6.08,,,,2025-08-18T14:33:28Z,2008,2008-01-01,2008-12-31
75556,TOBACCO_MPOWER_R_INFLATIONADJUSTEDPRICES,COUNTRY,JAM,AMR,Americas,YEAR,2020,TOBACCO_INDICATOR,TOBACCO_INDICATOR_R_afford_inflation_adjusted_price_lcu,,,,,,,1600.54,1600.54,,,Data not validated by the national authorities.,2025-08-18T14:33:28Z,2020,2020-01-01,2020-12-31
81188,TOBACCO_MPOWER_R_INFLATIONADJUSTEDPRICES,COUNTRY,PER,AMR,Americas,YEAR,2008,TOBACCO_INDICATOR,TOBACCO_INDICATOR_R_afford_inflation_adjusted_price_ppp,,,,,,,3.97,3.97,,,,2025-08-18T14:33:28Z,2008,2008-01-01,2008-12-31
87040,TOBACCO_MPOWER_R_INFLATIONADJUSTEDPRICES,COUNTRY,SMR,EUR,Europe,YEAR,2012,TOBACCO_INDICATOR,TOBACCO_INDICATOR_R_afford_inflation_adjusted_price_ppp,,,,,,,7.67,7.67,,,,2025-08-18T14:33:28Z,2012,2012-01-01,2012-12-31
87460,TOBACCO_MPOWER_R_INFLATIONADJUSTEDPRICES,COUNTRY,GNB,AFR,Africa,YEAR,2012,TOBACCO_INDICATOR,TOBACCO_INDICATOR_R_afford_inflation_adjusted_price_ppp,,,,,,,2.28,2.28,,,,2025-08-18T14:33:28Z,2012,2012-01-01,2012-12-31
87574,TOBACCO_MPOWER_R_INFLATIONADJUSTEDPRICES,COUNTRY,DNK,EUR,Europe,YEAR,2012,TOBACCO_INDICATOR,TOBACCO_INDICATOR_R_afford_inflation_adjusted_price_ppp,,,,,,,7.7,7.7,,,,2025-08-18T14:33:28Z,2012,2012-01-01,2012-12-31
90047,TOBACCO_MPOWER_R_INFLATIONADJUSTEDPRICES,COUNTRY,TON,WPR,Western Pacific,YEAR,2024,TOBACCO_INDICATOR,TOBACCO_INDICATOR_R_afford_inflation_adjusted_price_ppp,,,,,,,14.23,14.23,,,,2025-08-18T14:33:28Z,2024,2024-01-01,2024-12-31
91573,TOBACCO_MPOWER_R_INFLATIONADJUSTEDPRICES,COUNTRY,ESP,EUR,Europe,YEAR,2008,TOBACCO_INDICATOR,TOBACCO_INDICATOR_R_afford_inflation_adjusted_price_lcu,,,,,,,3.34,3.34,,,,2025-08-18T14:33:28Z,2008,2008-01-01,2008-12-31
94102,TOBACCO_MPOWER_R_INFLATIONADJUSTEDPRICES,COUNTRY,COM,AFR,Africa,YEAR,2016,TOBACCO_INDICATOR,TOBACCO_INDICATOR_R_afford_inflation_adjusted_price_lcu,,,,,,,1022.47,1022.47,,,,2025-08-18T14:33:28Z,2016,2016-01-01,2016-12-31
96367,TOBACCO_MPOWER_R_INFLATIONADJUSTEDPRICES,COUNTRY,BDI,AFR,Africa,YEAR,2014,TOBACCO_INDICATOR,TOBACCO_INDICATOR_R_afford_inflation_adjusted_price_lcu,,,,,,,4211.14,4211.14,,,,2025-08-18T14:33:28Z,2014,2014-01-01,2014-12-31
103084,TOBACCO_MPOWER_R_INFLATIONADJUSTEDPRICES,COUNTRY,IRL,EUR,Europe,YEAR,2008,TOBACCO_INDICATOR,TOBACCO_INDICATOR_R_afford_inflation_adjusted_price_lcu,,,,,,,9.66,9.66,,,,2025-08-18T14:33:28Z,2008,2008-01-01,2008-12-31
103459,TOBACCO_MPOWER_R_INFLATIONADJUSTEDPRICES,COUNTRY,TUV,WPR,Western Pacific,YEAR,2018,TOBACCO_INDICATOR,TOBACCO_INDICATOR_R_afford_inflation_adjusted_price_ppp,,,,,,,5.27,5.27,,,,2025-08-18T14:33:28Z,2018,2018-01-01,2018-12-31
105464,TOBACCO_MPOWER_R_INFLATIONADJUSTEDPRICES,COUNTRY,UGA,AFR,Africa,YEAR,2016,TOBACCO_INDICATOR,TOBACCO_INDICATOR_R_afford_inflation_adjusted_price_lcu,,,,,,,4065.36,4065.36,,,,2025-08-18T14:33:28Z,2016,2016-01-01,2016-12-31
106130,TOBACCO_MPOWER_R_INFLATIONADJUSTEDPRICES,COUNTRY,TCD,AFR,Africa,YEAR,2008,TOBACCO_INDICATOR,TOBACCO_INDICATOR_R_afford_inflation_adjusted_price_lcu,,,,,,,711.59,711.59,,,,2025-08-18T14:33:28Z,2008,2008-01-01,2008-12-31
115514,TOBACCO_MPOWER_R_INFLATIONADJUSTEDPRICES,COUNTRY,IND,SEAR,South-East Asia,YEAR,2022,TOBACCO_INDICATOR,TOBACCO_INDICATOR_R_afford_inflation_adjusted_price_lcu,,,,,,,209.53,209.53,,,,2025-08-18T14:33:28Z,2022,2022-01-01,2022-12-31
121391,TOBACCO_MPOWER_R_INFLATIONADJUSTEDPRICES,COUNTRY,KAZ,EUR,Europe,YEAR,2022,TOBACCO_INDICATOR,TOBACCO_INDICATOR_R_afford_inflation_adjusted_price_ppp,,,,,,,4.61,4.61,,,,2025-08-18T14:33:28Z,2022,2022-01-01,2022-12-31
126457,TOBACCO_MPOWER_R_INFLATIONADJUSTEDPRICES,COUNTRY,MLI,AFR,Africa,YEAR,2022,TOBACCO_INDICATOR,TOBACCO_INDICATOR_R_afford_inflation_adjusted_price_ppp,,,,,,,4.16,4.16,,,,2025-08-18T14:33:28Z,2022,2022-01-01,2022-12-31
132280,TOBACCO_MPOWER_R_INFLATIONADJUSTEDPRICES,COUNTRY,SVK,EUR,Europe,YEAR,2016,TOBACCO_INDICATOR,TOBACCO_INDICATOR_R_afford_inflation_adjusted_price_lcu,,,,,,,4.46,4.46,,,,2025-08-18T14:33:28Z,2016,2016-01-01,2016-12-31
133203,TOBACCO_MPOWER_R_INFLATIONADJUSTEDPRICES,COUNTRY,TUR,EUR,Europe,YEAR,2020,TOBACCO_INDICATOR,TOBACCO_INDICATOR_R_afford_inflation_adjusted_price_lcu,,,,,,,92.97,92.97,,,,2025-08-18T14:33:28Z,2020,2020-01-01,2020-12-31
134083,TOBACCO_MPOWER_R_INFLATIONADJUSTEDPRICES,COUNTRY,LBY,EMR,Eastern Mediterranean,YEAR,2010,TOBACCO_INDICATOR,TOBACCO_INDICATOR_R_afford_inflation_adjusted_price_lcu,,,,,,,2.84,2.84,,,,2025-08-18T14:33:28Z,2010,2010-01-01,2010-12-31
134567,TOBACCO_MPOWER_R_INFLATIONADJUSTEDPRICES,COUNTRY,CZE,EUR,Europe,YEAR,2012,TOBACCO_INDICATOR,TOBACCO_INDICATOR_R_afford_inflation_adjusted_price_lcu,,,,,,,105.16,105.16,,,,2025-08-18T14:33:28Z,2012,2012-01-01,2012-12-31
135372,TOBACCO_MPOWER_R_INFLATIONADJUSTEDPRICES,COUNTRY,NZL,WPR,Western Pacific,YEAR,2012,TOBACCO_INDICATOR,TOBACCO_INDICATOR_R_afford_inflation_adjusted_price_ppp,,,,,,,14.48,14.48,,,,2025-08-18T14:33:28Z,2012,2012-01-01,2012-12-31
142327,TOBACCO_MPOWER_R_INFLATIONADJUSTEDPRICES,COUNTRY,AND,EUR,Europe,YEAR,2016,TOBACCO_INDICATOR,TOBACCO_INDICATOR_R_afford_inflation_adjusted_price_lcu,,,,,,,4.29,4.29,,,,2025-08-18T14:33:28Z,2016,2016-01-01,2016-12-31
143204,TOBACCO_MPOWER_R_INFLATIONADJUSTEDPRICES,COUNTRY,SMR,EUR,Europe,YEAR,2008,TOBACCO_INDICATOR,TOBACCO_INDICATOR_R_afford_inflation_adjusted_price_lcu,,,,,,,. . .,,,,,2025-08-18T14:33:28Z,2008,2008-01-01,2008-12-31
144752,TOBACCO_MPOWER_R_INFLATIONADJUSTEDPRICES,COUNTRY,ETH,AFR,Africa,YEAR,2020,TOBACCO_INDICATOR,TOBACCO_INDICATOR_R_afford_inflation_adjusted_price_lcu,,,,,,,107.69,107.69,,,,2025-08-18T14:33:28Z,2020,2020-01-01,2020-12-31
147578,TOBACCO_MPOWER_R_INFLATIONADJUSTEDPRICES,COUNTRY,FRA,EUR,Europe,YEAR,2016,TOBACCO_INDICATOR,TOBACCO_INDICATOR_R_afford_inflation_adjusted_price_lcu,,,,,,,8.6,8.6,,,,2025-08-18T14:33:28Z,2016,2016-01-01,2016-12-31
150072,TOBACCO_MPOWER_R_INFLATIONADJUSTEDPRICES,COUNTRY,DMA,AMR,Americas,YEAR,2010,TOBACCO_INDICATOR,TOBACCO_INDICATOR_R_afford_inflation_adjusted_price_ppp,,,,,,,2.85,2.85,,,,2025-08-18T14:33:28Z,2010,2010-01-01,2010-12-31
155820,TOBACCO_MPOWER_R_INFLATIONADJUSTEDPRICES,COUNTRY,DZA,AFR,Africa,YEAR,2010,TOBACCO_INDICATOR,TOBACCO_INDICATOR_R_afford_inflation_adjusted_price_ppp,,,,,,,3.8,3.8,,,,2025-08-18T14:33:28Z,2010,2010-01-01,2010-12-31
158759,TOBACCO_MPOWER_R_INFLATIONADJUSTEDPRICES,COUNTRY,TUR,EUR,Europe,YEAR,2024,TOBACCO_INDICATOR,TOBACCO_INDICATOR_R_afford_inflation_adjusted_price_ppp,,,,,,,5.82,5.82,,,,2025-08-18T14:33:28Z,2024,2024-01-01,2024-12-31
163467,TOBACCO_MPOWER_R_INFLATIONADJUSTEDPRICES,COUNTRY,DZA,AFR,Africa,YEAR,2012,TOBACCO_INDICATOR,TOBACCO_INDICATOR_R_afford_inflation_adjusted_price_lcu,,,,,,,154.28,154.28,,,,2025-08-18T14:33:28Z,2012,2012-01-01,2012-12-31
164881,TOBACCO_MPOWER_R_INFLATIONADJUSTEDPRICES,COUNTRY,MOZ,AFR,Africa,YEAR,2016,TOBACCO_INDICATOR,TOBACCO_INDICATOR_R_afford_inflation_adjusted_price_lcu,,,,,,,57.95,57.95,,,,2025-08-18T14:33:28Z,2016,2016-01-01,2016-12-31
168714,TOBACCO_MPOWER_R_INFLATIONADJUSTEDPRICES,COUNTRY,KAZ,EUR,Europe,YEAR,2016,TOBACCO_INDICATOR,TOBACCO_INDICATOR_R_afford_inflation_adjusted_price_lcu,,,,,,,573.9,573.9,,,,2025-08-18T14:33:28Z,2016,2016-01-01,2016-12-31
173805,TOBACCO_MPOWER_R_INFLATIONADJUSTEDPRICES,COUNTRY,UGA,AFR,Africa,YEAR,2014,TOBACCO_INDICATOR,TOBACCO_INDICATOR_R_afford_inflation_adjusted_price_ppp,,,,,,,2.79,2.79,,,,2025-08-18T14:33:28Z,2014,2014-01-01,2014-12-31
176542,TOBACCO_MPOWER_R_INFLATIONADJUSTEDPRICES,COUNTRY,JOR,EMR,Eastern Mediterranean,YEAR,2022,TOBACCO_INDICATOR,TOBACCO_INDICATOR_R_afford_inflation_adjusted_price_lcu,,,,,,,2.3,2.3,,,,2025-08-18T14:33:28Z,2022,2022-01-01,2022-12-31
176966,TOBACCO_MPOWER_R_INFLATIONADJUSTEDPRICES,COUNTRY,TJK,EUR,Europe,YEAR,2008,TOBACCO_INDICATOR,TOBACCO_INDICATOR_R_afford_inflation_adjusted_price_ppp,,,,,,,. . .,,,,,2025-08-18T14:33:28Z,2008,2008-01-01,2008-12-31
177559,TOBACCO_MPOWER_R_INFLATIONADJUSTEDPRICES,COUNTRY,AUT,EUR,Europe,YEAR,2008,TOBACCO_INDICATOR,TOBACCO_INDICATOR_R_afford_inflation_adjusted_price_lcu,,,,,,,5.47,5.47,,,,2025-08-18T14:33:28Z,2008,2008-01-01,2008-12-31
183545,TOBACCO_MPOWER_R_INFLATIONADJUSTEDPRICES,COUNTRY,BGD,SEAR,South-East Asia,YEAR,2018,TOBACCO_INDICATOR,TOBACCO_INDICATOR_R_afford_inflation_adjusted_price_ppp,,,,,,,3.4,3.4,,,,2025-08-18T14:33:28Z,2018,2018-01-01,2018-12-31
196836,TOBACCO_MPOWER_R_INFLATIONADJUSTEDPRICES,COUNTRY,SAU,EMR,Eastern Mediterranean,YEAR,2022,TOBACCO_INDICATOR,TOBACCO_INDICATOR_R_afford_inflation_adjusted_price_lcu,,,,,,,29.14,29.14,,,,2025-08-18T14:33:28Z,2022,2022-01-01,2022-12-31
197682,TOBACCO_MPOWER_R_INFLATIONADJUSTEDPRICES,COUNTRY,SLB,WPR,Western Pacific,YEAR,2016,TOBACCO_INDICATOR,TOBACCO_INDICATOR_R_afford_inflation_adjusted_price_lcu,,,,,,,40.55,40.55,,,,2025-08-18T14:33:28Z,2016,2016-01-01,2016-12-31
199268,TOBACCO_MPOWER_R_INFLATIONADJUSTEDPRICES,COUNTRY,OMN,EMR,Eastern Mediterranean,YEAR,2020,TOBACCO_INDICATOR,TOBACCO_INDICATOR_R_afford_inflation_adjusted_price_lcu,,,,,,,2.33,2.33,,,,2025-08-18T14:33:28Z,2020,2020-01-01,2020-12-31
200186,TOBACCO_MPOWER_R_INFLATIONADJUSTEDPRICES,COUNTRY,BIH,EUR,Europe,YEAR,2010,TOBACCO_INDICATOR,TOBACCO_INDICATOR_R_afford_inflation_adjusted_price_ppp,,,,,,,4.74,4.74,,,,2025-08-18T14:33:28Z,2010,2010-01-01,2010-12-31
203366,TOBACCO_MPOWER_R_INFLATIONADJUSTEDPRICES,COUNTRY,NRU,WPR,Western Pacific,YEAR,2020,TOBACCO_INDICATOR,TOBACCO_INDICATOR_R_afford_inflation_adjusted_price_lcu,,,,,,,21.71,21.71,,,,2025-08-18T14:33:28Z,2020,2020-01-01,2020-12-31
204067,TOBACCO_MPOWER_R_INFLATIONADJUSTEDPRICES,COUNTRY,KAZ,EUR,Europe,YEAR,2012,TOBACCO_INDICATOR,TOBACCO_INDICATOR_R_afford_inflation_adjusted_price_lcu,,,,,,,354.84,354.84,,,,2025-08-18T14:33:28Z,2012,2012-01-01,2012-12-31
208790,TOBACCO_MPOWER_R_INFLATIONADJUSTEDPRICES,COUNTRY,DEU,EUR,Europe,YEAR,2022,TOBACCO_INDICATOR,TOBACCO_INDICATOR_R_afford_inflation_adjusted_price_lcu,,,,,,,8.26,8.26,,,,2025-08-18T14:33:28Z,2022,2022-01-01,2022-12-31
208802,TOBACCO_MPOWER_R_INFLATIONADJUSTEDPRICES,COUNTRY,CAN,AMR,Americas,YEAR,2020,TOBACCO_INDICATOR,TOBACCO_INDICATOR_R_afford_inflation_adjusted_price_ppp,,,,,,,12.96,12.96,,,,2025-08-18T14:33:28Z,2020,2020-01-01,2020-12-31
212395,TOBACCO_MPOWER_R_INFLATIONADJUSTEDPRICES,COUNTRY,BWA,AFR,Africa,YEAR,2010,TOBACCO_INDICATOR,TOBACCO_INDICATOR_R_afford_inflation_adjusted_price_ppp,,,,,,,7.23,7.23,,,,2025-08-18T14:33:28Z,2010,2010-01-01,2010-12-31
213555,TOBACCO_MPOWER_R_INFLATIONADJUSTEDPRICES,COUNTRY,MWI,AFR,Africa,YEAR,2008,TOBACCO_INDICATOR,TOBACCO_INDICATOR_R_afford_inflation_adjusted_price_ppp,,,,,,,3.02,3.02,,,,2025-08-18T14:33:28Z,2008,2008-01-01,2008-12-31
215758,TOBACCO_MPOWER_R_INFLATIONADJUSTEDPRICES,COUNTRY,WSM,WPR,Western Pacific,YEAR,2010,TOBACCO_INDICATOR,TOBACCO_INDICATOR_R_afford_inflation_adjusted_price_lcu,,,,,,,11.71,11.71,,,,2025-08-18T14:33:28Z,2010,2010-01-01,2010-12-31
216742,TOBACCO_MPOWER_R_INFLATIONADJUSTEDPRICES,COUNTRY,GIN,AFR,Africa,YEAR,2016,TOBACCO_INDICATOR,TOBACCO_INDICATOR_R_afford_inflation_adjusted_price_ppp,,,,,,,1.76,1.76,,,,2025-08-18T14:33:28Z,2016,2016-01-01,2016-12-31
218350,TOBACCO_MPOWER_R_INFLATIONADJUSTEDPRICES,COUNTRY,GAB,AFR,Africa,YEAR,2014,TOBACCO_INDICATOR,TOBACCO_INDICATOR_R_afford_inflation_adjusted_price_lcu,,,,,,,1256.79,1256.79,,,,2025-08-18T14:33:28Z,2014,2014-01-01,2014-12-31
220017,TOBACCO_MPOWER_R_INFLATIONADJUSTEDPRICES,COUNTRY,MCO,EUR,Europe,YEAR,2018,TOBACCO_INDICATOR,TOBACCO_INDICATOR_R_afford_inflation_adjusted_price_lcu,,,,,,,. . .,,,,,2025-08-18T14:33:28Z,2018,2018-01-01,2018-12-31
220383,TOBACCO_MPOWER_R_INFLATIONADJUSTEDPRICES,COUNTRY,MLT,EUR,Europe,YEAR,2024,TOBACCO_INDICATOR,TOBACCO_INDICATOR_R_afford_inflation_adjusted_price_lcu,,,,,,,5.7,5.7,,,,2025-08-18T14:33:28Z,2024,2024-01-01,2024-12-31
224016,TOBACCO_MPOWER_R_INFLATIONADJUSTEDPRICES,COUNTRY,MKD,EUR,Europe,YEAR,2024,TOBACCO_INDICATOR,TOBACCO_INDICATOR_R_afford_inflation_adjusted_price_ppp,,,,,,,6.9,6.9,,,,2025-08-18T14:33:28Z,2024,2024-01-01,2024-12-31
225193,TOBACCO_MPOWER_R_INFLATIONADJUSTEDPRICES,COUNTRY,IRL,EUR,Europe,YEAR,2014,TOBACCO_INDICATOR,TOBACCO_INDICATOR_R_afford_inflation_adjusted_price_lcu,,,,,,,11.46,11.46,,,,2025-08-18T14:33:28Z,2014,2014-01-01,2014-12-31
228055,TOBACCO_MPOWER_R_INFLATIONADJUSTEDPRICES,COUNTRY,ETH,AFR,Africa,YEAR,2024,TOBACCO_INDICATOR,TOBACCO_INDICATOR_R_afford_inflation_adjusted_price_ppp,,,,,,,4.52,4.52,,,,2025-08-18T14:33:28Z,2024,2024-01-01,2024-12-31
229102,TOBACCO_MPOWER_R_INFLATIONADJUSTEDPRICES,COUNTRY,COD,AFR,Africa,YEAR,2008,TOBACCO_INDICATOR,TOBACCO_INDICATOR_R_afford_inflation_adjusted_price_ppp,,,,,,,3.3,3.3,,,,2025-08-18T14:33:28Z,2008,2008-01-01,2008-12-31
233673,TOBACCO_MPOWER_R_INFLATIONADJUSTEDPRICES,COUNTRY,LSO,AFR,Africa,YEAR,2022,TOBACCO_INDICATOR,TOBACCO_INDICATOR_R_afford_inflation_adjusted_price_ppp,,,,,,,8.88,8.88,,,,2025-08-18T14:33:28Z,2022,2022-01-01,2022-12-31
234431,TOBACCO_MPOWER_R_INFLATIONADJUSTEDPRICES,COUNTRY,KGZ,EUR,Europe,YEAR,2022,TOBACCO_INDICATOR,TOBACCO_INDICATOR_R_afford_inflation_adjusted_price_lcu,,,,,,,129.16,129.16,,,,2025-08-18T14:33:28Z,2022,2022-01-01,2022-12-31
237828,TOBACCO_MPOWER_R_INFLATIONADJUSTEDPRICES,COUNTRY,TON,WPR,Western Pacific,YEAR,2018,TOBACCO_INDICATOR,TOBACCO_INDICATOR_R_afford_inflation_adjusted_price_ppp,,,,,,,13.94,13.94,,,,2025-08-18T14:33:28Z,2018,2018-01-01,2018-12-31
239558,TOBACCO_MPOWER_R_INFLATIONADJUSTEDPRICES,COUNTRY,SSD,AFR,Africa,YEAR,2018,TOBACCO_INDICATOR,TOBACCO_INDICATOR_R_afford_inflation_adjusted_price_ppp,,,,,,,. . .,,,,,2025-08-18T14:33:28Z,2018,2018-01-01,2018-12-31
242613,TOBACCO_MPOWER_R_INFLATIONADJUSTEDPRICES,COUNTRY,NIC,AMR,Americas,YEAR,2024,TOBACCO_INDICATOR,TOBACCO_INDICATOR_R_afford_inflation_adjusted_price_ppp,,,,,,,. . .,,,,,2025-08-18T14:33:28Z,2024,2024-01-01,2024-12-31
242634,TOBACCO_MPOWER_R_INFLATIONADJUSTEDPRICES,COUNTRY,ERI,AFR,Africa,YEAR,2018,TOBACCO_INDICATOR,TOBACCO_INDICATOR_R_afford_inflation_adjusted_price_lcu,,,,,,,. . .,,,,,2025-08-18T14:33:28Z,2018,2018-01-01,2018-12-31
244796,TOBACCO_MPOWER_R_INFLATIONADJUSTEDPRICES,COUNTRY,PER,AMR,Americas,YEAR,2016,TOBACCO_INDICATOR,TOBACCO_INDICATOR_R_afford_inflation_adjusted_price_ppp,,,,,,,8.04,8.04,,,,2025-08-18T14:33:28Z,2016,2016-01-01,2016-12-31
248300,TOBACCO_MPOWER_R_INFLATIONADJUSTEDPRICES,COUNTRY,AZE,EUR,Europe,YEAR,2022,TOBACCO_INDICATOR,TOBACCO_INDICATOR_R_afford_inflation_adjusted_price_ppp,,,,,,,4.02,4.02,,,,2025-08-18T14:33:28Z,2022,2022-01-01,2022-12-31
251723,TOBACCO_MPOWER_R_INFLATIONADJUSTEDPRICES,COUNTRY,SUR,AMR,Americas,YEAR,2010,TOBACCO_INDICATOR,TOBACCO_INDICATOR_R_afford_inflation_adjusted_price_lcu,,,,,,,101.98,101.98,,,,2025-08-18T14:33:28Z,2010,2010-01-01,2010-12-31
251884,TOBACCO_MPOWER_R_INFLATIONADJUSTEDPRICES,COUNTRY,MNE,EUR,Europe,YEAR,2008,TOBACCO_INDICATOR,TOBACCO_INDICATOR_R_afford_inflation_adjusted_price_lcu,,,,,,,0.79,0.79,,,,2025-08-18T14:33:28Z,2008,2008-01-01,2008-12-31
253702,TOBACCO_MPOWER_R_INFLATIONADJUSTEDPRICES,COUNTRY,ZAF,AFR,Africa,YEAR,2016,TOBACCO_INDICATOR,TOBACCO_INDICATOR_R_afford_inflation_adjusted_price_lcu,,,,,,,52,52,,,,2025-08-18T14:33:28Z,2016,2016-01-01,2016-12-31
256787,TOBACCO_MPOWER_R_INFLATIONADJUSTEDPRICES,COUNTRY,CIV,AFR,Africa,YEAR,2018,TOBACCO_INDICATOR,TOBACCO_INDICATOR_R_afford_inflation_adjusted_price_ppp,,,,,,,3.65,3.65,,,,2025-08-18T14:33:28Z,2018,2018-01-01,2018-12-31
256973,TOBACCO_MPOWER_R_INFLATIONADJUSTEDPRICES,COUNTRY,LBR,AFR,Africa,YEAR,2016,TOBACCO_INDICATOR,TOBACCO_INDICATOR_R_afford_inflation_adjusted_price_lcu,,,,,,,171.05,171.05,,,,2025-08-18T14:33:28Z,2016,2016-01-01,2016-12-31
258108,TOBACCO_MPOWER_R_INFLATIONADJUSTEDPRICES,COUNTRY,ARM,EUR,Europe,YEAR,2012,TOBACCO_INDICATOR,TOBACCO_INDICATOR_R_afford_inflation_adjusted_price_ppp,,,,,,,5.4,5.4,,,,2025-08-18T14:33:28Z,2012,2012-01-01,2012-12-31
262260,TOBACCO_MPOWER_R_INFLATIONADJUSTEDPRICES,COUNTRY,YEM,EMR,Eastern Mediterranean,YEAR,2012,TOBACCO_INDICATOR,TOBACCO_INDICATOR_R_afford_inflation_adjusted_price_lcu,,,,,,,2504.96,2504.96,,,,2025-08-18T14:33:28Z,2012,2012-01-01,2012-12-31
262497,TOBACCO_MPOWER_R_INFLATIONADJUSTEDPRICES,COUNTRY,BTN,SEAR,South-East Asia,YEAR,2012,TOBACCO_INDICATOR,TOBACCO_INDICATOR_R_afford_inflation_adjusted_price_ppp,,,,,,,. . .,,,,,2025-08-18T14:33:28Z,2012,2012-01-01,2012-12-31
264503,TOBACCO_MPOWER_R_INFLATIONADJUSTEDPRICES,COUNTRY,BRB,AMR,Americas,YEAR,2024,TOBACCO_INDICATOR,TOBACCO_INDICATOR_R_afford_inflation_adjusted_price_lcu,,,,,,,18.19,18.19,,,,2025-08-18T14:33:28Z,2024,2024-01-01,2024-12-31
264643,TOBACCO_MPOWER_R_INFLATIONADJUSTEDPRICES,COUNTRY,CRI,AMR,Americas,YEAR,2012,TOBACCO_INDICATOR,TOBACCO_INDICATOR_R_afford_inflation_adjusted_price_lcu,,,,,,,1697.52,1697.52,,,,2025-08-18T14:33:28Z,2012,2012-01-01,2012-12-31
265649,TOBACCO_MPOWER_R_INFLATIONADJUSTEDPRICES,COUNTRY,SWZ,AFR,Africa,YEAR,2016,TOBACCO_INDICATOR,TOBACCO_INDICATOR_R_afford_inflation_adjusted_price_lcu,,,,,,,50.69,50.69,,,,2025-08-18T14:33:28Z,2016,2016-01-01,2016-12-31
266912,TOBACCO_MPOWER_R_INFLATIONADJUSTEDPRICES,COUNTRY,MAR,EMR,Eastern Mediterranean,YEAR,2020,TOBACCO_INDICATOR,TOBACCO_INDICATOR_R_afford_inflation_adjusted_price_lcu,,,,,,,24.32,24.32,,,,2025-08-18T14:33:28Z,2020,2020-01-01,2020-12-31
271206,TOBACCO_MPOWER_R_INFLATIONADJUSTEDPRICES,COUNTRY,AGO,AFR,Africa,YEAR,2018,TOBACCO_INDICATOR,TOBACCO_INDICATOR_R_afford_inflation_adjusted_price_ppp,,,,,,,5.04,5.04,,,,2025-08-18T14:33:28Z,2018,2018-01-01,2018-12-31
272830,TOBACCO_MPOWER_R_INFLATIONADJUSTEDPRICES,COUNTRY,LTU,EUR,Europe,YEAR,2022,TOBACCO_INDICATOR,TOBACCO_INDICATOR_R_afford_inflation_adjusted_price_ppp,,,,,,,10.01,10.01,,,,2025-08-18T14:33:28Z,2022,2022-01-01,2022-12-31
273578,TOBACCO_MPOWER_R_INFLATIONADJUSTEDPRICES,COUNTRY,SAU,EMR,Eastern Mediterranean,YEAR,2010,TOBACCO_INDICATOR,TOBACCO_INDICATOR_R_afford_inflation_adjusted_price_ppp,,,,,,,5.4,5.4,,,,2025-08-18T14:33:28Z,2010,2010-01-01,2010-12-31
278440,TOBACCO_MPOWER_R_INFLATIONADJUSTEDPRICES,COUNTRY,GTM,AMR,Americas,YEAR,2012,TOBACCO_INDICATOR,TOBACCO_INDICATOR_R_afford_inflation_adjusted_price_lcu,,,,,,,22.81,22.81,,,,2025-08-18T14:33:28Z,2012,2012-01-01,2012-12-31
279631,TOBACCO_MPOWER_R_INFLATIONADJUSTEDPRICES,COUNTRY,UGA,AFR,Africa,YEAR,2012,TOBACCO_INDICATOR,TOBACCO_INDICATOR_R_afford_inflation_adjusted_price_ppp,,,,,,,2.95,2.95,,,,2025-08-18T14:33:28Z,2012,2012-01-01,2012-12-31
283104,TOBACCO_MPOWER_R_INFLATIONADJUSTEDPRICES,COUNTRY,TJK,EUR,Europe,YEAR,2010,TOBACCO_INDICATOR,TOBACCO_INDICATOR_R_afford_inflation_adjusted_price_lcu,,,,,,,7.24,7.24,,,,2025-08-18T14:33:28Z,2010,2010-01-01,2010-12-31
286337,TOBACCO_MPOWER_R_INFLATIONADJUSTEDPRICES,COUNTRY,ARE,EMR,Eastern Mediterranean,YEAR,2024,TOBACCO_INDICATOR,TOBACCO_INDICATOR_R_afford_inflation_adjusted_price_ppp,,,,,,,9.46,9.46,,,,2025-08-18T14:33:28Z,2024,2024-01-01,2024-12-31
286553,TOBACCO_MPOWER_R_INFLATIONADJUSTEDPRICES,COUNTRY,BDI,AFR,Africa,YEAR,2020,TOBACCO_INDICATOR,TOBACCO_INDICATOR_R_afford_inflation_adjusted_price_lcu,,,,,,,3934.23,3934.23,,,,2025-08-18T14:33:28Z,2020,2020-01-01,2020-12-31
286758,TOBACCO_MPOWER_R_INFLATIONADJUSTEDPRICES,COUNTRY,KAZ,EUR,Europe,YEAR,2024,TOBACCO_INDICATOR,TOBACCO_INDICATOR_R_afford_inflation_adjusted_price_ppp,,,,,,,5.53,5.53,,,,2025-08-18T14:33:28Z,2024,2024-01-01,2024-12-31
290523,TOBACCO_MPOWER_R_INFLATIONADJUSTEDPRICES,COUNTRY,NGA,AFR,Africa,YEAR,2012,TOBACCO_INDICATOR,TOBACCO_INDICATOR_R_afford_inflation_adjusted_price_ppp,,,,,,,3.08,3.08,,,,2025-08-18T14:33:28Z,2012,2012-01-01,2012-12-31
292084,TOBACCO_MPOWER_R_INFLATIONADJUSTEDPRICES,COUNTRY,YEM,EMR,Eastern Mediterranean,YEAR,2014,TOBACCO_INDICATOR,TOBACCO_INDICATOR_R_afford_inflation_adjusted_price_lcu,,,,,,,2337.53,2337.53,,,,2025-08-18T14:33:28Z,2014,2014-01-01,2014-12-31
294291,TOBACCO_MPOWER_R_INFLATIONADJUSTEDPRICES,COUNTRY,NIC,AMR,Americas,YEAR,2010,TOBACCO_INDICATOR,TOBACCO_INDICATOR_R_afford_inflation_adjusted_price_lcu,,,,,,,. . .,,,,,2025-08-18T14:33:28Z,2010,2010-01-01,2010-12-31
301017,TOBACCO_MPOWER_R_INFLATIONADJUSTEDPRICES,COUNTRY,ERI,AFR,Africa,YEAR,2024,TOBACCO_INDICATOR,TOBACCO_INDICATOR_R_afford_inflation_adjusted_price_ppp,,,,,,,. . .,,,,,2025-08-18T14:33:28Z,2024,2024-01-01,2024-12-31
301941,TOBACCO_MPOWER_R_INFLATIONADJUSTEDPRICES,COUNTRY,WSM,WPR,Western Pacific,YEAR,2010,TOBACCO_INDICATOR,TOBACCO_INDICATOR_R_afford_inflation_adjusted_price_ppp,,,,,,,5.88,5.88,,,,2025-08-18T14:33:28Z,2010,2010-01-01,2010-12-31
305376,TOBACCO_MPOWER_R_INFLATIONADJUSTEDPRICES,COUNTRY,MAR,EMR,Eastern Mediterranean,YEAR,2010,TOBACCO_INDICATOR,TOBACCO_INDICATOR_R_afford_inflation_adjusted_price_ppp,,,,,,,6.05,6.05,,,,2025-08-18T14:33:28Z,2010,2010-01-01,2010-12-31
306052,TOBACCO_MPOWER_R_INFLATIONADJUSTEDPRICES,COUNTRY,DZA,AFR,Africa,YEAR,2024,TOBACCO_INDICATOR,TOBACCO_INDICATOR_R_afford_inflation_adjusted_price_ppp,,,,,,,8.11,8.11,,,,2025-08-18T14:33:28Z,2024,2024-01-01,2024-12-31
311146,TOBACCO_MPOWER_R_INFLATIONADJUSTEDPRICES,COUNTRY,MLI,AFR,Africa,YEAR,2024,TOBACCO_INDICATOR,TOBACCO_INDICATOR_R_afford_inflation_adjusted_price_ppp,,,,,,,3.92,3.92,,,,2025-08-18T14:33:28Z,2024,2024-01-01,2024-12-31
311730,TOBACCO_MPOWER_R_INFLATIONADJUSTEDPRICES,COUNTRY,CAN,AMR,Americas,YEAR,2008,TOBACCO_INDICATOR,TOBACCO_INDICATOR_R_afford_inflation_adjusted_price_lcu,,,,,,,11.08,11.08,,,,2025-08-18T14:33:28Z,2008,2008-01-01,2008-12-31
317551,TOBACCO_MPOWER_R_INFLATIONADJUSTEDPRICES,COUNTRY,MDG,AFR,Africa,YEAR,2020,TOBACCO_INDICATOR,TOBACCO_INDICATOR_R_afford_inflation_adjusted_price_ppp,,,,,,,4.23,4.23,,,,2025-08-18T14:33:28Z,2020,2020-01-01,2020-12-31
319735,TOBACCO_MPOWER_R_INFLATIONADJUSTEDPRICES,COUNTRY,SUR,AMR,Americas,YEAR,2010,TOBACCO_INDICATOR,TOBACCO_INDICATOR_R_afford_inflation_adjusted_price_ppp,,,,,,,6.01,6.01,,,,2025-08-18T14:33:28Z,2010,2010-01-01,2010-12-31
321162,TOBACCO_MPOWER_R_INFLATIONADJUSTEDPRICES,COUNTRY,NPL,SEAR,South-East Asia,YEAR,2016,TOBACCO_INDICATOR,TOBACCO_INDICATOR_R_afford_inflation_adjusted_price_lcu,,,,,,,272.18,272.18,,,,2025-08-18T14:33:28Z,2016,2016-01-01,2016-12-31
323638,TOBACCO_MPOWER_R_INFLATIONADJUSTEDPRICES,COUNTRY,EGY,EMR,Eastern Mediterranean,YEAR,2018,TOBACCO_INDICATOR,TOBACCO_INDICATOR_R_afford_inflation_adjusted_price_ppp,,,,,,,5.58,5.58,,,,2025-08-18T14:33:28Z,2018,2018-01-01,2018-12-31
328876,TOBACCO_MPOWER_R_INFLATIONADJUSTEDPRICES,COUNTRY,MYS,WPR,Western Pacific,YEAR,2016,TOBACCO_INDICATOR,TOBACCO_INDICATOR_R_afford_inflation_adjusted_price_lcu,,,,,,,19.6,19.6,,,,2025-08-18T14:33:28Z,2016,2016-01-01,2016-12-31
331682,TOBACCO_MPOWER_R_INFLATIONADJUSTEDPRICES,COUNTRY,MCO,EUR,Europe,YEAR,2020,TOBACCO_INDICATOR,TOBACCO_INDICATOR_R_afford_inflation_adjusted_price_ppp,,,,,,,. . .,,,,,2025-08-18T14:33:28Z,2020,2020-01-01,2020-12-31
336393,TOBACCO_MPOWER_R_INFLATIONADJUSTEDPRICES,COUNTRY,BLZ,AMR,Americas,YEAR,2012,TOBACCO_INDICATOR,TOBACCO_INDICATOR_R_afford_inflation_adjusted_price_ppp,,,,,,,5.17,5.17,,,,2025-08-18T14:33:28Z,2012,2012-01-01,2012-12-31
344316,TOBACCO_MPOWER_R_INFLATIONADJUSTEDPRICES,COUNTRY,GTM,AMR,Americas,YEAR,2010,TOBACCO_INDICATOR,TOBACCO_INDICATOR_R_afford_inflation_adjusted_price_lcu,,,,,,,24.41,24.41,,,,2025-08-18T14:33:28Z,2010,2010-01-01,2010-12-31
345006,TOBACCO_MPOWER_R_INFLATIONADJUSTEDPRICES,COUNTRY,USA,AMR,Americas,YEAR,2020,TOBACCO_INDICATOR,TOBACCO_INDICATOR_R_afford_inflation_adjusted_price_ppp,,,,,,,8.88,8.88,,,,2025-08-18T14:33:28Z,2020,2020-01-01,2020-12-31
345691,TOBACCO_MPOWER_R_INFLATIONADJUSTEDPRICES,COUNTRY,BEL,EUR,Europe,YEAR,2008,TOBACCO_INDICATOR,TOBACCO_INDICATOR_R_afford_inflation_adjusted_price_ppp,,,,,,,7.92,7.92,,,,2025-08-18T14:33:28Z,2008,2008-01-01,2008-12-31
347687,TOBACCO_MPOWER_R_INFLATIONADJUSTEDPRICES,COUNTRY,BRA,AMR,Americas,YEAR,2008,TOBACCO_INDICATOR,TOBACCO_INDICATOR_R_afford_inflation_adjusted_price_ppp,,,,,,,2.65,2.65,,,,2025-08-18T14:33:28Z,2008,2008-01-01,2008-12-31
348324,TOBACCO_MPOWER_R_INFLATIONADJUSTEDPRICES,COUNTRY,LVA,EUR,Europe,YEAR,2014,TOBACCO_INDICATOR,TOBACCO_INDICATOR_R_afford_inflation_adjusted_price_lcu,,,,,,,4.37,4.37,,,,2025-08-18T14:33:28Z,2014,2014-01-01,2014-12-31
351986,TOBACCO_MPOWER_R_INFLATIONADJUSTEDPRICES,COUNTRY,PER,AMR,Americas,YEAR,2020,TOBACCO_INDICATOR,TOBACCO_INDICATOR_R_afford_inflation_adjusted_price_lcu,,,,,,,14.88,14.88,,,,2025-08-18T14:33:28Z,2020,2020-01-01,2020-12-31
353100,TOBACCO_MPOWER_R_INFLATIONADJUSTEDPRICES,COUNTRY,SUR,AMR,Americas,YEAR,2020,TOBACCO_INDICATOR,TOBACCO_INDICATOR_R_afford_inflation_adjusted_price_lcu,,,,,,,192.31,192.31,,,,2025-08-18T14:33:28Z,2020,2020-01-01,2020-12-31
354148,TOBACCO_MPOWER_R_INFLATIONADJUSTEDPRICES,COUNTRY,IRN,EMR,Eastern Mediterranean,YEAR,2024,TOBACCO_INDICATOR,TOBACCO_INDICATOR_R_afford_inflation_adjusted_price_ppp,,,,,,,2.96,2.96,,,,2025-08-18T14:33:28Z,2024,2024-01-01,2024-12-31
356382,TOBACCO_MPOWER_R_INFLATIONADJUSTEDPRICES,COUNTRY,MRT,AFR,Africa,YEAR,2024,TOBACCO_INDICATOR,TOBACCO_INDICATOR_R_afford_inflation_adjusted_price_ppp,,,,,,,3.56,3.56,,,,2025-08-18T14:33:28Z,2024,2024-01-01,2024-12-31
358689,TOBACCO_MPOWER_R_INFLATIONADJUSTEDPRICES,COUNTRY,MWI,AFR,Africa,YEAR,2014,TOBACCO_INDICATOR,TOBACCO_INDICATOR_R_afford_inflation_adjusted_price_lcu,,,,,,,3863.56,3863.56,,,,2025-08-18T14:33:28Z,2014,2014-01-01,2014-12-31
359982,TOBACCO_MPOWER_R_INFLATIONADJUSTEDPRICES,COUNTRY,COD,AFR,Africa,YEAR,2014,TOBACCO_INDICATOR,TOBACCO_INDICATOR_R_afford_inflation_adjusted_price_lcu,,,,,,,2679.38,2679.38,,,,2025-08-18T14:33:28Z,2014,2014-01-01,2014-12-31
360848,TOBACCO_MPOWER_R_INFLATIONADJUSTEDPRICES,COUNTRY,BRA,AMR,Americas,YEAR,2018,TOBACCO_INDICATOR,TOBACCO_INDICATOR_R_afford_inflation_adjusted_price_ppp,,,,,,,2.84,2.84,,,,2025-08-18T14:33:28Z,2018,2018-01-01,2018-12-31
363874,TOBACCO_MPOWER_R_INFLATIONADJUSTEDPRICES,COUNTRY,IRN,EMR,Eastern Mediterranean,YEAR,2022,TOBACCO_INDICATOR,TOBACCO_INDICATOR_R_afford_inflation_adjusted_price_lcu,,,,,,,466 394,466393.98,,,,2025-08-18T14:33:28Z,2022,2022-01-01,2022-12-31
366655,TOBACCO_MPOWER_R_INFLATIONADJUSTEDPRICES,COUNTRY,ETH,AFR,Africa,YEAR,2008,TOBACCO_INDICATOR,TOBACCO_INDICATOR_R_afford_inflation_adjusted_price_lcu,,,,,,,54.11,54.11,,,,2025-08-18T14:33:28Z,2008,2008-01-01,2008-12-31
370838,TOBACCO_MPOWER_R_INFLATIONADJUSTEDPRICES,COUNTRY,WSM,WPR,Western Pacific,YEAR,2018,TOBACCO_INDICATOR,TOBACCO_INDICATOR_R_afford_inflation_adjusted_price_lcu,,,,,,,17,17,,,,2025-08-18T14:33:28Z,2018,2018-01-01,2018-12-31
371848,TOBACCO_MPOWER_R_INFLATIONADJUSTEDPRICES,COUNTRY,BEN,AFR,Africa,YEAR,2012,TOBACCO_INDICATOR,TOBACCO_INDICATOR_R_afford_inflation_adjusted_price_ppp,,,,,,,3.07,3.07,,,,2025-08-18T14:33:28Z,2012,2012-01-01,2012-12-31
372470,TOBACCO_MPOWER_R_INFLATIONADJUSTEDPRICES,COUNTRY,IDN,WPR,Western Pacific,YEAR,2020,TOBACCO_INDICATOR,TOBACCO_INDICATOR_R_afford_inflation_adjusted_price_lcu,,,,,,,34 366,34365.71,,,,2025-08-18T14:33:28Z,2020,2020-01-01,2020-12-31
375610,TOBACCO_MPOWER_R_INFLATIONADJUSTEDPRICES,COUNTRY,GAB,AFR,Africa,YEAR,2010,TOBACCO_INDICATOR,TOBACCO_INDICATOR_R_afford_inflation_adjusted_price_ppp,,,,,,,4.37,4.37,,,,2025-08-18T14:33:28Z,2010,2010-01-01,2010-12-31
375963,TOBACCO_MPOWER_R_INFLATIONADJUSTEDPRICES,COUNTRY,AUS,WPR,Western Pacific,YEAR,2012,TOBACCO_INDICATOR,TOBACCO_INDICATOR_R_afford_inflation_adjusted_price_lcu,,,,,,,18.73,18.73,,,,2025-08-18T14:33:28Z,2012,2012-01-01,2012-12-31
377763,TOBACCO_MPOWER_R_INFLATIONADJUSTEDPRICES,COUNTRY,EST,EUR,Europe,YEAR,2014,TOBACCO_INDICATOR,TOBACCO_INDICATOR_R_afford_inflation_adjusted_price_ppp,,,,,,,9.01,9.01,,,,2025-08-18T14:33:28Z,2014,2014-01-01,2014-12-31
378205,TOBACCO_MPOWER_R_INFLATIONADJUSTEDPRICES,COUNTRY,COD,AFR,Africa,YEAR,2024,TOBACCO_INDICATOR,TOBACCO_INDICATOR_R_afford_inflation_adjusted_price_lcu,,,,,,,1500,1500,,,,2025-08-18T14:33:28Z,2024,2024-01-01,2024-12-31
378994,TOBACCO_MPOWER_R_INFLATIONADJUSTEDPRICES,COUNTRY,KEN,AFR,Africa,YEAR,2010,TOBACCO_INDICATOR,TOBACCO_INDICATOR_R_afford_inflation_adjusted_price_lcu,,,,,,,257.07,257.07,,,,2025-08-18T14:33:28Z,2010,2010-01-01,2010-12-31
382616,TOBACCO_MPOWER_R_INFLATIONADJUSTEDPRICES,COUNTRY,BRN,WPR,Western Pacific,YEAR,2010,TOBACCO_INDICATOR,TOBACCO_INDICATOR_R_afford_inflation_adjusted_price_ppp,,,,,,,4.2,4.2,,,,2025-08-18T14:33:28Z,2010,2010-01-01,2010-12-31
383936,TOBACCO_MPOWER_R_INFLATIONADJUSTEDPRICES,COUNTRY,GHA,AFR,Africa,YEAR,2018,TOBACCO_INDICATOR,TOBACCO_INDICATOR_R_afford_inflation_adjusted_price_lcu,,,,,,,14.59,14.59,,,,2025-08-18T14:33:28Z,2018,2018-01-01,2018-12-31
390829,TOBACCO_MPOWER_R_INFLATIONADJUSTEDPRICES,COUNTRY,SSD,AFR,Africa,YEAR,2010,TOBACCO_INDICATOR,TOBACCO_INDICATOR_R_afford_inflation_adjusted_price_lcu,,,,,,,. . .,,,,,2025-08-18T14:33:28Z,2010,2010-01-01,2010-12-31
392938,TOBACCO_MPOWER_R_INFLATIONADJUSTEDPRICES,COUNTRY,CIV,AFR,Africa,YEAR,2016,TOBACCO_INDICATOR,TOBACCO_INDICATOR_R_afford_inflation_adjusted_price_lcu,,,,,,,865.43,865.43,,,,2025-08-18T14:33:28Z,2016,2016-01-01,2016-12-31
395999,TOBACCO_MPOWER_R_INFLATIONADJUSTEDPRICES,COUNTRY,MWI,AFR,Africa,YEAR,2018,TOBACCO_INDICATOR,TOBACCO_INDICATOR_R_afford_inflation_adjusted_price_lcu,,,,,,,. . .,,,,,2025-08-18T14:33:28Z,2018,2018-01-01,2018-12-31
401684,TOBACCO_MPOWER_R_INFLATIONADJUSTEDPRICES,COUNTRY,FSM,WPR,Western Pacific,YEAR,2008,TOBACCO_INDICATOR,TOBACCO_INDICATOR_R_afford_inflation_adjusted_price_ppp,,,,,,,2.33,2.33,,,,2025-08-18T14:33:28Z,2008,2008-01-01,2008-12-31
407330,TOBACCO_MPOWER_R_INFLATIONADJUSTEDPRICES,COUNTRY,CAF,AFR,Africa,YEAR,2010,TOBACCO_INDICATOR,TOBACCO_INDICATOR_R_afford_inflation_adjusted_price_lcu,,,,,,,560.46,560.46,,,,2025-08-18T14:33:28Z,2010,2010-01-01,2010-12-31
409052,TOBACCO_MPOWER_R_INFLATIONADJUSTEDPRICES,COUNTRY,GHA,AFR,Africa,YEAR,2022,TOBACCO_INDICATOR,TOBACCO_INDICATOR_R_afford_inflation_adjusted_price_lcu,,,,,,,15.39,15.39,,,,2025-08-18T14:33:28Z,2022,2022-01-01,2022-12-31
410192,TOBACCO_MPOWER_R_INFLATIONADJUSTEDPRICES,COUNTRY,NLD,EUR,Europe,YEAR,2014,TOBACCO_INDICATOR,TOBACCO_INDICATOR_R_afford_inflation_adjusted_price_lcu,,,,,,,8.35,8.35,,,,2025-08-18T14:33:28Z,2014,2014-01-01,2014-12-31
410895,TOBACCO_MPOWER_R_INFLATIONADJUSTEDPRICES,COUNTRY,NZL,WPR,Western Pacific,YEAR,2022,TOBACCO_INDICATOR,TOBACCO_INDICATOR_R_afford_inflation_adjusted_price_lcu,,,,,,,34.28,34.28,,,,2025-08-18T14:33:28Z,2022,2022-01-01,2022-12-31
414420,TOBACCO_MPOWER_R_INFLATIONADJUSTEDPRICES,COUNTRY,SYR,EMR,Eastern Mediterranean,YEAR,2024,TOBACCO_INDICATOR,TOBACCO_INDICATOR_R_afford_inflation_adjusted_price_ppp,,,,,,,. . .,,,,,2025-08-18T14:33:28Z,2024,2024-01-01,2024-12-31
418335,TOBACCO_MPOWER_R_INFLATIONADJUSTEDPRICES,COUNTRY,RWA,AFR,Africa,YEAR,2016,TOBACCO_INDICATOR,TOBACCO_INDICATOR_R_afford_inflation_adjusted_price_lcu,,,,,,,1045.25,1045.25,,,,2025-08-18T14:33:28Z,2016,2016-01-01,2016-12-31
429518,TOBACCO_MPOWER_R_INFLATIONADJUSTEDPRICES,COUNTRY,COG,AFR,Africa,YEAR,2008,TOBACCO_INDICATOR,TOBACCO_INDICATOR_R_afford_inflation_adjusted_price_ppp,,,,,,,2.32,2.32,,,,2025-08-18T14:33:28Z,2008,2008-01-01,2008-12-31
433364,TOBACCO_MPOWER_R_INFLATIONADJUSTEDPRICES,COUNTRY,QAT,EMR,Eastern Mediterranean,YEAR,2018,TOBACCO_INDICATOR,TOBACCO_INDICATOR_R_afford_inflation_adjusted_price_lcu,,,,,,,10.8,10.8,,,,2025-08-18T14:33:28Z,2018,2018-01-01,2018-12-31
437190,TOBACCO_MPOWER_R_INFLATIONADJUSTEDPRICES,COUNTRY,ATG,AMR,Americas,YEAR,2018,TOBACCO_INDICATOR,TOBACCO_INDICATOR_R_afford_inflation_adjusted_price_lcu,,,,,,,10.01,10.01,,,,2025-08-18T14:33:28Z,2018,2018-01-01,2018-12-31
438174,TOBACCO_MPOWER_R_INFLATIONADJUSTEDPRICES,COUNTRY,JOR,EMR,Eastern Mediterranean,YEAR,2016,TOBACCO_INDICATOR,TOBACCO_INDICATOR_R_afford_inflation_adjusted_price_ppp,,,,,,,5.45,5.45,,,,2025-08-18T14:33:28Z,2016,2016-01-01,2016-12-31
439724,TOBACCO_MPOWER_R_INFLATIONADJUSTEDPRICES,COUNTRY,MYS,WPR,Western Pacific,YEAR,2020,TOBACCO_INDICATOR,TOBACCO_INDICATOR_R_afford_inflation_adjusted_price_lcu,,,,,,,19.24,19.24,,,,2025-08-18T14:33:28Z,2020,2020-01-01,2020-12-31
440400,TOBACCO_MPOWER_R_INFLATIONADJUSTEDPRICES,COUNTRY,PAN,AMR,Americas,YEAR,2020,TOBACCO_INDICATOR,TOBACCO_INDICATOR_R_afford_inflation_adjusted_price_ppp,,,,,,,9.85,9.85,,,,2025-08-18T14:33:28Z,2020,2020-01-01,2020-12-31
440658,TOBACCO_MPOWER_R_INFLATIONADJUSTEDPRICES,COUNTRY,COK,WPR,Western Pacific,YEAR,2024,TOBACCO_INDICATOR,TOBACCO_INDICATOR_R_afford_inflation_adjusted_price_lcu,,,,,,,. . .,,,,,2025-08-18T14:33:28Z,2024,2024-01-01,2024-12-31
447167,TOBACCO_MPOWER_R_INFLATIONADJUSTEDPRICES,COUNTRY,TKM,EUR,Europe,YEAR,2012,TOBACCO_INDICATOR,TOBACCO_INDICATOR_R_afford_inflation_adjusted_price_lcu,,,,,,,21.21,21.21,,,,2025-08-18T14:33:28Z,2012,2012-01-01,2012-12-31
448185,TOBACCO_MPOWER_R_INFLATIONADJUSTEDPRICES,COUNTRY,CIV,AFR,Africa,YEAR,2020,TOBACCO_INDICATOR,TOBACCO_INDICATOR_R_afford_inflation_adjusted_price_ppp,,,,,,,3.75,3.75,,,,2025-08-18T14:33:28Z,2020,2020-01-01,2020-12-31
454166,TOBACCO_MPOWER_R_INFLATIONADJUSTEDPRICES,COUNTRY,CUB,AMR,Americas,YEAR,2012,TOBACCO_INDICATOR,TOBACCO_INDICATOR_R_afford_inflation_adjusted_price_ppp,,,,,,,. . .,,,,,2025-08-18T14:33:28Z,2012,2012-01-01,2012-12-31
455744,TOBACCO_MPOWER_R_INFLATIONADJUSTEDPRICES,COUNTRY,ARG,AMR,Americas,YEAR,2008,TOBACCO_INDICATOR,TOBACCO_INDICATOR_R_afford_inflation_adjusted_price_lcu,,,,,,,. . .,,,,,2025-08-18T14:33:28Z,2008,2008-01-01,2008-12-31
456899,TOBACCO_MPOWER_R_INFLATIONADJUSTEDPRICES,COUNTRY,FRA,EUR,Europe,YEAR,2022,TOBACCO_INDICATOR,TOBACCO_INDICATOR_R_afford_inflation_adjusted_price_ppp,,,,,,,17.05,17.05,,,,2025-08-18T14:33:28Z,2022,2022-01-01,2022-12-31
458500,TOBACCO_MPOWER_R_INFLATIONADJUSTEDPRICES,COUNTRY,ARE,EMR,Eastern Mediterranean,YEAR,2024,TOBACCO_INDICATOR,TOBACCO_INDICATOR_R_afford_inflation_adjusted_price_lcu,,,,,,,22,22,,,,2025-08-18T14:33:28Z,2024,2024-01-01,2024-12-31
458812,TOBACCO_MPOWER_R_INFLATIONADJUSTEDPRICES,COUNTRY,MNG,WPR,Western Pacific,YEAR,2024,TOBACCO_INDICATOR,TOBACCO_INDICATOR_R_afford_inflation_adjusted_price_lcu,,,,,,,2300,2300,,,,2025-08-18T14:33:28Z,2024,2024-01-01,2024-12-31
464100,TOBACCO_MPOWER_R_INFLATIONADJUSTEDPRICES,COUNTRY,NOR,EUR,Europe,YEAR,2022,TOBACCO_INDICATOR,TOBACCO_INDICATOR_R_afford_inflation_adjusted_price_ppp,,,,,,,14.87,14.87,,,,2025-08-18T14:33:28Z,2022,2022-01-01,2022-12-31
466100,TOBACCO_MPOWER_R_INFLATIONADJUSTEDPRICES,COUNTRY,GAB,AFR,Africa,YEAR,2012,TOBACCO_INDICATOR,TOBACCO_INDICATOR_R_afford_inflation_adjusted_price_lcu,,,,,,,1319.8,1319.8,,,,2025-08-18T14:33:28Z,2012,2012-01-01,2012-12-31
474405,TOBACCO_MPOWER_R_INFLATIONADJUSTEDPRICES,COUNTRY,TGO,AFR,Africa,YEAR,2020,TOBACCO_INDICATOR,TOBACCO_INDICATOR_R_afford_inflation_adjusted_price_lcu,,,,,,,856.68,856.68,,,,2025-08-18T14:33:28Z,2020,2020-01-01,2020-12-31
493967,TOBACCO_MPOWER_R_INFLATIONADJUSTEDPRICES,COUNTRY,TUN,EMR,Eastern Mediterranean,YEAR,2012,TOBACCO_INDICATOR,TOBACCO_INDICATOR_R_afford_inflation_adjusted_price_lcu,,,,,,,4.58,4.58,,,,2025-08-18T14:33:28Z,2012,2012-01-01,2012-12-31
496774,TOBACCO_MPOWER_R_INFLATIONADJUSTEDPRICES,COUNTRY,TGO,AFR,Africa,YEAR,2018,TOBACCO_INDICATOR,TOBACCO_INDICATOR_R_afford_inflation_adjusted_price_ppp,,,,,,,3.28,3.28,,,,2025-08-18T14:33:28Z,2018,2018-01-01,2018-12-31
497924,TOBACCO_MPOWER_R_INFLATIONADJUSTEDPRICES,COUNTRY,DOM,AMR,Americas,YEAR,2020,TOBACCO_INDICATOR,TOBACCO_INDICATOR_R_afford_inflation_adjusted_price_lcu,,,,,,,382.48,382.48,,,,2025-08-18T14:33:28Z,2020,2020-01-01,2020-12-31
500143,TOBACCO_MPOWER_R_INFLATIONADJUSTEDPRICES,COUNTRY,SOM,EMR,Eastern Mediterranean,YEAR,2022,TOBACCO_INDICATOR,TOBACCO_INDICATOR_R_afford_inflation_adjusted_price_ppp,,,,,,,. . .,,,,,2025-08-18T14:33:28Z,2022,2022-01-01,2022-12-31
507640,TOBACCO_MPOWER_R_INFLATIONADJUSTEDPRICES,COUNTRY,TCD,AFR,Africa,YEAR,2014,TOBACCO_INDICATOR,TOBACCO_INDICATOR_R_afford_inflation_adjusted_price_ppp,,,,,,,2.4,2.4,,,,2025-08-18T14:33:28Z,2014,2014-01-01,2014-12-31
507895,TOBACCO_MPOWER_R_INFLATIONADJUSTEDPRICES,COUNTRY,NRU,WPR,Western Pacific,YEAR,2010,TOBACCO_INDICATOR,TOBACCO_INDICATOR_R_afford_inflation_adjusted_price_ppp,,,,,,,6.23,6.23,,,,2025-08-18T14:33:28Z,2010,2010-01-01,2010-12-31
508801,TOBACCO_MPOWER_R_INFLATIONADJUSTEDPRICES,COUNTRY,PAK,EMR,Eastern Mediterranean,YEAR,2020,TOBACCO_INDICATOR,TOBACCO_INDICATOR_R_afford_inflation_adjusted_price_ppp,,,,,,,2.42,2.42,,,,2025-08-18T14:33:28Z,2020,2020-01-01,2020-12-31
512451,TOBACCO_MPOWER_R_INFLATIONADJUSTEDPRICES,COUNTRY,TON,WPR,Western Pacific,YEAR,2016,TOBACCO_INDICATOR,TOBACCO_INDICATOR_R_afford_inflation_adjusted_price_ppp,,,,,,,9.31,9.31,,,,2025-08-18T14:33:28Z,2016,2016-01-01,2016-12-31
512759,TOBACCO_MPOWER_R_INFLATIONADJUSTEDPRICES,COUNTRY,PNG,WPR,Western Pacific,YEAR,2012,TOBACCO_INDICATOR,TOBACCO_INDICATOR_R_afford_inflation_adjusted_price_lcu,,,,,,,25.35,25.35,,,,2025-08-18T14:33:28Z,2012,2012-01-01,2012-12-31
512939,TOBACCO_MPOWER_R_INFLATIONADJUSTEDPRICES,COUNTRY,BRN,WPR,Western Pacific,YEAR,2018,TOBACCO_INDICATOR,TOBACCO_INDICATOR_R_afford_inflation_adjusted_price_lcu,,,,,,,. . .,,,,,2025-08-18T14:33:28Z,2018,2018-01-01,2018-12-31
513981,TOBACCO_MPOWER_R_INFLATIONADJUSTEDPRICES,COUNTRY,PAK,EMR,Eastern Mediterranean,YEAR,2024,TOBACCO_INDICATOR,TOBACCO_INDICATOR_R_afford_inflation_adjusted_price_ppp,,,,,,,3.46,3.46,,,,2025-08-18T14:33:28Z,2024,2024-01-01,2024-12-31
515655,TOBACCO_MPOWER_R_INFLATIONADJUSTEDPRICES,COUNTRY,BGR,EUR,Europe,YEAR,2022,TOBACCO_INDICATOR,TOBACCO_INDICATOR_R_afford_inflation_adjusted_price_ppp,,,,,,,7.2,7.2,,,,2025-08-18T14:33:28Z,2022,2022-01-01,2022-12-31
515857,TOBACCO_MPOWER_R_INFLATIONADJUSTEDPRICES,COUNTRY,AND,EUR,Europe,YEAR,2014,TOBACCO_INDICATOR,TOBACCO_INDICATOR_R_afford_inflation_adjusted_price_ppp,,,,,,,6.73,6.73,,,,2025-08-18T14:33:28Z,2014,2014-01-01,2014-12-31
518192,TOBACCO_MPOWER_R_INFLATIONADJUSTEDPRICES,COUNTRY,KNA,AMR,Americas,YEAR,2010,TOBACCO_INDICATOR,TOBACCO_INDICATOR_R_afford_inflation_adjusted_price_ppp,,,,,,,4.62,4.62,,,,2025-08-18T14:33:28Z,2010,2010-01-01,2010-12-31
529707,TOBACCO_MPOWER_R_INFLATIONADJUSTEDPRICES,COUNTRY,SVK,EUR,Europe,YEAR,2018,TOBACCO_INDICATOR,TOBACCO_INDICATOR_R_afford_inflation_adjusted_price_ppp,,,,,,,7.84,7.84,,,,2025-08-18T14:33:28Z,2018,2018-01-01,2018-12-31
530238,TOBACCO_MPOWER_R_INFLATIONADJUSTEDPRICES,COUNTRY,MNE,EUR,Europe,YEAR,2024,TOBACCO_INDICATOR,TOBACCO_INDICATOR_R_afford_inflation_adjusted_price_lcu,,,,,,,3.1,3.1,,,,2025-08-18T14:33:28Z,2024,2024-01-01,2024-12-31
532212,TOBACCO_MPOWER_R_INFLATIONADJUSTEDPRICES,COUNTRY,GIN,AFR,Africa,YEAR,2024,TOBACCO_INDICATOR,TOBACCO_INDICATOR_R_afford_inflation_adjusted_price_ppp,,,,,,,1.85,1.85,,,,2025-08-18T14:33:28Z,2024,2024-01-01,2024-12-31
534207,TOBACCO_MPOWER_R_INFLATIONADJUSTEDPRICES,COUNTRY,EGY,EMR,Eastern Mediterranean,YEAR,2018,TOBACCO_INDICATOR,TOBACCO_INDICATOR_R_afford_inflation_adjusted_price_lcu,,,,,,,36.21,36.21,,,,2025-08-18T14:33:28Z,2018,2018-01-01,2018-12-31
534583,TOBACCO_MPOWER_R_INFLATIONADJUSTEDPRICES,COUNTRY,GRC,EUR,Europe,YEAR,2016,TOBACCO_INDICATOR,TOBACCO_INDICATOR_R_afford_inflation_adjusted_price_ppp,,,,,,,8.95,8.95,,,,2025-08-18T14:33:28Z,2016,2016-01-01,2016-12-31
538420,TOBACCO_MPOWER_R_INFLATIONADJUSTEDPRICES,COUNTRY,DOM,AMR,Americas,YEAR,2014,TOBACCO_INDICATOR,TOBACCO_INDICATOR_R_afford_inflation_adjusted_price_ppp,,,,,,,9.95,9.95,,,,2025-08-18T14:33:28Z,2014,2014-01-01,2014-12-31
541134,TOBACCO_MPOWER_R_INFLATIONADJUSTEDPRICES,COUNTRY,CHE,EUR,Europe,YEAR,2020,TOBACCO_INDICATOR,TOBACCO_INDICATOR_R_afford_inflation_adjusted_price_lcu,,,,,,,9.4,9.4,,,,2025-08-18T14:33:28Z,2020,2020-01-01,2020-12-31
543875,TOBACCO_MPOWER_R_INFLATIONADJUSTEDPRICES,COUNTRY,ZWE,AFR,Africa,YEAR,2018,TOBACCO_INDICATOR,TOBACCO_INDICATOR_R_afford_inflation_adjusted_price_ppp,,,,,,,. . .,,,,,2025-08-18T14:33:28Z,2018,2018-01-01,2018-12-31
545753,TOBACCO_MPOWER_R_INFLATIONADJUSTEDPRICES,COUNTRY,GHA,AFR,Africa,YEAR,2016,TOBACCO_INDICATOR,TOBACCO_INDICATOR_R_afford_inflation_adjusted_price_ppp,,,,,,,4.19,4.19,,,,2025-08-18T14:33:28Z,2016,2016-01-01,2016-12-31
546747,TOBACCO_MPOWER_R_INFLATIONADJUSTEDPRICES,COUNTRY,AGO,AFR,Africa,YEAR,2010,TOBACCO_INDICATOR,TOBACCO_INDICATOR_R_afford_inflation_adjusted_price_lcu,,,,,,,. . .,,,,,2025-08-18T14:33:28Z,2010,2010-01-01,2010-12-31
561349,TOBACCO_MPOWER_R_INFLATIONADJUSTEDPRICES,COUNTRY,TLS,SEAR,South-East Asia,YEAR,2012,TOBACCO_INDICATOR,TOBACCO_INDICATOR_R_afford_inflation_adjusted_price_ppp,,,,,,,5.4,5.4,,,,2025-08-18T14:33:28Z,2012,2012-01-01,2012-12-31
561510,TOBACCO_MPOWER_R_INFLATIONADJUSTEDPRICES,COUNTRY,CYP,EUR,Europe,YEAR,2008,TOBACCO_INDICATOR,TOBACCO_INDICATOR_R_afford_inflation_adjusted_price_ppp,,,,,,,6.04,6.04,,,,2025-08-18T14:33:28Z,2008,2008-01-01,2008-12-31
562994,TOBACCO_MPOWER_R_INFLATIONADJUSTEDPRICES,COUNTRY,GMB,AFR,Africa,YEAR,2010,TOBACCO_INDICATOR,TOBACCO_INDICATOR_R_afford_inflation_adjusted_price_lcu,,,,,,,28.66,28.66,,,,2025-08-18T14:33:28Z,2010,2010-01-01,2010-12-31
568076,TOBACCO_MPOWER_R_INFLATIONADJUSTEDPRICES,COUNTRY,DMA,AMR,Americas,YEAR,2022,TOBACCO_INDICATOR,TOBACCO_INDICATOR_R_afford_inflation_adjusted_price_lcu,,,,,,,7.7,7.7,,,,2025-08-18T14:33:28Z,2022,2022-01-01,2022-12-31
570884,TOBACCO_MPOWER_R_INFLATIONADJUSTEDPRICES,COUNTRY,ATG,AMR,Americas,YEAR,2020,TOBACCO_INDICATOR,TOBACCO_INDICATOR_R_afford_inflation_adjusted_price_lcu,,,,,,,17.22,17.22,,,,2025-08-18T14:33:28Z,2020,2020-01-01,2020-12-31
574696,TOBACCO_MPOWER_R_INFLATIONADJUSTEDPRICES,COUNTRY,SLE,AFR,Africa,YEAR,2018,TOBACCO_INDICATOR,TOBACCO_INDICATOR_R_afford_inflation_adjusted_price_lcu,,,,,,,17.58,17.58,,,,2025-08-18T14:33:28Z,2018,2018-01-01,2018-12-31
576628,TOBACCO_MPOWER_R_INFLATIONADJUSTEDPRICES,COUNTRY,BGR,EUR,Europe,YEAR,2024,TOBACCO_INDICATOR,TOBACCO_INDICATOR_R_afford_inflation_adjusted_price_lcu,,,,,,,5.5,5.5,,,,2025-08-18T14:33:28Z,2024,2024-01-01,2024-12-31
580907,TOBACCO_MPOWER_R_INFLATIONADJUSTEDPRICES,COUNTRY,CAN,AMR,Americas,YEAR,2022,TOBACCO_INDICATOR,TOBACCO_INDICATOR_R_afford_inflation_adjusted_price_ppp,,,,,,,11.92,11.92,,,,2025-08-18T14:33:28Z,2022,2022-01-01,2022-12-31
585920,TOBACCO_MPOWER_R_INFLATIONADJUSTEDPRICES,COUNTRY,NZL,WPR,Western Pacific,YEAR,2014,TOBACCO_INDICATOR,TOBACCO_INDICATOR_R_afford_inflation_adjusted_price_lcu,,,,,,,22.25,22.25,,,,2025-08-18T14:33:28Z,2014,2014-01-01,2014-12-31
591084,TOBACCO_MPOWER_R_INFLATIONADJUSTEDPRICES,COUNTRY,BLZ,AMR,Americas,YEAR,2020,TOBACCO_INDICATOR,TOBACCO_INDICATOR_R_afford_inflation_adjusted_price_lcu,,,,,,,6.51,6.51,,,,2025-08-18T14:33:28Z,2020,2020-01-01,2020-12-31
595671,TOBACCO_MPOWER_R_INFLATIONADJUSTEDPRICES,COUNTRY,IRQ,EMR,Eastern Mediterranean,YEAR,2008,TOBACCO_INDICATOR,TOBACCO_INDICATOR_R_afford_inflation_adjusted_price_ppp,,,,,,,0.97,0.97,,,,2025-08-18T14:33:28Z,2008,2008-01-01,2008-12-31
600168,TOBACCO_MPOWER_R_INFLATIONADJUSTEDPRICES,COUNTRY,ZMB,AFR,Africa,YEAR,2022,TOBACCO_INDICATOR,TOBACCO_INDICATOR_R_afford_inflation_adjusted_price_ppp,,,,,,,3.36,3.36,,,,2025-08-18T14:33:28Z,2022,2022-01-01,2022-12-31
603394,TOBACCO_MPOWER_R_INFLATIONADJUSTEDPRICES,COUNTRY,CIV,AFR,Africa,YEAR,2012,TOBACCO_INDICATOR,TOBACCO_INDICATOR_R_afford_inflation_adjusted_price_ppp,,,,,,,3.97,3.97,,,,2025-08-18T14:33:28Z,2012,2012-01-01,2012-12-31
604820,TOBACCO_MPOWER_R_INFLATIONADJUSTEDPRICES,COUNTRY,LBR,AFR,Africa,YEAR,2012,TOBACCO_INDICATOR,TOBACCO_INDICATOR_R_afford_inflation_adjusted_price_lcu,,,,,,,256.81,256.81,,,,2025-08-18T14:33:28Z,2012,2012-01-01,2012-12-31
606404,TOBACCO_MPOWER_R_INFLATIONADJUSTEDPRICES,COUNTRY,AGO,AFR,Africa,YEAR,2024,TOBACCO_INDICATOR,TOBACCO_INDICATOR_R_afford_inflation_adjusted_price_ppp,,,,,,,5.69,5.69,,,,2025-08-18T14:33:28Z,2024,2024-01-01,2024-12-31
609982,TOBACCO_MPOWER_R_INFLATIONADJUSTEDPRICES,COUNTRY,HUN,EUR,Europe,YEAR,2022,TOBACCO_INDICATOR,TOBACCO_INDICATOR_R_afford_inflation_adjusted_price_lcu,,,,,,,2478.24,2478.24,,,,2025-08-18T14:33:28Z,2022,2022-01-01,2022-12-31
614431,TOBACCO_MPOWER_R_INFLATIONADJUSTEDPRICES,COUNTRY,COK,WPR,Western Pacific,YEAR,2014,TOBACCO_INDICATOR,TOBACCO_INDICATOR_R_afford_inflation_adjusted_price_ppp,,,,,,,. . .,,,,,2025-08-18T14:33:28Z,2014,2014-01-01,2014-12-31
622289,TOBACCO_MPOWER_R_INFLATIONADJUSTEDPRICES,COUNTRY,SVN,EUR,Europe,YEAR,2024,TOBACCO_INDICATOR,TOBACCO_INDICATOR_R_afford_inflation_adjusted_price_ppp,,,,,,,8.82,8.82,,,,2025-08-18T14:33:28Z,2024,2024-01-01,2024-12-31
624121,TOBACCO_MPOWER_R_INFLATIONADJUSTEDPRICES,COUNTRY,DJI,EMR,Eastern Mediterranean,YEAR,2008,TOBACCO_INDICATOR,TOBACCO_INDICATOR_R_afford_inflation_adjusted_price_lcu,,,,,,,260.15,260.15,,,,2025-08-18T14:33:28Z,2008,2008-01-01,2008-12-31
624762,TOBACCO_MPOWER_R_INFLATIONADJUSTEDPRICES,COUNTRY,PLW,WPR,Western Pacific,YEAR,2016,TOBACCO_INDICATOR,TOBACCO_INDICATOR_R_afford_inflation_adjusted_price_lcu,,,,,,,9.28,9.28,,,,2025-08-18T14:33:28Z,2016,2016-01-01,2016-12-31
624779,TOBACCO_MPOWER_R_INFLATIONADJUSTEDPRICES,COUNTRY,PLW,WPR,Western Pacific,YEAR,2008,TOBACCO_INDICATOR,TOBACCO_INDICATOR_R_afford_inflation_adjusted_price_lcu,,,,,,,5.94,5.94,,,,2025-08-18T14:33:28Z,2008,2008-01-01,2008-12-31
628384,TOBACCO_MPOWER_R_INFLATIONADJUSTEDPRICES,COUNTRY,PLW,WPR,Western Pacific,YEAR,2014,TOBACCO_INDICATOR,TOBACCO_INDICATOR_R_afford_inflation_adjusted_price_ppp,,,,,,,6.81,6.81,,,,2025-08-18T14:33:28Z,2014,2014-01-01,2014-12-31
629498,TOBACCO_MPOWER_R_INFLATIONADJUSTEDPRICES,COUNTRY,POL,EUR,Europe,YEAR,2020,TOBACCO_INDICATOR,TOBACCO_INDICATOR_R_afford_inflation_adjusted_price_lcu,,,,,,,22.91,22.91,,,,2025-08-18T14:33:28Z,2020,2020-01-01,2020-12-31
631024,TOBACCO_MPOWER_R_INFLATIONADJUSTEDPRICES,COUNTRY,KAZ,EUR,Europe,YEAR,2018,TOBACCO_INDICATOR,TOBACCO_INDICATOR_R_afford_inflation_adjusted_price_ppp,,,,,,,3.46,3.46,,,,2025-08-18T14:33:28Z,2018,2018-01-01,2018-12-31
631888,TOBACCO_MPOWER_R_INFLATIONADJUSTEDPRICES,COUNTRY,LAO,WPR,Western Pacific,YEAR,2022,TOBACCO_INDICATOR,TOBACCO_INDICATOR_R_afford_inflation_adjusted_price_lcu,,,,,,,11 311,11311.03,,,,2025-08-18T14:33:28Z,2022,2022-01-01,2022-12-31
633760,TOBACCO_MPOWER_R_INFLATIONADJUSTEDPRICES,COUNTRY,GTM,AMR,Americas,YEAR,2010,TOBACCO_INDICATOR,TOBACCO_INDICATOR_R_afford_inflation_adjusted_price_ppp,,,,,,,6.48,6.48,,,,2025-08-18T14:33:28Z,2010,2010-01-01,2010-12-31
639974,TOBACCO_MPOWER_R_INFLATIONADJUSTEDPRICES,COUNTRY,TON,WPR,Western Pacific,YEAR,2012,TOBACCO_INDICATOR,TOBACCO_INDICATOR_R_afford_inflation_adjusted_price_lcu,,,,,,,12.35,12.35,,,,2025-08-18T14:33:28Z,2012,2012-01-01,2012-12-31
640751,TOBACCO_MPOWER_R_INFLATIONADJUSTEDPRICES,COUNTRY,AND,EUR,Europe,YEAR,2012,TOBACCO_INDICATOR,TOBACCO_INDICATOR_R_afford_inflation_adjusted_price_ppp,,,,,,,5.97,5.97,,,,2025-08-18T14:33:28Z,2012,2012-01-01,2012-12-31
642063,TOBACCO_MPOWER_R_INFLATIONADJUSTEDPRICES,COUNTRY,LTU,EUR,Europe,YEAR,2010,TOBACCO_INDICATOR,TOBACCO_INDICATOR_R_afford_inflation_adjusted_price_ppp,,,,,,,6.54,6.54,,,,2025-08-18T14:33:28Z,2010,2010-01-01,2010-12-31
645819,TOBACCO_MPOWER_R_INFLATIONADJUSTEDPRICES,COUNTRY,KHM,WPR,Western Pacific,YEAR,2012,TOBACCO_INDICATOR,TOBACCO_INDICATOR_R_afford_inflation_adjusted_price_ppp,,,,,,,1.68,1.68,,,,2025-08-18T14:33:28Z,2012,2012-01-01,2012-12-31
652837,TOBACCO_MPOWER_R_INFLATIONADJUSTEDPRICES,COUNTRY,ESP,EUR,Europe,YEAR,2014,TOBACCO_INDICATOR,TOBACCO_INDICATOR_R_afford_inflation_adjusted_price_lcu,,,,,,,5.88,5.88,,,,2025-08-18T14:33:28Z,2014,2014-01-01,2014-12-31
654283,TOBACCO_MPOWER_R_INFLATIONADJUSTEDPRICES,COUNTRY,KWT,EMR,Eastern Mediterranean,YEAR,2022,TOBACCO_INDICATOR,TOBACCO_INDICATOR_R_afford_inflation_adjusted_price_lcu,,,,,,,0.91,0.91,,,,2025-08-18T14:33:28Z,2022,2022-01-01,2022-12-31
655992,TOBACCO_MPOWER_R_INFLATIONADJUSTEDPRICES,COUNTRY,KEN,AFR,Africa,YEAR,2008,TOBACCO_INDICATOR,TOBACCO_INDICATOR_R_afford_inflation_adjusted_price_lcu,,,,,,,236.61,236.61,,,,2025-08-18T14:33:28Z,2008,2008-01-01,2008-12-31
659938,TOBACCO_MPOWER_R_INFLATIONADJUSTEDPRICES,COUNTRY,STP,AFR,Africa,YEAR,2010,TOBACCO_INDICATOR,TOBACCO_INDICATOR_R_afford_inflation_adjusted_price_lcu,,,,,,,78.1,78.1,,,,2025-08-18T14:33:28Z,2010,2010-01-01,2010-12-31
661338,TOBACCO_MPOWER_R_INFLATIONADJUSTEDPRICES,COUNTRY,DJI,EMR,Eastern Mediterranean,YEAR,2010,TOBACCO_INDICATOR,TOBACCO_INDICATOR_R_afford_inflation_adjusted_price_ppp,,,,,,,3.02,3.02,,,,2025-08-18T14:33:28Z,2010,2010-01-01,2010-12-31
663273,TOBACCO_MPOWER_R_INFLATIONADJUSTEDPRICES,COUNTRY,PRT,EUR,Europe,YEAR,2018,TOBACCO_INDICATOR,TOBACCO_INDICATOR_R_afford_inflation_adjusted_price_ppp,,,,,,,10.94,10.94,,,,2025-08-18T14:33:28Z,2018,2018-01-01,2018-12-31
672203,TOBACCO_MPOWER_R_INFLATIONADJUSTEDPRICES,COUNTRY,CHN,WPR,Western Pacific,YEAR,2020,TOBACCO_INDICATOR,TOBACCO_INDICATOR_R_afford_inflation_adjusted_price_ppp,,,,,,,4.64,4.64,,,,2025-08-18T14:33:28Z,2020,2020-01-01,2020-12-31
674609,TOBACCO_MPOWER_R_INFLATIONADJUSTEDPRICES,COUNTRY,JPN,WPR,Western Pacific,YEAR,2022,TOBACCO_INDICATOR,TOBACCO_INDICATOR_R_afford_inflation_adjusted_price_ppp,,,,,,,6.95,6.95,,,,2025-08-18T14:33:28Z,2022,2022-01-01,2022-12-31
674851,TOBACCO_MPOWER_R_INFLATIONADJUSTEDPRICES,COUNTRY,MNG,WPR,Western Pacific,YEAR,2008,TOBACCO_INDICATOR,TOBACCO_INDICATOR_R_afford_inflation_adjusted_price_lcu,,,,,,,1751.36,1751.36,,,,2025-08-18T14:33:28Z,2008,2008-01-01,2008-12-31
675718,TOBACCO_MPOWER_R_INFLATIONADJUSTEDPRICES,COUNTRY,STP,AFR,Africa,YEAR,2020,TOBACCO_INDICATOR,TOBACCO_INDICATOR_R_afford_inflation_adjusted_price_lcu,,,,,,,53.08,53.08,,,,2025-08-18T14:33:28Z,2020,2020-01-01,2020-12-31
681305,TOBACCO_MPOWER_R_INFLATIONADJUSTEDPRICES,COUNTRY,BFA,AFR,Africa,YEAR,2010,TOBACCO_INDICATOR,TOBACCO_INDICATOR_R_afford_inflation_adjusted_price_ppp,,,,,,,3.57,3.57,,,,2025-08-18T14:33:28Z,2010,2010-01-01,2010-12-31
686010,TOBACCO_MPOWER_R_INFLATIONADJUSTEDPRICES,COUNTRY,MWI,AFR,Africa,YEAR,2008,TOBACCO_INDICATOR,TOBACCO_INDICATOR_R_afford_inflation_adjusted_price_lcu,,,,,,,1748.46,1748.46,,,,2025-08-18T14:33:28Z,2008,2008-01-01,2008-12-31
691727,TOBACCO_MPOWER_R_INFLATIONADJUSTEDPRICES,COUNTRY,CPV,AFR,Africa,YEAR,2008,TOBACCO_INDICATOR,TOBACCO_INDICATOR_R_afford_inflation_adjusted_price_ppp,,,,,,,5.42,5.42,,,,2025-08-18T14:33:28Z,2008,2008-01-01,2008-12-31
693055,TOBACCO_MPOWER_R_INFLATIONADJUSTEDPRICES,COUNTRY,IRL,EUR,Europe,YEAR,2016,TOBACCO_INDICATOR,TOBACCO_INDICATOR_R_afford_inflation_adjusted_price_lcu,,,,,,,12.92,12.92,,,,2025-08-18T14:33:28Z,2016,2016-01-01,2016-12-31
694560,TOBACCO_MPOWER_R_INFLATIONADJUSTEDPRICES,COUNTRY,MAR,EMR,Eastern Mediterranean,YEAR,2012,TOBACCO_INDICATOR,TOBACCO_INDICATOR_R_afford_inflation_adjusted_price_ppp,,,,,,,5.99,5.99,,,,2025-08-18T14:33:28Z,2012,2012-01-01,2012-12-31
697578,TOBACCO_MPOWER_R_INFLATIONADJUSTEDPRICES,COUNTRY,TJK,EUR,Europe,YEAR,2022,TOBACCO_INDICATOR,TOBACCO_INDICATOR_R_afford_inflation_adjusted_price_lcu,,,,,,,11.26,11.26,,,,2025-08-18T14:33:28Z,2022,2022-01-01,2022-12-31
697811,TOBACCO_MPOWER_R_INFLATIONADJUSTEDPRICES,COUNTRY,MHL,WPR,Western Pacific,YEAR,2018,TOBACCO_INDICATOR,TOBACCO_INDICATOR_R_afford_inflation_adjusted_price_ppp,,,,,,,2.91,2.91,,,,2025-08-18T14:33:28Z,2018,2018-01-01,2018-12-31
706013,TOBACCO_MPOWER_R_INFLATIONADJUSTEDPRICES,COUNTRY,UKR,EUR,Europe,YEAR,2016,TOBACCO_INDICATOR,TOBACCO_INDICATOR_R_afford_inflation_adjusted_price_ppp,,,,,,,3.84,3.84,,,,2025-08-18T14:33:28Z,2016,2016-01-01,2016-12-31
708123,TOBACCO_MPOWER_R_INFLATIONADJUSTEDPRICES,COUNTRY,CHL,AMR,Americas,YEAR,2008,TOBACCO_INDICATOR,TOBACCO_INDICATOR_R_afford_inflation_adjusted_price_lcu,,,,,,,1952.28,1952.28,,,,2025-08-18T14:33:28Z,2008,2008-01-01,2008-12-31
716398,TOBACCO_MPOWER_R_INFLATIONADJUSTEDPRICES,COUNTRY,PSE,EMR,Eastern Mediterranean,YEAR,2022,TOBACCO_INDICATOR,TOBACCO_INDICATOR_R_afford_inflation_adjusted_price_ppp,,,,,,,11.39,11.39,,,,2025-08-18T14:33:28Z,2022,2022-01-01,2022-12-31
717905,TOBACCO_MPOWER_R_INFLATIONADJUSTEDPRICES,COUNTRY,MOZ,AFR,Africa,YEAR,2016,TOBACCO_INDICATOR,TOBACCO_INDICATOR_R_afford_inflation_adjusted_price_ppp,,,,,,,2.08,2.08,,,,2025-08-18T14:33:28Z,2016,2016-01-01,2016-12-31
718964,TOBACCO_MPOWER_R_INFLATIONADJUSTEDPRICES,COUNTRY,LSO,AFR,Africa,YEAR,2024,TOBACCO_INDICATOR,TOBACCO_INDICATOR_R_afford_inflation_adjusted_price_lcu,,,,,,,62,62,,,,2025-08-18T14:33:28Z,2024,2024-01-01,2024-12-31
720970,TOBACCO_MPOWER_R_INFLATIONADJUSTEDPRICES,COUNTRY,VEN,AMR,Americas,YEAR,2018,TOBACCO_INDICATOR,TOBACCO_INDICATOR_R_afford_inflation_adjusted_price_lcu,,,,,,,. . .,,,,Data not validated by the national authorities.,2025-08-18T14:33:28Z,2018,2018-01-01,2018-12-31
722121,TOBACCO_MPOWER_R_INFLATIONADJUSTEDPRICES,COUNTRY,CAN,AMR,Americas,YEAR,2024,TOBACCO_INDICATOR,TOBACCO_INDICATOR_R_afford_inflation_adjusted_price_lcu,,,,,,,13.74,13.74,,,,2025-08-18T14:33:28Z,2024,2024-01-01,2024-12-31
723877,TOBACCO_MPOWER_R_INFLATIONADJUSTEDPRICES,COUNTRY,BLR,EUR,Europe,YEAR,2022,TOBACCO_INDICATOR,TOBACCO_INDICATOR_R_afford_inflation_adjusted_price_ppp,,,,,,,2.35,2.35,,,,2025-08-18T14:33:28Z,2022,2022-01-01,2022-12-31
725002,TOBACCO_MPOWER_R_INFLATIONADJUSTEDPRICES,COUNTRY,DMA,AMR,Americas,YEAR,2016,TOBACCO_INDICATOR,TOBACCO_INDICATOR_R_afford_inflation_adjusted_price_ppp,,,,,,,3.06,3.06,,,,2025-08-18T14:33:28Z,2016,2016-01-01,2016-12-31
726379,TOBACCO_MPOWER_R_INFLATIONADJUSTEDPRICES,COUNTRY,SYC,AFR,Africa,YEAR,2016,TOBACCO_INDICATOR,TOBACCO_INDICATOR_R_afford_inflation_adjusted_price_ppp,,,,,,,17.74,17.74,,,,2025-08-18T14:33:28Z,2016,2016-01-01,2016-12-31
731805,TOBACCO_MPOWER_R_INFLATIONADJUSTEDPRICES,COUNTRY,SDN,EMR,Eastern Mediterranean,YEAR,2020,TOBACCO_INDICATOR,TOBACCO_INDICATOR_R_afford_inflation_adjusted_price_lcu,,,,,,,3227.13,3227.13,,,,2025-08-18T14:33:28Z,2020,2020-01-01,2020-12-31
737256,TOBACCO_MPOWER_R_INFLATIONADJUSTEDPRICES,COUNTRY,SEN,AFR,Africa,YEAR,2024,TOBACCO_INDICATOR,TOBACCO_INDICATOR_R_afford_inflation_adjusted_price_lcu,,,,,,,1000,1000,,,,2025-08-18T14:33:28Z,2024,2024-01-01,2024-12-31
737540,TOBACCO_MPOWER_R_INFLATIONADJUSTEDPRICES,COUNTRY,SLB,WPR,Western Pacific,YEAR,2010,TOBACCO_INDICATOR,TOBACCO_INDICATOR_R_afford_inflation_adjusted_price_ppp,,,,,,,. . .,,,,,2025-08-18T14:33:28Z,2010,2010-01-01,2010-12-31
741370,TOBACCO_MPOWER_R_INFLATIONADJUSTEDPRICES,COUNTRY,LUX,EUR,Europe,YEAR,2016,TOBACCO_INDICATOR,TOBACCO_INDICATOR_R_afford_inflation_adjusted_price_ppp,,,,,,,8.04,8.04,,,,2025-08-18T14:33:28Z,2016,2016-01-01,2016-12-31
742177,TOBACCO_MPOWER_R_INFLATIONADJUSTEDPRICES,COUNTRY,NIC,AMR,Americas,YEAR,2014,TOBACCO_INDICATOR,TOBACCO_INDICATOR_R_afford_inflation_adjusted_price_lcu,,,,,,,. . .,,,,,2025-08-18T14:33:28Z,2014,2014-01-01,2014-12-31
747474,TOBACCO_MPOWER_R_INFLATIONADJUSTEDPRICES,COUNTRY,TZA,AFR,Africa,YEAR,2016,TOBACCO_INDICATOR,TOBACCO_INDICATOR_R_afford_inflation_adjusted_price_ppp,,,,,,,4.51,4.51,,,,2025-08-18T14:33:28Z,2016,2016-01-01,2016-12-31
748461,TOBACCO_MPOWER_R_INFLATIONADJUSTEDPRICES,COUNTRY,MDG,AFR,Africa,YEAR,2010,TOBACCO_INDICATOR,TOBACCO_INDICATOR_R_afford_inflation_adjusted_price_ppp,,,,,,,4.15,4.15,,,,2025-08-18T14:33:28Z,2010,2010-01-01,2010-12-31
752760,TOBACCO_MPOWER_R_INFLATIONADJUSTEDPRICES,COUNTRY,HUN,EUR,Europe,YEAR,2020,TOBACCO_INDICATOR,TOBACCO_INDICATOR_R_afford_inflation_adjusted_price_ppp,,,,,,,12.69,12.69,,,,2025-08-18T14:33:28Z,2020,2020-01-01,2020-12-31
753820,TOBACCO_MPOWER_R_INFLATIONADJUSTEDPRICES,COUNTRY,EST,EUR,Europe,YEAR,2020,TOBACCO_INDICATOR,TOBACCO_INDICATOR_R_afford_inflation_adjusted_price_lcu,,,,,,,5.65,5.65,,,,2025-08-18T14:33:28Z,2020,2020-01-01,2020-12-31
759289,TOBACCO_MPOWER_R_INFLATIONADJUSTEDPRICES,COUNTRY,KNA,AMR,Americas,YEAR,2010,TOBACCO_INDICATOR,TOBACCO_INDICATOR_R_afford_inflation_adjusted_price_lcu,,,,,,,7.28,7.28,,,,2025-08-18T14:33:28Z,2010,2010-01-01,2010-12-31
760121,TOBACCO_MPOWER_R_INFLATIONADJUSTEDPRICES,COUNTRY,SGP,WPR,Western Pacific,YEAR,2014,TOBACCO_INDICATOR,TOBACCO_INDICATOR_R_afford_inflation_adjusted_price_lcu,,,,,,,15.21,15.21,,,,2025-08-18T14:33:28Z,2014,2014-01-01,2014-12-31
760695,TOBACCO_MPOWER_R_INFLATIONADJUSTEDPRICES,COUNTRY,GIN,AFR,Africa,YEAR,2018,TOBACCO_INDICATOR,TOBACCO_INDICATOR_R_afford_inflation_adjusted_price_lcu,,,,,,,. . .,,,,,2025-08-18T14:33:28Z,2018,2018-01-01,2018-12-31
762137,TOBACCO_MPOWER_R_INFLATIONADJUSTEDPRICES,COUNTRY,BLZ,AMR,Americas,YEAR,2010,TOBACCO_INDICATOR,TOBACCO_INDICATOR_R_afford_inflation_adjusted_price_ppp,,,,,,,5.53,5.53,,,,2025-08-18T14:33:28Z,2010,2010-01-01,2010-12-31
771337,TOBACCO_MPOWER_R_INFLATIONADJUSTEDPRICES,COUNTRY,BTN,SEAR,South-East Asia,YEAR,2010,TOBACCO_INDICATOR,TOBACCO_INDICATOR_R_afford_inflation_adjusted_price_lcu,,,,,,,. . .,,,,,2025-08-18T14:33:28Z,2010,2010-01-01,2010-12-31
782328,TOBACCO_MPOWER_R_INFLATIONADJUSTEDPRICES,COUNTRY,CRI,AMR,Americas,YEAR,2020,TOBACCO_INDICATOR,TOBACCO_INDICATOR_R_afford_inflation_adjusted_price_lcu,,,,,,,2205.34,2205.34,,,,2025-08-18T14:33:28Z,2020,2020-01-01,2020-12-31
783440,TOBACCO_MPOWER_R_INFLATIONADJUSTEDPRICES,COUNTRY,KHM,WPR,Western Pacific,YEAR,2012,TOBACCO_INDICATOR,TOBACCO_INDICATOR_R_afford_inflation_adjusted_price_lcu,,,,,,,2342.41,2342.41,,,,2025-08-18T14:33:28Z,2012,2012-01-01,2012-12-31
786985,TOBACCO_MPOWER_R_INFLATIONADJUSTEDPRICES,COUNTRY,CAF,AFR,Africa,YEAR,2018,TOBACCO_INDICATOR,TOBACCO_INDICATOR_R_afford_inflation_adjusted_price_ppp,,,,,,,2.46,2.46,,,,2025-08-18T14:33:28Z,2018,2018-01-01,2018-12-31
788867,TOBACCO_MPOWER_R_INFLATIONADJUSTEDPRICES,COUNTRY,SYC,AFR,Africa,YEAR,2008,TOBACCO_INDICATOR,TOBACCO_INDICATOR_R_afford_inflation_adjusted_price_lcu,,,,,,,0.13,0.13,,,,2025-08-18T14:33:28Z,2008,2008-01-01,2008-12-31
794829,TOBACCO_MPOWER_R_INFLATIONADJUSTEDPRICES,COUNTRY,NZL,WPR,Western Pacific,YEAR,2020,TOBACCO_INDICATOR,TOBACCO_INDICATOR_R_afford_inflation_adjusted_price_ppp,,,,,,,25.46,25.46,,,,2025-08-18T14:33:28Z,2020,2020-01-01,2020-12-31
798529,TOBACCO_MPOWER_R_INFLATIONADJUSTEDPRICES,COUNTRY,KEN,AFR,Africa,YEAR,2016,TOBACCO_INDICATOR,TOBACCO_INDICATOR_R_afford_inflation_adjusted_price_ppp,,,,,,,4.35,4.35,,,,2025-08-18T14:33:28Z,2016,2016-01-01,2016-12-31
798806,TOBACCO_MPOWER_R_INFLATIONADJUSTEDPRICES,COUNTRY,IDN,WPR,Western Pacific,YEAR,2008,TOBACCO_INDICATOR,TOBACCO_INDICATOR_R_afford_inflation_adjusted_price_ppp,,,,,,,5.26,5.26,,,,2025-08-18T14:33:28Z,2008,2008-01-01,2008-12-31
799269,TOBACCO_MPOWER_R_INFLATIONADJUSTEDPRICES,COUNTRY,CHL,AMR,Americas,YEAR,2012,TOBACCO_INDICATOR,TOBACCO_INDICATOR_R_afford_inflation_adjusted_price_lcu,,,,,,,2712.95,2712.95,,,,2025-08-18T14:33:28Z,2012,2012-01-01,2012-12-31
802057,TOBACCO_MPOWER_R_INFLATIONADJUSTEDPRICES,COUNTRY,KNA,AMR,Americas,YEAR,2014,TOBACCO_INDICATOR,TOBACCO_INDICATOR_R_afford_inflation_adjusted_price_lcu,,,,,,,8.28,8.28,,,,2025-08-18T14:33:28Z,2014,2014-01-01,2014-12-31
803653,TOBACCO_MPOWER_R_INFLATIONADJUSTEDPRICES,COUNTRY,ISR,EUR,Europe,YEAR,2024,TOBACCO_INDICATOR,TOBACCO_INDICATOR_R_afford_inflation_adjusted_price_lcu,,,,,,,39,39,,,,2025-08-18T14:33:28Z,2024,2024-01-01,2024-12-31
803985,TOBACCO_MPOWER_R_INFLATIONADJUSTEDPRICES,COUNTRY,LKA,SEAR,South-East Asia,YEAR,2022,TOBACCO_INDICATOR,TOBACCO_INDICATOR_R_afford_inflation_adjusted_price_ppp,,,,,,,22.44,22.44,,,,2025-08-18T14:33:28Z,2022,2022-01-01,2022-12-31
806323,TOBACCO_MPOWER_R_INFLATIONADJUSTEDPRICES,COUNTRY,SVN,EUR,Europe,YEAR,2016,TOBACCO_INDICATOR,TOBACCO_INDICATOR_R_afford_inflation_adjusted_price_ppp,,,,,,,7.98,7.98,,,,2025-08-18T14:33:28Z,2016,2016-01-01,2016-12-31
807345,TOBACCO_MPOWER_R_INFLATIONADJUSTEDPRICES,COUNTRY,ECU,AMR,Americas,YEAR,2014,TOBACCO_INDICATOR,TOBACCO_INDICATOR_R_afford_inflation_adjusted_price_ppp,,,,,,,7.23,7.23,,,,2025-08-18T14:33:28Z,2014,2014-01-01,2014-12-31
809633,TOBACCO_MPOWER_R_INFLATIONADJUSTEDPRICES,COUNTRY,IND,SEAR,South-East Asia,YEAR,2014,TOBACCO_INDICATOR,TOBACCO_INDICATOR_R_afford_inflation_adjusted_price_lcu,,,,,,,223.74,223.74,,,,2025-08-18T14:33:28Z,2014,2014-01-01,2014-12-31
811478,TOBACCO_MPOWER_R_INFLATIONADJUSTEDPRICES,COUNTRY,IDN,WPR,Western Pacific,YEAR,2014,TOBACCO_INDICATOR,TOBACCO_INDICATOR_R_afford_inflation_adjusted_price_lcu,,,,,,,25 483,25482.53,,,,2025-08-18T14:33:28Z,2014,2014-01-01,2014-12-31
812846,TOBACCO_MPOWER_R_INFLATIONADJUSTEDPRICES,COUNTRY,DNK,EUR,Europe,YEAR,2018,TOBACCO_INDICATOR,TOBACCO_INDICATOR_R_afford_inflation_adjusted_price_ppp,,,,,,,8.22,8.22,,,,2025-08-18T14:33:28Z,2018,2018-01-01,2018-12-31
815555,TOBACCO_MPOWER_R_INFLATIONADJUSTEDPRICES,COUNTRY,JAM,AMR,Americas,YEAR,2008,TOBACCO_INDICATOR,TOBACCO_INDICATOR_R_afford_inflation_adjusted_price_lcu,,,,,,,1121.67,1121.67,,,Data not validated by the national authorities.,2025-08-18T14:33:28Z,2008,2008-01-01,2008-12-31
820502,TOBACCO_MPOWER_R_INFLATIONADJUSTEDPRICES,COUNTRY,GNQ,AFR,Africa,YEAR,2008,TOBACCO_INDICATOR,TOBACCO_INDICATOR_R_afford_inflation_adjusted_price_ppp,,,,,,,2.61,2.61,,,,2025-08-18T14:33:28Z,2008,2008-01-01,2008-12-31
824018,TOBACCO_MPOWER_R_INFLATIONADJUSTEDPRICES,COUNTRY,SDN,EMR,Eastern Mediterranean,YEAR,2020,TOBACCO_INDICATOR,TOBACCO_INDICATOR_R_afford_inflation_adjusted_price_ppp,,,,,,,2.8,2.8,,,,2025-08-18T14:33:28Z,2020,2020-01-01,2020-12-31
831436,TOBACCO_MPOWER_R_INFLATIONADJUSTEDPRICES,COUNTRY,KIR,WPR,Western Pacific,YEAR,2008,TOBACCO_INDICATOR,TOBACCO_INDICATOR_R_afford_inflation_adjusted_price_lcu,,,,,,,8.38,8.38,,,,2025-08-18T14:33:28Z,2008,2008-01-01,2008-12-31
834599,TOBACCO_MPOWER_R_INFLATIONADJUSTEDPRICES,COUNTRY,MOZ,AFR,Africa,YEAR,2012,TOBACCO_INDICATOR,TOBACCO_INDICATOR_R_afford_inflation_adjusted_price_ppp,,,,,,,1.83,1.83,,,,2025-08-18T14:33:28Z,2012,2012-01-01,2012-12-31
836945,TOBACCO_MPOWER_R_INFLATIONADJUSTEDPRICES,COUNTRY,ARG,AMR,Americas,YEAR,2020,TOBACCO_INDICATOR,TOBACCO_INDICATOR_R_afford_inflation_adjusted_price_ppp,,,,,,,6.36,6.36,,,,2025-08-18T14:33:28Z,2020,2020-01-01,2020-12-31
837323,TOBACCO_MPOWER_R_INFLATIONADJUSTEDPRICES,COUNTRY,PRY,AMR,Americas,YEAR,2008,TOBACCO_INDICATOR,TOBACCO_INDICATOR_R_afford_inflation_adjusted_price_ppp,,,,,,,0.72,0.72,,,,2025-08-18T14:33:28Z,2008,2008-01-01,2008-12-31
839671,TOBACCO_MPOWER_R_INFLATIONADJUSTEDPRICES,COUNTRY,NIC,AMR,Americas,YEAR,2018,TOBACCO_INDICATOR,TOBACCO_INDICATOR_R_afford_inflation_adjusted_price_ppp,,,,,,,. . .,,,,,2025-08-18T14:33:28Z,2018,2018-01-01,2018-12-31
840895,TOBACCO_MPOWER_R_INFLATIONADJUSTEDPRICES,COUNTRY,ISR,EUR,Europe,YEAR,2014,TOBACCO_INDICATOR,TOBACCO_INDICATOR_R_afford_inflation_adjusted_price_lcu,,,,,,,34.18,34.18,,,,2025-08-18T14:33:28Z,2014,2014-01-01,2014-12-31
841650,TOBACCO_MPOWER_R_INFLATIONADJUSTEDPRICES,COUNTRY,NIU,WPR,Western Pacific,YEAR,2024,TOBACCO_INDICATOR,TOBACCO_INDICATOR_R_afford_inflation_adjusted_price_lcu,,,,,,,. . .,,,,,2025-08-18T14:33:28Z,2024,2024-01-01,2024-12-31
842906,TOBACCO_MPOWER_R_INFLATIONADJUSTEDPRICES,COUNTRY,SWZ,AFR,Africa,YEAR,2024,TOBACCO_INDICATOR,TOBACCO_INDICATOR_R_afford_inflation_adjusted_price_lcu,,,,,,,51.95,51.95,,,,2025-08-18T14:33:28Z,2024,2024-01-01,2024-12-31
846896,TOBACCO_MPOWER_R_INFLATIONADJUSTEDPRICES,COUNTRY,JAM,AMR,Americas,YEAR,2016,TOBACCO_INDICATOR,TOBACCO_INDICATOR_R_afford_inflation_adjusted_price_ppp,,,,,,,19.83,19.83,,,Data not validated by the national authorities.,2025-08-18T14:33:28Z,2016,2016-01-01,2016-12-31
848152,TOBACCO_MPOWER_R_INFLATIONADJUSTEDPRICES,COUNTRY,USA,AMR,Americas,YEAR,2018,TOBACCO_INDICATOR,TOBACCO_INDICATOR_R_afford_inflation_adjusted_price_lcu,,,,,,,8.57,8.57,,,,2025-08-18T14:33:28Z,2018,2018-01-01,2018-12-31
855684,TOBACCO_MPOWER_R_INFLATIONADJUSTEDPRICES,COUNTRY,COK,WPR,Western Pacific,YEAR,2018,TOBACCO_INDICATOR,TOBACCO_INDICATOR_R_afford_inflation_adjusted_price_lcu,,,,,,,. . .,,,,,2025-08-18T14:33:28Z,2018,2018-01-01,2018-12-31
859852,TOBACCO_MPOWER_R_INFLATIONADJUSTEDPRICES,COUNTRY,KWT,EMR,Eastern Mediterranean,YEAR,2008,TOBACCO_INDICATOR,TOBACCO_INDICATOR_R_afford_inflation_adjusted_price_ppp,,,,,,,2.77,2.77,,,,2025-08-18T14:33:28Z,2008,2008-01-01,2008-12-31
861217,TOBACCO_MPOWER_R_INFLATIONADJUSTEDPRICES,COUNTRY,GNB,AFR,Africa,YEAR,2018,TOBACCO_INDICATOR,TOBACCO_INDICATOR_R_afford_inflation_adjusted_price_lcu,,,,,,,630.15,630.15,,,,2025-08-18T14:33:28Z,2018,2018-01-01,2018-12-31
867537,TOBACCO_MPOWER_R_INFLATIONADJUSTEDPRICES,COUNTRY,HRV,EUR,Europe,YEAR,2018,TOBACCO_INDICATOR,TOBACCO_INDICATOR_R_afford_inflation_adjusted_price_lcu,,,,,,,4.36,4.36,,,,2025-08-18T14:33:28Z,2018,2018-01-01,2018-12-31
876239,TOBACCO_MPOWER_R_INFLATIONADJUSTEDPRICES,COUNTRY,IND,SEAR,South-East Asia,YEAR,2008,TOBACCO_INDICATOR,TOBACCO_INDICATOR_R_afford_inflation_adjusted_price_lcu,,,,,,,156.68,156.68,,,,2025-08-18T14:33:28Z,2008,2008-01-01,2008-12-31
888564,TOBACCO_MPOWER_R_INFLATIONADJUSTEDPRICES,COUNTRY,CMR,AFR,Africa,YEAR,2010,TOBACCO_INDICATOR,TOBACCO_INDICATOR_R_afford_inflation_adjusted_price_ppp,,,,,,,3.14,3.14,,,,2025-08-18T14:33:28Z,2010,2010-01-01,2010-12-31
895231,TOBACCO_MPOWER_R_INFLATIONADJUSTEDPRICES,COUNTRY,AGO,AFR,Africa,YEAR,2020,TOBACCO_INDICATOR,TOBACCO_INDICATOR_R_afford_inflation_adjusted_price_ppp,,,,,,,7.42,7.42,,,,2025-08-18T14:33:28Z,2020,2020-01-01,2020-12-31
895468,TOBACCO_MPOWER_R_INFLATIONADJUSTEDPRICES,COUNTRY,KGZ,EUR,Europe,YEAR,2008,TOBACCO_INDICATOR,TOBACCO_INDICATOR_R_afford_inflation_adjusted_price_lcu,,,,,,,62.3,62.3,,,,2025-08-18T14:33:28Z,2008,2008-01-01,2008-12-31
896727,TOBACCO_MPOWER_R_INFLATIONADJUSTEDPRICES,COUNTRY,QAT,EMR,Eastern Mediterranean,YEAR,2020,TOBACCO_INDICATOR,TOBACCO_INDICATOR_R_afford_inflation_adjusted_price_ppp,,,,,,,11.64,11.64,,,,2025-08-18T14:33:28Z,2020,2020-01-01,2020-12-31
897824,TOBACCO_MPOWER_R_INFLATIONADJUSTEDPRICES,COUNTRY,MAR,EMR,Eastern Mediterranean,YEAR,2020,TOBACCO_INDICATOR,TOBACCO_INDICATOR_R_afford_inflation_adjusted_price_ppp,,,,,,,6.32,6.32,,,,2025-08-18T14:33:28Z,2020,2020-01-01,2020-12-31
899737,TOBACCO_MPOWER_R_INFLATIONADJUSTEDPRICES,COUNTRY,GHA,AFR,Africa,YEAR,2008,TOBACCO_INDICATOR,TOBACCO_INDICATOR_R_afford_inflation_adjusted_price_ppp,,,,,,,3.88,3.88,,,,2025-08-18T14:33:28Z,2008,2008-01-01,2008-12-31
906328,TOBACCO_MPOWER_R_INFLATIONADJUSTEDPRICES,COUNTRY,ITA,EUR,Europe,YEAR,2008,TOBACCO_INDICATOR,TOBACCO_INDICATOR_R_afford_inflation_adjusted_price_ppp,,,,,,,7.43,7.43,,,,2025-08-18T14:33:28Z,2008,2008-01-01,2008-12-31
908052,TOBACCO_MPOWER_R_INFLATIONADJUSTEDPRICES,COUNTRY,PAK,EMR,Eastern Mediterranean,YEAR,2018,TOBACCO_INDICATOR,TOBACCO_INDICATOR_R_afford_inflation_adjusted_price_ppp,,,,,,,1.73,1.73,,,,2025-08-18T14:33:28Z,2018,2018-01-01,2018-12-31
912130,TOBACCO_MPOWER_R_INFLATIONADJUSTEDPRICES,COUNTRY,SMR,EUR,Europe,YEAR,2022,TOBACCO_INDICATOR,TOBACCO_INDICATOR_R_afford_inflation_adjusted_price_ppp,,,,,,,8.68,8.68,,,,2025-08-18T14:33:28Z,2022,2022-01-01,2022-12-31
912422,TOBACCO_MPOWER_R_INFLATIONADJUSTEDPRICES,COUNTRY,AUT,EUR,Europe,YEAR,2024,TOBACCO_INDICATOR,TOBACCO_INDICATOR_R_afford_inflation_adjusted_price_lcu,,,,,,,6.5,6.5,,,,2025-08-18T14:33:28Z,2024,2024-01-01,2024-12-31
916663,TOBACCO_MPOWER_R_INFLATIONADJUSTEDPRICES,COUNTRY,GMB,AFR,Africa,YEAR,2010,TOBACCO_INDICATOR,TOBACCO_INDICATOR_R_afford_inflation_adjusted_price_ppp,,,,,,,1.31,1.31,,,,2025-08-18T14:33:28Z,2010,2010-01-01,2010-12-31
918405,TOBACCO_MPOWER_R_INFLATIONADJUSTEDPRICES,COUNTRY,KNA,AMR,Americas,YEAR,2024,TOBACCO_INDICATOR,TOBACCO_INDICATOR_R_afford_inflation_adjusted_price_ppp,,,,,,,5.82,5.82,,,,2025-08-18T14:33:28Z,2024,2024-01-01,2024-12-31
924341,TOBACCO_MPOWER_R_INFLATIONADJUSTEDPRICES,COUNTRY,DZA,AFR,Africa,YEAR,2008,TOBACCO_INDICATOR,TOBACCO_INDICATOR_R_afford_inflation_adjusted_price_ppp,,,,,,,3.34,3.34,,,,2025-08-18T14:33:28Z,2008,2008-01-01,2008-12-31
928863,TOBACCO_MPOWER_R_INFLATIONADJUSTEDPRICES,COUNTRY,PSE,EMR,Eastern Mediterranean,YEAR,2010,TOBACCO_INDICATOR,TOBACCO_INDICATOR_R_afford_inflation_adjusted_price_ppp,,,,,,,10.44,10.44,,,,2025-08-18T14:33:28Z,2010,2010-01-01,2010-12-31
929568,TOBACCO_MPOWER_R_INFLATIONADJUSTEDPRICES,COUNTRY,BEL,EUR,Europe,YEAR,2012,TOBACCO_INDICATOR,TOBACCO_INDICATOR_R_afford_inflation_adjusted_price_lcu,,,,,,,7.09,7.09,,,,2025-08-18T14:33:28Z,2012,2012-01-01,2012-12-31
930766,TOBACCO_MPOWER_R_INFLATIONADJUSTEDPRICES,COUNTRY,VNM,WPR,Western Pacific,YEAR,2010,TOBACCO_INDICATOR,TOBACCO_INDICATOR_R_afford_inflation_adjusted_price_lcu,,,,,,,26 574,26574.11,,,,2025-08-18T14:33:28Z,2010,2010-01-01,2010-12-31
931411,TOBACCO_MPOWER_R_INFLATIONADJUSTEDPRICES,COUNTRY,AFG,EMR,Eastern Mediterranean,YEAR,2010,TOBACCO_INDICATOR,TOBACCO_INDICATOR_R_afford_inflation_adjusted_price_lcu,,,,,,,. . .,,,,,2025-08-18T14:33:28Z,2010,2010-01-01,2010-12-31
940366,TOBACCO_MPOWER_R_INFLATIONADJUSTEDPRICES,COUNTRY,DEU,EUR,Europe,YEAR,2018,TOBACCO_INDICATOR,TOBACCO_INDICATOR_R_afford_inflation_adjusted_price_ppp,,,,,,,10.88,10.88,,,,2025-08-18T14:33:28Z,2018,2018-01-01,2018-12-31
940708,TOBACCO_MPOWER_R_INFLATIONADJUSTEDPRICES,COUNTRY,ARG,AMR,Americas,YEAR,2022,TOBACCO_INDICATOR,TOBACCO_INDICATOR_R_afford_inflation_adjusted_price_lcu,,,,,,,2240.69,2240.69,,,,2025-08-18T14:33:28Z,2022,2022-01-01,2022-12-31
946162,TOBACCO_MPOWER_R_INFLATIONADJUSTEDPRICES,COUNTRY,OMN,EMR,Eastern Mediterranean,YEAR,2014,TOBACCO_INDICATOR,TOBACCO_INDICATOR_R_afford_inflation_adjusted_price_ppp,,,,,,,4.45,4.45,,,,2025-08-18T14:33:28Z,2014,2014-01-01,2014-12-31
946661,TOBACCO_MPOWER_R_INFLATIONADJUSTEDPRICES,COUNTRY,TUV,WPR,Western Pacific,YEAR,2016,TOBACCO_INDICATOR,TOBACCO_INDICATOR_R_afford_inflation_adjusted_price_ppp,,,,,,,3.41,3.41,,,,2025-08-18T14:33:28Z,2016,2016-01-01,2016-12-31
949544,TOBACCO_MPOWER_R_INFLATIONADJUSTEDPRICES,COUNTRY,SYR,EMR,Eastern Mediterranean,YEAR,2020,TOBACCO_INDICATOR,TOBACCO_INDICATOR_R_afford_inflation_adjusted_price_lcu,,,,,,,. . .,,,,,2025-08-18T14:33:28Z,2020,2020-01-01,2020-12-31
950477,TOBACCO_MPOWER_R_INFLATIONADJUSTEDPRICES,COUNTRY,ETH,AFR,Africa,YEAR,2010,TOBACCO_INDICATOR,TOBACCO_INDICATOR_R_afford_inflation_adjusted_price_ppp,,,,,,,2.67,2.67,,,,2025-08-18T14:33:28Z,2010,2010-01-01,2010-12-31
952834,TOBACCO_MPOWER_R_INFLATIONADJUSTEDPRICES,COUNTRY,SGP,WPR,Western Pacific,YEAR,2016,TOBACCO_INDICATOR,TOBACCO_INDICATOR_R_afford_inflation_adjusted_price_ppp,,,,,,,19.44,19.44,,,,2025-08-18T14:33:28Z,2016,2016-01-01,2016-12-31
953997,TOBACCO_MPOWER_R_INFLATIONADJUSTEDPRICES,COUNTRY,MDA,EUR,Europe,YEAR,2010,TOBACCO_INDICATOR,TOBACCO_INDICATOR_R_afford_inflation_adjusted_price_ppp,,,,,,,3.2,3.2,,,,2025-08-18T14:33:28Z,2010,2010-01-01,2010-12-31
957295,TOBACCO_MPOWER_R_INFLATIONADJUSTEDPRICES,COUNTRY,GHA,AFR,Africa,YEAR,2024,TOBACCO_INDICATOR,TOBACCO_INDICATOR_R_afford_inflation_adjusted_price_lcu,,,,,,,26,26,,,,2025-08-18T14:33:28Z,2024,2024-01-01,2024-12-31
957489,TOBACCO_MPOWER_R_INFLATIONADJUSTEDPRICES,COUNTRY,MDA,EUR,Europe,YEAR,2016,TOBACCO_INDICATOR,TOBACCO_INDICATOR_R_afford_inflation_adjusted_price_lcu,,,,,,,38.57,38.57,,,,2025-08-18T14:33:28Z,2016,2016-01-01,2016-12-31
965881,TOBACCO_MPOWER_R_INFLATIONADJUSTEDPRICES,COUNTRY,BEL,EUR,Europe,YEAR,2016,TOBACCO_INDICATOR,TOBACCO_INDICATOR_R_afford_inflation_adjusted_price_lcu,,,,,,,8.16,8.16,,,,2025-08-18T14:33:28Z,2016,2016-01-01,2016-12-31
968314,TOBACCO_MPOWER_R_INFLATIONADJUSTEDPRICES,COUNTRY,UZB,EUR,Europe,YEAR,2008,TOBACCO_INDICATOR,TOBACCO_INDICATOR_R_afford_inflation_adjusted_price_ppp,,,,,,,2.6,2.6,,,,2025-08-18T14:33:28Z,2008,2008-01-01,2008-12-31
977267,TOBACCO_MPOWER_R_INFLATIONADJUSTEDPRICES,COUNTRY,SLV,AMR,Americas,YEAR,2020,TOBACCO_INDICATOR,TOBACCO_INDICATOR_R_afford_inflation_adjusted_price_ppp,,,,,,,9.02,9.02,,,,2025-08-18T14:33:28Z,2020,2020-01-01,2020-12-31
977933,TOBACCO_MPOWER_R_INFLATIONADJUSTEDPRICES,COUNTRY,CHN,WPR,Western Pacific,YEAR,2016,TOBACCO_INDICATOR,TOBACCO_INDICATOR_R_afford_inflation_adjusted_price_lcu,,,,,,,14.51,14.51,,,,2025-08-18T14:33:28Z,2016,2016-01-01,2016-12-31
987143,TOBACCO_MPOWER_R_INFLATIONADJUSTEDPRICES,COUNTRY,ALB,EUR,Europe,YEAR,2014,TOBACCO_INDICATOR,TOBACCO_INDICATOR_R_afford_inflation_adjusted_price_lcu,,,,,,,258.1,258.1,,,,2025-08-18T14:33:28Z,2014,2014-01-01,2014-12-31
989747,TOBACCO_MPOWER_R_INFLATIONADJUSTEDPRICES,COUNTRY,MMR,SEAR,South-East Asia,YEAR,2024,TOBACCO_INDICATOR,TOBACCO_INDICATOR_R_afford_inflation_adjusted_price_ppp,,,,,,,3.37,3.37,,,,2025-08-18T14:33:28Z,2024,2024-01-01,2024-12-31
995059,TOBACCO_MPOWER_R_INFLATIONADJUSTEDPRICES,COUNTRY,URY,AMR,Americas,YEAR,2022,TOBACCO_INDICATOR,TOBACCO_INDICATOR_R_afford_inflation_adjusted_price_lcu,,,,,,,210.9,210.9,,,,2025-08-18T14:33:28Z,2022,2022-01-01,2022-12-31
995730,TOBACCO_MPOWER_R_INFLATIONADJUSTEDPRICES,COUNTRY,PHL,WPR,Western Pacific,YEAR,2018,TOBACCO_INDICATOR,TOBACCO_INDICATOR_R_afford_inflation_adjusted_price_lcu,,,,,,,72.83,72.83,,,,2025-08-18T14:33:28Z,2018,2018-01-01,2018-12-31
1004274,TOBACCO_MPOWER_R_INFLATIONADJUSTEDPRICES,COUNTRY,BEN,AFR,Africa,YEAR,2016,TOBACCO_INDICATOR,TOBACCO_INDICATOR_R_afford_inflation_adjusted_price_lcu,,,,,,,561.39,561.39,,,,2025-08-18T14:33:28Z,2016,2016-01-01,2016-12-31
1004394,TOBACCO_MPOWER_R_INFLATIONADJUSTEDPRICES,COUNTRY,VUT,WPR,Western Pacific,YEAR,2024,TOBACCO_INDICATOR,TOBACCO_INDICATOR_R_afford_inflation_adjusted_price_lcu,,,,,,,1000,1000,,,,2025-08-18T14:33:28Z,2024,2024-01-01,2024-12-31
1007380,TOBACCO_MPOWER_R_INFLATIONADJUSTEDPRICES,COUNTRY,BGD,SEAR,South-East Asia,YEAR,2008,TOBACCO_INDICATOR,TOBACCO_INDICATOR_R_afford_inflation_adjusted_price_lcu,,,,,,,43.77,43.77,,,,2025-08-18T14:33:28Z,2008,2008-01-01,2008-12-31
1008913,TOBACCO_MPOWER_R_INFLATIONADJUSTEDPRICES,COUNTRY,RUS,EUR,Europe,YEAR,2016,TOBACCO_INDICATOR,TOBACCO_INDICATOR_R_afford_inflation_adjusted_price_lcu,,,,,,,168.53,168.53,,,,2025-08-18T14:33:28Z,2016,2016-01-01,2016-12-31
1010601,TOBACCO_MPOWER_R_INFLATIONADJUSTEDPRICES,COUNTRY,BOL,AMR,Americas,YEAR,2020,TOBACCO_INDICATOR,TOBACCO_INDICATOR_R_afford_inflation_adjusted_price_lcu,,,,,,,13.26,13.26,,,,2025-08-18T14:33:28Z,2020,2020-01-01,2020-12-31
1013562,TOBACCO_MPOWER_R_INFLATIONADJUSTEDPRICES,COUNTRY,JOR,EMR,Eastern Mediterranean,YEAR,2016,TOBACCO_INDICATOR,TOBACCO_INDICATOR_R_afford_inflation_adjusted_price_lcu,,,,,,,1.53,1.53,,,,2025-08-18T14:33:28Z,2016,2016-01-01,2016-12-31
1014076,TOBACCO_MPOWER_R_INFLATIONADJUSTEDPRICES,COUNTRY,MDV,SEAR,South-East Asia,YEAR,2020,TOBACCO_INDICATOR,TOBACCO_INDICATOR_R_afford_inflation_adjusted_price_ppp,,,,,,,14.31,14.31,,,,2025-08-18T14:33:28Z,2020,2020-01-01,2020-12-31
1021188,TOBACCO_MPOWER_R_INFLATIONADJUSTEDPRICES,COUNTRY,IRL,EUR,Europe,YEAR,2014,TOBACCO_INDICATOR,TOBACCO_INDICATOR_R_afford_inflation_adjusted_price_ppp,,,,,,,17.1,17.1,,,,2025-08-18T14:33:28Z,2014,2014-01-01,2014-12-31
1022646,TOBACCO_MPOWER_R_INFLATIONADJUSTEDPRICES,COUNTRY,ETH,AFR,Africa,YEAR,2022,TOBACCO_INDICATOR,TOBACCO_INDICATOR_R_afford_inflation_adjusted_price_ppp,,,,,,,2.51,2.51,,,,2025-08-18T14:33:28Z,2022,2022-01-01,2022-12-31
1028125,TOBACCO_MPOWER_R_INFLATIONADJUSTEDPRICES,COUNTRY,VCT,AMR,Americas,YEAR,2020,TOBACCO_INDICATOR,TOBACCO_INDICATOR_R_afford_inflation_adjusted_price_ppp,,,,,,,6.6,6.6,,,,2025-08-18T14:33:28Z,2020,2020-01-01,2020-12-31
1032304,TOBACCO_MPOWER_R_INFLATIONADJUSTEDPRICES,COUNTRY,IRL,EUR,Europe,YEAR,2016,TOBACCO_INDICATOR,TOBACCO_INDICATOR_R_afford_inflation_adjusted_price_ppp,,,,,,,17.71,17.71,,,,2025-08-18T14:33:28Z,2016,2016-01-01,2016-12-31
1033054,TOBACCO_MPOWER_R_INFLATIONADJUSTEDPRICES,COUNTRY,BHS,AMR,Americas,YEAR,2012,TOBACCO_INDICATOR,TOBACCO_INDICATOR_R_afford_inflation_adjusted_price_lcu,,,,,,,6.18,6.18,,,,2025-08-18T14:33:28Z,2012,2012-01-01,2012-12-31
1034201,TOBACCO_MPOWER_R_INFLATIONADJUSTEDPRICES,COUNTRY,GAB,AFR,Africa,YEAR,2010,TOBACCO_INDICATOR,TOBACCO_INDICATOR_R_afford_inflation_adjusted_price_lcu,,,,,,,1372.31,1372.31,,,,2025-08-18T14:33:28Z,2010,2010-01-01,2010-12-31
1037101,TOBACCO_MPOWER_R_INFLATIONADJUSTEDPRICES,COUNTRY,KEN,AFR,Africa,YEAR,2014,TOBACCO_INDICATOR,TOBACCO_INDICATOR_R_afford_inflation_adjusted_price_lcu,,,,,,,182.43,182.43,,,,2025-08-18T14:33:28Z,2014,2014-01-01,2014-12-31
1037109,TOBACCO_MPOWER_R_INFLATIONADJUSTEDPRICES,COUNTRY,BIH,EUR,Europe,YEAR,2016,TOBACCO_INDICATOR,TOBACCO_INDICATOR_R_afford_inflation_adjusted_price_ppp,,,,,,,8.64,8.64,,,,2025-08-18T14:33:28Z,2016,2016-01-01,2016-12-31
1037232,TOBACCO_MPOWER_R_INFLATIONADJUSTEDPRICES,COUNTRY,GTM,AMR,Americas,YEAR,2022,TOBACCO_INDICATOR,TOBACCO_INDICATOR_R_afford_inflation_adjusted_price_ppp,,,,,,,7.56,7.56,,,,2025-08-18T14:33:28Z,2022,2022-01-01,2022-12-31
1037417,TOBACCO_MPOWER_R_INFLATIONADJUSTEDPRICES,COUNTRY,COL,AMR,Americas,YEAR,2018,TOBACCO_INDICATOR,TOBACCO_INDICATOR_R_afford_inflation_adjusted_price_ppp,,,,,,,3.76,3.76,,,,2025-08-18T14:33:28Z,2018,2018-01-01,2018-12-31
1037721,TOBACCO_MPOWER_R_INFLATIONADJUSTEDPRICES,COUNTRY,VEN,AMR,Americas,YEAR,2012,TOBACCO_INDICATOR,TOBACCO_INDICATOR_R_afford_inflation_adjusted_price_lcu,,,,,,,. . .,,,,Data not validated by the national authorities.,2025-08-18T14:33:28Z,2012,2012-01-01,2012-12-31
1039436,TOBACCO_MPOWER_R_INFLATIONADJUSTEDPRICES,COUNTRY,DMA,AMR,Americas,YEAR,2014,TOBACCO_INDICATOR,TOBACCO_INDICATOR_R_afford_inflation_adjusted_price_lcu,,,,,,,5,5,,,,2025-08-18T14:33:28Z,2014,2014-01-01,2014-12-31
1039722,TOBACCO_MPOWER_R_INFLATIONADJUSTEDPRICES,COUNTRY,MDV,SEAR,South-East Asia,YEAR,2016,TOBACCO_INDICATOR,TOBACCO_INDICATOR_R_afford_inflation_adjusted_price_lcu,,,,,,,52,52,,,,2025-08-18T14:33:28Z,2016,2016-01-01,2016-12-31
1040159,TOBACCO_MPOWER_R_INFLATIONADJUSTEDPRICES,COUNTRY,DNK,EUR,Europe,YEAR,2008,TOBACCO_INDICATOR,TOBACCO_INDICATOR_R_afford_inflation_adjusted_price_lcu,,,,,,,41.82,41.82,,,,2025-08-18T14:33:28Z,2008,2008-01-01,2008-12-31
1040195,TOBACCO_MPOWER_R_INFLATIONADJUSTEDPRICES,COUNTRY,NOR,EUR,Europe,YEAR,2012,TOBACCO_INDICATOR,TOBACCO_INDICATOR_R_afford_inflation_adjusted_price_ppp,,,,,,,11.69,11.69,,,,2025-08-18T14:33:28Z,2012,2012-01-01,2012-12-31
1040700,TOBACCO_MPOWER_R_INFLATIONADJUSTEDPRICES,COUNTRY,SVK,EUR,Europe,YEAR,2014,TOBACCO_INDICATOR,TOBACCO_INDICATOR_R_afford_inflation_adjusted_price_ppp,,,,,,,7.08,7.08,,,,2025-08-18T14:33:28Z,2014,2014-01-01,2014-12-31
1042875,TOBACCO_MPOWER_R_INFLATIONADJUSTEDPRICES,COUNTRY,MHL,WPR,Western Pacific,YEAR,2020,TOBACCO_INDICATOR,TOBACCO_INDICATOR_R_afford_inflation_adjusted_price_lcu,,,,,,,2.97,2.97,,,,2025-08-18T14:33:28Z,2020,2020-01-01,2020-12-31
1043456,TOBACCO_MPOWER_R_INFLATIONADJUSTEDPRICES,COUNTRY,BHR,EMR,Eastern Mediterranean,YEAR,2020,TOBACCO_INDICATOR,TOBACCO_INDICATOR_R_afford_inflation_adjusted_price_lcu,,,,,,,2.39,2.39,,,,2025-08-18T14:33:28Z,2020,2020-01-01,2020-12-31
1046126,TOBACCO_MPOWER_R_INFLATIONADJUSTEDPRICES,COUNTRY,PER,AMR,Americas,YEAR,2022,TOBACCO_INDICATOR,TOBACCO_INDICATOR_R_afford_inflation_adjusted_price_lcu,,,,,,,13.49,13.49,,,,2025-08-18T14:33:28Z,2022,2022-01-01,2022-12-31
1048879,TOBACCO_MPOWER_R_INFLATIONADJUSTEDPRICES,COUNTRY,PRK,SEAR,South-East Asia,YEAR,2008,TOBACCO_INDICATOR,TOBACCO_INDICATOR_R_afford_inflation_adjusted_price_lcu,,,,,,,. . .,,,,,2025-08-18T14:33:28Z,2008,2008-01-01,2008-12-31
1052316,TOBACCO_MPOWER_R_INFLATIONADJUSTEDPRICES,COUNTRY,SWE,EUR,Europe,YEAR,2020,TOBACCO_INDICATOR,TOBACCO_INDICATOR_R_afford_inflation_adjusted_price_lcu,,,,,,,81.49,81.49,,,,2025-08-18T14:33:28Z,2020,2020-01-01,2020-12-31
1056577,TOBACCO_MPOWER_R_INFLATIONADJUSTEDPRICES,COUNTRY,AGO,AFR,Africa,YEAR,2014,TOBACCO_INDICATOR,TOBACCO_INDICATOR_R_afford_inflation_adjusted_price_ppp,,,,,,,3.87,3.87,,,,2025-08-18T14:33:28Z,2014,2014-01-01,2014-12-31
1057479,TOBACCO_MPOWER_R_INFLATIONADJUSTEDPRICES,COUNTRY,PLW,WPR,Western Pacific,YEAR,2012,TOBACCO_INDICATOR,TOBACCO_INDICATOR_R_afford_inflation_adjusted_price_ppp,,,,,,,5.02,5.02,,,,2025-08-18T14:33:28Z,2012,2012-01-01,2012-12-31
1061972,TOBACCO_MPOWER_R_INFLATIONADJUSTEDPRICES,COUNTRY,GTM,AMR,Americas,YEAR,2016,TOBACCO_INDICATOR,TOBACCO_INDICATOR_R_afford_inflation_adjusted_price_lcu,,,,,,,26.83,26.83,,,,2025-08-18T14:33:28Z,2016,2016-01-01,2016-12-31
1067222,TOBACCO_MPOWER_R_INFLATIONADJUSTEDPRICES,COUNTRY,BFA,AFR,Africa,YEAR,2020,TOBACCO_INDICATOR,TOBACCO_INDICATOR_R_afford_inflation_adjusted_price_ppp,,,,,,,4.56,4.56,,,,2025-08-18T14:33:28Z,2020,2020-01-01,2020-12-31
1067527,TOBACCO_MPOWER_R_INFLATIONADJUSTEDPRICES,COUNTRY,MMR,SEAR,South-East Asia,YEAR,2008,TOBACCO_INDICATOR,TOBACCO_INDICATOR_R_afford_inflation_adjusted_price_lcu,,,,,,,4529.91,4529.91,,,,2025-08-18T14:33:28Z,2008,2008-01-01,2008-12-31
1070415,TOBACCO_MPOWER_R_INFLATIONADJUSTEDPRICES,COUNTRY,TLS,SEAR,South-East Asia,YEAR,2024,TOBACCO_INDICATOR,TOBACCO_INDICATOR_R_afford_inflation_adjusted_price_lcu,,,,,,,1.5,1.5,,,,2025-08-18T14:33:28Z,2024,2024-01-01,2024-12-31
1074231,TOBACCO_MPOWER_R_INFLATIONADJUSTEDPRICES,COUNTRY,GEO,EUR,Europe,YEAR,2010,TOBACCO_INDICATOR,TOBACCO_INDICATOR_R_afford_inflation_adjusted_price_lcu,,,,,,,3.21,3.21,,,,2025-08-18T14:33:28Z,2010,2010-01-01,2010-12-31
1078543,TOBACCO_MPOWER_R_INFLATIONADJUSTEDPRICES,COUNTRY,SLV,AMR,Americas,YEAR,2010,TOBACCO_INDICATOR,TOBACCO_INDICATOR_R_afford_inflation_adjusted_price_lcu,,,,,,,2.26,2.26,,,,2025-08-18T14:33:28Z,2010,2010-01-01,2010-12-31
1080291,TOBACCO_MPOWER_R_INFLATIONADJUSTEDPRICES,COUNTRY,DMA,AMR,Americas,YEAR,2022,TOBACCO_INDICATOR,TOBACCO_INDICATOR_R_afford_inflation_adjusted_price_ppp,,,,,,,5.62,5.62,,,,2025-08-18T14:33:28Z,2022,2022-01-01,2022-12-31
1082282,TOBACCO_MPOWER_R_INFLATIONADJUSTEDPRICES,COUNTRY,ZWE,AFR,Africa,YEAR,2014,TOBACCO_INDICATOR,TOBACCO_INDICATOR_R_afford_inflation_adjusted_price_lcu,,,,,,,. . .,,,,,2025-08-18T14:33:28Z,2014,2014-01-01,2014-12-31
1085242,TOBACCO_MPOWER_R_INFLATIONADJUSTEDPRICES,COUNTRY,PNG,WPR,Western Pacific,YEAR,2022,TOBACCO_INDICATOR,TOBACCO_INDICATOR_R_afford_inflation_adjusted_price_ppp,,,,,,,7.55,7.55,,,,2025-08-18T14:33:28Z,2022,2022-01-01,2022-12-31
1085627,TOBACCO_MPOWER_R_INFLATIONADJUSTEDPRICES,COUNTRY,HND,AMR,Americas,YEAR,2020,TOBACCO_INDICATOR,TOBACCO_INDICATOR_R_afford_inflation_adjusted_price_lcu,,,,,,,69.94,69.94,,,,2025-08-18T14:33:28Z,2020,2020-01-01,2020-12-31
1089328,TOBACCO_MPOWER_R_INFLATIONADJUSTEDPRICES,COUNTRY,SUR,AMR,Americas,YEAR,2020,TOBACCO_INDICATOR,TOBACCO_INDICATOR_R_afford_inflation_adjusted_price_ppp,,,,,,,14.62,14.62,,,,2025-08-18T14:33:28Z,2020,2020-01-01,2020-12-31
1089786,TOBACCO_MPOWER_R_INFLATIONADJUSTEDPRICES,COUNTRY,BEN,AFR,Africa,YEAR,2018,TOBACCO_INDICATOR,TOBACCO_INDICATOR_R_afford_inflation_adjusted_price_ppp,,,,,,,2.9,2.9,,,,2025-08-18T14:33:28Z,2018,2018-01-01,2018-12-31
1094175,TOBACCO_MPOWER_R_INFLATIONADJUSTEDPRICES,COUNTRY,VEN,AMR,Americas,YEAR,2020,TOBACCO_INDICATOR,TOBACCO_INDICATOR_R_afford_inflation_adjusted_price_lcu,,,,,,,. . .,,,,Data not validated by the national authorities.,2025-08-18T14:33:28Z,2020,2020-01-01,2020-12-31
1097321,TOBACCO_MPOWER_R_INFLATIONADJUSTEDPRICES,COUNTRY,CRI,AMR,Americas,YEAR,2014,TOBACCO_INDICATOR,TOBACCO_INDICATOR_R_afford_inflation_adjusted_price_lcu,,,,,,,1899.55,1899.55,,,,2025-08-18T14:33:28Z,2014,2014-01-01,2014-12-31
1109762,TOBACCO_MPOWER_R_INFLATIONADJUSTEDPRICES,COUNTRY,TLS,SEAR,South-East Asia,YEAR,2008,TOBACCO_INDICATOR,TOBACCO_INDICATOR_R_afford_inflation_adjusted_price_ppp,,,,,,,5.83,5.83,,,,2025-08-18T14:33:28Z,2008,2008-01-01,2008-12-31
1110806,TOBACCO_MPOWER_R_INFLATIONADJUSTEDPRICES,COUNTRY,ISL,EUR,Europe,YEAR,2022,TOBACCO_INDICATOR,TOBACCO_INDICATOR_R_afford_inflation_adjusted_price_lcu,,,,,,,1771.56,1771.56,,,,2025-08-18T14:33:28Z,2022,2022-01-01,2022-12-31
1115880,TOBACCO_MPOWER_R_INFLATIONADJUSTEDPRICES,COUNTRY,TUV,WPR,Western Pacific,YEAR,2016,TOBACCO_INDICATOR,TOBACCO_INDICATOR_R_afford_inflation_adjusted_price_lcu,,,,,,,5.08,5.08,,,,2025-08-18T14:33:28Z,2016,2016-01-01,2016-12-31
1116141,TOBACCO_MPOWER_R_INFLATIONADJUSTEDPRICES,COUNTRY,ROU,EUR,Europe,YEAR,2008,TOBACCO_INDICATOR,TOBACCO_INDICATOR_R_afford_inflation_adjusted_price_lcu,,,,,,,12.9,12.9,,,,2025-08-18T14:33:28Z,2008,2008-01-01,2008-12-31
1122121,TOBACCO_MPOWER_R_INFLATIONADJUSTEDPRICES,COUNTRY,WSM,WPR,Western Pacific,YEAR,2012,TOBACCO_INDICATOR,TOBACCO_INDICATOR_R_afford_inflation_adjusted_price_ppp,,,,,,,6.05,6.05,,,,2025-08-18T14:33:28Z,2012,2012-01-01,2012-12-31
1126069,TOBACCO_MPOWER_R_INFLATIONADJUSTEDPRICES,COUNTRY,NPL,SEAR,South-East Asia,YEAR,2022,TOBACCO_INDICATOR,TOBACCO_INDICATOR_R_afford_inflation_adjusted_price_ppp,,,,,,,11.43,11.43,,,,2025-08-18T14:33:28Z,2022,2022-01-01,2022-12-31
1126084,TOBACCO_MPOWER_R_INFLATIONADJUSTEDPRICES,COUNTRY,EST,EUR,Europe,YEAR,2016,TOBACCO_INDICATOR,TOBACCO_INDICATOR_R_afford_inflation_adjusted_price_ppp,,,,,,,9.46,9.46,,,,2025-08-18T14:33:28Z,2016,2016-01-01,2016-12-31
1127781,TOBACCO_MPOWER_R_INFLATIONADJUSTEDPRICES,COUNTRY,PAK,EMR,Eastern Mediterranean,YEAR,2012,TOBACCO_INDICATOR,TOBACCO_INDICATOR_R_afford_inflation_adjusted_price_ppp,,,,,,,1.65,1.65,,,,2025-08-18T14:33:28Z,2012,2012-01-01,2012-12-31
1128143,TOBACCO_MPOWER_R_INFLATIONADJUSTEDPRICES,COUNTRY,QAT,EMR,Eastern Mediterranean,YEAR,2016,TOBACCO_INDICATOR,TOBACCO_INDICATOR_R_afford_inflation_adjusted_price_lcu,,,,,,,10.88,10.88,,,,2025-08-18T14:33:28Z,2016,2016-01-01,2016-12-31
1134116,TOBACCO_MPOWER_R_INFLATIONADJUSTEDPRICES,COUNTRY,SDN,EMR,Eastern Mediterranean,YEAR,2012,TOBACCO_INDICATOR,TOBACCO_INDICATOR_R_afford_inflation_adjusted_price_lcu,,,,,,,9511.21,9511.21,,,,2025-08-18T14:33:28Z,2012,2012-01-01,2012-12-31
1135080,TOBACCO_MPOWER_R_INFLATIONADJUSTEDPRICES,COUNTRY,POL,EUR,Europe,YEAR,2008,TOBACCO_INDICATOR,TOBACCO_INDICATOR_R_afford_inflation_adjusted_price_ppp,,,,,,,4.89,4.89,,,,2025-08-18T14:33:28Z,2008,2008-01-01,2008-12-31
1142077,TOBACCO_MPOWER_R_INFLATIONADJUSTEDPRICES,COUNTRY,LBR,AFR,Africa,YEAR,2022,TOBACCO_INDICATOR,TOBACCO_INDICATOR_R_afford_inflation_adjusted_price_lcu,,,,,,,333.59,333.59,,,,2025-08-18T14:33:28Z,2022,2022-01-01,2022-12-31
1153762,TOBACCO_MPOWER_R_INFLATIONADJUSTEDPRICES,COUNTRY,SYR,EMR,Eastern Mediterranean,YEAR,2018,TOBACCO_INDICATOR,TOBACCO_INDICATOR_R_afford_inflation_adjusted_price_ppp,,,,,,,. . .,,,,,2025-08-18T14:33:28Z,2018,2018-01-01,2018-12-31
1158999,TOBACCO_MPOWER_R_INFLATIONADJUSTEDPRICES,COUNTRY,THA,SEAR,South-East Asia,YEAR,2020,TOBACCO_INDICATOR,TOBACCO_INDICATOR_R_afford_inflation_adjusted_price_ppp,,,,,,,6.37,6.37,,,,2025-08-18T14:33:28Z,2020,2020-01-01,2020-12-31
1163119,TOBACCO_MPOWER_R_INFLATIONADJUSTEDPRICES,COUNTRY,PRT,EUR,Europe,YEAR,2016,TOBACCO_INDICATOR,TOBACCO_INDICATOR_R_afford_inflation_adjusted_price_ppp,,,,,,,10.87,10.87,,,,2025-08-18T14:33:28Z,2016,2016-01-01,2016-12-31
1164668,TOBACCO_MPOWER_R_INFLATIONADJUSTEDPRICES,COUNTRY,GIN,AFR,Africa,YEAR,2022,TOBACCO_INDICATOR,TOBACCO_INDICATOR_R_afford_inflation_adjusted_price_lcu,,,,,,,. . .,,,,,2025-08-18T14:33:28Z,2022,2022-01-01,2022-12-31
1165175,TOBACCO_MPOWER_R_INFLATIONADJUSTEDPRICES,COUNTRY,MDG,AFR,Africa,YEAR,2018,TOBACCO_INDICATOR,TOBACCO_INDICATOR_R_afford_inflation_adjusted_price_ppp,,,,,,,4.63,4.63,,,,2025-08-18T14:33:28Z,2018,2018-01-01,2018-12-31
1168210,TOBACCO_MPOWER_R_INFLATIONADJUSTEDPRICES,COUNTRY,GNB,AFR,Africa,YEAR,2018,TOBACCO_INDICATOR,TOBACCO_INDICATOR_R_afford_inflation_adjusted_price_ppp,,,,,,,2.86,2.86,,,,2025-08-18T14:33:28Z,2018,2018-01-01,2018-12-31
1174205,TOBACCO_MPOWER_R_INFLATIONADJUSTEDPRICES,COUNTRY,GMB,AFR,Africa,YEAR,2024,TOBACCO_INDICATOR,TOBACCO_INDICATOR_R_afford_inflation_adjusted_price_ppp,,,,,,,8.78,8.78,,,,2025-08-18T14:33:28Z,2024,2024-01-01,2024-12-31
1176212,TOBACCO_MPOWER_R_INFLATIONADJUSTEDPRICES,COUNTRY,BLZ,AMR,Americas,YEAR,2016,TOBACCO_INDICATOR,TOBACCO_INDICATOR_R_afford_inflation_adjusted_price_lcu,,,,,,,6.02,6.02,,,,2025-08-18T14:33:28Z,2016,2016-01-01,2016-12-31
1189774,TOBACCO_MPOWER_R_INFLATIONADJUSTEDPRICES,COUNTRY,GIN,AFR,Africa,YEAR,2022,TOBACCO_INDICATOR,TOBACCO_INDICATOR_R_afford_inflation_adjusted_price_ppp,,,,,,,. . .,,,,,2025-08-18T14:33:28Z,2022,2022-01-01,2022-12-31
1198021,TOBACCO_MPOWER_R_INFLATIONADJUSTEDPRICES,COUNTRY,KEN,AFR,Africa,YEAR,2014,TOBACCO_INDICATOR,TOBACCO_INDICATOR_R_afford_inflation_adjusted_price_ppp,,,,,,,3.85,3.85,,,,2025-08-18T14:33:28Z,2014,2014-01-01,2014-12-31
1198377,TOBACCO_MPOWER_R_INFLATIONADJUSTEDPRICES,COUNTRY,MDV,SEAR,South-East Asia,YEAR,2024,TOBACCO_INDICATOR,TOBACCO_INDICATOR_R_afford_inflation_adjusted_price_lcu,,,,,,,108,108,,,,2025-08-18T14:33:28Z,2024,2024-01-01,2024-12-31
1199960,TOBACCO_MPOWER_R_INFLATIONADJUSTEDPRICES,COUNTRY,MUS,AFR,Africa,YEAR,2020,TOBACCO_INDICATOR,TOBACCO_INDICATOR_R_afford_inflation_adjusted_price_ppp,,,,,,,10.93,10.93,,,,2025-08-18T14:33:28Z,2020,2020-01-01,2020-12-31
1206194,TOBACCO_MPOWER_R_INFLATIONADJUSTEDPRICES,COUNTRY,ARG,AMR,Americas,YEAR,2024,TOBACCO_INDICATOR,TOBACCO_INDICATOR_R_afford_inflation_adjusted_price_ppp,,,,,,,6.93,6.93,,,,2025-08-18T14:33:28Z,2024,2024-01-01,2024-12-31
1208311,TOBACCO_MPOWER_R_INFLATIONADJUSTEDPRICES,COUNTRY,AUT,EUR,Europe,YEAR,2012,TOBACCO_INDICATOR,TOBACCO_INDICATOR_R_afford_inflation_adjusted_price_lcu,,,,,,,6.31,6.31,,,,2025-08-18T14:33:28Z,2012,2012-01-01,2012-12-31
1208360,TOBACCO_MPOWER_R_INFLATIONADJUSTEDPRICES,COUNTRY,UZB,EUR,Europe,YEAR,2020,TOBACCO_INDICATOR,TOBACCO_INDICATOR_R_afford_inflation_adjusted_price_ppp,,,,,,,4.38,4.38,,,,2025-08-18T14:33:28Z,2020,2020-01-01,2020-12-31
1209717,TOBACCO_MPOWER_R_INFLATIONADJUSTEDPRICES,COUNTRY,NRU,WPR,Western Pacific,YEAR,2012,TOBACCO_INDICATOR,TOBACCO_INDICATOR_R_afford_inflation_adjusted_price_lcu,,,,,,,. . .,,,,,2025-08-18T14:33:28Z,2012,2012-01-01,2012-12-31
1212982,TOBACCO_MPOWER_R_INFLATIONADJUSTEDPRICES,COUNTRY,BTN,SEAR,South-East Asia,YEAR,2020,TOBACCO_INDICATOR,TOBACCO_INDICATOR_R_afford_inflation_adjusted_price_lcu,,,,,,,449.86,449.86,,,,2025-08-18T14:33:28Z,2020,2020-01-01,2020-12-31
1219761,TOBACCO_MPOWER_R_INFLATIONADJUSTEDPRICES,COUNTRY,MEX,AMR,Americas,YEAR,2014,TOBACCO_INDICATOR,TOBACCO_INDICATOR_R_afford_inflation_adjusted_price_lcu,,,,,,,71.39,71.39,,,,2025-08-18T14:33:28Z,2014,2014-01-01,2014-12-31
1220038,TOBACCO_MPOWER_R_INFLATIONADJUSTEDPRICES,COUNTRY,KWT,EMR,Eastern Mediterranean,YEAR,2010,TOBACCO_INDICATOR,TOBACCO_INDICATOR_R_afford_inflation_adjusted_price_lcu,,,,,,,. . .,,,,,2025-08-18T14:33:28Z,2010,2010-01-01,2010-12-31
1221124,TOBACCO_MPOWER_R_INFLATIONADJUSTEDPRICES,COUNTRY,CAF,AFR,Africa,YEAR,2008,TOBACCO_INDICATOR,TOBACCO_INDICATOR_R_afford_inflation_adjusted_price_ppp,,,,,,,2.09,2.09,,,,2025-08-18T14:33:28Z,2008,2008-01-01,2008-12-31
1222311,TOBACCO_MPOWER_R_INFLATIONADJUSTEDPRICES,COUNTRY,LTU,EUR,Europe,YEAR,2016,TOBACCO_INDICATOR,TOBACCO_INDICATOR_R_afford_inflation_adjusted_price_lcu,,,,,,,4.64,4.64,,,,2025-08-18T14:33:28Z,2016,2016-01-01,2016-12-31
1224254,TOBACCO_MPOWER_R_INFLATIONADJUSTEDPRICES,COUNTRY,IDN,WPR,Western Pacific,YEAR,2022,TOBACCO_INDICATOR,TOBACCO_INDICATOR_R_afford_inflation_adjusted_price_lcu,,,,,,,36 471,36471.32,,,,2025-08-18T14:33:28Z,2022,2022-01-01,2022-12-31
1226277,TOBACCO_MPOWER_R_INFLATIONADJUSTEDPRICES,COUNTRY,LUX,EUR,Europe,YEAR,2018,TOBACCO_INDICATOR,TOBACCO_INDICATOR_R_afford_inflation_adjusted_price_lcu,,,,,,,6.35,6.35,,,,2025-08-18T14:33:28Z,2018,2018-01-01,2018-12-31
1227042,TOBACCO_MPOWER_R_INFLATIONADJUSTEDPRICES,COUNTRY,ARE,EMR,Eastern Mediterranean,YEAR,2020,TOBACCO_INDICATOR,TOBACCO_INDICATOR_R_afford_inflation_adjusted_price_ppp,,,,,,,12.18,12.18,,,,2025-08-18T14:33:28Z,2020,2020-01-01,2020-12-31
1227319,TOBACCO_MPOWER_R_INFLATIONADJUSTEDPRICES,COUNTRY,LTU,EUR,Europe,YEAR,2014,TOBACCO_INDICATOR,TOBACCO_INDICATOR_R_afford_inflation_adjusted_price_lcu,,,,,,,4.08,4.08,,,,2025-08-18T14:33:28Z,2014,2014-01-01,2014-12-31
1228339,TOBACCO_MPOWER_R_INFLATIONADJUSTEDPRICES,COUNTRY,KHM,WPR,Western Pacific,YEAR,2024,TOBACCO_INDICATOR,TOBACCO_INDICATOR_R_afford_inflation_adjusted_price_ppp,,,,,,,1.51,1.51,,,,2025-08-18T14:33:28Z,2024,2024-01-01,2024-12-31
1235270,TOBACCO_MPOWER_R_INFLATIONADJUSTEDPRICES,COUNTRY,COM,AFR,Africa,YEAR,2012,TOBACCO_INDICATOR,TOBACCO_INDICATOR_R_afford_inflation_adjusted_price_lcu,,,,,,,696.41,696.41,,,,2025-08-18T14:33:28Z,2012,2012-01-01,2012-12-31
1238771,TOBACCO_MPOWER_R_INFLATIONADJUSTEDPRICES,COUNTRY,TGO,AFR,Africa,YEAR,2024,TOBACCO_INDICATOR,TOBACCO_INDICATOR_R_afford_inflation_adjusted_price_lcu,,,,,,,700,700,,,,2025-08-18T14:33:28Z,2024,2024-01-01,2024-12-31
1240283,TOBACCO_MPOWER_R_INFLATIONADJUSTEDPRICES,COUNTRY,CHN,WPR,Western Pacific,YEAR,2010,TOBACCO_INDICATOR,TOBACCO_INDICATOR_R_afford_inflation_adjusted_price_lcu,,,,,,,10.02,10.02,,,,2025-08-18T14:33:28Z,2010,2010-01-01,2010-12-31
1242046,TOBACCO_MPOWER_R_INFLATIONADJUSTEDPRICES,COUNTRY,KHM,WPR,Western Pacific,YEAR,2008,TOBACCO_INDICATOR,TOBACCO_INDICATOR_R_afford_inflation_adjusted_price_ppp,,,,,,,1.41,1.41,,,,2025-08-18T14:33:28Z,2008,2008-01-01,2008-12-31
1243072,TOBACCO_MPOWER_R_INFLATIONADJUSTEDPRICES,COUNTRY,LAO,WPR,Western Pacific,YEAR,2008,TOBACCO_INDICATOR,TOBACCO_INDICATOR_R_afford_inflation_adjusted_price_lcu,,,,,,,15 621,15621.15,,,,2025-08-18T14:33:28Z,2008,2008-01-01,2008-12-31
1245768,TOBACCO_MPOWER_R_INFLATIONADJUSTEDPRICES,COUNTRY,SLE,AFR,Africa,YEAR,2010,TOBACCO_INDICATOR,TOBACCO_INDICATOR_R_afford_inflation_adjusted_price_ppp,,,,,,,1.77,1.77,,,,2025-08-18T14:33:28Z,2010,2010-01-01,2010-12-31
1248639,TOBACCO_MPOWER_R_INFLATIONADJUSTEDPRICES,COUNTRY,SWE,EUR,Europe,YEAR,2020,TOBACCO_INDICATOR,TOBACCO_INDICATOR_R_afford_inflation_adjusted_price_ppp,,,,,,,9.77,9.77,,,,2025-08-18T14:33:28Z,2020,2020-01-01,2020-12-31
1249720,TOBACCO_MPOWER_R_INFLATIONADJUSTEDPRICES,COUNTRY,DMA,AMR,Americas,YEAR,2008,TOBACCO_INDICATOR,TOBACCO_INDICATOR_R_afford_inflation_adjusted_price_ppp,,,,,,,3.07,3.07,,,,2025-08-18T14:33:28Z,2008,2008-01-01,2008-12-31
1249840,TOBACCO_MPOWER_R_INFLATIONADJUSTEDPRICES,COUNTRY,TUV,WPR,Western Pacific,YEAR,2020,TOBACCO_INDICATOR,TOBACCO_INDICATOR_R_afford_inflation_adjusted_price_ppp,,,,,,,4.88,4.88,,,,2025-08-18T14:33:28Z,2020,2020-01-01,2020-12-31
1250073,TOBACCO_MPOWER_R_INFLATIONADJUSTEDPRICES,COUNTRY,HRV,EUR,Europe,YEAR,2010,TOBACCO_INDICATOR,TOBACCO_INDICATOR_R_afford_inflation_adjusted_price_ppp,,,,,,,6.87,6.87,,,,2025-08-18T14:33:28Z,2010,2010-01-01,2010-12-31
1250744,TOBACCO_MPOWER_R_INFLATIONADJUSTEDPRICES,COUNTRY,NAM,AFR,Africa,YEAR,2008,TOBACCO_INDICATOR,TOBACCO_INDICATOR_R_afford_inflation_adjusted_price_lcu,,,,,,,51.71,51.71,,,,2025-08-18T14:33:28Z,2008,2008-01-01,2008-12-31
1251642,TOBACCO_MPOWER_R_INFLATIONADJUSTEDPRICES,COUNTRY,SVK,EUR,Europe,YEAR,2010,TOBACCO_INDICATOR,TOBACCO_INDICATOR_R_afford_inflation_adjusted_price_lcu,,,,,,,3.78,3.78,,,,2025-08-18T14:33:28Z,2010,2010-01-01,2010-12-31
1253141,TOBACCO_MPOWER_R_INFLATIONADJUSTEDPRICES,COUNTRY,MOZ,AFR,Africa,YEAR,2020,TOBACCO_INDICATOR,TOBACCO_INDICATOR_R_afford_inflation_adjusted_price_ppp,,,,,,,3.2,3.2,,,,2025-08-18T14:33:28Z,2020,2020-01-01,2020-12-31
1255491,TOBACCO_MPOWER_R_INFLATIONADJUSTEDPRICES,COUNTRY,BOL,AMR,Americas,YEAR,2016,TOBACCO_INDICATOR,TOBACCO_INDICATOR_R_afford_inflation_adjusted_price_lcu,,,,,,,13.14,13.14,,,,2025-08-18T14:33:28Z,2016,2016-01-01,2016-12-31
1256918,TOBACCO_MPOWER_R_INFLATIONADJUSTEDPRICES,COUNTRY,UKR,EUR,Europe,YEAR,2010,TOBACCO_INDICATOR,TOBACCO_INDICATOR_R_afford_inflation_adjusted_price_ppp,,,,,,,3.49,3.49,,,,2025-08-18T14:33:28Z,2010,2010-01-01,2010-12-31
1259056,TOBACCO_MPOWER_R_INFLATIONADJUSTEDPRICES,COUNTRY,MOZ,AFR,Africa,YEAR,2024,TOBACCO_INDICATOR,TOBACCO_INDICATOR_R_afford_inflation_adjusted_price_ppp,,,,,,,3.57,3.57,,,,2025-08-18T14:33:28Z,2024,2024-01-01,2024-12-31
1268001,TOBACCO_MPOWER_R_INFLATIONADJUSTEDPRICES,COUNTRY,ROU,EUR,Europe,YEAR,2018,TOBACCO_INDICATOR,TOBACCO_INDICATOR_R_afford_inflation_adjusted_price_ppp,,,,,,,13.12,13.12,,,,2025-08-18T14:33:28Z,2018,2018-01-01,2018-12-31
1278570,TOBACCO_MPOWER_R_INFLATIONADJUSTEDPRICES,COUNTRY,CAN,AMR,Americas,YEAR,2016,TOBACCO_INDICATOR,TOBACCO_INDICATOR_R_afford_inflation_adjusted_price_lcu,,,,,,,12.89,12.89,,,,2025-08-18T14:33:28Z,2016,2016-01-01,2016-12-31
1282566,TOBACCO_MPOWER_R_INFLATIONADJUSTEDPRICES,COUNTRY,MOZ,AFR,Africa,YEAR,2010,TOBACCO_INDICATOR,TOBACCO_INDICATOR_R_afford_inflation_adjusted_price_ppp,,,,,,,1.57,1.57,,,,2025-08-18T14:33:28Z,2010,2010-01-01,2010-12-31
1284652,TOBACCO_MPOWER_R_INFLATIONADJUSTEDPRICES,COUNTRY,HUN,EUR,Europe,YEAR,2020,TOBACCO_INDICATOR,TOBACCO_INDICATOR_R_afford_inflation_adjusted_price_lcu,,,,,,,2173.32,2173.32,,,,2025-08-18T14:33:28Z,2020,2020-01-01,2020-12-31
1285525,TOBACCO_MPOWER_R_INFLATIONADJUSTEDPRICES,COUNTRY,QAT,EMR,Eastern Mediterranean,YEAR,2010,TOBACCO_INDICATOR,TOBACCO_INDICATOR_R_afford_inflation_adjusted_price_ppp,,,,,,,3.26,3.26,,,,2025-08-18T14:33:28Z,2010,2010-01-01,2010-12-31
1285808,TOBACCO_MPOWER_R_INFLATIONADJUSTEDPRICES,COUNTRY,NPL,SEAR,South-East Asia,YEAR,2020,TOBACCO_INDICATOR,TOBACCO_INDICATOR_R_afford_inflation_adjusted_price_lcu,,,,,,,350.37,350.37,,,,2025-08-18T14:33:28Z,2020,2020-01-01,2020-12-31
1286279,TOBACCO_MPOWER_R_INFLATIONADJUSTEDPRICES,COUNTRY,LAO,WPR,Western Pacific,YEAR,2018,TOBACCO_INDICATOR,TOBACCO_INDICATOR_R_afford_inflation_adjusted_price_lcu,,,,,,,15 671,15670.52,,,,2025-08-18T14:33:28Z,2018,2018-01-01,2018-12-31
1286623,TOBACCO_MPOWER_R_INFLATIONADJUSTEDPRICES,COUNTRY,CZE,EUR,Europe,YEAR,2020,TOBACCO_INDICATOR,TOBACCO_INDICATOR_R_afford_inflation_adjusted_price_lcu,,,,,,,146.32,146.32,,,,2025-08-18T14:33:28Z,2020,2020-01-01,2020-12-31
1290297,TOBACCO_MPOWER_R_INFLATIONADJUSTEDPRICES,COUNTRY,ZMB,AFR,Africa,YEAR,2008,TOBACCO_INDICATOR,TOBACCO_INDICATOR_R_afford_inflation_adjusted_price_ppp,,,,,,,3.74,3.74,,,,2025-08-18T14:33:28Z,2008,2008-01-01,2008-12-31
1293410,TOBACCO_MPOWER_R_INFLATIONADJUSTEDPRICES,COUNTRY,FJI,WPR,Western Pacific,YEAR,2024,TOBACCO_INDICATOR,TOBACCO_INDICATOR_R_afford_inflation_adjusted_price_ppp,,,,,,,21.81,21.81,,,,2025-08-18T14:33:28Z,2024,2024-01-01,2024-12-31
1299003,TOBACCO_MPOWER_R_INFLATIONADJUSTEDPRICES,COUNTRY,GHA,AFR,Africa,YEAR,2008,TOBACCO_INDICATOR,TOBACCO_INDICATOR_R_afford_inflation_adjusted_price_lcu,,,,,,,13.37,13.37,,,,2025-08-18T14:33:28Z,2008,2008-01-01,2008-12-31
1300535,TOBACCO_MPOWER_R_INFLATIONADJUSTEDPRICES,COUNTRY,MDA,EUR,Europe,YEAR,2016,TOBACCO_INDICATOR,TOBACCO_INDICATOR_R_afford_inflation_adjusted_price_ppp,,,,,,,4.81,4.81,,,,2025-08-18T14:33:28Z,2016,2016-01-01,2016-12-31
1300591,TOBACCO_MPOWER_R_INFLATIONADJUSTEDPRICES,COUNTRY,STP,AFR,Africa,YEAR,2024,TOBACCO_INDICATOR,TOBACCO_INDICATOR_R_afford_inflation_adjusted_price_lcu,,,,,,,40,40,,,,2025-08-18T14:33:28Z,2024,2024-01-01,2024-12-31
1301524,TOBACCO_MPOWER_R_INFLATIONADJUSTEDPRICES,COUNTRY,GHA,AFR,Africa,YEAR,2020,TOBACCO_INDICATOR,TOBACCO_INDICATOR_R_afford_inflation_adjusted_price_ppp,,,,,,,2.98,2.98,,,,2025-08-18T14:33:28Z,2020,2020-01-01,2020-12-31
1305507,TOBACCO_MPOWER_R_INFLATIONADJUSTEDPRICES,COUNTRY,ZMB,AFR,Africa,YEAR,2020,TOBACCO_INDICATOR,TOBACCO_INDICATOR_R_afford_inflation_adjusted_price_ppp,,,,,,,4.38,4.38,,,,2025-08-18T14:33:28Z,2020,2020-01-01,2020-12-31
1305596,TOBACCO_MPOWER_R_INFLATIONADJUSTEDPRICES,COUNTRY,BEN,AFR,Africa,YEAR,2024,TOBACCO_INDICATOR,TOBACCO_INDICATOR_R_afford_inflation_adjusted_price_lcu,,,,,,,500,500,,,,2025-08-18T14:33:28Z,2024,2024-01-01,2024-12-31
1316190,TOBACCO_MPOWER_R_INFLATIONADJUSTEDPRICES,COUNTRY,ZAF,AFR,Africa,YEAR,2016,TOBACCO_INDICATOR,TOBACCO_INDICATOR_R_afford_inflation_adjusted_price_ppp,,,,,,,7.5,7.5,,,,2025-08-18T14:33:28Z,2016,2016-01-01,2016-12-31
1320512,TOBACCO_MPOWER_R_INFLATIONADJUSTEDPRICES,COUNTRY,SVK,EUR,Europe,YEAR,2008,TOBACCO_INDICATOR,TOBACCO_INDICATOR_R_afford_inflation_adjusted_price_lcu,,,,,,,3.33,3.33,,,,2025-08-18T14:33:28Z,2008,2008-01-01,2008-12-31
1320673,TOBACCO_MPOWER_R_INFLATIONADJUSTEDPRICES,COUNTRY,DEU,EUR,Europe,YEAR,2008,TOBACCO_INDICATOR,TOBACCO_INDICATOR_R_afford_inflation_adjusted_price_ppp,,,,,,,9.28,9.28,,,,2025-08-18T14:33:28Z,2008,2008-01-01,2008-12-31
1321786,TOBACCO_MPOWER_R_INFLATIONADJUSTEDPRICES,COUNTRY,GNQ,AFR,Africa,YEAR,2016,TOBACCO_INDICATOR,TOBACCO_INDICATOR_R_afford_inflation_adjusted_price_lcu,,,,,,,599.96,599.96,,,,2025-08-18T14:33:28Z,2016,2016-01-01,2016-12-31
1325354,TOBACCO_MPOWER_R_INFLATIONADJUSTEDPRICES,COUNTRY,CIV,AFR,Africa,YEAR,2014,TOBACCO_INDICATOR,TOBACCO_INDICATOR_R_afford_inflation_adjusted_price_ppp,,,,,,,3.71,3.71,,,,2025-08-18T14:33:28Z,2014,2014-01-01,2014-12-31
1329200,TOBACCO_MPOWER_R_INFLATIONADJUSTEDPRICES,COUNTRY,EGY,EMR,Eastern Mediterranean,YEAR,2022,TOBACCO_INDICATOR,TOBACCO_INDICATOR_R_afford_inflation_adjusted_price_lcu,,,,,,,33.99,33.99,,,,2025-08-18T14:33:28Z,2022,2022-01-01,2022-12-31
1332277,TOBACCO_MPOWER_R_INFLATIONADJUSTEDPRICES,COUNTRY,EST,EUR,Europe,YEAR,2020,TOBACCO_INDICATOR,TOBACCO_INDICATOR_R_afford_inflation_adjusted_price_ppp,,,,,,,9.41,9.41,,,,2025-08-18T14:33:28Z,2020,2020-01-01,2020-12-31
1338481,TOBACCO_MPOWER_R_INFLATIONADJUSTEDPRICES,COUNTRY,KWT,EMR,Eastern Mediterranean,YEAR,2024,TOBACCO_INDICATOR,TOBACCO_INDICATOR_R_afford_inflation_adjusted_price_lcu,,,,,,,0.85,0.85,,,,2025-08-18T14:33:28Z,2024,2024-01-01,2024-12-31
1341080,TOBACCO_MPOWER_R_INFLATIONADJUSTEDPRICES,COUNTRY,LVA,EUR,Europe,YEAR,2020,TOBACCO_INDICATOR,TOBACCO_INDICATOR_R_afford_inflation_adjusted_price_lcu,,,,,,,4.95,4.95,,,,2025-08-18T14:33:28Z,2020,2020-01-01,2020-12-31
1342195,TOBACCO_MPOWER_R_INFLATIONADJUSTEDPRICES,COUNTRY,CAN,AMR,Americas,YEAR,2024,TOBACCO_INDICATOR,TOBACCO_INDICATOR_R_afford_inflation_adjusted_price_ppp,,,,,,,11.74,11.74,,,,2025-08-18T14:33:28Z,2024,2024-01-01,2024-12-31
1346091,TOBACCO_MPOWER_R_INFLATIONADJUSTEDPRICES,COUNTRY,SEN,AFR,Africa,YEAR,2012,TOBACCO_INDICATOR,TOBACCO_INDICATOR_R_afford_inflation_adjusted_price_lcu,,,,,,,512.25,512.25,,,,2025-08-18T14:33:28Z,2012,2012-01-01,2012-12-31
1346707,TOBACCO_MPOWER_R_INFLATIONADJUSTEDPRICES,COUNTRY,BFA,AFR,Africa,YEAR,2016,TOBACCO_INDICATOR,TOBACCO_INDICATOR_R_afford_inflation_adjusted_price_lcu,,,,,,,824.48,824.48,,,,2025-08-18T14:33:28Z,2016,2016-01-01,2016-12-31
1352231,TOBACCO_MPOWER_R_INFLATIONADJUSTEDPRICES,COUNTRY,BOL,AMR,Americas,YEAR,2012,TOBACCO_INDICATOR,TOBACCO_INDICATOR_R_afford_inflation_adjusted_price_lcu,,,,,,,11.52,11.52,,,,2025-08-18T14:33:28Z,2012,2012-01-01,2012-12-31
1353899,TOBACCO_MPOWER_R_INFLATIONADJUSTEDPRICES,COUNTRY,IRN,EMR,Eastern Mediterranean,YEAR,2024,TOBACCO_INDICATOR,TOBACCO_INDICATOR_R_afford_inflation_adjusted_price_lcu,,,,,,,350 000,350000,,,,2025-08-18T14:33:28Z,2024,2024-01-01,2024-12-31
1362079,TOBACCO_MPOWER_R_INFLATIONADJUSTEDPRICES,COUNTRY,LCA,AMR,Americas,YEAR,2008,TOBACCO_INDICATOR,TOBACCO_INDICATOR_R_afford_inflation_adjusted_price_ppp,,,,,,,5.64,5.64,,,,2025-08-18T14:33:28Z,2008,2008-01-01,2008-12-31
1363916,TOBACCO_MPOWER_R_INFLATIONADJUSTEDPRICES,COUNTRY,PHL,WPR,Western Pacific,YEAR,2012,TOBACCO_INDICATOR,TOBACCO_INDICATOR_R_afford_inflation_adjusted_price_lcu,,,,,,,22.2,22.2,,,,2025-08-18T14:33:28Z,2012,2012-01-01,2012-12-31
1365125,TOBACCO_MPOWER_R_INFLATIONADJUSTEDPRICES,COUNTRY,SYC,AFR,Africa,YEAR,2010,TOBACCO_INDICATOR,TOBACCO_INDICATOR_R_afford_inflation_adjusted_price_lcu,,,,,,,108.81,108.81,,,,2025-08-18T14:33:28Z,2010,2010-01-01,2010-12-31
1370496,TOBACCO_MPOWER_R_INFLATIONADJUSTEDPRICES,COUNTRY,GRD,AMR,Americas,YEAR,2008,TOBACCO_INDICATOR,TOBACCO_INDICATOR_R_afford_inflation_adjusted_price_lcu,,,,,,,7.18,7.18,,,,2025-08-18T14:33:28Z,2008,2008-01-01,2008-12-31
1377615,TOBACCO_MPOWER_R_INFLATIONADJUSTEDPRICES,COUNTRY,TUR,EUR,Europe,YEAR,2008,TOBACCO_INDICATOR,TOBACCO_INDICATOR_R_afford_inflation_adjusted_price_ppp,,,,,,,5.38,5.38,,,,2025-08-18T14:33:28Z,2008,2008-01-01,2008-12-31
1378481,TOBACCO_MPOWER_R_INFLATIONADJUSTEDPRICES,COUNTRY,GEO,EUR,Europe,YEAR,2016,TOBACCO_INDICATOR,TOBACCO_INDICATOR_R_afford_inflation_adjusted_price_lcu,,,,,,,3.81,3.81,,,,2025-08-18T14:33:28Z,2016,2016-01-01,2016-12-31
1379773,TOBACCO_MPOWER_R_INFLATIONADJUSTEDPRICES,COUNTRY,NIU,WPR,Western Pacific,YEAR,2016,TOBACCO_INDICATOR,TOBACCO_INDICATOR_R_afford_inflation_adjusted_price_lcu,,,,,,,. . .,,,,,2025-08-18T14:33:28Z,2016,2016-01-01,2016-12-31
1382605,TOBACCO_MPOWER_R_INFLATIONADJUSTEDPRICES,COUNTRY,SEN,AFR,Africa,YEAR,2022,TOBACCO_INDICATOR,TOBACCO_INDICATOR_R_afford_inflation_adjusted_price_lcu,,,,,,,854.39,854.39,,,,2025-08-18T14:33:28Z,2022,2022-01-01,2022-12-31
1382806,TOBACCO_MPOWER_R_INFLATIONADJUSTEDPRICES,COUNTRY,ECU,AMR,Americas,YEAR,2012,TOBACCO_INDICATOR,TOBACCO_INDICATOR_R_afford_inflation_adjusted_price_ppp,,,,,,,6.33,6.33,,,,2025-08-18T14:33:28Z,2012,2012-01-01,2012-12-31
1385563,TOBACCO_MPOWER_R_INFLATIONADJUSTEDPRICES,COUNTRY,CHL,AMR,Americas,YEAR,2016,TOBACCO_INDICATOR,TOBACCO_INDICATOR_R_afford_inflation_adjusted_price_lcu,,,,,,,3130.54,3130.54,,,,2025-08-18T14:33:28Z,2016,2016-01-01,2016-12-31
1389218,TOBACCO_MPOWER_R_INFLATIONADJUSTEDPRICES,COUNTRY,SDN,EMR,Eastern Mediterranean,YEAR,2014,TOBACCO_INDICATOR,TOBACCO_INDICATOR_R_afford_inflation_adjusted_price_lcu,,,,,,,8905.24,8905.24,,,,2025-08-18T14:33:28Z,2014,2014-01-01,2014-12-31
1395097,TOBACCO_MPOWER_R_INFLATIONADJUSTEDPRICES,COUNTRY,AGO,AFR,Africa,YEAR,2016,TOBACCO_INDICATOR,TOBACCO_INDICATOR_R_afford_inflation_adjusted_price_lcu,,,,,,,. . .,,,,,2025-08-18T14:33:28Z,2016,2016-01-01,2016-12-31
1398770,TOBACCO_MPOWER_R_INFLATIONADJUSTEDPRICES,COUNTRY,DJI,EMR,Eastern Mediterranean,YEAR,2020,TOBACCO_INDICATOR,TOBACCO_INDICATOR_R_afford_inflation_adjusted_price_lcu,,,,,,,. . .,,,,,2025-08-18T14:33:28Z,2020,2020-01-01,2020-12-31
1401689,TOBACCO_MPOWER_R_INFLATIONADJUSTEDPRICES,COUNTRY,NIU,WPR,Western Pacific,YEAR,2018,TOBACCO_INDICATOR,TOBACCO_INDICATOR_R_afford_inflation_adjusted_price_lcu,,,,,,,. . .,,,,,2025-08-18T14:33:28Z,2018,2018-01-01,2018-12-31
1403664,TOBACCO_MPOWER_R_INFLATIONADJUSTEDPRICES,COUNTRY,JOR,EMR,Eastern Mediterranean,YEAR,2014,TOBACCO_INDICATOR,TOBACCO_INDICATOR_R_afford_inflation_adjusted_price_lcu,,,,,,,1.39,1.39,,,,2025-08-18T14:33:28Z,2014,2014-01-01,2014-12-31
1404018,TOBACCO_MPOWER_R_INFLATIONADJUSTEDPRICES,COUNTRY,VCT,AMR,Americas,YEAR,2022,TOBACCO_INDICATOR,TOBACCO_INDICATOR_R_afford_inflation_adjusted_price_lcu,,,,,,,8.67,8.67,,,,2025-08-18T14:33:28Z,2022,2022-01-01,2022-12-31
1405448,TOBACCO_MPOWER_R_INFLATIONADJUSTEDPRICES,COUNTRY,BRN,WPR,Western Pacific,YEAR,2022,TOBACCO_INDICATOR,TOBACCO_INDICATOR_R_afford_inflation_adjusted_price_lcu,,,,,,,. . .,,,,,2025-08-18T14:33:28Z,2022,2022-01-01,2022-12-31
1406011,TOBACCO_MPOWER_R_INFLATIONADJUSTEDPRICES,COUNTRY,SLE,AFR,Africa,YEAR,2020,TOBACCO_INDICATOR,TOBACCO_INDICATOR_R_afford_inflation_adjusted_price_ppp,,,,,,,2.38,2.38,,,,2025-08-18T14:33:28Z,2020,2020-01-01,2020-12-31
1406118,TOBACCO_MPOWER_R_INFLATIONADJUSTEDPRICES,COUNTRY,PRY,AMR,Americas,YEAR,2022,TOBACCO_INDICATOR,TOBACCO_INDICATOR_R_afford_inflation_adjusted_price_ppp,,,,,,,1.21,1.21,,,,2025-08-18T14:33:28Z,2022,2022-01-01,2022-12-31
1419362,TOBACCO_MPOWER_R_INFLATIONADJUSTEDPRICES,COUNTRY,SWZ,AFR,Africa,YEAR,2024,TOBACCO_INDICATOR,TOBACCO_INDICATOR_R_afford_inflation_adjusted_price_ppp,,,,,,,8.24,8.24,,,,2025-08-18T14:33:28Z,2024,2024-01-01,2024-12-31
1419670,TOBACCO_MPOWER_R_INFLATIONADJUSTEDPRICES,COUNTRY,SRB,EUR,Europe,YEAR,2014,TOBACCO_INDICATOR,TOBACCO_INDICATOR_R_afford_inflation_adjusted_price_ppp,,,,,,,5.69,5.69,,,,2025-08-18T14:33:28Z,2014,2014-01-01,2014-12-31
1423837,TOBACCO_MPOWER_R_INFLATIONADJUSTEDPRICES,COUNTRY,AUS,WPR,Western Pacific,YEAR,2010,TOBACCO_INDICATOR,TOBACCO_INDICATOR_R_afford_inflation_adjusted_price_ppp,,,,,,,11.47,11.47,,,,2025-08-18T14:33:28Z,2010,2010-01-01,2010-12-31
1427687,TOBACCO_MPOWER_R_INFLATIONADJUSTEDPRICES,COUNTRY,NZL,WPR,Western Pacific,YEAR,2008,TOBACCO_INDICATOR,TOBACCO_INDICATOR_R_afford_inflation_adjusted_price_ppp,,,,,,,10.92,10.92,,,,2025-08-18T14:33:28Z,2008,2008-01-01,2008-12-31
1430866,TOBACCO_MPOWER_R_INFLATIONADJUSTEDPRICES,COUNTRY,VCT,AMR,Americas,YEAR,2012,TOBACCO_INDICATOR,TOBACCO_INDICATOR_R_afford_inflation_adjusted_price_ppp,,,,,,,4.53,4.53,,,,2025-08-18T14:33:28Z,2012,2012-01-01,2012-12-31
1435764,TOBACCO_MPOWER_R_INFLATIONADJUSTEDPRICES,COUNTRY,TKM,EUR,Europe,YEAR,2024,TOBACCO_INDICATOR,TOBACCO_INDICATOR_R_afford_inflation_adjusted_price_lcu,,,,,,,55,55,,,,2025-08-18T14:33:28Z,2024,2024-01-01,2024-12-31
1437520,TOBACCO_MPOWER_R_INFLATIONADJUSTEDPRICES,COUNTRY,TJK,EUR,Europe,YEAR,2012,TOBACCO_INDICATOR,TOBACCO_INDICATOR_R_afford_inflation_adjusted_price_lcu,,,,,,,6.09,6.09,,,,2025-08-18T14:33:28Z,2012,2012-01-01,2012-12-31
1438550,TOBACCO_MPOWER_R_INFLATIONADJUSTEDPRICES,COUNTRY,SVK,EUR,Europe,YEAR,2008,TOBACCO_INDICATOR,TOBACCO_INDICATOR_R_afford_inflation_adjusted_price_ppp,,,,,,,5.38,5.38,,,,2025-08-18T14:33:28Z,2008,2008-01-01,2008-12-31
1440159,TOBACCO_MPOWER_R_INFLATIONADJUSTEDPRICES,COUNTRY,TZA,AFR,Africa,YEAR,2022,TOBACCO_INDICATOR,TOBACCO_INDICATOR_R_afford_inflation_adjusted_price_lcu,,,,,,,4286.61,4286.61,,,,2025-08-18T14:33:28Z,2022,2022-01-01,2022-12-31
1443680,TOBACCO_MPOWER_R_INFLATIONADJUSTEDPRICES,COUNTRY,PRY,AMR,Americas,YEAR,2024,TOBACCO_INDICATOR,TOBACCO_INDICATOR_R_afford_inflation_adjusted_price_lcu,,,,,,,3500,3500,,,,2025-08-18T14:33:28Z,2024,2024-01-01,2024-12-31
1444289,TOBACCO_MPOWER_R_INFLATIONADJUSTEDPRICES,COUNTRY,HND,AMR,Americas,YEAR,2022,TOBACCO_INDICATOR,TOBACCO_INDICATOR_R_afford_inflation_adjusted_price_ppp,,,,,,,6.94,6.94,,,,2025-08-18T14:33:28Z,2022,2022-01-01,2022-12-31
1447153,TOBACCO_MPOWER_R_INFLATIONADJUSTEDPRICES,COUNTRY,ISL,EUR,Europe,YEAR,2014,TOBACCO_INDICATOR,TOBACCO_INDICATOR_R_afford_inflation_adjusted_price_lcu,,,,,,,1816.26,1816.26,,,,2025-08-18T14:33:28Z,2014,2014-01-01,2014-12-31
1448084,TOBACCO_MPOWER_R_INFLATIONADJUSTEDPRICES,COUNTRY,OMN,EMR,Eastern Mediterranean,YEAR,2018,TOBACCO_INDICATOR,TOBACCO_INDICATOR_R_afford_inflation_adjusted_price_lcu,,,,,,,1.27,1.27,,,,2025-08-18T14:33:28Z,2018,2018-01-01,2018-12-31
1449326,TOBACCO_MPOWER_R_INFLATIONADJUSTEDPRICES,COUNTRY,LCA,AMR,Americas,YEAR,2022,TOBACCO_INDICATOR,TOBACCO_INDICATOR_R_afford_inflation_adjusted_price_ppp,,,,,,,8.39,8.39,,,,2025-08-18T14:33:28Z,2022,2022-01-01,2022-12-31
1450769,TOBACCO_MPOWER_R_INFLATIONADJUSTEDPRICES,COUNTRY,PER,AMR,Americas,YEAR,2016,TOBACCO_INDICATOR,TOBACCO_INDICATOR_R_afford_inflation_adjusted_price_lcu,,,,,,,13.88,13.88,,,,2025-08-18T14:33:28Z,2016,2016-01-01,2016-12-31
1452725,TOBACCO_MPOWER_R_INFLATIONADJUSTEDPRICES,COUNTRY,LUX,EUR,Europe,YEAR,2014,TOBACCO_INDICATOR,TOBACCO_INDICATOR_R_afford_inflation_adjusted_price_lcu,,,,,,,6.24,6.24,,,,2025-08-18T14:33:28Z,2014,2014-01-01,2014-12-31
1458877,TOBACCO_MPOWER_R_INFLATIONADJUSTEDPRICES,COUNTRY,DOM,AMR,Americas,YEAR,2020,TOBACCO_INDICATOR,TOBACCO_INDICATOR_R_afford_inflation_adjusted_price_ppp,,,,,,,17.13,17.13,,,,2025-08-18T14:33:28Z,2020,2020-01-01,2020-12-31
1460808,TOBACCO_MPOWER_R_INFLATIONADJUSTEDPRICES,COUNTRY,AUS,WPR,Western Pacific,YEAR,2022,TOBACCO_INDICATOR,TOBACCO_INDICATOR_R_afford_inflation_adjusted_price_lcu,,,,,,,36.19,36.19,,,,2025-08-18T14:33:28Z,2022,2022-01-01,2022-12-31
1463793,TOBACCO_MPOWER_R_INFLATIONADJUSTEDPRICES,COUNTRY,MKD,EUR,Europe,YEAR,2012,TOBACCO_INDICATOR,TOBACCO_INDICATOR_R_afford_inflation_adjusted_price_lcu,,,,,,,78.08,78.08,,,,2025-08-18T14:33:28Z,2012,2012-01-01,2012-12-31
1464488,TOBACCO_MPOWER_R_INFLATIONADJUSTEDPRICES,COUNTRY,SGP,WPR,Western Pacific,YEAR,2018,TOBACCO_INDICATOR,TOBACCO_INDICATOR_R_afford_inflation_adjusted_price_lcu,,,,,,,16.5,16.5,,,,2025-08-18T14:33:28Z,2018,2018-01-01,2018-12-31
1464565,TOBACCO_MPOWER_R_INFLATIONADJUSTEDPRICES,COUNTRY,MEX,AMR,Americas,YEAR,2008,TOBACCO_INDICATOR,TOBACCO_INDICATOR_R_afford_inflation_adjusted_price_ppp,,,,,,,6.06,6.06,,,,2025-08-18T14:33:28Z,2008,2008-01-01,2008-12-31
1466338,TOBACCO_MPOWER_R_INFLATIONADJUSTEDPRICES,COUNTRY,BRN,WPR,Western Pacific,YEAR,2024,TOBACCO_INDICATOR,TOBACCO_INDICATOR_R_afford_inflation_adjusted_price_lcu,,,,,,,. . .,,,,,2025-08-18T14:33:28Z,2024,2024-01-01,2024-12-31
1467930,TOBACCO_MPOWER_R_INFLATIONADJUSTEDPRICES,COUNTRY,ATG,AMR,Americas,YEAR,2020,TOBACCO_INDICATOR,TOBACCO_INDICATOR_R_afford_inflation_adjusted_price_ppp,,,,,,,9.21,9.21,,,,2025-08-18T14:33:28Z,2020,2020-01-01,2020-12-31
1470112,TOBACCO_MPOWER_R_INFLATIONADJUSTEDPRICES,COUNTRY,CRI,AMR,Americas,YEAR,2022,TOBACCO_INDICATOR,TOBACCO_INDICATOR_R_afford_inflation_adjusted_price_ppp,,,,,,,6.55,6.55,,,,2025-08-18T14:33:28Z,2022,2022-01-01,2022-12-31
1470384,TOBACCO_MPOWER_R_INFLATIONADJUSTEDPRICES,COUNTRY,BRA,AMR,Americas,YEAR,2010,TOBACCO_INDICATOR,TOBACCO_INDICATOR_R_afford_inflation_adjusted_price_ppp,,,,,,,3.1,3.1,,,,2025-08-18T14:33:28Z,2010,2010-01-01,2010-12-31
1476921,TOBACCO_MPOWER_R_INFLATIONADJUSTEDPRICES,COUNTRY,AUS,WPR,Western Pacific,YEAR,2020,TOBACCO_INDICATOR,TOBACCO_INDICATOR_R_afford_inflation_adjusted_price_ppp,,,,,,,24.81,24.81,,,,2025-08-18T14:33:28Z,2020,2020-01-01,2020-12-31
1477097,TOBACCO_MPOWER_R_INFLATIONADJUSTEDPRICES,COUNTRY,NER,AFR,Africa,YEAR,2018,TOBACCO_INDICATOR,TOBACCO_INDICATOR_R_afford_inflation_adjusted_price_ppp,,,,,,,2.48,2.48,,,,2025-08-18T14:33:28Z,2018,2018-01-01,2018-12-31
1477553,TOBACCO_MPOWER_R_INFLATIONADJUSTEDPRICES,COUNTRY,HUN,EUR,Europe,YEAR,2008,TOBACCO_INDICATOR,TOBACCO_INDICATOR_R_afford_inflation_adjusted_price_lcu,,,,,,,1142.47,1142.47,,,,2025-08-18T14:33:28Z,2008,2008-01-01,2008-12-31
1485824,TOBACCO_MPOWER_R_INFLATIONADJUSTEDPRICES,COUNTRY,GAB,AFR,Africa,YEAR,2018,TOBACCO_INDICATOR,TOBACCO_INDICATOR_R_afford_inflation_adjusted_price_ppp,,,,,,,4.55,4.55,,,,2025-08-18T14:33:28Z,2018,2018-01-01,2018-12-31
1486099,TOBACCO_MPOWER_R_INFLATIONADJUSTEDPRICES,COUNTRY,CPV,AFR,Africa,YEAR,2020,TOBACCO_INDICATOR,TOBACCO_INDICATOR_R_afford_inflation_adjusted_price_ppp,,,,,,,6.06,6.06,,,,2025-08-18T14:33:28Z,2020,2020-01-01,2020-12-31
1488066,TOBACCO_MPOWER_R_INFLATIONADJUSTEDPRICES,COUNTRY,PRY,AMR,Americas,YEAR,2014,TOBACCO_INDICATOR,TOBACCO_INDICATOR_R_afford_inflation_adjusted_price_lcu,,,,,,,2266.76,2266.76,,,,2025-08-18T14:33:28Z,2014,2014-01-01,2014-12-31
1489049,TOBACCO_MPOWER_R_INFLATIONADJUSTEDPRICES,COUNTRY,HRV,EUR,Europe,YEAR,2018,TOBACCO_INDICATOR,TOBACCO_INDICATOR_R_afford_inflation_adjusted_price_ppp,,,,,,,9.42,9.42,,,,2025-08-18T14:33:28Z,2018,2018-01-01,2018-12-31
1493626,TOBACCO_MPOWER_R_INFLATIONADJUSTEDPRICES,COUNTRY,VNM,WPR,Western Pacific,YEAR,2018,TOBACCO_INDICATOR,TOBACCO_INDICATOR_R_afford_inflation_adjusted_price_lcu,,,,,,,23 852,23852.46,,,,2025-08-18T14:33:28Z,2018,2018-01-01,2018-12-31
1496930,TOBACCO_MPOWER_R_INFLATIONADJUSTEDPRICES,COUNTRY,HUN,EUR,Europe,YEAR,2010,TOBACCO_INDICATOR,TOBACCO_INDICATOR_R_afford_inflation_adjusted_price_ppp,,,,,,,7.01,7.01,,,,2025-08-18T14:33:28Z,2010,2010-01-01,2010-12-31
1498452,TOBACCO_MPOWER_R_INFLATIONADJUSTEDPRICES,COUNTRY,FSM,WPR,Western Pacific,YEAR,2012,TOBACCO_INDICATOR,TOBACCO_INDICATOR_R_afford_inflation_adjusted_price_lcu,,,,,,,2.55,2.55,,,,2025-08-18T14:33:28Z,2012,2012-01-01,2012-12-31
1499610,TOBACCO_MPOWER_R_INFLATIONADJUSTEDPRICES,COUNTRY,ATG,AMR,Americas,YEAR,2012,TOBACCO_INDICATOR,TOBACCO_INDICATOR_R_afford_inflation_adjusted_price_lcu,,,,,,,8.66,8.66,,,,2025-08-18T14:33:28Z,2012,2012-01-01,2012-12-31
1502688,TOBACCO_MPOWER_R_INFLATIONADJUSTEDPRICES,COUNTRY,ALB,EUR,Europe,YEAR,2012,TOBACCO_INDICATOR,TOBACCO_INDICATOR_R_afford_inflation_adjusted_price_lcu,,,,,,,227.22,227.22,,,,2025-08-18T14:33:28Z,2012,2012-01-01,2012-12-31
1507114,TOBACCO_MPOWER_R_INFLATIONADJUSTEDPRICES,COUNTRY,MDV,SEAR,South-East Asia,YEAR,2022,TOBACCO_INDICATOR,TOBACCO_INDICATOR_R_afford_inflation_adjusted_price_ppp,,,,,,,13.53,13.53,,,,2025-08-18T14:33:28Z,2022,2022-01-01,2022-12-31
1515567,TOBACCO_MPOWER_R_INFLATIONADJUSTEDPRICES,COUNTRY,UKR,EUR,Europe,YEAR,2012,TOBACCO_INDICATOR,TOBACCO_INDICATOR_R_afford_inflation_adjusted_price_ppp,,,,,,,3.82,3.82,,,,2025-08-18T14:33:28Z,2012,2012-01-01,2012-12-31
1516528,TOBACCO_MPOWER_R_INFLATIONADJUSTEDPRICES,COUNTRY,SYR,EMR,Eastern Mediterranean,YEAR,2008,TOBACCO_INDICATOR,TOBACCO_INDICATOR_R_afford_inflation_adjusted_price_ppp,,,,,,,2.18,2.18,,,,2025-08-18T14:33:28Z,2008,2008-01-01,2008-12-31
1516743,TOBACCO_MPOWER_R_INFLATIONADJUSTEDPRICES,COUNTRY,CZE,EUR,Europe,YEAR,2010,TOBACCO_INDICATOR,TOBACCO_INDICATOR_R_afford_inflation_adjusted_price_lcu,,,,,,,102.56,102.56,,,,2025-08-18T14:33:28Z,2010,2010-01-01,2010-12-31
1520773,TOBACCO_MPOWER_R_INFLATIONADJUSTEDPRICES,COUNTRY,GBR,EUR,Europe,YEAR,2012,TOBACCO_INDICATOR,TOBACCO_INDICATOR_R_afford_inflation_adjusted_price_lcu,,,,,,,9.2,9.2,,,,2025-08-18T14:33:28Z,2012,2012-01-01,2012-12-31
1521108,TOBACCO_MPOWER_R_INFLATIONADJUSTEDPRICES,COUNTRY,TLS,SEAR,South-East Asia,YEAR,2016,TOBACCO_INDICATOR,TOBACCO_INDICATOR_R_afford_inflation_adjusted_price_ppp,,,,,,,5.26,5.26,,,,2025-08-18T14:33:28Z,2016,2016-01-01,2016-12-31
1521456,TOBACCO_MPOWER_R_INFLATIONADJUSTEDPRICES,COUNTRY,SAU,EMR,Eastern Mediterranean,YEAR,2010,TOBACCO_INDICATOR,TOBACCO_INDICATOR_R_afford_inflation_adjusted_price_lcu,,,,,,,9.24,9.24,,,,2025-08-18T14:33:28Z,2010,2010-01-01,2010-12-31
1522614,TOBACCO_MPOWER_R_INFLATIONADJUSTEDPRICES,COUNTRY,NZL,WPR,Western Pacific,YEAR,2010,TOBACCO_INDICATOR,TOBACCO_INDICATOR_R_afford_inflation_adjusted_price_ppp,,,,,,,10.39,10.39,,,,2025-08-18T14:33:28Z,2010,2010-01-01,2010-12-31
1525832,TOBACCO_MPOWER_R_INFLATIONADJUSTEDPRICES,COUNTRY,KHM,WPR,Western Pacific,YEAR,2010,TOBACCO_INDICATOR,TOBACCO_INDICATOR_R_afford_inflation_adjusted_price_lcu,,,,,,,2066.05,2066.05,,,,2025-08-18T14:33:28Z,2010,2010-01-01,2010-12-31
1530031,TOBACCO_MPOWER_R_INFLATIONADJUSTEDPRICES,COUNTRY,COL,AMR,Americas,YEAR,2024,TOBACCO_INDICATOR,TOBACCO_INDICATOR_R_afford_inflation_adjusted_price_lcu,,,,,,,8534,8534,,,,2025-08-18T14:33:28Z,2024,2024-01-01,2024-12-31
1530359,TOBACCO_MPOWER_R_INFLATIONADJUSTEDPRICES,COUNTRY,AUS,WPR,Western Pacific,YEAR,2020,TOBACCO_INDICATOR,TOBACCO_INDICATOR_R_afford_inflation_adjusted_price_lcu,,,,,,,35.02,35.02,,,,2025-08-18T14:33:28Z,2020,2020-01-01,2020-12-31
1530449,TOBACCO_MPOWER_R_INFLATIONADJUSTEDPRICES,COUNTRY,LKA,SEAR,South-East Asia,YEAR,2018,TOBACCO_INDICATOR,TOBACCO_INDICATOR_R_afford_inflation_adjusted_price_ppp,,,,,,,27.5,27.5,,,,2025-08-18T14:33:28Z,2018,2018-01-01,2018-12-31
1535214,TOBACCO_MPOWER_R_INFLATIONADJUSTEDPRICES,COUNTRY,RWA,AFR,Africa,YEAR,2012,TOBACCO_INDICATOR,TOBACCO_INDICATOR_R_afford_inflation_adjusted_price_ppp,,,,,,,2.93,2.93,,,,2025-08-18T14:33:28Z,2012,2012-01-01,2012-12-31
1537840,TOBACCO_MPOWER_R_INFLATIONADJUSTEDPRICES,COUNTRY,COK,WPR,Western Pacific,YEAR,2012,TOBACCO_INDICATOR,TOBACCO_INDICATOR_R_afford_inflation_adjusted_price_ppp,,,,,,,. . .,,,,,2025-08-18T14:33:28Z,2012,2012-01-01,2012-12-31
1539341,TOBACCO_MPOWER_R_INFLATIONADJUSTEDPRICES,COUNTRY,PHL,WPR,Western Pacific,YEAR,2014,TOBACCO_INDICATOR,TOBACCO_INDICATOR_R_afford_inflation_adjusted_price_lcu,,,,,,,37.25,37.25,,,,2025-08-18T14:33:28Z,2014,2014-01-01,2014-12-31
1540495,TOBACCO_MPOWER_R_INFLATIONADJUSTEDPRICES,COUNTRY,AUS,WPR,Western Pacific,YEAR,2024,TOBACCO_INDICATOR,TOBACCO_INDICATOR_R_afford_inflation_adjusted_price_lcu,,,,,,,37.56,37.56,,,,2025-08-18T14:33:28Z,2024,2024-01-01,2024-12-31
1542648,TOBACCO_MPOWER_R_INFLATIONADJUSTEDPRICES,COUNTRY,TUN,EMR,Eastern Mediterranean,YEAR,2014,TOBACCO_INDICATOR,TOBACCO_INDICATOR_R_afford_inflation_adjusted_price_lcu,,,,,,,4.71,4.71,,,,2025-08-18T14:33:28Z,2014,2014-01-01,2014-12-31
1550659,TOBACCO_MPOWER_R_INFLATIONADJUSTEDPRICES,COUNTRY,BOL,AMR,Americas,YEAR,2024,TOBACCO_INDICATOR,TOBACCO_INDICATOR_R_afford_inflation_adjusted_price_ppp,,,,,,,5.01,5.01,,,,2025-08-18T14:33:28Z,2024,2024-01-01,2024-12-31
1550903,TOBACCO_MPOWER_R_INFLATIONADJUSTEDPRICES,COUNTRY,MEX,AMR,Americas,YEAR,2016,TOBACCO_INDICATOR,TOBACCO_INDICATOR_R_afford_inflation_adjusted_price_lcu,,,,,,,71.19,71.19,,,,2025-08-18T14:33:28Z,2016,2016-01-01,2016-12-31
1559191,TOBACCO_MPOWER_R_INFLATIONADJUSTEDPRICES,COUNTRY,RWA,AFR,Africa,YEAR,2010,TOBACCO_INDICATOR,TOBACCO_INDICATOR_R_afford_inflation_adjusted_price_lcu,,,,,,,1038.18,1038.18,,,,2025-08-18T14:33:28Z,2010,2010-01-01,2010-12-31
1559426,TOBACCO_MPOWER_R_INFLATIONADJUSTEDPRICES,COUNTRY,CHN,WPR,Western Pacific,YEAR,2010,TOBACCO_INDICATOR,TOBACCO_INDICATOR_R_afford_inflation_adjusted_price_ppp,,,,,,,2.94,2.94,,,,2025-08-18T14:33:28Z,2010,2010-01-01,2010-12-31
1564729,TOBACCO_MPOWER_R_INFLATIONADJUSTEDPRICES,COUNTRY,SGP,WPR,Western Pacific,YEAR,2024,TOBACCO_INDICATOR,TOBACCO_INDICATOR_R_afford_inflation_adjusted_price_ppp,,,,,,,19.4,19.4,,,,2025-08-18T14:33:28Z,2024,2024-01-01,2024-12-31
1567255,TOBACCO_MPOWER_R_INFLATIONADJUSTEDPRICES,COUNTRY,MDG,AFR,Africa,YEAR,2022,TOBACCO_INDICATOR,TOBACCO_INDICATOR_R_afford_inflation_adjusted_price_ppp,,,,,,,4.11,4.11,,,,2025-08-18T14:33:28Z,2022,2022-01-01,2022-12-31
1572675,TOBACCO_MPOWER_R_INFLATIONADJUSTEDPRICES,COUNTRY,BOL,AMR,Americas,YEAR,2024,TOBACCO_INDICATOR,TOBACCO_INDICATOR_R_afford_inflation_adjusted_price_lcu,,,,,,,12,12,,,,2025-08-18T14:33:28Z,2024,2024-01-01,2024-12-31
1573604,TOBACCO_MPOWER_R_INFLATIONADJUSTEDPRICES,COUNTRY,GBR,EUR,Europe,YEAR,2024,TOBACCO_INDICATOR,TOBACCO_INDICATOR_R_afford_inflation_adjusted_price_ppp,,,,,,,20.15,20.15,,,,2025-08-18T14:33:28Z,2024,2024-01-01,2024-12-31
1582443,TOBACCO_MPOWER_R_INFLATIONADJUSTEDPRICES,COUNTRY,GHA,AFR,Africa,YEAR,2014,TOBACCO_INDICATOR,TOBACCO_INDICATOR_R_afford_inflation_adjusted_price_ppp,,,,,,,2.74,2.74,,,,2025-08-18T14:33:28Z,2014,2014-01-01,2014-12-31
1586322,TOBACCO_MPOWER_R_INFLATIONADJUSTEDPRICES,COUNTRY,BWA,AFR,Africa,YEAR,2010,TOBACCO_INDICATOR,TOBACCO_INDICATOR_R_afford_inflation_adjusted_price_lcu,,,,,,,35.52,35.52,,,,2025-08-18T14:33:28Z,2010,2010-01-01,2010-12-31
1599290,TOBACCO_MPOWER_R_INFLATIONADJUSTEDPRICES,COUNTRY,YEM,EMR,Eastern Mediterranean,YEAR,2012,TOBACCO_INDICATOR,TOBACCO_INDICATOR_R_afford_inflation_adjusted_price_ppp,,,,,,,3.85,3.85,,,,2025-08-18T14:33:28Z,2012,2012-01-01,2012-12-31
1605672,TOBACCO_MPOWER_R_INFLATIONADJUSTEDPRICES,COUNTRY,MAR,EMR,Eastern Mediterranean,YEAR,2024,TOBACCO_INDICATOR,TOBACCO_INDICATOR_R_afford_inflation_adjusted_price_ppp,,,,,,,7.22,7.22,,,,2025-08-18T14:33:28Z,2024,2024-01-01,2024-12-31
1606680,TOBACCO_MPOWER_R_INFLATIONADJUSTEDPRICES,COUNTRY,TUN,EMR,Eastern Mediterranean,YEAR,2008,TOBACCO_INDICATOR,TOBACCO_INDICATOR_R_afford_inflation_adjusted_price_ppp,,,,,,,4.12,4.12,,,,2025-08-18T14:33:28Z,2008,2008-01-01,2008-12-31
1608502,TOBACCO_MPOWER_R_INFLATIONADJUSTEDPRICES,COUNTRY,KHM,WPR,Western Pacific,YEAR,2018,TOBACCO_INDICATOR,TOBACCO_INDICATOR_R_afford_inflation_adjusted_price_ppp,,,,,,,1.7,1.7,,,,2025-08-18T14:33:28Z,2018,2018-01-01,2018-12-31
1611411,TOBACCO_MPOWER_R_INFLATIONADJUSTEDPRICES,COUNTRY,LVA,EUR,Europe,YEAR,2024,TOBACCO_INDICATOR,TOBACCO_INDICATOR_R_afford_inflation_adjusted_price_ppp,,,,,,,9.68,9.68,,,,2025-08-18T14:33:28Z,2024,2024-01-01,2024-12-31
1611548,TOBACCO_MPOWER_R_INFLATIONADJUSTEDPRICES,COUNTRY,PLW,WPR,Western Pacific,YEAR,2018,TOBACCO_INDICATOR,TOBACCO_INDICATOR_R_afford_inflation_adjusted_price_lcu,,,,,,,9.09,9.09,,,,2025-08-18T14:33:28Z,2018,2018-01-01,2018-12-31
1614151,TOBACCO_MPOWER_R_INFLATIONADJUSTEDPRICES,COUNTRY,CMR,AFR,Africa,YEAR,2014,TOBACCO_INDICATOR,TOBACCO_INDICATOR_R_afford_inflation_adjusted_price_lcu,,,,,,,674.21,674.21,,,,2025-08-18T14:33:28Z,2014,2014-01-01,2014-12-31
1615377,TOBACCO_MPOWER_R_INFLATIONADJUSTEDPRICES,COUNTRY,MMR,SEAR,South-East Asia,YEAR,2020,TOBACCO_INDICATOR,TOBACCO_INDICATOR_R_afford_inflation_adjusted_price_lcu,,,,,,,2783.86,2783.86,,,,2025-08-18T14:33:28Z,2020,2020-01-01,2020-12-31
1619704,TOBACCO_MPOWER_R_INFLATIONADJUSTEDPRICES,COUNTRY,SVN,EUR,Europe,YEAR,2010,TOBACCO_INDICATOR,TOBACCO_INDICATOR_R_afford_inflation_adjusted_price_lcu,,,,,,,3.37,3.37,,,,2025-08-18T14:33:28Z,2010,2010-01-01,2010-12-31
1624883,TOBACCO_MPOWER_R_INFLATIONADJUSTEDPRICES,COUNTRY,CMR,AFR,Africa,YEAR,2014,TOBACCO_INDICATOR,TOBACCO_INDICATOR_R_afford_inflation_adjusted_price_ppp,,,,,,,2.83,2.83,,,,2025-08-18T14:33:28Z,2014,2014-01-01,2014-12-31
1632348,TOBACCO_MPOWER_R_INFLATIONADJUSTEDPRICES,COUNTRY,GEO,EUR,Europe,YEAR,2024,TOBACCO_INDICATOR,TOBACCO_INDICATOR_R_afford_inflation_adjusted_price_lcu,,,,,,,7.6,7.6,,,,2025-08-18T14:33:28Z,2024,2024-01-01,2024-12-31
1634769,TOBACCO_MPOWER_R_INFLATIONADJUSTEDPRICES,COUNTRY,SSD,AFR,Africa,YEAR,2008,TOBACCO_INDICATOR,TOBACCO_INDICATOR_R_afford_inflation_adjusted_price_ppp,,,,,,,. . .,,,,,2025-08-18T14:33:28Z,2008,2008-01-01,2008-12-31
1638519,TOBACCO_MPOWER_R_INFLATIONADJUSTEDPRICES,COUNTRY,SVK,EUR,Europe,YEAR,2024,TOBACCO_INDICATOR,TOBACCO_INDICATOR_R_afford_inflation_adjusted_price_lcu,,,,,,,5.3,5.3,,,,2025-08-18T14:33:28Z,2024,2024-01-01,2024-12-31
1639456,TOBACCO_MPOWER_R_INFLATIONADJUSTEDPRICES,COUNTRY,WSM,WPR,Western Pacific,YEAR,2024,TOBACCO_INDICATOR,TOBACCO_INDICATOR_R_afford_inflation_adjusted_price_ppp,,,,,,,7.91,7.91,,,,2025-08-18T14:33:28Z,2024,2024-01-01,2024-12-31
1639711,TOBACCO_MPOWER_R_INFLATIONADJUSTEDPRICES,COUNTRY,COL,AMR,Americas,YEAR,2010,TOBACCO_INDICATOR,TOBACCO_INDICATOR_R_afford_inflation_adjusted_price_lcu,,,,,,,3690.58,3690.58,,,,2025-08-18T14:33:28Z,2010,2010-01-01,2010-12-31
1641300,TOBACCO_MPOWER_R_INFLATIONADJUSTEDPRICES,COUNTRY,QAT,EMR,Eastern Mediterranean,YEAR,2010,TOBACCO_INDICATOR,TOBACCO_INDICATOR_R_afford_inflation_adjusted_price_lcu,,,,,,,7.56,7.56,,,,2025-08-18T14:33:28Z,2010,2010-01-01,2010-12-31
1644564,TOBACCO_MPOWER_R_INFLATIONADJUSTEDPRICES,COUNTRY,LBN,EMR,Eastern Mediterranean,YEAR,2008,TOBACCO_INDICATOR,TOBACCO_INDICATOR_R_afford_inflation_adjusted_price_ppp,,,,,,,5.6,5.6,,,,2025-08-18T14:33:28Z,2008,2008-01-01,2008-12-31
1644686,TOBACCO_MPOWER_R_INFLATIONADJUSTEDPRICES,COUNTRY,BFA,AFR,Africa,YEAR,2020,TOBACCO_INDICATOR,TOBACCO_INDICATOR_R_afford_inflation_adjusted_price_lcu,,,,,,,932.57,932.57,,,,2025-08-18T14:33:28Z,2020,2020-01-01,2020-12-31
1648356,TOBACCO_MPOWER_R_INFLATIONADJUSTEDPRICES,COUNTRY,ATG,AMR,Americas,YEAR,2022,TOBACCO_INDICATOR,TOBACCO_INDICATOR_R_afford_inflation_adjusted_price_lcu,,,,,,,11.67,11.67,,,,2025-08-18T14:33:28Z,2022,2022-01-01,2022-12-31
1652919,TOBACCO_MPOWER_R_INFLATIONADJUSTEDPRICES,COUNTRY,SYC,AFR,Africa,YEAR,2012,TOBACCO_INDICATOR,TOBACCO_INDICATOR_R_afford_inflation_adjusted_price_lcu,,,,,,,100.53,100.53,,,,2025-08-18T14:33:28Z,2012,2012-01-01,2012-12-31
1654239,TOBACCO_MPOWER_R_INFLATIONADJUSTEDPRICES,COUNTRY,KOR,WPR,Western Pacific,YEAR,2012,TOBACCO_INDICATOR,TOBACCO_INDICATOR_R_afford_inflation_adjusted_price_lcu,,,,,,,3108.97,3108.97,,,,2025-08-18T14:33:28Z,2012,2012-01-01,2012-12-31
1657444,TOBACCO_MPOWER_R_INFLATIONADJUSTEDPRICES,COUNTRY,TTO,AMR,Americas,YEAR,2016,TOBACCO_INDICATOR,TOBACCO_INDICATOR_R_afford_inflation_adjusted_price_ppp,,,,,,,8.61,8.61,,,,2025-08-18T14:33:28Z,2016,2016-01-01,2016-12-31
1658752,TOBACCO_MPOWER_R_INFLATIONADJUSTEDPRICES,COUNTRY,FJI,WPR,Western Pacific,YEAR,2008,TOBACCO_INDICATOR,TOBACCO_INDICATOR_R_afford_inflation_adjusted_price_ppp,,,,,,,8.66,8.66,,,,2025-08-18T14:33:28Z,2008,2008-01-01,2008-12-31
1659825,TOBACCO_MPOWER_R_INFLATIONADJUSTEDPRICES,COUNTRY,MDA,EUR,Europe,YEAR,2024,TOBACCO_INDICATOR,TOBACCO_INDICATOR_R_afford_inflation_adjusted_price_lcu,,,,,,,50,50,,,,2025-08-18T14:33:28Z,2024,2024-01-01,2024-12-31
1663193,TOBACCO_MPOWER_R_INFLATIONADJUSTEDPRICES,COUNTRY,MLI,AFR,Africa,YEAR,2018,TOBACCO_INDICATOR,TOBACCO_INDICATOR_R_afford_inflation_adjusted_price_lcu,,,,,,,935.41,935.41,,,,2025-08-18T14:33:28Z,2018,2018-01-01,2018-12-31
1665573,TOBACCO_MPOWER_R_INFLATIONADJUSTEDPRICES,COUNTRY,PRY,AMR,Americas,YEAR,2016,TOBACCO_INDICATOR,TOBACCO_INDICATOR_R_afford_inflation_adjusted_price_ppp,,,,,,,1.06,1.06,,,,2025-08-18T14:33:28Z,2016,2016-01-01,2016-12-31
1666106,TOBACCO_MPOWER_R_INFLATIONADJUSTEDPRICES,COUNTRY,NZL,WPR,Western Pacific,YEAR,2014,TOBACCO_INDICATOR,TOBACCO_INDICATOR_R_afford_inflation_adjusted_price_ppp,,,,,,,16.22,16.22,,,,2025-08-18T14:33:28Z,2014,2014-01-01,2014-12-31
1666335,TOBACCO_MPOWER_R_INFLATIONADJUSTEDPRICES,COUNTRY,SLE,AFR,Africa,YEAR,2020,TOBACCO_INDICATOR,TOBACCO_INDICATOR_R_afford_inflation_adjusted_price_lcu,,,,,,,16.2,16.2,,,,2025-08-18T14:33:28Z,2020,2020-01-01,2020-12-31
1666608,TOBACCO_MPOWER_R_INFLATIONADJUSTEDPRICES,COUNTRY,HND,AMR,Americas,YEAR,2012,TOBACCO_INDICATOR,TOBACCO_INDICATOR_R_afford_inflation_adjusted_price_lcu,,,,,,,58.74,58.74,,,,2025-08-18T14:33:28Z,2012,2012-01-01,2012-12-31
1671323,TOBACCO_MPOWER_R_INFLATIONADJUSTEDPRICES,COUNTRY,SLB,WPR,Western Pacific,YEAR,2020,TOBACCO_INDICATOR,TOBACCO_INDICATOR_R_afford_inflation_adjusted_price_lcu,,,,,,,. . .,,,,,2025-08-18T14:33:28Z,2020,2020-01-01,2020-12-31
1674919,TOBACCO_MPOWER_R_INFLATIONADJUSTEDPRICES,COUNTRY,GUY,AMR,Americas,YEAR,2016,TOBACCO_INDICATOR,TOBACCO_INDICATOR_R_afford_inflation_adjusted_price_ppp,,,,,,,4.4,4.4,,,,2025-08-18T14:33:28Z,2016,2016-01-01,2016-12-31
1678122,TOBACCO_MPOWER_R_INFLATIONADJUSTEDPRICES,COUNTRY,GBR,EUR,Europe,YEAR,2022,TOBACCO_INDICATOR,TOBACCO_INDICATOR_R_afford_inflation_adjusted_price_lcu,,,,,,,11.44,11.44,,,,2025-08-18T14:33:28Z,2022,2022-01-01,2022-12-31
1678516,TOBACCO_MPOWER_R_INFLATIONADJUSTEDPRICES,COUNTRY,GUY,AMR,Americas,YEAR,2016,TOBACCO_INDICATOR,TOBACCO_INDICATOR_R_afford_inflation_adjusted_price_lcu,,,,,,,439.95,439.95,,,,2025-08-18T14:33:28Z,2016,2016-01-01,2016-12-31
1680047,TOBACCO_MPOWER_R_INFLATIONADJUSTEDPRICES,COUNTRY,CZE,EUR,Europe,YEAR,2014,TOBACCO_INDICATOR,TOBACCO_INDICATOR_R_afford_inflation_adjusted_price_lcu,,,,,,,109.39,109.39,,,,2025-08-18T14:33:28Z,2014,2014-01-01,2014-12-31
1685552,TOBACCO_MPOWER_R_INFLATIONADJUSTEDPRICES,COUNTRY,PNG,WPR,Western Pacific,YEAR,2020,TOBACCO_INDICATOR,TOBACCO_INDICATOR_R_afford_inflation_adjusted_price_ppp,,,,,,,9.78,9.78,,,,2025-08-18T14:33:28Z,2020,2020-01-01,2020-12-31
1688615,TOBACCO_MPOWER_R_INFLATIONADJUSTEDPRICES,COUNTRY,ISL,EUR,Europe,YEAR,2008,TOBACCO_INDICATOR,TOBACCO_INDICATOR_R_afford_inflation_adjusted_price_lcu,,,,,,,1356.26,1356.26,,,,2025-08-18T14:33:28Z,2008,2008-01-01,2008-12-31
1691812,TOBACCO_MPOWER_R_INFLATIONADJUSTEDPRICES,COUNTRY,MUS,AFR,Africa,YEAR,2008,TOBACCO_INDICATOR,TOBACCO_INDICATOR_R_afford_inflation_adjusted_price_lcu,,,,,,,116.88,116.88,,,,2025-08-18T14:33:28Z,2008,2008-01-01,2008-12-31
1694802,TOBACCO_MPOWER_R_INFLATIONADJUSTEDPRICES,COUNTRY,SLV,AMR,Americas,YEAR,2016,TOBACCO_INDICATOR,TOBACCO_INDICATOR_R_afford_inflation_adjusted_price_ppp,,,,,,,5.78,5.78,,,,2025-08-18T14:33:28Z,2016,2016-01-01,2016-12-31
1695593,TOBACCO_MPOWER_R_INFLATIONADJUSTEDPRICES,COUNTRY,ISL,EUR,Europe,YEAR,2008,TOBACCO_INDICATOR,TOBACCO_INDICATOR_R_afford_inflation_adjusted_price_ppp,,,,,,,9.03,9.03,,,,2025-08-18T14:33:28Z,2008,2008-01-01,2008-12-31
1697068,TOBACCO_MPOWER_R_INFLATIONADJUSTEDPRICES,COUNTRY,KGZ,EUR,Europe,YEAR,2024,TOBACCO_INDICATOR,TOBACCO_INDICATOR_R_afford_inflation_adjusted_price_lcu,,,,,,,144,144,,,,2025-08-18T14:33:28Z,2024,2024-01-01,2024-12-31
1698796,TOBACCO_MPOWER_R_INFLATIONADJUSTEDPRICES,COUNTRY,RWA,AFR,Africa,YEAR,2018,TOBACCO_INDICATOR,TOBACCO_INDICATOR_R_afford_inflation_adjusted_price_lcu,,,,,,,983.83,983.83,,,,2025-08-18T14:33:28Z,2018,2018-01-01,2018-12-31
1705526,TOBACCO_MPOWER_R_INFLATIONADJUSTEDPRICES,COUNTRY,GBR,EUR,Europe,YEAR,2016,TOBACCO_INDICATOR,TOBACCO_INDICATOR_R_afford_inflation_adjusted_price_lcu,,,,,,,11.04,11.04,,,,2025-08-18T14:33:28Z,2016,2016-01-01,2016-12-31
1709146,TOBACCO_MPOWER_R_INFLATIONADJUSTEDPRICES,COUNTRY,CAN,AMR,Americas,YEAR,2008,TOBACCO_INDICATOR,TOBACCO_INDICATOR_R_afford_inflation_adjusted_price_ppp,,,,,,,9.27,9.27,,,,2025-08-18T14:33:28Z,2008,2008-01-01,2008-12-31
1710923,TOBACCO_MPOWER_R_INFLATIONADJUSTEDPRICES,COUNTRY,THA,SEAR,South-East Asia,YEAR,2014,TOBACCO_INDICATOR,TOBACCO_INDICATOR_R_afford_inflation_adjusted_price_ppp,,,,,,,7.06,7.06,,,,2025-08-18T14:33:28Z,2014,2014-01-01,2014-12-31
1714040,TOBACCO_MPOWER_R_INFLATIONADJUSTEDPRICES,COUNTRY,BOL,AMR,Americas,YEAR,2010,TOBACCO_INDICATOR,TOBACCO_INDICATOR_R_afford_inflation_adjusted_price_ppp,,,,,,,3.82,3.82,,,,2025-08-18T14:33:28Z,2010,2010-01-01,2010-12-31
1717896,TOBACCO_MPOWER_R_INFLATIONADJUSTEDPRICES,COUNTRY,UKR,EUR,Europe,YEAR,2010,TOBACCO_INDICATOR,TOBACCO_INDICATOR_R_afford_inflation_adjusted_price_lcu,,,,,,,25.14,25.14,,,,2025-08-18T14:33:28Z,2010,2010-01-01,2010-12-31
1720355,TOBACCO_MPOWER_R_INFLATIONADJUSTEDPRICES,COUNTRY,SRB,EUR,Europe,YEAR,2014,TOBACCO_INDICATOR,TOBACCO_INDICATOR_R_afford_inflation_adjusted_price_lcu,,,,,,,259.95,259.95,,,,2025-08-18T14:33:28Z,2014,2014-01-01,2014-12-31
1720559,TOBACCO_MPOWER_R_INFLATIONADJUSTEDPRICES,COUNTRY,ROU,EUR,Europe,YEAR,2024,TOBACCO_INDICATOR,TOBACCO_INDICATOR_R_afford_inflation_adjusted_price_lcu,,,,,,,27.5,27.5,,,,2025-08-18T14:33:28Z,2024,2024-01-01,2024-12-31
1727921,TOBACCO_MPOWER_R_INFLATIONADJUSTEDPRICES,COUNTRY,JAM,AMR,Americas,YEAR,2012,TOBACCO_INDICATOR,TOBACCO_INDICATOR_R_afford_inflation_adjusted_price_ppp,,,,,,,17.02,17.02,,,Data not validated by the national authorities.,2025-08-18T14:33:28Z,2012,2012-01-01,2012-12-31
1729063,TOBACCO_MPOWER_R_INFLATIONADJUSTEDPRICES,COUNTRY,IRQ,EMR,Eastern Mediterranean,YEAR,2010,TOBACCO_INDICATOR,TOBACCO_INDICATOR_R_afford_inflation_adjusted_price_lcu,,,,,,,715.23,715.23,,,,2025-08-18T14:33:28Z,2010,2010-01-01,2010-12-31
1730726,TOBACCO_MPOWER_R_INFLATIONADJUSTEDPRICES,COUNTRY,DEU,EUR,Europe,YEAR,2016,TOBACCO_INDICATOR,TOBACCO_INDICATOR_R_afford_inflation_adjusted_price_lcu,,,,,,,7.71,7.71,,,,2025-08-18T14:33:28Z,2016,2016-01-01,2016-12-31
1731392,TOBACCO_MPOWER_R_INFLATIONADJUSTEDPRICES,COUNTRY,ISR,EUR,Europe,YEAR,2020,TOBACCO_INDICATOR,TOBACCO_INDICATOR_R_afford_inflation_adjusted_price_lcu,,,,,,,38.69,38.69,,,,2025-08-18T14:33:28Z,2020,2020-01-01,2020-12-31
1739080,TOBACCO_MPOWER_R_INFLATIONADJUSTEDPRICES,COUNTRY,RWA,AFR,Africa,YEAR,2020,TOBACCO_INDICATOR,TOBACCO_INDICATOR_R_afford_inflation_adjusted_price_ppp,,,,,,,3.77,3.77,,,,2025-08-18T14:33:28Z,2020,2020-01-01,2020-12-31
1739193,TOBACCO_MPOWER_R_INFLATIONADJUSTEDPRICES,COUNTRY,MWI,AFR,Africa,YEAR,2016,TOBACCO_INDICATOR,TOBACCO_INDICATOR_R_afford_inflation_adjusted_price_lcu,,,,,,,. . .,,,,,2025-08-18T14:33:28Z,2016,2016-01-01,2016-12-31
1742041,TOBACCO_MPOWER_R_INFLATIONADJUSTEDPRICES,COUNTRY,ARG,AMR,Americas,YEAR,2024,TOBACCO_INDICATOR,TOBACCO_INDICATOR_R_afford_inflation_adjusted_price_lcu,,,,,,,2910,2910,,,,2025-08-18T14:33:28Z,2024,2024-01-01,2024-12-31
1743424,TOBACCO_MPOWER_R_INFLATIONADJUSTEDPRICES,COUNTRY,COG,AFR,Africa,YEAR,2020,TOBACCO_INDICATOR,TOBACCO_INDICATOR_R_afford_inflation_adjusted_price_ppp,,,,,,,3.78,3.78,,,,2025-08-18T14:33:28Z,2020,2020-01-01,2020-12-31
1744735,TOBACCO_MPOWER_R_INFLATIONADJUSTEDPRICES,COUNTRY,AND,EUR,Europe,YEAR,2010,TOBACCO_INDICATOR,TOBACCO_INDICATOR_R_afford_inflation_adjusted_price_ppp,,,,,,,4.7,4.7,,,,2025-08-18T14:33:28Z,2010,2010-01-01,2010-12-31
1746887,TOBACCO_MPOWER_R_INFLATIONADJUSTEDPRICES,COUNTRY,SVN,EUR,Europe,YEAR,2014,TOBACCO_INDICATOR,TOBACCO_INDICATOR_R_afford_inflation_adjusted_price_ppp,,,,,,,7.97,7.97,,,,2025-08-18T14:33:28Z,2014,2014-01-01,2014-12-31
1747608,TOBACCO_MPOWER_R_INFLATIONADJUSTEDPRICES,COUNTRY,UKR,EUR,Europe,YEAR,2022,TOBACCO_INDICATOR,TOBACCO_INDICATOR_R_afford_inflation_adjusted_price_lcu,,,,,,,85.34,85.34,,,,2025-08-18T14:33:28Z,2022,2022-01-01,2022-12-31
1747763,TOBACCO_MPOWER_R_INFLATIONADJUSTEDPRICES,COUNTRY,KHM,WPR,Western Pacific,YEAR,2022,TOBACCO_INDICATOR,TOBACCO_INDICATOR_R_afford_inflation_adjusted_price_ppp,,,,,,,1.63,1.63,,,,2025-08-18T14:33:28Z,2022,2022-01-01,2022-12-31
1751529,TOBACCO_MPOWER_R_INFLATIONADJUSTEDPRICES,COUNTRY,SWZ,AFR,Africa,YEAR,2010,TOBACCO_INDICATOR,TOBACCO_INDICATOR_R_afford_inflation_adjusted_price_lcu,,,,,,,56.55,56.55,,,,2025-08-18T14:33:28Z,2010,2010-01-01,2010-12-31
1752481,TOBACCO_MPOWER_R_INFLATIONADJUSTEDPRICES,COUNTRY,SWE,EUR,Europe,YEAR,2010,TOBACCO_INDICATOR,TOBACCO_INDICATOR_R_afford_inflation_adjusted_price_ppp,,,,,,,8.13,8.13,,,,2025-08-18T14:33:28Z,2010,2010-01-01,2010-12-31
1753823,TOBACCO_MPOWER_R_INFLATIONADJUSTEDPRICES,COUNTRY,IRN,EMR,Eastern Mediterranean,YEAR,2014,TOBACCO_INDICATOR,TOBACCO_INDICATOR_R_afford_inflation_adjusted_price_lcu,,,,,,,171 550,171550.31,,,,2025-08-18T14:33:28Z,2014,2014-01-01,2014-12-31
1753959,TOBACCO_MPOWER_R_INFLATIONADJUSTEDPRICES,COUNTRY,MOZ,AFR,Africa,YEAR,2022,TOBACCO_INDICATOR,TOBACCO_INDICATOR_R_afford_inflation_adjusted_price_lcu,,,,,,,99.38,99.38,,,,2025-08-18T14:33:28Z,2022,2022-01-01,2022-12-31
1757978,TOBACCO_MPOWER_R_INFLATIONADJUSTEDPRICES,COUNTRY,BRN,WPR,Western Pacific,YEAR,2016,TOBACCO_INDICATOR,TOBACCO_INDICATOR_R_afford_inflation_adjusted_price_ppp,,,,,,,. . .,,,,,2025-08-18T14:33:28Z,2016,2016-01-01,2016-12-31
1759510,TOBACCO_MPOWER_R_INFLATIONADJUSTEDPRICES,COUNTRY,BEL,EUR,Europe,YEAR,2014,TOBACCO_INDICATOR,TOBACCO_INDICATOR_R_afford_inflation_adjusted_price_ppp,,,,,,,10.02,10.02,,,,2025-08-18T14:33:28Z,2014,2014-01-01,2014-12-31
1765714,TOBACCO_MPOWER_R_INFLATIONADJUSTEDPRICES,COUNTRY,HND,AMR,Americas,YEAR,2018,TOBACCO_INDICATOR,TOBACCO_INDICATOR_R_afford_inflation_adjusted_price_ppp,,,,,,,5.97,5.97,,,,2025-08-18T14:33:28Z,2018,2018-01-01,2018-12-31
1767825,TOBACCO_MPOWER_R_INFLATIONADJUSTEDPRICES,COUNTRY,GNQ,AFR,Africa,YEAR,2010,TOBACCO_INDICATOR,TOBACCO_INDICATOR_R_afford_inflation_adjusted_price_lcu,,,,,,,721.71,721.71,,,,2025-08-18T14:33:28Z,2010,2010-01-01,2010-12-31
1771905,TOBACCO_MPOWER_R_INFLATIONADJUSTEDPRICES,COUNTRY,TON,WPR,Western Pacific,YEAR,2008,TOBACCO_INDICATOR,TOBACCO_INDICATOR_R_afford_inflation_adjusted_price_ppp,,,,,,,7.1,7.1,,,,2025-08-18T14:33:28Z,2008,2008-01-01,2008-12-31
1772973,TOBACCO_MPOWER_R_INFLATIONADJUSTEDPRICES,COUNTRY,TLS,SEAR,South-East Asia,YEAR,2024,TOBACCO_INDICATOR,TOBACCO_INDICATOR_R_afford_inflation_adjusted_price_ppp,,,,,,,4.93,4.93,,,,2025-08-18T14:33:28Z,2024,2024-01-01,2024-12-31
1775397,TOBACCO_MPOWER_R_INFLATIONADJUSTEDPRICES,COUNTRY,BGD,SEAR,South-East Asia,YEAR,2022,TOBACCO_INDICATOR,TOBACCO_INDICATOR_R_afford_inflation_adjusted_price_ppp,,,,,,,3.86,3.86,,,,2025-08-18T14:33:28Z,2022,2022-01-01,2022-12-31
1779564,TOBACCO_MPOWER_R_INFLATIONADJUSTEDPRICES,COUNTRY,BLZ,AMR,Americas,YEAR,2014,TOBACCO_INDICATOR,TOBACCO_INDICATOR_R_afford_inflation_adjusted_price_lcu,,,,,,,6.01,6.01,,,,2025-08-18T14:33:28Z,2014,2014-01-01,2014-12-31
1781060,TOBACCO_MPOWER_R_INFLATIONADJUSTEDPRICES,COUNTRY,NAM,AFR,Africa,YEAR,2016,TOBACCO_INDICATOR,TOBACCO_INDICATOR_R_afford_inflation_adjusted_price_lcu,,,,,,,62.65,62.65,,,,2025-08-18T14:33:28Z,2016,2016-01-01,2016-12-31
1782131,TOBACCO_MPOWER_R_INFLATIONADJUSTEDPRICES,COUNTRY,AFG,EMR,Eastern Mediterranean,YEAR,2018,TOBACCO_INDICATOR,TOBACCO_INDICATOR_R_afford_inflation_adjusted_price_ppp,,,,,,,2.52,2.52,,,,2025-08-18T14:33:28Z,2018,2018-01-01,2018-12-31
1782876,TOBACCO_MPOWER_R_INFLATIONADJUSTEDPRICES,COUNTRY,BGR,EUR,Europe,YEAR,2018,TOBACCO_INDICATOR,TOBACCO_INDICATOR_R_afford_inflation_adjusted_price_ppp,,,,,,,8.82,8.82,,,,2025-08-18T14:33:28Z,2018,2018-01-01,2018-12-31
1787042,TOBACCO_MPOWER_R_INFLATIONADJUSTEDPRICES,COUNTRY,SAU,EMR,Eastern Mediterranean,YEAR,2024,TOBACCO_INDICATOR,TOBACCO_INDICATOR_R_afford_inflation_adjusted_price_lcu,,,,,,,28,28,,,,2025-08-18T14:33:28Z,2024,2024-01-01,2024-12-31
1792930,TOBACCO_MPOWER_R_INFLATIONADJUSTEDPRICES,COUNTRY,GHA,AFR,Africa,YEAR,2022,TOBACCO_INDICATOR,TOBACCO_INDICATOR_R_afford_inflation_adjusted_price_ppp,,,,,,,3.75,3.75,,,,2025-08-18T14:33:28Z,2022,2022-01-01,2022-12-31
1795036,TOBACCO_MPOWER_R_INFLATIONADJUSTEDPRICES,COUNTRY,BEL,EUR,Europe,YEAR,2022,TOBACCO_INDICATOR,TOBACCO_INDICATOR_R_afford_inflation_adjusted_price_ppp,,,,,,,12.18,12.18,,,,2025-08-18T14:33:28Z,2022,2022-01-01,2022-12-31
1796124,TOBACCO_MPOWER_R_INFLATIONADJUSTEDPRICES,COUNTRY,LAO,WPR,Western Pacific,YEAR,2016,TOBACCO_INDICATOR,TOBACCO_INDICATOR_R_afford_inflation_adjusted_price_ppp,,,,,,,3.26,3.26,,,,2025-08-18T14:33:28Z,2016,2016-01-01,2016-12-31
1803252,TOBACCO_MPOWER_R_INFLATIONADJUSTEDPRICES,COUNTRY,MMR,SEAR,South-East Asia,YEAR,2014,TOBACCO_INDICATOR,TOBACCO_INDICATOR_R_afford_inflation_adjusted_price_ppp,,,,,,,2.59,2.59,,,,2025-08-18T14:33:28Z,2014,2014-01-01,2014-12-31
1804123,TOBACCO_MPOWER_R_INFLATIONADJUSTEDPRICES,COUNTRY,ECU,AMR,Americas,YEAR,2014,TOBACCO_INDICATOR,TOBACCO_INDICATOR_R_afford_inflation_adjusted_price_lcu,,,,,,,3.53,3.53,,,,2025-08-18T14:33:28Z,2014,2014-01-01,2014-12-31
1804934,TOBACCO_MPOWER_R_INFLATIONADJUSTEDPRICES,COUNTRY,PLW,WPR,Western Pacific,YEAR,2024,TOBACCO_INDICATOR,TOBACCO_INDICATOR_R_afford_inflation_adjusted_price_lcu,,,,,,,7.25,7.25,,,,2025-08-18T14:33:28Z,2024,2024-01-01,2024-12-31
1806211,TOBACCO_MPOWER_R_INFLATIONADJUSTEDPRICES,COUNTRY,SYR,EMR,Eastern Mediterranean,YEAR,2010,TOBACCO_INDICATOR,TOBACCO_INDICATOR_R_afford_inflation_adjusted_price_lcu,,,,,,,. . .,,,,,2025-08-18T14:33:28Z,2010,2010-01-01,2010-12-31
1814195,TOBACCO_MPOWER_R_INFLATIONADJUSTEDPRICES,COUNTRY,CHE,EUR,Europe,YEAR,2012,TOBACCO_INDICATOR,TOBACCO_INDICATOR_R_afford_inflation_adjusted_price_lcu,,,,,,,8.37,8.37,,,,2025-08-18T14:33:28Z,2012,2012-01-01,2012-12-31
1817820,TOBACCO_MPOWER_R_INFLATIONADJUSTEDPRICES,COUNTRY,NIU,WPR,Western Pacific,YEAR,2014,TOBACCO_INDICATOR,TOBACCO_INDICATOR_R_afford_inflation_adjusted_price_lcu,,,,,,,. . .,,,,,2025-08-18T14:33:28Z,2014,2014-01-01,2014-12-31
1823311,TOBACCO_MPOWER_R_INFLATIONADJUSTEDPRICES,COUNTRY,NER,AFR,Africa,YEAR,2018,TOBACCO_INDICATOR,TOBACCO_INDICATOR_R_afford_inflation_adjusted_price_lcu,,,,,,,613.93,613.93,,,,2025-08-18T14:33:28Z,2018,2018-01-01,2018-12-31
1827067,TOBACCO_MPOWER_R_INFLATIONADJUSTEDPRICES,COUNTRY,BRA,AMR,Americas,YEAR,2012,TOBACCO_INDICATOR,TOBACCO_INDICATOR_R_afford_inflation_adjusted_price_ppp,,,,,,,3.42,3.42,,,,2025-08-18T14:33:28Z,2012,2012-01-01,2012-12-31
1827272,TOBACCO_MPOWER_R_INFLATIONADJUSTEDPRICES,COUNTRY,SVK,EUR,Europe,YEAR,2020,TOBACCO_INDICATOR,TOBACCO_INDICATOR_R_afford_inflation_adjusted_price_ppp,,,,,,,8.67,8.67,,,,2025-08-18T14:33:28Z,2020,2020-01-01,2020-12-31
1827675,TOBACCO_MPOWER_R_INFLATIONADJUSTEDPRICES,COUNTRY,ISL,EUR,Europe,YEAR,2024,TOBACCO_INDICATOR,TOBACCO_INDICATOR_R_afford_inflation_adjusted_price_lcu,,,,,,,1759,1759,,,,2025-08-18T14:33:28Z,2024,2024-01-01,2024-12-31
1839956,TOBACCO_MPOWER_R_INFLATIONADJUSTEDPRICES,COUNTRY,ERI,AFR,Africa,YEAR,2020,TOBACCO_INDICATOR,TOBACCO_INDICATOR_R_afford_inflation_adjusted_price_lcu,,,,,,,. . .,,,,,2025-08-18T14:33:28Z,2020,2020-01-01,2020-12-31
1840275,TOBACCO_MPOWER_R_INFLATIONADJUSTEDPRICES,COUNTRY,GHA,AFR,Africa,YEAR,2012,TOBACCO_INDICATOR,TOBACCO_INDICATOR_R_afford_inflation_adjusted_price_lcu,,,,,,,12.81,12.81,,,,2025-08-18T14:33:28Z,2012,2012-01-01,2012-12-31
1846340,TOBACCO_MPOWER_R_INFLATIONADJUSTEDPRICES,COUNTRY,PHL,WPR,Western Pacific,YEAR,2008,TOBACCO_INDICATOR,TOBACCO_INDICATOR_R_afford_inflation_adjusted_price_ppp,,,,,,,0.98,0.98,,,,2025-08-18T14:33:28Z,2008,2008-01-01,2008-12-31
1847488,TOBACCO_MPOWER_R_INFLATIONADJUSTEDPRICES,COUNTRY,NER,AFR,Africa,YEAR,2010,TOBACCO_INDICATOR,TOBACCO_INDICATOR_R_afford_inflation_adjusted_price_ppp,,,,,,,2.34,2.34,,,,2025-08-18T14:33:28Z,2010,2010-01-01,2010-12-31
1849019,TOBACCO_MPOWER_R_INFLATIONADJUSTEDPRICES,COUNTRY,COD,AFR,Africa,YEAR,2016,TOBACCO_INDICATOR,TOBACCO_INDICATOR_R_afford_inflation_adjusted_price_lcu,,,,,,,3642.8,3642.8,,,,2025-08-18T14:33:28Z,2016,2016-01-01,2016-12-31
1851517,TOBACCO_MPOWER_R_INFLATIONADJUSTEDPRICES,COUNTRY,SWE,EUR,Europe,YEAR,2022,TOBACCO_INDICATOR,TOBACCO_INDICATOR_R_afford_inflation_adjusted_price_lcu,,,,,,,75.62,75.62,,,,2025-08-18T14:33:28Z,2022,2022-01-01,2022-12-31
1851710,TOBACCO_MPOWER_R_INFLATIONADJUSTEDPRICES,COUNTRY,KAZ,EUR,Europe,YEAR,2022,TOBACCO_INDICATOR,TOBACCO_INDICATOR_R_afford_inflation_adjusted_price_lcu,,,,,,,771.64,771.64,,,,2025-08-18T14:33:28Z,2022,2022-01-01,2022-12-31
1857655,TOBACCO_MPOWER_R_INFLATIONADJUSTEDPRICES,COUNTRY,BHS,AMR,Americas,YEAR,2020,TOBACCO_INDICATOR,TOBACCO_INDICATOR_R_afford_inflation_adjusted_price_ppp,,,,,,,12.6,12.6,,,,2025-08-18T14:33:28Z,2020,2020-01-01,2020-12-31
1859996,TOBACCO_MPOWER_R_INFLATIONADJUSTEDPRICES,COUNTRY,SVN,EUR,Europe,YEAR,2018,TOBACCO_INDICATOR,TOBACCO_INDICATOR_R_afford_inflation_adjusted_price_lcu,,,,,,,4.57,4.57,,,,2025-08-18T14:33:28Z,2018,2018-01-01,2018-12-31
1869203,TOBACCO_MPOWER_R_INFLATIONADJUSTEDPRICES,COUNTRY,DOM,AMR,Americas,YEAR,2024,TOBACCO_INDICATOR,TOBACCO_INDICATOR_R_afford_inflation_adjusted_price_ppp,,,,,,,14.84,14.84,,,,2025-08-18T14:33:28Z,2024,2024-01-01,2024-12-31
1874642,TOBACCO_MPOWER_R_INFLATIONADJUSTEDPRICES,COUNTRY,SAU,EMR,Eastern Mediterranean,YEAR,2014,TOBACCO_INDICATOR,TOBACCO_INDICATOR_R_afford_inflation_adjusted_price_lcu,,,,,,,11.68,11.68,,,,2025-08-18T14:33:28Z,2014,2014-01-01,2014-12-31
1878173,TOBACCO_MPOWER_R_INFLATIONADJUSTEDPRICES,COUNTRY,LBN,EMR,Eastern Mediterranean,YEAR,2024,TOBACCO_INDICATOR,TOBACCO_INDICATOR_R_afford_inflation_adjusted_price_lcu,,,,,,,68 250,68250,,,,2025-08-18T14:33:28Z,2024,2024-01-01,2024-12-31
1879219,TOBACCO_MPOWER_R_INFLATIONADJUSTEDPRICES,COUNTRY,DMA,AMR,Americas,YEAR,2024,TOBACCO_INDICATOR,TOBACCO_INDICATOR_R_afford_inflation_adjusted_price_lcu,,,,,,,8.5,8.5,,,,2025-08-18T14:33:28Z,2024,2024-01-01,2024-12-31
1881359,TOBACCO_MPOWER_R_INFLATIONADJUSTEDPRICES,COUNTRY,TGO,AFR,Africa,YEAR,2016,TOBACCO_INDICATOR,TOBACCO_INDICATOR_R_afford_inflation_adjusted_price_lcu,,,,,,,631.86,631.86,,,,2025-08-18T14:33:28Z,2016,2016-01-01,2016-12-31
1883807,TOBACCO_MPOWER_R_INFLATIONADJUSTEDPRICES,COUNTRY,FIN,EUR,Europe,YEAR,2008,TOBACCO_INDICATOR,TOBACCO_INDICATOR_R_afford_inflation_adjusted_price_lcu,,,,,,,6,6,,,,2025-08-18T14:33:28Z,2008,2008-01-01,2008-12-31
1883908,TOBACCO_MPOWER_R_INFLATIONADJUSTEDPRICES,COUNTRY,PLW,WPR,Western Pacific,YEAR,2008,TOBACCO_INDICATOR,TOBACCO_INDICATOR_R_afford_inflation_adjusted_price_ppp,,,,,,,5.63,5.63,,,,2025-08-18T14:33:28Z,2008,2008-01-01,2008-12-31
1885869,TOBACCO_MPOWER_R_INFLATIONADJUSTEDPRICES,COUNTRY,CIV,AFR,Africa,YEAR,2008,TOBACCO_INDICATOR,TOBACCO_INDICATOR_R_afford_inflation_adjusted_price_ppp,,,,,,,4.54,4.54,,,,2025-08-18T14:33:28Z,2008,2008-01-01,2008-12-31
1886478,TOBACCO_MPOWER_R_INFLATIONADJUSTEDPRICES,COUNTRY,ESP,EUR,Europe,YEAR,2010,TOBACCO_INDICATOR,TOBACCO_INDICATOR_R_afford_inflation_adjusted_price_ppp,,,,,,,7.09,7.09,,,,2025-08-18T14:33:28Z,2010,2010-01-01,2010-12-31
1887695,TOBACCO_MPOWER_R_INFLATIONADJUSTEDPRICES,COUNTRY,HUN,EUR,Europe,YEAR,2008,TOBACCO_INDICATOR,TOBACCO_INDICATOR_R_afford_inflation_adjusted_price_ppp,,,,,,,6.94,6.94,,,,2025-08-18T14:33:28Z,2008,2008-01-01,2008-12-31
1888651,TOBACCO_MPOWER_R_INFLATIONADJUSTEDPRICES,COUNTRY,ECU,AMR,Americas,YEAR,2016,TOBACCO_INDICATOR,TOBACCO_INDICATOR_R_afford_inflation_adjusted_price_ppp,,,,,,,12.75,12.75,,,,2025-08-18T14:33:28Z,2016,2016-01-01,2016-12-31
1893575,TOBACCO_MPOWER_R_INFLATIONADJUSTEDPRICES,COUNTRY,HTI,AMR,Americas,YEAR,2020,TOBACCO_INDICATOR,TOBACCO_INDICATOR_R_afford_inflation_adjusted_price_ppp,,,,,,,. . .,,,,,2025-08-18T14:33:28Z,2020,2020-01-01,2020-12-31
1895031,TOBACCO_MPOWER_R_INFLATIONADJUSTEDPRICES,COUNTRY,IDN,WPR,Western Pacific,YEAR,2008,TOBACCO_INDICATOR,TOBACCO_INDICATOR_R_afford_inflation_adjusted_price_lcu,,,,,,,23 742,23742.37,,,,2025-08-18T14:33:28Z,2008,2008-01-01,2008-12-31
1896436,TOBACCO_MPOWER_R_INFLATIONADJUSTEDPRICES,COUNTRY,SDN,EMR,Eastern Mediterranean,YEAR,2010,TOBACCO_INDICATOR,TOBACCO_INDICATOR_R_afford_inflation_adjusted_price_ppp,,,,,,,8.85,8.85,,,,2025-08-18T14:33:28Z,2010,2010-01-01,2010-12-31
1896504,TOBACCO_MPOWER_R_INFLATIONADJUSTEDPRICES,COUNTRY,BLZ,AMR,Americas,YEAR,2024,TOBACCO_INDICATOR,TOBACCO_INDICATOR_R_afford_inflation_adjusted_price_ppp,,,,,,,6.89,6.89,,,,2025-08-18T14:33:28Z,2024,2024-01-01,2024-12-31
1904222,TOBACCO_MPOWER_R_INFLATIONADJUSTEDPRICES,COUNTRY,CZE,EUR,Europe,YEAR,2008,TOBACCO_INDICATOR,TOBACCO_INDICATOR_R_afford_inflation_adjusted_price_ppp,,,,,,,6.14,6.14,,,,2025-08-18T14:33:28Z,2008,2008-01-01,2008-12-31
1906068,TOBACCO_MPOWER_R_INFLATIONADJUSTEDPRICES,COUNTRY,MLT,EUR,Europe,YEAR,2008,TOBACCO_INDICATOR,TOBACCO_INDICATOR_R_afford_inflation_adjusted_price_ppp,,,,,,,9.73,9.73,,,,2025-08-18T14:33:28Z,2008,2008-01-01,2008-12-31
1906872,TOBACCO_MPOWER_R_INFLATIONADJUSTEDPRICES,COUNTRY,GNQ,AFR,Africa,YEAR,2024,TOBACCO_INDICATOR,TOBACCO_INDICATOR_R_afford_inflation_adjusted_price_ppp,,,,,,,2.21,2.21,,,,2025-08-18T14:33:28Z,2024,2024-01-01,2024-12-31
1909214,TOBACCO_MPOWER_R_INFLATIONADJUSTEDPRICES,COUNTRY,NAM,AFR,Africa,YEAR,2010,TOBACCO_INDICATOR,TOBACCO_INDICATOR_R_afford_inflation_adjusted_price_lcu,,,,,,,52.79,52.79,,,,2025-08-18T14:33:28Z,2010,2010-01-01,2010-12-31
1911941,TOBACCO_MPOWER_R_INFLATIONADJUSTEDPRICES,COUNTRY,DZA,AFR,Africa,YEAR,2012,TOBACCO_INDICATOR,TOBACCO_INDICATOR_R_afford_inflation_adjusted_price_ppp,,,,,,,2.98,2.98,,,,2025-08-18T14:33:28Z,2012,2012-01-01,2012-12-31
1915161,TOBACCO_MPOWER_R_INFLATIONADJUSTEDPRICES,COUNTRY,LVA,EUR,Europe,YEAR,2016,TOBACCO_INDICATOR,TOBACCO_INDICATOR_R_afford_inflation_adjusted_price_lcu,,,,,,,4.36,4.36,,,,2025-08-18T14:33:28Z,2016,2016-01-01,2016-12-31
1915284,TOBACCO_MPOWER_R_INFLATIONADJUSTEDPRICES,COUNTRY,BRB,AMR,Americas,YEAR,2016,TOBACCO_INDICATOR,TOBACCO_INDICATOR_R_afford_inflation_adjusted_price_lcu,,,,,,,18.31,18.31,,,,2025-08-18T14:33:28Z,2016,2016-01-01,2016-12-31
1915810,TOBACCO_MPOWER_R_INFLATIONADJUSTEDPRICES,COUNTRY,EGY,EMR,Eastern Mediterranean,YEAR,2012,TOBACCO_INDICATOR,TOBACCO_INDICATOR_R_afford_inflation_adjusted_price_lcu,,,,,,,29.19,29.19,,,,2025-08-18T14:33:28Z,2012,2012-01-01,2012-12-31
1916862,TOBACCO_MPOWER_R_INFLATIONADJUSTEDPRICES,COUNTRY,LTU,EUR,Europe,YEAR,2022,TOBACCO_INDICATOR,TOBACCO_INDICATOR_R_afford_inflation_adjusted_price_lcu,,,,,,,4.82,4.82,,,,2025-08-18T14:33:28Z,2022,2022-01-01,2022-12-31
1917706,TOBACCO_MPOWER_R_INFLATIONADJUSTEDPRICES,COUNTRY,COD,AFR,Africa,YEAR,2020,TOBACCO_INDICATOR,TOBACCO_INDICATOR_R_afford_inflation_adjusted_price_lcu,,,,,,,1679.84,1679.84,,,,2025-08-18T14:33:28Z,2020,2020-01-01,2020-12-31
1918513,TOBACCO_MPOWER_R_INFLATIONADJUSTEDPRICES,COUNTRY,IND,SEAR,South-East Asia,YEAR,2024,TOBACCO_INDICATOR,TOBACCO_INDICATOR_R_afford_inflation_adjusted_price_lcu,,,,,,,190,190,,,,2025-08-18T14:33:28Z,2024,2024-01-01,2024-12-31
1918982,TOBACCO_MPOWER_R_INFLATIONADJUSTEDPRICES,COUNTRY,STP,AFR,Africa,YEAR,2012,TOBACCO_INDICATOR,TOBACCO_INDICATOR_R_afford_inflation_adjusted_price_lcu,,,,,,,61.75,61.75,,,,2025-08-18T14:33:28Z,2012,2012-01-01,2012-12-31
1920027,TOBACCO_MPOWER_R_INFLATIONADJUSTEDPRICES,COUNTRY,SUR,AMR,Americas,YEAR,2016,TOBACCO_INDICATOR,TOBACCO_INDICATOR_R_afford_inflation_adjusted_price_lcu,,,,,,,133.5,133.5,,,,2025-08-18T14:33:28Z,2016,2016-01-01,2016-12-31
1926154,TOBACCO_MPOWER_R_INFLATIONADJUSTEDPRICES,COUNTRY,NLD,EUR,Europe,YEAR,2012,TOBACCO_INDICATOR,TOBACCO_INDICATOR_R_afford_inflation_adjusted_price_lcu,,,,,,,7.73,7.73,,,,2025-08-18T14:33:28Z,2012,2012-01-01,2012-12-31
1926619,TOBACCO_MPOWER_R_INFLATIONADJUSTEDPRICES,COUNTRY,MDG,AFR,Africa,YEAR,2018,TOBACCO_INDICATOR,TOBACCO_INDICATOR_R_afford_inflation_adjusted_price_lcu,,,,,,,5957.61,5957.61,,,,2025-08-18T14:33:28Z,2018,2018-01-01,2018-12-31
1932064,TOBACCO_MPOWER_R_INFLATIONADJUSTEDPRICES,COUNTRY,TZA,AFR,Africa,YEAR,2008,TOBACCO_INDICATOR,TOBACCO_INDICATOR_R_afford_inflation_adjusted_price_ppp,,,,,,,4.17,4.17,,,,2025-08-18T14:33:28Z,2008,2008-01-01,2008-12-31
1938689,TOBACCO_MPOWER_R_INFLATIONADJUSTEDPRICES,COUNTRY,SSD,AFR,Africa,YEAR,2020,TOBACCO_INDICATOR,TOBACCO_INDICATOR_R_afford_inflation_adjusted_price_ppp,,,,,,,4.65,4.65,,,,2025-08-18T14:33:28Z,2020,2020-01-01,2020-12-31
1938794,TOBACCO_MPOWER_R_INFLATIONADJUSTEDPRICES,COUNTRY,ROU,EUR,Europe,YEAR,2014,TOBACCO_INDICATOR,TOBACCO_INDICATOR_R_afford_inflation_adjusted_price_ppp,,,,,,,12.73,12.73,,,,2025-08-18T14:33:28Z,2014,2014-01-01,2014-12-31
1942422,TOBACCO_MPOWER_R_INFLATIONADJUSTEDPRICES,COUNTRY,ATG,AMR,Americas,YEAR,2008,TOBACCO_INDICATOR,TOBACCO_INDICATOR_R_afford_inflation_adjusted_price_ppp,,,,,,,4.24,4.24,,,,2025-08-18T14:33:28Z,2008,2008-01-01,2008-12-31
1943136,TOBACCO_MPOWER_R_INFLATIONADJUSTEDPRICES,COUNTRY,ARE,EMR,Eastern Mediterranean,YEAR,2016,TOBACCO_INDICATOR,TOBACCO_INDICATOR_R_afford_inflation_adjusted_price_ppp,,,,,,,6.49,6.49,,,,2025-08-18T14:33:28Z,2016,2016-01-01,2016-12-31
1945035,TOBACCO_MPOWER_R_INFLATIONADJUSTEDPRICES,COUNTRY,HRV,EUR,Europe,YEAR,2014,TOBACCO_INDICATOR,TOBACCO_INDICATOR_R_afford_inflation_adjusted_price_lcu,,,,,,,3.97,3.97,,,,2025-08-18T14:33:28Z,2014,2014-01-01,2014-12-31
1945077,TOBACCO_MPOWER_R_INFLATIONADJUSTEDPRICES,COUNTRY,SLB,WPR,Western Pacific,YEAR,2024,TOBACCO_INDICATOR,TOBACCO_INDICATOR_R_afford_inflation_adjusted_price_lcu,,,,,,,32,32,,,,2025-08-18T14:33:28Z,2024,2024-01-01,2024-12-31
1946359,TOBACCO_MPOWER_R_INFLATIONADJUSTEDPRICES,COUNTRY,STP,AFR,Africa,YEAR,2022,TOBACCO_INDICATOR,TOBACCO_INDICATOR_R_afford_inflation_adjusted_price_lcu,,,,,,,48.53,48.53,,,,2025-08-18T14:33:28Z,2022,2022-01-01,2022-12-31
1947698,TOBACCO_MPOWER_R_INFLATIONADJUSTEDPRICES,COUNTRY,KEN,AFR,Africa,YEAR,2020,TOBACCO_INDICATOR,TOBACCO_INDICATOR_R_afford_inflation_adjusted_price_ppp,,,,,,,7.08,7.08,,,,2025-08-18T14:33:28Z,2020,2020-01-01,2020-12-31
1947805,TOBACCO_MPOWER_R_INFLATIONADJUSTEDPRICES,COUNTRY,PRT,EUR,Europe,YEAR,2014,TOBACCO_INDICATOR,TOBACCO_INDICATOR_R_afford_inflation_adjusted_price_ppp,,,,,,,10.54,10.54,,,,2025-08-18T14:33:28Z,2014,2014-01-01,2014-12-31
1948297,TOBACCO_MPOWER_R_INFLATIONADJUSTEDPRICES,COUNTRY,AUS,WPR,Western Pacific,YEAR,2014,TOBACCO_INDICATOR,TOBACCO_INDICATOR_R_afford_inflation_adjusted_price_lcu,,,,,,,22.31,22.31,,,,2025-08-18T14:33:28Z,2014,2014-01-01,2014-12-31
1950174,TOBACCO_MPOWER_R_INFLATIONADJUSTEDPRICES,COUNTRY,MYS,WPR,Western Pacific,YEAR,2008,TOBACCO_INDICATOR,TOBACCO_INDICATOR_R_afford_inflation_adjusted_price_lcu,,,,,,,12.23,12.23,,,,2025-08-18T14:33:28Z,2008,2008-01-01,2008-12-31
1950798,TOBACCO_MPOWER_R_INFLATIONADJUSTEDPRICES,COUNTRY,STP,AFR,Africa,YEAR,2018,TOBACCO_INDICATOR,TOBACCO_INDICATOR_R_afford_inflation_adjusted_price_ppp,,,,,,,3.22,3.22,,,,2025-08-18T14:33:28Z,2018,2018-01-01,2018-12-31
1951073,TOBACCO_MPOWER_R_INFLATIONADJUSTEDPRICES,COUNTRY,IND,SEAR,South-East Asia,YEAR,2024,TOBACCO_INDICATOR,TOBACCO_INDICATOR_R_afford_inflation_adjusted_price_ppp,,,,,,,9.3,9.3,,,,2025-08-18T14:33:28Z,2024,2024-01-01,2024-12-31
1951281,TOBACCO_MPOWER_R_INFLATIONADJUSTEDPRICES,COUNTRY,ESP,EUR,Europe,YEAR,2008,TOBACCO_INDICATOR,TOBACCO_INDICATOR_R_afford_inflation_adjusted_price_ppp,,,,,,,5.21,5.21,,,,2025-08-18T14:33:28Z,2008,2008-01-01,2008-12-31
1952593,TOBACCO_MPOWER_R_INFLATIONADJUSTEDPRICES,COUNTRY,PAN,AMR,Americas,YEAR,2008,TOBACCO_INDICATOR,TOBACCO_INDICATOR_R_afford_inflation_adjusted_price_ppp,,,,,,,7.7,7.7,,,,2025-08-18T14:33:28Z,2008,2008-01-01,2008-12-31
1954139,TOBACCO_MPOWER_R_INFLATIONADJUSTEDPRICES,COUNTRY,MHL,WPR,Western Pacific,YEAR,2010,TOBACCO_INDICATOR,TOBACCO_INDICATOR_R_afford_inflation_adjusted_price_lcu,,,,,,,3.57,3.57,,,,2025-08-18T14:33:28Z,2010,2010-01-01,2010-12-31
1961368,TOBACCO_MPOWER_R_INFLATIONADJUSTEDPRICES,COUNTRY,DNK,EUR,Europe,YEAR,2016,TOBACCO_INDICATOR,TOBACCO_INDICATOR_R_afford_inflation_adjusted_price_ppp,,,,,,,8.31,8.31,,,,2025-08-18T14:33:28Z,2016,2016-01-01,2016-12-31
1965192,TOBACCO_MPOWER_R_INFLATIONADJUSTEDPRICES,COUNTRY,CYP,EUR,Europe,YEAR,2020,TOBACCO_INDICATOR,TOBACCO_INDICATOR_R_afford_inflation_adjusted_price_lcu,,,,,,,5.29,5.29,,,,2025-08-18T14:33:28Z,2020,2020-01-01,2020-12-31
1967779,TOBACCO_MPOWER_R_INFLATIONADJUSTEDPRICES,COUNTRY,UKR,EUR,Europe,YEAR,2022,TOBACCO_INDICATOR,TOBACCO_INDICATOR_R_afford_inflation_adjusted_price_ppp,,,,,,,8.28,8.28,,,,2025-08-18T14:33:28Z,2022,2022-01-01,2022-12-31
1968229,TOBACCO_MPOWER_R_INFLATIONADJUSTEDPRICES,COUNTRY,CPV,AFR,Africa,YEAR,2018,TOBACCO_INDICATOR,TOBACCO_INDICATOR_R_afford_inflation_adjusted_price_ppp,,,,,,,4.44,4.44,,,,2025-08-18T14:33:28Z,2018,2018-01-01,2018-12-31
1972676,TOBACCO_MPOWER_R_INFLATIONADJUSTEDPRICES,COUNTRY,KHM,WPR,Western Pacific,YEAR,2018,TOBACCO_INDICATOR,TOBACCO_INDICATOR_R_afford_inflation_adjusted_price_lcu,,,,,,,2344.4,2344.4,,,,2025-08-18T14:33:28Z,2018,2018-01-01,2018-12-31
1977032,TOBACCO_MPOWER_R_INFLATIONADJUSTEDPRICES,COUNTRY,TLS,SEAR,South-East Asia,YEAR,2010,TOBACCO_INDICATOR,TOBACCO_INDICATOR_R_afford_inflation_adjusted_price_ppp,,,,,,,6.47,6.47,,,,2025-08-18T14:33:28Z,2010,2010-01-01,2010-12-31
1979658,TOBACCO_MPOWER_R_INFLATIONADJUSTEDPRICES,COUNTRY,MDA,EUR,Europe,YEAR,2018,TOBACCO_INDICATOR,TOBACCO_INDICATOR_R_afford_inflation_adjusted_price_lcu,,,,,,,48.94,48.94,,,,2025-08-18T14:33:28Z,2018,2018-01-01,2018-12-31
1988015,TOBACCO_MPOWER_R_INFLATIONADJUSTEDPRICES,COUNTRY,BLR,EUR,Europe,YEAR,2016,TOBACCO_INDICATOR,TOBACCO_INDICATOR_R_afford_inflation_adjusted_price_lcu,,,,,,,1.67,1.67,,,,2025-08-18T14:33:28Z,2016,2016-01-01,2016-12-31
1991421,TOBACCO_MPOWER_R_INFLATIONADJUSTEDPRICES,COUNTRY,TUV,WPR,Western Pacific,YEAR,2020,TOBACCO_INDICATOR,TOBACCO_INDICATOR_R_afford_inflation_adjusted_price_lcu,,,,,,,7.79,7.79,,,,2025-08-18T14:33:28Z,2020,2020-01-01,2020-12-31
1993002,TOBACCO_MPOWER_R_INFLATIONADJUSTEDPRICES,COUNTRY,COM,AFR,Africa,YEAR,2014,TOBACCO_INDICATOR,TOBACCO_INDICATOR_R_afford_inflation_adjusted_price_lcu,,,,,,,693.58,693.58,,,,2025-08-18T14:33:28Z,2014,2014-01-01,2014-12-31
1993707,TOBACCO_MPOWER_R_INFLATIONADJUSTEDPRICES,COUNTRY,MEX,AMR,Americas,YEAR,2022,TOBACCO_INDICATOR,TOBACCO_INDICATOR_R_afford_inflation_adjusted_price_ppp,,,,,,,7.64,7.64,,,,2025-08-18T14:33:28Z,2022,2022-01-01,2022-12-31
2000359,TOBACCO_MPOWER_R_INFLATIONADJUSTEDPRICES,COUNTRY,PSE,EMR,Eastern Mediterranean,YEAR,2016,TOBACCO_INDICATOR,TOBACCO_INDICATOR_R_afford_inflation_adjusted_price_ppp,,,,,,,12.81,12.81,,,,2025-08-18T14:33:28Z,2016,2016-01-01,2016-12-31
2000434,TOBACCO_MPOWER_R_INFLATIONADJUSTEDPRICES,COUNTRY,UZB,EUR,Europe,YEAR,2018,TOBACCO_INDICATOR,TOBACCO_INDICATOR_R_afford_inflation_adjusted_price_lcu,,,,,,,11 549,11549.49,,,,2025-08-18T14:33:28Z,2018,2018-01-01,2018-12-31
2004243,TOBACCO_MPOWER_R_INFLATIONADJUSTEDPRICES,COUNTRY,ARG,AMR,Americas,YEAR,2016,TOBACCO_INDICATOR,TOBACCO_INDICATOR_R_afford_inflation_adjusted_price_lcu,,,,,,,2813.36,2813.36,,,,2025-08-18T14:33:28Z,2016,2016-01-01,2016-12-31
2006448,TOBACCO_MPOWER_R_INFLATIONADJUSTEDPRICES,COUNTRY,BHS,AMR,Americas,YEAR,2014,TOBACCO_INDICATOR,TOBACCO_INDICATOR_R_afford_inflation_adjusted_price_ppp,,,,,,,10.43,10.43,,,,2025-08-18T14:33:28Z,2014,2014-01-01,2014-12-31
2006598,TOBACCO_MPOWER_R_INFLATIONADJUSTEDPRICES,COUNTRY,DMA,AMR,Americas,YEAR,2012,TOBACCO_INDICATOR,TOBACCO_INDICATOR_R_afford_inflation_adjusted_price_lcu,,,,,,,5.04,5.04,,,,2025-08-18T14:33:28Z,2012,2012-01-01,2012-12-31
2007283,TOBACCO_MPOWER_R_INFLATIONADJUSTEDPRICES,COUNTRY,GRD,AMR,Americas,YEAR,2024,TOBACCO_INDICATOR,TOBACCO_INDICATOR_R_afford_inflation_adjusted_price_ppp,,,,,,,7.48,7.48,,,,2025-08-18T14:33:28Z,2024,2024-01-01,2024-12-31
2007827,TOBACCO_MPOWER_R_INFLATIONADJUSTEDPRICES,COUNTRY,AND,EUR,Europe,YEAR,2008,TOBACCO_INDICATOR,TOBACCO_INDICATOR_R_afford_inflation_adjusted_price_lcu,,,,,,,. . .,,,,,2025-08-18T14:33:28Z,2008,2008-01-01,2008-12-31
2019338,TOBACCO_MPOWER_R_INFLATIONADJUSTEDPRICES,COUNTRY,ARM,EUR,Europe,YEAR,2024,TOBACCO_INDICATOR,TOBACCO_INDICATOR_R_afford_inflation_adjusted_price_ppp,,,,,,,6.84,6.84,,,,2025-08-18T14:33:28Z,2024,2024-01-01,2024-12-31
2022833,TOBACCO_MPOWER_R_INFLATIONADJUSTEDPRICES,COUNTRY,HRV,EUR,Europe,YEAR,2024,TOBACCO_INDICATOR,TOBACCO_INDICATOR_R_afford_inflation_adjusted_price_lcu,,,,,,,3.32,3.32,,,,2025-08-18T14:33:28Z,2024,2024-01-01,2024-12-31
2024254,TOBACCO_MPOWER_R_INFLATIONADJUSTEDPRICES,COUNTRY,BRN,WPR,Western Pacific,YEAR,2016,TOBACCO_INDICATOR,TOBACCO_INDICATOR_R_afford_inflation_adjusted_price_lcu,,,,,,,. . .,,,,,2025-08-18T14:33:28Z,2016,2016-01-01,2016-12-31
2031695,TOBACCO_MPOWER_R_INFLATIONADJUSTEDPRICES,COUNTRY,CPV,AFR,Africa,YEAR,2010,TOBACCO_INDICATOR,TOBACCO_INDICATOR_R_afford_inflation_adjusted_price_lcu,,,,,,,230.46,230.46,,,,2025-08-18T14:33:28Z,2010,2010-01-01,2010-12-31
2031804,TOBACCO_MPOWER_R_INFLATIONADJUSTEDPRICES,COUNTRY,SLE,AFR,Africa,YEAR,2012,TOBACCO_INDICATOR,TOBACCO_INDICATOR_R_afford_inflation_adjusted_price_ppp,,,,,,,2,2,,,,2025-08-18T14:33:28Z,2012,2012-01-01,2012-12-31
2033426,TOBACCO_MPOWER_R_INFLATIONADJUSTEDPRICES,COUNTRY,BGR,EUR,Europe,YEAR,2012,TOBACCO_INDICATOR,TOBACCO_INDICATOR_R_afford_inflation_adjusted_price_lcu,,,,,,,6.19,6.19,,,,2025-08-18T14:33:28Z,2012,2012-01-01,2012-12-31
2034795,TOBACCO_MPOWER_R_INFLATIONADJUSTEDPRICES,COUNTRY,GRD,AMR,Americas,YEAR,2014,TOBACCO_INDICATOR,TOBACCO_INDICATOR_R_afford_inflation_adjusted_price_lcu,,,,,,,8.33,8.33,,,,2025-08-18T14:33:28Z,2014,2014-01-01,2014-12-31
2037554,TOBACCO_MPOWER_R_INFLATIONADJUSTEDPRICES,COUNTRY,LUX,EUR,Europe,YEAR,2012,TOBACCO_INDICATOR,TOBACCO_INDICATOR_R_afford_inflation_adjusted_price_lcu,,,,,,,5.88,5.88,,,,2025-08-18T14:33:28Z,2012,2012-01-01,2012-12-31
2043481,TOBACCO_MPOWER_R_INFLATIONADJUSTEDPRICES,COUNTRY,ETH,AFR,Africa,YEAR,2014,TOBACCO_INDICATOR,TOBACCO_INDICATOR_R_afford_inflation_adjusted_price_ppp,,,,,,,3.02,3.02,,,,2025-08-18T14:33:28Z,2014,2014-01-01,2014-12-31
2045685,TOBACCO_MPOWER_R_INFLATIONADJUSTEDPRICES,COUNTRY,TTO,AMR,Americas,YEAR,2012,TOBACCO_INDICATOR,TOBACCO_INDICATOR_R_afford_inflation_adjusted_price_ppp,,,,,,,5.86,5.86,,,,2025-08-18T14:33:28Z,2012,2012-01-01,2012-12-31
2047034,TOBACCO_MPOWER_R_INFLATIONADJUSTEDPRICES,COUNTRY,KNA,AMR,Americas,YEAR,2020,TOBACCO_INDICATOR,TOBACCO_INDICATOR_R_afford_inflation_adjusted_price_lcu,,,,,,,. . .,,,,,2025-08-18T14:33:28Z,2020,2020-01-01,2020-12-31
2048270,TOBACCO_MPOWER_R_INFLATIONADJUSTEDPRICES,COUNTRY,ALB,EUR,Europe,YEAR,2024,TOBACCO_INDICATOR,TOBACCO_INDICATOR_R_afford_inflation_adjusted_price_lcu,,,,,,,290,290,,,,2025-08-18T14:33:28Z,2024,2024-01-01,2024-12-31
2048564,TOBACCO_MPOWER_R_INFLATIONADJUSTEDPRICES,COUNTRY,BFA,AFR,Africa,YEAR,2024,TOBACCO_INDICATOR,TOBACCO_INDICATOR_R_afford_inflation_adjusted_price_lcu,,,,,,,1000,1000,,,,2025-08-18T14:33:28Z,2024,2024-01-01,2024-12-31
2051082,TOBACCO_MPOWER_R_INFLATIONADJUSTEDPRICES,COUNTRY,MHL,WPR,Western Pacific,YEAR,2022,TOBACCO_INDICATOR,TOBACCO_INDICATOR_R_afford_inflation_adjusted_price_ppp,,,,,,,2.69,2.69,,,,2025-08-18T14:33:28Z,2022,2022-01-01,2022-12-31
2051215,TOBACCO_MPOWER_R_INFLATIONADJUSTEDPRICES,COUNTRY,CYP,EUR,Europe,YEAR,2010,TOBACCO_INDICATOR,TOBACCO_INDICATOR_R_afford_inflation_adjusted_price_lcu,,,,,,,3.47,3.47,,,,2025-08-18T14:33:28Z,2010,2010-01-01,2010-12-31
2057396,TOBACCO_MPOWER_R_INFLATIONADJUSTEDPRICES,COUNTRY,FJI,WPR,Western Pacific,YEAR,2018,TOBACCO_INDICATOR,TOBACCO_INDICATOR_R_afford_inflation_adjusted_price_ppp,,,,,,,18.48,18.48,,,,2025-08-18T14:33:28Z,2018,2018-01-01,2018-12-31
2057751,TOBACCO_MPOWER_R_INFLATIONADJUSTEDPRICES,COUNTRY,VNM,WPR,Western Pacific,YEAR,2012,TOBACCO_INDICATOR,TOBACCO_INDICATOR_R_afford_inflation_adjusted_price_lcu,,,,,,,21 985,21984.56,,,,2025-08-18T14:33:28Z,2012,2012-01-01,2012-12-31
2058766,TOBACCO_MPOWER_R_INFLATIONADJUSTEDPRICES,COUNTRY,AND,EUR,Europe,YEAR,2010,TOBACCO_INDICATOR,TOBACCO_INDICATOR_R_afford_inflation_adjusted_price_lcu,,,,,,,3.02,3.02,,,,2025-08-18T14:33:28Z,2010,2010-01-01,2010-12-31
2059370,TOBACCO_MPOWER_R_INFLATIONADJUSTEDPRICES,COUNTRY,KEN,AFR,Africa,YEAR,2018,TOBACCO_INDICATOR,TOBACCO_INDICATOR_R_afford_inflation_adjusted_price_lcu,,,,,,,185.13,185.13,,,,2025-08-18T14:33:28Z,2018,2018-01-01,2018-12-31
2059765,TOBACCO_MPOWER_R_INFLATIONADJUSTEDPRICES,COUNTRY,TTO,AMR,Americas,YEAR,2014,TOBACCO_INDICATOR,TOBACCO_INDICATOR_R_afford_inflation_adjusted_price_ppp,,,,,,,6.86,6.86,,,,2025-08-18T14:33:28Z,2014,2014-01-01,2014-12-31
2064197,TOBACCO_MPOWER_R_INFLATIONADJUSTEDPRICES,COUNTRY,FRA,EUR,Europe,YEAR,2012,TOBACCO_INDICATOR,TOBACCO_INDICATOR_R_afford_inflation_adjusted_price_lcu,,,,,,,7.77,7.77,,,,2025-08-18T14:33:28Z,2012,2012-01-01,2012-12-31
2064497,TOBACCO_MPOWER_R_INFLATIONADJUSTEDPRICES,COUNTRY,NPL,SEAR,South-East Asia,YEAR,2012,TOBACCO_INDICATOR,TOBACCO_INDICATOR_R_afford_inflation_adjusted_price_ppp,,,,,,,5.56,5.56,,,,2025-08-18T14:33:28Z,2012,2012-01-01,2012-12-31
2065635,TOBACCO_MPOWER_R_INFLATIONADJUSTEDPRICES,COUNTRY,SLB,WPR,Western Pacific,YEAR,2014,TOBACCO_INDICATOR,TOBACCO_INDICATOR_R_afford_inflation_adjusted_price_ppp,,,,,,,5.18,5.18,,,,2025-08-18T14:33:28Z,2014,2014-01-01,2014-12-31
2078769,TOBACCO_MPOWER_R_INFLATIONADJUSTEDPRICES,COUNTRY,SGP,WPR,Western Pacific,YEAR,2012,TOBACCO_INDICATOR,TOBACCO_INDICATOR_R_afford_inflation_adjusted_price_lcu,,,,,,,14.4,14.4,,,,2025-08-18T14:33:28Z,2012,2012-01-01,2012-12-31
2078777,TOBACCO_MPOWER_R_INFLATIONADJUSTEDPRICES,COUNTRY,EGY,EMR,Eastern Mediterranean,YEAR,2024,TOBACCO_INDICATOR,TOBACCO_INDICATOR_R_afford_inflation_adjusted_price_lcu,,,,,,,40,40,,,,2025-08-18T14:33:28Z,2024,2024-01-01,2024-12-31
2086681,TOBACCO_MPOWER_R_INFLATIONADJUSTEDPRICES,COUNTRY,VCT,AMR,Americas,YEAR,2018,TOBACCO_INDICATOR,TOBACCO_INDICATOR_R_afford_inflation_adjusted_price_lcu,,,,,,,11.66,11.66,,,,2025-08-18T14:33:28Z,2018,2018-01-01,2018-12-31
2091593,TOBACCO_MPOWER_R_INFLATIONADJUSTEDPRICES,COUNTRY,KWT,EMR,Eastern Mediterranean,YEAR,2012,TOBACCO_INDICATOR,TOBACCO_INDICATOR_R_afford_inflation_adjusted_price_ppp,,,,,,,3.28,3.28,,,,2025-08-18T14:33:28Z,2012,2012-01-01,2012-12-31
2093281,TOBACCO_MPOWER_R_INFLATIONADJUSTEDPRICES,COUNTRY,NAM,AFR,Africa,YEAR,2020,TOBACCO_INDICATOR,TOBACCO_INDICATOR_R_afford_inflation_adjusted_price_lcu,,,,,,,60.66,60.66,,,,2025-08-18T14:33:28Z,2020,2020-01-01,2020-12-31
2098885,TOBACCO_MPOWER_R_INFLATIONADJUSTEDPRICES,COUNTRY,SWE,EUR,Europe,YEAR,2024,TOBACCO_INDICATOR,TOBACCO_INDICATOR_R_afford_inflation_adjusted_price_lcu,,,,,,,78,78,,,,2025-08-18T14:33:28Z,2024,2024-01-01,2024-12-31
2100032,TOBACCO_MPOWER_R_INFLATIONADJUSTEDPRICES,COUNTRY,TTO,AMR,Americas,YEAR,2022,TOBACCO_INDICATOR,TOBACCO_INDICATOR_R_afford_inflation_adjusted_price_lcu,,,,,,,33.64,33.64,,,,2025-08-18T14:33:28Z,2022,2022-01-01,2022-12-31
2100685,TOBACCO_MPOWER_R_INFLATIONADJUSTEDPRICES,COUNTRY,MDV,SEAR,South-East Asia,YEAR,2018,TOBACCO_INDICATOR,TOBACCO_INDICATOR_R_afford_inflation_adjusted_price_ppp,,,,,,,10.58,10.58,,,,2025-08-18T14:33:28Z,2018,2018-01-01,2018-12-31
2104703,TOBACCO_MPOWER_R_INFLATIONADJUSTEDPRICES,COUNTRY,RWA,AFR,Africa,YEAR,2010,TOBACCO_INDICATOR,TOBACCO_INDICATOR_R_afford_inflation_adjusted_price_ppp,,,,,,,2.77,2.77,,,,2025-08-18T14:33:28Z,2010,2010-01-01,2010-12-31
2106224,TOBACCO_MPOWER_R_INFLATIONADJUSTEDPRICES,COUNTRY,ETH,AFR,Africa,YEAR,2010,TOBACCO_INDICATOR,TOBACCO_INDICATOR_R_afford_inflation_adjusted_price_lcu,,,,,,,74.23,74.23,,,,2025-08-18T14:33:28Z,2010,2010-01-01,2010-12-31
2106750,TOBACCO_MPOWER_R_INFLATIONADJUSTEDPRICES,COUNTRY,PAN,AMR,Americas,YEAR,2018,TOBACCO_INDICATOR,TOBACCO_INDICATOR_R_afford_inflation_adjusted_price_lcu,,,,,,,4.72,4.72,,,,2025-08-18T14:33:28Z,2018,2018-01-01,2018-12-31
2108490,TOBACCO_MPOWER_R_INFLATIONADJUSTEDPRICES,COUNTRY,VNM,WPR,Western Pacific,YEAR,2024,TOBACCO_INDICATOR,TOBACCO_INDICATOR_R_afford_inflation_adjusted_price_lcu,,,,,,,21 115,21115,,,,2025-08-18T14:33:28Z,2024,2024-01-01,2024-12-31
2108803,TOBACCO_MPOWER_R_INFLATIONADJUSTEDPRICES,COUNTRY,LVA,EUR,Europe,YEAR,2024,TOBACCO_INDICATOR,TOBACCO_INDICATOR_R_afford_inflation_adjusted_price_lcu,,,,,,,4.9,4.9,,,,2025-08-18T14:33:28Z,2024,2024-01-01,2024-12-31
2109180,TOBACCO_MPOWER_R_INFLATIONADJUSTEDPRICES,COUNTRY,AUS,WPR,Western Pacific,YEAR,2016,TOBACCO_INDICATOR,TOBACCO_INDICATOR_R_afford_inflation_adjusted_price_ppp,,,,,,,18.92,18.92,,,,2025-08-18T14:33:28Z,2016,2016-01-01,2016-12-31
2112579,TOBACCO_MPOWER_R_INFLATIONADJUSTEDPRICES,COUNTRY,ERI,AFR,Africa,YEAR,2016,TOBACCO_INDICATOR,TOBACCO_INDICATOR_R_afford_inflation_adjusted_price_lcu,,,,,,,. . .,,,,,2025-08-18T14:33:28Z,2016,2016-01-01,2016-12-31
2113499,TOBACCO_MPOWER_R_INFLATIONADJUSTEDPRICES,COUNTRY,CHN,WPR,Western Pacific,YEAR,2014,TOBACCO_INDICATOR,TOBACCO_INDICATOR_R_afford_inflation_adjusted_price_ppp,,,,,,,3.87,3.87,,,,2025-08-18T14:33:28Z,2014,2014-01-01,2014-12-31
2113619,TOBACCO_MPOWER_R_INFLATIONADJUSTEDPRICES,COUNTRY,MMR,SEAR,South-East Asia,YEAR,2008,TOBACCO_INDICATOR,TOBACCO_INDICATOR_R_afford_inflation_adjusted_price_ppp,,,,,,,6.58,6.58,,,,2025-08-18T14:33:28Z,2008,2008-01-01,2008-12-31
2115399,TOBACCO_MPOWER_R_INFLATIONADJUSTEDPRICES,COUNTRY,SSD,AFR,Africa,YEAR,2024,TOBACCO_INDICATOR,TOBACCO_INDICATOR_R_afford_inflation_adjusted_price_ppp,,,,,,,1.19,1.19,,,,2025-08-18T14:33:28Z,2024,2024-01-01,2024-12-31
2115969,TOBACCO_MPOWER_R_INFLATIONADJUSTEDPRICES,COUNTRY,MKD,EUR,Europe,YEAR,2020,TOBACCO_INDICATOR,TOBACCO_INDICATOR_R_afford_inflation_adjusted_price_lcu,,,,,,,126.42,126.42,,,,2025-08-18T14:33:28Z,2020,2020-01-01,2020-12-31
2116628,TOBACCO_MPOWER_R_INFLATIONADJUSTEDPRICES,COUNTRY,UKR,EUR,Europe,YEAR,2018,TOBACCO_INDICATOR,TOBACCO_INDICATOR_R_afford_inflation_adjusted_price_ppp,,,,,,,5.48,5.48,,,,2025-08-18T14:33:28Z,2018,2018-01-01,2018-12-31
2120207,TOBACCO_MPOWER_R_INFLATIONADJUSTEDPRICES,COUNTRY,AND,EUR,Europe,YEAR,2008,TOBACCO_INDICATOR,TOBACCO_INDICATOR_R_afford_inflation_adjusted_price_ppp,,,,,,,. . .,,,,,2025-08-18T14:33:28Z,2008,2008-01-01,2008-12-31
2125423,TOBACCO_MPOWER_R_INFLATIONADJUSTEDPRICES,COUNTRY,BHR,EMR,Eastern Mediterranean,YEAR,2010,TOBACCO_INDICATOR,TOBACCO_INDICATOR_R_afford_inflation_adjusted_price_ppp,,,,,,,5.19,5.19,,,,2025-08-18T14:33:28Z,2010,2010-01-01,2010-12-31
2125633,TOBACCO_MPOWER_R_INFLATIONADJUSTEDPRICES,COUNTRY,KOR,WPR,Western Pacific,YEAR,2008,TOBACCO_INDICATOR,TOBACCO_INDICATOR_R_afford_inflation_adjusted_price_lcu,,,,,,,3495.76,3495.76,,,,2025-08-18T14:33:28Z,2008,2008-01-01,2008-12-31
2133914,TOBACCO_MPOWER_R_INFLATIONADJUSTEDPRICES,COUNTRY,MNG,WPR,Western Pacific,YEAR,2008,TOBACCO_INDICATOR,TOBACCO_INDICATOR_R_afford_inflation_adjusted_price_ppp,,,,,,,1.87,1.87,,,,2025-08-18T14:33:28Z,2008,2008-01-01,2008-12-31
2137887,TOBACCO_MPOWER_R_INFLATIONADJUSTEDPRICES,COUNTRY,PNG,WPR,Western Pacific,YEAR,2018,TOBACCO_INDICATOR,TOBACCO_INDICATOR_R_afford_inflation_adjusted_price_ppp,,,,,,,9.35,9.35,,,,2025-08-18T14:33:28Z,2018,2018-01-01,2018-12-31
2150422,TOBACCO_MPOWER_R_INFLATIONADJUSTEDPRICES,COUNTRY,BRB,AMR,Americas,YEAR,2012,TOBACCO_INDICATOR,TOBACCO_INDICATOR_R_afford_inflation_adjusted_price_lcu,,,,,,,14.34,14.34,,,,2025-08-18T14:33:28Z,2012,2012-01-01,2012-12-31
2152462,TOBACCO_MPOWER_R_INFLATIONADJUSTEDPRICES,COUNTRY,SWZ,AFR,Africa,YEAR,2018,TOBACCO_INDICATOR,TOBACCO_INDICATOR_R_afford_inflation_adjusted_price_lcu,,,,,,,48.57,48.57,,,,2025-08-18T14:33:28Z,2018,2018-01-01,2018-12-31
2152587,TOBACCO_MPOWER_R_INFLATIONADJUSTEDPRICES,COUNTRY,MYS,WPR,Western Pacific,YEAR,2018,TOBACCO_INDICATOR,TOBACCO_INDICATOR_R_afford_inflation_adjusted_price_ppp,,,,,,,13.42,13.42,,,,2025-08-18T14:33:28Z,2018,2018-01-01,2018-12-31
2155639,TOBACCO_MPOWER_R_INFLATIONADJUSTEDPRICES,COUNTRY,BEL,EUR,Europe,YEAR,2014,TOBACCO_INDICATOR,TOBACCO_INDICATOR_R_afford_inflation_adjusted_price_lcu,,,,,,,7.66,7.66,,,,2025-08-18T14:33:28Z,2014,2014-01-01,2014-12-31
2156958,TOBACCO_MPOWER_R_INFLATIONADJUSTEDPRICES,COUNTRY,TUN,EMR,Eastern Mediterranean,YEAR,2012,TOBACCO_INDICATOR,TOBACCO_INDICATOR_R_afford_inflation_adjusted_price_ppp,,,,,,,4.62,4.62,,,,2025-08-18T14:33:28Z,2012,2012-01-01,2012-12-31
2157668,TOBACCO_MPOWER_R_INFLATIONADJUSTEDPRICES,COUNTRY,STP,AFR,Africa,YEAR,2016,TOBACCO_INDICATOR,TOBACCO_INDICATOR_R_afford_inflation_adjusted_price_lcu,,,,,,,47.73,47.73,,,,2025-08-18T14:33:28Z,2016,2016-01-01,2016-12-31
2158366,TOBACCO_MPOWER_R_INFLATIONADJUSTEDPRICES,COUNTRY,GHA,AFR,Africa,YEAR,2012,TOBACCO_INDICATOR,TOBACCO_INDICATOR_R_afford_inflation_adjusted_price_ppp,,,,,,,3.08,3.08,,,,2025-08-18T14:33:28Z,2012,2012-01-01,2012-12-31
2159048,TOBACCO_MPOWER_R_INFLATIONADJUSTEDPRICES,COUNTRY,BWA,AFR,Africa,YEAR,2012,TOBACCO_INDICATOR,TOBACCO_INDICATOR_R_afford_inflation_adjusted_price_ppp,,,,,,,8.55,8.55,,,,2025-08-18T14:33:28Z,2012,2012-01-01,2012-12-31
2167403,TOBACCO_MPOWER_R_INFLATIONADJUSTEDPRICES,COUNTRY,CUB,AMR,Americas,YEAR,2010,TOBACCO_INDICATOR,TOBACCO_INDICATOR_R_afford_inflation_adjusted_price_lcu,,,,,,,. . .,,,,,2025-08-18T14:33:28Z,2010,2010-01-01,2010-12-31
2168224,TOBACCO_MPOWER_R_INFLATIONADJUSTEDPRICES,COUNTRY,CZE,EUR,Europe,YEAR,2018,TOBACCO_INDICATOR,TOBACCO_INDICATOR_R_afford_inflation_adjusted_price_ppp,,,,,,,9.49,9.49,,,,2025-08-18T14:33:28Z,2018,2018-01-01,2018-12-31
2173101,TOBACCO_MPOWER_R_INFLATIONADJUSTEDPRICES,COUNTRY,MRT,AFR,Africa,YEAR,2010,TOBACCO_INDICATOR,TOBACCO_INDICATOR_R_afford_inflation_adjusted_price_ppp,,,,,,,5.58,5.58,,,,2025-08-18T14:33:28Z,2010,2010-01-01,2010-12-31
2175584,TOBACCO_MPOWER_R_INFLATIONADJUSTEDPRICES,COUNTRY,VUT,WPR,Western Pacific,YEAR,2014,TOBACCO_INDICATOR,TOBACCO_INDICATOR_R_afford_inflation_adjusted_price_ppp,,,,,,,8.29,8.29,,,,2025-08-18T14:33:28Z,2014,2014-01-01,2014-12-31
2175632,TOBACCO_MPOWER_R_INFLATIONADJUSTEDPRICES,COUNTRY,TCD,AFR,Africa,YEAR,2020,TOBACCO_INDICATOR,TOBACCO_INDICATOR_R_afford_inflation_adjusted_price_ppp,,,,,,,2.65,2.65,,,,2025-08-18T14:33:28Z,2020,2020-01-01,2020-12-31
2177185,TOBACCO_MPOWER_R_INFLATIONADJUSTEDPRICES,COUNTRY,ERI,AFR,Africa,YEAR,2016,TOBACCO_INDICATOR,TOBACCO_INDICATOR_R_afford_inflation_adjusted_price_ppp,,,,,,,22.76,22.76,,,,2025-08-18T14:33:28Z,2016,2016-01-01,2016-12-31
2178211,TOBACCO_MPOWER_R_INFLATIONADJUSTEDPRICES,COUNTRY,COK,WPR,Western Pacific,YEAR,2008,TOBACCO_INDICATOR,TOBACCO_INDICATOR_R_afford_inflation_adjusted_price_lcu,,,,,,,. . .,,,,,2025-08-18T14:33:28Z,2008,2008-01-01,2008-12-31
2178270,TOBACCO_MPOWER_R_INFLATIONADJUSTEDPRICES,COUNTRY,LTU,EUR,Europe,YEAR,2012,TOBACCO_INDICATOR,TOBACCO_INDICATOR_R_afford_inflation_adjusted_price_lcu,,,,,,,3.74,3.74,,,,2025-08-18T14:33:28Z,2012,2012-01-01,2012-12-31
2181787,TOBACCO_MPOWER_R_INFLATIONADJUSTEDPRICES,COUNTRY,NIC,AMR,Americas,YEAR,2018,TOBACCO_INDICATOR,TOBACCO_INDICATOR_R_afford_inflation_adjusted_price_lcu,,,,,,,. . .,,,,,2025-08-18T14:33:28Z,2018,2018-01-01,2018-12-31
2184931,TOBACCO_MPOWER_R_INFLATIONADJUSTEDPRICES,COUNTRY,BGR,EUR,Europe,YEAR,2012,TOBACCO_INDICATOR,TOBACCO_INDICATOR_R_afford_inflation_adjusted_price_ppp,,,,,,,9.79,9.79,,,,2025-08-18T14:33:28Z,2012,2012-01-01,2012-12-31
2185092,TOBACCO_MPOWER_R_INFLATIONADJUSTEDPRICES,COUNTRY,NLD,EUR,Europe,YEAR,2024,TOBACCO_INDICATOR,TOBACCO_INDICATOR_R_afford_inflation_adjusted_price_ppp,,,,,,,16.15,16.15,,,,2025-08-18T14:33:28Z,2024,2024-01-01,2024-12-31
2190711,TOBACCO_MPOWER_R_INFLATIONADJUSTEDPRICES,COUNTRY,BEN,AFR,Africa,YEAR,2016,TOBACCO_INDICATOR,TOBACCO_INDICATOR_R_afford_inflation_adjusted_price_ppp,,,,,,,3.01,3.01,,,,2025-08-18T14:33:28Z,2016,2016-01-01,2016-12-31
2197755,TOBACCO_MPOWER_R_INFLATIONADJUSTEDPRICES,COUNTRY,GRC,EUR,Europe,YEAR,2014,TOBACCO_INDICATOR,TOBACCO_INDICATOR_R_afford_inflation_adjusted_price_lcu,,,,,,,4.72,4.72,,,,2025-08-18T14:33:28Z,2014,2014-01-01,2014-12-31
2201038,TOBACCO_MPOWER_R_INFLATIONADJUSTEDPRICES,COUNTRY,GNB,AFR,Africa,YEAR,2008,TOBACCO_INDICATOR,TOBACCO_INDICATOR_R_afford_inflation_adjusted_price_ppp,,,,,,,2.52,2.52,,,,2025-08-18T14:33:28Z,2008,2008-01-01,2008-12-31
2205516,TOBACCO_MPOWER_R_INFLATIONADJUSTEDPRICES,COUNTRY,LBR,AFR,Africa,YEAR,2016,TOBACCO_INDICATOR,TOBACCO_INDICATOR_R_afford_inflation_adjusted_price_ppp,,,,,,,1.96,1.96,,,,2025-08-18T14:33:28Z,2016,2016-01-01,2016-12-31
2205807,TOBACCO_MPOWER_R_INFLATIONADJUSTEDPRICES,COUNTRY,JAM,AMR,Americas,YEAR,2014,TOBACCO_INDICATOR,TOBACCO_INDICATOR_R_afford_inflation_adjusted_price_ppp,,,,,,,17.78,17.78,,,Data not validated by the national authorities.,2025-08-18T14:33:28Z,2014,2014-01-01,2014-12-31
2207459,TOBACCO_MPOWER_R_INFLATIONADJUSTEDPRICES,COUNTRY,SVK,EUR,Europe,YEAR,2010,TOBACCO_INDICATOR,TOBACCO_INDICATOR_R_afford_inflation_adjusted_price_ppp,,,,,,,6.29,6.29,,,,2025-08-18T14:33:28Z,2010,2010-01-01,2010-12-31
2218620,TOBACCO_MPOWER_R_INFLATIONADJUSTEDPRICES,COUNTRY,TGO,AFR,Africa,YEAR,2018,TOBACCO_INDICATOR,TOBACCO_INDICATOR_R_afford_inflation_adjusted_price_lcu,,,,,,,752.88,752.88,,,,2025-08-18T14:33:28Z,2018,2018-01-01,2018-12-31
2220108,TOBACCO_MPOWER_R_INFLATIONADJUSTEDPRICES,COUNTRY,SLE,AFR,Africa,YEAR,2008,TOBACCO_INDICATOR,TOBACCO_INDICATOR_R_afford_inflation_adjusted_price_ppp,,,,,,,2.25,2.25,,,,2025-08-18T14:33:28Z,2008,2008-01-01,2008-12-31
2233001,TOBACCO_MPOWER_R_INFLATIONADJUSTEDPRICES,COUNTRY,FJI,WPR,Western Pacific,YEAR,2012,TOBACCO_INDICATOR,TOBACCO_INDICATOR_R_afford_inflation_adjusted_price_lcu,,,,,,,9.34,9.34,,,,2025-08-18T14:33:28Z,2012,2012-01-01,2012-12-31
2234542,TOBACCO_MPOWER_R_INFLATIONADJUSTEDPRICES,COUNTRY,RUS,EUR,Europe,YEAR,2008,TOBACCO_INDICATOR,TOBACCO_INDICATOR_R_afford_inflation_adjusted_price_lcu,,,,,,,77.64,77.64,,,,2025-08-18T14:33:28Z,2008,2008-01-01,2008-12-31
2241507,TOBACCO_MPOWER_R_INFLATIONADJUSTEDPRICES,COUNTRY,VEN,AMR,Americas,YEAR,2012,TOBACCO_INDICATOR,TOBACCO_INDICATOR_R_afford_inflation_adjusted_price_ppp,,,,,,,. . .,,,,Data not validated by the national authorities.,2025-08-18T14:33:28Z,2012,2012-01-01,2012-12-31
2245110,TOBACCO_MPOWER_R_INFLATIONADJUSTEDPRICES,COUNTRY,BWA,AFR,Africa,YEAR,2012,TOBACCO_INDICATOR,TOBACCO_INDICATOR_R_afford_inflation_adjusted_price_lcu,,,,,,,42.29,42.29,,,,2025-08-18T14:33:28Z,2012,2012-01-01,2012-12-31
2247941,TOBACCO_MPOWER_R_INFLATIONADJUSTEDPRICES,COUNTRY,DOM,AMR,Americas,YEAR,2018,TOBACCO_INDICATOR,TOBACCO_INDICATOR_R_afford_inflation_adjusted_price_lcu,,,,,,,269.42,269.42,,,,2025-08-18T14:33:28Z,2018,2018-01-01,2018-12-31
2248300,TOBACCO_MPOWER_R_INFLATIONADJUSTEDPRICES,COUNTRY,COM,AFR,Africa,YEAR,2010,TOBACCO_INDICATOR,TOBACCO_INDICATOR_R_afford_inflation_adjusted_price_ppp,,,,,,,3.9,3.9,,,,2025-08-18T14:33:28Z,2010,2010-01-01,2010-12-31
2250883,TOBACCO_MPOWER_R_INFLATIONADJUSTEDPRICES,COUNTRY,PHL,WPR,Western Pacific,YEAR,2016,TOBACCO_INDICATOR,TOBACCO_INDICATOR_R_afford_inflation_adjusted_price_ppp,,,,,,,2.7,2.7,,,,2025-08-18T14:33:28Z,2016,2016-01-01,2016-12-31
2257060,TOBACCO_MPOWER_R_INFLATIONADJUSTEDPRICES,COUNTRY,PHL,WPR,Western Pacific,YEAR,2022,TOBACCO_INDICATOR,TOBACCO_INDICATOR_R_afford_inflation_adjusted_price_lcu,,,,,,,150.95,150.95,,,,2025-08-18T14:33:28Z,2022,2022-01-01,2022-12-31
2260434,TOBACCO_MPOWER_R_INFLATIONADJUSTEDPRICES,COUNTRY,SYC,AFR,Africa,YEAR,2014,TOBACCO_INDICATOR,TOBACCO_INDICATOR_R_afford_inflation_adjusted_price_ppp,,,,,,,12.2,12.2,,,,2025-08-18T14:33:28Z,2014,2014-01-01,2014-12-31
2274793,TOBACCO_MPOWER_R_INFLATIONADJUSTEDPRICES,COUNTRY,BOL,AMR,Americas,YEAR,2012,TOBACCO_INDICATOR,TOBACCO_INDICATOR_R_afford_inflation_adjusted_price_ppp,,,,,,,4.1,4.1,,,,2025-08-18T14:33:28Z,2012,2012-01-01,2012-12-31
2277641,TOBACCO_MPOWER_R_INFLATIONADJUSTEDPRICES,COUNTRY,ESP,EUR,Europe,YEAR,2020,TOBACCO_INDICATOR,TOBACCO_INDICATOR_R_afford_inflation_adjusted_price_ppp,,,,,,,10,10,,,,2025-08-18T14:33:28Z,2020,2020-01-01,2020-12-31
2279834,TOBACCO_MPOWER_R_INFLATIONADJUSTEDPRICES,COUNTRY,BOL,AMR,Americas,YEAR,2014,TOBACCO_INDICATOR,TOBACCO_INDICATOR_R_afford_inflation_adjusted_price_lcu,,,,,,,12.88,12.88,,,,2025-08-18T14:33:28Z,2014,2014-01-01,2014-12-31
2285369,TOBACCO_MPOWER_R_INFLATIONADJUSTEDPRICES,COUNTRY,OMN,EMR,Eastern Mediterranean,YEAR,2024,TOBACCO_INDICATOR,TOBACCO_INDICATOR_R_afford_inflation_adjusted_price_ppp,,,,,,,12.83,12.83,,,,2025-08-18T14:33:28Z,2024,2024-01-01,2024-12-31
2296533,TOBACCO_MPOWER_R_INFLATIONADJUSTEDPRICES,COUNTRY,ALB,EUR,Europe,YEAR,2024,TOBACCO_INDICATOR,TOBACCO_INDICATOR_R_afford_inflation_adjusted_price_ppp,,,,,,,6.79,6.79,,,,2025-08-18T14:33:28Z,2024,2024-01-01,2024-12-31
2296807,TOBACCO_MPOWER_R_INFLATIONADJUSTEDPRICES,COUNTRY,RUS,EUR,Europe,YEAR,2022,TOBACCO_INDICATOR,TOBACCO_INDICATOR_R_afford_inflation_adjusted_price_ppp,,,,,,,7.1,7.1,,,,2025-08-18T14:33:28Z,2022,2022-01-01,2022-12-31
2309026,TOBACCO_MPOWER_R_INFLATIONADJUSTEDPRICES,COUNTRY,AUT,EUR,Europe,YEAR,2020,TOBACCO_INDICATOR,TOBACCO_INDICATOR_R_afford_inflation_adjusted_price_ppp,,,,,,,9.48,9.48,,,,2025-08-18T14:33:28Z,2020,2020-01-01,2020-12-31
2318651,TOBACCO_MPOWER_R_INFLATIONADJUSTEDPRICES,COUNTRY,ITA,EUR,Europe,YEAR,2022,TOBACCO_INDICATOR,TOBACCO_INDICATOR_R_afford_inflation_adjusted_price_lcu,,,,,,,6.42,6.42,,,,2025-08-18T14:33:28Z,2022,2022-01-01,2022-12-31
2326048,TOBACCO_MPOWER_R_INFLATIONADJUSTEDPRICES,COUNTRY,HUN,EUR,Europe,YEAR,2014,TOBACCO_INDICATOR,TOBACCO_INDICATOR_R_afford_inflation_adjusted_price_ppp,,,,,,,10.18,10.18,,,,2025-08-18T14:33:28Z,2014,2014-01-01,2014-12-31
2332683,TOBACCO_MPOWER_R_INFLATIONADJUSTEDPRICES,COUNTRY,BLR,EUR,Europe,YEAR,2018,TOBACCO_INDICATOR,TOBACCO_INDICATOR_R_afford_inflation_adjusted_price_ppp,,,,,,,2.12,2.12,,,,2025-08-18T14:33:28Z,2018,2018-01-01,2018-12-31
2335805,TOBACCO_MPOWER_R_INFLATIONADJUSTEDPRICES,COUNTRY,CUB,AMR,Americas,YEAR,2020,TOBACCO_INDICATOR,TOBACCO_INDICATOR_R_afford_inflation_adjusted_price_lcu,,,,,,,. . .,,,,,2025-08-18T14:33:28Z,2020,2020-01-01,2020-12-31
2336005,TOBACCO_MPOWER_R_INFLATIONADJUSTEDPRICES,COUNTRY,GAB,AFR,Africa,YEAR,2020,TOBACCO_INDICATOR,TOBACCO_INDICATOR_R_afford_inflation_adjusted_price_lcu,,,,,,,1104.73,1104.73,,,,2025-08-18T14:33:28Z,2020,2020-01-01,2020-12-31
2341750,TOBACCO_MPOWER_R_INFLATIONADJUSTEDPRICES,COUNTRY,MHL,WPR,Western Pacific,YEAR,2024,TOBACCO_INDICATOR,TOBACCO_INDICATOR_R_afford_inflation_adjusted_price_ppp,,,,,,,4.76,4.76,,,,2025-08-18T14:33:28Z,2024,2024-01-01,2024-12-31
2343466,TOBACCO_MPOWER_R_INFLATIONADJUSTEDPRICES,COUNTRY,DEU,EUR,Europe,YEAR,2012,TOBACCO_INDICATOR,TOBACCO_INDICATOR_R_afford_inflation_adjusted_price_ppp,,,,,,,9.77,9.77,,,,2025-08-18T14:33:28Z,2012,2012-01-01,2012-12-31
2343695,TOBACCO_MPOWER_R_INFLATIONADJUSTEDPRICES,COUNTRY,SGP,WPR,Western Pacific,YEAR,2024,TOBACCO_INDICATOR,TOBACCO_INDICATOR_R_afford_inflation_adjusted_price_lcu,,,,,,,15.6,15.6,,,,2025-08-18T14:33:28Z,2024,2024-01-01,2024-12-31
2346210,TOBACCO_MPOWER_R_INFLATIONADJUSTEDPRICES,COUNTRY,USA,AMR,Americas,YEAR,2014,TOBACCO_INDICATOR,TOBACCO_INDICATOR_R_afford_inflation_adjusted_price_ppp,,,,,,,8.25,8.25,,,,2025-08-18T14:33:28Z,2014,2014-01-01,2014-12-31
2346976,TOBACCO_MPOWER_R_INFLATIONADJUSTEDPRICES,COUNTRY,MHL,WPR,Western Pacific,YEAR,2008,TOBACCO_INDICATOR,TOBACCO_INDICATOR_R_afford_inflation_adjusted_price_lcu,,,,,,,3.32,3.32,,,,2025-08-18T14:33:28Z,2008,2008-01-01,2008-12-31
2348265,TOBACCO_MPOWER_R_INFLATIONADJUSTEDPRICES,COUNTRY,WSM,WPR,Western Pacific,YEAR,2020,TOBACCO_INDICATOR,TOBACCO_INDICATOR_R_afford_inflation_adjusted_price_ppp,,,,,,,8.77,8.77,,,,2025-08-18T14:33:28Z,2020,2020-01-01,2020-12-31
2348720,TOBACCO_MPOWER_R_INFLATIONADJUSTEDPRICES,COUNTRY,TUR,EUR,Europe,YEAR,2022,TOBACCO_INDICATOR,TOBACCO_INDICATOR_R_afford_inflation_adjusted_price_ppp,,,,,,,6.77,6.77,,,,2025-08-18T14:33:28Z,2022,2022-01-01,2022-12-31
2349365,TOBACCO_MPOWER_R_INFLATIONADJUSTEDPRICES,COUNTRY,PSE,EMR,Eastern Mediterranean,YEAR,2018,TOBACCO_INDICATOR,TOBACCO_INDICATOR_R_afford_inflation_adjusted_price_ppp,,,,,,,13.36,13.36,,,,2025-08-18T14:33:28Z,2018,2018-01-01,2018-12-31
2350173,TOBACCO_MPOWER_R_INFLATIONADJUSTEDPRICES,COUNTRY,KIR,WPR,Western Pacific,YEAR,2022,TOBACCO_INDICATOR,TOBACCO_INDICATOR_R_afford_inflation_adjusted_price_ppp,,,,,,,5.4,5.4,,,,2025-08-18T14:33:28Z,2022,2022-01-01,2022-12-31
2352956,TOBACCO_MPOWER_R_INFLATIONADJUSTEDPRICES,COUNTRY,MDV,SEAR,South-East Asia,YEAR,2012,TOBACCO_INDICATOR,TOBACCO_INDICATOR_R_afford_inflation_adjusted_price_lcu,,,,,,,44.56,44.56,,,,2025-08-18T14:33:28Z,2012,2012-01-01,2012-12-31
2354446,TOBACCO_MPOWER_R_INFLATIONADJUSTEDPRICES,COUNTRY,BTN,SEAR,South-East Asia,YEAR,2008,TOBACCO_INDICATOR,TOBACCO_INDICATOR_R_afford_inflation_adjusted_price_ppp,,,,,,,. . .,,,,,2025-08-18T14:33:28Z,2008,2008-01-01,2008-12-31
2356691,TOBACCO_MPOWER_R_INFLATIONADJUSTEDPRICES,COUNTRY,LBR,AFR,Africa,YEAR,2022,TOBACCO_INDICATOR,TOBACCO_INDICATOR_R_afford_inflation_adjusted_price_ppp,,,,,,,4.5,4.5,,,,2025-08-18T14:33:28Z,2022,2022-01-01,2022-12-31
2358216,TOBACCO_MPOWER_R_INFLATIONADJUSTEDPRICES,COUNTRY,ATG,AMR,Americas,YEAR,2022,TOBACCO_INDICATOR,TOBACCO_INDICATOR_R_afford_inflation_adjusted_price_ppp,,,,,,,6.17,6.17,,,,2025-08-18T14:33:28Z,2022,2022-01-01,2022-12-31
2358813,TOBACCO_MPOWER_R_INFLATIONADJUSTEDPRICES,COUNTRY,COL,AMR,Americas,YEAR,2016,TOBACCO_INDICATOR,TOBACCO_INDICATOR_R_afford_inflation_adjusted_price_lcu,,,,,,,4232.43,4232.43,,,,2025-08-18T14:33:28Z,2016,2016-01-01,2016-12-31
2364784,TOBACCO_MPOWER_R_INFLATIONADJUSTEDPRICES,COUNTRY,BWA,AFR,Africa,YEAR,2020,TOBACCO_INDICATOR,TOBACCO_INDICATOR_R_afford_inflation_adjusted_price_lcu,,,,,,,64.04,64.04,,,,2025-08-18T14:33:28Z,2020,2020-01-01,2020-12-31
2366936,TOBACCO_MPOWER_R_INFLATIONADJUSTEDPRICES,COUNTRY,NER,AFR,Africa,YEAR,2020,TOBACCO_INDICATOR,TOBACCO_INDICATOR_R_afford_inflation_adjusted_price_ppp,,,,,,,2.72,2.72,,,,2025-08-18T14:33:28Z,2020,2020-01-01,2020-12-31
2367919,TOBACCO_MPOWER_R_INFLATIONADJUSTEDPRICES,COUNTRY,UGA,AFR,Africa,YEAR,2018,TOBACCO_INDICATOR,TOBACCO_INDICATOR_R_afford_inflation_adjusted_price_lcu,,,,,,,4380.76,4380.76,,,,2025-08-18T14:33:28Z,2018,2018-01-01,2018-12-31
2368446,TOBACCO_MPOWER_R_INFLATIONADJUSTEDPRICES,COUNTRY,GRC,EUR,Europe,YEAR,2022,TOBACCO_INDICATOR,TOBACCO_INDICATOR_R_afford_inflation_adjusted_price_ppp,,,,,,,9.54,9.54,,,,2025-08-18T14:33:28Z,2022,2022-01-01,2022-12-31
2372853,TOBACCO_MPOWER_R_INFLATIONADJUSTEDPRICES,COUNTRY,DNK,EUR,Europe,YEAR,2020,TOBACCO_INDICATOR,TOBACCO_INDICATOR_R_afford_inflation_adjusted_price_ppp,,,,,,,11.61,11.61,,,,2025-08-18T14:33:28Z,2020,2020-01-01,2020-12-31
2373058,TOBACCO_MPOWER_R_INFLATIONADJUSTEDPRICES,COUNTRY,MOZ,AFR,Africa,YEAR,2008,TOBACCO_INDICATOR,TOBACCO_INDICATOR_R_afford_inflation_adjusted_price_lcu,,,,,,,43.33,43.33,,,,2025-08-18T14:33:28Z,2008,2008-01-01,2008-12-31
2377233,TOBACCO_MPOWER_R_INFLATIONADJUSTEDPRICES,COUNTRY,MHL,WPR,Western Pacific,YEAR,2012,TOBACCO_INDICATOR,TOBACCO_INDICATOR_R_afford_inflation_adjusted_price_ppp,,,,,,,4.23,4.23,,,,2025-08-18T14:33:28Z,2012,2012-01-01,2012-12-31
2380789,TOBACCO_MPOWER_R_INFLATIONADJUSTEDPRICES,COUNTRY,SVK,EUR,Europe,YEAR,2012,TOBACCO_INDICATOR,TOBACCO_INDICATOR_R_afford_inflation_adjusted_price_lcu,,,,,,,3.96,3.96,,,,2025-08-18T14:33:28Z,2012,2012-01-01,2012-12-31
2381313,TOBACCO_MPOWER_R_INFLATIONADJUSTEDPRICES,COUNTRY,GEO,EUR,Europe,YEAR,2018,TOBACCO_INDICATOR,TOBACCO_INDICATOR_R_afford_inflation_adjusted_price_ppp,,,,,,,5.7,5.7,,,,2025-08-18T14:33:28Z,2018,2018-01-01,2018-12-31
2382980,TOBACCO_MPOWER_R_INFLATIONADJUSTEDPRICES,COUNTRY,SDN,EMR,Eastern Mediterranean,YEAR,2022,TOBACCO_INDICATOR,TOBACCO_INDICATOR_R_afford_inflation_adjusted_price_lcu,,,,,,,3434.12,3434.12,,,,2025-08-18T14:33:28Z,2022,2022-01-01,2022-12-31
2383288,TOBACCO_MPOWER_R_INFLATIONADJUSTEDPRICES,COUNTRY,KWT,EMR,Eastern Mediterranean,YEAR,2024,TOBACCO_INDICATOR,TOBACCO_INDICATOR_R_afford_inflation_adjusted_price_ppp,,,,,,,4.36,4.36,,,,2025-08-18T14:33:28Z,2024,2024-01-01,2024-12-31
2388327,TOBACCO_MPOWER_R_INFLATIONADJUSTEDPRICES,COUNTRY,YEM,EMR,Eastern Mediterranean,YEAR,2010,TOBACCO_INDICATOR,TOBACCO_INDICATOR_R_afford_inflation_adjusted_price_ppp,,,,,,,3.68,3.68,,,,2025-08-18T14:33:28Z,2010,2010-01-01,2010-12-31
2400373,TOBACCO_MPOWER_R_INFLATIONADJUSTEDPRICES,COUNTRY,LUX,EUR,Europe,YEAR,2024,TOBACCO_INDICATOR,TOBACCO_INDICATOR_R_afford_inflation_adjusted_price_ppp,,,,,,,7.58,7.58,,,,2025-08-18T14:33:28Z,2024,2024-01-01,2024-12-31
2400993,TOBACCO_MPOWER_R_INFLATIONADJUSTEDPRICES,COUNTRY,MLI,AFR,Africa,YEAR,2016,TOBACCO_INDICATOR,TOBACCO_INDICATOR_R_afford_inflation_adjusted_price_lcu,,,,,,,976.06,976.06,,,,2025-08-18T14:33:28Z,2016,2016-01-01,2016-12-31
2402196,TOBACCO_MPOWER_R_INFLATIONADJUSTEDPRICES,COUNTRY,PSE,EMR,Eastern Mediterranean,YEAR,2024,TOBACCO_INDICATOR,TOBACCO_INDICATOR_R_afford_inflation_adjusted_price_lcu,,,,,,,. . .,,,,,2025-08-18T14:33:28Z,2024,2024-01-01,2024-12-31
2406580,TOBACCO_MPOWER_R_INFLATIONADJUSTEDPRICES,COUNTRY,EGY,EMR,Eastern Mediterranean,YEAR,2014,TOBACCO_INDICATOR,TOBACCO_INDICATOR_R_afford_inflation_adjusted_price_lcu,,,,,,,33.06,33.06,,,,2025-08-18T14:33:28Z,2014,2014-01-01,2014-12-31
2416572,TOBACCO_MPOWER_R_INFLATIONADJUSTEDPRICES,COUNTRY,BLZ,AMR,Americas,YEAR,2022,TOBACCO_INDICATOR,TOBACCO_INDICATOR_R_afford_inflation_adjusted_price_ppp,,,,,,,5.91,5.91,,,,2025-08-18T14:33:28Z,2022,2022-01-01,2022-12-31
2422620,TOBACCO_MPOWER_R_INFLATIONADJUSTEDPRICES,COUNTRY,MOZ,AFR,Africa,YEAR,2014,TOBACCO_INDICATOR,TOBACCO_INDICATOR_R_afford_inflation_adjusted_price_lcu,,,,,,,60.9,60.9,,,,2025-08-18T14:33:28Z,2014,2014-01-01,2014-12-31
2432039,TOBACCO_MPOWER_R_INFLATIONADJUSTEDPRICES,COUNTRY,BFA,AFR,Africa,YEAR,2014,TOBACCO_INDICATOR,TOBACCO_INDICATOR_R_afford_inflation_adjusted_price_lcu,,,,,,,647.54,647.54,,,,2025-08-18T14:33:28Z,2014,2014-01-01,2014-12-31
2432594,TOBACCO_MPOWER_R_INFLATIONADJUSTEDPRICES,COUNTRY,USA,AMR,Americas,YEAR,2022,TOBACCO_INDICATOR,TOBACCO_INDICATOR_R_afford_inflation_adjusted_price_lcu,,,,,,,8.87,8.87,,,,2025-08-18T14:33:28Z,2022,2022-01-01,2022-12-31
2439192,TOBACCO_MPOWER_R_INFLATIONADJUSTEDPRICES,COUNTRY,BHS,AMR,Americas,YEAR,2016,TOBACCO_INDICATOR,TOBACCO_INDICATOR_R_afford_inflation_adjusted_price_ppp,,,,,,,12.52,12.52,,,,2025-08-18T14:33:28Z,2016,2016-01-01,2016-12-31
2439317,TOBACCO_MPOWER_R_INFLATIONADJUSTEDPRICES,COUNTRY,ISL,EUR,Europe,YEAR,2012,TOBACCO_INDICATOR,TOBACCO_INDICATOR_R_afford_inflation_adjusted_price_ppp,,,,,,,10.7,10.7,,,,2025-08-18T14:33:28Z,2012,2012-01-01,2012-12-31
2439367,TOBACCO_MPOWER_R_INFLATIONADJUSTEDPRICES,COUNTRY,MDA,EUR,Europe,YEAR,2008,TOBACCO_INDICATOR,TOBACCO_INDICATOR_R_afford_inflation_adjusted_price_lcu,,,,,,,17.91,17.91,,,,2025-08-18T14:33:28Z,2008,2008-01-01,2008-12-31
2443512,TOBACCO_MPOWER_R_INFLATIONADJUSTEDPRICES,COUNTRY,LSO,AFR,Africa,YEAR,2010,TOBACCO_INDICATOR,TOBACCO_INDICATOR_R_afford_inflation_adjusted_price_ppp,,,,,,,10.51,10.51,,,,2025-08-18T14:33:28Z,2010,2010-01-01,2010-12-31
2445066,TOBACCO_MPOWER_R_INFLATIONADJUSTEDPRICES,COUNTRY,ECU,AMR,Americas,YEAR,2024,TOBACCO_INDICATOR,TOBACCO_INDICATOR_R_afford_inflation_adjusted_price_ppp,,,,,,,14.62,14.62,,,,2025-08-18T14:33:28Z,2024,2024-01-01,2024-12-31
2446679,TOBACCO_MPOWER_R_INFLATIONADJUSTEDPRICES,COUNTRY,HRV,EUR,Europe,YEAR,2016,TOBACCO_INDICATOR,TOBACCO_INDICATOR_R_afford_inflation_adjusted_price_lcu,,,,,,,4.26,4.26,,,,2025-08-18T14:33:28Z,2016,2016-01-01,2016-12-31
2449049,TOBACCO_MPOWER_R_INFLATIONADJUSTEDPRICES,COUNTRY,SWZ,AFR,Africa,YEAR,2016,TOBACCO_INDICATOR,TOBACCO_INDICATOR_R_afford_inflation_adjusted_price_ppp,,,,,,,7.92,7.92,,,,2025-08-18T14:33:28Z,2016,2016-01-01,2016-12-31
2451512,TOBACCO_MPOWER_R_INFLATIONADJUSTEDPRICES,COUNTRY,LKA,SEAR,South-East Asia,YEAR,2014,TOBACCO_INDICATOR,TOBACCO_INDICATOR_R_afford_inflation_adjusted_price_lcu,,,,,,,1413.36,1413.36,,,,2025-08-18T14:33:28Z,2014,2014-01-01,2014-12-31
2459263,TOBACCO_MPOWER_R_INFLATIONADJUSTEDPRICES,COUNTRY,ARG,AMR,Americas,YEAR,2016,TOBACCO_INDICATOR,TOBACCO_INDICATOR_R_afford_inflation_adjusted_price_ppp,,,,,,,6.29,6.29,,,,2025-08-18T14:33:28Z,2016,2016-01-01,2016-12-31
2459360,TOBACCO_MPOWER_R_INFLATIONADJUSTEDPRICES,COUNTRY,STP,AFR,Africa,YEAR,2016,TOBACCO_INDICATOR,TOBACCO_INDICATOR_R_afford_inflation_adjusted_price_ppp,,,,,,,2.69,2.69,,,,2025-08-18T14:33:28Z,2016,2016-01-01,2016-12-31
2461804,TOBACCO_MPOWER_R_INFLATIONADJUSTEDPRICES,COUNTRY,MEX,AMR,Americas,YEAR,2020,TOBACCO_INDICATOR,TOBACCO_INDICATOR_R_afford_inflation_adjusted_price_lcu,,,,,,,83.18,83.18,,,,2025-08-18T14:33:28Z,2020,2020-01-01,2020-12-31
2463700,TOBACCO_MPOWER_R_INFLATIONADJUSTEDPRICES,COUNTRY,NIC,AMR,Americas,YEAR,2020,TOBACCO_INDICATOR,TOBACCO_INDICATOR_R_afford_inflation_adjusted_price_lcu,,,,,,,. . .,,,,,2025-08-18T14:33:28Z,2020,2020-01-01,2020-12-31
2464346,TOBACCO_MPOWER_R_INFLATIONADJUSTEDPRICES,COUNTRY,MYS,WPR,Western Pacific,YEAR,2014,TOBACCO_INDICATOR,TOBACCO_INDICATOR_R_afford_inflation_adjusted_price_ppp,,,,,,,10.06,10.06,,,,2025-08-18T14:33:28Z,2014,2014-01-01,2014-12-31
2467050,TOBACCO_MPOWER_R_INFLATIONADJUSTEDPRICES,COUNTRY,VEN,AMR,Americas,YEAR,2024,TOBACCO_INDICATOR,TOBACCO_INDICATOR_R_afford_inflation_adjusted_price_lcu,,,,,,,. . .,,,,Data not validated by the national authorities.,2025-08-18T14:33:28Z,2024,2024-01-01,2024-12-31
2472752,TOBACCO_MPOWER_R_INFLATIONADJUSTEDPRICES,COUNTRY,EST,EUR,Europe,YEAR,2024,TOBACCO_INDICATOR,TOBACCO_INDICATOR_R_afford_inflation_adjusted_price_ppp,,,,,,,8.51,8.51,,,,2025-08-18T14:33:28Z,2024,2024-01-01,2024-12-31
2472993,TOBACCO_MPOWER_R_INFLATIONADJUSTEDPRICES,COUNTRY,TKM,EUR,Europe,YEAR,2010,TOBACCO_INDICATOR,TOBACCO_INDICATOR_R_afford_inflation_adjusted_price_lcu,,,,,,,8.88,8.88,,,,2025-08-18T14:33:28Z,2010,2010-01-01,2010-12-31
2474880,TOBACCO_MPOWER_R_INFLATIONADJUSTEDPRICES,COUNTRY,PRT,EUR,Europe,YEAR,2010,TOBACCO_INDICATOR,TOBACCO_INDICATOR_R_afford_inflation_adjusted_price_lcu,,,,,,,4.59,4.59,,,,2025-08-18T14:33:28Z,2010,2010-01-01,2010-12-31
2482273,TOBACCO_MPOWER_R_INFLATIONADJUSTEDPRICES,COUNTRY,LBN,EMR,Eastern Mediterranean,YEAR,2014,TOBACCO_INDICATOR,TOBACCO_INDICATOR_R_afford_inflation_adjusted_price_ppp,,,,,,,7.18,7.18,,,,2025-08-18T14:33:28Z,2014,2014-01-01,2014-12-31
2486810,TOBACCO_MPOWER_R_INFLATIONADJUSTEDPRICES,COUNTRY,LBY,EMR,Eastern Mediterranean,YEAR,2018,TOBACCO_INDICATOR,TOBACCO_INDICATOR_R_afford_inflation_adjusted_price_ppp,,,,,,,3.86,3.86,,,,2025-08-18T14:33:28Z,2018,2018-01-01,2018-12-31
2488377,TOBACCO_MPOWER_R_INFLATIONADJUSTEDPRICES,COUNTRY,LBR,AFR,Africa,YEAR,2014,TOBACCO_INDICATOR,TOBACCO_INDICATOR_R_afford_inflation_adjusted_price_lcu,,,,,,,200.59,200.59,,,,2025-08-18T14:33:28Z,2014,2014-01-01,2014-12-31
2491030,TOBACCO_MPOWER_R_INFLATIONADJUSTEDPRICES,COUNTRY,CUB,AMR,Americas,YEAR,2018,TOBACCO_INDICATOR,TOBACCO_INDICATOR_R_afford_inflation_adjusted_price_ppp,,,,,,,. . .,,,,,2025-08-18T14:33:28Z,2018,2018-01-01,2018-12-31
2499659,TOBACCO_MPOWER_R_INFLATIONADJUSTEDPRICES,COUNTRY,AUT,EUR,Europe,YEAR,2016,TOBACCO_INDICATOR,TOBACCO_INDICATOR_R_afford_inflation_adjusted_price_ppp,,,,,,,8.37,8.37,,,,2025-08-18T14:33:28Z,2016,2016-01-01,2016-12-31
2506792,TOBACCO_MPOWER_R_INFLATIONADJUSTEDPRICES,COUNTRY,NPL,SEAR,South-East Asia,YEAR,2014,TOBACCO_INDICATOR,TOBACCO_INDICATOR_R_afford_inflation_adjusted_price_ppp,,,,,,,6.7,6.7,,,,2025-08-18T14:33:28Z,2014,2014-01-01,2014-12-31
2508610,TOBACCO_MPOWER_R_INFLATIONADJUSTEDPRICES,COUNTRY,MAR,EMR,Eastern Mediterranean,YEAR,2014,TOBACCO_INDICATOR,TOBACCO_INDICATOR_R_afford_inflation_adjusted_price_lcu,,,,,,,24.06,24.06,,,,2025-08-18T14:33:28Z,2014,2014-01-01,2014-12-31
2509074,TOBACCO_MPOWER_R_INFLATIONADJUSTEDPRICES,COUNTRY,LVA,EUR,Europe,YEAR,2018,TOBACCO_INDICATOR,TOBACCO_INDICATOR_R_afford_inflation_adjusted_price_lcu,,,,,,,4.82,4.82,,,,2025-08-18T14:33:28Z,2018,2018-01-01,2018-12-31
2516051,TOBACCO_MPOWER_R_INFLATIONADJUSTEDPRICES,COUNTRY,FRA,EUR,Europe,YEAR,2020,TOBACCO_INDICATOR,TOBACCO_INDICATOR_R_afford_inflation_adjusted_price_ppp,,,,,,,17.49,17.49,,,,2025-08-18T14:33:28Z,2020,2020-01-01,2020-12-31
2518366,TOBACCO_MPOWER_R_INFLATIONADJUSTEDPRICES,COUNTRY,LUX,EUR,Europe,YEAR,2016,TOBACCO_INDICATOR,TOBACCO_INDICATOR_R_afford_inflation_adjusted_price_lcu,,,,,,,6.49,6.49,,,,2025-08-18T14:33:28Z,2016,2016-01-01,2016-12-31
2518745,TOBACCO_MPOWER_R_INFLATIONADJUSTEDPRICES,COUNTRY,TCD,AFR,Africa,YEAR,2016,TOBACCO_INDICATOR,TOBACCO_INDICATOR_R_afford_inflation_adjusted_price_lcu,,,,,,,616.1,616.1,,,,2025-08-18T14:33:28Z,2016,2016-01-01,2016-12-31
2521427,TOBACCO_MPOWER_R_INFLATIONADJUSTEDPRICES,COUNTRY,ISR,EUR,Europe,YEAR,2012,TOBACCO_INDICATOR,TOBACCO_INDICATOR_R_afford_inflation_adjusted_price_ppp,,,,,,,8.23,8.23,,,,2025-08-18T14:33:28Z,2012,2012-01-01,2012-12-31
2521882,TOBACCO_MPOWER_R_INFLATIONADJUSTEDPRICES,COUNTRY,GTM,AMR,Americas,YEAR,2018,TOBACCO_INDICATOR,TOBACCO_INDICATOR_R_afford_inflation_adjusted_price_ppp,,,,,,,7.59,7.59,,,,2025-08-18T14:33:28Z,2018,2018-01-01,2018-12-31
2522374,TOBACCO_MPOWER_R_INFLATIONADJUSTEDPRICES,COUNTRY,WSM,WPR,Western Pacific,YEAR,2016,TOBACCO_INDICATOR,TOBACCO_INDICATOR_R_afford_inflation_adjusted_price_lcu,,,,,,,15.33,15.33,,,,2025-08-18T14:33:28Z,2016,2016-01-01,2016-12-31
2531069,TOBACCO_MPOWER_R_INFLATIONADJUSTEDPRICES,COUNTRY,SYC,AFR,Africa,YEAR,2018,TOBACCO_INDICATOR,TOBACCO_INDICATOR_R_afford_inflation_adjusted_price_lcu,,,,,,,134.78,134.78,,,,2025-08-18T14:33:28Z,2018,2018-01-01,2018-12-31
2535485,TOBACCO_MPOWER_R_INFLATIONADJUSTEDPRICES,COUNTRY,FJI,WPR,Western Pacific,YEAR,2016,TOBACCO_INDICATOR,TOBACCO_INDICATOR_R_afford_inflation_adjusted_price_lcu,,,,,,,14.29,14.29,,,,2025-08-18T14:33:28Z,2016,2016-01-01,2016-12-31
2536423,TOBACCO_MPOWER_R_INFLATIONADJUSTEDPRICES,COUNTRY,LCA,AMR,Americas,YEAR,2024,TOBACCO_INDICATOR,TOBACCO_INDICATOR_R_afford_inflation_adjusted_price_lcu,,,,,,,17.78,17.78,,,,2025-08-18T14:33:28Z,2024,2024-01-01,2024-12-31
2537381,TOBACCO_MPOWER_R_INFLATIONADJUSTEDPRICES,COUNTRY,IND,SEAR,South-East Asia,YEAR,2018,TOBACCO_INDICATOR,TOBACCO_INDICATOR_R_afford_inflation_adjusted_price_ppp,,,,,,,11.59,11.59,,,,2025-08-18T14:33:28Z,2018,2018-01-01,2018-12-31
2539358,TOBACCO_MPOWER_R_INFLATIONADJUSTEDPRICES,COUNTRY,BTN,SEAR,South-East Asia,YEAR,2018,TOBACCO_INDICATOR,TOBACCO_INDICATOR_R_afford_inflation_adjusted_price_ppp,,,,,,,. . .,,,,,2025-08-18T14:33:28Z,2018,2018-01-01,2018-12-31
2542112,TOBACCO_MPOWER_R_INFLATIONADJUSTEDPRICES,COUNTRY,NZL,WPR,Western Pacific,YEAR,2018,TOBACCO_INDICATOR,TOBACCO_INDICATOR_R_afford_inflation_adjusted_price_lcu,,,,,,,29.95,29.95,,,,2025-08-18T14:33:28Z,2018,2018-01-01,2018-12-31
2542231,TOBACCO_MPOWER_R_INFLATIONADJUSTEDPRICES,COUNTRY,SLV,AMR,Americas,YEAR,2022,TOBACCO_INDICATOR,TOBACCO_INDICATOR_R_afford_inflation_adjusted_price_lcu,,,,,,,3.64,3.64,,,,2025-08-18T14:33:28Z,2022,2022-01-01,2022-12-31
2548130,TOBACCO_MPOWER_R_INFLATIONADJUSTEDPRICES,COUNTRY,CHL,AMR,Americas,YEAR,2022,TOBACCO_INDICATOR,TOBACCO_INDICATOR_R_afford_inflation_adjusted_price_lcu,,,,,,,3913.24,3913.24,,,,2025-08-18T14:33:28Z,2022,2022-01-01,2022-12-31
2551711,TOBACCO_MPOWER_R_INFLATIONADJUSTEDPRICES,COUNTRY,SLB,WPR,Western Pacific,YEAR,2008,TOBACCO_INDICATOR,TOBACCO_INDICATOR_R_afford_inflation_adjusted_price_lcu,,,,,,,. . .,,,,,2025-08-18T14:33:28Z,2008,2008-01-01,2008-12-31
2556160,TOBACCO_MPOWER_R_INFLATIONADJUSTEDPRICES,COUNTRY,PHL,WPR,Western Pacific,YEAR,2024,TOBACCO_INDICATOR,TOBACCO_INDICATOR_R_afford_inflation_adjusted_price_ppp,,,,,,,8.06,8.06,,,,2025-08-18T14:33:28Z,2024,2024-01-01,2024-12-31
2557186,TOBACCO_MPOWER_R_INFLATIONADJUSTEDPRICES,COUNTRY,BHR,EMR,Eastern Mediterranean,YEAR,2012,TOBACCO_INDICATOR,TOBACCO_INDICATOR_R_afford_inflation_adjusted_price_lcu,,,,,,,1.18,1.18,,,,2025-08-18T14:33:28Z,2012,2012-01-01,2012-12-31
2558010,TOBACCO_MPOWER_R_INFLATIONADJUSTEDPRICES,COUNTRY,BRB,AMR,Americas,YEAR,2022,TOBACCO_INDICATOR,TOBACCO_INDICATOR_R_afford_inflation_adjusted_price_ppp,,,,,,,8.04,8.04,,,,2025-08-18T14:33:28Z,2022,2022-01-01,2022-12-31
2561862,TOBACCO_MPOWER_R_INFLATIONADJUSTEDPRICES,COUNTRY,VEN,AMR,Americas,YEAR,2020,TOBACCO_INDICATOR,TOBACCO_INDICATOR_R_afford_inflation_adjusted_price_ppp,,,,,,,. . .,,,,Data not validated by the national authorities.,2025-08-18T14:33:28Z,2020,2020-01-01,2020-12-31
2570912,TOBACCO_MPOWER_R_INFLATIONADJUSTEDPRICES,COUNTRY,SMR,EUR,Europe,YEAR,2022,TOBACCO_INDICATOR,TOBACCO_INDICATOR_R_afford_inflation_adjusted_price_lcu,,,,,,,5.9,5.9,,,,2025-08-18T14:33:28Z,2022,2022-01-01,2022-12-31
2573512,TOBACCO_MPOWER_R_INFLATIONADJUSTEDPRICES,COUNTRY,JOR,EMR,Eastern Mediterranean,YEAR,2024,TOBACCO_INDICATOR,TOBACCO_INDICATOR_R_afford_inflation_adjusted_price_lcu,,,,,,,2.4,2.4,,,,2025-08-18T14:33:28Z,2024,2024-01-01,2024-12-31
2574767,TOBACCO_MPOWER_R_INFLATIONADJUSTEDPRICES,COUNTRY,ZWE,AFR,Africa,YEAR,2014,TOBACCO_INDICATOR,TOBACCO_INDICATOR_R_afford_inflation_adjusted_price_ppp,,,,,,,. . .,,,,,2025-08-18T14:33:28Z,2014,2014-01-01,2014-12-31
2575312,TOBACCO_MPOWER_R_INFLATIONADJUSTEDPRICES,COUNTRY,NIC,AMR,Americas,YEAR,2022,TOBACCO_INDICATOR,TOBACCO_INDICATOR_R_afford_inflation_adjusted_price_ppp,,,,,,,. . .,,,,,2025-08-18T14:33:28Z,2022,2022-01-01,2022-12-31
2577258,TOBACCO_MPOWER_R_INFLATIONADJUSTEDPRICES,COUNTRY,UGA,AFR,Africa,YEAR,2008,TOBACCO_INDICATOR,TOBACCO_INDICATOR_R_afford_inflation_adjusted_price_ppp,,,,,,,1.86,1.86,,,,2025-08-18T14:33:28Z,2008,2008-01-01,2008-12-31
2581036,TOBACCO_MPOWER_R_INFLATIONADJUSTEDPRICES,COUNTRY,PNG,WPR,Western Pacific,YEAR,2012,TOBACCO_INDICATOR,TOBACCO_INDICATOR_R_afford_inflation_adjusted_price_ppp,,,,,,,9.79,9.79,,,,2025-08-18T14:33:28Z,2012,2012-01-01,2012-12-31
2583891,TOBACCO_MPOWER_R_INFLATIONADJUSTEDPRICES,COUNTRY,CUB,AMR,Americas,YEAR,2022,TOBACCO_INDICATOR,TOBACCO_INDICATOR_R_afford_inflation_adjusted_price_ppp,,,,,,,. . .,,,,,2025-08-18T14:33:28Z,2022,2022-01-01,2022-12-31
2585864,TOBACCO_MPOWER_R_INFLATIONADJUSTEDPRICES,COUNTRY,TJK,EUR,Europe,YEAR,2014,TOBACCO_INDICATOR,TOBACCO_INDICATOR_R_afford_inflation_adjusted_price_lcu,,,,,,,9.11,9.11,,,,2025-08-18T14:33:28Z,2014,2014-01-01,2014-12-31
2586366,TOBACCO_MPOWER_R_INFLATIONADJUSTEDPRICES,COUNTRY,PSE,EMR,Eastern Mediterranean,YEAR,2014,TOBACCO_INDICATOR,TOBACCO_INDICATOR_R_afford_inflation_adjusted_price_lcu,,,,,,,. . .,,,,,2025-08-18T14:33:28Z,2014,2014-01-01,2014-12-31
2587218,TOBACCO_MPOWER_R_INFLATIONADJUSTEDPRICES,COUNTRY,MWI,AFR,Africa,YEAR,2024,TOBACCO_INDICATOR,TOBACCO_INDICATOR_R_afford_inflation_adjusted_price_ppp,,,,,,,3.76,3.76,,,,2025-08-18T14:33:28Z,2024,2024-01-01,2024-12-31
2595309,TOBACCO_MPOWER_R_INFLATIONADJUSTEDPRICES,COUNTRY,GMB,AFR,Africa,YEAR,2020,TOBACCO_INDICATOR,TOBACCO_INDICATOR_R_afford_inflation_adjusted_price_lcu,,,,,,,109.37,109.37,,,,2025-08-18T14:33:28Z,2020,2020-01-01,2020-12-31
2597601,TOBACCO_MPOWER_R_INFLATIONADJUSTEDPRICES,COUNTRY,POL,EUR,Europe,YEAR,2016,TOBACCO_INDICATOR,TOBACCO_INDICATOR_R_afford_inflation_adjusted_price_ppp,,,,,,,11.02,11.02,,,,2025-08-18T14:33:28Z,2016,2016-01-01,2016-12-31
2601100,TOBACCO_MPOWER_R_INFLATIONADJUSTEDPRICES,COUNTRY,KOR,WPR,Western Pacific,YEAR,2020,TOBACCO_INDICATOR,TOBACCO_INDICATOR_R_afford_inflation_adjusted_price_ppp,,,,,,,6.58,6.58,,,,2025-08-18T14:33:28Z,2020,2020-01-01,2020-12-31
2605527,TOBACCO_MPOWER_R_INFLATIONADJUSTEDPRICES,COUNTRY,PRY,AMR,Americas,YEAR,2010,TOBACCO_INDICATOR,TOBACCO_INDICATOR_R_afford_inflation_adjusted_price_lcu,,,,,,,2377.51,2377.51,,,,2025-08-18T14:33:28Z,2010,2010-01-01,2010-12-31
2609285,TOBACCO_MPOWER_R_INFLATIONADJUSTEDPRICES,COUNTRY,BLZ,AMR,Americas,YEAR,2020,TOBACCO_INDICATOR,TOBACCO_INDICATOR_R_afford_inflation_adjusted_price_ppp,,,,,,,6.13,6.13,,,,2025-08-18T14:33:28Z,2020,2020-01-01,2020-12-31
2609508,TOBACCO_MPOWER_R_INFLATIONADJUSTEDPRICES,COUNTRY,KOR,WPR,Western Pacific,YEAR,2016,TOBACCO_INDICATOR,TOBACCO_INDICATOR_R_afford_inflation_adjusted_price_ppp,,,,,,,6.76,6.76,,,,2025-08-18T14:33:28Z,2016,2016-01-01,2016-12-31
2611279,TOBACCO_MPOWER_R_INFLATIONADJUSTEDPRICES,COUNTRY,GNB,AFR,Africa,YEAR,2010,TOBACCO_INDICATOR,TOBACCO_INDICATOR_R_afford_inflation_adjusted_price_ppp,,,,,,,2.51,2.51,,,,2025-08-18T14:33:28Z,2010,2010-01-01,2010-12-31
2612363,TOBACCO_MPOWER_R_INFLATIONADJUSTEDPRICES,COUNTRY,TTO,AMR,Americas,YEAR,2016,TOBACCO_INDICATOR,TOBACCO_INDICATOR_R_afford_inflation_adjusted_price_lcu,,,,,,,30.87,30.87,,,,2025-08-18T14:33:28Z,2016,2016-01-01,2016-12-31
2613234,TOBACCO_MPOWER_R_INFLATIONADJUSTEDPRICES,COUNTRY,LAO,WPR,Western Pacific,YEAR,2010,TOBACCO_INDICATOR,TOBACCO_INDICATOR_R_afford_inflation_adjusted_price_ppp,,,,,,,3.14,3.14,,,,2025-08-18T14:33:28Z,2010,2010-01-01,2010-12-31
2616403,TOBACCO_MPOWER_R_INFLATIONADJUSTEDPRICES,COUNTRY,MOZ,AFR,Africa,YEAR,2020,TOBACCO_INDICATOR,TOBACCO_INDICATOR_R_afford_inflation_adjusted_price_lcu,,,,,,,77.96,77.96,,,,2025-08-18T14:33:28Z,2020,2020-01-01,2020-12-31
2619827,TOBACCO_MPOWER_R_INFLATIONADJUSTEDPRICES,COUNTRY,GTM,AMR,Americas,YEAR,2018,TOBACCO_INDICATOR,TOBACCO_INDICATOR_R_afford_inflation_adjusted_price_lcu,,,,,,,26.06,26.06,,,,2025-08-18T14:33:28Z,2018,2018-01-01,2018-12-31
2622830,TOBACCO_MPOWER_R_INFLATIONADJUSTEDPRICES,COUNTRY,SSD,AFR,Africa,YEAR,2008,TOBACCO_INDICATOR,TOBACCO_INDICATOR_R_afford_inflation_adjusted_price_lcu,,,,,,,. . .,,,,,2025-08-18T14:33:28Z,2008,2008-01-01,2008-12-31
2624692,TOBACCO_MPOWER_R_INFLATIONADJUSTEDPRICES,COUNTRY,BLR,EUR,Europe,YEAR,2012,TOBACCO_INDICATOR,TOBACCO_INDICATOR_R_afford_inflation_adjusted_price_ppp,,,,,,,1.24,1.24,,,,2025-08-18T14:33:28Z,2012,2012-01-01,2012-12-31
2626117,TOBACCO_MPOWER_R_INFLATIONADJUSTEDPRICES,COUNTRY,SOM,EMR,Eastern Mediterranean,YEAR,2018,TOBACCO_INDICATOR,TOBACCO_INDICATOR_R_afford_inflation_adjusted_price_ppp,,,,,,,1.88,1.88,,,,2025-08-18T14:33:28Z,2018,2018-01-01,2018-12-31
2630964,TOBACCO_MPOWER_R_INFLATIONADJUSTEDPRICES,COUNTRY,LBR,AFR,Africa,YEAR,2010,TOBACCO_INDICATOR,TOBACCO_INDICATOR_R_afford_inflation_adjusted_price_lcu,,,,,,,228.96,228.96,,,,2025-08-18T14:33:28Z,2010,2010-01-01,2010-12-31
2636072,TOBACCO_MPOWER_R_INFLATIONADJUSTEDPRICES,COUNTRY,MKD,EUR,Europe,YEAR,2010,TOBACCO_INDICATOR,TOBACCO_INDICATOR_R_afford_inflation_adjusted_price_lcu,,,,,,,80.6,80.6,,,,2025-08-18T14:33:28Z,2010,2010-01-01,2010-12-31
2636970,TOBACCO_MPOWER_R_INFLATIONADJUSTEDPRICES,COUNTRY,SGP,WPR,Western Pacific,YEAR,2008,TOBACCO_INDICATOR,TOBACCO_INDICATOR_R_afford_inflation_adjusted_price_lcu,,,,,,,15.98,15.98,,,,2025-08-18T14:33:28Z,2008,2008-01-01,2008-12-31
2643712,TOBACCO_MPOWER_R_INFLATIONADJUSTEDPRICES,COUNTRY,LTU,EUR,Europe,YEAR,2008,TOBACCO_INDICATOR,TOBACCO_INDICATOR_R_afford_inflation_adjusted_price_lcu,,,,,,,2.49,2.49,,,,2025-08-18T14:33:28Z,2008,2008-01-01,2008-12-31
2652453,TOBACCO_MPOWER_R_INFLATIONADJUSTEDPRICES,COUNTRY,ARE,EMR,Eastern Mediterranean,YEAR,2022,TOBACCO_INDICATOR,TOBACCO_INDICATOR_R_afford_inflation_adjusted_price_ppp,,,,,,,9.49,9.49,,,,2025-08-18T14:33:28Z,2022,2022-01-01,2022-12-31
2653554,TOBACCO_MPOWER_R_INFLATIONADJUSTEDPRICES,COUNTRY,UGA,AFR,Africa,YEAR,2022,TOBACCO_INDICATOR,TOBACCO_INDICATOR_R_afford_inflation_adjusted_price_lcu,,,,,,,5442.64,5442.64,,,,2025-08-18T14:33:28Z,2022,2022-01-01,2022-12-31
2654996,TOBACCO_MPOWER_R_INFLATIONADJUSTEDPRICES,COUNTRY,PER,AMR,Americas,YEAR,2010,TOBACCO_INDICATOR,TOBACCO_INDICATOR_R_afford_inflation_adjusted_price_lcu,,,,,,,7.26,7.26,,,,2025-08-18T14:33:28Z,2010,2010-01-01,2010-12-31
2660630,TOBACCO_MPOWER_R_INFLATIONADJUSTEDPRICES,COUNTRY,HND,AMR,Americas,YEAR,2010,TOBACCO_INDICATOR,TOBACCO_INDICATOR_R_afford_inflation_adjusted_price_lcu,,,,,,,53.41,53.41,,,,2025-08-18T14:33:28Z,2010,2010-01-01,2010-12-31
2667788,TOBACCO_MPOWER_R_INFLATIONADJUSTEDPRICES,COUNTRY,PAN,AMR,Americas,YEAR,2022,TOBACCO_INDICATOR,TOBACCO_INDICATOR_R_afford_inflation_adjusted_price_lcu,,,,,,,5.63,5.63,,,,2025-08-18T14:33:28Z,2022,2022-01-01,2022-12-31
2668151,TOBACCO_MPOWER_R_INFLATIONADJUSTEDPRICES,COUNTRY,DEU,EUR,Europe,YEAR,2010,TOBACCO_INDICATOR,TOBACCO_INDICATOR_R_afford_inflation_adjusted_price_lcu,,,,,,,6.89,6.89,,,,2025-08-18T14:33:28Z,2010,2010-01-01,2010-12-31
2678379,TOBACCO_MPOWER_R_INFLATIONADJUSTEDPRICES,COUNTRY,TCD,AFR,Africa,YEAR,2014,TOBACCO_INDICATOR,TOBACCO_INDICATOR_R_afford_inflation_adjusted_price_lcu,,,,,,,635.46,635.46,,,,2025-08-18T14:33:28Z,2014,2014-01-01,2014-12-31
2683083,TOBACCO_MPOWER_R_INFLATIONADJUSTEDPRICES,COUNTRY,CUB,AMR,Americas,YEAR,2014,TOBACCO_INDICATOR,TOBACCO_INDICATOR_R_afford_inflation_adjusted_price_lcu,,,,,,,. . .,,,,,2025-08-18T14:33:28Z,2014,2014-01-01,2014-12-31
2687708,TOBACCO_MPOWER_R_INFLATIONADJUSTEDPRICES,COUNTRY,TUV,WPR,Western Pacific,YEAR,2018,TOBACCO_INDICATOR,TOBACCO_INDICATOR_R_afford_inflation_adjusted_price_lcu,,,,,,,8.18,8.18,,,,2025-08-18T14:33:28Z,2018,2018-01-01,2018-12-31
2691842,TOBACCO_MPOWER_R_INFLATIONADJUSTEDPRICES,COUNTRY,KGZ,EUR,Europe,YEAR,2012,TOBACCO_INDICATOR,TOBACCO_INDICATOR_R_afford_inflation_adjusted_price_lcu,,,,,,,49.16,49.16,,,,2025-08-18T14:33:28Z,2012,2012-01-01,2012-12-31
2692604,TOBACCO_MPOWER_R_INFLATIONADJUSTEDPRICES,COUNTRY,GBR,EUR,Europe,YEAR,2020,TOBACCO_INDICATOR,TOBACCO_INDICATOR_R_afford_inflation_adjusted_price_ppp,,,,,,,17.26,17.26,,,,2025-08-18T14:33:28Z,2020,2020-01-01,2020-12-31
2694296,TOBACCO_MPOWER_R_INFLATIONADJUSTEDPRICES,COUNTRY,LBN,EMR,Eastern Mediterranean,YEAR,2022,TOBACCO_INDICATOR,TOBACCO_INDICATOR_R_afford_inflation_adjusted_price_ppp,,,,,,,1.92,1.92,,,,2025-08-18T14:33:28Z,2022,2022-01-01,2022-12-31
2700010,TOBACCO_MPOWER_R_INFLATIONADJUSTEDPRICES,COUNTRY,GRD,AMR,Americas,YEAR,2020,TOBACCO_INDICATOR,TOBACCO_INDICATOR_R_afford_inflation_adjusted_price_ppp,,,,,,,. . .,,,,,2025-08-18T14:33:28Z,2020,2020-01-01,2020-12-31
2700750,TOBACCO_MPOWER_R_INFLATIONADJUSTEDPRICES,COUNTRY,PRT,EUR,Europe,YEAR,2022,TOBACCO_INDICATOR,TOBACCO_INDICATOR_R_afford_inflation_adjusted_price_lcu,,,,,,,4.86,4.86,,,,2025-08-18T14:33:28Z,2022,2022-01-01,2022-12-31
2701348,TOBACCO_MPOWER_R_INFLATIONADJUSTEDPRICES,COUNTRY,MWI,AFR,Africa,YEAR,2018,TOBACCO_INDICATOR,TOBACCO_INDICATOR_R_afford_inflation_adjusted_price_ppp,,,,,,,. . .,,,,,2025-08-18T14:33:28Z,2018,2018-01-01,2018-12-31
2702653,TOBACCO_MPOWER_R_INFLATIONADJUSTEDPRICES,COUNTRY,SLE,AFR,Africa,YEAR,2016,TOBACCO_INDICATOR,TOBACCO_INDICATOR_R_afford_inflation_adjusted_price_lcu,,,,,,,16.88,16.88,,,,2025-08-18T14:33:28Z,2016,2016-01-01,2016-12-31
2704920,TOBACCO_MPOWER_R_INFLATIONADJUSTEDPRICES,COUNTRY,ESP,EUR,Europe,YEAR,2012,TOBACCO_INDICATOR,TOBACCO_INDICATOR_R_afford_inflation_adjusted_price_lcu,,,,,,,5.59,5.59,,,,2025-08-18T14:33:28Z,2012,2012-01-01,2012-12-31
2705762,TOBACCO_MPOWER_R_INFLATIONADJUSTEDPRICES,COUNTRY,ZMB,AFR,Africa,YEAR,2024,TOBACCO_INDICATOR,TOBACCO_INDICATOR_R_afford_inflation_adjusted_price_lcu,,,,,,,40,40,,,,2025-08-18T14:33:28Z,2024,2024-01-01,2024-12-31
2707353,TOBACCO_MPOWER_R_INFLATIONADJUSTEDPRICES,COUNTRY,KGZ,EUR,Europe,YEAR,2014,TOBACCO_INDICATOR,TOBACCO_INDICATOR_R_afford_inflation_adjusted_price_lcu,,,,,,,62.53,62.53,,,,2025-08-18T14:33:28Z,2014,2014-01-01,2014-12-31
2709370,TOBACCO_MPOWER_R_INFLATIONADJUSTEDPRICES,COUNTRY,EGY,EMR,Eastern Mediterranean,YEAR,2014,TOBACCO_INDICATOR,TOBACCO_INDICATOR_R_afford_inflation_adjusted_price_ppp,,,,,,,4.64,4.64,,,,2025-08-18T14:33:28Z,2014,2014-01-01,2014-12-31
2710199,TOBACCO_MPOWER_R_INFLATIONADJUSTEDPRICES,COUNTRY,COL,AMR,Americas,YEAR,2012,TOBACCO_INDICATOR,TOBACCO_INDICATOR_R_afford_inflation_adjusted_price_lcu,,,,,,,4174.63,4174.63,,,,2025-08-18T14:33:28Z,2012,2012-01-01,2012-12-31
2711238,TOBACCO_MPOWER_R_INFLATIONADJUSTEDPRICES,COUNTRY,MKD,EUR,Europe,YEAR,2008,TOBACCO_INDICATOR,TOBACCO_INDICATOR_R_afford_inflation_adjusted_price_ppp,,,,,,,4.39,4.39,,,,2025-08-18T14:33:28Z,2008,2008-01-01,2008-12-31
2713523,TOBACCO_MPOWER_R_INFLATIONADJUSTEDPRICES,COUNTRY,BTN,SEAR,South-East Asia,YEAR,2024,TOBACCO_INDICATOR,TOBACCO_INDICATOR_R_afford_inflation_adjusted_price_lcu,,,,,,,240,240,,,,2025-08-18T14:33:28Z,2024,2024-01-01,2024-12-31
2714621,TOBACCO_MPOWER_R_INFLATIONADJUSTEDPRICES,COUNTRY,LBY,EMR,Eastern Mediterranean,YEAR,2022,TOBACCO_INDICATOR,TOBACCO_INDICATOR_R_afford_inflation_adjusted_price_ppp,,,,,,,1.83,1.83,,,,2025-08-18T14:33:28Z,2022,2022-01-01,2022-12-31
2715582,TOBACCO_MPOWER_R_INFLATIONADJUSTEDPRICES,COUNTRY,DJI,EMR,Eastern Mediterranean,YEAR,2010,TOBACCO_INDICATOR,TOBACCO_INDICATOR_R_afford_inflation_adjusted_price_lcu,,,,,,,267.21,267.21,,,,2025-08-18T14:33:28Z,2010,2010-01-01,2010-12-31
2715750,TOBACCO_MPOWER_R_INFLATIONADJUSTEDPRICES,COUNTRY,MRT,AFR,Africa,YEAR,2022,TOBACCO_INDICATOR,TOBACCO_INDICATOR_R_afford_inflation_adjusted_price_ppp,,,,,,,3.84,3.84,,,,2025-08-18T14:33:28Z,2022,2022-01-01,2022-12-31
2717115,TOBACCO_MPOWER_R_INFLATIONADJUSTEDPRICES,COUNTRY,HTI,AMR,Americas,YEAR,2012,TOBACCO_INDICATOR,TOBACCO_INDICATOR_R_afford_inflation_adjusted_price_lcu,,,,,,,. . .,,,,,2025-08-18T14:33:28Z,2012,2012-01-01,2012-12-31
2719485,TOBACCO_MPOWER_R_INFLATIONADJUSTEDPRICES,COUNTRY,SYC,AFR,Africa,YEAR,2024,TOBACCO_INDICATOR,TOBACCO_INDICATOR_R_afford_inflation_adjusted_price_lcu,,,,,,,134,134,,,,2025-08-18T14:33:28Z,2024,2024-01-01,2024-12-31
2725382,TOBACCO_MPOWER_R_INFLATIONADJUSTEDPRICES,COUNTRY,GNQ,AFR,Africa,YEAR,2020,TOBACCO_INDICATOR,TOBACCO_INDICATOR_R_afford_inflation_adjusted_price_lcu,,,,,,,553.98,553.98,,,,2025-08-18T14:33:28Z,2020,2020-01-01,2020-12-31
2727781,TOBACCO_MPOWER_R_INFLATIONADJUSTEDPRICES,COUNTRY,BRB,AMR,Americas,YEAR,2018,TOBACCO_INDICATOR,TOBACCO_INDICATOR_R_afford_inflation_adjusted_price_lcu,,,,,,,16.63,16.63,,,,2025-08-18T14:33:28Z,2018,2018-01-01,2018-12-31
2727783,TOBACCO_MPOWER_R_INFLATIONADJUSTEDPRICES,COUNTRY,IRQ,EMR,Eastern Mediterranean,YEAR,2016,TOBACCO_INDICATOR,TOBACCO_INDICATOR_R_afford_inflation_adjusted_price_lcu,,,,,,,601.75,601.75,,,,2025-08-18T14:33:28Z,2016,2016-01-01,2016-12-31
2734557,TOBACCO_MPOWER_R_INFLATIONADJUSTEDPRICES,COUNTRY,CHL,AMR,Americas,YEAR,2010,TOBACCO_INDICATOR,TOBACCO_INDICATOR_R_afford_inflation_adjusted_price_ppp,,,,,,,4.99,4.99,,,,2025-08-18T14:33:28Z,2010,2010-01-01,2010-12-31
2738539,TOBACCO_MPOWER_R_INFLATIONADJUSTEDPRICES,COUNTRY,PNG,WPR,Western Pacific,YEAR,2018,TOBACCO_INDICATOR,TOBACCO_INDICATOR_R_afford_inflation_adjusted_price_lcu,,,,,,,22.93,22.93,,,,2025-08-18T14:33:28Z,2018,2018-01-01,2018-12-31
2740769,TOBACCO_MPOWER_R_INFLATIONADJUSTEDPRICES,COUNTRY,MLI,AFR,Africa,YEAR,2014,TOBACCO_INDICATOR,TOBACCO_INDICATOR_R_afford_inflation_adjusted_price_lcu,,,,,,,850.68,850.68,,,,2025-08-18T14:33:28Z,2014,2014-01-01,2014-12-31
2742716,TOBACCO_MPOWER_R_INFLATIONADJUSTEDPRICES,COUNTRY,ZAF,AFR,Africa,YEAR,2022,TOBACCO_INDICATOR,TOBACCO_INDICATOR_R_afford_inflation_adjusted_price_ppp,,,,,,,6.25,6.25,,,,2025-08-18T14:33:28Z,2022,2022-01-01,2022-12-31
2749302,TOBACCO_MPOWER_R_INFLATIONADJUSTEDPRICES,COUNTRY,AND,EUR,Europe,YEAR,2020,TOBACCO_INDICATOR,TOBACCO_INDICATOR_R_afford_inflation_adjusted_price_lcu,,,,,,,4.28,4.28,,,,2025-08-18T14:33:28Z,2020,2020-01-01,2020-12-31
2752882,TOBACCO_MPOWER_R_INFLATIONADJUSTEDPRICES,COUNTRY,LBY,EMR,Eastern Mediterranean,YEAR,2008,TOBACCO_INDICATOR,TOBACCO_INDICATOR_R_afford_inflation_adjusted_price_ppp,,,,,,,1.93,1.93,,,,2025-08-18T14:33:28Z,2008,2008-01-01,2008-12-31
2753304,TOBACCO_MPOWER_R_INFLATIONADJUSTEDPRICES,COUNTRY,BHS,AMR,Americas,YEAR,2016,TOBACCO_INDICATOR,TOBACCO_INDICATOR_R_afford_inflation_adjusted_price_lcu,,,,,,,10.71,10.71,,,,2025-08-18T14:33:28Z,2016,2016-01-01,2016-12-31
2755100,TOBACCO_MPOWER_R_INFLATIONADJUSTEDPRICES,COUNTRY,BDI,AFR,Africa,YEAR,2012,TOBACCO_INDICATOR,TOBACCO_INDICATOR_R_afford_inflation_adjusted_price_lcu,,,,,,,2372.82,2372.82,,,,2025-08-18T14:33:28Z,2012,2012-01-01,2012-12-31
2760280,TOBACCO_MPOWER_R_INFLATIONADJUSTEDPRICES,COUNTRY,RUS,EUR,Europe,YEAR,2010,TOBACCO_INDICATOR,TOBACCO_INDICATOR_R_afford_inflation_adjusted_price_ppp,,,,,,,2.77,2.77,,,,2025-08-18T14:33:28Z,2010,2010-01-01,2010-12-31
2761924,TOBACCO_MPOWER_R_INFLATIONADJUSTEDPRICES,COUNTRY,PRT,EUR,Europe,YEAR,2016,TOBACCO_INDICATOR,TOBACCO_INDICATOR_R_afford_inflation_adjusted_price_lcu,,,,,,,5.83,5.83,,,,2025-08-18T14:33:28Z,2016,2016-01-01,2016-12-31
2765335,TOBACCO_MPOWER_R_INFLATIONADJUSTEDPRICES,COUNTRY,GHA,AFR,Africa,YEAR,2018,TOBACCO_INDICATOR,TOBACCO_INDICATOR_R_afford_inflation_adjusted_price_ppp,,,,,,,3.43,3.43,,,,2025-08-18T14:33:28Z,2018,2018-01-01,2018-12-31
2765865,TOBACCO_MPOWER_R_INFLATIONADJUSTEDPRICES,COUNTRY,LBN,EMR,Eastern Mediterranean,YEAR,2016,TOBACCO_INDICATOR,TOBACCO_INDICATOR_R_afford_inflation_adjusted_price_lcu,,,,,,,220 914,220914.05,,,,2025-08-18T14:33:28Z,2016,2016-01-01,2016-12-31
2768168,TOBACCO_MPOWER_R_INFLATIONADJUSTEDPRICES,COUNTRY,MLI,AFR,Africa,YEAR,2020,TOBACCO_INDICATOR,TOBACCO_INDICATOR_R_afford_inflation_adjusted_price_ppp,,,,,,,4.81,4.81,,,,2025-08-18T14:33:28Z,2020,2020-01-01,2020-12-31
2771597,TOBACCO_MPOWER_R_INFLATIONADJUSTEDPRICES,COUNTRY,ERI,AFR,Africa,YEAR,2012,TOBACCO_INDICATOR,TOBACCO_INDICATOR_R_afford_inflation_adjusted_price_lcu,,,,,,,. . .,,,,,2025-08-18T14:33:28Z,2012,2012-01-01,2012-12-31
2778158,TOBACCO_MPOWER_R_INFLATIONADJUSTEDPRICES,COUNTRY,NIU,WPR,Western Pacific,YEAR,2010,TOBACCO_INDICATOR,TOBACCO_INDICATOR_R_afford_inflation_adjusted_price_ppp,,,,,,,. . .,,,,,2025-08-18T14:33:28Z,2010,2010-01-01,2010-12-31
2786662,TOBACCO_MPOWER_R_INFLATIONADJUSTEDPRICES,COUNTRY,TUV,WPR,Western Pacific,YEAR,2010,TOBACCO_INDICATOR,TOBACCO_INDICATOR_R_afford_inflation_adjusted_price_lcu,,,,,,,9.77,9.77,,,,2025-08-18T14:33:28Z,2010,2010-01-01,2010-12-31
2788278,TOBACCO_MPOWER_R_INFLATIONADJUSTEDPRICES,COUNTRY,BRA,AMR,Americas,YEAR,2020,TOBACCO_INDICATOR,TOBACCO_INDICATOR_R_afford_inflation_adjusted_price_lcu,,,,,,,6.78,6.78,,,,2025-08-18T14:33:28Z,2020,2020-01-01,2020-12-31
2790135,TOBACCO_MPOWER_R_INFLATIONADJUSTEDPRICES,COUNTRY,PRK,SEAR,South-East Asia,YEAR,2022,TOBACCO_INDICATOR,TOBACCO_INDICATOR_R_afford_inflation_adjusted_price_lcu,,,,,,,. . .,,,,,2025-08-18T14:33:28Z,2022,2022-01-01,2022-12-31
2790543,TOBACCO_MPOWER_R_INFLATIONADJUSTEDPRICES,COUNTRY,COD,AFR,Africa,YEAR,2012,TOBACCO_INDICATOR,TOBACCO_INDICATOR_R_afford_inflation_adjusted_price_ppp,,,,,,,2.41,2.41,,,,2025-08-18T14:33:28Z,2012,2012-01-01,2012-12-31
2791298,TOBACCO_MPOWER_R_INFLATIONADJUSTEDPRICES,COUNTRY,OMN,EMR,Eastern Mediterranean,YEAR,2010,TOBACCO_INDICATOR,TOBACCO_INDICATOR_R_afford_inflation_adjusted_price_lcu,,,,,,,0.78,0.78,,,,2025-08-18T14:33:28Z,2010,2010-01-01,2010-12-31
2792985,TOBACCO_MPOWER_R_INFLATIONADJUSTEDPRICES,COUNTRY,SLB,WPR,Western Pacific,YEAR,2008,TOBACCO_INDICATOR,TOBACCO_INDICATOR_R_afford_inflation_adjusted_price_ppp,,,,,,,. . .,,,,,2025-08-18T14:33:28Z,2008,2008-01-01,2008-12-31
2793075,TOBACCO_MPOWER_R_INFLATIONADJUSTEDPRICES,COUNTRY,IRN,EMR,Eastern Mediterranean,YEAR,2016,TOBACCO_INDICATOR,TOBACCO_INDICATOR_R_afford_inflation_adjusted_price_ppp,,,,,,,2,2,,,,2025-08-18T14:33:28Z,2016,2016-01-01,2016-12-31
2795341,TOBACCO_MPOWER_R_INFLATIONADJUSTEDPRICES,COUNTRY,COM,AFR,Africa,YEAR,2020,TOBACCO_INDICATOR,TOBACCO_INDICATOR_R_afford_inflation_adjusted_price_ppp,,,,,,,2.4,2.4,,,,2025-08-18T14:33:28Z,2020,2020-01-01,2020-12-31
2800372,TOBACCO_MPOWER_R_INFLATIONADJUSTEDPRICES,COUNTRY,ARM,EUR,Europe,YEAR,2018,TOBACCO_INDICATOR,TOBACCO_INDICATOR_R_afford_inflation_adjusted_price_lcu,,,,,,,831.96,831.96,,,,2025-08-18T14:33:28Z,2018,2018-01-01,2018-12-31
2800951,TOBACCO_MPOWER_R_INFLATIONADJUSTEDPRICES,COUNTRY,UKR,EUR,Europe,YEAR,2020,TOBACCO_INDICATOR,TOBACCO_INDICATOR_R_afford_inflation_adjusted_price_lcu,,,,,,,64.7,64.7,,,,2025-08-18T14:33:28Z,2020,2020-01-01,2020-12-31
2801771,TOBACCO_MPOWER_R_INFLATIONADJUSTEDPRICES,COUNTRY,DNK,EUR,Europe,YEAR,2022,TOBACCO_INDICATOR,TOBACCO_INDICATOR_R_afford_inflation_adjusted_price_ppp,,,,,,,10.81,10.81,,,,2025-08-18T14:33:28Z,2022,2022-01-01,2022-12-31
2803177,TOBACCO_MPOWER_R_INFLATIONADJUSTEDPRICES,COUNTRY,BGD,SEAR,South-East Asia,YEAR,2014,TOBACCO_INDICATOR,TOBACCO_INDICATOR_R_afford_inflation_adjusted_price_ppp,,,,,,,1.55,1.55,,,,2025-08-18T14:33:28Z,2014,2014-01-01,2014-12-31
2803530,TOBACCO_MPOWER_R_INFLATIONADJUSTEDPRICES,COUNTRY,POL,EUR,Europe,YEAR,2014,TOBACCO_INDICATOR,TOBACCO_INDICATOR_R_afford_inflation_adjusted_price_ppp,,,,,,,10.36,10.36,,,,2025-08-18T14:33:28Z,2014,2014-01-01,2014-12-31
2808305,TOBACCO_MPOWER_R_INFLATIONADJUSTEDPRICES,COUNTRY,CHL,AMR,Americas,YEAR,2020,TOBACCO_INDICATOR,TOBACCO_INDICATOR_R_afford_inflation_adjusted_price_lcu,,,,,,,3971.62,3971.62,,,,2025-08-18T14:33:28Z,2020,2020-01-01,2020-12-31
2809355,TOBACCO_MPOWER_R_INFLATIONADJUSTEDPRICES,COUNTRY,LBR,AFR,Africa,YEAR,2012,TOBACCO_INDICATOR,TOBACCO_INDICATOR_R_afford_inflation_adjusted_price_ppp,,,,,,,3.01,3.01,,,,2025-08-18T14:33:28Z,2012,2012-01-01,2012-12-31
2809736,TOBACCO_MPOWER_R_INFLATIONADJUSTEDPRICES,COUNTRY,CPV,AFR,Africa,YEAR,2014,TOBACCO_INDICATOR,TOBACCO_INDICATOR_R_afford_inflation_adjusted_price_ppp,,,,,,,5.02,5.02,,,,2025-08-18T14:33:28Z,2014,2014-01-01,2014-12-31
2813724,TOBACCO_MPOWER_R_INFLATIONADJUSTEDPRICES,COUNTRY,TUN,EMR,Eastern Mediterranean,YEAR,2022,TOBACCO_INDICATOR,TOBACCO_INDICATOR_R_afford_inflation_adjusted_price_lcu,,,,,,,4.8,4.8,,,,2025-08-18T14:33:28Z,2022,2022-01-01,2022-12-31
2813802,TOBACCO_MPOWER_R_INFLATIONADJUSTEDPRICES,COUNTRY,TKM,EUR,Europe,YEAR,2014,TOBACCO_INDICATOR,TOBACCO_INDICATOR_R_afford_inflation_adjusted_price_ppp,,,,,,,9.36,9.36,,,,2025-08-18T14:33:28Z,2014,2014-01-01,2014-12-31
2814082,TOBACCO_MPOWER_R_INFLATIONADJUSTEDPRICES,COUNTRY,PLW,WPR,Western Pacific,YEAR,2020,TOBACCO_INDICATOR,TOBACCO_INDICATOR_R_afford_inflation_adjusted_price_lcu,,,,,,,8.86,8.86,,,,2025-08-18T14:33:28Z,2020,2020-01-01,2020-12-31
2818722,TOBACCO_MPOWER_R_INFLATIONADJUSTEDPRICES,COUNTRY,BEN,AFR,Africa,YEAR,2008,TOBACCO_INDICATOR,TOBACCO_INDICATOR_R_afford_inflation_adjusted_price_lcu,,,,,,,630.25,630.25,,,,2025-08-18T14:33:28Z,2008,2008-01-01,2008-12-31
2823363,TOBACCO_MPOWER_R_INFLATIONADJUSTEDPRICES,COUNTRY,AUT,EUR,Europe,YEAR,2018,TOBACCO_INDICATOR,TOBACCO_INDICATOR_R_afford_inflation_adjusted_price_lcu,,,,,,,7,7,,,,2025-08-18T14:33:28Z,2018,2018-01-01,2018-12-31
2824960,TOBACCO_MPOWER_R_INFLATIONADJUSTEDPRICES,COUNTRY,MUS,AFR,Africa,YEAR,2012,TOBACCO_INDICATOR,TOBACCO_INDICATOR_R_afford_inflation_adjusted_price_lcu,,,,,,,161.71,161.71,,,,2025-08-18T14:33:28Z,2012,2012-01-01,2012-12-31
2827600,TOBACCO_MPOWER_R_INFLATIONADJUSTEDPRICES,COUNTRY,ARM,EUR,Europe,YEAR,2020,TOBACCO_INDICATOR,TOBACCO_INDICATOR_R_afford_inflation_adjusted_price_ppp,,,,,,,5.98,5.98,,,,2025-08-18T14:33:28Z,2020,2020-01-01,2020-12-31
2832176,TOBACCO_MPOWER_R_INFLATIONADJUSTEDPRICES,COUNTRY,ARM,EUR,Europe,YEAR,2010,TOBACCO_INDICATOR,TOBACCO_INDICATOR_R_afford_inflation_adjusted_price_ppp,,,,,,,5.51,5.51,,,,2025-08-18T14:33:28Z,2010,2010-01-01,2010-12-31
2833157,TOBACCO_MPOWER_R_INFLATIONADJUSTEDPRICES,COUNTRY,SUR,AMR,Americas,YEAR,2018,TOBACCO_INDICATOR,TOBACCO_INDICATOR_R_afford_inflation_adjusted_price_lcu,,,,,,,150.45,150.45,,,,2025-08-18T14:33:28Z,2018,2018-01-01,2018-12-31
2833258,TOBACCO_MPOWER_R_INFLATIONADJUSTEDPRICES,COUNTRY,BRN,WPR,Western Pacific,YEAR,2018,TOBACCO_INDICATOR,TOBACCO_INDICATOR_R_afford_inflation_adjusted_price_ppp,,,,,,,. . .,,,,,2025-08-18T14:33:28Z,2018,2018-01-01,2018-12-31
2835374,TOBACCO_MPOWER_R_INFLATIONADJUSTEDPRICES,COUNTRY,BRB,AMR,Americas,YEAR,2024,TOBACCO_INDICATOR,TOBACCO_INDICATOR_R_afford_inflation_adjusted_price_ppp,,,,,,,8.14,8.14,,,,2025-08-18T14:33:28Z,2024,2024-01-01,2024-12-31
2837422,TOBACCO_MPOWER_R_INFLATIONADJUSTEDPRICES,COUNTRY,ZAF,AFR,Africa,YEAR,2010,TOBACCO_INDICATOR,TOBACCO_INDICATOR_R_afford_inflation_adjusted_price_ppp,,,,,,,7.32,7.32,,,,2025-08-18T14:33:28Z,2010,2010-01-01,2010-12-31
2839537,TOBACCO_MPOWER_R_INFLATIONADJUSTEDPRICES,COUNTRY,USA,AMR,Americas,YEAR,2014,TOBACCO_INDICATOR,TOBACCO_INDICATOR_R_afford_inflation_adjusted_price_lcu,,,,,,,8.25,8.25,,,,2025-08-18T14:33:28Z,2014,2014-01-01,2014-12-31
2840279,TOBACCO_MPOWER_R_INFLATIONADJUSTEDPRICES,COUNTRY,BIH,EUR,Europe,YEAR,2020,TOBACCO_INDICATOR,TOBACCO_INDICATOR_R_afford_inflation_adjusted_price_lcu,,,,,,,7.53,7.53,,,,2025-08-18T14:33:28Z,2020,2020-01-01,2020-12-31
2855018,TOBACCO_MPOWER_R_INFLATIONADJUSTEDPRICES,COUNTRY,SYC,AFR,Africa,YEAR,2016,TOBACCO_INDICATOR,TOBACCO_INDICATOR_R_afford_inflation_adjusted_price_lcu,,,,,,,128.98,128.98,,,,2025-08-18T14:33:28Z,2016,2016-01-01,2016-12-31
2856613,TOBACCO_MPOWER_R_INFLATIONADJUSTEDPRICES,COUNTRY,PNG,WPR,Western Pacific,YEAR,2014,TOBACCO_INDICATOR,TOBACCO_INDICATOR_R_afford_inflation_adjusted_price_lcu,,,,,,,24.55,24.55,,,,2025-08-18T14:33:28Z,2014,2014-01-01,2014-12-31
2858417,TOBACCO_MPOWER_R_INFLATIONADJUSTEDPRICES,COUNTRY,DZA,AFR,Africa,YEAR,2014,TOBACCO_INDICATOR,TOBACCO_INDICATOR_R_afford_inflation_adjusted_price_lcu,,,,,,,256.2,256.2,,,,2025-08-18T14:33:28Z,2014,2014-01-01,2014-12-31
2860329,TOBACCO_MPOWER_R_INFLATIONADJUSTEDPRICES,COUNTRY,LTU,EUR,Europe,YEAR,2018,TOBACCO_INDICATOR,TOBACCO_INDICATOR_R_afford_inflation_adjusted_price_ppp,,,,,,,10.48,10.48,,,,2025-08-18T14:33:28Z,2018,2018-01-01,2018-12-31
2863200,TOBACCO_MPOWER_R_INFLATIONADJUSTEDPRICES,COUNTRY,ISR,EUR,Europe,YEAR,2008,TOBACCO_INDICATOR,TOBACCO_INDICATOR_R_afford_inflation_adjusted_price_lcu,,,,,,,24.65,24.65,,,,2025-08-18T14:33:28Z,2008,2008-01-01,2008-12-31
2864473,TOBACCO_MPOWER_R_INFLATIONADJUSTEDPRICES,COUNTRY,BRB,AMR,Americas,YEAR,2018,TOBACCO_INDICATOR,TOBACCO_INDICATOR_R_afford_inflation_adjusted_price_ppp,,,,,,,8.47,8.47,,,,2025-08-18T14:33:28Z,2018,2018-01-01,2018-12-31
2865066,TOBACCO_MPOWER_R_INFLATIONADJUSTEDPRICES,COUNTRY,BHR,EMR,Eastern Mediterranean,YEAR,2020,TOBACCO_INDICATOR,TOBACCO_INDICATOR_R_afford_inflation_adjusted_price_ppp,,,,,,,16.3,16.3,,,,2025-08-18T14:33:28Z,2020,2020-01-01,2020-12-31
2866426,TOBACCO_MPOWER_R_INFLATIONADJUSTEDPRICES,COUNTRY,BEN,AFR,Africa,YEAR,2012,TOBACCO_INDICATOR,TOBACCO_INDICATOR_R_afford_inflation_adjusted_price_lcu,,,,,,,557.45,557.45,,,,2025-08-18T14:33:28Z,2012,2012-01-01,2012-12-31
2875322,TOBACCO_MPOWER_R_INFLATIONADJUSTEDPRICES,COUNTRY,PSE,EMR,Eastern Mediterranean,YEAR,2014,TOBACCO_INDICATOR,TOBACCO_INDICATOR_R_afford_inflation_adjusted_price_ppp,,,,,,,13.34,13.34,,,,2025-08-18T14:33:28Z,2014,2014-01-01,2014-12-31
2875743,TOBACCO_MPOWER_R_INFLATIONADJUSTEDPRICES,COUNTRY,NIU,WPR,Western Pacific,YEAR,2008,TOBACCO_INDICATOR,TOBACCO_INDICATOR_R_afford_inflation_adjusted_price_ppp,,,,,,,. . .,,,,,2025-08-18T14:33:28Z,2008,2008-01-01,2008-12-31
2875912,TOBACCO_MPOWER_R_INFLATIONADJUSTEDPRICES,COUNTRY,TTO,AMR,Americas,YEAR,2008,TOBACCO_INDICATOR,TOBACCO_INDICATOR_R_afford_inflation_adjusted_price_ppp,,,,,,,4.05,4.05,,,,2025-08-18T14:33:28Z,2008,2008-01-01,2008-12-31
2877637,TOBACCO_MPOWER_R_INFLATIONADJUSTEDPRICES,COUNTRY,NLD,EUR,Europe,YEAR,2012,TOBACCO_INDICATOR,TOBACCO_INDICATOR_R_afford_inflation_adjusted_price_ppp,,,,,,,9.66,9.66,,,,2025-08-18T14:33:28Z,2012,2012-01-01,2012-12-31
2878277,TOBACCO_MPOWER_R_INFLATIONADJUSTEDPRICES,COUNTRY,COK,WPR,Western Pacific,YEAR,2016,TOBACCO_INDICATOR,TOBACCO_INDICATOR_R_afford_inflation_adjusted_price_lcu,,,,,,,. . .,,,,,2025-08-18T14:33:28Z,2016,2016-01-01,2016-12-31
2890419,TOBACCO_MPOWER_R_INFLATIONADJUSTEDPRICES,COUNTRY,PRT,EUR,Europe,YEAR,2008,TOBACCO_INDICATOR,TOBACCO_INDICATOR_R_afford_inflation_adjusted_price_lcu,,,,,,,4.34,4.34,,,,2025-08-18T14:33:28Z,2008,2008-01-01,2008-12-31
2896691,TOBACCO_MPOWER_R_INFLATIONADJUSTEDPRICES,COUNTRY,VEN,AMR,Americas,YEAR,2010,TOBACCO_INDICATOR,TOBACCO_INDICATOR_R_afford_inflation_adjusted_price_ppp,,,,,,,. . .,,,,Data not validated by the national authorities.,2025-08-18T14:33:28Z,2010,2010-01-01,2010-12-31
2897339,TOBACCO_MPOWER_R_INFLATIONADJUSTEDPRICES,COUNTRY,FIN,EUR,Europe,YEAR,2014,TOBACCO_INDICATOR,TOBACCO_INDICATOR_R_afford_inflation_adjusted_price_lcu,,,,,,,6.58,6.58,,,,2025-08-18T14:33:28Z,2014,2014-01-01,2014-12-31
2897483,TOBACCO_MPOWER_R_INFLATIONADJUSTEDPRICES,COUNTRY,MDG,AFR,Africa,YEAR,2012,TOBACCO_INDICATOR,TOBACCO_INDICATOR_R_afford_inflation_adjusted_price_lcu,,,,,,,4491.95,4491.95,,,,2025-08-18T14:33:28Z,2012,2012-01-01,2012-12-31
2898076,TOBACCO_MPOWER_R_INFLATIONADJUSTEDPRICES,COUNTRY,MKD,EUR,Europe,YEAR,2020,TOBACCO_INDICATOR,TOBACCO_INDICATOR_R_afford_inflation_adjusted_price_ppp,,,,,,,6.36,6.36,,,,2025-08-18T14:33:28Z,2020,2020-01-01,2020-12-31
2898761,TOBACCO_MPOWER_R_INFLATIONADJUSTEDPRICES,COUNTRY,ALB,EUR,Europe,YEAR,2018,TOBACCO_INDICATOR,TOBACCO_INDICATOR_R_afford_inflation_adjusted_price_ppp,,,,,,,7.09,7.09,,,,2025-08-18T14:33:28Z,2018,2018-01-01,2018-12-31
2899580,TOBACCO_MPOWER_R_INFLATIONADJUSTEDPRICES,COUNTRY,BRA,AMR,Americas,YEAR,2018,TOBACCO_INDICATOR,TOBACCO_INDICATOR_R_afford_inflation_adjusted_price_lcu,,,,,,,6.92,6.92,,,,2025-08-18T14:33:28Z,2018,2018-01-01,2018-12-31
2900227,TOBACCO_MPOWER_R_INFLATIONADJUSTEDPRICES,COUNTRY,SYC,AFR,Africa,YEAR,2022,TOBACCO_INDICATOR,TOBACCO_INDICATOR_R_afford_inflation_adjusted_price_ppp,,,,,,,17.38,17.38,,,,2025-08-18T14:33:28Z,2022,2022-01-01,2022-12-31
2900255,TOBACCO_MPOWER_R_INFLATIONADJUSTEDPRICES,COUNTRY,LCA,AMR,Americas,YEAR,2022,TOBACCO_INDICATOR,TOBACCO_INDICATOR_R_afford_inflation_adjusted_price_lcu,,,,,,,11.66,11.66,,,,2025-08-18T14:33:28Z,2022,2022-01-01,2022-12-31
2907052,TOBACCO_MPOWER_R_INFLATIONADJUSTEDPRICES,COUNTRY,ZWE,AFR,Africa,YEAR,2020,TOBACCO_INDICATOR,TOBACCO_INDICATOR_R_afford_inflation_adjusted_price_lcu,,,,,,,. . .,,,,,2025-08-18T14:33:28Z,2020,2020-01-01,2020-12-31
2907910,TOBACCO_MPOWER_R_INFLATIONADJUSTEDPRICES,COUNTRY,HTI,AMR,Americas,YEAR,2010,TOBACCO_INDICATOR,TOBACCO_INDICATOR_R_afford_inflation_adjusted_price_lcu,,,,,,,. . .,,,,,2025-08-18T14:33:28Z,2010,2010-01-01,2010-12-31
2910737,TOBACCO_MPOWER_R_INFLATIONADJUSTEDPRICES,COUNTRY,SSD,AFR,Africa,YEAR,2014,TOBACCO_INDICATOR,TOBACCO_INDICATOR_R_afford_inflation_adjusted_price_ppp,,,,,,,. . .,,,,,2025-08-18T14:33:28Z,2014,2014-01-01,2014-12-31
2911533,TOBACCO_MPOWER_R_INFLATIONADJUSTEDPRICES,COUNTRY,BHR,EMR,Eastern Mediterranean,YEAR,2008,TOBACCO_INDICATOR,TOBACCO_INDICATOR_R_afford_inflation_adjusted_price_ppp,,,,,,,4.14,4.14,,,,2025-08-18T14:33:28Z,2008,2008-01-01,2008-12-31
2922262,TOBACCO_MPOWER_R_INFLATIONADJUSTEDPRICES,COUNTRY,LBY,EMR,Eastern Mediterranean,YEAR,2014,TOBACCO_INDICATOR,TOBACCO_INDICATOR_R_afford_inflation_adjusted_price_ppp,,,,,,,4.93,4.93,,,,2025-08-18T14:33:28Z,2014,2014-01-01,2014-12-31
2922324,TOBACCO_MPOWER_R_INFLATIONADJUSTEDPRICES,COUNTRY,ARM,EUR,Europe,YEAR,2012,TOBACCO_INDICATOR,TOBACCO_INDICATOR_R_afford_inflation_adjusted_price_lcu,,,,,,,845.61,845.61,,,,2025-08-18T14:33:28Z,2012,2012-01-01,2012-12-31
2924443,TOBACCO_MPOWER_R_INFLATIONADJUSTEDPRICES,COUNTRY,CHL,AMR,Americas,YEAR,2008,TOBACCO_INDICATOR,TOBACCO_INDICATOR_R_afford_inflation_adjusted_price_ppp,,,,,,,5.06,5.06,,,,2025-08-18T14:33:28Z,2008,2008-01-01,2008-12-31
2926217,TOBACCO_MPOWER_R_INFLATIONADJUSTEDPRICES,COUNTRY,MCO,EUR,Europe,YEAR,2008,TOBACCO_INDICATOR,TOBACCO_INDICATOR_R_afford_inflation_adjusted_price_lcu,,,,,,,. . .,,,,,2025-08-18T14:33:28Z,2008,2008-01-01,2008-12-31
2930830,TOBACCO_MPOWER_R_INFLATIONADJUSTEDPRICES,COUNTRY,TON,WPR,Western Pacific,YEAR,2016,TOBACCO_INDICATOR,TOBACCO_INDICATOR_R_afford_inflation_adjusted_price_lcu,,,,,,,18.09,18.09,,,,2025-08-18T14:33:28Z,2016,2016-01-01,2016-12-31
2931844,TOBACCO_MPOWER_R_INFLATIONADJUSTEDPRICES,COUNTRY,KEN,AFR,Africa,YEAR,2016,TOBACCO_INDICATOR,TOBACCO_INDICATOR_R_afford_inflation_adjusted_price_lcu,,,,,,,209.29,209.29,,,,2025-08-18T14:33:28Z,2016,2016-01-01,2016-12-31
2934082,TOBACCO_MPOWER_R_INFLATIONADJUSTEDPRICES,COUNTRY,GRC,EUR,Europe,YEAR,2008,TOBACCO_INDICATOR,TOBACCO_INDICATOR_R_afford_inflation_adjusted_price_lcu,,,,,,,3.83,3.83,,,,2025-08-18T14:33:28Z,2008,2008-01-01,2008-12-31
2935900,TOBACCO_MPOWER_R_INFLATIONADJUSTEDPRICES,COUNTRY,MHL,WPR,Western Pacific,YEAR,2020,TOBACCO_INDICATOR,TOBACCO_INDICATOR_R_afford_inflation_adjusted_price_ppp,,,,,,,2.84,2.84,,,,2025-08-18T14:33:28Z,2020,2020-01-01,2020-12-31
2938078,TOBACCO_MPOWER_R_INFLATIONADJUSTEDPRICES,COUNTRY,MEX,AMR,Americas,YEAR,2012,TOBACCO_INDICATOR,TOBACCO_INDICATOR_R_afford_inflation_adjusted_price_ppp,,,,,,,7.08,7.08,,,,2025-08-18T14:33:28Z,2012,2012-01-01,2012-12-31
2942233,TOBACCO_MPOWER_R_INFLATIONADJUSTEDPRICES,COUNTRY,POL,EUR,Europe,YEAR,2008,TOBACCO_INDICATOR,TOBACCO_INDICATOR_R_afford_inflation_adjusted_price_lcu,,,,,,,10.05,10.05,,,,2025-08-18T14:33:28Z,2008,2008-01-01,2008-12-31
2943196,TOBACCO_MPOWER_R_INFLATIONADJUSTEDPRICES,COUNTRY,CMR,AFR,Africa,YEAR,2016,TOBACCO_INDICATOR,TOBACCO_INDICATOR_R_afford_inflation_adjusted_price_ppp,,,,,,,2.81,2.81,,,,2025-08-18T14:33:28Z,2016,2016-01-01,2016-12-31
2943676,TOBACCO_MPOWER_R_INFLATIONADJUSTEDPRICES,COUNTRY,MHL,WPR,Western Pacific,YEAR,2014,TOBACCO_INDICATOR,TOBACCO_INDICATOR_R_afford_inflation_adjusted_price_ppp,,,,,,,2.59,2.59,,,,2025-08-18T14:33:28Z,2014,2014-01-01,2014-12-31
2945311,TOBACCO_MPOWER_R_INFLATIONADJUSTEDPRICES,COUNTRY,YEM,EMR,Eastern Mediterranean,YEAR,2016,TOBACCO_INDICATOR,TOBACCO_INDICATOR_R_afford_inflation_adjusted_price_ppp,,,,,,,3.22,3.22,,,,2025-08-18T14:33:28Z,2016,2016-01-01,2016-12-31
2946906,TOBACCO_MPOWER_R_INFLATIONADJUSTEDPRICES,COUNTRY,ARE,EMR,Eastern Mediterranean,YEAR,2018,TOBACCO_INDICATOR,TOBACCO_INDICATOR_R_afford_inflation_adjusted_price_ppp,,,,,,,11.18,11.18,,,,2025-08-18T14:33:28Z,2018,2018-01-01,2018-12-31
3948070,TOBACCO_MPOWER_R_INFLATIONADJUSTEDPRICES,COUNTRY,SWZ,AFR,Africa,YEAR,2014,TOBACCO_INDICATOR,TOBACCO_INDICATOR_R_afford_inflation_adjusted_price_ppp,,,,,,,8.67,8.67,,,,2025-08-18T14:33:28Z,2014,2014-01-01,2014-12-31
3949319,TOBACCO_MPOWER_R_INFLATIONADJUSTEDPRICES,COUNTRY,NAM,AFR,Africa,YEAR,2016,TOBACCO_INDICATOR,TOBACCO_INDICATOR_R_afford_inflation_adjusted_price_ppp,,,,,,,8.97,8.97,,,,2025-08-18T14:33:28Z,2016,2016-01-01,2016-12-31
3953577,TOBACCO_MPOWER_R_INFLATIONADJUSTEDPRICES,COUNTRY,ALB,EUR,Europe,YEAR,2016,TOBACCO_INDICATOR,TOBACCO_INDICATOR_R_afford_inflation_adjusted_price_lcu,,,,,,,287.67,287.67,,,,2025-08-18T14:33:28Z,2016,2016-01-01,2016-12-31
3959631,TOBACCO_MPOWER_R_INFLATIONADJUSTEDPRICES,COUNTRY,BRA,AMR,Americas,YEAR,2024,TOBACCO_INDICATOR,TOBACCO_INDICATOR_R_afford_inflation_adjusted_price_lcu,,,,,,,8.5,8.5,,,,2025-08-18T14:33:28Z,2024,2024-01-01,2024-12-31
3964701,TOBACCO_MPOWER_R_INFLATIONADJUSTEDPRICES,COUNTRY,MDA,EUR,Europe,YEAR,2020,TOBACCO_INDICATOR,TOBACCO_INDICATOR_R_afford_inflation_adjusted_price_lcu,,,,,,,53.02,53.02,,,,2025-08-18T14:33:28Z,2020,2020-01-01,2020-12-31
3965223,TOBACCO_MPOWER_R_INFLATIONADJUSTEDPRICES,COUNTRY,URY,AMR,Americas,YEAR,2020,TOBACCO_INDICATOR,TOBACCO_INDICATOR_R_afford_inflation_adjusted_price_lcu,,,,,,,215.32,215.32,,,,2025-08-18T14:33:28Z,2020,2020-01-01,2020-12-31
3965873,TOBACCO_MPOWER_R_INFLATIONADJUSTEDPRICES,COUNTRY,SOM,EMR,Eastern Mediterranean,YEAR,2014,TOBACCO_INDICATOR,TOBACCO_INDICATOR_R_afford_inflation_adjusted_price_lcu,,,,,,,. . .,,,,,2025-08-18T14:33:28Z,2014,2014-01-01,2014-12-31
3968391,TOBACCO_MPOWER_R_INFLATIONADJUSTEDPRICES,COUNTRY,DJI,EMR,Eastern Mediterranean,YEAR,2016,TOBACCO_INDICATOR,TOBACCO_INDICATOR_R_afford_inflation_adjusted_price_lcu,,,,,,,233.5,233.5,,,,2025-08-18T14:33:28Z,2016,2016-01-01,2016-12-31
3971359,TOBACCO_MPOWER_R_INFLATIONADJUSTEDPRICES,COUNTRY,BEN,AFR,Africa,YEAR,2010,TOBACCO_INDICATOR,TOBACCO_INDICATOR_R_afford_inflation_adjusted_price_lcu,,,,,,,611.31,611.31,,,,2025-08-18T14:33:28Z,2010,2010-01-01,2010-12-31
3971759,TOBACCO_MPOWER_R_INFLATIONADJUSTEDPRICES,COUNTRY,RWA,AFR,Africa,YEAR,2024,TOBACCO_INDICATOR,TOBACCO_INDICATOR_R_afford_inflation_adjusted_price_ppp,,,,,,,4.22,4.22,,,,2025-08-18T14:33:28Z,2024,2024-01-01,2024-12-31
3976806,TOBACCO_MPOWER_R_INFLATIONADJUSTEDPRICES,COUNTRY,CIV,AFR,Africa,YEAR,2022,TOBACCO_INDICATOR,TOBACCO_INDICATOR_R_afford_inflation_adjusted_price_lcu,,,,,,,864.01,864.01,,,,2025-08-18T14:33:28Z,2022,2022-01-01,2022-12-31
3978091,TOBACCO_MPOWER_R_INFLATIONADJUSTEDPRICES,COUNTRY,MDA,EUR,Europe,YEAR,2014,TOBACCO_INDICATOR,TOBACCO_INDICATOR_R_afford_inflation_adjusted_price_lcu,,,,,,,33.73,33.73,,,,2025-08-18T14:33:28Z,2014,2014-01-01,2014-12-31
3979384,TOBACCO_MPOWER_R_INFLATIONADJUSTEDPRICES,COUNTRY,VCT,AMR,Americas,YEAR,2014,TOBACCO_INDICATOR,TOBACCO_INDICATOR_R_afford_inflation_adjusted_price_lcu,,,,,,,7.17,7.17,,,,2025-08-18T14:33:28Z,2014,2014-01-01,2014-12-31
3983946,TOBACCO_MPOWER_R_INFLATIONADJUSTEDPRICES,COUNTRY,FSM,WPR,Western Pacific,YEAR,2018,TOBACCO_INDICATOR,TOBACCO_INDICATOR_R_afford_inflation_adjusted_price_lcu,,,,,,,4.32,4.32,,,,2025-08-18T14:33:28Z,2018,2018-01-01,2018-12-31
3985468,TOBACCO_MPOWER_R_INFLATIONADJUSTEDPRICES,COUNTRY,BEL,EUR,Europe,YEAR,2018,TOBACCO_INDICATOR,TOBACCO_INDICATOR_R_afford_inflation_adjusted_price_ppp,,,,,,,10.76,10.76,,,,2025-08-18T14:33:28Z,2018,2018-01-01,2018-12-31
3985547,TOBACCO_MPOWER_R_INFLATIONADJUSTEDPRICES,COUNTRY,PNG,WPR,Western Pacific,YEAR,2022,TOBACCO_INDICATOR,TOBACCO_INDICATOR_R_afford_inflation_adjusted_price_lcu,,,,,,,20.58,20.58,,,,2025-08-18T14:33:28Z,2022,2022-01-01,2022-12-31
3989266,TOBACCO_MPOWER_R_INFLATIONADJUSTEDPRICES,COUNTRY,PAK,EMR,Eastern Mediterranean,YEAR,2022,TOBACCO_INDICATOR,TOBACCO_INDICATOR_R_afford_inflation_adjusted_price_lcu,,,,,,,175.37,175.37,,,,2025-08-18T14:33:28Z,2022,2022-01-01,2022-12-31
3991612,TOBACCO_MPOWER_R_INFLATIONADJUSTEDPRICES,COUNTRY,PAK,EMR,Eastern Mediterranean,YEAR,2016,TOBACCO_INDICATOR,TOBACCO_INDICATOR_R_afford_inflation_adjusted_price_ppp,,,,,,,2.69,2.69,,,,2025-08-18T14:33:28Z,2016,2016-01-01,2016-12-31
3993281,TOBACCO_MPOWER_R_INFLATIONADJUSTEDPRICES,COUNTRY,TKM,EUR,Europe,YEAR,2020,TOBACCO_INDICATOR,TOBACCO_INDICATOR_R_afford_inflation_adjusted_price_ppp,,,,,,,23.78,23.78,,,,2025-08-18T14:33:28Z,2020,2020-01-01,2020-12-31
3994512,TOBACCO_MPOWER_R_INFLATIONADJUSTEDPRICES,COUNTRY,SWE,EUR,Europe,YEAR,2012,TOBACCO_INDICATOR,TOBACCO_INDICATOR_R_afford_inflation_adjusted_price_lcu,,,,,,,69.29,69.29,,,,2025-08-18T14:33:28Z,2012,2012-01-01,2012-12-31
4011007,TOBACCO_MPOWER_R_INFLATIONADJUSTEDPRICES,COUNTRY,NZL,WPR,Western Pacific,YEAR,2020,TOBACCO_INDICATOR,TOBACCO_INDICATOR_R_afford_inflation_adjusted_price_lcu,,,,,,,36.25,36.25,,,,2025-08-18T14:33:28Z,2020,2020-01-01,2020-12-31
4017637,TOBACCO_MPOWER_R_INFLATIONADJUSTEDPRICES,COUNTRY,SVN,EUR,Europe,YEAR,2020,TOBACCO_INDICATOR,TOBACCO_INDICATOR_R_afford_inflation_adjusted_price_ppp,,,,,,,8.66,8.66,,,,2025-08-18T14:33:28Z,2020,2020-01-01,2020-12-31
4018183,TOBACCO_MPOWER_R_INFLATIONADJUSTEDPRICES,COUNTRY,JPN,WPR,Western Pacific,YEAR,2012,TOBACCO_INDICATOR,TOBACCO_INDICATOR_R_afford_inflation_adjusted_price_ppp,,,,,,,5.16,5.16,,,,2025-08-18T14:33:28Z,2012,2012-01-01,2012-12-31
4022603,TOBACCO_MPOWER_R_INFLATIONADJUSTEDPRICES,COUNTRY,MUS,AFR,Africa,YEAR,2012,TOBACCO_INDICATOR,TOBACCO_INDICATOR_R_afford_inflation_adjusted_price_ppp,,,,,,,8.95,8.95,,,,2025-08-18T14:33:28Z,2012,2012-01-01,2012-12-31
4026037,TOBACCO_MPOWER_R_INFLATIONADJUSTEDPRICES,COUNTRY,NRU,WPR,Western Pacific,YEAR,2008,TOBACCO_INDICATOR,TOBACCO_INDICATOR_R_afford_inflation_adjusted_price_lcu,,,,,,,8.06,8.06,,,,2025-08-18T14:33:28Z,2008,2008-01-01,2008-12-31
4027194,TOBACCO_MPOWER_R_INFLATIONADJUSTEDPRICES,COUNTRY,GBR,EUR,Europe,YEAR,2018,TOBACCO_INDICATOR,TOBACCO_INDICATOR_R_afford_inflation_adjusted_price_ppp,,,,,,,15.07,15.07,,,,2025-08-18T14:33:28Z,2018,2018-01-01,2018-12-31
4028024,TOBACCO_MPOWER_R_INFLATIONADJUSTEDPRICES,COUNTRY,LAO,WPR,Western Pacific,YEAR,2012,TOBACCO_INDICATOR,TOBACCO_INDICATOR_R_afford_inflation_adjusted_price_ppp,,,,,,,3.29,3.29,,,,2025-08-18T14:33:28Z,2012,2012-01-01,2012-12-31
4029720,TOBACCO_MPOWER_R_INFLATIONADJUSTEDPRICES,COUNTRY,AUS,WPR,Western Pacific,YEAR,2008,TOBACCO_INDICATOR,TOBACCO_INDICATOR_R_afford_inflation_adjusted_price_ppp,,,,,,,9.67,9.67,,,,2025-08-18T14:33:28Z,2008,2008-01-01,2008-12-31
4030278,TOBACCO_MPOWER_R_INFLATIONADJUSTEDPRICES,COUNTRY,BLR,EUR,Europe,YEAR,2024,TOBACCO_INDICATOR,TOBACCO_INDICATOR_R_afford_inflation_adjusted_price_ppp,,,,,,,4.56,4.56,,,,2025-08-18T14:33:28Z,2024,2024-01-01,2024-12-31
4032042,TOBACCO_MPOWER_R_INFLATIONADJUSTEDPRICES,COUNTRY,NZL,WPR,Western Pacific,YEAR,2024,TOBACCO_INDICATOR,TOBACCO_INDICATOR_R_afford_inflation_adjusted_price_lcu,,,,,,,38.5,38.5,,,,2025-08-18T14:33:28Z,2024,2024-01-01,2024-12-31
4033166,TOBACCO_MPOWER_R_INFLATIONADJUSTEDPRICES,COUNTRY,SVN,EUR,Europe,YEAR,2008,TOBACCO_INDICATOR,TOBACCO_INDICATOR_R_afford_inflation_adjusted_price_lcu,,,,,,,3.05,3.05,,,,2025-08-18T14:33:28Z,2008,2008-01-01,2008-12-31
4037986,TOBACCO_MPOWER_R_INFLATIONADJUSTEDPRICES,COUNTRY,SLV,AMR,Americas,YEAR,2020,TOBACCO_INDICATOR,TOBACCO_INDICATOR_R_afford_inflation_adjusted_price_lcu,,,,,,,3.69,3.69,,,,2025-08-18T14:33:28Z,2020,2020-01-01,2020-12-31
4039208,TOBACCO_MPOWER_R_INFLATIONADJUSTEDPRICES,COUNTRY,SSD,AFR,Africa,YEAR,2022,TOBACCO_INDICATOR,TOBACCO_INDICATOR_R_afford_inflation_adjusted_price_ppp,,,,,,,2.75,2.75,,,,2025-08-18T14:33:28Z,2022,2022-01-01,2022-12-31
4039211,TOBACCO_MPOWER_R_INFLATIONADJUSTEDPRICES,COUNTRY,THA,SEAR,South-East Asia,YEAR,2020,TOBACCO_INDICATOR,TOBACCO_INDICATOR_R_afford_inflation_adjusted_price_lcu,,,,,,,65.48,65.48,,,,2025-08-18T14:33:28Z,2020,2020-01-01,2020-12-31
4042164,TOBACCO_MPOWER_R_INFLATIONADJUSTEDPRICES,COUNTRY,ROU,EUR,Europe,YEAR,2014,TOBACCO_INDICATOR,TOBACCO_INDICATOR_R_afford_inflation_adjusted_price_lcu,,,,,,,22.34,22.34,,,,2025-08-18T14:33:28Z,2014,2014-01-01,2014-12-31
4042286,TOBACCO_MPOWER_R_INFLATIONADJUSTEDPRICES,COUNTRY,HTI,AMR,Americas,YEAR,2018,TOBACCO_INDICATOR,TOBACCO_INDICATOR_R_afford_inflation_adjusted_price_ppp,,,,,,,. . .,,,,,2025-08-18T14:33:28Z,2018,2018-01-01,2018-12-31
4048402,TOBACCO_MPOWER_R_INFLATIONADJUSTEDPRICES,COUNTRY,FSM,WPR,Western Pacific,YEAR,2014,TOBACCO_INDICATOR,TOBACCO_INDICATOR_R_afford_inflation_adjusted_price_lcu,,,,,,,2.62,2.62,,,,2025-08-18T14:33:28Z,2014,2014-01-01,2014-12-31
4054442,TOBACCO_MPOWER_R_INFLATIONADJUSTEDPRICES,COUNTRY,BLZ,AMR,Americas,YEAR,2014,TOBACCO_INDICATOR,TOBACCO_INDICATOR_R_afford_inflation_adjusted_price_ppp,,,,,,,5.03,5.03,,,,2025-08-18T14:33:28Z,2014,2014-01-01,2014-12-31
4059648,TOBACCO_MPOWER_R_INFLATIONADJUSTEDPRICES,COUNTRY,SLV,AMR,Americas,YEAR,2012,TOBACCO_INDICATOR,TOBACCO_INDICATOR_R_afford_inflation_adjusted_price_lcu,,,,,,,2.36,2.36,,,,2025-08-18T14:33:28Z,2012,2012-01-01,2012-12-31
4065050,TOBACCO_MPOWER_R_INFLATIONADJUSTEDPRICES,COUNTRY,ISL,EUR,Europe,YEAR,2020,TOBACCO_INDICATOR,TOBACCO_INDICATOR_R_afford_inflation_adjusted_price_ppp,,,,,,,12.26,12.26,,,,2025-08-18T14:33:28Z,2020,2020-01-01,2020-12-31
4068066,TOBACCO_MPOWER_R_INFLATIONADJUSTEDPRICES,COUNTRY,DNK,EUR,Europe,YEAR,2010,TOBACCO_INDICATOR,TOBACCO_INDICATOR_R_afford_inflation_adjusted_price_lcu,,,,,,,46.83,46.83,,,,2025-08-18T14:33:28Z,2010,2010-01-01,2010-12-31
4077182,TOBACCO_MPOWER_R_INFLATIONADJUSTEDPRICES,COUNTRY,JAM,AMR,Americas,YEAR,2024,TOBACCO_INDICATOR,TOBACCO_INDICATOR_R_afford_inflation_adjusted_price_lcu,,,,,,,1463,1463,,,Data not validated by the national authorities.,2025-08-18T14:33:28Z,2024,2024-01-01,2024-12-31
4087811,TOBACCO_MPOWER_R_INFLATIONADJUSTEDPRICES,COUNTRY,SUR,AMR,Americas,YEAR,2008,TOBACCO_INDICATOR,TOBACCO_INDICATOR_R_afford_inflation_adjusted_price_ppp,,,,,,,5.68,5.68,,,,2025-08-18T14:33:28Z,2008,2008-01-01,2008-12-31
4094829,TOBACCO_MPOWER_R_INFLATIONADJUSTEDPRICES,COUNTRY,CRI,AMR,Americas,YEAR,2024,TOBACCO_INDICATOR,TOBACCO_INDICATOR_R_afford_inflation_adjusted_price_lcu,,,,,,,2400,2400,,,,2025-08-18T14:33:28Z,2024,2024-01-01,2024-12-31
4095654,TOBACCO_MPOWER_R_INFLATIONADJUSTEDPRICES,COUNTRY,PAN,AMR,Americas,YEAR,2010,TOBACCO_INDICATOR,TOBACCO_INDICATOR_R_afford_inflation_adjusted_price_lcu,,,,,,,4.18,4.18,,,,2025-08-18T14:33:28Z,2010,2010-01-01,2010-12-31
4099239,TOBACCO_MPOWER_R_INFLATIONADJUSTEDPRICES,COUNTRY,EST,EUR,Europe,YEAR,2010,TOBACCO_INDICATOR,TOBACCO_INDICATOR_R_afford_inflation_adjusted_price_ppp,,,,,,,5.07,5.07,,,,2025-08-18T14:33:28Z,2010,2010-01-01,2010-12-31
4099327,TOBACCO_MPOWER_R_INFLATIONADJUSTEDPRICES,COUNTRY,COD,AFR,Africa,YEAR,2024,TOBACCO_INDICATOR,TOBACCO_INDICATOR_R_afford_inflation_adjusted_price_ppp,,,,,,,1.4,1.4,,,,2025-08-18T14:33:28Z,2024,2024-01-01,2024-12-31
4104025,TOBACCO_MPOWER_R_INFLATIONADJUSTEDPRICES,COUNTRY,LAO,WPR,Western Pacific,YEAR,2012,TOBACCO_INDICATOR,TOBACCO_INDICATOR_R_afford_inflation_adjusted_price_lcu,,,,,,,15 749,15749.33,,,,2025-08-18T14:33:28Z,2012,2012-01-01,2012-12-31
4104239,TOBACCO_MPOWER_R_INFLATIONADJUSTEDPRICES,COUNTRY,VUT,WPR,Western Pacific,YEAR,2016,TOBACCO_INDICATOR,TOBACCO_INDICATOR_R_afford_inflation_adjusted_price_lcu,,,,,,,1039.97,1039.97,,,,2025-08-18T14:33:28Z,2016,2016-01-01,2016-12-31
4105208,TOBACCO_MPOWER_R_INFLATIONADJUSTEDPRICES,COUNTRY,AUT,EUR,Europe,YEAR,2022,TOBACCO_INDICATOR,TOBACCO_INDICATOR_R_afford_inflation_adjusted_price_lcu,,,,,,,6.65,6.65,,,,2025-08-18T14:33:28Z,2022,2022-01-01,2022-12-31
4115256,TOBACCO_MPOWER_R_INFLATIONADJUSTEDPRICES,COUNTRY,NLD,EUR,Europe,YEAR,2016,TOBACCO_INDICATOR,TOBACCO_INDICATOR_R_afford_inflation_adjusted_price_lcu,,,,,,,8.74,8.74,,,,2025-08-18T14:33:28Z,2016,2016-01-01,2016-12-31
4118099,TOBACCO_MPOWER_R_INFLATIONADJUSTEDPRICES,COUNTRY,TJK,EUR,Europe,YEAR,2016,TOBACCO_INDICATOR,TOBACCO_INDICATOR_R_afford_inflation_adjusted_price_ppp,,,,,,,3.3,3.3,,,,2025-08-18T14:33:28Z,2016,2016-01-01,2016-12-31
4120825,TOBACCO_MPOWER_R_INFLATIONADJUSTEDPRICES,COUNTRY,NAM,AFR,Africa,YEAR,2022,TOBACCO_INDICATOR,TOBACCO_INDICATOR_R_afford_inflation_adjusted_price_ppp,,,,,,,8.03,8.03,,,,2025-08-18T14:33:28Z,2022,2022-01-01,2022-12-31
4123089,TOBACCO_MPOWER_R_INFLATIONADJUSTEDPRICES,COUNTRY,ISL,EUR,Europe,YEAR,2010,TOBACCO_INDICATOR,TOBACCO_INDICATOR_R_afford_inflation_adjusted_price_ppp,,,,,,,10.42,10.42,,,,2025-08-18T14:33:28Z,2010,2010-01-01,2010-12-31
4126337,TOBACCO_MPOWER_R_INFLATIONADJUSTEDPRICES,COUNTRY,KGZ,EUR,Europe,YEAR,2010,TOBACCO_INDICATOR,TOBACCO_INDICATOR_R_afford_inflation_adjusted_price_ppp,,,,,,,3.03,3.03,,,,2025-08-18T14:33:28Z,2010,2010-01-01,2010-12-31
4129669,TOBACCO_MPOWER_R_INFLATIONADJUSTEDPRICES,COUNTRY,MNE,EUR,Europe,YEAR,2016,TOBACCO_INDICATOR,TOBACCO_INDICATOR_R_afford_inflation_adjusted_price_lcu,,,,,,,2.32,2.32,,,,2025-08-18T14:33:28Z,2016,2016-01-01,2016-12-31
4132606,TOBACCO_MPOWER_R_INFLATIONADJUSTEDPRICES,COUNTRY,BHR,EMR,Eastern Mediterranean,YEAR,2018,TOBACCO_INDICATOR,TOBACCO_INDICATOR_R_afford_inflation_adjusted_price_lcu,,,,,,,2.05,2.05,,,,2025-08-18T14:33:28Z,2018,2018-01-01,2018-12-31
4133663,TOBACCO_MPOWER_R_INFLATIONADJUSTEDPRICES,COUNTRY,NER,AFR,Africa,YEAR,2020,TOBACCO_INDICATOR,TOBACCO_INDICATOR_R_afford_inflation_adjusted_price_lcu,,,,,,,612.07,612.07,,,,2025-08-18T14:33:28Z,2020,2020-01-01,2020-12-31
4134679,TOBACCO_MPOWER_R_INFLATIONADJUSTEDPRICES,COUNTRY,DOM,AMR,Americas,YEAR,2016,TOBACCO_INDICATOR,TOBACCO_INDICATOR_R_afford_inflation_adjusted_price_ppp,,,,,,,9.57,9.57,,,,2025-08-18T14:33:28Z,2016,2016-01-01,2016-12-31
4135250,TOBACCO_MPOWER_R_INFLATIONADJUSTEDPRICES,COUNTRY,LTU,EUR,Europe,YEAR,2016,TOBACCO_INDICATOR,TOBACCO_INDICATOR_R_afford_inflation_adjusted_price_ppp,,,,,,,9.36,9.36,,,,2025-08-18T14:33:28Z,2016,2016-01-01,2016-12-31
4140741,TOBACCO_MPOWER_R_INFLATIONADJUSTEDPRICES,COUNTRY,ALB,EUR,Europe,YEAR,2016,TOBACCO_INDICATOR,TOBACCO_INDICATOR_R_afford_inflation_adjusted_price_ppp,,,,,,,7.09,7.09,,,,2025-08-18T14:33:28Z,2016,2016-01-01,2016-12-31
4141369,TOBACCO_MPOWER_R_INFLATIONADJUSTEDPRICES,COUNTRY,SRB,EUR,Europe,YEAR,2008,TOBACCO_INDICATOR,TOBACCO_INDICATOR_R_afford_inflation_adjusted_price_ppp,,,,,,,3.49,3.49,,,,2025-08-18T14:33:28Z,2008,2008-01-01,2008-12-31
4141939,TOBACCO_MPOWER_R_INFLATIONADJUSTEDPRICES,COUNTRY,IRL,EUR,Europe,YEAR,2010,TOBACCO_INDICATOR,TOBACCO_INDICATOR_R_afford_inflation_adjusted_price_ppp,,,,,,,16.29,16.29,,,,2025-08-18T14:33:28Z,2010,2010-01-01,2010-12-31
4145103,TOBACCO_MPOWER_R_INFLATIONADJUSTEDPRICES,COUNTRY,IRQ,EMR,Eastern Mediterranean,YEAR,2020,TOBACCO_INDICATOR,TOBACCO_INDICATOR_R_afford_inflation_adjusted_price_ppp,,,,,,,1.25,1.25,,,,2025-08-18T14:33:28Z,2020,2020-01-01,2020-12-31
4147943,TOBACCO_MPOWER_R_INFLATIONADJUSTEDPRICES,COUNTRY,CHN,WPR,Western Pacific,YEAR,2024,TOBACCO_INDICATOR,TOBACCO_INDICATOR_R_afford_inflation_adjusted_price_ppp,,,,,,,5.09,5.09,,,,2025-08-18T14:33:28Z,2024,2024-01-01,2024-12-31
4149191,TOBACCO_MPOWER_R_INFLATIONADJUSTEDPRICES,COUNTRY,LKA,SEAR,South-East Asia,YEAR,2010,TOBACCO_INDICATOR,TOBACCO_INDICATOR_R_afford_inflation_adjusted_price_ppp,,,,,,,14.17,14.17,,,,2025-08-18T14:33:28Z,2010,2010-01-01,2010-12-31
4152907,TOBACCO_MPOWER_R_INFLATIONADJUSTEDPRICES,COUNTRY,CAF,AFR,Africa,YEAR,2024,TOBACCO_INDICATOR,TOBACCO_INDICATOR_R_afford_inflation_adjusted_price_ppp,,,,,,,2.02,2.02,,,,2025-08-18T14:33:28Z,2024,2024-01-01,2024-12-31
4155432,TOBACCO_MPOWER_R_INFLATIONADJUSTEDPRICES,COUNTRY,MDV,SEAR,South-East Asia,YEAR,2012,TOBACCO_INDICATOR,TOBACCO_INDICATOR_R_afford_inflation_adjusted_price_ppp,,,,,,,7.04,7.04,,,,2025-08-18T14:33:28Z,2012,2012-01-01,2012-12-31
4159093,TOBACCO_MPOWER_R_INFLATIONADJUSTEDPRICES,COUNTRY,HRV,EUR,Europe,YEAR,2014,TOBACCO_INDICATOR,TOBACCO_INDICATOR_R_afford_inflation_adjusted_price_ppp,,,,,,,8.6,8.6,,,,2025-08-18T14:33:28Z,2014,2014-01-01,2014-12-31
4159332,TOBACCO_MPOWER_R_INFLATIONADJUSTEDPRICES,COUNTRY,UZB,EUR,Europe,YEAR,2012,TOBACCO_INDICATOR,TOBACCO_INDICATOR_R_afford_inflation_adjusted_price_lcu,,,,,,,6298.31,6298.31,,,,2025-08-18T14:33:28Z,2012,2012-01-01,2012-12-31
4170626,TOBACCO_MPOWER_R_INFLATIONADJUSTEDPRICES,COUNTRY,ARE,EMR,Eastern Mediterranean,YEAR,2012,TOBACCO_INDICATOR,TOBACCO_INDICATOR_R_afford_inflation_adjusted_price_ppp,,,,,,,3.64,3.64,,,,2025-08-18T14:33:28Z,2012,2012-01-01,2012-12-31
4174426,TOBACCO_MPOWER_R_INFLATIONADJUSTEDPRICES,COUNTRY,NGA,AFR,Africa,YEAR,2020,TOBACCO_INDICATOR,TOBACCO_INDICATOR_R_afford_inflation_adjusted_price_ppp,,,,,,,3.6,3.6,,,,2025-08-18T14:33:28Z,2020,2020-01-01,2020-12-31
4184324,TOBACCO_MPOWER_R_INFLATIONADJUSTEDPRICES,COUNTRY,AUT,EUR,Europe,YEAR,2010,TOBACCO_INDICATOR,TOBACCO_INDICATOR_R_afford_inflation_adjusted_price_ppp,,,,,,,7.55,7.55,,,,2025-08-18T14:33:28Z,2010,2010-01-01,2010-12-31
4185382,TOBACCO_MPOWER_R_INFLATIONADJUSTEDPRICES,COUNTRY,FRA,EUR,Europe,YEAR,2014,TOBACCO_INDICATOR,TOBACCO_INDICATOR_R_afford_inflation_adjusted_price_ppp,,,,,,,11.88,11.88,,,,2025-08-18T14:33:28Z,2014,2014-01-01,2014-12-31
4185893,TOBACCO_MPOWER_R_INFLATIONADJUSTEDPRICES,COUNTRY,STP,AFR,Africa,YEAR,2020,TOBACCO_INDICATOR,TOBACCO_INDICATOR_R_afford_inflation_adjusted_price_ppp,,,,,,,3.98,3.98,,,,2025-08-18T14:33:28Z,2020,2020-01-01,2020-12-31
4187829,TOBACCO_MPOWER_R_INFLATIONADJUSTEDPRICES,COUNTRY,LKA,SEAR,South-East Asia,YEAR,2014,TOBACCO_INDICATOR,TOBACCO_INDICATOR_R_afford_inflation_adjusted_price_ppp,,,,,,,17.83,17.83,,,,2025-08-18T14:33:28Z,2014,2014-01-01,2014-12-31
4190581,TOBACCO_MPOWER_R_INFLATIONADJUSTEDPRICES,COUNTRY,KHM,WPR,Western Pacific,YEAR,2014,TOBACCO_INDICATOR,TOBACCO_INDICATOR_R_afford_inflation_adjusted_price_ppp,,,,,,,1.68,1.68,,,,2025-08-18T14:33:28Z,2014,2014-01-01,2014-12-31
4191836,TOBACCO_MPOWER_R_INFLATIONADJUSTEDPRICES,COUNTRY,JOR,EMR,Eastern Mediterranean,YEAR,2020,TOBACCO_INDICATOR,TOBACCO_INDICATOR_R_afford_inflation_adjusted_price_lcu,,,,,,,2.43,2.43,,,,2025-08-18T14:33:28Z,2020,2020-01-01,2020-12-31
4193740,TOBACCO_MPOWER_R_INFLATIONADJUSTEDPRICES,COUNTRY,SRB,EUR,Europe,YEAR,2010,TOBACCO_INDICATOR,TOBACCO_INDICATOR_R_afford_inflation_adjusted_price_lcu,,,,,,,150.39,150.39,,,,2025-08-18T14:33:28Z,2010,2010-01-01,2010-12-31
4200404,TOBACCO_MPOWER_R_INFLATIONADJUSTEDPRICES,COUNTRY,TJK,EUR,Europe,YEAR,2024,TOBACCO_INDICATOR,TOBACCO_INDICATOR_R_afford_inflation_adjusted_price_lcu,,,,,,,13,13,,,,2025-08-18T14:33:28Z,2024,2024-01-01,2024-12-31
4202418,TOBACCO_MPOWER_R_INFLATIONADJUSTEDPRICES,COUNTRY,GAB,AFR,Africa,YEAR,2022,TOBACCO_INDICATOR,TOBACCO_INDICATOR_R_afford_inflation_adjusted_price_ppp,,,,,,,4.09,4.09,,,,2025-08-18T14:33:28Z,2022,2022-01-01,2022-12-31
4205321,TOBACCO_MPOWER_R_INFLATIONADJUSTEDPRICES,COUNTRY,GRD,AMR,Americas,YEAR,2022,TOBACCO_INDICATOR,TOBACCO_INDICATOR_R_afford_inflation_adjusted_price_ppp,,,,,,,5.29,5.29,,,,2025-08-18T14:33:28Z,2022,2022-01-01,2022-12-31
4208468,TOBACCO_MPOWER_R_INFLATIONADJUSTEDPRICES,COUNTRY,CMR,AFR,Africa,YEAR,2022,TOBACCO_INDICATOR,TOBACCO_INDICATOR_R_afford_inflation_adjusted_price_lcu,,,,,,,785.59,785.59,,,,2025-08-18T14:33:28Z,2022,2022-01-01,2022-12-31
4210629,TOBACCO_MPOWER_R_INFLATIONADJUSTEDPRICES,COUNTRY,VUT,WPR,Western Pacific,YEAR,2022,TOBACCO_INDICATOR,TOBACCO_INDICATOR_R_afford_inflation_adjusted_price_lcu,,,,,,,984.89,984.89,,,,2025-08-18T14:33:28Z,2022,2022-01-01,2022-12-31
4213733,TOBACCO_MPOWER_R_INFLATIONADJUSTEDPRICES,COUNTRY,MUS,AFR,Africa,YEAR,2010,TOBACCO_INDICATOR,TOBACCO_INDICATOR_R_afford_inflation_adjusted_price_lcu,,,,,,,127.8,127.8,,,,2025-08-18T14:33:28Z,2010,2010-01-01,2010-12-31
4214651,TOBACCO_MPOWER_R_INFLATIONADJUSTEDPRICES,COUNTRY,TUN,EMR,Eastern Mediterranean,YEAR,2020,TOBACCO_INDICATOR,TOBACCO_INDICATOR_R_afford_inflation_adjusted_price_lcu,,,,,,,4.69,4.69,,,,2025-08-18T14:33:28Z,2020,2020-01-01,2020-12-31
4221521,TOBACCO_MPOWER_R_INFLATIONADJUSTEDPRICES,COUNTRY,NER,AFR,Africa,YEAR,2016,TOBACCO_INDICATOR,TOBACCO_INDICATOR_R_afford_inflation_adjusted_price_ppp,,,,,,,2.58,2.58,,,,2025-08-18T14:33:28Z,2016,2016-01-01,2016-12-31
4223221,TOBACCO_MPOWER_R_INFLATIONADJUSTEDPRICES,COUNTRY,VNM,WPR,Western Pacific,YEAR,2008,TOBACCO_INDICATOR,TOBACCO_INDICATOR_R_afford_inflation_adjusted_price_lcu,,,,,,,24 313,24313.26,,,,2025-08-18T14:33:28Z,2008,2008-01-01,2008-12-31
4229985,TOBACCO_MPOWER_R_INFLATIONADJUSTEDPRICES,COUNTRY,LUX,EUR,Europe,YEAR,2012,TOBACCO_INDICATOR,TOBACCO_INDICATOR_R_afford_inflation_adjusted_price_ppp,,,,,,,7.49,7.49,,,,2025-08-18T14:33:28Z,2012,2012-01-01,2012-12-31
4230620,TOBACCO_MPOWER_R_INFLATIONADJUSTEDPRICES,COUNTRY,TJK,EUR,Europe,YEAR,2018,TOBACCO_INDICATOR,TOBACCO_INDICATOR_R_afford_inflation_adjusted_price_lcu,,,,,,,11.67,11.67,,,,2025-08-18T14:33:28Z,2018,2018-01-01,2018-12-31
4230733,TOBACCO_MPOWER_R_INFLATIONADJUSTEDPRICES,COUNTRY,HRV,EUR,Europe,YEAR,2008,TOBACCO_INDICATOR,TOBACCO_INDICATOR_R_afford_inflation_adjusted_price_lcu,,,,,,,3.06,3.06,,,,2025-08-18T14:33:28Z,2008,2008-01-01,2008-12-31
4232222,TOBACCO_MPOWER_R_INFLATIONADJUSTEDPRICES,COUNTRY,CHE,EUR,Europe,YEAR,2014,TOBACCO_INDICATOR,TOBACCO_INDICATOR_R_afford_inflation_adjusted_price_ppp,,,,,,,8.84,8.84,,,,2025-08-18T14:33:28Z,2014,2014-01-01,2014-12-31
4234882,TOBACCO_MPOWER_R_INFLATIONADJUSTEDPRICES,COUNTRY,TGO,AFR,Africa,YEAR,2016,TOBACCO_INDICATOR,TOBACCO_INDICATOR_R_afford_inflation_adjusted_price_ppp,,,,,,,2.74,2.74,,,,2025-08-18T14:33:28Z,2016,2016-01-01,2016-12-31
4235200,TOBACCO_MPOWER_R_INFLATIONADJUSTEDPRICES,COUNTRY,LBY,EMR,Eastern Mediterranean,YEAR,2020,TOBACCO_INDICATOR,TOBACCO_INDICATOR_R_afford_inflation_adjusted_price_lcu,,,,,,,3.93,3.93,,,,2025-08-18T14:33:28Z,2020,2020-01-01,2020-12-31
4239277,TOBACCO_MPOWER_R_INFLATIONADJUSTEDPRICES,COUNTRY,ECU,AMR,Americas,YEAR,2016,TOBACCO_INDICATOR,TOBACCO_INDICATOR_R_afford_inflation_adjusted_price_lcu,,,,,,,5.6,5.6,,,,2025-08-18T14:33:28Z,2016,2016-01-01,2016-12-31
4244836,TOBACCO_MPOWER_R_INFLATIONADJUSTEDPRICES,COUNTRY,QAT,EMR,Eastern Mediterranean,YEAR,2014,TOBACCO_INDICATOR,TOBACCO_INDICATOR_R_afford_inflation_adjusted_price_ppp,,,,,,,4.05,4.05,,,,2025-08-18T14:33:28Z,2014,2014-01-01,2014-12-31
4244907,TOBACCO_MPOWER_R_INFLATIONADJUSTEDPRICES,COUNTRY,ERI,AFR,Africa,YEAR,2008,TOBACCO_INDICATOR,TOBACCO_INDICATOR_R_afford_inflation_adjusted_price_lcu,,,,,,,. . .,,,,,2025-08-18T14:33:28Z,2008,2008-01-01,2008-12-31
4257536,TOBACCO_MPOWER_R_INFLATIONADJUSTEDPRICES,COUNTRY,DOM,AMR,Americas,YEAR,2010,TOBACCO_INDICATOR,TOBACCO_INDICATOR_R_afford_inflation_adjusted_price_lcu,,,,,,,215.14,215.14,,,,2025-08-18T14:33:28Z,2010,2010-01-01,2010-12-31
4260939,TOBACCO_MPOWER_R_INFLATIONADJUSTEDPRICES,COUNTRY,COG,AFR,Africa,YEAR,2020,TOBACCO_INDICATOR,TOBACCO_INDICATOR_R_afford_inflation_adjusted_price_lcu,,,,,,,847,847,,,,2025-08-18T14:33:28Z,2020,2020-01-01,2020-12-31
4265270,TOBACCO_MPOWER_R_INFLATIONADJUSTEDPRICES,COUNTRY,AFG,EMR,Eastern Mediterranean,YEAR,2008,TOBACCO_INDICATOR,TOBACCO_INDICATOR_R_afford_inflation_adjusted_price_ppp,,,,,,,0.96,0.96,,,,2025-08-18T14:33:28Z,2008,2008-01-01,2008-12-31
4267605,TOBACCO_MPOWER_R_INFLATIONADJUSTEDPRICES,COUNTRY,VNM,WPR,Western Pacific,YEAR,2022,TOBACCO_INDICATOR,TOBACCO_INDICATOR_R_afford_inflation_adjusted_price_ppp,,,,,,,3.54,3.54,,,,2025-08-18T14:33:28Z,2022,2022-01-01,2022-12-31
4267767,TOBACCO_MPOWER_R_INFLATIONADJUSTEDPRICES,COUNTRY,DZA,AFR,Africa,YEAR,2014,TOBACCO_INDICATOR,TOBACCO_INDICATOR_R_afford_inflation_adjusted_price_ppp,,,,,,,5.15,5.15,,,,2025-08-18T14:33:28Z,2014,2014-01-01,2014-12-31
4269349,TOBACCO_MPOWER_R_INFLATIONADJUSTEDPRICES,COUNTRY,BFA,AFR,Africa,YEAR,2014,TOBACCO_INDICATOR,TOBACCO_INDICATOR_R_afford_inflation_adjusted_price_ppp,,,,,,,3.22,3.22,,,,2025-08-18T14:33:28Z,2014,2014-01-01,2014-12-31
4271633,TOBACCO_MPOWER_R_INFLATIONADJUSTEDPRICES,COUNTRY,CAF,AFR,Africa,YEAR,2022,TOBACCO_INDICATOR,TOBACCO_INDICATOR_R_afford_inflation_adjusted_price_ppp,,,,,,,2.23,2.23,,,,2025-08-18T14:33:28Z,2022,2022-01-01,2022-12-31
4273585,TOBACCO_MPOWER_R_INFLATIONADJUSTEDPRICES,COUNTRY,RUS,EUR,Europe,YEAR,2010,TOBACCO_INDICATOR,TOBACCO_INDICATOR_R_afford_inflation_adjusted_price_lcu,,,,,,,80.71,80.71,,,,2025-08-18T14:33:28Z,2010,2010-01-01,2010-12-31
4273987,TOBACCO_MPOWER_R_INFLATIONADJUSTEDPRICES,COUNTRY,AGO,AFR,Africa,YEAR,2008,TOBACCO_INDICATOR,TOBACCO_INDICATOR_R_afford_inflation_adjusted_price_ppp,,,,,,,1.6,1.6,,,,2025-08-18T14:33:28Z,2008,2008-01-01,2008-12-31
4274899,TOBACCO_MPOWER_R_INFLATIONADJUSTEDPRICES,COUNTRY,PRT,EUR,Europe,YEAR,2010,TOBACCO_INDICATOR,TOBACCO_INDICATOR_R_afford_inflation_adjusted_price_ppp,,,,,,,8.46,8.46,,,,2025-08-18T14:33:28Z,2010,2010-01-01,2010-12-31
4278658,TOBACCO_MPOWER_R_INFLATIONADJUSTEDPRICES,COUNTRY,HTI,AMR,Americas,YEAR,2022,TOBACCO_INDICATOR,TOBACCO_INDICATOR_R_afford_inflation_adjusted_price_ppp,,,,,,,3.63,3.63,,,,2025-08-18T14:33:28Z,2022,2022-01-01,2022-12-31
4279637,TOBACCO_MPOWER_R_INFLATIONADJUSTEDPRICES,COUNTRY,PSE,EMR,Eastern Mediterranean,YEAR,2018,TOBACCO_INDICATOR,TOBACCO_INDICATOR_R_afford_inflation_adjusted_price_lcu,,,,,,,. . .,,,,,2025-08-18T14:33:28Z,2018,2018-01-01,2018-12-31
4281124,TOBACCO_MPOWER_R_INFLATIONADJUSTEDPRICES,COUNTRY,GMB,AFR,Africa,YEAR,2014,TOBACCO_INDICATOR,TOBACCO_INDICATOR_R_afford_inflation_adjusted_price_ppp,,,,,,,3.21,3.21,,,,2025-08-18T14:33:28Z,2014,2014-01-01,2014-12-31
4285053,TOBACCO_MPOWER_R_INFLATIONADJUSTEDPRICES,COUNTRY,BLR,EUR,Europe,YEAR,2024,TOBACCO_INDICATOR,TOBACCO_INDICATOR_R_afford_inflation_adjusted_price_lcu,,,,,,,3.55,3.55,,,,2025-08-18T14:33:28Z,2024,2024-01-01,2024-12-31
4285754,TOBACCO_MPOWER_R_INFLATIONADJUSTEDPRICES,COUNTRY,CPV,AFR,Africa,YEAR,2016,TOBACCO_INDICATOR,TOBACCO_INDICATOR_R_afford_inflation_adjusted_price_ppp,,,,,,,4.88,4.88,,,,2025-08-18T14:33:28Z,2016,2016-01-01,2016-12-31
4289073,TOBACCO_MPOWER_R_INFLATIONADJUSTEDPRICES,COUNTRY,GRC,EUR,Europe,YEAR,2024,TOBACCO_INDICATOR,TOBACCO_INDICATOR_R_afford_inflation_adjusted_price_lcu,,,,,,,4.6,4.6,,,,2025-08-18T14:33:28Z,2024,2024-01-01,2024-12-31
4290740,TOBACCO_MPOWER_R_INFLATIONADJUSTEDPRICES,COUNTRY,PER,AMR,Americas,YEAR,2012,TOBACCO_INDICATOR,TOBACCO_INDICATOR_R_afford_inflation_adjusted_price_ppp,,,,,,,4.41,4.41,,,,2025-08-18T14:33:28Z,2012,2012-01-01,2012-12-31
4294679,TOBACCO_MPOWER_R_INFLATIONADJUSTEDPRICES,COUNTRY,PAK,EMR,Eastern Mediterranean,YEAR,2008,TOBACCO_INDICATOR,TOBACCO_INDICATOR_R_afford_inflation_adjusted_price_lcu,,,,,,,96.8,96.8,,,,2025-08-18T14:33:28Z,2008,2008-01-01,2008-12-31
4297900,TOBACCO_MPOWER_R_INFLATIONADJUSTEDPRICES,COUNTRY,DMA,AMR,Americas,YEAR,2012,TOBACCO_INDICATOR,TOBACCO_INDICATOR_R_afford_inflation_adjusted_price_ppp,,,,,,,3.43,3.43,,,,2025-08-18T14:33:28Z,2012,2012-01-01,2012-12-31
4302612,TOBACCO_MPOWER_R_INFLATIONADJUSTEDPRICES,COUNTRY,KNA,AMR,Americas,YEAR,2024,TOBACCO_INDICATOR,TOBACCO_INDICATOR_R_afford_inflation_adjusted_price_lcu,,,,,,,10.5,10.5,,,,2025-08-18T14:33:28Z,2024,2024-01-01,2024-12-31
4307575,TOBACCO_MPOWER_R_INFLATIONADJUSTEDPRICES,COUNTRY,NOR,EUR,Europe,YEAR,2020,TOBACCO_INDICATOR,TOBACCO_INDICATOR_R_afford_inflation_adjusted_price_ppp,,,,,,,16.3,16.3,,,,2025-08-18T14:33:28Z,2020,2020-01-01,2020-12-31
4314673,TOBACCO_MPOWER_R_INFLATIONADJUSTEDPRICES,COUNTRY,ETH,AFR,Africa,YEAR,2012,TOBACCO_INDICATOR,TOBACCO_INDICATOR_R_afford_inflation_adjusted_price_ppp,,,,,,,1.88,1.88,,,,2025-08-18T14:33:28Z,2012,2012-01-01,2012-12-31
4317584,TOBACCO_MPOWER_R_INFLATIONADJUSTEDPRICES,COUNTRY,PHL,WPR,Western Pacific,YEAR,2020,TOBACCO_INDICATOR,TOBACCO_INDICATOR_R_afford_inflation_adjusted_price_lcu,,,,,,,120.3,120.3,,,,2025-08-18T14:33:28Z,2020,2020-01-01,2020-12-31
4320675,TOBACCO_MPOWER_R_INFLATIONADJUSTEDPRICES,COUNTRY,CHE,EUR,Europe,YEAR,2022,TOBACCO_INDICATOR,TOBACCO_INDICATOR_R_afford_inflation_adjusted_price_ppp,,,,,,,9.59,9.59,,,,2025-08-18T14:33:28Z,2022,2022-01-01,2022-12-31
4321168,TOBACCO_MPOWER_R_INFLATIONADJUSTEDPRICES,COUNTRY,SWE,EUR,Europe,YEAR,2008,TOBACCO_INDICATOR,TOBACCO_INDICATOR_R_afford_inflation_adjusted_price_ppp,,,,,,,8.19,8.19,,,,2025-08-18T14:33:28Z,2008,2008-01-01,2008-12-31
4325652,TOBACCO_MPOWER_R_INFLATIONADJUSTEDPRICES,COUNTRY,KHM,WPR,Western Pacific,YEAR,2020,TOBACCO_INDICATOR,TOBACCO_INDICATOR_R_afford_inflation_adjusted_price_lcu,,,,,,,2345.44,2345.44,,,,2025-08-18T14:33:28Z,2020,2020-01-01,2020-12-31
4327775,TOBACCO_MPOWER_R_INFLATIONADJUSTEDPRICES,COUNTRY,FJI,WPR,Western Pacific,YEAR,2010,TOBACCO_INDICATOR,TOBACCO_INDICATOR_R_afford_inflation_adjusted_price_lcu,,,,,,,. . .,,,,,2025-08-18T14:33:28Z,2010,2010-01-01,2010-12-31
4328602,TOBACCO_MPOWER_R_INFLATIONADJUSTEDPRICES,COUNTRY,AGO,AFR,Africa,YEAR,2008,TOBACCO_INDICATOR,TOBACCO_INDICATOR_R_afford_inflation_adjusted_price_lcu,,,,,,,670.96,670.96,,,,2025-08-18T14:33:28Z,2008,2008-01-01,2008-12-31
4330387,TOBACCO_MPOWER_R_INFLATIONADJUSTEDPRICES,COUNTRY,BRN,WPR,Western Pacific,YEAR,2020,TOBACCO_INDICATOR,TOBACCO_INDICATOR_R_afford_inflation_adjusted_price_ppp,,,,,,,. . .,,,,,2025-08-18T14:33:28Z,2020,2020-01-01,2020-12-31
4331139,TOBACCO_MPOWER_R_INFLATIONADJUSTEDPRICES,COUNTRY,CHN,WPR,Western Pacific,YEAR,2022,TOBACCO_INDICATOR,TOBACCO_INDICATOR_R_afford_inflation_adjusted_price_ppp,,,,,,,4.62,4.62,,,,2025-08-18T14:33:28Z,2022,2022-01-01,2022-12-31
4333691,TOBACCO_MPOWER_R_INFLATIONADJUSTEDPRICES,COUNTRY,MWI,AFR,Africa,YEAR,2012,TOBACCO_INDICATOR,TOBACCO_INDICATOR_R_afford_inflation_adjusted_price_ppp,,,,,,,6.16,6.16,,,,2025-08-18T14:33:28Z,2012,2012-01-01,2012-12-31
4334333,TOBACCO_MPOWER_R_INFLATIONADJUSTEDPRICES,COUNTRY,PAK,EMR,Eastern Mediterranean,YEAR,2018,TOBACCO_INDICATOR,TOBACCO_INDICATOR_R_afford_inflation_adjusted_price_lcu,,,,,,,110.53,110.53,,,,2025-08-18T14:33:28Z,2018,2018-01-01,2018-12-31
4334789,TOBACCO_MPOWER_R_INFLATIONADJUSTEDPRICES,COUNTRY,ALB,EUR,Europe,YEAR,2022,TOBACCO_INDICATOR,TOBACCO_INDICATOR_R_afford_inflation_adjusted_price_ppp,,,,,,,6.95,6.95,,,,2025-08-18T14:33:28Z,2022,2022-01-01,2022-12-31
4338017,TOBACCO_MPOWER_R_INFLATIONADJUSTEDPRICES,COUNTRY,COL,AMR,Americas,YEAR,2008,TOBACCO_INDICATOR,TOBACCO_INDICATOR_R_afford_inflation_adjusted_price_ppp,,,,,,,2.4,2.4,,,,2025-08-18T14:33:28Z,2008,2008-01-01,2008-12-31
4343655,TOBACCO_MPOWER_R_INFLATIONADJUSTEDPRICES,COUNTRY,TZA,AFR,Africa,YEAR,2016,TOBACCO_INDICATOR,TOBACCO_INDICATOR_R_afford_inflation_adjusted_price_lcu,,,,,,,4051.96,4051.96,,,,2025-08-18T14:33:28Z,2016,2016-01-01,2016-12-31
4344940,TOBACCO_MPOWER_R_INFLATIONADJUSTEDPRICES,COUNTRY,MRT,AFR,Africa,YEAR,2022,TOBACCO_INDICATOR,TOBACCO_INDICATOR_R_afford_inflation_adjusted_price_lcu,,,,,,,42.94,42.94,,,,2025-08-18T14:33:28Z,2022,2022-01-01,2022-12-31
4349575,TOBACCO_MPOWER_R_INFLATIONADJUSTEDPRICES,COUNTRY,IDN,WPR,Western Pacific,YEAR,2022,TOBACCO_INDICATOR,TOBACCO_INDICATOR_R_afford_inflation_adjusted_price_ppp,,,,,,,7.49,7.49,,,,2025-08-18T14:33:28Z,2022,2022-01-01,2022-12-31
4349628,TOBACCO_MPOWER_R_INFLATIONADJUSTEDPRICES,COUNTRY,BGD,SEAR,South-East Asia,YEAR,2016,TOBACCO_INDICATOR,TOBACCO_INDICATOR_R_afford_inflation_adjusted_price_lcu,,,,,,,83.3,83.3,,,,2025-08-18T14:33:28Z,2016,2016-01-01,2016-12-31
4349711,TOBACCO_MPOWER_R_INFLATIONADJUSTEDPRICES,COUNTRY,WSM,WPR,Western Pacific,YEAR,2014,TOBACCO_INDICATOR,TOBACCO_INDICATOR_R_afford_inflation_adjusted_price_lcu,,,,,,,12.92,12.92,,,,2025-08-18T14:33:28Z,2014,2014-01-01,2014-12-31
4351976,TOBACCO_MPOWER_R_INFLATIONADJUSTEDPRICES,COUNTRY,ITA,EUR,Europe,YEAR,2018,TOBACCO_INDICATOR,TOBACCO_INDICATOR_R_afford_inflation_adjusted_price_lcu,,,,,,,6.56,6.56,,,,2025-08-18T14:33:28Z,2018,2018-01-01,2018-12-31
4356771,TOBACCO_MPOWER_R_INFLATIONADJUSTEDPRICES,COUNTRY,KHM,WPR,Western Pacific,YEAR,2008,TOBACCO_INDICATOR,TOBACCO_INDICATOR_R_afford_inflation_adjusted_price_lcu,,,,,,,1879.72,1879.72,,,,2025-08-18T14:33:28Z,2008,2008-01-01,2008-12-31
4358438,TOBACCO_MPOWER_R_INFLATIONADJUSTEDPRICES,COUNTRY,CRI,AMR,Americas,YEAR,2010,TOBACCO_INDICATOR,TOBACCO_INDICATOR_R_afford_inflation_adjusted_price_ppp,,,,,,,4.01,4.01,,,,2025-08-18T14:33:28Z,2010,2010-01-01,2010-12-31
4359901,TOBACCO_MPOWER_R_INFLATIONADJUSTEDPRICES,COUNTRY,MDA,EUR,Europe,YEAR,2024,TOBACCO_INDICATOR,TOBACCO_INDICATOR_R_afford_inflation_adjusted_price_ppp,,,,,,,6.95,6.95,,,,2025-08-18T14:33:28Z,2024,2024-01-01,2024-12-31
4360156,TOBACCO_MPOWER_R_INFLATIONADJUSTEDPRICES,COUNTRY,ZAF,AFR,Africa,YEAR,2012,TOBACCO_INDICATOR,TOBACCO_INDICATOR_R_afford_inflation_adjusted_price_ppp,,,,,,,7.33,7.33,,,,2025-08-18T14:33:28Z,2012,2012-01-01,2012-12-31
4377744,TOBACCO_MPOWER_R_INFLATIONADJUSTEDPRICES,COUNTRY,CAN,AMR,Americas,YEAR,2014,TOBACCO_INDICATOR,TOBACCO_INDICATOR_R_afford_inflation_adjusted_price_ppp,,,,,,,9.98,9.98,,,,2025-08-18T14:33:28Z,2014,2014-01-01,2014-12-31
4379734,TOBACCO_MPOWER_R_INFLATIONADJUSTEDPRICES,COUNTRY,DEU,EUR,Europe,YEAR,2010,TOBACCO_INDICATOR,TOBACCO_INDICATOR_R_afford_inflation_adjusted_price_ppp,,,,,,,9.55,9.55,,,,2025-08-18T14:33:28Z,2010,2010-01-01,2010-12-31
4380068,TOBACCO_MPOWER_R_INFLATIONADJUSTEDPRICES,COUNTRY,SOM,EMR,Eastern Mediterranean,YEAR,2016,TOBACCO_INDICATOR,TOBACCO_INDICATOR_R_afford_inflation_adjusted_price_ppp,,,,,,,2.02,2.02,,,,2025-08-18T14:33:28Z,2016,2016-01-01,2016-12-31
4383800,TOBACCO_MPOWER_R_INFLATIONADJUSTEDPRICES,COUNTRY,CPV,AFR,Africa,YEAR,2012,TOBACCO_INDICATOR,TOBACCO_INDICATOR_R_afford_inflation_adjusted_price_ppp,,,,,,,5.07,5.07,,,,2025-08-18T14:33:28Z,2012,2012-01-01,2012-12-31
4384207,TOBACCO_MPOWER_R_INFLATIONADJUSTEDPRICES,COUNTRY,TUN,EMR,Eastern Mediterranean,YEAR,2016,TOBACCO_INDICATOR,TOBACCO_INDICATOR_R_afford_inflation_adjusted_price_ppp,,,,,,,4.42,4.42,,,,2025-08-18T14:33:28Z,2016,2016-01-01,2016-12-31
4387175,TOBACCO_MPOWER_R_INFLATIONADJUSTEDPRICES,COUNTRY,KIR,WPR,Western Pacific,YEAR,2010,TOBACCO_INDICATOR,TOBACCO_INDICATOR_R_afford_inflation_adjusted_price_ppp,,,,,,,8.64,8.64,,,,2025-08-18T14:33:28Z,2010,2010-01-01,2010-12-31
4387286,TOBACCO_MPOWER_R_INFLATIONADJUSTEDPRICES,COUNTRY,BWA,AFR,Africa,YEAR,2008,TOBACCO_INDICATOR,TOBACCO_INDICATOR_R_afford_inflation_adjusted_price_ppp,,,,,,,8.67,8.67,,,,2025-08-18T14:33:28Z,2008,2008-01-01,2008-12-31
4390258,TOBACCO_MPOWER_R_INFLATIONADJUSTEDPRICES,COUNTRY,ISR,EUR,Europe,YEAR,2012,TOBACCO_INDICATOR,TOBACCO_INDICATOR_R_afford_inflation_adjusted_price_lcu,,,,,,,26.73,26.73,,,,2025-08-18T14:33:28Z,2012,2012-01-01,2012-12-31
4390619,TOBACCO_MPOWER_R_INFLATIONADJUSTEDPRICES,COUNTRY,NIU,WPR,Western Pacific,YEAR,2016,TOBACCO_INDICATOR,TOBACCO_INDICATOR_R_afford_inflation_adjusted_price_ppp,,,,,,,. . .,,,,,2025-08-18T14:33:28Z,2016,2016-01-01,2016-12-31
4393397,TOBACCO_MPOWER_R_INFLATIONADJUSTEDPRICES,COUNTRY,ITA,EUR,Europe,YEAR,2012,TOBACCO_INDICATOR,TOBACCO_INDICATOR_R_afford_inflation_adjusted_price_ppp,,,,,,,9.68,9.68,,,,2025-08-18T14:33:28Z,2012,2012-01-01,2012-12-31
4394288,TOBACCO_MPOWER_R_INFLATIONADJUSTEDPRICES,COUNTRY,NER,AFR,Africa,YEAR,2022,TOBACCO_INDICATOR,TOBACCO_INDICATOR_R_afford_inflation_adjusted_price_lcu,,,,,,,565.54,565.54,,,,2025-08-18T14:33:28Z,2022,2022-01-01,2022-12-31
4400113,TOBACCO_MPOWER_R_INFLATIONADJUSTEDPRICES,COUNTRY,ROU,EUR,Europe,YEAR,2018,TOBACCO_INDICATOR,TOBACCO_INDICATOR_R_afford_inflation_adjusted_price_lcu,,,,,,,25.99,25.99,,,,2025-08-18T14:33:28Z,2018,2018-01-01,2018-12-31
4404450,TOBACCO_MPOWER_R_INFLATIONADJUSTEDPRICES,COUNTRY,DNK,EUR,Europe,YEAR,2020,TOBACCO_INDICATOR,TOBACCO_INDICATOR_R_afford_inflation_adjusted_price_lcu,,,,,,,70.64,70.64,,,,2025-08-18T14:33:28Z,2020,2020-01-01,2020-12-31
4405311,TOBACCO_MPOWER_R_INFLATIONADJUSTEDPRICES,COUNTRY,SYR,EMR,Eastern Mediterranean,YEAR,2014,TOBACCO_INDICATOR,TOBACCO_INDICATOR_R_afford_inflation_adjusted_price_lcu,,,,,,,. . .,,,,,2025-08-18T14:33:28Z,2014,2014-01-01,2014-12-31
4406366,TOBACCO_MPOWER_R_INFLATIONADJUSTEDPRICES,COUNTRY,NGA,AFR,Africa,YEAR,2010,TOBACCO_INDICATOR,TOBACCO_INDICATOR_R_afford_inflation_adjusted_price_lcu,,,,,,,1398.79,1398.79,,,,2025-08-18T14:33:28Z,2010,2010-01-01,2010-12-31
4413181,TOBACCO_MPOWER_R_INFLATIONADJUSTEDPRICES,COUNTRY,COL,AMR,Americas,YEAR,2012,TOBACCO_INDICATOR,TOBACCO_INDICATOR_R_afford_inflation_adjusted_price_ppp,,,,,,,2.57,2.57,,,,2025-08-18T14:33:28Z,2012,2012-01-01,2012-12-31
4413408,TOBACCO_MPOWER_R_INFLATIONADJUSTEDPRICES,COUNTRY,NAM,AFR,Africa,YEAR,2022,TOBACCO_INDICATOR,TOBACCO_INDICATOR_R_afford_inflation_adjusted_price_lcu,,,,,,,55.18,55.18,,,,2025-08-18T14:33:28Z,2022,2022-01-01,2022-12-31
4427129,TOBACCO_MPOWER_R_INFLATIONADJUSTEDPRICES,COUNTRY,SDN,EMR,Eastern Mediterranean,YEAR,2024,TOBACCO_INDICATOR,TOBACCO_INDICATOR_R_afford_inflation_adjusted_price_ppp,,,,,,,. . .,,,,,2025-08-18T14:33:28Z,2024,2024-01-01,2024-12-31
4428090,TOBACCO_MPOWER_R_INFLATIONADJUSTEDPRICES,COUNTRY,ITA,EUR,Europe,YEAR,2018,TOBACCO_INDICATOR,TOBACCO_INDICATOR_R_afford_inflation_adjusted_price_ppp,,,,,,,10.09,10.09,,,,2025-08-18T14:33:28Z,2018,2018-01-01,2018-12-31
4430361,TOBACCO_MPOWER_R_INFLATIONADJUSTEDPRICES,COUNTRY,FIN,EUR,Europe,YEAR,2024,TOBACCO_INDICATOR,TOBACCO_INDICATOR_R_afford_inflation_adjusted_price_lcu,,,,,,,10.1,10.1,,,,2025-08-18T14:33:28Z,2024,2024-01-01,2024-12-31
4435598,TOBACCO_MPOWER_R_INFLATIONADJUSTEDPRICES,COUNTRY,SVK,EUR,Europe,YEAR,2018,TOBACCO_INDICATOR,TOBACCO_INDICATOR_R_afford_inflation_adjusted_price_lcu,,,,,,,4.57,4.57,,,,2025-08-18T14:33:28Z,2018,2018-01-01,2018-12-31
4436027,TOBACCO_MPOWER_R_INFLATIONADJUSTEDPRICES,COUNTRY,QAT,EMR,Eastern Mediterranean,YEAR,2008,TOBACCO_INDICATOR,TOBACCO_INDICATOR_R_afford_inflation_adjusted_price_ppp,,,,,,,2.59,2.59,,,,2025-08-18T14:33:28Z,2008,2008-01-01,2008-12-31
4442240,TOBACCO_MPOWER_R_INFLATIONADJUSTEDPRICES,COUNTRY,GUY,AMR,Americas,YEAR,2010,TOBACCO_INDICATOR,TOBACCO_INDICATOR_R_afford_inflation_adjusted_price_ppp,,,,,,,4.89,4.89,,,,2025-08-18T14:33:28Z,2010,2010-01-01,2010-12-31
4446032,TOBACCO_MPOWER_R_INFLATIONADJUSTEDPRICES,COUNTRY,COG,AFR,Africa,YEAR,2012,TOBACCO_INDICATOR,TOBACCO_INDICATOR_R_afford_inflation_adjusted_price_lcu,,,,,,,656.39,656.39,,,,2025-08-18T14:33:28Z,2012,2012-01-01,2012-12-31
4446589,TOBACCO_MPOWER_R_INFLATIONADJUSTEDPRICES,COUNTRY,SLV,AMR,Americas,YEAR,2018,TOBACCO_INDICATOR,TOBACCO_INDICATOR_R_afford_inflation_adjusted_price_lcu,,,,,,,3.36,3.36,,,,2025-08-18T14:33:28Z,2018,2018-01-01,2018-12-31
4448533,TOBACCO_MPOWER_R_INFLATIONADJUSTEDPRICES,COUNTRY,DNK,EUR,Europe,YEAR,2014,TOBACCO_INDICATOR,TOBACCO_INDICATOR_R_afford_inflation_adjusted_price_lcu,,,,,,,52.54,52.54,,,,2025-08-18T14:33:28Z,2014,2014-01-01,2014-12-31
4452849,TOBACCO_MPOWER_R_INFLATIONADJUSTEDPRICES,COUNTRY,KNA,AMR,Americas,YEAR,2016,TOBACCO_INDICATOR,TOBACCO_INDICATOR_R_afford_inflation_adjusted_price_lcu,,,,,,,8.54,8.54,,,,2025-08-18T14:33:28Z,2016,2016-01-01,2016-12-31
4453953,TOBACCO_MPOWER_R_INFLATIONADJUSTEDPRICES,COUNTRY,SYR,EMR,Eastern Mediterranean,YEAR,2016,TOBACCO_INDICATOR,TOBACCO_INDICATOR_R_afford_inflation_adjusted_price_lcu,,,,,,,. . .,,,,,2025-08-18T14:33:28Z,2016,2016-01-01,2016-12-31
4455218,TOBACCO_MPOWER_R_INFLATIONADJUSTEDPRICES,COUNTRY,SAU,EMR,Eastern Mediterranean,YEAR,2016,TOBACCO_INDICATOR,TOBACCO_INDICATOR_R_afford_inflation_adjusted_price_lcu,,,,,,,13.57,13.57,,,,2025-08-18T14:33:28Z,2016,2016-01-01,2016-12-31
4460623,TOBACCO_MPOWER_R_INFLATIONADJUSTEDPRICES,COUNTRY,SEN,AFR,Africa,YEAR,2014,TOBACCO_INDICATOR,TOBACCO_INDICATOR_R_afford_inflation_adjusted_price_ppp,,,,,,,2.69,2.69,,,,2025-08-18T14:33:28Z,2014,2014-01-01,2014-12-31
4461031,TOBACCO_MPOWER_R_INFLATIONADJUSTEDPRICES,COUNTRY,SSD,AFR,Africa,YEAR,2012,TOBACCO_INDICATOR,TOBACCO_INDICATOR_R_afford_inflation_adjusted_price_lcu,,,,,,,. . .,,,,,2025-08-18T14:33:28Z,2012,2012-01-01,2012-12-31
4466453,TOBACCO_MPOWER_R_INFLATIONADJUSTEDPRICES,COUNTRY,LVA,EUR,Europe,YEAR,2018,TOBACCO_INDICATOR,TOBACCO_INDICATOR_R_afford_inflation_adjusted_price_ppp,,,,,,,8.92,8.92,,,,2025-08-18T14:33:28Z,2018,2018-01-01,2018-12-31
4470419,TOBACCO_MPOWER_R_INFLATIONADJUSTEDPRICES,COUNTRY,CYP,EUR,Europe,YEAR,2024,TOBACCO_INDICATOR,TOBACCO_INDICATOR_R_afford_inflation_adjusted_price_ppp,,,,,,,8.19,8.19,,,,2025-08-18T14:33:28Z,2024,2024-01-01,2024-12-31
4472377,TOBACCO_MPOWER_R_INFLATIONADJUSTEDPRICES,COUNTRY,EST,EUR,Europe,YEAR,2016,TOBACCO_INDICATOR,TOBACCO_INDICATOR_R_afford_inflation_adjusted_price_lcu,,,,,,,5.85,5.85,,,,2025-08-18T14:33:28Z,2016,2016-01-01,2016-12-31
4472925,TOBACCO_MPOWER_R_INFLATIONADJUSTEDPRICES,COUNTRY,KGZ,EUR,Europe,YEAR,2016,TOBACCO_INDICATOR,TOBACCO_INDICATOR_R_afford_inflation_adjusted_price_ppp,,,,,,,4.42,4.42,,,,2025-08-18T14:33:28Z,2016,2016-01-01,2016-12-31
4474326,TOBACCO_MPOWER_R_INFLATIONADJUSTEDPRICES,COUNTRY,LBR,AFR,Africa,YEAR,2024,TOBACCO_INDICATOR,TOBACCO_INDICATOR_R_afford_inflation_adjusted_price_ppp,,,,,,,3.15,3.15,,,,2025-08-18T14:33:28Z,2024,2024-01-01,2024-12-31
4478414,TOBACCO_MPOWER_R_INFLATIONADJUSTEDPRICES,COUNTRY,HND,AMR,Americas,YEAR,2010,TOBACCO_INDICATOR,TOBACCO_INDICATOR_R_afford_inflation_adjusted_price_ppp,,,,,,,4.84,4.84,,,,2025-08-18T14:33:28Z,2010,2010-01-01,2010-12-31
4480340,TOBACCO_MPOWER_R_INFLATIONADJUSTEDPRICES,COUNTRY,PSE,EMR,Eastern Mediterranean,YEAR,2020,TOBACCO_INDICATOR,TOBACCO_INDICATOR_R_afford_inflation_adjusted_price_ppp,,,,,,,14.26,14.26,,,,2025-08-18T14:33:28Z,2020,2020-01-01,2020-12-31
4487304,TOBACCO_MPOWER_R_INFLATIONADJUSTEDPRICES,COUNTRY,GIN,AFR,Africa,YEAR,2014,TOBACCO_INDICATOR,TOBACCO_INDICATOR_R_afford_inflation_adjusted_price_lcu,,,,,,,. . .,,,,,2025-08-18T14:33:28Z,2014,2014-01-01,2014-12-31
4496484,TOBACCO_MPOWER_R_INFLATIONADJUSTEDPRICES,COUNTRY,SMR,EUR,Europe,YEAR,2020,TOBACCO_INDICATOR,TOBACCO_INDICATOR_R_afford_inflation_adjusted_price_lcu,,,,,,,6.2,6.2,,,,2025-08-18T14:33:28Z,2020,2020-01-01,2020-12-31
4498319,TOBACCO_MPOWER_R_INFLATIONADJUSTEDPRICES,COUNTRY,KIR,WPR,Western Pacific,YEAR,2018,TOBACCO_INDICATOR,TOBACCO_INDICATOR_R_afford_inflation_adjusted_price_lcu,,,,,,,7.27,7.27,,,,2025-08-18T14:33:28Z,2018,2018-01-01,2018-12-31
4501208,TOBACCO_MPOWER_R_INFLATIONADJUSTEDPRICES,COUNTRY,CUB,AMR,Americas,YEAR,2024,TOBACCO_INDICATOR,TOBACCO_INDICATOR_R_afford_inflation_adjusted_price_lcu,,,,,,,. . .,,,,,2025-08-18T14:33:28Z,2024,2024-01-01,2024-12-31
4503281,TOBACCO_MPOWER_R_INFLATIONADJUSTEDPRICES,COUNTRY,PER,AMR,Americas,YEAR,2008,TOBACCO_INDICATOR,TOBACCO_INDICATOR_R_afford_inflation_adjusted_price_lcu,,,,,,,6.74,6.74,,,,2025-08-18T14:33:28Z,2008,2008-01-01,2008-12-31
4504543,TOBACCO_MPOWER_R_INFLATIONADJUSTEDPRICES,COUNTRY,BEN,AFR,Africa,YEAR,2014,TOBACCO_INDICATOR,TOBACCO_INDICATOR_R_afford_inflation_adjusted_price_ppp,,,,,,,3.04,3.04,,,,2025-08-18T14:33:28Z,2014,2014-01-01,2014-12-31
4505386,TOBACCO_MPOWER_R_INFLATIONADJUSTEDPRICES,COUNTRY,MNG,WPR,Western Pacific,YEAR,2016,TOBACCO_INDICATOR,TOBACCO_INDICATOR_R_afford_inflation_adjusted_price_lcu,,,,,,,3071.12,3071.12,,,,2025-08-18T14:33:28Z,2016,2016-01-01,2016-12-31
4510644,TOBACCO_MPOWER_R_INFLATIONADJUSTEDPRICES,COUNTRY,CYP,EUR,Europe,YEAR,2022,TOBACCO_INDICATOR,TOBACCO_INDICATOR_R_afford_inflation_adjusted_price_ppp,,,,,,,8.48,8.48,,,,2025-08-18T14:33:28Z,2022,2022-01-01,2022-12-31
4512337,TOBACCO_MPOWER_R_INFLATIONADJUSTEDPRICES,COUNTRY,PRT,EUR,Europe,YEAR,2012,TOBACCO_INDICATOR,TOBACCO_INDICATOR_R_afford_inflation_adjusted_price_lcu,,,,,,,5.17,5.17,,,,2025-08-18T14:33:28Z,2012,2012-01-01,2012-12-31
4513546,TOBACCO_MPOWER_R_INFLATIONADJUSTEDPRICES,COUNTRY,BDI,AFR,Africa,YEAR,2016,TOBACCO_INDICATOR,TOBACCO_INDICATOR_R_afford_inflation_adjusted_price_lcu,,,,,,,3779.82,3779.82,,,,2025-08-18T14:33:28Z,2016,2016-01-01,2016-12-31
4513557,TOBACCO_MPOWER_R_INFLATIONADJUSTEDPRICES,COUNTRY,GRC,EUR,Europe,YEAR,2024,TOBACCO_INDICATOR,TOBACCO_INDICATOR_R_afford_inflation_adjusted_price_ppp,,,,,,,8.65,8.65,,,,2025-08-18T14:33:28Z,2024,2024-01-01,2024-12-31
4513629,TOBACCO_MPOWER_R_INFLATIONADJUSTEDPRICES,COUNTRY,COM,AFR,Africa,YEAR,2018,TOBACCO_INDICATOR,TOBACCO_INDICATOR_R_afford_inflation_adjusted_price_lcu,,,,,,,535.7,535.7,,,,2025-08-18T14:33:28Z,2018,2018-01-01,2018-12-31
4517680,TOBACCO_MPOWER_R_INFLATIONADJUSTEDPRICES,COUNTRY,SSD,AFR,Africa,YEAR,2014,TOBACCO_INDICATOR,TOBACCO_INDICATOR_R_afford_inflation_adjusted_price_lcu,,,,,,,. . .,,,,,2025-08-18T14:33:28Z,2014,2014-01-01,2014-12-31
4518490,TOBACCO_MPOWER_R_INFLATIONADJUSTEDPRICES,COUNTRY,JAM,AMR,Americas,YEAR,2018,TOBACCO_INDICATOR,TOBACCO_INDICATOR_R_afford_inflation_adjusted_price_ppp,,,,,,,21.33,21.33,,,Data not validated by the national authorities.,2025-08-18T14:33:28Z,2018,2018-01-01,2018-12-31
4522834,TOBACCO_MPOWER_R_INFLATIONADJUSTEDPRICES,COUNTRY,SLE,AFR,Africa,YEAR,2024,TOBACCO_INDICATOR,TOBACCO_INDICATOR_R_afford_inflation_adjusted_price_lcu,,,,,,,10,10,,,,2025-08-18T14:33:28Z,2024,2024-01-01,2024-12-31
4522950,TOBACCO_MPOWER_R_INFLATIONADJUSTEDPRICES,COUNTRY,POL,EUR,Europe,YEAR,2016,TOBACCO_INDICATOR,TOBACCO_INDICATOR_R_afford_inflation_adjusted_price_lcu,,,,,,,22.4,22.4,,,,2025-08-18T14:33:28Z,2016,2016-01-01,2016-12-31
4524327,TOBACCO_MPOWER_R_INFLATIONADJUSTEDPRICES,COUNTRY,CYP,EUR,Europe,YEAR,2022,TOBACCO_INDICATOR,TOBACCO_INDICATOR_R_afford_inflation_adjusted_price_lcu,,,,,,,4.78,4.78,,,,2025-08-18T14:33:28Z,2022,2022-01-01,2022-12-31
4528204,TOBACCO_MPOWER_R_INFLATIONADJUSTEDPRICES,COUNTRY,CHE,EUR,Europe,YEAR,2010,TOBACCO_INDICATOR,TOBACCO_INDICATOR_R_afford_inflation_adjusted_price_lcu,,,,,,,7.6,7.6,,,,2025-08-18T14:33:28Z,2010,2010-01-01,2010-12-31
4535054,TOBACCO_MPOWER_R_INFLATIONADJUSTEDPRICES,COUNTRY,TTO,AMR,Americas,YEAR,2020,TOBACCO_INDICATOR,TOBACCO_INDICATOR_R_afford_inflation_adjusted_price_ppp,,,,,,,9.42,9.42,,,,2025-08-18T14:33:28Z,2020,2020-01-01,2020-12-31
4537085,TOBACCO_MPOWER_R_INFLATIONADJUSTEDPRICES,COUNTRY,ROU,EUR,Europe,YEAR,2012,TOBACCO_INDICATOR,TOBACCO_INDICATOR_R_afford_inflation_adjusted_price_ppp,,,,,,,12.18,12.18,,,,2025-08-18T14:33:28Z,2012,2012-01-01,2012-12-31
4538778,TOBACCO_MPOWER_R_INFLATIONADJUSTEDPRICES,COUNTRY,GHA,AFR,Africa,YEAR,2024,TOBACCO_INDICATOR,TOBACCO_INDICATOR_R_afford_inflation_adjusted_price_ppp,,,,,,,6.11,6.11,,,,2025-08-18T14:33:28Z,2024,2024-01-01,2024-12-31
4540189,TOBACCO_MPOWER_R_INFLATIONADJUSTEDPRICES,COUNTRY,MYS,WPR,Western Pacific,YEAR,2024,TOBACCO_INDICATOR,TOBACCO_INDICATOR_R_afford_inflation_adjusted_price_ppp,,,,,,,12.62,12.62,,,,2025-08-18T14:33:28Z,2024,2024-01-01,2024-12-31
4540191,TOBACCO_MPOWER_R_INFLATIONADJUSTEDPRICES,COUNTRY,GRC,EUR,Europe,YEAR,2012,TOBACCO_INDICATOR,TOBACCO_INDICATOR_R_afford_inflation_adjusted_price_lcu,,,,,,,4.27,4.27,,,,2025-08-18T14:33:28Z,2012,2012-01-01,2012-12-31
4540503,TOBACCO_MPOWER_R_INFLATIONADJUSTEDPRICES,COUNTRY,TCD,AFR,Africa,YEAR,2010,TOBACCO_INDICATOR,TOBACCO_INDICATOR_R_afford_inflation_adjusted_price_lcu,,,,,,,660.23,660.23,,,,2025-08-18T14:33:28Z,2010,2010-01-01,2010-12-31
4541486,TOBACCO_MPOWER_R_INFLATIONADJUSTEDPRICES,COUNTRY,PAN,AMR,Americas,YEAR,2014,TOBACCO_INDICATOR,TOBACCO_INDICATOR_R_afford_inflation_adjusted_price_ppp,,,,,,,12.35,12.35,,,,2025-08-18T14:33:28Z,2014,2014-01-01,2014-12-31
4547958,TOBACCO_MPOWER_R_INFLATIONADJUSTEDPRICES,COUNTRY,GTM,AMR,Americas,YEAR,2022,TOBACCO_INDICATOR,TOBACCO_INDICATOR_R_afford_inflation_adjusted_price_lcu,,,,,,,24.58,24.58,,,,2025-08-18T14:33:28Z,2022,2022-01-01,2022-12-31
4549613,TOBACCO_MPOWER_R_INFLATIONADJUSTEDPRICES,COUNTRY,RUS,EUR,Europe,YEAR,2012,TOBACCO_INDICATOR,TOBACCO_INDICATOR_R_afford_inflation_adjusted_price_lcu,,,,,,,100.53,100.53,,,,2025-08-18T14:33:28Z,2012,2012-01-01,2012-12-31
4550570,TOBACCO_MPOWER_R_INFLATIONADJUSTEDPRICES,COUNTRY,SLV,AMR,Americas,YEAR,2022,TOBACCO_INDICATOR,TOBACCO_INDICATOR_R_afford_inflation_adjusted_price_ppp,,,,,,,8.63,8.63,,,,2025-08-18T14:33:28Z,2022,2022-01-01,2022-12-31
4550628,TOBACCO_MPOWER_R_INFLATIONADJUSTEDPRICES,COUNTRY,BTN,SEAR,South-East Asia,YEAR,2024,TOBACCO_INDICATOR,TOBACCO_INDICATOR_R_afford_inflation_adjusted_price_ppp,,,,,,,11.86,11.86,,,,2025-08-18T14:33:28Z,2024,2024-01-01,2024-12-31
4552527,TOBACCO_MPOWER_R_INFLATIONADJUSTEDPRICES,COUNTRY,GAB,AFR,Africa,YEAR,2008,TOBACCO_INDICATOR,TOBACCO_INDICATOR_R_afford_inflation_adjusted_price_lcu,,,,,,,1418.41,1418.41,,,,2025-08-18T14:33:28Z,2008,2008-01-01,2008-12-31
4553708,TOBACCO_MPOWER_R_INFLATIONADJUSTEDPRICES,COUNTRY,NZL,WPR,Western Pacific,YEAR,2016,TOBACCO_INDICATOR,TOBACCO_INDICATOR_R_afford_inflation_adjusted_price_ppp,,,,,,,20.14,20.14,,,,2025-08-18T14:33:28Z,2016,2016-01-01,2016-12-31
4566576,TOBACCO_MPOWER_R_INFLATIONADJUSTEDPRICES,COUNTRY,MLT,EUR,Europe,YEAR,2016,TOBACCO_INDICATOR,TOBACCO_INDICATOR_R_afford_inflation_adjusted_price_lcu,,,,,,,6.46,6.46,,,,2025-08-18T14:33:28Z,2016,2016-01-01,2016-12-31
4571454,TOBACCO_MPOWER_R_INFLATIONADJUSTEDPRICES,COUNTRY,STP,AFR,Africa,YEAR,2022,TOBACCO_INDICATOR,TOBACCO_INDICATOR_R_afford_inflation_adjusted_price_ppp,,,,,,,4.04,4.04,,,,2025-08-18T14:33:28Z,2022,2022-01-01,2022-12-31
4574986,TOBACCO_MPOWER_R_INFLATIONADJUSTEDPRICES,COUNTRY,CIV,AFR,Africa,YEAR,2018,TOBACCO_INDICATOR,TOBACCO_INDICATOR_R_afford_inflation_adjusted_price_lcu,,,,,,,855.3,855.3,,,,2025-08-18T14:33:28Z,2018,2018-01-01,2018-12-31
4579275,TOBACCO_MPOWER_R_INFLATIONADJUSTEDPRICES,COUNTRY,COL,AMR,Americas,YEAR,2020,TOBACCO_INDICATOR,TOBACCO_INDICATOR_R_afford_inflation_adjusted_price_lcu,,,,,,,7567.29,7567.29,,,,2025-08-18T14:33:28Z,2020,2020-01-01,2020-12-31
4586189,TOBACCO_MPOWER_R_INFLATIONADJUSTEDPRICES,COUNTRY,ISR,EUR,Europe,YEAR,2018,TOBACCO_INDICATOR,TOBACCO_INDICATOR_R_afford_inflation_adjusted_price_ppp,,,,,,,11.88,11.88,,,,2025-08-18T14:33:28Z,2018,2018-01-01,2018-12-31
4591433,TOBACCO_MPOWER_R_INFLATIONADJUSTEDPRICES,COUNTRY,GHA,AFR,Africa,YEAR,2020,TOBACCO_INDICATOR,TOBACCO_INDICATOR_R_afford_inflation_adjusted_price_lcu,,,,,,,12.41,12.41,,,,2025-08-18T14:33:28Z,2020,2020-01-01,2020-12-31
4600311,TOBACCO_MPOWER_R_INFLATIONADJUSTEDPRICES,COUNTRY,NRU,WPR,Western Pacific,YEAR,2008,TOBACCO_INDICATOR,TOBACCO_INDICATOR_R_afford_inflation_adjusted_price_ppp,,,,,,,7.57,7.57,,,,2025-08-18T14:33:28Z,2008,2008-01-01,2008-12-31
4603610,TOBACCO_MPOWER_R_INFLATIONADJUSTEDPRICES,COUNTRY,KNA,AMR,Americas,YEAR,2012,TOBACCO_INDICATOR,TOBACCO_INDICATOR_R_afford_inflation_adjusted_price_lcu,,,,,,,8.13,8.13,,,,2025-08-18T14:33:28Z,2012,2012-01-01,2012-12-31
4618079,TOBACCO_MPOWER_R_INFLATIONADJUSTEDPRICES,COUNTRY,JAM,AMR,Americas,YEAR,2010,TOBACCO_INDICATOR,TOBACCO_INDICATOR_R_afford_inflation_adjusted_price_lcu,,,,,,,1301.9,1301.9,,,Data not validated by the national authorities.,2025-08-18T14:33:28Z,2010,2010-01-01,2010-12-31
4618703,TOBACCO_MPOWER_R_INFLATIONADJUSTEDPRICES,COUNTRY,IDN,WPR,Western Pacific,YEAR,2014,TOBACCO_INDICATOR,TOBACCO_INDICATOR_R_afford_inflation_adjusted_price_ppp,,,,,,,5.47,5.47,,,,2025-08-18T14:33:28Z,2014,2014-01-01,2014-12-31
4625636,TOBACCO_MPOWER_R_INFLATIONADJUSTEDPRICES,COUNTRY,NOR,EUR,Europe,YEAR,2024,TOBACCO_INDICATOR,TOBACCO_INDICATOR_R_afford_inflation_adjusted_price_ppp,,,,,,,18.59,18.59,,,,2025-08-18T14:33:28Z,2024,2024-01-01,2024-12-31
4626510,TOBACCO_MPOWER_R_INFLATIONADJUSTEDPRICES,COUNTRY,SLV,AMR,Americas,YEAR,2024,TOBACCO_INDICATOR,TOBACCO_INDICATOR_R_afford_inflation_adjusted_price_lcu,,,,,,,3.5,3.5,,,,2025-08-18T14:33:28Z,2024,2024-01-01,2024-12-31
4630365,TOBACCO_MPOWER_R_INFLATIONADJUSTEDPRICES,COUNTRY,MKD,EUR,Europe,YEAR,2014,TOBACCO_INDICATOR,TOBACCO_INDICATOR_R_afford_inflation_adjusted_price_ppp,,,,,,,4.38,4.38,,,,2025-08-18T14:33:28Z,2014,2014-01-01,2014-12-31
4630405,TOBACCO_MPOWER_R_INFLATIONADJUSTEDPRICES,COUNTRY,YEM,EMR,Eastern Mediterranean,YEAR,2008,TOBACCO_INDICATOR,TOBACCO_INDICATOR_R_afford_inflation_adjusted_price_lcu,,,,,,,2275.62,2275.62,,,,2025-08-18T14:33:28Z,2008,2008-01-01,2008-12-31
4632062,TOBACCO_MPOWER_R_INFLATIONADJUSTEDPRICES,COUNTRY,KOR,WPR,Western Pacific,YEAR,2014,TOBACCO_INDICATOR,TOBACCO_INDICATOR_R_afford_inflation_adjusted_price_ppp,,,,,,,3.93,3.93,,,,2025-08-18T14:33:28Z,2014,2014-01-01,2014-12-31
4632359,TOBACCO_MPOWER_R_INFLATIONADJUSTEDPRICES,COUNTRY,ARM,EUR,Europe,YEAR,2018,TOBACCO_INDICATOR,TOBACCO_INDICATOR_R_afford_inflation_adjusted_price_ppp,,,,,,,5.4,5.4,,,,2025-08-18T14:33:28Z,2018,2018-01-01,2018-12-31
4632509,TOBACCO_MPOWER_R_INFLATIONADJUSTEDPRICES,COUNTRY,PNG,WPR,Western Pacific,YEAR,2024,TOBACCO_INDICATOR,TOBACCO_INDICATOR_R_afford_inflation_adjusted_price_lcu,,,,,,,20,20,,,,2025-08-18T14:33:28Z,2024,2024-01-01,2024-12-31
4639577,TOBACCO_MPOWER_R_INFLATIONADJUSTEDPRICES,COUNTRY,MCO,EUR,Europe,YEAR,2014,TOBACCO_INDICATOR,TOBACCO_INDICATOR_R_afford_inflation_adjusted_price_ppp,,,,,,,. . .,,,,,2025-08-18T14:33:28Z,2014,2014-01-01,2014-12-31
4639909,TOBACCO_MPOWER_R_INFLATIONADJUSTEDPRICES,COUNTRY,HRV,EUR,Europe,YEAR,2022,TOBACCO_INDICATOR,TOBACCO_INDICATOR_R_afford_inflation_adjusted_price_lcu,,,,,,,3.75,3.75,,,,2025-08-18T14:33:28Z,2022,2022-01-01,2022-12-31
4643758,TOBACCO_MPOWER_R_INFLATIONADJUSTEDPRICES,COUNTRY,ARM,EUR,Europe,YEAR,2016,TOBACCO_INDICATOR,TOBACCO_INDICATOR_R_afford_inflation_adjusted_price_ppp,,,,,,,5.08,5.08,,,,2025-08-18T14:33:28Z,2016,2016-01-01,2016-12-31
4643797,TOBACCO_MPOWER_R_INFLATIONADJUSTEDPRICES,COUNTRY,ALB,EUR,Europe,YEAR,2008,TOBACCO_INDICATOR,TOBACCO_INDICATOR_R_afford_inflation_adjusted_price_lcu,,,,,,,194.27,194.27,,,,2025-08-18T14:33:28Z,2008,2008-01-01,2008-12-31
4644633,TOBACCO_MPOWER_R_INFLATIONADJUSTEDPRICES,COUNTRY,MEX,AMR,Americas,YEAR,2018,TOBACCO_INDICATOR,TOBACCO_INDICATOR_R_afford_inflation_adjusted_price_lcu,,,,,,,67.52,67.52,,,,2025-08-18T14:33:28Z,2018,2018-01-01,2018-12-31
4645511,TOBACCO_MPOWER_R_INFLATIONADJUSTEDPRICES,COUNTRY,SLV,AMR,Americas,YEAR,2010,TOBACCO_INDICATOR,TOBACCO_INDICATOR_R_afford_inflation_adjusted_price_ppp,,,,,,,5.72,5.72,,,,2025-08-18T14:33:28Z,2010,2010-01-01,2010-12-31
4646526,TOBACCO_MPOWER_R_INFLATIONADJUSTEDPRICES,COUNTRY,EST,EUR,Europe,YEAR,2018,TOBACCO_INDICATOR,TOBACCO_INDICATOR_R_afford_inflation_adjusted_price_lcu,,,,,,,5.02,5.02,,,,2025-08-18T14:33:28Z,2018,2018-01-01,2018-12-31
4647708,TOBACCO_MPOWER_R_INFLATIONADJUSTEDPRICES,COUNTRY,IRL,EUR,Europe,YEAR,2024,TOBACCO_INDICATOR,TOBACCO_INDICATOR_R_afford_inflation_adjusted_price_lcu,,,,,,,17.05,17.05,,,,2025-08-18T14:33:28Z,2024,2024-01-01,2024-12-31
4648333,TOBACCO_MPOWER_R_INFLATIONADJUSTEDPRICES,COUNTRY,COD,AFR,Africa,YEAR,2020,TOBACCO_INDICATOR,TOBACCO_INDICATOR_R_afford_inflation_adjusted_price_ppp,,,,,,,1.47,1.47,,,,2025-08-18T14:33:28Z,2020,2020-01-01,2020-12-31
4654579,TOBACCO_MPOWER_R_INFLATIONADJUSTEDPRICES,COUNTRY,BWA,AFR,Africa,YEAR,2014,TOBACCO_INDICATOR,TOBACCO_INDICATOR_R_afford_inflation_adjusted_price_lcu,,,,,,,41.83,41.83,,,,2025-08-18T14:33:28Z,2014,2014-01-01,2014-12-31
4656287,TOBACCO_MPOWER_R_INFLATIONADJUSTEDPRICES,COUNTRY,COK,WPR,Western Pacific,YEAR,2012,TOBACCO_INDICATOR,TOBACCO_INDICATOR_R_afford_inflation_adjusted_price_lcu,,,,,,,. . .,,,,,2025-08-18T14:33:28Z,2012,2012-01-01,2012-12-31
4656876,TOBACCO_MPOWER_R_INFLATIONADJUSTEDPRICES,COUNTRY,CHE,EUR,Europe,YEAR,2010,TOBACCO_INDICATOR,TOBACCO_INDICATOR_R_afford_inflation_adjusted_price_ppp,,,,,,,7.59,7.59,,,,2025-08-18T14:33:28Z,2010,2010-01-01,2010-12-31
4659407,TOBACCO_MPOWER_R_INFLATIONADJUSTEDPRICES,COUNTRY,USA,AMR,Americas,YEAR,2008,TOBACCO_INDICATOR,TOBACCO_INDICATOR_R_afford_inflation_adjusted_price_ppp,,,,,,,6.68,6.68,,,,2025-08-18T14:33:28Z,2008,2008-01-01,2008-12-31
4660277,TOBACCO_MPOWER_R_INFLATIONADJUSTEDPRICES,COUNTRY,ALB,EUR,Europe,YEAR,2012,TOBACCO_INDICATOR,TOBACCO_INDICATOR_R_afford_inflation_adjusted_price_ppp,,,,,,,5.29,5.29,,,,2025-08-18T14:33:28Z,2012,2012-01-01,2012-12-31
4665829,TOBACCO_MPOWER_R_INFLATIONADJUSTEDPRICES,COUNTRY,NGA,AFR,Africa,YEAR,2024,TOBACCO_INDICATOR,TOBACCO_INDICATOR_R_afford_inflation_adjusted_price_lcu,,,,,,,800,800,,,,2025-08-18T14:33:28Z,2024,2024-01-01,2024-12-31
4666936,TOBACCO_MPOWER_R_INFLATIONADJUSTEDPRICES,COUNTRY,BGR,EUR,Europe,YEAR,2014,TOBACCO_INDICATOR,TOBACCO_INDICATOR_R_afford_inflation_adjusted_price_lcu,,,,,,,5.99,5.99,,,,2025-08-18T14:33:28Z,2014,2014-01-01,2014-12-31
4667177,TOBACCO_MPOWER_R_INFLATIONADJUSTEDPRICES,COUNTRY,NIU,WPR,Western Pacific,YEAR,2008,TOBACCO_INDICATOR,TOBACCO_INDICATOR_R_afford_inflation_adjusted_price_lcu,,,,,,,. . .,,,,,2025-08-18T14:33:28Z,2008,2008-01-01,2008-12-31
4670453,TOBACCO_MPOWER_R_INFLATIONADJUSTEDPRICES,COUNTRY,TUN,EMR,Eastern Mediterranean,YEAR,2016,TOBACCO_INDICATOR,TOBACCO_INDICATOR_R_afford_inflation_adjusted_price_lcu,,,,,,,4.35,4.35,,,,2025-08-18T14:33:28Z,2016,2016-01-01,2016-12-31
4676454,TOBACCO_MPOWER_R_INFLATIONADJUSTEDPRICES,COUNTRY,MDA,EUR,Europe,YEAR,2022,TOBACCO_INDICATOR,TOBACCO_INDICATOR_R_afford_inflation_adjusted_price_ppp,,,,,,,6.5,6.5,,,,2025-08-18T14:33:28Z,2022,2022-01-01,2022-12-31
4676734,TOBACCO_MPOWER_R_INFLATIONADJUSTEDPRICES,COUNTRY,BIH,EUR,Europe,YEAR,2008,TOBACCO_INDICATOR,TOBACCO_INDICATOR_R_afford_inflation_adjusted_price_lcu,,,,,,,2.66,2.66,,,,2025-08-18T14:33:28Z,2008,2008-01-01,2008-12-31
4682003,TOBACCO_MPOWER_R_INFLATIONADJUSTEDPRICES,COUNTRY,BGD,SEAR,South-East Asia,YEAR,2010,TOBACCO_INDICATOR,TOBACCO_INDICATOR_R_afford_inflation_adjusted_price_lcu,,,,,,,43.34,43.34,,,,2025-08-18T14:33:28Z,2010,2010-01-01,2010-12-31
4689917,TOBACCO_MPOWER_R_INFLATIONADJUSTEDPRICES,COUNTRY,GRC,EUR,Europe,YEAR,2022,TOBACCO_INDICATOR,TOBACCO_INDICATOR_R_afford_inflation_adjusted_price_lcu,,,,,,,4.93,4.93,,,,2025-08-18T14:33:28Z,2022,2022-01-01,2022-12-31
4690605,TOBACCO_MPOWER_R_INFLATIONADJUSTEDPRICES,COUNTRY,TUR,EUR,Europe,YEAR,2014,TOBACCO_INDICATOR,TOBACCO_INDICATOR_R_afford_inflation_adjusted_price_ppp,,,,,,,9.56,9.56,,,,2025-08-18T14:33:28Z,2014,2014-01-01,2014-12-31
4698201,TOBACCO_MPOWER_R_INFLATIONADJUSTEDPRICES,COUNTRY,SDN,EMR,Eastern Mediterranean,YEAR,2024,TOBACCO_INDICATOR,TOBACCO_INDICATOR_R_afford_inflation_adjusted_price_lcu,,,,,,,. . .,,,,,2025-08-18T14:33:28Z,2024,2024-01-01,2024-12-31
4704591,TOBACCO_MPOWER_R_INFLATIONADJUSTEDPRICES,COUNTRY,LTU,EUR,Europe,YEAR,2024,TOBACCO_INDICATOR,TOBACCO_INDICATOR_R_afford_inflation_adjusted_price_ppp,,,,,,,10,10,,,,2025-08-18T14:33:28Z,2024,2024-01-01,2024-12-31
4710073,TOBACCO_MPOWER_R_INFLATIONADJUSTEDPRICES,COUNTRY,HTI,AMR,Americas,YEAR,2012,TOBACCO_INDICATOR,TOBACCO_INDICATOR_R_afford_inflation_adjusted_price_ppp,,,,,,,. . .,,,,,2025-08-18T14:33:28Z,2012,2012-01-01,2012-12-31
4711163,TOBACCO_MPOWER_R_INFLATIONADJUSTEDPRICES,COUNTRY,IRL,EUR,Europe,YEAR,2012,TOBACCO_INDICATOR,TOBACCO_INDICATOR_R_afford_inflation_adjusted_price_ppp,,,,,,,16.4,16.4,,,,2025-08-18T14:33:28Z,2012,2012-01-01,2012-12-31
4713039,TOBACCO_MPOWER_R_INFLATIONADJUSTEDPRICES,COUNTRY,CMR,AFR,Africa,YEAR,2010,TOBACCO_INDICATOR,TOBACCO_INDICATOR_R_afford_inflation_adjusted_price_lcu,,,,,,,738.7,738.7,,,,2025-08-18T14:33:28Z,2010,2010-01-01,2010-12-31
4724370,TOBACCO_MPOWER_R_INFLATIONADJUSTEDPRICES,COUNTRY,MCO,EUR,Europe,YEAR,2008,TOBACCO_INDICATOR,TOBACCO_INDICATOR_R_afford_inflation_adjusted_price_ppp,,,,,,,. . .,,,,,2025-08-18T14:33:28Z,2008,2008-01-01,2008-12-31
4726390,TOBACCO_MPOWER_R_INFLATIONADJUSTEDPRICES,COUNTRY,PER,AMR,Americas,YEAR,2022,TOBACCO_INDICATOR,TOBACCO_INDICATOR_R_afford_inflation_adjusted_price_ppp,,,,,,,7.91,7.91,,,,2025-08-18T14:33:28Z,2022,2022-01-01,2022-12-31
4726928,TOBACCO_MPOWER_R_INFLATIONADJUSTEDPRICES,COUNTRY,PER,AMR,Americas,YEAR,2014,TOBACCO_INDICATOR,TOBACCO_INDICATOR_R_afford_inflation_adjusted_price_ppp,,,,,,,5.04,5.04,,,,2025-08-18T14:33:28Z,2014,2014-01-01,2014-12-31
4727107,TOBACCO_MPOWER_R_INFLATIONADJUSTEDPRICES,COUNTRY,ZWE,AFR,Africa,YEAR,2022,TOBACCO_INDICATOR,TOBACCO_INDICATOR_R_afford_inflation_adjusted_price_lcu,,,,,,,. . .,,,,,2025-08-18T14:33:28Z,2022,2022-01-01,2022-12-31
4730207,TOBACCO_MPOWER_R_INFLATIONADJUSTEDPRICES,COUNTRY,KAZ,EUR,Europe,YEAR,2014,TOBACCO_INDICATOR,TOBACCO_INDICATOR_R_afford_inflation_adjusted_price_lcu,,,,,,,508.25,508.25,,,,2025-08-18T14:33:28Z,2014,2014-01-01,2014-12-31
4732155,TOBACCO_MPOWER_R_INFLATIONADJUSTEDPRICES,COUNTRY,TUR,EUR,Europe,YEAR,2014,TOBACCO_INDICATOR,TOBACCO_INDICATOR_R_afford_inflation_adjusted_price_lcu,,,,,,,78.01,78.01,,,,2025-08-18T14:33:28Z,2014,2014-01-01,2014-12-31
4734077,TOBACCO_MPOWER_R_INFLATIONADJUSTEDPRICES,COUNTRY,KNA,AMR,Americas,YEAR,2008,TOBACCO_INDICATOR,TOBACCO_INDICATOR_R_afford_inflation_adjusted_price_lcu,,,,,,,5.76,5.76,,,,2025-08-18T14:33:28Z,2008,2008-01-01,2008-12-31
4738496,TOBACCO_MPOWER_R_INFLATIONADJUSTEDPRICES,COUNTRY,PER,AMR,Americas,YEAR,2018,TOBACCO_INDICATOR,TOBACCO_INDICATOR_R_afford_inflation_adjusted_price_ppp,,,,,,,11.4,11.4,,,,2025-08-18T14:33:28Z,2018,2018-01-01,2018-12-31
4738998,TOBACCO_MPOWER_R_INFLATIONADJUSTEDPRICES,COUNTRY,BGD,SEAR,South-East Asia,YEAR,2012,TOBACCO_INDICATOR,TOBACCO_INDICATOR_R_afford_inflation_adjusted_price_lcu,,,,,,,60.26,60.26,,,,2025-08-18T14:33:28Z,2012,2012-01-01,2012-12-31
4742295,TOBACCO_MPOWER_R_INFLATIONADJUSTEDPRICES,COUNTRY,MLI,AFR,Africa,YEAR,2020,TOBACCO_INDICATOR,TOBACCO_INDICATOR_R_afford_inflation_adjusted_price_lcu,,,,,,,960.02,960.02,,,,2025-08-18T14:33:28Z,2020,2020-01-01,2020-12-31
4742330,TOBACCO_MPOWER_R_INFLATIONADJUSTEDPRICES,COUNTRY,SGP,WPR,Western Pacific,YEAR,2016,TOBACCO_INDICATOR,TOBACCO_INDICATOR_R_afford_inflation_adjusted_price_lcu,,,,,,,15.37,15.37,,,,2025-08-18T14:33:28Z,2016,2016-01-01,2016-12-31
4742874,TOBACCO_MPOWER_R_INFLATIONADJUSTEDPRICES,COUNTRY,EST,EUR,Europe,YEAR,2012,TOBACCO_INDICATOR,TOBACCO_INDICATOR_R_afford_inflation_adjusted_price_ppp,,,,,,,8.51,8.51,,,,2025-08-18T14:33:28Z,2012,2012-01-01,2012-12-31
4743162,TOBACCO_MPOWER_R_INFLATIONADJUSTEDPRICES,COUNTRY,SWE,EUR,Europe,YEAR,2014,TOBACCO_INDICATOR,TOBACCO_INDICATOR_R_afford_inflation_adjusted_price_lcu,,,,,,,76.57,76.57,,,,2025-08-18T14:33:28Z,2014,2014-01-01,2014-12-31
4753679,TOBACCO_MPOWER_R_INFLATIONADJUSTEDPRICES,COUNTRY,DOM,AMR,Americas,YEAR,2012,TOBACCO_INDICATOR,TOBACCO_INDICATOR_R_afford_inflation_adjusted_price_ppp,,,,,,,9.36,9.36,,,,2025-08-18T14:33:28Z,2012,2012-01-01,2012-12-31
4756603,TOBACCO_MPOWER_R_INFLATIONADJUSTEDPRICES,COUNTRY,FRA,EUR,Europe,YEAR,2008,TOBACCO_INDICATOR,TOBACCO_INDICATOR_R_afford_inflation_adjusted_price_lcu,,,,,,,7.08,7.08,,,,2025-08-18T14:33:28Z,2008,2008-01-01,2008-12-31
4757951,TOBACCO_MPOWER_R_INFLATIONADJUSTEDPRICES,COUNTRY,HTI,AMR,Americas,YEAR,2010,TOBACCO_INDICATOR,TOBACCO_INDICATOR_R_afford_inflation_adjusted_price_ppp,,,,,,,. . .,,,,,2025-08-18T14:33:28Z,2010,2010-01-01,2010-12-31
4760640,TOBACCO_MPOWER_R_INFLATIONADJUSTEDPRICES,COUNTRY,CHN,WPR,Western Pacific,YEAR,2018,TOBACCO_INDICATOR,TOBACCO_INDICATOR_R_afford_inflation_adjusted_price_lcu,,,,,,,15.34,15.34,,,,2025-08-18T14:33:28Z,2018,2018-01-01,2018-12-31
4764589,TOBACCO_MPOWER_R_INFLATIONADJUSTEDPRICES,COUNTRY,VUT,WPR,Western Pacific,YEAR,2012,TOBACCO_INDICATOR,TOBACCO_INDICATOR_R_afford_inflation_adjusted_price_ppp,,,,,,,8.45,8.45,,,,2025-08-18T14:33:28Z,2012,2012-01-01,2012-12-31
4767641,TOBACCO_MPOWER_R_INFLATIONADJUSTEDPRICES,COUNTRY,NGA,AFR,Africa,YEAR,2022,TOBACCO_INDICATOR,TOBACCO_INDICATOR_R_afford_inflation_adjusted_price_ppp,,,,,,,3.8,3.8,,,,2025-08-18T14:33:28Z,2022,2022-01-01,2022-12-31
4771451,TOBACCO_MPOWER_R_INFLATIONADJUSTEDPRICES,COUNTRY,RWA,AFR,Africa,YEAR,2018,TOBACCO_INDICATOR,TOBACCO_INDICATOR_R_afford_inflation_adjusted_price_ppp,,,,,,,2.6,2.6,,,,2025-08-18T14:33:28Z,2018,2018-01-01,2018-12-31
4774050,TOBACCO_MPOWER_R_INFLATIONADJUSTEDPRICES,COUNTRY,MAR,EMR,Eastern Mediterranean,YEAR,2022,TOBACCO_INDICATOR,TOBACCO_INDICATOR_R_afford_inflation_adjusted_price_lcu,,,,,,,26.78,26.78,,,,2025-08-18T14:33:28Z,2022,2022-01-01,2022-12-31
4775069,TOBACCO_MPOWER_R_INFLATIONADJUSTEDPRICES,COUNTRY,VEN,AMR,Americas,YEAR,2014,TOBACCO_INDICATOR,TOBACCO_INDICATOR_R_afford_inflation_adjusted_price_ppp,,,,,,,. . .,,,,Data not validated by the national authorities.,2025-08-18T14:33:28Z,2014,2014-01-01,2014-12-31
4775469,TOBACCO_MPOWER_R_INFLATIONADJUSTEDPRICES,COUNTRY,MDG,AFR,Africa,YEAR,2008,TOBACCO_INDICATOR,TOBACCO_INDICATOR_R_afford_inflation_adjusted_price_lcu,,,,,,,4331.77,4331.77,,,,2025-08-18T14:33:28Z,2008,2008-01-01,2008-12-31
4777138,TOBACCO_MPOWER_R_INFLATIONADJUSTEDPRICES,COUNTRY,MYS,WPR,Western Pacific,YEAR,2008,TOBACCO_INDICATOR,TOBACCO_INDICATOR_R_afford_inflation_adjusted_price_ppp,,,,,,,8.08,8.08,,,,2025-08-18T14:33:28Z,2008,2008-01-01,2008-12-31
4784941,TOBACCO_MPOWER_R_INFLATIONADJUSTEDPRICES,COUNTRY,VEN,AMR,Americas,YEAR,2010,TOBACCO_INDICATOR,TOBACCO_INDICATOR_R_afford_inflation_adjusted_price_lcu,,,,,,,. . .,,,,Data not validated by the national authorities.,2025-08-18T14:33:28Z,2010,2010-01-01,2010-12-31
4787741,TOBACCO_MPOWER_R_INFLATIONADJUSTEDPRICES,COUNTRY,TTO,AMR,Americas,YEAR,2012,TOBACCO_INDICATOR,TOBACCO_INDICATOR_R_afford_inflation_adjusted_price_lcu,,,,,,,27.77,27.77,,,,2025-08-18T14:33:28Z,2012,2012-01-01,2012-12-31
4787969,TOBACCO_MPOWER_R_INFLATIONADJUSTEDPRICES,COUNTRY,BRA,AMR,Americas,YEAR,2020,TOBACCO_INDICATOR,TOBACCO_INDICATOR_R_afford_inflation_adjusted_price_ppp,,,,,,,2.81,2.81,,,,2025-08-18T14:33:28Z,2020,2020-01-01,2020-12-31
4794842,TOBACCO_MPOWER_R_INFLATIONADJUSTEDPRICES,COUNTRY,GMB,AFR,Africa,YEAR,2018,TOBACCO_INDICATOR,TOBACCO_INDICATOR_R_afford_inflation_adjusted_price_ppp,,,,,,,5.09,5.09,,,,2025-08-18T14:33:28Z,2018,2018-01-01,2018-12-31
4796177,TOBACCO_MPOWER_R_INFLATIONADJUSTEDPRICES,COUNTRY,AFG,EMR,Eastern Mediterranean,YEAR,2024,TOBACCO_INDICATOR,TOBACCO_INDICATOR_R_afford_inflation_adjusted_price_ppp,,,,,,,. . .,,,,,2025-08-18T14:33:28Z,2024,2024-01-01,2024-12-31
4796242,TOBACCO_MPOWER_R_INFLATIONADJUSTEDPRICES,COUNTRY,SUR,AMR,Americas,YEAR,2014,TOBACCO_INDICATOR,TOBACCO_INDICATOR_R_afford_inflation_adjusted_price_ppp,,,,,,,6.94,6.94,,,,2025-08-18T14:33:28Z,2014,2014-01-01,2014-12-31
4797726,TOBACCO_MPOWER_R_INFLATIONADJUSTEDPRICES,COUNTRY,SLB,WPR,Western Pacific,YEAR,2018,TOBACCO_INDICATOR,TOBACCO_INDICATOR_R_afford_inflation_adjusted_price_lcu,,,,,,,38.94,38.94,,,,2025-08-18T14:33:28Z,2018,2018-01-01,2018-12-31
4798288,TOBACCO_MPOWER_R_INFLATIONADJUSTEDPRICES,COUNTRY,VNM,WPR,Western Pacific,YEAR,2020,TOBACCO_INDICATOR,TOBACCO_INDICATOR_R_afford_inflation_adjusted_price_ppp,,,,,,,3.69,3.69,,,,2025-08-18T14:33:28Z,2020,2020-01-01,2020-12-31
4799162,TOBACCO_MPOWER_R_INFLATIONADJUSTEDPRICES,COUNTRY,TJK,EUR,Europe,YEAR,2018,TOBACCO_INDICATOR,TOBACCO_INDICATOR_R_afford_inflation_adjusted_price_ppp,,,,,,,4.02,4.02,,,,2025-08-18T14:33:28Z,2018,2018-01-01,2018-12-31
4799255,TOBACCO_MPOWER_R_INFLATIONADJUSTEDPRICES,COUNTRY,CPV,AFR,Africa,YEAR,2024,TOBACCO_INDICATOR,TOBACCO_INDICATOR_R_afford_inflation_adjusted_price_ppp,,,,,,,8.42,8.42,,,,2025-08-18T14:33:28Z,2024,2024-01-01,2024-12-31
4799460,TOBACCO_MPOWER_R_INFLATIONADJUSTEDPRICES,COUNTRY,NLD,EUR,Europe,YEAR,2022,TOBACCO_INDICATOR,TOBACCO_INDICATOR_R_afford_inflation_adjusted_price_lcu,,,,,,,8.81,8.81,,,,2025-08-18T14:33:28Z,2022,2022-01-01,2022-12-31
4799497,TOBACCO_MPOWER_R_INFLATIONADJUSTEDPRICES,COUNTRY,KWT,EMR,Eastern Mediterranean,YEAR,2016,TOBACCO_INDICATOR,TOBACCO_INDICATOR_R_afford_inflation_adjusted_price_lcu,,,,,,,0.91,0.91,,,,2025-08-18T14:33:28Z,2016,2016-01-01,2016-12-31
4803209,TOBACCO_MPOWER_R_INFLATIONADJUSTEDPRICES,COUNTRY,JOR,EMR,Eastern Mediterranean,YEAR,2010,TOBACCO_INDICATOR,TOBACCO_INDICATOR_R_afford_inflation_adjusted_price_ppp,,,,,,,5.04,5.04,,,,2025-08-18T14:33:28Z,2010,2010-01-01,2010-12-31
4804730,TOBACCO_MPOWER_R_INFLATIONADJUSTEDPRICES,COUNTRY,ARE,EMR,Eastern Mediterranean,YEAR,2016,TOBACCO_INDICATOR,TOBACCO_INDICATOR_R_afford_inflation_adjusted_price_lcu,,,,,,,12.02,12.02,,,,2025-08-18T14:33:28Z,2016,2016-01-01,2016-12-31
4805861,TOBACCO_MPOWER_R_INFLATIONADJUSTEDPRICES,COUNTRY,ARM,EUR,Europe,YEAR,2014,TOBACCO_INDICATOR,TOBACCO_INDICATOR_R_afford_inflation_adjusted_price_ppp,,,,,,,5.13,5.13,,,,2025-08-18T14:33:28Z,2014,2014-01-01,2014-12-31
4807933,TOBACCO_MPOWER_R_INFLATIONADJUSTEDPRICES,COUNTRY,HUN,EUR,Europe,YEAR,2010,TOBACCO_INDICATOR,TOBACCO_INDICATOR_R_afford_inflation_adjusted_price_lcu,,,,,,,1122.95,1122.95,,,,2025-08-18T14:33:28Z,2010,2010-01-01,2010-12-31
4808984,TOBACCO_MPOWER_R_INFLATIONADJUSTEDPRICES,COUNTRY,GIN,AFR,Africa,YEAR,2018,TOBACCO_INDICATOR,TOBACCO_INDICATOR_R_afford_inflation_adjusted_price_ppp,,,,,,,. . .,,,,,2025-08-18T14:33:28Z,2018,2018-01-01,2018-12-31
4810019,TOBACCO_MPOWER_R_INFLATIONADJUSTEDPRICES,COUNTRY,VNM,WPR,Western Pacific,YEAR,2008,TOBACCO_INDICATOR,TOBACCO_INDICATOR_R_afford_inflation_adjusted_price_ppp,,,,,,,3.48,3.48,,,,2025-08-18T14:33:28Z,2008,2008-01-01,2008-12-31
4814943,TOBACCO_MPOWER_R_INFLATIONADJUSTEDPRICES,COUNTRY,EGY,EMR,Eastern Mediterranean,YEAR,2012,TOBACCO_INDICATOR,TOBACCO_INDICATOR_R_afford_inflation_adjusted_price_ppp,,,,,,,4.13,4.13,,,,2025-08-18T14:33:28Z,2012,2012-01-01,2012-12-31
4815643,TOBACCO_MPOWER_R_INFLATIONADJUSTEDPRICES,COUNTRY,ISL,EUR,Europe,YEAR,2012,TOBACCO_INDICATOR,TOBACCO_INDICATOR_R_afford_inflation_adjusted_price_lcu,,,,,,,1576.19,1576.19,,,,2025-08-18T14:33:28Z,2012,2012-01-01,2012-12-31
4818390,TOBACCO_MPOWER_R_INFLATIONADJUSTEDPRICES,COUNTRY,ERI,AFR,Africa,YEAR,2010,TOBACCO_INDICATOR,TOBACCO_INDICATOR_R_afford_inflation_adjusted_price_lcu,,,,,,,. . .,,,,,2025-08-18T14:33:28Z,2010,2010-01-01,2010-12-31
4819467,TOBACCO_MPOWER_R_INFLATIONADJUSTEDPRICES,COUNTRY,COG,AFR,Africa,YEAR,2016,TOBACCO_INDICATOR,TOBACCO_INDICATOR_R_afford_inflation_adjusted_price_lcu,,,,,,,759.13,759.13,,,,2025-08-18T14:33:28Z,2016,2016-01-01,2016-12-31
4825225,TOBACCO_MPOWER_R_INFLATIONADJUSTEDPRICES,COUNTRY,AFG,EMR,Eastern Mediterranean,YEAR,2022,TOBACCO_INDICATOR,TOBACCO_INDICATOR_R_afford_inflation_adjusted_price_ppp,,,,,,,. . .,,,,,2025-08-18T14:33:28Z,2022,2022-01-01,2022-12-31
4830072,TOBACCO_MPOWER_R_INFLATIONADJUSTEDPRICES,COUNTRY,ARG,AMR,Americas,YEAR,2014,TOBACCO_INDICATOR,TOBACCO_INDICATOR_R_afford_inflation_adjusted_price_lcu,,,,,,,. . .,,,,,2025-08-18T14:33:28Z,2014,2014-01-01,2014-12-31
4832721,TOBACCO_MPOWER_R_INFLATIONADJUSTEDPRICES,COUNTRY,HTI,AMR,Americas,YEAR,2022,TOBACCO_INDICATOR,TOBACCO_INDICATOR_R_afford_inflation_adjusted_price_lcu,,,,,,,353.62,353.62,,,,2025-08-18T14:33:28Z,2022,2022-01-01,2022-12-31
4834599,TOBACCO_MPOWER_R_INFLATIONADJUSTEDPRICES,COUNTRY,SLV,AMR,Americas,YEAR,2024,TOBACCO_INDICATOR,TOBACCO_INDICATOR_R_afford_inflation_adjusted_price_ppp,,,,,,,8.31,8.31,,,,2025-08-18T14:33:28Z,2024,2024-01-01,2024-12-31
4834993,TOBACCO_MPOWER_R_INFLATIONADJUSTEDPRICES,COUNTRY,GTM,AMR,Americas,YEAR,2014,TOBACCO_INDICATOR,TOBACCO_INDICATOR_R_afford_inflation_adjusted_price_ppp,,,,,,,7.39,7.39,,,,2025-08-18T14:33:28Z,2014,2014-01-01,2014-12-31
4838039,TOBACCO_MPOWER_R_INFLATIONADJUSTEDPRICES,COUNTRY,VNM,WPR,Western Pacific,YEAR,2012,TOBACCO_INDICATOR,TOBACCO_INDICATOR_R_afford_inflation_adjusted_price_ppp,,,,,,,2.98,2.98,,,,2025-08-18T14:33:28Z,2012,2012-01-01,2012-12-31
4839059,TOBACCO_MPOWER_R_INFLATIONADJUSTEDPRICES,COUNTRY,MOZ,AFR,Africa,YEAR,2014,TOBACCO_INDICATOR,TOBACCO_INDICATOR_R_afford_inflation_adjusted_price_ppp,,,,,,,2.13,2.13,,,,2025-08-18T14:33:28Z,2014,2014-01-01,2014-12-31
4839710,TOBACCO_MPOWER_R_INFLATIONADJUSTEDPRICES,COUNTRY,MNG,WPR,Western Pacific,YEAR,2024,TOBACCO_INDICATOR,TOBACCO_INDICATOR_R_afford_inflation_adjusted_price_ppp,,,,,,,1.94,1.94,,,,2025-08-18T14:33:28Z,2024,2024-01-01,2024-12-31
4846167,TOBACCO_MPOWER_R_INFLATIONADJUSTEDPRICES,COUNTRY,ZAF,AFR,Africa,YEAR,2014,TOBACCO_INDICATOR,TOBACCO_INDICATOR_R_afford_inflation_adjusted_price_ppp,,,,,,,7.53,7.53,,,,2025-08-18T14:33:28Z,2014,2014-01-01,2014-12-31
4848541,TOBACCO_MPOWER_R_INFLATIONADJUSTEDPRICES,COUNTRY,SAU,EMR,Eastern Mediterranean,YEAR,2014,TOBACCO_INDICATOR,TOBACCO_INDICATOR_R_afford_inflation_adjusted_price_ppp,,,,,,,6.57,6.57,,,,2025-08-18T14:33:28Z,2014,2014-01-01,2014-12-31
4856125,TOBACCO_MPOWER_R_INFLATIONADJUSTEDPRICES,COUNTRY,TZA,AFR,Africa,YEAR,2022,TOBACCO_INDICATOR,TOBACCO_INDICATOR_R_afford_inflation_adjusted_price_ppp,,,,,,,5.76,5.76,,,,2025-08-18T14:33:28Z,2022,2022-01-01,2022-12-31
4860144,TOBACCO_MPOWER_R_INFLATIONADJUSTEDPRICES,COUNTRY,SOM,EMR,Eastern Mediterranean,YEAR,2010,TOBACCO_INDICATOR,TOBACCO_INDICATOR_R_afford_inflation_adjusted_price_lcu,,,,,,,. . .,,,,,2025-08-18T14:33:28Z,2010,2010-01-01,2010-12-31
4861206,TOBACCO_MPOWER_R_INFLATIONADJUSTEDPRICES,COUNTRY,FJI,WPR,Western Pacific,YEAR,2018,TOBACCO_INDICATOR,TOBACCO_INDICATOR_R_afford_inflation_adjusted_price_lcu,,,,,,,15.72,15.72,,,,2025-08-18T14:33:28Z,2018,2018-01-01,2018-12-31
4861897,TOBACCO_MPOWER_R_INFLATIONADJUSTEDPRICES,COUNTRY,TON,WPR,Western Pacific,YEAR,2008,TOBACCO_INDICATOR,TOBACCO_INDICATOR_R_afford_inflation_adjusted_price_lcu,,,,,,,13.23,13.23,,,,2025-08-18T14:33:28Z,2008,2008-01-01,2008-12-31
4863293,TOBACCO_MPOWER_R_INFLATIONADJUSTEDPRICES,COUNTRY,BIH,EUR,Europe,YEAR,2014,TOBACCO_INDICATOR,TOBACCO_INDICATOR_R_afford_inflation_adjusted_price_lcu,,,,,,,4.6,4.6,,,,2025-08-18T14:33:28Z,2014,2014-01-01,2014-12-31
4866851,TOBACCO_MPOWER_R_INFLATIONADJUSTEDPRICES,COUNTRY,ZMB,AFR,Africa,YEAR,2016,TOBACCO_INDICATOR,TOBACCO_INDICATOR_R_afford_inflation_adjusted_price_ppp,,,,,,,5.77,5.77,,,,2025-08-18T14:33:28Z,2016,2016-01-01,2016-12-31
4874517,TOBACCO_MPOWER_R_INFLATIONADJUSTEDPRICES,COUNTRY,BGD,SEAR,South-East Asia,YEAR,2008,TOBACCO_INDICATOR,TOBACCO_INDICATOR_R_afford_inflation_adjusted_price_ppp,,,,,,,1.18,1.18,,,,2025-08-18T14:33:28Z,2008,2008-01-01,2008-12-31
4875050,TOBACCO_MPOWER_R_INFLATIONADJUSTEDPRICES,COUNTRY,BIH,EUR,Europe,YEAR,2014,TOBACCO_INDICATOR,TOBACCO_INDICATOR_R_afford_inflation_adjusted_price_ppp,,,,,,,7.26,7.26,,,,2025-08-18T14:33:28Z,2014,2014-01-01,2014-12-31
4875362,TOBACCO_MPOWER_R_INFLATIONADJUSTEDPRICES,COUNTRY,TUR,EUR,Europe,YEAR,2022,TOBACCO_INDICATOR,TOBACCO_INDICATOR_R_afford_inflation_adjusted_price_lcu,,,,,,,76.82,76.82,,,,2025-08-18T14:33:28Z,2022,2022-01-01,2022-12-31
4878182,TOBACCO_MPOWER_R_INFLATIONADJUSTEDPRICES,COUNTRY,SMR,EUR,Europe,YEAR,2018,TOBACCO_INDICATOR,TOBACCO_INDICATOR_R_afford_inflation_adjusted_price_lcu,,,,,,,. . .,,,,,2025-08-18T14:33:28Z,2018,2018-01-01,2018-12-31
4882006,TOBACCO_MPOWER_R_INFLATIONADJUSTEDPRICES,COUNTRY,CIV,AFR,Africa,YEAR,2022,TOBACCO_INDICATOR,TOBACCO_INDICATOR_R_afford_inflation_adjusted_price_ppp,,,,,,,3.96,3.96,,,,2025-08-18T14:33:28Z,2022,2022-01-01,2022-12-31
4883327,TOBACCO_MPOWER_R_INFLATIONADJUSTEDPRICES,COUNTRY,MNE,EUR,Europe,YEAR,2014,TOBACCO_INDICATOR,TOBACCO_INDICATOR_R_afford_inflation_adjusted_price_ppp,,,,,,,5.28,5.28,,,,2025-08-18T14:33:28Z,2014,2014-01-01,2014-12-31
4889297,TOBACCO_MPOWER_R_INFLATIONADJUSTEDPRICES,COUNTRY,LTU,EUR,Europe,YEAR,2018,TOBACCO_INDICATOR,TOBACCO_INDICATOR_R_afford_inflation_adjusted_price_lcu,,,,,,,5.28,5.28,,,,2025-08-18T14:33:28Z,2018,2018-01-01,2018-12-31
4890514,TOBACCO_MPOWER_R_INFLATIONADJUSTEDPRICES,COUNTRY,BLR,EUR,Europe,YEAR,2022,TOBACCO_INDICATOR,TOBACCO_INDICATOR_R_afford_inflation_adjusted_price_lcu,,,,,,,1.83,1.83,,,,2025-08-18T14:33:28Z,2022,2022-01-01,2022-12-31
4894095,TOBACCO_MPOWER_R_INFLATIONADJUSTEDPRICES,COUNTRY,THA,SEAR,South-East Asia,YEAR,2010,TOBACCO_INDICATOR,TOBACCO_INDICATOR_R_afford_inflation_adjusted_price_ppp,,,,,,,6.94,6.94,,,,2025-08-18T14:33:28Z,2010,2010-01-01,2010-12-31
4897227,TOBACCO_MPOWER_R_INFLATIONADJUSTEDPRICES,COUNTRY,TGO,AFR,Africa,YEAR,2022,TOBACCO_INDICATOR,TOBACCO_INDICATOR_R_afford_inflation_adjusted_price_ppp,,,,,,,3.29,3.29,,,,2025-08-18T14:33:28Z,2022,2022-01-01,2022-12-31
4897255,TOBACCO_MPOWER_R_INFLATIONADJUSTEDPRICES,COUNTRY,JAM,AMR,Americas,YEAR,2024,TOBACCO_INDICATOR,TOBACCO_INDICATOR_R_afford_inflation_adjusted_price_ppp,,,,,,,15.34,15.34,,,Data not validated by the national authorities.,2025-08-18T14:33:28Z,2024,2024-01-01,2024-12-31
4898007,TOBACCO_MPOWER_R_INFLATIONADJUSTEDPRICES,COUNTRY,AFG,EMR,Eastern Mediterranean,YEAR,2018,TOBACCO_INDICATOR,TOBACCO_INDICATOR_R_afford_inflation_adjusted_price_lcu,,,,,,,. . .,,,,,2025-08-18T14:33:28Z,2018,2018-01-01,2018-12-31
4899107,TOBACCO_MPOWER_R_INFLATIONADJUSTEDPRICES,COUNTRY,DEU,EUR,Europe,YEAR,2024,TOBACCO_INDICATOR,TOBACCO_INDICATOR_R_afford_inflation_adjusted_price_ppp,,,,,,,12.13,12.13,,,,2025-08-18T14:33:28Z,2024,2024-01-01,2024-12-31
4904257,TOBACCO_MPOWER_R_INFLATIONADJUSTEDPRICES,COUNTRY,JPN,WPR,Western Pacific,YEAR,2010,TOBACCO_INDICATOR,TOBACCO_INDICATOR_R_afford_inflation_adjusted_price_ppp,,,,,,,3.73,3.73,,,,2025-08-18T14:33:28Z,2010,2010-01-01,2010-12-31
4916864,TOBACCO_MPOWER_R_INFLATIONADJUSTEDPRICES,COUNTRY,BDI,AFR,Africa,YEAR,2010,TOBACCO_INDICATOR,TOBACCO_INDICATOR_R_afford_inflation_adjusted_price_lcu,,,,,,,3072.69,3072.69,,,,2025-08-18T14:33:28Z,2010,2010-01-01,2010-12-31
4920252,TOBACCO_MPOWER_R_INFLATIONADJUSTEDPRICES,COUNTRY,CHE,EUR,Europe,YEAR,2020,TOBACCO_INDICATOR,TOBACCO_INDICATOR_R_afford_inflation_adjusted_price_ppp,,,,,,,9.65,9.65,,,,2025-08-18T14:33:28Z,2020,2020-01-01,2020-12-31
4921038,TOBACCO_MPOWER_R_INFLATIONADJUSTEDPRICES,COUNTRY,SGP,WPR,Western Pacific,YEAR,2018,TOBACCO_INDICATOR,TOBACCO_INDICATOR_R_afford_inflation_adjusted_price_ppp,,,,,,,20.29,20.29,,,,2025-08-18T14:33:28Z,2018,2018-01-01,2018-12-31
4930248,TOBACCO_MPOWER_R_INFLATIONADJUSTEDPRICES,COUNTRY,VCT,AMR,Americas,YEAR,2022,TOBACCO_INDICATOR,TOBACCO_INDICATOR_R_afford_inflation_adjusted_price_ppp,,,,,,,6.13,6.13,,,,2025-08-18T14:33:28Z,2022,2022-01-01,2022-12-31
4931547,TOBACCO_MPOWER_R_INFLATIONADJUSTEDPRICES,COUNTRY,PNG,WPR,Western Pacific,YEAR,2016,TOBACCO_INDICATOR,TOBACCO_INDICATOR_R_afford_inflation_adjusted_price_lcu,,,,,,,29.31,29.31,,,,2025-08-18T14:33:28Z,2016,2016-01-01,2016-12-31
4933664,TOBACCO_MPOWER_R_INFLATIONADJUSTEDPRICES,COUNTRY,AFG,EMR,Eastern Mediterranean,YEAR,2020,TOBACCO_INDICATOR,TOBACCO_INDICATOR_R_afford_inflation_adjusted_price_ppp,,,,,,,2.37,2.37,,,,2025-08-18T14:33:28Z,2020,2020-01-01,2020-12-31
4937565,TOBACCO_MPOWER_R_INFLATIONADJUSTEDPRICES,COUNTRY,ZMB,AFR,Africa,YEAR,2010,TOBACCO_INDICATOR,TOBACCO_INDICATOR_R_afford_inflation_adjusted_price_ppp,,,,,,,4.54,4.54,,,,2025-08-18T14:33:28Z,2010,2010-01-01,2010-12-31
4940372,TOBACCO_MPOWER_R_INFLATIONADJUSTEDPRICES,COUNTRY,COL,AMR,Americas,YEAR,2024,TOBACCO_INDICATOR,TOBACCO_INDICATOR_R_afford_inflation_adjusted_price_ppp,,,,,,,5.67,5.67,,,,2025-08-18T14:33:28Z,2024,2024-01-01,2024-12-31
4941330,TOBACCO_MPOWER_R_INFLATIONADJUSTEDPRICES,COUNTRY,PAN,AMR,Americas,YEAR,2022,TOBACCO_INDICATOR,TOBACCO_INDICATOR_R_afford_inflation_adjusted_price_ppp,,,,,,,12.31,12.31,,,,2025-08-18T14:33:28Z,2022,2022-01-01,2022-12-31
4942489,TOBACCO_MPOWER_R_INFLATIONADJUSTEDPRICES,COUNTRY,PSE,EMR,Eastern Mediterranean,YEAR,2008,TOBACCO_INDICATOR,TOBACCO_INDICATOR_R_afford_inflation_adjusted_price_ppp,,,,,,,6.65,6.65,,,,2025-08-18T14:33:28Z,2008,2008-01-01,2008-12-31
4943177,TOBACCO_MPOWER_R_INFLATIONADJUSTEDPRICES,COUNTRY,TUV,WPR,Western Pacific,YEAR,2014,TOBACCO_INDICATOR,TOBACCO_INDICATOR_R_afford_inflation_adjusted_price_ppp,,,,,,,2.74,2.74,,,,2025-08-18T14:33:28Z,2014,2014-01-01,2014-12-31
4944452,TOBACCO_MPOWER_R_INFLATIONADJUSTEDPRICES,COUNTRY,BLZ,AMR,Americas,YEAR,2022,TOBACCO_INDICATOR,TOBACCO_INDICATOR_R_afford_inflation_adjusted_price_lcu,,,,,,,6.24,6.24,,,,2025-08-18T14:33:28Z,2022,2022-01-01,2022-12-31
4959733,TOBACCO_MPOWER_R_INFLATIONADJUSTEDPRICES,COUNTRY,BRN,WPR,Western Pacific,YEAR,2012,TOBACCO_INDICATOR,TOBACCO_INDICATOR_R_afford_inflation_adjusted_price_lcu,,,,,,,7.86,7.86,,,,2025-08-18T14:33:28Z,2012,2012-01-01,2012-12-31
4959895,TOBACCO_MPOWER_R_INFLATIONADJUSTEDPRICES,COUNTRY,BLR,EUR,Europe,YEAR,2008,TOBACCO_INDICATOR,TOBACCO_INDICATOR_R_afford_inflation_adjusted_price_lcu,,,,,,,0.79,0.79,,,,2025-08-18T14:33:28Z,2008,2008-01-01,2008-12-31
4963628,TOBACCO_MPOWER_R_INFLATIONADJUSTEDPRICES,COUNTRY,ZWE,AFR,Africa,YEAR,2020,TOBACCO_INDICATOR,TOBACCO_INDICATOR_R_afford_inflation_adjusted_price_ppp,,,,,,,. . .,,,,,2025-08-18T14:33:28Z,2020,2020-01-01,2020-12-31
4964192,TOBACCO_MPOWER_R_INFLATIONADJUSTEDPRICES,COUNTRY,AFG,EMR,Eastern Mediterranean,YEAR,2016,TOBACCO_INDICATOR,TOBACCO_INDICATOR_R_afford_inflation_adjusted_price_ppp,,,,,,,2.56,2.56,,,,2025-08-18T14:33:28Z,2016,2016-01-01,2016-12-31
4964261,TOBACCO_MPOWER_R_INFLATIONADJUSTEDPRICES,COUNTRY,DJI,EMR,Eastern Mediterranean,YEAR,2018,TOBACCO_INDICATOR,TOBACCO_INDICATOR_R_afford_inflation_adjusted_price_lcu,,,,,,,. . .,,,,,2025-08-18T14:33:28Z,2018,2018-01-01,2018-12-31
4966069,TOBACCO_MPOWER_R_INFLATIONADJUSTEDPRICES,COUNTRY,BIH,EUR,Europe,YEAR,2022,TOBACCO_INDICATOR,TOBACCO_INDICATOR_R_afford_inflation_adjusted_price_lcu,,,,,,,6.47,6.47,,,,2025-08-18T14:33:28Z,2022,2022-01-01,2022-12-31
4967546,TOBACCO_MPOWER_R_INFLATIONADJUSTEDPRICES,COUNTRY,ZAF,AFR,Africa,YEAR,2022,TOBACCO_INDICATOR,TOBACCO_INDICATOR_R_afford_inflation_adjusted_price_lcu,,,,,,,46.59,46.59,,,,2025-08-18T14:33:28Z,2022,2022-01-01,2022-12-31
4974123,TOBACCO_MPOWER_R_INFLATIONADJUSTEDPRICES,COUNTRY,BFA,AFR,Africa,YEAR,2012,TOBACCO_INDICATOR,TOBACCO_INDICATOR_R_afford_inflation_adjusted_price_ppp,,,,,,,3.12,3.12,,,,2025-08-18T14:33:28Z,2012,2012-01-01,2012-12-31
4977470,TOBACCO_MPOWER_R_INFLATIONADJUSTEDPRICES,COUNTRY,BFA,AFR,Africa,YEAR,2012,TOBACCO_INDICATOR,TOBACCO_INDICATOR_R_afford_inflation_adjusted_price_lcu,,,,,,,649.26,649.26,,,,2025-08-18T14:33:28Z,2012,2012-01-01,2012-12-31
4988727,TOBACCO_MPOWER_R_INFLATIONADJUSTEDPRICES,COUNTRY,MDG,AFR,Africa,YEAR,2016,TOBACCO_INDICATOR,TOBACCO_INDICATOR_R_afford_inflation_adjusted_price_lcu,,,,,,,7025.6,7025.6,,,,2025-08-18T14:33:28Z,2016,2016-01-01,2016-12-31
4992671,TOBACCO_MPOWER_R_INFLATIONADJUSTEDPRICES,COUNTRY,BDI,AFR,Africa,YEAR,2020,TOBACCO_INDICATOR,TOBACCO_INDICATOR_R_afford_inflation_adjusted_price_ppp,,,,,,,4.07,4.07,,,,2025-08-18T14:33:28Z,2020,2020-01-01,2020-12-31
4999373,TOBACCO_MPOWER_R_INFLATIONADJUSTEDPRICES,COUNTRY,CYP,EUR,Europe,YEAR,2018,TOBACCO_INDICATOR,TOBACCO_INDICATOR_R_afford_inflation_adjusted_price_ppp,,,,,,,9.19,9.19,,,,2025-08-18T14:33:28Z,2018,2018-01-01,2018-12-31
5002055,TOBACCO_MPOWER_R_INFLATIONADJUSTEDPRICES,COUNTRY,SYR,EMR,Eastern Mediterranean,YEAR,2024,TOBACCO_INDICATOR,TOBACCO_INDICATOR_R_afford_inflation_adjusted_price_lcu,,,,,,,. . .,,,,,2025-08-18T14:33:28Z,2024,2024-01-01,2024-12-31
5002111,TOBACCO_MPOWER_R_INFLATIONADJUSTEDPRICES,COUNTRY,TJK,EUR,Europe,YEAR,2008,TOBACCO_INDICATOR,TOBACCO_INDICATOR_R_afford_inflation_adjusted_price_lcu,,,,,,,. . .,,,,,2025-08-18T14:33:28Z,2008,2008-01-01,2008-12-31
5002440,TOBACCO_MPOWER_R_INFLATIONADJUSTEDPRICES,COUNTRY,MNE,EUR,Europe,YEAR,2010,TOBACCO_INDICATOR,TOBACCO_INDICATOR_R_afford_inflation_adjusted_price_lcu,,,,,,,0.98,0.98,,,,2025-08-18T14:33:28Z,2010,2010-01-01,2010-12-31
5007833,TOBACCO_MPOWER_R_INFLATIONADJUSTEDPRICES,COUNTRY,FIN,EUR,Europe,YEAR,2010,TOBACCO_INDICATOR,TOBACCO_INDICATOR_R_afford_inflation_adjusted_price_ppp,,,,,,,7.42,7.42,,,,2025-08-18T14:33:28Z,2010,2010-01-01,2010-12-31
5008187,TOBACCO_MPOWER_R_INFLATIONADJUSTEDPRICES,COUNTRY,NGA,AFR,Africa,YEAR,2020,TOBACCO_INDICATOR,TOBACCO_INDICATOR_R_afford_inflation_adjusted_price_lcu,,,,,,,923.48,923.48,,,,2025-08-18T14:33:28Z,2020,2020-01-01,2020-12-31
5009047,TOBACCO_MPOWER_R_INFLATIONADJUSTEDPRICES,COUNTRY,TTO,AMR,Americas,YEAR,2022,TOBACCO_INDICATOR,TOBACCO_INDICATOR_R_afford_inflation_adjusted_price_ppp,,,,,,,8.03,8.03,,,,2025-08-18T14:33:28Z,2022,2022-01-01,2022-12-31
5010596,TOBACCO_MPOWER_R_INFLATIONADJUSTEDPRICES,COUNTRY,MCO,EUR,Europe,YEAR,2024,TOBACCO_INDICATOR,TOBACCO_INDICATOR_R_afford_inflation_adjusted_price_ppp,,,,,,,. . .,,,,,2025-08-18T14:33:28Z,2024,2024-01-01,2024-12-31
5014249,TOBACCO_MPOWER_R_INFLATIONADJUSTEDPRICES,COUNTRY,KEN,AFR,Africa,YEAR,2018,TOBACCO_INDICATOR,TOBACCO_INDICATOR_R_afford_inflation_adjusted_price_ppp,,,,,,,3.85,3.85,,,,2025-08-18T14:33:28Z,2018,2018-01-01,2018-12-31
5019878,TOBACCO_MPOWER_R_INFLATIONADJUSTEDPRICES,COUNTRY,SDN,EMR,Eastern Mediterranean,YEAR,2022,TOBACCO_INDICATOR,TOBACCO_INDICATOR_R_afford_inflation_adjusted_price_ppp,,,,,,,7.12,7.12,,,,2025-08-18T14:33:28Z,2022,2022-01-01,2022-12-31
5022905,TOBACCO_MPOWER_R_INFLATIONADJUSTEDPRICES,COUNTRY,FJI,WPR,Western Pacific,YEAR,2010,TOBACCO_INDICATOR,TOBACCO_INDICATOR_R_afford_inflation_adjusted_price_ppp,,,,,,,. . .,,,,,2025-08-18T14:33:28Z,2010,2010-01-01,2010-12-31
5028020,TOBACCO_MPOWER_R_INFLATIONADJUSTEDPRICES,COUNTRY,PAN,AMR,Americas,YEAR,2012,TOBACCO_INDICATOR,TOBACCO_INDICATOR_R_afford_inflation_adjusted_price_ppp,,,,,,,11.85,11.85,,,,2025-08-18T14:33:28Z,2012,2012-01-01,2012-12-31
5029828,TOBACCO_MPOWER_R_INFLATIONADJUSTEDPRICES,COUNTRY,TCD,AFR,Africa,YEAR,2020,TOBACCO_INDICATOR,TOBACCO_INDICATOR_R_afford_inflation_adjusted_price_lcu,,,,,,,577.71,577.71,,,,2025-08-18T14:33:28Z,2020,2020-01-01,2020-12-31
5032184,TOBACCO_MPOWER_R_INFLATIONADJUSTEDPRICES,COUNTRY,USA,AMR,Americas,YEAR,2024,TOBACCO_INDICATOR,TOBACCO_INDICATOR_R_afford_inflation_adjusted_price_ppp,,,,,,,8.91,8.91,,,,2025-08-18T14:33:28Z,2024,2024-01-01,2024-12-31
5032658,TOBACCO_MPOWER_R_INFLATIONADJUSTEDPRICES,COUNTRY,CHE,EUR,Europe,YEAR,2016,TOBACCO_INDICATOR,TOBACCO_INDICATOR_R_afford_inflation_adjusted_price_lcu,,,,,,,9.18,9.18,,,,2025-08-18T14:33:28Z,2016,2016-01-01,2016-12-31
5034833,TOBACCO_MPOWER_R_INFLATIONADJUSTEDPRICES,COUNTRY,ATG,AMR,Americas,YEAR,2024,TOBACCO_INDICATOR,TOBACCO_INDICATOR_R_afford_inflation_adjusted_price_ppp,,,,,,,5.84,5.84,,,,2025-08-18T14:33:28Z,2024,2024-01-01,2024-12-31
5037011,TOBACCO_MPOWER_R_INFLATIONADJUSTEDPRICES,COUNTRY,GBR,EUR,Europe,YEAR,2014,TOBACCO_INDICATOR,TOBACCO_INDICATOR_R_afford_inflation_adjusted_price_lcu,,,,,,,10.06,10.06,,,,2025-08-18T14:33:28Z,2014,2014-01-01,2014-12-31
5040425,TOBACCO_MPOWER_R_INFLATIONADJUSTEDPRICES,COUNTRY,LTU,EUR,Europe,YEAR,2010,TOBACCO_INDICATOR,TOBACCO_INDICATOR_R_afford_inflation_adjusted_price_lcu,,,,,,,3.59,3.59,,,,2025-08-18T14:33:28Z,2010,2010-01-01,2010-12-31
5050121,TOBACCO_MPOWER_R_INFLATIONADJUSTEDPRICES,COUNTRY,ARM,EUR,Europe,YEAR,2010,TOBACCO_INDICATOR,TOBACCO_INDICATOR_R_afford_inflation_adjusted_price_lcu,,,,,,,854,854,,,,2025-08-18T14:33:28Z,2010,2010-01-01,2010-12-31
5050267,TOBACCO_MPOWER_R_INFLATIONADJUSTEDPRICES,COUNTRY,QAT,EMR,Eastern Mediterranean,YEAR,2008,TOBACCO_INDICATOR,TOBACCO_INDICATOR_R_afford_inflation_adjusted_price_lcu,,,,,,,7.02,7.02,,,,2025-08-18T14:33:28Z,2008,2008-01-01,2008-12-31
5050581,TOBACCO_MPOWER_R_INFLATIONADJUSTEDPRICES,COUNTRY,IRN,EMR,Eastern Mediterranean,YEAR,2018,TOBACCO_INDICATOR,TOBACCO_INDICATOR_R_afford_inflation_adjusted_price_ppp,,,,,,,3.32,3.32,,,,2025-08-18T14:33:28Z,2018,2018-01-01,2018-12-31
5050850,TOBACCO_MPOWER_R_INFLATIONADJUSTEDPRICES,COUNTRY,TUV,WPR,Western Pacific,YEAR,2014,TOBACCO_INDICATOR,TOBACCO_INDICATOR_R_afford_inflation_adjusted_price_lcu,,,,,,,3.87,3.87,,,,2025-08-18T14:33:28Z,2014,2014-01-01,2014-12-31
5054168,TOBACCO_MPOWER_R_INFLATIONADJUSTEDPRICES,COUNTRY,BOL,AMR,Americas,YEAR,2018,TOBACCO_INDICATOR,TOBACCO_INDICATOR_R_afford_inflation_adjusted_price_ppp,,,,,,,5.32,5.32,,,,2025-08-18T14:33:28Z,2018,2018-01-01,2018-12-31
5055570,TOBACCO_MPOWER_R_INFLATIONADJUSTEDPRICES,COUNTRY,GAB,AFR,Africa,YEAR,2016,TOBACCO_INDICATOR,TOBACCO_INDICATOR_R_afford_inflation_adjusted_price_ppp,,,,,,,4.91,4.91,,,,2025-08-18T14:33:28Z,2016,2016-01-01,2016-12-31
5056032,TOBACCO_MPOWER_R_INFLATIONADJUSTEDPRICES,COUNTRY,CUB,AMR,Americas,YEAR,2010,TOBACCO_INDICATOR,TOBACCO_INDICATOR_R_afford_inflation_adjusted_price_ppp,,,,,,,. . .,,,,,2025-08-18T14:33:28Z,2010,2010-01-01,2010-12-31
5063296,TOBACCO_MPOWER_R_INFLATIONADJUSTEDPRICES,COUNTRY,TGO,AFR,Africa,YEAR,2022,TOBACCO_INDICATOR,TOBACCO_INDICATOR_R_afford_inflation_adjusted_price_lcu,,,,,,,652.65,652.65,,,,2025-08-18T14:33:28Z,2022,2022-01-01,2022-12-31
5063565,TOBACCO_MPOWER_R_INFLATIONADJUSTEDPRICES,COUNTRY,ZWE,AFR,Africa,YEAR,2024,TOBACCO_INDICATOR,TOBACCO_INDICATOR_R_afford_inflation_adjusted_price_lcu,,,,,,,. . .,,,,,2025-08-18T14:33:28Z,2024,2024-01-01,2024-12-31
5068096,TOBACCO_MPOWER_R_INFLATIONADJUSTEDPRICES,COUNTRY,THA,SEAR,South-East Asia,YEAR,2024,TOBACCO_INDICATOR,TOBACCO_INDICATOR_R_afford_inflation_adjusted_price_lcu,,,,,,,70,70,,,,2025-08-18T14:33:28Z,2024,2024-01-01,2024-12-31
5068523,TOBACCO_MPOWER_R_INFLATIONADJUSTEDPRICES,COUNTRY,GEO,EUR,Europe,YEAR,2012,TOBACCO_INDICATOR,TOBACCO_INDICATOR_R_afford_inflation_adjusted_price_ppp,,,,,,,3.61,3.61,,,,2025-08-18T14:33:28Z,2012,2012-01-01,2012-12-31
5069814,TOBACCO_MPOWER_R_INFLATIONADJUSTEDPRICES,COUNTRY,FJI,WPR,Western Pacific,YEAR,2020,TOBACCO_INDICATOR,TOBACCO_INDICATOR_R_afford_inflation_adjusted_price_lcu,,,,,,,19.44,19.44,,,,2025-08-18T14:33:28Z,2020,2020-01-01,2020-12-31
5070479,TOBACCO_MPOWER_R_INFLATIONADJUSTEDPRICES,COUNTRY,PRY,AMR,Americas,YEAR,2022,TOBACCO_INDICATOR,TOBACCO_INDICATOR_R_afford_inflation_adjusted_price_lcu,,,,,,,3259.34,3259.34,,,,2025-08-18T14:33:28Z,2022,2022-01-01,2022-12-31
5070616,TOBACCO_MPOWER_R_INFLATIONADJUSTEDPRICES,COUNTRY,ISR,EUR,Europe,YEAR,2020,TOBACCO_INDICATOR,TOBACCO_INDICATOR_R_afford_inflation_adjusted_price_ppp,,,,,,,11,11,,,,2025-08-18T14:33:28Z,2020,2020-01-01,2020-12-31
5072832,TOBACCO_MPOWER_R_INFLATIONADJUSTEDPRICES,COUNTRY,NIU,WPR,Western Pacific,YEAR,2018,TOBACCO_INDICATOR,TOBACCO_INDICATOR_R_afford_inflation_adjusted_price_ppp,,,,,,,. . .,,,,,2025-08-18T14:33:28Z,2018,2018-01-01,2018-12-31
5081024,TOBACCO_MPOWER_R_INFLATIONADJUSTEDPRICES,COUNTRY,ITA,EUR,Europe,YEAR,2016,TOBACCO_INDICATOR,TOBACCO_INDICATOR_R_afford_inflation_adjusted_price_lcu,,,,,,,6.36,6.36,,,,2025-08-18T14:33:28Z,2016,2016-01-01,2016-12-31
5086242,TOBACCO_MPOWER_R_INFLATIONADJUSTEDPRICES,COUNTRY,LCA,AMR,Americas,YEAR,2012,TOBACCO_INDICATOR,TOBACCO_INDICATOR_R_afford_inflation_adjusted_price_lcu,,,,,,,10.1,10.1,,,,2025-08-18T14:33:28Z,2012,2012-01-01,2012-12-31
5086291,TOBACCO_MPOWER_R_INFLATIONADJUSTEDPRICES,COUNTRY,EGY,EMR,Eastern Mediterranean,YEAR,2020,TOBACCO_INDICATOR,TOBACCO_INDICATOR_R_afford_inflation_adjusted_price_ppp,,,,,,,5.58,5.58,,,,2025-08-18T14:33:28Z,2020,2020-01-01,2020-12-31
5086456,TOBACCO_MPOWER_R_INFLATIONADJUSTEDPRICES,COUNTRY,HUN,EUR,Europe,YEAR,2016,TOBACCO_INDICATOR,TOBACCO_INDICATOR_R_afford_inflation_adjusted_price_ppp,,,,,,,11.31,11.31,,,,2025-08-18T14:33:28Z,2016,2016-01-01,2016-12-31
5088554,TOBACCO_MPOWER_R_INFLATIONADJUSTEDPRICES,COUNTRY,SSD,AFR,Africa,YEAR,2012,TOBACCO_INDICATOR,TOBACCO_INDICATOR_R_afford_inflation_adjusted_price_ppp,,,,,,,. . .,,,,,2025-08-18T14:33:28Z,2012,2012-01-01,2012-12-31
5088725,TOBACCO_MPOWER_R_INFLATIONADJUSTEDPRICES,COUNTRY,KIR,WPR,Western Pacific,YEAR,2012,TOBACCO_INDICATOR,TOBACCO_INDICATOR_R_afford_inflation_adjusted_price_ppp,,,,,,,6.3,6.3,,,,2025-08-18T14:33:28Z,2012,2012-01-01,2012-12-31
5089699,TOBACCO_MPOWER_R_INFLATIONADJUSTEDPRICES,COUNTRY,HND,AMR,Americas,YEAR,2024,TOBACCO_INDICATOR,TOBACCO_INDICATOR_R_afford_inflation_adjusted_price_lcu,,,,,,,85,85,,,,2025-08-18T14:33:28Z,2024,2024-01-01,2024-12-31
5090865,TOBACCO_MPOWER_R_INFLATIONADJUSTEDPRICES,COUNTRY,NRU,WPR,Western Pacific,YEAR,2022,TOBACCO_INDICATOR,TOBACCO_INDICATOR_R_afford_inflation_adjusted_price_ppp,,,,,,,11.97,11.97,,,,2025-08-18T14:33:28Z,2022,2022-01-01,2022-12-31
5092296,TOBACCO_MPOWER_R_INFLATIONADJUSTEDPRICES,COUNTRY,LKA,SEAR,South-East Asia,YEAR,2016,TOBACCO_INDICATOR,TOBACCO_INDICATOR_R_afford_inflation_adjusted_price_lcu,,,,,,,2216.04,2216.04,,,,2025-08-18T14:33:28Z,2016,2016-01-01,2016-12-31
5103869,TOBACCO_MPOWER_R_INFLATIONADJUSTEDPRICES,COUNTRY,ARG,AMR,Americas,YEAR,2008,TOBACCO_INDICATOR,TOBACCO_INDICATOR_R_afford_inflation_adjusted_price_ppp,,,,,,,3.91,3.91,,,,2025-08-18T14:33:28Z,2008,2008-01-01,2008-12-31
5104549,TOBACCO_MPOWER_R_INFLATIONADJUSTEDPRICES,COUNTRY,ITA,EUR,Europe,YEAR,2012,TOBACCO_INDICATOR,TOBACCO_INDICATOR_R_afford_inflation_adjusted_price_lcu,,,,,,,6.21,6.21,,,,2025-08-18T14:33:28Z,2012,2012-01-01,2012-12-31
5105523,TOBACCO_MPOWER_R_INFLATIONADJUSTEDPRICES,COUNTRY,ARM,EUR,Europe,YEAR,2024,TOBACCO_INDICATOR,TOBACCO_INDICATOR_R_afford_inflation_adjusted_price_lcu,,,,,,,1000,1000,,,,2025-08-18T14:33:28Z,2024,2024-01-01,2024-12-31
5109356,TOBACCO_MPOWER_R_INFLATIONADJUSTEDPRICES,COUNTRY,MMR,SEAR,South-East Asia,YEAR,2012,TOBACCO_INDICATOR,TOBACCO_INDICATOR_R_afford_inflation_adjusted_price_lcu,,,,,,,2381.35,2381.35,,,,2025-08-18T14:33:28Z,2012,2012-01-01,2012-12-31
5113292,TOBACCO_MPOWER_R_INFLATIONADJUSTEDPRICES,COUNTRY,TKM,EUR,Europe,YEAR,2018,TOBACCO_INDICATOR,TOBACCO_INDICATOR_R_afford_inflation_adjusted_price_ppp,,,,,,,20.93,20.93,,,,2025-08-18T14:33:28Z,2018,2018-01-01,2018-12-31
5114384,TOBACCO_MPOWER_R_INFLATIONADJUSTEDPRICES,COUNTRY,BGR,EUR,Europe,YEAR,2010,TOBACCO_INDICATOR,TOBACCO_INDICATOR_R_afford_inflation_adjusted_price_ppp,,,,,,,9.53,9.53,,,,2025-08-18T14:33:28Z,2010,2010-01-01,2010-12-31
5117445,TOBACCO_MPOWER_R_INFLATIONADJUSTEDPRICES,COUNTRY,BDI,AFR,Africa,YEAR,2022,TOBACCO_INDICATOR,TOBACCO_INDICATOR_R_afford_inflation_adjusted_price_lcu,,,,,,,3054.65,3054.65,,,,2025-08-18T14:33:28Z,2022,2022-01-01,2022-12-31
5119122,TOBACCO_MPOWER_R_INFLATIONADJUSTEDPRICES,COUNTRY,DMA,AMR,Americas,YEAR,2018,TOBACCO_INDICATOR,TOBACCO_INDICATOR_R_afford_inflation_adjusted_price_lcu,,,,,,,5.38,5.38,,,,2025-08-18T14:33:28Z,2018,2018-01-01,2018-12-31
5119701,TOBACCO_MPOWER_R_INFLATIONADJUSTEDPRICES,COUNTRY,FSM,WPR,Western Pacific,YEAR,2014,TOBACCO_INDICATOR,TOBACCO_INDICATOR_R_afford_inflation_adjusted_price_ppp,,,,,,,2.67,2.67,,,,2025-08-18T14:33:28Z,2014,2014-01-01,2014-12-31
5119860,TOBACCO_MPOWER_R_INFLATIONADJUSTEDPRICES,COUNTRY,ESP,EUR,Europe,YEAR,2010,TOBACCO_INDICATOR,TOBACCO_INDICATOR_R_afford_inflation_adjusted_price_lcu,,,,,,,4.46,4.46,,,,2025-08-18T14:33:28Z,2010,2010-01-01,2010-12-31
5122949,TOBACCO_MPOWER_R_INFLATIONADJUSTEDPRICES,COUNTRY,HTI,AMR,Americas,YEAR,2024,TOBACCO_INDICATOR,TOBACCO_INDICATOR_R_afford_inflation_adjusted_price_ppp,,,,,,,3.69,3.69,,,,2025-08-18T14:33:28Z,2024,2024-01-01,2024-12-31
5123518,TOBACCO_MPOWER_R_INFLATIONADJUSTEDPRICES,COUNTRY,BWA,AFR,Africa,YEAR,2022,TOBACCO_INDICATOR,TOBACCO_INDICATOR_R_afford_inflation_adjusted_price_ppp,,,,,,,9.98,9.98,,,,2025-08-18T14:33:28Z,2022,2022-01-01,2022-12-31
5128263,TOBACCO_MPOWER_R_INFLATIONADJUSTEDPRICES,COUNTRY,DNK,EUR,Europe,YEAR,2008,TOBACCO_INDICATOR,TOBACCO_INDICATOR_R_afford_inflation_adjusted_price_ppp,,,,,,,6.64,6.64,,,,2025-08-18T14:33:28Z,2008,2008-01-01,2008-12-31
5132377,TOBACCO_MPOWER_R_INFLATIONADJUSTEDPRICES,COUNTRY,ERI,AFR,Africa,YEAR,2010,TOBACCO_INDICATOR,TOBACCO_INDICATOR_R_afford_inflation_adjusted_price_ppp,,,,,,,7.31,7.31,,,,2025-08-18T14:33:28Z,2010,2010-01-01,2010-12-31
5133165,TOBACCO_MPOWER_R_INFLATIONADJUSTEDPRICES,COUNTRY,SUR,AMR,Americas,YEAR,2022,TOBACCO_INDICATOR,TOBACCO_INDICATOR_R_afford_inflation_adjusted_price_ppp,,,,,,,11.9,11.9,,,,2025-08-18T14:33:28Z,2022,2022-01-01,2022-12-31
5133372,TOBACCO_MPOWER_R_INFLATIONADJUSTEDPRICES,COUNTRY,VCT,AMR,Americas,YEAR,2010,TOBACCO_INDICATOR,TOBACCO_INDICATOR_R_afford_inflation_adjusted_price_ppp,,,,,,,4.53,4.53,,,,2025-08-18T14:33:28Z,2010,2010-01-01,2010-12-31
5134511,TOBACCO_MPOWER_R_INFLATIONADJUSTEDPRICES,COUNTRY,TON,WPR,Western Pacific,YEAR,2022,TOBACCO_INDICATOR,TOBACCO_INDICATOR_R_afford_inflation_adjusted_price_ppp,,,,,,,14.42,14.42,,,,2025-08-18T14:33:28Z,2022,2022-01-01,2022-12-31
5134622,TOBACCO_MPOWER_R_INFLATIONADJUSTEDPRICES,COUNTRY,NPL,SEAR,South-East Asia,YEAR,2020,TOBACCO_INDICATOR,TOBACCO_INDICATOR_R_afford_inflation_adjusted_price_ppp,,,,,,,10.71,10.71,,,,2025-08-18T14:33:28Z,2020,2020-01-01,2020-12-31
5135752,TOBACCO_MPOWER_R_INFLATIONADJUSTEDPRICES,COUNTRY,BLZ,AMR,Americas,YEAR,2018,TOBACCO_INDICATOR,TOBACCO_INDICATOR_R_afford_inflation_adjusted_price_ppp,,,,,,,3.95,3.95,,,,2025-08-18T14:33:28Z,2018,2018-01-01,2018-12-31
5138778,TOBACCO_MPOWER_R_INFLATIONADJUSTEDPRICES,COUNTRY,LKA,SEAR,South-East Asia,YEAR,2022,TOBACCO_INDICATOR,TOBACCO_INDICATOR_R_afford_inflation_adjusted_price_lcu,,,,,,,1901.16,1901.16,,,,2025-08-18T14:33:28Z,2022,2022-01-01,2022-12-31
5139712,TOBACCO_MPOWER_R_INFLATIONADJUSTEDPRICES,COUNTRY,FJI,WPR,Western Pacific,YEAR,2008,TOBACCO_INDICATOR,TOBACCO_INDICATOR_R_afford_inflation_adjusted_price_lcu,,,,,,,7.12,7.12,,,,2025-08-18T14:33:28Z,2008,2008-01-01,2008-12-31
5140660,TOBACCO_MPOWER_R_INFLATIONADJUSTEDPRICES,COUNTRY,SVN,EUR,Europe,YEAR,2022,TOBACCO_INDICATOR,TOBACCO_INDICATOR_R_afford_inflation_adjusted_price_ppp,,,,,,,8.7,8.7,,,,2025-08-18T14:33:28Z,2022,2022-01-01,2022-12-31
5146115,TOBACCO_MPOWER_R_INFLATIONADJUSTEDPRICES,COUNTRY,JAM,AMR,Americas,YEAR,2022,TOBACCO_INDICATOR,TOBACCO_INDICATOR_R_afford_inflation_adjusted_price_ppp,,,,,,,17.53,17.53,,,Data not validated by the national authorities.,2025-08-18T14:33:28Z,2022,2022-01-01,2022-12-31
5146731,TOBACCO_MPOWER_R_INFLATIONADJUSTEDPRICES,COUNTRY,THA,SEAR,South-East Asia,YEAR,2022,TOBACCO_INDICATOR,TOBACCO_INDICATOR_R_afford_inflation_adjusted_price_lcu,,,,,,,67.08,67.08,,,,2025-08-18T14:33:28Z,2022,2022-01-01,2022-12-31
5147133,TOBACCO_MPOWER_R_INFLATIONADJUSTEDPRICES,COUNTRY,GNQ,AFR,Africa,YEAR,2012,TOBACCO_INDICATOR,TOBACCO_INDICATOR_R_afford_inflation_adjusted_price_ppp,,,,,,,2.13,2.13,,,,2025-08-18T14:33:28Z,2012,2012-01-01,2012-12-31
5148239,TOBACCO_MPOWER_R_INFLATIONADJUSTEDPRICES,COUNTRY,COL,AMR,Americas,YEAR,2020,TOBACCO_INDICATOR,TOBACCO_INDICATOR_R_afford_inflation_adjusted_price_ppp,,,,,,,5.31,5.31,,,,2025-08-18T14:33:28Z,2020,2020-01-01,2020-12-31
5149662,TOBACCO_MPOWER_R_INFLATIONADJUSTEDPRICES,COUNTRY,COD,AFR,Africa,YEAR,2010,TOBACCO_INDICATOR,TOBACCO_INDICATOR_R_afford_inflation_adjusted_price_ppp,,,,,,,2.66,2.66,,,,2025-08-18T14:33:28Z,2010,2010-01-01,2010-12-31
5152577,TOBACCO_MPOWER_R_INFLATIONADJUSTEDPRICES,COUNTRY,MYS,WPR,Western Pacific,YEAR,2018,TOBACCO_INDICATOR,TOBACCO_INDICATOR_R_afford_inflation_adjusted_price_lcu,,,,,,,18.71,18.71,,,,2025-08-18T14:33:28Z,2018,2018-01-01,2018-12-31
5157772,TOBACCO_MPOWER_R_INFLATIONADJUSTEDPRICES,COUNTRY,YEM,EMR,Eastern Mediterranean,YEAR,2024,TOBACCO_INDICATOR,TOBACCO_INDICATOR_R_afford_inflation_adjusted_price_ppp,,,,,,,3.35,3.35,,,,2025-08-18T14:33:28Z,2024,2024-01-01,2024-12-31
5159715,TOBACCO_MPOWER_R_INFLATIONADJUSTEDPRICES,COUNTRY,ESP,EUR,Europe,YEAR,2022,TOBACCO_INDICATOR,TOBACCO_INDICATOR_R_afford_inflation_adjusted_price_lcu,,,,,,,5.69,5.69,,,,2025-08-18T14:33:28Z,2022,2022-01-01,2022-12-31
5167528,TOBACCO_MPOWER_R_INFLATIONADJUSTEDPRICES,COUNTRY,ROU,EUR,Europe,YEAR,2022,TOBACCO_INDICATOR,TOBACCO_INDICATOR_R_afford_inflation_adjusted_price_ppp,,,,,,,14.7,14.7,,,,2025-08-18T14:33:28Z,2022,2022-01-01,2022-12-31
5168799,TOBACCO_MPOWER_R_INFLATIONADJUSTEDPRICES,COUNTRY,BRA,AMR,Americas,YEAR,2014,TOBACCO_INDICATOR,TOBACCO_INDICATOR_R_afford_inflation_adjusted_price_lcu,,,,,,,10.11,10.11,,,,2025-08-18T14:33:28Z,2014,2014-01-01,2014-12-31
5170946,TOBACCO_MPOWER_R_INFLATIONADJUSTEDPRICES,COUNTRY,MHL,WPR,Western Pacific,YEAR,2018,TOBACCO_INDICATOR,TOBACCO_INDICATOR_R_afford_inflation_adjusted_price_lcu,,,,,,,2.95,2.95,,,,2025-08-18T14:33:28Z,2018,2018-01-01,2018-12-31
5175720,TOBACCO_MPOWER_R_INFLATIONADJUSTEDPRICES,COUNTRY,UGA,AFR,Africa,YEAR,2010,TOBACCO_INDICATOR,TOBACCO_INDICATOR_R_afford_inflation_adjusted_price_lcu,,,,,,,3298.44,3298.44,,,,2025-08-18T14:33:28Z,2010,2010-01-01,2010-12-31
5176489,TOBACCO_MPOWER_R_INFLATIONADJUSTEDPRICES,COUNTRY,ESP,EUR,Europe,YEAR,2024,TOBACCO_INDICATOR,TOBACCO_INDICATOR_R_afford_inflation_adjusted_price_lcu,,,,,,,5.6,5.6,,,,2025-08-18T14:33:28Z,2024,2024-01-01,2024-12-31
5189361,TOBACCO_MPOWER_R_INFLATIONADJUSTEDPRICES,COUNTRY,PLW,WPR,Western Pacific,YEAR,2014,TOBACCO_INDICATOR,TOBACCO_INDICATOR_R_afford_inflation_adjusted_price_lcu,,,,,,,7.28,7.28,,,,2025-08-18T14:33:28Z,2014,2014-01-01,2014-12-31
5189731,TOBACCO_MPOWER_R_INFLATIONADJUSTEDPRICES,COUNTRY,ISL,EUR,Europe,YEAR,2016,TOBACCO_INDICATOR,TOBACCO_INDICATOR_R_afford_inflation_adjusted_price_ppp,,,,,,,11.91,11.91,,,,2025-08-18T14:33:28Z,2016,2016-01-01,2016-12-31
5194140,TOBACCO_MPOWER_R_INFLATIONADJUSTEDPRICES,COUNTRY,LVA,EUR,Europe,YEAR,2014,TOBACCO_INDICATOR,TOBACCO_INDICATOR_R_afford_inflation_adjusted_price_ppp,,,,,,,8.21,8.21,,,,2025-08-18T14:33:28Z,2014,2014-01-01,2014-12-31
5195354,TOBACCO_MPOWER_R_INFLATIONADJUSTEDPRICES,COUNTRY,VNM,WPR,Western Pacific,YEAR,2014,TOBACCO_INDICATOR,TOBACCO_INDICATOR_R_afford_inflation_adjusted_price_lcu,,,,,,,24 742,24742.47,,,,2025-08-18T14:33:28Z,2014,2014-01-01,2014-12-31
5199539,TOBACCO_MPOWER_R_INFLATIONADJUSTEDPRICES,COUNTRY,BDI,AFR,Africa,YEAR,2022,TOBACCO_INDICATOR,TOBACCO_INDICATOR_R_afford_inflation_adjusted_price_ppp,,,,,,,3.18,3.18,,,,2025-08-18T14:33:28Z,2022,2022-01-01,2022-12-31
5200494,TOBACCO_MPOWER_R_INFLATIONADJUSTEDPRICES,COUNTRY,BFA,AFR,Africa,YEAR,2008,TOBACCO_INDICATOR,TOBACCO_INDICATOR_R_afford_inflation_adjusted_price_ppp,,,,,,,3.78,3.78,,,,2025-08-18T14:33:28Z,2008,2008-01-01,2008-12-31
5201084,TOBACCO_MPOWER_R_INFLATIONADJUSTEDPRICES,COUNTRY,ETH,AFR,Africa,YEAR,2024,TOBACCO_INDICATOR,TOBACCO_INDICATOR_R_afford_inflation_adjusted_price_lcu,,,,,,,120,120,,,,2025-08-18T14:33:28Z,2024,2024-01-01,2024-12-31
5208657,TOBACCO_MPOWER_R_INFLATIONADJUSTEDPRICES,COUNTRY,GNQ,AFR,Africa,YEAR,2018,TOBACCO_INDICATOR,TOBACCO_INDICATOR_R_afford_inflation_adjusted_price_ppp,,,,,,,2.56,2.56,,,,2025-08-18T14:33:28Z,2018,2018-01-01,2018-12-31
5215385,TOBACCO_MPOWER_R_INFLATIONADJUSTEDPRICES,COUNTRY,DNK,EUR,Europe,YEAR,2014,TOBACCO_INDICATOR,TOBACCO_INDICATOR_R_afford_inflation_adjusted_price_ppp,,,,,,,8.34,8.34,,,,2025-08-18T14:33:28Z,2014,2014-01-01,2014-12-31
5215975,TOBACCO_MPOWER_R_INFLATIONADJUSTEDPRICES,COUNTRY,RUS,EUR,Europe,YEAR,2014,TOBACCO_INDICATOR,TOBACCO_INDICATOR_R_afford_inflation_adjusted_price_ppp,,,,,,,4.12,4.12,,,,2025-08-18T14:33:28Z,2014,2014-01-01,2014-12-31
5216748,TOBACCO_MPOWER_R_INFLATIONADJUSTEDPRICES,COUNTRY,AFG,EMR,Eastern Mediterranean,YEAR,2014,TOBACCO_INDICATOR,TOBACCO_INDICATOR_R_afford_inflation_adjusted_price_ppp,,,,,,,1.7,1.7,,,,2025-08-18T14:33:28Z,2014,2014-01-01,2014-12-31
5217720,TOBACCO_MPOWER_R_INFLATIONADJUSTEDPRICES,COUNTRY,KAZ,EUR,Europe,YEAR,2018,TOBACCO_INDICATOR,TOBACCO_INDICATOR_R_afford_inflation_adjusted_price_lcu,,,,,,,625.4,625.4,,,,2025-08-18T14:33:28Z,2018,2018-01-01,2018-12-31
5221267,TOBACCO_MPOWER_R_INFLATIONADJUSTEDPRICES,COUNTRY,QAT,EMR,Eastern Mediterranean,YEAR,2016,TOBACCO_INDICATOR,TOBACCO_INDICATOR_R_afford_inflation_adjusted_price_ppp,,,,,,,5.97,5.97,,,,2025-08-18T14:33:28Z,2016,2016-01-01,2016-12-31
5224744,TOBACCO_MPOWER_R_INFLATIONADJUSTEDPRICES,COUNTRY,YEM,EMR,Eastern Mediterranean,YEAR,2018,TOBACCO_INDICATOR,TOBACCO_INDICATOR_R_afford_inflation_adjusted_price_ppp,,,,,,,3.7,3.7,,,,2025-08-18T14:33:28Z,2018,2018-01-01,2018-12-31
5225755,TOBACCO_MPOWER_R_INFLATIONADJUSTEDPRICES,COUNTRY,BTN,SEAR,South-East Asia,YEAR,2016,TOBACCO_INDICATOR,TOBACCO_INDICATOR_R_afford_inflation_adjusted_price_ppp,,,,,,,. . .,,,,,2025-08-18T14:33:28Z,2016,2016-01-01,2016-12-31
5227854,TOBACCO_MPOWER_R_INFLATIONADJUSTEDPRICES,COUNTRY,FIN,EUR,Europe,YEAR,2020,TOBACCO_INDICATOR,TOBACCO_INDICATOR_R_afford_inflation_adjusted_price_ppp,,,,,,,12.09,12.09,,,,2025-08-18T14:33:28Z,2020,2020-01-01,2020-12-31
5230879,TOBACCO_MPOWER_R_INFLATIONADJUSTEDPRICES,COUNTRY,ETH,AFR,Africa,YEAR,2018,TOBACCO_INDICATOR,TOBACCO_INDICATOR_R_afford_inflation_adjusted_price_lcu,,,,,,,56.29,56.29,,,,2025-08-18T14:33:28Z,2018,2018-01-01,2018-12-31
5232671,TOBACCO_MPOWER_R_INFLATIONADJUSTEDPRICES,COUNTRY,ISL,EUR,Europe,YEAR,2022,TOBACCO_INDICATOR,TOBACCO_INDICATOR_R_afford_inflation_adjusted_price_ppp,,,,,,,11.44,11.44,,,,2025-08-18T14:33:28Z,2022,2022-01-01,2022-12-31
5238592,TOBACCO_MPOWER_R_INFLATIONADJUSTEDPRICES,COUNTRY,USA,AMR,Americas,YEAR,2010,TOBACCO_INDICATOR,TOBACCO_INDICATOR_R_afford_inflation_adjusted_price_lcu,,,,,,,8.23,8.23,,,,2025-08-18T14:33:28Z,2010,2010-01-01,2010-12-31
5238877,TOBACCO_MPOWER_R_INFLATIONADJUSTEDPRICES,COUNTRY,UGA,AFR,Africa,YEAR,2024,TOBACCO_INDICATOR,TOBACCO_INDICATOR_R_afford_inflation_adjusted_price_ppp,,,,,,,4.04,4.04,,,,2025-08-18T14:33:28Z,2024,2024-01-01,2024-12-31
5244893,TOBACCO_MPOWER_R_INFLATIONADJUSTEDPRICES,COUNTRY,VNM,WPR,Western Pacific,YEAR,2022,TOBACCO_INDICATOR,TOBACCO_INDICATOR_R_afford_inflation_adjusted_price_lcu,,,,,,,24 502,24501.83,,,,2025-08-18T14:33:28Z,2022,2022-01-01,2022-12-31
5246525,TOBACCO_MPOWER_R_INFLATIONADJUSTEDPRICES,COUNTRY,LSO,AFR,Africa,YEAR,2020,TOBACCO_INDICATOR,TOBACCO_INDICATOR_R_afford_inflation_adjusted_price_ppp,,,,,,,9.51,9.51,,,,2025-08-18T14:33:28Z,2020,2020-01-01,2020-12-31
5247207,TOBACCO_MPOWER_R_INFLATIONADJUSTEDPRICES,COUNTRY,ECU,AMR,Americas,YEAR,2020,TOBACCO_INDICATOR,TOBACCO_INDICATOR_R_afford_inflation_adjusted_price_ppp,,,,,,,14.57,14.57,,,,2025-08-18T14:33:28Z,2020,2020-01-01,2020-12-31
5247214,TOBACCO_MPOWER_R_INFLATIONADJUSTEDPRICES,COUNTRY,NER,AFR,Africa,YEAR,2010,TOBACCO_INDICATOR,TOBACCO_INDICATOR_R_afford_inflation_adjusted_price_lcu,,,,,,,536.1,536.1,,,,2025-08-18T14:33:28Z,2010,2010-01-01,2010-12-31
5248747,TOBACCO_MPOWER_R_INFLATIONADJUSTEDPRICES,COUNTRY,FRA,EUR,Europe,YEAR,2018,TOBACCO_INDICATOR,TOBACCO_INDICATOR_R_afford_inflation_adjusted_price_ppp,,,,,,,13.22,13.22,,,,2025-08-18T14:33:28Z,2018,2018-01-01,2018-12-31
5249195,TOBACCO_MPOWER_R_INFLATIONADJUSTEDPRICES,COUNTRY,FJI,WPR,Western Pacific,YEAR,2016,TOBACCO_INDICATOR,TOBACCO_INDICATOR_R_afford_inflation_adjusted_price_ppp,,,,,,,16.69,16.69,,,,2025-08-18T14:33:28Z,2016,2016-01-01,2016-12-31
5249762,TOBACCO_MPOWER_R_INFLATIONADJUSTEDPRICES,COUNTRY,NER,AFR,Africa,YEAR,2014,TOBACCO_INDICATOR,TOBACCO_INDICATOR_R_afford_inflation_adjusted_price_lcu,,,,,,,639.25,639.25,,,,2025-08-18T14:33:28Z,2014,2014-01-01,2014-12-31
5256541,TOBACCO_MPOWER_R_INFLATIONADJUSTEDPRICES,COUNTRY,KWT,EMR,Eastern Mediterranean,YEAR,2008,TOBACCO_INDICATOR,TOBACCO_INDICATOR_R_afford_inflation_adjusted_price_lcu,,,,,,,. . .,,,,,2025-08-18T14:33:28Z,2008,2008-01-01,2008-12-31
5257060,TOBACCO_MPOWER_R_INFLATIONADJUSTEDPRICES,COUNTRY,GMB,AFR,Africa,YEAR,2016,TOBACCO_INDICATOR,TOBACCO_INDICATOR_R_afford_inflation_adjusted_price_lcu,,,,,,,81.62,81.62,,,,2025-08-18T14:33:28Z,2016,2016-01-01,2016-12-31
5257996,TOBACCO_MPOWER_R_INFLATIONADJUSTEDPRICES,COUNTRY,LVA,EUR,Europe,YEAR,2008,TOBACCO_INDICATOR,TOBACCO_INDICATOR_R_afford_inflation_adjusted_price_lcu,,,,,,,3.35,3.35,,,,2025-08-18T14:33:28Z,2008,2008-01-01,2008-12-31
5261085,TOBACCO_MPOWER_R_INFLATIONADJUSTEDPRICES,COUNTRY,MDV,SEAR,South-East Asia,YEAR,2008,TOBACCO_INDICATOR,TOBACCO_INDICATOR_R_afford_inflation_adjusted_price_ppp,,,,,,,5.09,5.09,,,,2025-08-18T14:33:28Z,2008,2008-01-01,2008-12-31
5263323,TOBACCO_MPOWER_R_INFLATIONADJUSTEDPRICES,COUNTRY,BOL,AMR,Americas,YEAR,2020,TOBACCO_INDICATOR,TOBACCO_INDICATOR_R_afford_inflation_adjusted_price_ppp,,,,,,,5.63,5.63,,,,2025-08-18T14:33:28Z,2020,2020-01-01,2020-12-31
5273722,TOBACCO_MPOWER_R_INFLATIONADJUSTEDPRICES,COUNTRY,TCD,AFR,Africa,YEAR,2022,TOBACCO_INDICATOR,TOBACCO_INDICATOR_R_afford_inflation_adjusted_price_ppp,,,,,,,2.33,2.33,,,,2025-08-18T14:33:28Z,2022,2022-01-01,2022-12-31
5274042,TOBACCO_MPOWER_R_INFLATIONADJUSTEDPRICES,COUNTRY,LUX,EUR,Europe,YEAR,2014,TOBACCO_INDICATOR,TOBACCO_INDICATOR_R_afford_inflation_adjusted_price_ppp,,,,,,,7.78,7.78,,,,2025-08-18T14:33:28Z,2014,2014-01-01,2014-12-31
5274868,TOBACCO_MPOWER_R_INFLATIONADJUSTEDPRICES,COUNTRY,GEO,EUR,Europe,YEAR,2008,TOBACCO_INDICATOR,TOBACCO_INDICATOR_R_afford_inflation_adjusted_price_ppp,,,,,,,4.13,4.13,,,,2025-08-18T14:33:28Z,2008,2008-01-01,2008-12-31
5281618,TOBACCO_MPOWER_R_INFLATIONADJUSTEDPRICES,COUNTRY,ECU,AMR,Americas,YEAR,2018,TOBACCO_INDICATOR,TOBACCO_INDICATOR_R_afford_inflation_adjusted_price_lcu,,,,,,,5.8,5.8,,,,2025-08-18T14:33:28Z,2018,2018-01-01,2018-12-31
5283262,TOBACCO_MPOWER_R_INFLATIONADJUSTEDPRICES,COUNTRY,DOM,AMR,Americas,YEAR,2010,TOBACCO_INDICATOR,TOBACCO_INDICATOR_R_afford_inflation_adjusted_price_ppp,,,,,,,9.92,9.92,,,,2025-08-18T14:33:28Z,2010,2010-01-01,2010-12-31
5283277,TOBACCO_MPOWER_R_INFLATIONADJUSTEDPRICES,COUNTRY,LBY,EMR,Eastern Mediterranean,YEAR,2010,TOBACCO_INDICATOR,TOBACCO_INDICATOR_R_afford_inflation_adjusted_price_ppp,,,,,,,2.16,2.16,,,,2025-08-18T14:33:28Z,2010,2010-01-01,2010-12-31
5284957,TOBACCO_MPOWER_R_INFLATIONADJUSTEDPRICES,COUNTRY,GTM,AMR,Americas,YEAR,2014,TOBACCO_INDICATOR,TOBACCO_INDICATOR_R_afford_inflation_adjusted_price_lcu,,,,,,,27.18,27.18,,,,2025-08-18T14:33:28Z,2014,2014-01-01,2014-12-31
5289238,TOBACCO_MPOWER_R_INFLATIONADJUSTEDPRICES,COUNTRY,DNK,EUR,Europe,YEAR,2024,TOBACCO_INDICATOR,TOBACCO_INDICATOR_R_afford_inflation_adjusted_price_ppp,,,,,,,10.58,10.58,,,,2025-08-18T14:33:28Z,2024,2024-01-01,2024-12-31
5290241,TOBACCO_MPOWER_R_INFLATIONADJUSTEDPRICES,COUNTRY,ZAF,AFR,Africa,YEAR,2010,TOBACCO_INDICATOR,TOBACCO_INDICATOR_R_afford_inflation_adjusted_price_lcu,,,,,,,50.29,50.29,,,,2025-08-18T14:33:28Z,2010,2010-01-01,2010-12-31
5292391,TOBACCO_MPOWER_R_INFLATIONADJUSTEDPRICES,COUNTRY,PAK,EMR,Eastern Mediterranean,YEAR,2014,TOBACCO_INDICATOR,TOBACCO_INDICATOR_R_afford_inflation_adjusted_price_ppp,,,,,,,2.03,2.03,,,,2025-08-18T14:33:28Z,2014,2014-01-01,2014-12-31
5293785,TOBACCO_MPOWER_R_INFLATIONADJUSTEDPRICES,COUNTRY,JPN,WPR,Western Pacific,YEAR,2018,TOBACCO_INDICATOR,TOBACCO_INDICATOR_R_afford_inflation_adjusted_price_lcu,,,,,,,479.46,479.46,,,,2025-08-18T14:33:28Z,2018,2018-01-01,2018-12-31
5297104,TOBACCO_MPOWER_R_INFLATIONADJUSTEDPRICES,COUNTRY,SWE,EUR,Europe,YEAR,2012,TOBACCO_INDICATOR,TOBACCO_INDICATOR_R_afford_inflation_adjusted_price_ppp,,,,,,,8.33,8.33,,,,2025-08-18T14:33:28Z,2012,2012-01-01,2012-12-31
5299212,TOBACCO_MPOWER_R_INFLATIONADJUSTEDPRICES,COUNTRY,POL,EUR,Europe,YEAR,2010,TOBACCO_INDICATOR,TOBACCO_INDICATOR_R_afford_inflation_adjusted_price_lcu,,,,,,,13.05,13.05,,,,2025-08-18T14:33:28Z,2010,2010-01-01,2010-12-31
5300564,TOBACCO_MPOWER_R_INFLATIONADJUSTEDPRICES,COUNTRY,ARE,EMR,Eastern Mediterranean,YEAR,2014,TOBACCO_INDICATOR,TOBACCO_INDICATOR_R_afford_inflation_adjusted_price_ppp,,,,,,,4.64,4.64,,,,2025-08-18T14:33:28Z,2014,2014-01-01,2014-12-31
5301425,TOBACCO_MPOWER_R_INFLATIONADJUSTEDPRICES,COUNTRY,DJI,EMR,Eastern Mediterranean,YEAR,2012,TOBACCO_INDICATOR,TOBACCO_INDICATOR_R_afford_inflation_adjusted_price_lcu,,,,,,,243.62,243.62,,,,2025-08-18T14:33:28Z,2012,2012-01-01,2012-12-31
5303789,TOBACCO_MPOWER_R_INFLATIONADJUSTEDPRICES,COUNTRY,NER,AFR,Africa,YEAR,2012,TOBACCO_INDICATOR,TOBACCO_INDICATOR_R_afford_inflation_adjusted_price_lcu,,,,,,,518.43,518.43,,,,2025-08-18T14:33:28Z,2012,2012-01-01,2012-12-31
5304362,TOBACCO_MPOWER_R_INFLATIONADJUSTEDPRICES,COUNTRY,COK,WPR,Western Pacific,YEAR,2024,TOBACCO_INDICATOR,TOBACCO_INDICATOR_R_afford_inflation_adjusted_price_ppp,,,,,,,. . .,,,,,2025-08-18T14:33:28Z,2024,2024-01-01,2024-12-31
5305039,TOBACCO_MPOWER_R_INFLATIONADJUSTEDPRICES,COUNTRY,KHM,WPR,Western Pacific,YEAR,2020,TOBACCO_INDICATOR,TOBACCO_INDICATOR_R_afford_inflation_adjusted_price_ppp,,,,,,,1.77,1.77,,,,2025-08-18T14:33:28Z,2020,2020-01-01,2020-12-31
5305224,TOBACCO_MPOWER_R_INFLATIONADJUSTEDPRICES,COUNTRY,ESP,EUR,Europe,YEAR,2018,TOBACCO_INDICATOR,TOBACCO_INDICATOR_R_afford_inflation_adjusted_price_lcu,,,,,,,5.96,5.96,,,,2025-08-18T14:33:28Z,2018,2018-01-01,2018-12-31
5305545,TOBACCO_MPOWER_R_INFLATIONADJUSTEDPRICES,COUNTRY,SWE,EUR,Europe,YEAR,2018,TOBACCO_INDICATOR,TOBACCO_INDICATOR_R_afford_inflation_adjusted_price_lcu,,,,,,,79.76,79.76,,,,2025-08-18T14:33:28Z,2018,2018-01-01,2018-12-31
5309455,TOBACCO_MPOWER_R_INFLATIONADJUSTEDPRICES,COUNTRY,MLT,EUR,Europe,YEAR,2010,TOBACCO_INDICATOR,TOBACCO_INDICATOR_R_afford_inflation_adjusted_price_lcu,,,,,,,5.36,5.36,,,,2025-08-18T14:33:28Z,2010,2010-01-01,2010-12-31
5310050,TOBACCO_MPOWER_R_INFLATIONADJUSTEDPRICES,COUNTRY,LKA,SEAR,South-East Asia,YEAR,2024,TOBACCO_INDICATOR,TOBACCO_INDICATOR_R_afford_inflation_adjusted_price_lcu,,,,,,,3000,3000,,,,2025-08-18T14:33:28Z,2024,2024-01-01,2024-12-31
5312310,TOBACCO_MPOWER_R_INFLATIONADJUSTEDPRICES,COUNTRY,NRU,WPR,Western Pacific,YEAR,2014,TOBACCO_INDICATOR,TOBACCO_INDICATOR_R_afford_inflation_adjusted_price_ppp,,,,,,,. . .,,,,,2025-08-18T14:33:28Z,2014,2014-01-01,2014-12-31
5313620,TOBACCO_MPOWER_R_INFLATIONADJUSTEDPRICES,COUNTRY,LBY,EMR,Eastern Mediterranean,YEAR,2024,TOBACCO_INDICATOR,TOBACCO_INDICATOR_R_afford_inflation_adjusted_price_lcu,,,,,,,2.5,2.5,,,,2025-08-18T14:33:28Z,2024,2024-01-01,2024-12-31
5322203,TOBACCO_MPOWER_R_INFLATIONADJUSTEDPRICES,COUNTRY,HTI,AMR,Americas,YEAR,2014,TOBACCO_INDICATOR,TOBACCO_INDICATOR_R_afford_inflation_adjusted_price_lcu,,,,,,,. . .,,,,,2025-08-18T14:33:28Z,2014,2014-01-01,2014-12-31
5322474,TOBACCO_MPOWER_R_INFLATIONADJUSTEDPRICES,COUNTRY,DNK,EUR,Europe,YEAR,2022,TOBACCO_INDICATOR,TOBACCO_INDICATOR_R_afford_inflation_adjusted_price_lcu,,,,,,,66.98,66.98,,,,2025-08-18T14:33:28Z,2022,2022-01-01,2022-12-31
5325868,TOBACCO_MPOWER_R_INFLATIONADJUSTEDPRICES,COUNTRY,MEX,AMR,Americas,YEAR,2016,TOBACCO_INDICATOR,TOBACCO_INDICATOR_R_afford_inflation_adjusted_price_ppp,,,,,,,7.28,7.28,,,,2025-08-18T14:33:28Z,2016,2016-01-01,2016-12-31
5327971,TOBACCO_MPOWER_R_INFLATIONADJUSTEDPRICES,COUNTRY,LBR,AFR,Africa,YEAR,2020,TOBACCO_INDICATOR,TOBACCO_INDICATOR_R_afford_inflation_adjusted_price_ppp,,,,,,,4.59,4.59,,,,2025-08-18T14:33:28Z,2020,2020-01-01,2020-12-31
5331899,TOBACCO_MPOWER_R_INFLATIONADJUSTEDPRICES,COUNTRY,NLD,EUR,Europe,YEAR,2018,TOBACCO_INDICATOR,TOBACCO_INDICATOR_R_afford_inflation_adjusted_price_lcu,,,,,,,8.96,8.96,,,,2025-08-18T14:33:28Z,2018,2018-01-01,2018-12-31
5332516,TOBACCO_MPOWER_R_INFLATIONADJUSTEDPRICES,COUNTRY,ITA,EUR,Europe,YEAR,2014,TOBACCO_INDICATOR,TOBACCO_INDICATOR_R_afford_inflation_adjusted_price_ppp,,,,,,,9.52,9.52,,,,2025-08-18T14:33:28Z,2014,2014-01-01,2014-12-31
5333126,TOBACCO_MPOWER_R_INFLATIONADJUSTEDPRICES,COUNTRY,KNA,AMR,Americas,YEAR,2022,TOBACCO_INDICATOR,TOBACCO_INDICATOR_R_afford_inflation_adjusted_price_ppp,,,,,,,5.72,5.72,,,,2025-08-18T14:33:28Z,2022,2022-01-01,2022-12-31
5334368,TOBACCO_MPOWER_R_INFLATIONADJUSTEDPRICES,COUNTRY,SDN,EMR,Eastern Mediterranean,YEAR,2018,TOBACCO_INDICATOR,TOBACCO_INDICATOR_R_afford_inflation_adjusted_price_lcu,,,,,,,6413.99,6413.99,,,,2025-08-18T14:33:28Z,2018,2018-01-01,2018-12-31
5337094,TOBACCO_MPOWER_R_INFLATIONADJUSTEDPRICES,COUNTRY,LKA,SEAR,South-East Asia,YEAR,2008,TOBACCO_INDICATOR,TOBACCO_INDICATOR_R_afford_inflation_adjusted_price_lcu,,,,,,,1044.98,1044.98,,,,2025-08-18T14:33:28Z,2008,2008-01-01,2008-12-31
5339281,TOBACCO_MPOWER_R_INFLATIONADJUSTEDPRICES,COUNTRY,SLV,AMR,Americas,YEAR,2008,TOBACCO_INDICATOR,TOBACCO_INDICATOR_R_afford_inflation_adjusted_price_ppp,,,,,,,4.67,4.67,,,,2025-08-18T14:33:28Z,2008,2008-01-01,2008-12-31
5343105,TOBACCO_MPOWER_R_INFLATIONADJUSTEDPRICES,COUNTRY,MMR,SEAR,South-East Asia,YEAR,2016,TOBACCO_INDICATOR,TOBACCO_INDICATOR_R_afford_inflation_adjusted_price_ppp,,,,,,,3.15,3.15,,,,2025-08-18T14:33:28Z,2016,2016-01-01,2016-12-31
5351128,TOBACCO_MPOWER_R_INFLATIONADJUSTEDPRICES,COUNTRY,MRT,AFR,Africa,YEAR,2018,TOBACCO_INDICATOR,TOBACCO_INDICATOR_R_afford_inflation_adjusted_price_lcu,,,,,,,51.02,51.02,,,,2025-08-18T14:33:28Z,2018,2018-01-01,2018-12-31
5352487,TOBACCO_MPOWER_R_INFLATIONADJUSTEDPRICES,COUNTRY,LBN,EMR,Eastern Mediterranean,YEAR,2010,TOBACCO_INDICATOR,TOBACCO_INDICATOR_R_afford_inflation_adjusted_price_lcu,,,,,,,174 381,174381.29,,,,2025-08-18T14:33:28Z,2010,2010-01-01,2010-12-31
5354326,TOBACCO_MPOWER_R_INFLATIONADJUSTEDPRICES,COUNTRY,TTO,AMR,Americas,YEAR,2024,TOBACCO_INDICATOR,TOBACCO_INDICATOR_R_afford_inflation_adjusted_price_ppp,,,,,,,6.28,6.28,,,,2025-08-18T14:33:28Z,2024,2024-01-01,2024-12-31
5355529,TOBACCO_MPOWER_R_INFLATIONADJUSTEDPRICES,COUNTRY,GBR,EUR,Europe,YEAR,2012,TOBACCO_INDICATOR,TOBACCO_INDICATOR_R_afford_inflation_adjusted_price_ppp,,,,,,,13.28,13.28,,,,2025-08-18T14:33:28Z,2012,2012-01-01,2012-12-31
5358387,TOBACCO_MPOWER_R_INFLATIONADJUSTEDPRICES,COUNTRY,HUN,EUR,Europe,YEAR,2018,TOBACCO_INDICATOR,TOBACCO_INDICATOR_R_afford_inflation_adjusted_price_ppp,,,,,,,11.18,11.18,,,,2025-08-18T14:33:28Z,2018,2018-01-01,2018-12-31
5359164,TOBACCO_MPOWER_R_INFLATIONADJUSTEDPRICES,COUNTRY,GBR,EUR,Europe,YEAR,2016,TOBACCO_INDICATOR,TOBACCO_INDICATOR_R_afford_inflation_adjusted_price_ppp,,,,,,,15.86,15.86,,,,2025-08-18T14:33:28Z,2016,2016-01-01,2016-12-31
5365532,TOBACCO_MPOWER_R_INFLATIONADJUSTEDPRICES,COUNTRY,CAN,AMR,Americas,YEAR,2016,TOBACCO_INDICATOR,TOBACCO_INDICATOR_R_afford_inflation_adjusted_price_ppp,,,,,,,11.18,11.18,,,,2025-08-18T14:33:28Z,2016,2016-01-01,2016-12-31
5373614,TOBACCO_MPOWER_R_INFLATIONADJUSTEDPRICES,COUNTRY,TGO,AFR,Africa,YEAR,2012,TOBACCO_INDICATOR,TOBACCO_INDICATOR_R_afford_inflation_adjusted_price_ppp,,,,,,,2.27,2.27,,,,2025-08-18T14:33:28Z,2012,2012-01-01,2012-12-31
5376929,TOBACCO_MPOWER_R_INFLATIONADJUSTEDPRICES,COUNTRY,NIC,AMR,Americas,YEAR,2022,TOBACCO_INDICATOR,TOBACCO_INDICATOR_R_afford_inflation_adjusted_price_lcu,,,,,,,. . .,,,,,2025-08-18T14:33:28Z,2022,2022-01-01,2022-12-31
5383070,TOBACCO_MPOWER_R_INFLATIONADJUSTEDPRICES,COUNTRY,LUX,EUR,Europe,YEAR,2010,TOBACCO_INDICATOR,TOBACCO_INDICATOR_R_afford_inflation_adjusted_price_lcu,,,,,,,5.02,5.02,,,,2025-08-18T14:33:28Z,2010,2010-01-01,2010-12-31
5383221,TOBACCO_MPOWER_R_INFLATIONADJUSTEDPRICES,COUNTRY,SGP,WPR,Western Pacific,YEAR,2010,TOBACCO_INDICATOR,TOBACCO_INDICATOR_R_afford_inflation_adjusted_price_lcu,,,,,,,15.45,15.45,,,,2025-08-18T14:33:28Z,2010,2010-01-01,2010-12-31
5397679,TOBACCO_MPOWER_R_INFLATIONADJUSTEDPRICES,COUNTRY,RUS,EUR,Europe,YEAR,2016,TOBACCO_INDICATOR,TOBACCO_INDICATOR_R_afford_inflation_adjusted_price_ppp,,,,,,,5.89,5.89,,,,2025-08-18T14:33:28Z,2016,2016-01-01,2016-12-31
5397939,TOBACCO_MPOWER_R_INFLATIONADJUSTEDPRICES,COUNTRY,TUV,WPR,Western Pacific,YEAR,2022,TOBACCO_INDICATOR,TOBACCO_INDICATOR_R_afford_inflation_adjusted_price_ppp,,,,,,,8.76,8.76,,,,2025-08-18T14:33:28Z,2022,2022-01-01,2022-12-31
5405843,TOBACCO_MPOWER_R_INFLATIONADJUSTEDPRICES,COUNTRY,PLW,WPR,Western Pacific,YEAR,2020,TOBACCO_INDICATOR,TOBACCO_INDICATOR_R_afford_inflation_adjusted_price_ppp,,,,,,,8.3,8.3,,,,2025-08-18T14:33:28Z,2020,2020-01-01,2020-12-31
5406808,TOBACCO_MPOWER_R_INFLATIONADJUSTEDPRICES,COUNTRY,PHL,WPR,Western Pacific,YEAR,2020,TOBACCO_INDICATOR,TOBACCO_INDICATOR_R_afford_inflation_adjusted_price_ppp,,,,,,,6.23,6.23,,,,2025-08-18T14:33:28Z,2020,2020-01-01,2020-12-31
5408561,TOBACCO_MPOWER_R_INFLATIONADJUSTEDPRICES,COUNTRY,SVN,EUR,Europe,YEAR,2012,TOBACCO_INDICATOR,TOBACCO_INDICATOR_R_afford_inflation_adjusted_price_lcu,,,,,,,3.74,3.74,,,,2025-08-18T14:33:28Z,2012,2012-01-01,2012-12-31
5410337,TOBACCO_MPOWER_R_INFLATIONADJUSTEDPRICES,COUNTRY,SAU,EMR,Eastern Mediterranean,YEAR,2012,TOBACCO_INDICATOR,TOBACCO_INDICATOR_R_afford_inflation_adjusted_price_ppp,,,,,,,5.72,5.72,,,,2025-08-18T14:33:28Z,2012,2012-01-01,2012-12-31
5414005,TOBACCO_MPOWER_R_INFLATIONADJUSTEDPRICES,COUNTRY,SAU,EMR,Eastern Mediterranean,YEAR,2018,TOBACCO_INDICATOR,TOBACCO_INDICATOR_R_afford_inflation_adjusted_price_ppp,,,,,,,18.53,18.53,,,,2025-08-18T14:33:28Z,2018,2018-01-01,2018-12-31
5421651,TOBACCO_MPOWER_R_INFLATIONADJUSTEDPRICES,COUNTRY,POL,EUR,Europe,YEAR,2010,TOBACCO_INDICATOR,TOBACCO_INDICATOR_R_afford_inflation_adjusted_price_ppp,,,,,,,6.44,6.44,,,,2025-08-18T14:33:28Z,2010,2010-01-01,2010-12-31
5425213,TOBACCO_MPOWER_R_INFLATIONADJUSTEDPRICES,COUNTRY,VUT,WPR,Western Pacific,YEAR,2010,TOBACCO_INDICATOR,TOBACCO_INDICATOR_R_afford_inflation_adjusted_price_lcu,,,,,,,1019.13,1019.13,,,,2025-08-18T14:33:28Z,2010,2010-01-01,2010-12-31
5429256,TOBACCO_MPOWER_R_INFLATIONADJUSTEDPRICES,COUNTRY,MLT,EUR,Europe,YEAR,2018,TOBACCO_INDICATOR,TOBACCO_INDICATOR_R_afford_inflation_adjusted_price_ppp,,,,,,,11.71,11.71,,,,2025-08-18T14:33:28Z,2018,2018-01-01,2018-12-31
5432809,TOBACCO_MPOWER_R_INFLATIONADJUSTEDPRICES,COUNTRY,HTI,AMR,Americas,YEAR,2008,TOBACCO_INDICATOR,TOBACCO_INDICATOR_R_afford_inflation_adjusted_price_lcu,,,,,,,. . .,,,,,2025-08-18T14:33:28Z,2008,2008-01-01,2008-12-31
5435765,TOBACCO_MPOWER_R_INFLATIONADJUSTEDPRICES,COUNTRY,AZE,EUR,Europe,YEAR,2022,TOBACCO_INDICATOR,TOBACCO_INDICATOR_R_afford_inflation_adjusted_price_lcu,,,,,,,2.45,2.45,,,,2025-08-18T14:33:28Z,2022,2022-01-01,2022-12-31
5439004,TOBACCO_MPOWER_R_INFLATIONADJUSTEDPRICES,COUNTRY,MWI,AFR,Africa,YEAR,2012,TOBACCO_INDICATOR,TOBACCO_INDICATOR_R_afford_inflation_adjusted_price_lcu,,,,,,,3834.04,3834.04,,,,2025-08-18T14:33:28Z,2012,2012-01-01,2012-12-31
5445979,TOBACCO_MPOWER_R_INFLATIONADJUSTEDPRICES,COUNTRY,NIU,WPR,Western Pacific,YEAR,2014,TOBACCO_INDICATOR,TOBACCO_INDICATOR_R_afford_inflation_adjusted_price_ppp,,,,,,,. . .,,,,,2025-08-18T14:33:28Z,2014,2014-01-01,2014-12-31
5448917,TOBACCO_MPOWER_R_INFLATIONADJUSTEDPRICES,COUNTRY,SOM,EMR,Eastern Mediterranean,YEAR,2008,TOBACCO_INDICATOR,TOBACCO_INDICATOR_R_afford_inflation_adjusted_price_lcu,,,,,,,. . .,,,,,2025-08-18T14:33:28Z,2008,2008-01-01,2008-12-31
5450817,TOBACCO_MPOWER_R_INFLATIONADJUSTEDPRICES,COUNTRY,MAR,EMR,Eastern Mediterranean,YEAR,2024,TOBACCO_INDICATOR,TOBACCO_INDICATOR_R_afford_inflation_adjusted_price_lcu,,,,,,,28,28,,,,2025-08-18T14:33:28Z,2024,2024-01-01,2024-12-31
5454045,TOBACCO_MPOWER_R_INFLATIONADJUSTEDPRICES,COUNTRY,SRB,EUR,Europe,YEAR,2010,TOBACCO_INDICATOR,TOBACCO_INDICATOR_R_afford_inflation_adjusted_price_ppp,,,,,,,3.31,3.31,,,,2025-08-18T14:33:28Z,2010,2010-01-01,2010-12-31
5454065,TOBACCO_MPOWER_R_INFLATIONADJUSTEDPRICES,COUNTRY,SWE,EUR,Europe,YEAR,2018,TOBACCO_INDICATOR,TOBACCO_INDICATOR_R_afford_inflation_adjusted_price_ppp,,,,,,,9.16,9.16,,,,2025-08-18T14:33:28Z,2018,2018-01-01,2018-12-31
5454770,TOBACCO_MPOWER_R_INFLATIONADJUSTEDPRICES,COUNTRY,NRU,WPR,Western Pacific,YEAR,2024,TOBACCO_INDICATOR,TOBACCO_INDICATOR_R_afford_inflation_adjusted_price_lcu,,,,,,,18,18,,,,2025-08-18T14:33:28Z,2024,2024-01-01,2024-12-31
5456236,TOBACCO_MPOWER_R_INFLATIONADJUSTEDPRICES,COUNTRY,ARM,EUR,Europe,YEAR,2014,TOBACCO_INDICATOR,TOBACCO_INDICATOR_R_afford_inflation_adjusted_price_lcu,,,,,,,776.46,776.46,,,,2025-08-18T14:33:28Z,2014,2014-01-01,2014-12-31
5456702,TOBACCO_MPOWER_R_INFLATIONADJUSTEDPRICES,COUNTRY,THA,SEAR,South-East Asia,YEAR,2024,TOBACCO_INDICATOR,TOBACCO_INDICATOR_R_afford_inflation_adjusted_price_ppp,,,,,,,6.67,6.67,,,,2025-08-18T14:33:28Z,2024,2024-01-01,2024-12-31
5468505,TOBACCO_MPOWER_R_INFLATIONADJUSTEDPRICES,COUNTRY,GTM,AMR,Americas,YEAR,2008,TOBACCO_INDICATOR,TOBACCO_INDICATOR_R_afford_inflation_adjusted_price_lcu,,,,,,,19.02,19.02,,,,2025-08-18T14:33:28Z,2008,2008-01-01,2008-12-31
5470144,TOBACCO_MPOWER_R_INFLATIONADJUSTEDPRICES,COUNTRY,TLS,SEAR,South-East Asia,YEAR,2020,TOBACCO_INDICATOR,TOBACCO_INDICATOR_R_afford_inflation_adjusted_price_lcu,,,,,,,2.46,2.46,,,,2025-08-18T14:33:28Z,2020,2020-01-01,2020-12-31
5471418,TOBACCO_MPOWER_R_INFLATIONADJUSTEDPRICES,COUNTRY,DZA,AFR,Africa,YEAR,2018,TOBACCO_INDICATOR,TOBACCO_INDICATOR_R_afford_inflation_adjusted_price_ppp,,,,,,,9.64,9.64,,,,2025-08-18T14:33:28Z,2018,2018-01-01,2018-12-31
5473087,TOBACCO_MPOWER_R_INFLATIONADJUSTEDPRICES,COUNTRY,MEX,AMR,Americas,YEAR,2024,TOBACCO_INDICATOR,TOBACCO_INDICATOR_R_afford_inflation_adjusted_price_ppp,,,,,,,7.82,7.82,,,,2025-08-18T14:33:28Z,2024,2024-01-01,2024-12-31
5473869,TOBACCO_MPOWER_R_INFLATIONADJUSTEDPRICES,COUNTRY,HUN,EUR,Europe,YEAR,2012,TOBACCO_INDICATOR,TOBACCO_INDICATOR_R_afford_inflation_adjusted_price_lcu,,,,,,,1269.44,1269.44,,,,2025-08-18T14:33:28Z,2012,2012-01-01,2012-12-31
5474192,TOBACCO_MPOWER_R_INFLATIONADJUSTEDPRICES,COUNTRY,AUS,WPR,Western Pacific,YEAR,2018,TOBACCO_INDICATOR,TOBACCO_INDICATOR_R_afford_inflation_adjusted_price_lcu,,,,,,,25.4,25.4,,,,2025-08-18T14:33:28Z,2018,2018-01-01,2018-12-31
5480571,TOBACCO_MPOWER_R_INFLATIONADJUSTEDPRICES,COUNTRY,DZA,AFR,Africa,YEAR,2008,TOBACCO_INDICATOR,TOBACCO_INDICATOR_R_afford_inflation_adjusted_price_lcu,,,,,,,158.89,158.89,,,,2025-08-18T14:33:28Z,2008,2008-01-01,2008-12-31
5480622,TOBACCO_MPOWER_R_INFLATIONADJUSTEDPRICES,COUNTRY,CAF,AFR,Africa,YEAR,2012,TOBACCO_INDICATOR,TOBACCO_INDICATOR_R_afford_inflation_adjusted_price_lcu,,,,,,,. . .,,,,,2025-08-18T14:33:28Z,2012,2012-01-01,2012-12-31
5482745,TOBACCO_MPOWER_R_INFLATIONADJUSTEDPRICES,COUNTRY,TLS,SEAR,South-East Asia,YEAR,2018,TOBACCO_INDICATOR,TOBACCO_INDICATOR_R_afford_inflation_adjusted_price_ppp,,,,,,,7.31,7.31,,,,2025-08-18T14:33:28Z,2018,2018-01-01,2018-12-31
5486876,TOBACCO_MPOWER_R_INFLATIONADJUSTEDPRICES,COUNTRY,ZAF,AFR,Africa,YEAR,2024,TOBACCO_INDICATOR,TOBACCO_INDICATOR_R_afford_inflation_adjusted_price_ppp,,,,,,,6.43,6.43,,,,2025-08-18T14:33:28Z,2024,2024-01-01,2024-12-31
5498649,TOBACCO_MPOWER_R_INFLATIONADJUSTEDPRICES,COUNTRY,BDI,AFR,Africa,YEAR,2010,TOBACCO_INDICATOR,TOBACCO_INDICATOR_R_afford_inflation_adjusted_price_ppp,,,,,,,3.17,3.17,,,,2025-08-18T14:33:28Z,2010,2010-01-01,2010-12-31
5499081,TOBACCO_MPOWER_R_INFLATIONADJUSTEDPRICES,COUNTRY,TKM,EUR,Europe,YEAR,2008,TOBACCO_INDICATOR,TOBACCO_INDICATOR_R_afford_inflation_adjusted_price_lcu,,,,,,,5.84,5.84,,,,2025-08-18T14:33:28Z,2008,2008-01-01,2008-12-31
5501644,TOBACCO_MPOWER_R_INFLATIONADJUSTEDPRICES,COUNTRY,MRT,AFR,Africa,YEAR,2012,TOBACCO_INDICATOR,TOBACCO_INDICATOR_R_afford_inflation_adjusted_price_ppp,,,,,,,4.67,4.67,,,,2025-08-18T14:33:28Z,2012,2012-01-01,2012-12-31
5501671,TOBACCO_MPOWER_R_INFLATIONADJUSTEDPRICES,COUNTRY,CHL,AMR,Americas,YEAR,2018,TOBACCO_INDICATOR,TOBACCO_INDICATOR_R_afford_inflation_adjusted_price_lcu,,,,,,,3711.89,3711.89,,,,2025-08-18T14:33:28Z,2018,2018-01-01,2018-12-31
5514437,TOBACCO_MPOWER_R_INFLATIONADJUSTEDPRICES,COUNTRY,PRK,SEAR,South-East Asia,YEAR,2010,TOBACCO_INDICATOR,TOBACCO_INDICATOR_R_afford_inflation_adjusted_price_lcu,,,,,,,. . .,,,,,2025-08-18T14:33:28Z,2010,2010-01-01,2010-12-31
5516165,TOBACCO_MPOWER_R_INFLATIONADJUSTEDPRICES,COUNTRY,SYC,AFR,Africa,YEAR,2018,TOBACCO_INDICATOR,TOBACCO_INDICATOR_R_afford_inflation_adjusted_price_ppp,,,,,,,18.28,18.28,,,,2025-08-18T14:33:28Z,2018,2018-01-01,2018-12-31
5516936,TOBACCO_MPOWER_R_INFLATIONADJUSTEDPRICES,COUNTRY,NAM,AFR,Africa,YEAR,2020,TOBACCO_INDICATOR,TOBACCO_INDICATOR_R_afford_inflation_adjusted_price_ppp,,,,,,,8.88,8.88,,,,2025-08-18T14:33:28Z,2020,2020-01-01,2020-12-31
5522280,TOBACCO_MPOWER_R_INFLATIONADJUSTEDPRICES,COUNTRY,TUN,EMR,Eastern Mediterranean,YEAR,2022,TOBACCO_INDICATOR,TOBACCO_INDICATOR_R_afford_inflation_adjusted_price_ppp,,,,,,,5.21,5.21,,,,2025-08-18T14:33:28Z,2022,2022-01-01,2022-12-31
5523985,TOBACCO_MPOWER_R_INFLATIONADJUSTEDPRICES,COUNTRY,SVN,EUR,Europe,YEAR,2016,TOBACCO_INDICATOR,TOBACCO_INDICATOR_R_afford_inflation_adjusted_price_lcu,,,,,,,4.46,4.46,,,,2025-08-18T14:33:28Z,2016,2016-01-01,2016-12-31
5528814,TOBACCO_MPOWER_R_INFLATIONADJUSTEDPRICES,COUNTRY,SSD,AFR,Africa,YEAR,2024,TOBACCO_INDICATOR,TOBACCO_INDICATOR_R_afford_inflation_adjusted_price_lcu,,,,,,,1250,1250,,,,2025-08-18T14:33:28Z,2024,2024-01-01,2024-12-31
5543351,TOBACCO_MPOWER_R_INFLATIONADJUSTEDPRICES,COUNTRY,MNG,WPR,Western Pacific,YEAR,2022,TOBACCO_INDICATOR,TOBACCO_INDICATOR_R_afford_inflation_adjusted_price_ppp,,,,,,,2.92,2.92,,,,2025-08-18T14:33:28Z,2022,2022-01-01,2022-12-31
5543566,TOBACCO_MPOWER_R_INFLATIONADJUSTEDPRICES,COUNTRY,DEU,EUR,Europe,YEAR,2024,TOBACCO_INDICATOR,TOBACCO_INDICATOR_R_afford_inflation_adjusted_price_lcu,,,,,,,8.7,8.7,,,,2025-08-18T14:33:28Z,2024,2024-01-01,2024-12-31
5544697,TOBACCO_MPOWER_R_INFLATIONADJUSTEDPRICES,COUNTRY,THA,SEAR,South-East Asia,YEAR,2016,TOBACCO_INDICATOR,TOBACCO_INDICATOR_R_afford_inflation_adjusted_price_lcu,,,,,,,95.35,95.35,,,,2025-08-18T14:33:28Z,2016,2016-01-01,2016-12-31
5551296,TOBACCO_MPOWER_R_INFLATIONADJUSTEDPRICES,COUNTRY,FSM,WPR,Western Pacific,YEAR,2018,TOBACCO_INDICATOR,TOBACCO_INDICATOR_R_afford_inflation_adjusted_price_ppp,,,,,,,3.83,3.83,,,,2025-08-18T14:33:28Z,2018,2018-01-01,2018-12-31
5552944,TOBACCO_MPOWER_R_INFLATIONADJUSTEDPRICES,COUNTRY,KHM,WPR,Western Pacific,YEAR,2022,TOBACCO_INDICATOR,TOBACCO_INDICATOR_R_afford_inflation_adjusted_price_lcu,,,,,,,2163.5,2163.5,,,,2025-08-18T14:33:28Z,2022,2022-01-01,2022-12-31
5553493,TOBACCO_MPOWER_R_INFLATIONADJUSTEDPRICES,COUNTRY,GNB,AFR,Africa,YEAR,2020,TOBACCO_INDICATOR,TOBACCO_INDICATOR_R_afford_inflation_adjusted_price_ppp,,,,,,,. . .,,,,,2025-08-18T14:33:28Z,2020,2020-01-01,2020-12-31
5553518,TOBACCO_MPOWER_R_INFLATIONADJUSTEDPRICES,COUNTRY,AUS,WPR,Western Pacific,YEAR,2024,TOBACCO_INDICATOR,TOBACCO_INDICATOR_R_afford_inflation_adjusted_price_ppp,,,,,,,26.19,26.19,,,,2025-08-18T14:33:28Z,2024,2024-01-01,2024-12-31
5554628,TOBACCO_MPOWER_R_INFLATIONADJUSTEDPRICES,COUNTRY,TGO,AFR,Africa,YEAR,2008,TOBACCO_INDICATOR,TOBACCO_INDICATOR_R_afford_inflation_adjusted_price_lcu,,,,,,,513.17,513.17,,,,2025-08-18T14:33:28Z,2008,2008-01-01,2008-12-31
5555162,TOBACCO_MPOWER_R_INFLATIONADJUSTEDPRICES,COUNTRY,ALB,EUR,Europe,YEAR,2010,TOBACCO_INDICATOR,TOBACCO_INDICATOR_R_afford_inflation_adjusted_price_lcu,,,,,,,211.61,211.61,,,,2025-08-18T14:33:28Z,2010,2010-01-01,2010-12-31
5558122,TOBACCO_MPOWER_R_INFLATIONADJUSTEDPRICES,COUNTRY,MDA,EUR,Europe,YEAR,2020,TOBACCO_INDICATOR,TOBACCO_INDICATOR_R_afford_inflation_adjusted_price_ppp,,,,,,,7.14,7.14,,,,2025-08-18T14:33:28Z,2020,2020-01-01,2020-12-31
5564211,TOBACCO_MPOWER_R_INFLATIONADJUSTEDPRICES,COUNTRY,CAF,AFR,Africa,YEAR,2014,TOBACCO_INDICATOR,TOBACCO_INDICATOR_R_afford_inflation_adjusted_price_ppp,,,,,,,2.53,2.53,,,,2025-08-18T14:33:28Z,2014,2014-01-01,2014-12-31
5566504,TOBACCO_MPOWER_R_INFLATIONADJUSTEDPRICES,COUNTRY,TCD,AFR,Africa,YEAR,2024,TOBACCO_INDICATOR,TOBACCO_INDICATOR_R_afford_inflation_adjusted_price_ppp,,,,,,,2.35,2.35,,,,2025-08-18T14:33:28Z,2024,2024-01-01,2024-12-31
5567910,TOBACCO_MPOWER_R_INFLATIONADJUSTEDPRICES,COUNTRY,OMN,EMR,Eastern Mediterranean,YEAR,2022,TOBACCO_INDICATOR,TOBACCO_INDICATOR_R_afford_inflation_adjusted_price_ppp,,,,,,,12.25,12.25,,,,2025-08-18T14:33:28Z,2022,2022-01-01,2022-12-31
5567982,TOBACCO_MPOWER_R_INFLATIONADJUSTEDPRICES,COUNTRY,IRN,EMR,Eastern Mediterranean,YEAR,2020,TOBACCO_INDICATOR,TOBACCO_INDICATOR_R_afford_inflation_adjusted_price_lcu,,,,,,,686 123,686122.62,,,,2025-08-18T14:33:28Z,2020,2020-01-01,2020-12-31
5569100,TOBACCO_MPOWER_R_INFLATIONADJUSTEDPRICES,COUNTRY,CHN,WPR,Western Pacific,YEAR,2014,TOBACCO_INDICATOR,TOBACCO_INDICATOR_R_afford_inflation_adjusted_price_lcu,,,,,,,13.58,13.58,,,,2025-08-18T14:33:28Z,2014,2014-01-01,2014-12-31
5585568,TOBACCO_MPOWER_R_INFLATIONADJUSTEDPRICES,COUNTRY,COM,AFR,Africa,YEAR,2018,TOBACCO_INDICATOR,TOBACCO_INDICATOR_R_afford_inflation_adjusted_price_ppp,,,,,,,2.57,2.57,,,,2025-08-18T14:33:28Z,2018,2018-01-01,2018-12-31
5593568,TOBACCO_MPOWER_R_INFLATIONADJUSTEDPRICES,COUNTRY,OMN,EMR,Eastern Mediterranean,YEAR,2018,TOBACCO_INDICATOR,TOBACCO_INDICATOR_R_afford_inflation_adjusted_price_ppp,,,,,,,7.39,7.39,,,,2025-08-18T14:33:28Z,2018,2018-01-01,2018-12-31
5596235,TOBACCO_MPOWER_R_INFLATIONADJUSTEDPRICES,COUNTRY,SOM,EMR,Eastern Mediterranean,YEAR,2020,TOBACCO_INDICATOR,TOBACCO_INDICATOR_R_afford_inflation_adjusted_price_lcu,,,,,,,15 021,15020.64,,,,2025-08-18T14:33:28Z,2020,2020-01-01,2020-12-31
5610288,TOBACCO_MPOWER_R_INFLATIONADJUSTEDPRICES,COUNTRY,SMR,EUR,Europe,YEAR,2008,TOBACCO_INDICATOR,TOBACCO_INDICATOR_R_afford_inflation_adjusted_price_ppp,,,,,,,. . .,,,,,2025-08-18T14:33:28Z,2008,2008-01-01,2008-12-31
5610761,TOBACCO_MPOWER_R_INFLATIONADJUSTEDPRICES,COUNTRY,MUS,AFR,Africa,YEAR,2016,TOBACCO_INDICATOR,TOBACCO_INDICATOR_R_afford_inflation_adjusted_price_lcu,,,,,,,183.15,183.15,,,,2025-08-18T14:33:28Z,2016,2016-01-01,2016-12-31
5613941,TOBACCO_MPOWER_R_INFLATIONADJUSTEDPRICES,COUNTRY,ARG,AMR,Americas,YEAR,2014,TOBACCO_INDICATOR,TOBACCO_INDICATOR_R_afford_inflation_adjusted_price_ppp,,,,,,,4.05,4.05,,,,2025-08-18T14:33:28Z,2014,2014-01-01,2014-12-31
5616952,TOBACCO_MPOWER_R_INFLATIONADJUSTEDPRICES,COUNTRY,ITA,EUR,Europe,YEAR,2010,TOBACCO_INDICATOR,TOBACCO_INDICATOR_R_afford_inflation_adjusted_price_ppp,,,,,,,7.51,7.51,,,,2025-08-18T14:33:28Z,2010,2010-01-01,2010-12-31
5620280,TOBACCO_MPOWER_R_INFLATIONADJUSTEDPRICES,COUNTRY,TON,WPR,Western Pacific,YEAR,2018,TOBACCO_INDICATOR,TOBACCO_INDICATOR_R_afford_inflation_adjusted_price_lcu,,,,,,,26.33,26.33,,,,2025-08-18T14:33:28Z,2018,2018-01-01,2018-12-31
5621150,TOBACCO_MPOWER_R_INFLATIONADJUSTEDPRICES,COUNTRY,MMR,SEAR,South-East Asia,YEAR,2022,TOBACCO_INDICATOR,TOBACCO_INDICATOR_R_afford_inflation_adjusted_price_ppp,,,,,,,3.55,3.55,,,,2025-08-18T14:33:28Z,2022,2022-01-01,2022-12-31
5622532,TOBACCO_MPOWER_R_INFLATIONADJUSTEDPRICES,COUNTRY,SWZ,AFR,Africa,YEAR,2008,TOBACCO_INDICATOR,TOBACCO_INDICATOR_R_afford_inflation_adjusted_price_ppp,,,,,,,10.13,10.13,,,,2025-08-18T14:33:28Z,2008,2008-01-01,2008-12-31
5623490,TOBACCO_MPOWER_R_INFLATIONADJUSTEDPRICES,COUNTRY,GUY,AMR,Americas,YEAR,2024,TOBACCO_INDICATOR,TOBACCO_INDICATOR_R_afford_inflation_adjusted_price_ppp,,,,,,,7.24,7.24,,,,2025-08-18T14:33:28Z,2024,2024-01-01,2024-12-31
5624052,TOBACCO_MPOWER_R_INFLATIONADJUSTEDPRICES,COUNTRY,DOM,AMR,Americas,YEAR,2018,TOBACCO_INDICATOR,TOBACCO_INDICATOR_R_afford_inflation_adjusted_price_ppp,,,,,,,11.52,11.52,,,,2025-08-18T14:33:28Z,2018,2018-01-01,2018-12-31
5630307,TOBACCO_MPOWER_R_INFLATIONADJUSTEDPRICES,COUNTRY,URY,AMR,Americas,YEAR,2024,TOBACCO_INDICATOR,TOBACCO_INDICATOR_R_afford_inflation_adjusted_price_ppp,,,,,,,7.96,7.96,,,,2025-08-18T14:33:28Z,2024,2024-01-01,2024-12-31
5630848,TOBACCO_MPOWER_R_INFLATIONADJUSTEDPRICES,COUNTRY,UZB,EUR,Europe,YEAR,2010,TOBACCO_INDICATOR,TOBACCO_INDICATOR_R_afford_inflation_adjusted_price_ppp,,,,,,,2.85,2.85,,,,2025-08-18T14:33:28Z,2010,2010-01-01,2010-12-31
5630873,TOBACCO_MPOWER_R_INFLATIONADJUSTEDPRICES,COUNTRY,NPL,SEAR,South-East Asia,YEAR,2024,TOBACCO_INDICATOR,TOBACCO_INDICATOR_R_afford_inflation_adjusted_price_lcu,,,,,,,350,350,,,,2025-08-18T14:33:28Z,2024,2024-01-01,2024-12-31
5632673,TOBACCO_MPOWER_R_INFLATIONADJUSTEDPRICES,COUNTRY,HND,AMR,Americas,YEAR,2012,TOBACCO_INDICATOR,TOBACCO_INDICATOR_R_afford_inflation_adjusted_price_ppp,,,,,,,5.29,5.29,,,,2025-08-18T14:33:28Z,2012,2012-01-01,2012-12-31
5636365,TOBACCO_MPOWER_R_INFLATIONADJUSTEDPRICES,COUNTRY,NOR,EUR,Europe,YEAR,2022,TOBACCO_INDICATOR,TOBACCO_INDICATOR_R_afford_inflation_adjusted_price_lcu,,,,,,,162.17,162.17,,,,2025-08-18T14:33:28Z,2022,2022-01-01,2022-12-31
5637476,TOBACCO_MPOWER_R_INFLATIONADJUSTEDPRICES,COUNTRY,DJI,EMR,Eastern Mediterranean,YEAR,2024,TOBACCO_INDICATOR,TOBACCO_INDICATOR_R_afford_inflation_adjusted_price_ppp,,,,,,,3.02,3.02,,,,2025-08-18T14:33:28Z,2024,2024-01-01,2024-12-31
5638112,TOBACCO_MPOWER_R_INFLATIONADJUSTEDPRICES,COUNTRY,LSO,AFR,Africa,YEAR,2020,TOBACCO_INDICATOR,TOBACCO_INDICATOR_R_afford_inflation_adjusted_price_lcu,,,,,,,60.05,60.05,,,,2025-08-18T14:33:28Z,2020,2020-01-01,2020-12-31
5638236,TOBACCO_MPOWER_R_INFLATIONADJUSTEDPRICES,COUNTRY,GBR,EUR,Europe,YEAR,2010,TOBACCO_INDICATOR,TOBACCO_INDICATOR_R_afford_inflation_adjusted_price_ppp,,,,,,,13.29,13.29,,,,2025-08-18T14:33:28Z,2010,2010-01-01,2010-12-31
5639924,TOBACCO_MPOWER_R_INFLATIONADJUSTEDPRICES,COUNTRY,BLZ,AMR,Americas,YEAR,2010,TOBACCO_INDICATOR,TOBACCO_INDICATOR_R_afford_inflation_adjusted_price_lcu,,,,,,,6.29,6.29,,,,2025-08-18T14:33:28Z,2010,2010-01-01,2010-12-31
5643017,TOBACCO_MPOWER_R_INFLATIONADJUSTEDPRICES,COUNTRY,WSM,WPR,Western Pacific,YEAR,2008,TOBACCO_INDICATOR,TOBACCO_INDICATOR_R_afford_inflation_adjusted_price_ppp,,,,,,,5.55,5.55,,,,2025-08-18T14:33:28Z,2008,2008-01-01,2008-12-31
5648664,TOBACCO_MPOWER_R_INFLATIONADJUSTEDPRICES,COUNTRY,LBR,AFR,Africa,YEAR,2008,TOBACCO_INDICATOR,TOBACCO_INDICATOR_R_afford_inflation_adjusted_price_lcu,,,,,,,263.9,263.9,,,,2025-08-18T14:33:28Z,2008,2008-01-01,2008-12-31
5648738,TOBACCO_MPOWER_R_INFLATIONADJUSTEDPRICES,COUNTRY,AUT,EUR,Europe,YEAR,2014,TOBACCO_INDICATOR,TOBACCO_INDICATOR_R_afford_inflation_adjusted_price_lcu,,,,,,,6.63,6.63,,,,2025-08-18T14:33:28Z,2014,2014-01-01,2014-12-31
5652630,TOBACCO_MPOWER_R_INFLATIONADJUSTEDPRICES,COUNTRY,KNA,AMR,Americas,YEAR,2022,TOBACCO_INDICATOR,TOBACCO_INDICATOR_R_afford_inflation_adjusted_price_lcu,,,,,,,9.94,9.94,,,,2025-08-18T14:33:28Z,2022,2022-01-01,2022-12-31
5653065,TOBACCO_MPOWER_R_INFLATIONADJUSTEDPRICES,COUNTRY,GTM,AMR,Americas,YEAR,2024,TOBACCO_INDICATOR,TOBACCO_INDICATOR_R_afford_inflation_adjusted_price_lcu,,,,,,,20,20,,,,2025-08-18T14:33:28Z,2024,2024-01-01,2024-12-31
5653603,TOBACCO_MPOWER_R_INFLATIONADJUSTEDPRICES,COUNTRY,BIH,EUR,Europe,YEAR,2024,TOBACCO_INDICATOR,TOBACCO_INDICATOR_R_afford_inflation_adjusted_price_ppp,,,,,,,9.31,9.31,,,,2025-08-18T14:33:28Z,2024,2024-01-01,2024-12-31
5653681,TOBACCO_MPOWER_R_INFLATIONADJUSTEDPRICES,COUNTRY,MNE,EUR,Europe,YEAR,2014,TOBACCO_INDICATOR,TOBACCO_INDICATOR_R_afford_inflation_adjusted_price_lcu,,,,,,,1.8,1.8,,,,2025-08-18T14:33:28Z,2014,2014-01-01,2014-12-31
5655220,TOBACCO_MPOWER_R_INFLATIONADJUSTEDPRICES,COUNTRY,BLR,EUR,Europe,YEAR,2020,TOBACCO_INDICATOR,TOBACCO_INDICATOR_R_afford_inflation_adjusted_price_lcu,,,,,,,1.79,1.79,,,,2025-08-18T14:33:28Z,2020,2020-01-01,2020-12-31
5658116,TOBACCO_MPOWER_R_INFLATIONADJUSTEDPRICES,COUNTRY,GIN,AFR,Africa,YEAR,2024,TOBACCO_INDICATOR,TOBACCO_INDICATOR_R_afford_inflation_adjusted_price_lcu,,,,,,,6000,6000,,,,2025-08-18T14:33:28Z,2024,2024-01-01,2024-12-31
5658567,TOBACCO_MPOWER_R_INFLATIONADJUSTEDPRICES,COUNTRY,PSE,EMR,Eastern Mediterranean,YEAR,2022,TOBACCO_INDICATOR,TOBACCO_INDICATOR_R_afford_inflation_adjusted_price_lcu,,,,,,,. . .,,,,,2025-08-18T14:33:28Z,2022,2022-01-01,2022-12-31
5658777,TOBACCO_MPOWER_R_INFLATIONADJUSTEDPRICES,COUNTRY,HND,AMR,Americas,YEAR,2014,TOBACCO_INDICATOR,TOBACCO_INDICATOR_R_afford_inflation_adjusted_price_lcu,,,,,,,56.82,56.82,,,,2025-08-18T14:33:28Z,2014,2014-01-01,2014-12-31
5661024,TOBACCO_MPOWER_R_INFLATIONADJUSTEDPRICES,COUNTRY,MWI,AFR,Africa,YEAR,2020,TOBACCO_INDICATOR,TOBACCO_INDICATOR_R_afford_inflation_adjusted_price_ppp,,,,,,,2.15,2.15,,,,2025-08-18T14:33:28Z,2020,2020-01-01,2020-12-31
5667718,TOBACCO_MPOWER_R_INFLATIONADJUSTEDPRICES,COUNTRY,MCO,EUR,Europe,YEAR,2010,TOBACCO_INDICATOR,TOBACCO_INDICATOR_R_afford_inflation_adjusted_price_lcu,,,,,,,. . .,,,,,2025-08-18T14:33:28Z,2010,2010-01-01,2010-12-31
5669348,TOBACCO_MPOWER_R_INFLATIONADJUSTEDPRICES,COUNTRY,GMB,AFR,Africa,YEAR,2022,TOBACCO_INDICATOR,TOBACCO_INDICATOR_R_afford_inflation_adjusted_price_ppp,,,,,,,7.16,7.16,,,,2025-08-18T14:33:28Z,2022,2022-01-01,2022-12-31
5672270,TOBACCO_MPOWER_R_INFLATIONADJUSTEDPRICES,COUNTRY,MEX,AMR,Americas,YEAR,2018,TOBACCO_INDICATOR,TOBACCO_INDICATOR_R_afford_inflation_adjusted_price_ppp,,,,,,,6.73,6.73,,,,2025-08-18T14:33:28Z,2018,2018-01-01,2018-12-31
5676471,TOBACCO_MPOWER_R_INFLATIONADJUSTEDPRICES,COUNTRY,AGO,AFR,Africa,YEAR,2012,TOBACCO_INDICATOR,TOBACCO_INDICATOR_R_afford_inflation_adjusted_price_ppp,,,,,,,3.11,3.11,,,,2025-08-18T14:33:28Z,2012,2012-01-01,2012-12-31
5679474,TOBACCO_MPOWER_R_INFLATIONADJUSTEDPRICES,COUNTRY,VEN,AMR,Americas,YEAR,2016,TOBACCO_INDICATOR,TOBACCO_INDICATOR_R_afford_inflation_adjusted_price_ppp,,,,,,,. . .,,,,Data not validated by the national authorities.,2025-08-18T14:33:28Z,2016,2016-01-01,2016-12-31
5680378,TOBACCO_MPOWER_R_INFLATIONADJUSTEDPRICES,COUNTRY,AUS,WPR,Western Pacific,YEAR,2018,TOBACCO_INDICATOR,TOBACCO_INDICATOR_R_afford_inflation_adjusted_price_ppp,,,,,,,17.63,17.63,,,,2025-08-18T14:33:28Z,2018,2018-01-01,2018-12-31
5682086,TOBACCO_MPOWER_R_INFLATIONADJUSTEDPRICES,COUNTRY,WSM,WPR,Western Pacific,YEAR,2008,TOBACCO_INDICATOR,TOBACCO_INDICATOR_R_afford_inflation_adjusted_price_lcu,,,,,,,13.07,13.07,,,,2025-08-18T14:33:28Z,2008,2008-01-01,2008-12-31
5682984,TOBACCO_MPOWER_R_INFLATIONADJUSTEDPRICES,COUNTRY,BEN,AFR,Africa,YEAR,2018,TOBACCO_INDICATOR,TOBACCO_INDICATOR_R_afford_inflation_adjusted_price_lcu,,,,,,,546.99,546.99,,,,2025-08-18T14:33:28Z,2018,2018-01-01,2018-12-31
5691159,TOBACCO_MPOWER_R_INFLATIONADJUSTEDPRICES,COUNTRY,SEN,AFR,Africa,YEAR,2020,TOBACCO_INDICATOR,TOBACCO_INDICATOR_R_afford_inflation_adjusted_price_ppp,,,,,,,3.79,3.79,,,,2025-08-18T14:33:28Z,2020,2020-01-01,2020-12-31
5694537,TOBACCO_MPOWER_R_INFLATIONADJUSTEDPRICES,COUNTRY,DMA,AMR,Americas,YEAR,2010,TOBACCO_INDICATOR,TOBACCO_INDICATOR_R_afford_inflation_adjusted_price_lcu,,,,,,,4.25,4.25,,,,2025-08-18T14:33:28Z,2010,2010-01-01,2010-12-31
5696801,TOBACCO_MPOWER_R_INFLATIONADJUSTEDPRICES,COUNTRY,YEM,EMR,Eastern Mediterranean,YEAR,2020,TOBACCO_INDICATOR,TOBACCO_INDICATOR_R_afford_inflation_adjusted_price_ppp,,,,,,,2.9,2.9,,,,2025-08-18T14:33:28Z,2020,2020-01-01,2020-12-31
5701781,TOBACCO_MPOWER_R_INFLATIONADJUSTEDPRICES,COUNTRY,BHS,AMR,Americas,YEAR,2018,TOBACCO_INDICATOR,TOBACCO_INDICATOR_R_afford_inflation_adjusted_price_ppp,,,,,,,. . .,,,,,2025-08-18T14:33:28Z,2018,2018-01-01,2018-12-31
5713500,TOBACCO_MPOWER_R_INFLATIONADJUSTEDPRICES,COUNTRY,CHE,EUR,Europe,YEAR,2012,TOBACCO_INDICATOR,TOBACCO_INDICATOR_R_afford_inflation_adjusted_price_ppp,,,,,,,8.22,8.22,,,,2025-08-18T14:33:28Z,2012,2012-01-01,2012-12-31
5716389,TOBACCO_MPOWER_R_INFLATIONADJUSTEDPRICES,COUNTRY,CUB,AMR,Americas,YEAR,2014,TOBACCO_INDICATOR,TOBACCO_INDICATOR_R_afford_inflation_adjusted_price_ppp,,,,,,,. . .,,,,,2025-08-18T14:33:28Z,2014,2014-01-01,2014-12-31
5718952,TOBACCO_MPOWER_R_INFLATIONADJUSTEDPRICES,COUNTRY,VUT,WPR,Western Pacific,YEAR,2020,TOBACCO_INDICATOR,TOBACCO_INDICATOR_R_afford_inflation_adjusted_price_lcu,,,,,,,929.81,929.81,,,,2025-08-18T14:33:28Z,2020,2020-01-01,2020-12-31
5721992,TOBACCO_MPOWER_R_INFLATIONADJUSTEDPRICES,COUNTRY,SGP,WPR,Western Pacific,YEAR,2014,TOBACCO_INDICATOR,TOBACCO_INDICATOR_R_afford_inflation_adjusted_price_ppp,,,,,,,20.06,20.06,,,,2025-08-18T14:33:28Z,2014,2014-01-01,2014-12-31
5725655,TOBACCO_MPOWER_R_INFLATIONADJUSTEDPRICES,COUNTRY,TON,WPR,Western Pacific,YEAR,2020,TOBACCO_INDICATOR,TOBACCO_INDICATOR_R_afford_inflation_adjusted_price_ppp,,,,,,,15.22,15.22,,,,2025-08-18T14:33:28Z,2020,2020-01-01,2020-12-31
5728547,TOBACCO_MPOWER_R_INFLATIONADJUSTEDPRICES,COUNTRY,NAM,AFR,Africa,YEAR,2008,TOBACCO_INDICATOR,TOBACCO_INDICATOR_R_afford_inflation_adjusted_price_ppp,,,,,,,7.68,7.68,,,,2025-08-18T14:33:28Z,2008,2008-01-01,2008-12-31
5730680,TOBACCO_MPOWER_R_INFLATIONADJUSTEDPRICES,COUNTRY,FSM,WPR,Western Pacific,YEAR,2022,TOBACCO_INDICATOR,TOBACCO_INDICATOR_R_afford_inflation_adjusted_price_lcu,,,,,,,4.48,4.48,,,,2025-08-18T14:33:28Z,2022,2022-01-01,2022-12-31
5731938,TOBACCO_MPOWER_R_INFLATIONADJUSTEDPRICES,COUNTRY,JOR,EMR,Eastern Mediterranean,YEAR,2012,TOBACCO_INDICATOR,TOBACCO_INDICATOR_R_afford_inflation_adjusted_price_ppp,,,,,,,5.2,5.2,,,,2025-08-18T14:33:28Z,2012,2012-01-01,2012-12-31
5732752,TOBACCO_MPOWER_R_INFLATIONADJUSTEDPRICES,COUNTRY,NPL,SEAR,South-East Asia,YEAR,2022,TOBACCO_INDICATOR,TOBACCO_INDICATOR_R_afford_inflation_adjusted_price_lcu,,,,,,,397.5,397.5,,,,2025-08-18T14:33:28Z,2022,2022-01-01,2022-12-31
5738613,TOBACCO_MPOWER_R_INFLATIONADJUSTEDPRICES,COUNTRY,DNK,EUR,Europe,YEAR,2024,TOBACCO_INDICATOR,TOBACCO_INDICATOR_R_afford_inflation_adjusted_price_lcu,,,,,,,62,62,,,,2025-08-18T14:33:28Z,2024,2024-01-01,2024-12-31
5739335,TOBACCO_MPOWER_R_INFLATIONADJUSTEDPRICES,COUNTRY,COM,AFR,Africa,YEAR,2012,TOBACCO_INDICATOR,TOBACCO_INDICATOR_R_afford_inflation_adjusted_price_ppp,,,,,,,3.58,3.58,,,,2025-08-18T14:33:28Z,2012,2012-01-01,2012-12-31
5741330,TOBACCO_MPOWER_R_INFLATIONADJUSTEDPRICES,COUNTRY,HTI,AMR,Americas,YEAR,2016,TOBACCO_INDICATOR,TOBACCO_INDICATOR_R_afford_inflation_adjusted_price_lcu,,,,,,,400.46,400.46,,,,2025-08-18T14:33:28Z,2016,2016-01-01,2016-12-31
5741375,TOBACCO_MPOWER_R_INFLATIONADJUSTEDPRICES,COUNTRY,LVA,EUR,Europe,YEAR,2010,TOBACCO_INDICATOR,TOBACCO_INDICATOR_R_afford_inflation_adjusted_price_ppp,,,,,,,5.62,5.62,,,,2025-08-18T14:33:28Z,2010,2010-01-01,2010-12-31
5743483,TOBACCO_MPOWER_R_INFLATIONADJUSTEDPRICES,COUNTRY,CHE,EUR,Europe,YEAR,2008,TOBACCO_INDICATOR,TOBACCO_INDICATOR_R_afford_inflation_adjusted_price_lcu,,,,,,,6.98,6.98,,,,2025-08-18T14:33:28Z,2008,2008-01-01,2008-12-31
5744777,TOBACCO_MPOWER_R_INFLATIONADJUSTEDPRICES,COUNTRY,TTO,AMR,Americas,YEAR,2010,TOBACCO_INDICATOR,TOBACCO_INDICATOR_R_afford_inflation_adjusted_price_ppp,,,,,,,5.66,5.66,,,,2025-08-18T14:33:28Z,2010,2010-01-01,2010-12-31
5751783,TOBACCO_MPOWER_R_INFLATIONADJUSTEDPRICES,COUNTRY,ARG,AMR,Americas,YEAR,2010,TOBACCO_INDICATOR,TOBACCO_INDICATOR_R_afford_inflation_adjusted_price_ppp,,,,,,,3.99,3.99,,,,2025-08-18T14:33:28Z,2010,2010-01-01,2010-12-31
5758935,TOBACCO_MPOWER_R_INFLATIONADJUSTEDPRICES,COUNTRY,NZL,WPR,Western Pacific,YEAR,2012,TOBACCO_INDICATOR,TOBACCO_INDICATOR_R_afford_inflation_adjusted_price_lcu,,,,,,,19.43,19.43,,,,2025-08-18T14:33:28Z,2012,2012-01-01,2012-12-31
5759690,TOBACCO_MPOWER_R_INFLATIONADJUSTEDPRICES,COUNTRY,IRL,EUR,Europe,YEAR,2022,TOBACCO_INDICATOR,TOBACCO_INDICATOR_R_afford_inflation_adjusted_price_ppp,,,,,,,22.49,22.49,,,,2025-08-18T14:33:28Z,2022,2022-01-01,2022-12-31
5760087,TOBACCO_MPOWER_R_INFLATIONADJUSTEDPRICES,COUNTRY,TUN,EMR,Eastern Mediterranean,YEAR,2010,TOBACCO_INDICATOR,TOBACCO_INDICATOR_R_afford_inflation_adjusted_price_lcu,,,,,,,4.18,4.18,,,,2025-08-18T14:33:28Z,2010,2010-01-01,2010-12-31
5764132,TOBACCO_MPOWER_R_INFLATIONADJUSTEDPRICES,COUNTRY,GMB,AFR,Africa,YEAR,2020,TOBACCO_INDICATOR,TOBACCO_INDICATOR_R_afford_inflation_adjusted_price_ppp,,,,,,,5.79,5.79,,,,2025-08-18T14:33:28Z,2020,2020-01-01,2020-12-31
5771779,TOBACCO_MPOWER_R_INFLATIONADJUSTEDPRICES,COUNTRY,KGZ,EUR,Europe,YEAR,2010,TOBACCO_INDICATOR,TOBACCO_INDICATOR_R_afford_inflation_adjusted_price_lcu,,,,,,,56.47,56.47,,,,2025-08-18T14:33:28Z,2010,2010-01-01,2010-12-31
5776126,TOBACCO_MPOWER_R_INFLATIONADJUSTEDPRICES,COUNTRY,AND,EUR,Europe,YEAR,2016,TOBACCO_INDICATOR,TOBACCO_INDICATOR_R_afford_inflation_adjusted_price_ppp,,,,,,,6.7,6.7,,,,2025-08-18T14:33:28Z,2016,2016-01-01,2016-12-31
5790524,TOBACCO_MPOWER_R_INFLATIONADJUSTEDPRICES,COUNTRY,COK,WPR,Western Pacific,YEAR,2018,TOBACCO_INDICATOR,TOBACCO_INDICATOR_R_afford_inflation_adjusted_price_ppp,,,,,,,. . .,,,,,2025-08-18T14:33:28Z,2018,2018-01-01,2018-12-31
5799555,TOBACCO_MPOWER_R_INFLATIONADJUSTEDPRICES,COUNTRY,KIR,WPR,Western Pacific,YEAR,2024,TOBACCO_INDICATOR,TOBACCO_INDICATOR_R_afford_inflation_adjusted_price_lcu,,,,,,,10,10,,,,2025-08-18T14:33:28Z,2024,2024-01-01,2024-12-31
5807716,TOBACCO_MPOWER_R_INFLATIONADJUSTEDPRICES,COUNTRY,MUS,AFR,Africa,YEAR,2024,TOBACCO_INDICATOR,TOBACCO_INDICATOR_R_afford_inflation_adjusted_price_lcu,,,,,,,210,210,,,,2025-08-18T14:33:28Z,2024,2024-01-01,2024-12-31
5808688,TOBACCO_MPOWER_R_INFLATIONADJUSTEDPRICES,COUNTRY,ECU,AMR,Americas,YEAR,2012,TOBACCO_INDICATOR,TOBACCO_INDICATOR_R_afford_inflation_adjusted_price_lcu,,,,,,,3.15,3.15,,,,2025-08-18T14:33:28Z,2012,2012-01-01,2012-12-31
5812117,TOBACCO_MPOWER_R_INFLATIONADJUSTEDPRICES,COUNTRY,SOM,EMR,Eastern Mediterranean,YEAR,2010,TOBACCO_INDICATOR,TOBACCO_INDICATOR_R_afford_inflation_adjusted_price_ppp,,,,,,,. . .,,,,,2025-08-18T14:33:28Z,2010,2010-01-01,2010-12-31
5827396,TOBACCO_MPOWER_R_INFLATIONADJUSTEDPRICES,COUNTRY,AND,EUR,Europe,YEAR,2022,TOBACCO_INDICATOR,TOBACCO_INDICATOR_R_afford_inflation_adjusted_price_lcu,,,,,,,3.97,3.97,,,,2025-08-18T14:33:28Z,2022,2022-01-01,2022-12-31
5827845,TOBACCO_MPOWER_R_INFLATIONADJUSTEDPRICES,COUNTRY,SLE,AFR,Africa,YEAR,2014,TOBACCO_INDICATOR,TOBACCO_INDICATOR_R_afford_inflation_adjusted_price_ppp,,,,,,,2.68,2.68,,,,2025-08-18T14:33:28Z,2014,2014-01-01,2014-12-31
5834818,TOBACCO_MPOWER_R_INFLATIONADJUSTEDPRICES,COUNTRY,LUX,EUR,Europe,YEAR,2010,TOBACCO_INDICATOR,TOBACCO_INDICATOR_R_afford_inflation_adjusted_price_ppp,,,,,,,6.49,6.49,,,,2025-08-18T14:33:28Z,2010,2010-01-01,2010-12-31
5838438,TOBACCO_MPOWER_R_INFLATIONADJUSTEDPRICES,COUNTRY,MAR,EMR,Eastern Mediterranean,YEAR,2010,TOBACCO_INDICATOR,TOBACCO_INDICATOR_R_afford_inflation_adjusted_price_lcu,,,,,,,22.6,22.6,,,,2025-08-18T14:33:28Z,2010,2010-01-01,2010-12-31
5839846,TOBACCO_MPOWER_R_INFLATIONADJUSTEDPRICES,COUNTRY,POL,EUR,Europe,YEAR,2012,TOBACCO_INDICATOR,TOBACCO_INDICATOR_R_afford_inflation_adjusted_price_ppp,,,,,,,8.81,8.81,,,,2025-08-18T14:33:28Z,2012,2012-01-01,2012-12-31
5841949,TOBACCO_MPOWER_R_INFLATIONADJUSTEDPRICES,COUNTRY,BIH,EUR,Europe,YEAR,2012,TOBACCO_INDICATOR,TOBACCO_INDICATOR_R_afford_inflation_adjusted_price_ppp,,,,,,,5.52,5.52,,,,2025-08-18T14:33:28Z,2012,2012-01-01,2012-12-31
5843051,TOBACCO_MPOWER_R_INFLATIONADJUSTEDPRICES,COUNTRY,TZA,AFR,Africa,YEAR,2024,TOBACCO_INDICATOR,TOBACCO_INDICATOR_R_afford_inflation_adjusted_price_lcu,,,,,,,4400,4400,,,,2025-08-18T14:33:28Z,2024,2024-01-01,2024-12-31
5845087,TOBACCO_MPOWER_R_INFLATIONADJUSTEDPRICES,COUNTRY,GUY,AMR,Americas,YEAR,2008,TOBACCO_INDICATOR,TOBACCO_INDICATOR_R_afford_inflation_adjusted_price_lcu,,,,,,,355.18,355.18,,,,2025-08-18T14:33:28Z,2008,2008-01-01,2008-12-31
5846209,TOBACCO_MPOWER_R_INFLATIONADJUSTEDPRICES,COUNTRY,CHL,AMR,Americas,YEAR,2018,TOBACCO_INDICATOR,TOBACCO_INDICATOR_R_afford_inflation_adjusted_price_ppp,,,,,,,8.51,8.51,,,,2025-08-18T14:33:28Z,2018,2018-01-01,2018-12-31
5853094,TOBACCO_MPOWER_R_INFLATIONADJUSTEDPRICES,COUNTRY,SEN,AFR,Africa,YEAR,2018,TOBACCO_INDICATOR,TOBACCO_INDICATOR_R_afford_inflation_adjusted_price_ppp,,,,,,,3.66,3.66,,,,2025-08-18T14:33:28Z,2018,2018-01-01,2018-12-31
5855676,TOBACCO_MPOWER_R_INFLATIONADJUSTEDPRICES,COUNTRY,WSM,WPR,Western Pacific,YEAR,2020,TOBACCO_INDICATOR,TOBACCO_INDICATOR_R_afford_inflation_adjusted_price_lcu,,,,,,,17.37,17.37,,,,2025-08-18T14:33:28Z,2020,2020-01-01,2020-12-31
5859614,TOBACCO_MPOWER_R_INFLATIONADJUSTEDPRICES,COUNTRY,COK,WPR,Western Pacific,YEAR,2016,TOBACCO_INDICATOR,TOBACCO_INDICATOR_R_afford_inflation_adjusted_price_ppp,,,,,,,. . .,,,,,2025-08-18T14:33:28Z,2016,2016-01-01,2016-12-31
5861695,TOBACCO_MPOWER_R_INFLATIONADJUSTEDPRICES,COUNTRY,BWA,AFR,Africa,YEAR,2020,TOBACCO_INDICATOR,TOBACCO_INDICATOR_R_afford_inflation_adjusted_price_ppp,,,,,,,12.66,12.66,,,,2025-08-18T14:33:28Z,2020,2020-01-01,2020-12-31
5865354,TOBACCO_MPOWER_R_INFLATIONADJUSTEDPRICES,COUNTRY,YEM,EMR,Eastern Mediterranean,YEAR,2016,TOBACCO_INDICATOR,TOBACCO_INDICATOR_R_afford_inflation_adjusted_price_lcu,,,,,,,1974.46,1974.46,,,,2025-08-18T14:33:28Z,2016,2016-01-01,2016-12-31
5866640,TOBACCO_MPOWER_R_INFLATIONADJUSTEDPRICES,COUNTRY,DZA,AFR,Africa,YEAR,2018,TOBACCO_INDICATOR,TOBACCO_INDICATOR_R_afford_inflation_adjusted_price_lcu,,,,,,,417.44,417.44,,,,2025-08-18T14:33:28Z,2018,2018-01-01,2018-12-31
5867260,TOBACCO_MPOWER_R_INFLATIONADJUSTEDPRICES,COUNTRY,MAR,EMR,Eastern Mediterranean,YEAR,2016,TOBACCO_INDICATOR,TOBACCO_INDICATOR_R_afford_inflation_adjusted_price_lcu,,,,,,,24.53,24.53,,,,2025-08-18T14:33:28Z,2016,2016-01-01,2016-12-31
5873376,TOBACCO_MPOWER_R_INFLATIONADJUSTEDPRICES,COUNTRY,DOM,AMR,Americas,YEAR,2014,TOBACCO_INDICATOR,TOBACCO_INDICATOR_R_afford_inflation_adjusted_price_lcu,,,,,,,221.46,221.46,,,,2025-08-18T14:33:28Z,2014,2014-01-01,2014-12-31
5874518,TOBACCO_MPOWER_R_INFLATIONADJUSTEDPRICES,COUNTRY,BLZ,AMR,Americas,YEAR,2008,TOBACCO_INDICATOR,TOBACCO_INDICATOR_R_afford_inflation_adjusted_price_lcu,,,,,,,6.27,6.27,,,,2025-08-18T14:33:28Z,2008,2008-01-01,2008-12-31
5874580,TOBACCO_MPOWER_R_INFLATIONADJUSTEDPRICES,COUNTRY,BEL,EUR,Europe,YEAR,2010,TOBACCO_INDICATOR,TOBACCO_INDICATOR_R_afford_inflation_adjusted_price_ppp,,,,,,,9.05,9.05,,,,2025-08-18T14:33:28Z,2010,2010-01-01,2010-12-31
5875747,TOBACCO_MPOWER_R_INFLATIONADJUSTEDPRICES,COUNTRY,BHR,EMR,Eastern Mediterranean,YEAR,2024,TOBACCO_INDICATOR,TOBACCO_INDICATOR_R_afford_inflation_adjusted_price_ppp,,,,,,,14.46,14.46,,,,2025-08-18T14:33:28Z,2024,2024-01-01,2024-12-31
5882183,TOBACCO_MPOWER_R_INFLATIONADJUSTEDPRICES,COUNTRY,BLR,EUR,Europe,YEAR,2020,TOBACCO_INDICATOR,TOBACCO_INDICATOR_R_afford_inflation_adjusted_price_ppp,,,,,,,2.42,2.42,,,,2025-08-18T14:33:28Z,2020,2020-01-01,2020-12-31
5884746,TOBACCO_MPOWER_R_INFLATIONADJUSTEDPRICES,COUNTRY,MRT,AFR,Africa,YEAR,2014,TOBACCO_INDICATOR,TOBACCO_INDICATOR_R_afford_inflation_adjusted_price_ppp,,,,,,,6.36,6.36,,,,2025-08-18T14:33:28Z,2014,2014-01-01,2014-12-31
5889948,TOBACCO_MPOWER_R_INFLATIONADJUSTEDPRICES,COUNTRY,SUR,AMR,Americas,YEAR,2022,TOBACCO_INDICATOR,TOBACCO_INDICATOR_R_afford_inflation_adjusted_price_lcu,,,,,,,140.94,140.94,,,,2025-08-18T14:33:28Z,2022,2022-01-01,2022-12-31
5891956,TOBACCO_MPOWER_R_INFLATIONADJUSTEDPRICES,COUNTRY,LBR,AFR,Africa,YEAR,2024,TOBACCO_INDICATOR,TOBACCO_INDICATOR_R_afford_inflation_adjusted_price_lcu,,,,,,,280,280,,,,2025-08-18T14:33:28Z,2024,2024-01-01,2024-12-31
5912369,TOBACCO_MPOWER_R_INFLATIONADJUSTEDPRICES,COUNTRY,SYC,AFR,Africa,YEAR,2020,TOBACCO_INDICATOR,TOBACCO_INDICATOR_R_afford_inflation_adjusted_price_lcu,,,,,,,145.67,145.67,,,,2025-08-18T14:33:28Z,2020,2020-01-01,2020-12-31
5913689,TOBACCO_MPOWER_R_INFLATIONADJUSTEDPRICES,COUNTRY,BDI,AFR,Africa,YEAR,2024,TOBACCO_INDICATOR,TOBACCO_INDICATOR_R_afford_inflation_adjusted_price_lcu,,,,,,,3000,3000,,,,2025-08-18T14:33:28Z,2024,2024-01-01,2024-12-31
5917594,TOBACCO_MPOWER_R_INFLATIONADJUSTEDPRICES,COUNTRY,MDV,SEAR,South-East Asia,YEAR,2014,TOBACCO_INDICATOR,TOBACCO_INDICATOR_R_afford_inflation_adjusted_price_ppp,,,,,,,6.52,6.52,,,,2025-08-18T14:33:28Z,2014,2014-01-01,2014-12-31
5918754,TOBACCO_MPOWER_R_INFLATIONADJUSTEDPRICES,COUNTRY,MLT,EUR,Europe,YEAR,2012,TOBACCO_INDICATOR,TOBACCO_INDICATOR_R_afford_inflation_adjusted_price_ppp,,,,,,,10.36,10.36,,,,2025-08-18T14:33:28Z,2012,2012-01-01,2012-12-31
5918956,TOBACCO_MPOWER_R_INFLATIONADJUSTEDPRICES,COUNTRY,IDN,WPR,Western Pacific,YEAR,2016,TOBACCO_INDICATOR,TOBACCO_INDICATOR_R_afford_inflation_adjusted_price_lcu,,,,,,,27 349,27349.45,,,,2025-08-18T14:33:28Z,2016,2016-01-01,2016-12-31
5926554,TOBACCO_MPOWER_R_INFLATIONADJUSTEDPRICES,COUNTRY,USA,AMR,Americas,YEAR,2018,TOBACCO_INDICATOR,TOBACCO_INDICATOR_R_afford_inflation_adjusted_price_ppp,,,,,,,8.57,8.57,,,,2025-08-18T14:33:28Z,2018,2018-01-01,2018-12-31
5931673,TOBACCO_MPOWER_R_INFLATIONADJUSTEDPRICES,COUNTRY,ISL,EUR,Europe,YEAR,2010,TOBACCO_INDICATOR,TOBACCO_INDICATOR_R_afford_inflation_adjusted_price_lcu,,,,,,,1554.91,1554.91,,,,2025-08-18T14:33:28Z,2010,2010-01-01,2010-12-31
5936386,TOBACCO_MPOWER_R_INFLATIONADJUSTEDPRICES,COUNTRY,WSM,WPR,Western Pacific,YEAR,2024,TOBACCO_INDICATOR,TOBACCO_INDICATOR_R_afford_inflation_adjusted_price_lcu,,,,,,,15.6,15.6,,,,2025-08-18T14:33:28Z,2024,2024-01-01,2024-12-31
5937589,TOBACCO_MPOWER_R_INFLATIONADJUSTEDPRICES,COUNTRY,ARG,AMR,Americas,YEAR,2010,TOBACCO_INDICATOR,TOBACCO_INDICATOR_R_afford_inflation_adjusted_price_lcu,,,,,,,. . .,,,,,2025-08-18T14:33:28Z,2010,2010-01-01,2010-12-31
5939647,TOBACCO_MPOWER_R_INFLATIONADJUSTEDPRICES,COUNTRY,VNM,WPR,Western Pacific,YEAR,2018,TOBACCO_INDICATOR,TOBACCO_INDICATOR_R_afford_inflation_adjusted_price_ppp,,,,,,,3.43,3.43,,,,2025-08-18T14:33:28Z,2018,2018-01-01,2018-12-31
5945346,TOBACCO_MPOWER_R_INFLATIONADJUSTEDPRICES,COUNTRY,CPV,AFR,Africa,YEAR,2024,TOBACCO_INDICATOR,TOBACCO_INDICATOR_R_afford_inflation_adjusted_price_lcu,,,,,,,400,400,,,,2025-08-18T14:33:28Z,2024,2024-01-01,2024-12-31
5949004,TOBACCO_MPOWER_R_INFLATIONADJUSTEDPRICES,COUNTRY,OMN,EMR,Eastern Mediterranean,YEAR,2014,TOBACCO_INDICATOR,TOBACCO_INDICATOR_R_afford_inflation_adjusted_price_lcu,,,,,,,0.98,0.98,,,,2025-08-18T14:33:28Z,2014,2014-01-01,2014-12-31
5956837,TOBACCO_MPOWER_R_INFLATIONADJUSTEDPRICES,COUNTRY,DZA,AFR,Africa,YEAR,2016,TOBACCO_INDICATOR,TOBACCO_INDICATOR_R_afford_inflation_adjusted_price_ppp,,,,,,,7.55,7.55,,,,2025-08-18T14:33:28Z,2016,2016-01-01,2016-12-31
5957066,TOBACCO_MPOWER_R_INFLATIONADJUSTEDPRICES,COUNTRY,BRN,WPR,Western Pacific,YEAR,2010,TOBACCO_INDICATOR,TOBACCO_INDICATOR_R_afford_inflation_adjusted_price_lcu,,,,,,,2.39,2.39,,,,2025-08-18T14:33:28Z,2010,2010-01-01,2010-12-31
5959128,TOBACCO_MPOWER_R_INFLATIONADJUSTEDPRICES,COUNTRY,CAN,AMR,Americas,YEAR,2012,TOBACCO_INDICATOR,TOBACCO_INDICATOR_R_afford_inflation_adjusted_price_lcu,,,,,,,11.22,11.22,,,,2025-08-18T14:33:28Z,2012,2012-01-01,2012-12-31
5959930,TOBACCO_MPOWER_R_INFLATIONADJUSTEDPRICES,COUNTRY,BDI,AFR,Africa,YEAR,2008,TOBACCO_INDICATOR,TOBACCO_INDICATOR_R_afford_inflation_adjusted_price_ppp,,,,,,,2.83,2.83,,,,2025-08-18T14:33:28Z,2008,2008-01-01,2008-12-31
5969846,TOBACCO_MPOWER_R_INFLATIONADJUSTEDPRICES,COUNTRY,SWZ,AFR,Africa,YEAR,2012,TOBACCO_INDICATOR,TOBACCO_INDICATOR_R_afford_inflation_adjusted_price_ppp,,,,,,,. . .,,,,,2025-08-18T14:33:28Z,2012,2012-01-01,2012-12-31
5974660,TOBACCO_MPOWER_R_INFLATIONADJUSTEDPRICES,COUNTRY,HTI,AMR,Americas,YEAR,2008,TOBACCO_INDICATOR,TOBACCO_INDICATOR_R_afford_inflation_adjusted_price_ppp,,,,,,,. . .,,,,,2025-08-18T14:33:28Z,2008,2008-01-01,2008-12-31
5977850,TOBACCO_MPOWER_R_INFLATIONADJUSTEDPRICES,COUNTRY,WSM,WPR,Western Pacific,YEAR,2014,TOBACCO_INDICATOR,TOBACCO_INDICATOR_R_afford_inflation_adjusted_price_ppp,,,,,,,6.5,6.5,,,,2025-08-18T14:33:28Z,2014,2014-01-01,2014-12-31
5983771,TOBACCO_MPOWER_R_INFLATIONADJUSTEDPRICES,COUNTRY,ZMB,AFR,Africa,YEAR,2018,TOBACCO_INDICATOR,TOBACCO_INDICATOR_R_afford_inflation_adjusted_price_ppp,,,,,,,4.92,4.92,,,,2025-08-18T14:33:28Z,2018,2018-01-01,2018-12-31
5983859,TOBACCO_MPOWER_R_INFLATIONADJUSTEDPRICES,COUNTRY,FRA,EUR,Europe,YEAR,2024,TOBACCO_INDICATOR,TOBACCO_INDICATOR_R_afford_inflation_adjusted_price_lcu,,,,,,,12.5,12.5,,,,2025-08-18T14:33:28Z,2024,2024-01-01,2024-12-31
5985553,TOBACCO_MPOWER_R_INFLATIONADJUSTEDPRICES,COUNTRY,SYR,EMR,Eastern Mediterranean,YEAR,2018,TOBACCO_INDICATOR,TOBACCO_INDICATOR_R_afford_inflation_adjusted_price_lcu,,,,,,,. . .,,,,,2025-08-18T14:33:28Z,2018,2018-01-01,2018-12-31
5991961,TOBACCO_MPOWER_R_INFLATIONADJUSTEDPRICES,COUNTRY,KEN,AFR,Africa,YEAR,2012,TOBACCO_INDICATOR,TOBACCO_INDICATOR_R_afford_inflation_adjusted_price_ppp,,,,,,,3.99,3.99,,,,2025-08-18T14:33:28Z,2012,2012-01-01,2012-12-31
5993148,TOBACCO_MPOWER_R_INFLATIONADJUSTEDPRICES,COUNTRY,KNA,AMR,Americas,YEAR,2014,TOBACCO_INDICATOR,TOBACCO_INDICATOR_R_afford_inflation_adjusted_price_ppp,,,,,,,5.29,5.29,,,,2025-08-18T14:33:28Z,2014,2014-01-01,2014-12-31
6012272,TOBACCO_MPOWER_R_INFLATIONADJUSTEDPRICES,COUNTRY,MDG,AFR,Africa,YEAR,2014,TOBACCO_INDICATOR,TOBACCO_INDICATOR_R_afford_inflation_adjusted_price_ppp,,,,,,,4.71,4.71,,,,2025-08-18T14:33:28Z,2014,2014-01-01,2014-12-31
6016057,TOBACCO_MPOWER_R_INFLATIONADJUSTEDPRICES,COUNTRY,MLT,EUR,Europe,YEAR,2014,TOBACCO_INDICATOR,TOBACCO_INDICATOR_R_afford_inflation_adjusted_price_ppp,,,,,,,11.36,11.36,,,,2025-08-18T14:33:28Z,2014,2014-01-01,2014-12-31
6020252,TOBACCO_MPOWER_R_INFLATIONADJUSTEDPRICES,COUNTRY,JOR,EMR,Eastern Mediterranean,YEAR,2018,TOBACCO_INDICATOR,TOBACCO_INDICATOR_R_afford_inflation_adjusted_price_ppp,,,,,,,7.69,7.69,,,,2025-08-18T14:33:28Z,2018,2018-01-01,2018-12-31
6020625,TOBACCO_MPOWER_R_INFLATIONADJUSTEDPRICES,COUNTRY,COK,WPR,Western Pacific,YEAR,2020,TOBACCO_INDICATOR,TOBACCO_INDICATOR_R_afford_inflation_adjusted_price_lcu,,,,,,,. . .,,,,,2025-08-18T14:33:28Z,2020,2020-01-01,2020-12-31
6027803,TOBACCO_MPOWER_R_INFLATIONADJUSTEDPRICES,COUNTRY,MRT,AFR,Africa,YEAR,2018,TOBACCO_INDICATOR,TOBACCO_INDICATOR_R_afford_inflation_adjusted_price_ppp,,,,,,,4.41,4.41,,,,2025-08-18T14:33:28Z,2018,2018-01-01,2018-12-31
6029189,TOBACCO_MPOWER_R_INFLATIONADJUSTEDPRICES,COUNTRY,COM,AFR,Africa,YEAR,2024,TOBACCO_INDICATOR,TOBACCO_INDICATOR_R_afford_inflation_adjusted_price_lcu,,,,,,,500,500,,,,2025-08-18T14:33:28Z,2024,2024-01-01,2024-12-31
6029847,TOBACCO_MPOWER_R_INFLATIONADJUSTEDPRICES,COUNTRY,PRK,SEAR,South-East Asia,YEAR,2010,TOBACCO_INDICATOR,TOBACCO_INDICATOR_R_afford_inflation_adjusted_price_ppp,,,,,,,. . .,,,,,2025-08-18T14:33:28Z,2010,2010-01-01,2010-12-31
6029985,TOBACCO_MPOWER_R_INFLATIONADJUSTEDPRICES,COUNTRY,BHS,AMR,Americas,YEAR,2008,TOBACCO_INDICATOR,TOBACCO_INDICATOR_R_afford_inflation_adjusted_price_lcu,,,,,,,3.61,3.61,,,,2025-08-18T14:33:28Z,2008,2008-01-01,2008-12-31
6035711,TOBACCO_MPOWER_R_INFLATIONADJUSTEDPRICES,COUNTRY,MLI,AFR,Africa,YEAR,2010,TOBACCO_INDICATOR,TOBACCO_INDICATOR_R_afford_inflation_adjusted_price_ppp,,,,,,,5.57,5.57,,,,2025-08-18T14:33:28Z,2010,2010-01-01,2010-12-31
6037025,TOBACCO_MPOWER_R_INFLATIONADJUSTEDPRICES,COUNTRY,MHL,WPR,Western Pacific,YEAR,2012,TOBACCO_INDICATOR,TOBACCO_INDICATOR_R_afford_inflation_adjusted_price_lcu,,,,,,,4.13,4.13,,,,2025-08-18T14:33:28Z,2012,2012-01-01,2012-12-31
6037651,TOBACCO_MPOWER_R_INFLATIONADJUSTEDPRICES,COUNTRY,ECU,AMR,Americas,YEAR,2022,TOBACCO_INDICATOR,TOBACCO_INDICATOR_R_afford_inflation_adjusted_price_ppp,,,,,,,14.99,14.99,,,,2025-08-18T14:33:28Z,2022,2022-01-01,2022-12-31
6038132,TOBACCO_MPOWER_R_INFLATIONADJUSTEDPRICES,COUNTRY,IRQ,EMR,Eastern Mediterranean,YEAR,2012,TOBACCO_INDICATOR,TOBACCO_INDICATOR_R_afford_inflation_adjusted_price_ppp,,,,,,,0.8,0.8,,,,2025-08-18T14:33:28Z,2012,2012-01-01,2012-12-31
6041837,TOBACCO_MPOWER_R_INFLATIONADJUSTEDPRICES,COUNTRY,HTI,AMR,Americas,YEAR,2024,TOBACCO_INDICATOR,TOBACCO_INDICATOR_R_afford_inflation_adjusted_price_lcu,,,,,,,340,340,,,,2025-08-18T14:33:28Z,2024,2024-01-01,2024-12-31
6041993,TOBACCO_MPOWER_R_INFLATIONADJUSTEDPRICES,COUNTRY,SUR,AMR,Americas,YEAR,2024,TOBACCO_INDICATOR,TOBACCO_INDICATOR_R_afford_inflation_adjusted_price_ppp,,,,,,,13.7,13.7,,,,2025-08-18T14:33:28Z,2024,2024-01-01,2024-12-31
6042297,TOBACCO_MPOWER_R_INFLATIONADJUSTEDPRICES,COUNTRY,URY,AMR,Americas,YEAR,2018,TOBACCO_INDICATOR,TOBACCO_INDICATOR_R_afford_inflation_adjusted_price_lcu,,,,,,,216.32,216.32,,,,2025-08-18T14:33:28Z,2018,2018-01-01,2018-12-31
6046355,TOBACCO_MPOWER_R_INFLATIONADJUSTEDPRICES,COUNTRY,SAU,EMR,Eastern Mediterranean,YEAR,2024,TOBACCO_INDICATOR,TOBACCO_INDICATOR_R_afford_inflation_adjusted_price_ppp,,,,,,,14.51,14.51,,,,2025-08-18T14:33:28Z,2024,2024-01-01,2024-12-31
6047630,TOBACCO_MPOWER_R_INFLATIONADJUSTEDPRICES,COUNTRY,TJK,EUR,Europe,YEAR,2012,TOBACCO_INDICATOR,TOBACCO_INDICATOR_R_afford_inflation_adjusted_price_ppp,,,,,,,2.08,2.08,,,,2025-08-18T14:33:28Z,2012,2012-01-01,2012-12-31
6049960,TOBACCO_MPOWER_R_INFLATIONADJUSTEDPRICES,COUNTRY,THA,SEAR,South-East Asia,YEAR,2012,TOBACCO_INDICATOR,TOBACCO_INDICATOR_R_afford_inflation_adjusted_price_lcu,,,,,,,66.48,66.48,,,,2025-08-18T14:33:28Z,2012,2012-01-01,2012-12-31
6051426,TOBACCO_MPOWER_R_INFLATIONADJUSTEDPRICES,COUNTRY,IRQ,EMR,Eastern Mediterranean,YEAR,2024,TOBACCO_INDICATOR,TOBACCO_INDICATOR_R_afford_inflation_adjusted_price_lcu,,,,,,,2000,2000,,,,2025-08-18T14:33:28Z,2024,2024-01-01,2024-12-31
6051690,TOBACCO_MPOWER_R_INFLATIONADJUSTEDPRICES,COUNTRY,BTN,SEAR,South-East Asia,YEAR,2020,TOBACCO_INDICATOR,TOBACCO_INDICATOR_R_afford_inflation_adjusted_price_ppp,,,,,,,23.01,23.01,,,,2025-08-18T14:33:28Z,2020,2020-01-01,2020-12-31
6052077,TOBACCO_MPOWER_R_INFLATIONADJUSTEDPRICES,COUNTRY,GIN,AFR,Africa,YEAR,2014,TOBACCO_INDICATOR,TOBACCO_INDICATOR_R_afford_inflation_adjusted_price_ppp,,,,,,,. . .,,,,,2025-08-18T14:33:28Z,2014,2014-01-01,2014-12-31
6056744,TOBACCO_MPOWER_R_INFLATIONADJUSTEDPRICES,COUNTRY,IND,SEAR,South-East Asia,YEAR,2012,TOBACCO_INDICATOR,TOBACCO_INDICATOR_R_afford_inflation_adjusted_price_lcu,,,,,,,183.94,183.94,,,,2025-08-18T14:33:28Z,2012,2012-01-01,2012-12-31
6057081,TOBACCO_MPOWER_R_INFLATIONADJUSTEDPRICES,COUNTRY,NAM,AFR,Africa,YEAR,2014,TOBACCO_INDICATOR,TOBACCO_INDICATOR_R_afford_inflation_adjusted_price_lcu,,,,,,,62.85,62.85,,,,2025-08-18T14:33:28Z,2014,2014-01-01,2014-12-31
6057676,TOBACCO_MPOWER_R_INFLATIONADJUSTEDPRICES,COUNTRY,GNQ,AFR,Africa,YEAR,2014,TOBACCO_INDICATOR,TOBACCO_INDICATOR_R_afford_inflation_adjusted_price_ppp,,,,,,,2.19,2.19,,,,2025-08-18T14:33:28Z,2014,2014-01-01,2014-12-31
6061851,TOBACCO_MPOWER_R_INFLATIONADJUSTEDPRICES,COUNTRY,SGP,WPR,Western Pacific,YEAR,2010,TOBACCO_INDICATOR,TOBACCO_INDICATOR_R_afford_inflation_adjusted_price_ppp,,,,,,,18.22,18.22,,,,2025-08-18T14:33:28Z,2010,2010-01-01,2010-12-31
6067009,TOBACCO_MPOWER_R_INFLATIONADJUSTEDPRICES,COUNTRY,MWI,AFR,Africa,YEAR,2014,TOBACCO_INDICATOR,TOBACCO_INDICATOR_R_afford_inflation_adjusted_price_ppp,,,,,,,6.42,6.42,,,,2025-08-18T14:33:28Z,2014,2014-01-01,2014-12-31
6067337,TOBACCO_MPOWER_R_INFLATIONADJUSTEDPRICES,COUNTRY,ATG,AMR,Americas,YEAR,2012,TOBACCO_INDICATOR,TOBACCO_INDICATOR_R_afford_inflation_adjusted_price_ppp,,,,,,,3.95,3.95,,,,2025-08-18T14:33:28Z,2012,2012-01-01,2012-12-31
6082304,TOBACCO_MPOWER_R_INFLATIONADJUSTEDPRICES,COUNTRY,SYR,EMR,Eastern Mediterranean,YEAR,2012,TOBACCO_INDICATOR,TOBACCO_INDICATOR_R_afford_inflation_adjusted_price_lcu,,,,,,,. . .,,,,,2025-08-18T14:33:28Z,2012,2012-01-01,2012-12-31
6084836,TOBACCO_MPOWER_R_INFLATIONADJUSTEDPRICES,COUNTRY,BEL,EUR,Europe,YEAR,2016,TOBACCO_INDICATOR,TOBACCO_INDICATOR_R_afford_inflation_adjusted_price_ppp,,,,,,,10.67,10.67,,,,2025-08-18T14:33:28Z,2016,2016-01-01,2016-12-31
6088611,TOBACCO_MPOWER_R_INFLATIONADJUSTEDPRICES,COUNTRY,AZE,EUR,Europe,YEAR,2008,TOBACCO_INDICATOR,TOBACCO_INDICATOR_R_afford_inflation_adjusted_price_ppp,,,,,,,2.52,2.52,,,,2025-08-18T14:33:28Z,2008,2008-01-01,2008-12-31
6090174,TOBACCO_MPOWER_R_INFLATIONADJUSTEDPRICES,COUNTRY,BRA,AMR,Americas,YEAR,2016,TOBACCO_INDICATOR,TOBACCO_INDICATOR_R_afford_inflation_adjusted_price_ppp,,,,,,,3.76,3.76,,,,2025-08-18T14:33:28Z,2016,2016-01-01,2016-12-31
6092726,TOBACCO_MPOWER_R_INFLATIONADJUSTEDPRICES,COUNTRY,PLW,WPR,Western Pacific,YEAR,2012,TOBACCO_INDICATOR,TOBACCO_INDICATOR_R_afford_inflation_adjusted_price_lcu,,,,,,,5.19,5.19,,,,2025-08-18T14:33:28Z,2012,2012-01-01,2012-12-31
6095019,TOBACCO_MPOWER_R_INFLATIONADJUSTEDPRICES,COUNTRY,BIH,EUR,Europe,YEAR,2020,TOBACCO_INDICATOR,TOBACCO_INDICATOR_R_afford_inflation_adjusted_price_ppp,,,,,,,11.31,11.31,,,,2025-08-18T14:33:28Z,2020,2020-01-01,2020-12-31
6095273,TOBACCO_MPOWER_R_INFLATIONADJUSTEDPRICES,COUNTRY,KGZ,EUR,Europe,YEAR,2018,TOBACCO_INDICATOR,TOBACCO_INDICATOR_R_afford_inflation_adjusted_price_ppp,,,,,,,4.46,4.46,,,,2025-08-18T14:33:28Z,2018,2018-01-01,2018-12-31
6096682,TOBACCO_MPOWER_R_INFLATIONADJUSTEDPRICES,COUNTRY,PRY,AMR,Americas,YEAR,2018,TOBACCO_INDICATOR,TOBACCO_INDICATOR_R_afford_inflation_adjusted_price_lcu,,,,,,,2613.61,2613.61,,,,2025-08-18T14:33:28Z,2018,2018-01-01,2018-12-31
6102389,TOBACCO_MPOWER_R_INFLATIONADJUSTEDPRICES,COUNTRY,PNG,WPR,Western Pacific,YEAR,2010,TOBACCO_INDICATOR,TOBACCO_INDICATOR_R_afford_inflation_adjusted_price_lcu,,,,,,,. . .,,,,,2025-08-18T14:33:28Z,2010,2010-01-01,2010-12-31
6102643,TOBACCO_MPOWER_R_INFLATIONADJUSTEDPRICES,COUNTRY,MLT,EUR,Europe,YEAR,2016,TOBACCO_INDICATOR,TOBACCO_INDICATOR_R_afford_inflation_adjusted_price_ppp,,,,,,,11.86,11.86,,,,2025-08-18T14:33:28Z,2016,2016-01-01,2016-12-31
6102883,TOBACCO_MPOWER_R_INFLATIONADJUSTEDPRICES,COUNTRY,GNB,AFR,Africa,YEAR,2022,TOBACCO_INDICATOR,TOBACCO_INDICATOR_R_afford_inflation_adjusted_price_lcu,,,,,,,444.53,444.53,,,,2025-08-18T14:33:28Z,2022,2022-01-01,2022-12-31
6103577,TOBACCO_MPOWER_R_INFLATIONADJUSTEDPRICES,COUNTRY,BEL,EUR,Europe,YEAR,2012,TOBACCO_INDICATOR,TOBACCO_INDICATOR_R_afford_inflation_adjusted_price_ppp,,,,,,,9.28,9.28,,,,2025-08-18T14:33:28Z,2012,2012-01-01,2012-12-31
6104371,TOBACCO_MPOWER_R_INFLATIONADJUSTEDPRICES,COUNTRY,KAZ,EUR,Europe,YEAR,2010,TOBACCO_INDICATOR,TOBACCO_INDICATOR_R_afford_inflation_adjusted_price_lcu,,,,,,,311,311,,,,2025-08-18T14:33:28Z,2010,2010-01-01,2010-12-31
6106168,TOBACCO_MPOWER_R_INFLATIONADJUSTEDPRICES,COUNTRY,LBY,EMR,Eastern Mediterranean,YEAR,2016,TOBACCO_INDICATOR,TOBACCO_INDICATOR_R_afford_inflation_adjusted_price_lcu,,,,,,,3.18,3.18,,,,2025-08-18T14:33:28Z,2016,2016-01-01,2016-12-31
6108629,TOBACCO_MPOWER_R_INFLATIONADJUSTEDPRICES,COUNTRY,THA,SEAR,South-East Asia,YEAR,2012,TOBACCO_INDICATOR,TOBACCO_INDICATOR_R_afford_inflation_adjusted_price_ppp,,,,,,,6.48,6.48,,,,2025-08-18T14:33:28Z,2012,2012-01-01,2012-12-31
6110732,TOBACCO_MPOWER_R_INFLATIONADJUSTEDPRICES,COUNTRY,MWI,AFR,Africa,YEAR,2022,TOBACCO_INDICATOR,TOBACCO_INDICATOR_R_afford_inflation_adjusted_price_ppp,,,,,,,2.99,2.99,,,,2025-08-18T14:33:28Z,2022,2022-01-01,2022-12-31
6114107,TOBACCO_MPOWER_R_INFLATIONADJUSTEDPRICES,COUNTRY,LCA,AMR,Americas,YEAR,2018,TOBACCO_INDICATOR,TOBACCO_INDICATOR_R_afford_inflation_adjusted_price_lcu,,,,,,,9.98,9.98,,,,2025-08-18T14:33:28Z,2018,2018-01-01,2018-12-31
6115532,TOBACCO_MPOWER_R_INFLATIONADJUSTEDPRICES,COUNTRY,GEO,EUR,Europe,YEAR,2020,TOBACCO_INDICATOR,TOBACCO_INDICATOR_R_afford_inflation_adjusted_price_ppp,,,,,,,7.6,7.6,,,,2025-08-18T14:33:28Z,2020,2020-01-01,2020-12-31
6117704,TOBACCO_MPOWER_R_INFLATIONADJUSTEDPRICES,COUNTRY,CHN,WPR,Western Pacific,YEAR,2022,TOBACCO_INDICATOR,TOBACCO_INDICATOR_R_afford_inflation_adjusted_price_lcu,,,,,,,16.41,16.41,,,,2025-08-18T14:33:28Z,2022,2022-01-01,2022-12-31
6118639,TOBACCO_MPOWER_R_INFLATIONADJUSTEDPRICES,COUNTRY,PHL,WPR,Western Pacific,YEAR,2012,TOBACCO_INDICATOR,TOBACCO_INDICATOR_R_afford_inflation_adjusted_price_ppp,,,,,,,1.05,1.05,,,,2025-08-18T14:33:28Z,2012,2012-01-01,2012-12-31
6119284,TOBACCO_MPOWER_R_INFLATIONADJUSTEDPRICES,COUNTRY,BIH,EUR,Europe,YEAR,2012,TOBACCO_INDICATOR,TOBACCO_INDICATOR_R_afford_inflation_adjusted_price_lcu,,,,,,,3.45,3.45,,,,2025-08-18T14:33:28Z,2012,2012-01-01,2012-12-31
6129762,TOBACCO_MPOWER_R_INFLATIONADJUSTEDPRICES,COUNTRY,MDA,EUR,Europe,YEAR,2010,TOBACCO_INDICATOR,TOBACCO_INDICATOR_R_afford_inflation_adjusted_price_lcu,,,,,,,25.03,25.03,,,,2025-08-18T14:33:28Z,2010,2010-01-01,2010-12-31
6131989,TOBACCO_MPOWER_R_INFLATIONADJUSTEDPRICES,COUNTRY,BLR,EUR,Europe,YEAR,2008,TOBACCO_INDICATOR,TOBACCO_INDICATOR_R_afford_inflation_adjusted_price_ppp,,,,,,,1.24,1.24,,,,2025-08-18T14:33:28Z,2008,2008-01-01,2008-12-31
6138117,TOBACCO_MPOWER_R_INFLATIONADJUSTEDPRICES,COUNTRY,QAT,EMR,Eastern Mediterranean,YEAR,2014,TOBACCO_INDICATOR,TOBACCO_INDICATOR_R_afford_inflation_adjusted_price_lcu,,,,,,,11.28,11.28,,,,2025-08-18T14:33:28Z,2014,2014-01-01,2014-12-31
6138308,TOBACCO_MPOWER_R_INFLATIONADJUSTEDPRICES,COUNTRY,SAU,EMR,Eastern Mediterranean,YEAR,2016,TOBACCO_INDICATOR,TOBACCO_INDICATOR_R_afford_inflation_adjusted_price_ppp,,,,,,,9.71,9.71,,,,2025-08-18T14:33:28Z,2016,2016-01-01,2016-12-31
6138912,TOBACCO_MPOWER_R_INFLATIONADJUSTEDPRICES,COUNTRY,IDN,WPR,Western Pacific,YEAR,2010,TOBACCO_INDICATOR,TOBACCO_INDICATOR_R_afford_inflation_adjusted_price_ppp,,,,,,,4.88,4.88,,,,2025-08-18T14:33:28Z,2010,2010-01-01,2010-12-31
6139052,TOBACCO_MPOWER_R_INFLATIONADJUSTEDPRICES,COUNTRY,MNG,WPR,Western Pacific,YEAR,2016,TOBACCO_INDICATOR,TOBACCO_INDICATOR_R_afford_inflation_adjusted_price_ppp,,,,,,,3.02,3.02,,,,2025-08-18T14:33:28Z,2016,2016-01-01,2016-12-31
6139156,TOBACCO_MPOWER_R_INFLATIONADJUSTEDPRICES,COUNTRY,CAF,AFR,Africa,YEAR,2010,TOBACCO_INDICATOR,TOBACCO_INDICATOR_R_afford_inflation_adjusted_price_ppp,,,,,,,2.02,2.02,,,,2025-08-18T14:33:28Z,2010,2010-01-01,2010-12-31
6144917,TOBACCO_MPOWER_R_INFLATIONADJUSTEDPRICES,COUNTRY,NOR,EUR,Europe,YEAR,2014,TOBACCO_INDICATOR,TOBACCO_INDICATOR_R_afford_inflation_adjusted_price_ppp,,,,,,,12.77,12.77,,,,2025-08-18T14:33:28Z,2014,2014-01-01,2014-12-31
6145356,TOBACCO_MPOWER_R_INFLATIONADJUSTEDPRICES,COUNTRY,GTM,AMR,Americas,YEAR,2024,TOBACCO_INDICATOR,TOBACCO_INDICATOR_R_afford_inflation_adjusted_price_ppp,,,,,,,6.06,6.06,,,,2025-08-18T14:33:28Z,2024,2024-01-01,2024-12-31
6145932,TOBACCO_MPOWER_R_INFLATIONADJUSTEDPRICES,COUNTRY,RWA,AFR,Africa,YEAR,2014,TOBACCO_INDICATOR,TOBACCO_INDICATOR_R_afford_inflation_adjusted_price_lcu,,,,,,,1133.05,1133.05,,,,2025-08-18T14:33:28Z,2014,2014-01-01,2014-12-31
6149759,TOBACCO_MPOWER_R_INFLATIONADJUSTEDPRICES,COUNTRY,DEU,EUR,Europe,YEAR,2020,TOBACCO_INDICATOR,TOBACCO_INDICATOR_R_afford_inflation_adjusted_price_ppp,,,,,,,12,12,,,,2025-08-18T14:33:28Z,2020,2020-01-01,2020-12-31
6150073,TOBACCO_MPOWER_R_INFLATIONADJUSTEDPRICES,COUNTRY,ALB,EUR,Europe,YEAR,2018,TOBACCO_INDICATOR,TOBACCO_INDICATOR_R_afford_inflation_adjusted_price_lcu,,,,,,,288.48,288.48,,,,2025-08-18T14:33:28Z,2018,2018-01-01,2018-12-31
6162188,TOBACCO_MPOWER_R_INFLATIONADJUSTEDPRICES,COUNTRY,COM,AFR,Africa,YEAR,2016,TOBACCO_INDICATOR,TOBACCO_INDICATOR_R_afford_inflation_adjusted_price_ppp,,,,,,,5.22,5.22,,,,2025-08-18T14:33:28Z,2016,2016-01-01,2016-12-31
6163566,TOBACCO_MPOWER_R_INFLATIONADJUSTEDPRICES,COUNTRY,ITA,EUR,Europe,YEAR,2020,TOBACCO_INDICATOR,TOBACCO_INDICATOR_R_afford_inflation_adjusted_price_ppp,,,,,,,11.31,11.31,,,,2025-08-18T14:33:28Z,2020,2020-01-01,2020-12-31
6169489,TOBACCO_MPOWER_R_INFLATIONADJUSTEDPRICES,COUNTRY,UZB,EUR,Europe,YEAR,2022,TOBACCO_INDICATOR,TOBACCO_INDICATOR_R_afford_inflation_adjusted_price_ppp,,,,,,,4.45,4.45,,,,2025-08-18T14:33:28Z,2022,2022-01-01,2022-12-31
6173802,TOBACCO_MPOWER_R_INFLATIONADJUSTEDPRICES,COUNTRY,THA,SEAR,South-East Asia,YEAR,2008,TOBACCO_INDICATOR,TOBACCO_INDICATOR_R_afford_inflation_adjusted_price_ppp,,,,,,,5.59,5.59,,,,2025-08-18T14:33:28Z,2008,2008-01-01,2008-12-31
6175169,TOBACCO_MPOWER_R_INFLATIONADJUSTEDPRICES,COUNTRY,MEX,AMR,Americas,YEAR,2022,TOBACCO_INDICATOR,TOBACCO_INDICATOR_R_afford_inflation_adjusted_price_lcu,,,,,,,77.95,77.95,,,,2025-08-18T14:33:28Z,2022,2022-01-01,2022-12-31
6175708,TOBACCO_MPOWER_R_INFLATIONADJUSTEDPRICES,COUNTRY,BHS,AMR,Americas,YEAR,2010,TOBACCO_INDICATOR,TOBACCO_INDICATOR_R_afford_inflation_adjusted_price_ppp,,,,,,,4.29,4.29,,,,2025-08-18T14:33:28Z,2010,2010-01-01,2010-12-31
6179686,TOBACCO_MPOWER_R_INFLATIONADJUSTEDPRICES,COUNTRY,FJI,WPR,Western Pacific,YEAR,2012,TOBACCO_INDICATOR,TOBACCO_INDICATOR_R_afford_inflation_adjusted_price_ppp,,,,,,,11.24,11.24,,,,2025-08-18T14:33:28Z,2012,2012-01-01,2012-12-31
6181209,TOBACCO_MPOWER_R_INFLATIONADJUSTEDPRICES,COUNTRY,GNB,AFR,Africa,YEAR,2008,TOBACCO_INDICATOR,TOBACCO_INDICATOR_R_afford_inflation_adjusted_price_lcu,,,,,,,419.78,419.78,,,,2025-08-18T14:33:28Z,2008,2008-01-01,2008-12-31
6185808,TOBACCO_MPOWER_R_INFLATIONADJUSTEDPRICES,COUNTRY,STP,AFR,Africa,YEAR,2012,TOBACCO_INDICATOR,TOBACCO_INDICATOR_R_afford_inflation_adjusted_price_ppp,,,,,,,3.35,3.35,,,,2025-08-18T14:33:28Z,2012,2012-01-01,2012-12-31
6187346,TOBACCO_MPOWER_R_INFLATIONADJUSTEDPRICES,COUNTRY,BEL,EUR,Europe,YEAR,2024,TOBACCO_INDICATOR,TOBACCO_INDICATOR_R_afford_inflation_adjusted_price_lcu,,,,,,,11.5,11.5,,,,2025-08-18T14:33:28Z,2024,2024-01-01,2024-12-31
6192938,TOBACCO_MPOWER_R_INFLATIONADJUSTEDPRICES,COUNTRY,KAZ,EUR,Europe,YEAR,2008,TOBACCO_INDICATOR,TOBACCO_INDICATOR_R_afford_inflation_adjusted_price_ppp,,,,,,,2.24,2.24,,,,2025-08-18T14:33:28Z,2008,2008-01-01,2008-12-31
6197080,TOBACCO_MPOWER_R_INFLATIONADJUSTEDPRICES,COUNTRY,UZB,EUR,Europe,YEAR,2024,TOBACCO_INDICATOR,TOBACCO_INDICATOR_R_afford_inflation_adjusted_price_lcu,,,,,,,16 000,16000,,,,2025-08-18T14:33:28Z,2024,2024-01-01,2024-12-31
6203520,TOBACCO_MPOWER_R_INFLATIONADJUSTEDPRICES,COUNTRY,BHR,EMR,Eastern Mediterranean,YEAR,2022,TOBACCO_INDICATOR,TOBACCO_INDICATOR_R_afford_inflation_adjusted_price_ppp,,,,,,,13.83,13.83,,,,2025-08-18T14:33:28Z,2022,2022-01-01,2022-12-31
6205370,TOBACCO_MPOWER_R_INFLATIONADJUSTEDPRICES,COUNTRY,BGR,EUR,Europe,YEAR,2010,TOBACCO_INDICATOR,TOBACCO_INDICATOR_R_afford_inflation_adjusted_price_lcu,,,,,,,5.87,5.87,,,,2025-08-18T14:33:28Z,2010,2010-01-01,2010-12-31
6205625,TOBACCO_MPOWER_R_INFLATIONADJUSTEDPRICES,COUNTRY,PNG,WPR,Western Pacific,YEAR,2020,TOBACCO_INDICATOR,TOBACCO_INDICATOR_R_afford_inflation_adjusted_price_lcu,,,,,,,22.63,22.63,,,,2025-08-18T14:33:28Z,2020,2020-01-01,2020-12-31
6207704,TOBACCO_MPOWER_R_INFLATIONADJUSTEDPRICES,COUNTRY,ZAF,AFR,Africa,YEAR,2008,TOBACCO_INDICATOR,TOBACCO_INDICATOR_R_afford_inflation_adjusted_price_lcu,,,,,,,0.04,0.04,,,,2025-08-18T14:33:28Z,2008,2008-01-01,2008-12-31
6208005,TOBACCO_MPOWER_R_INFLATIONADJUSTEDPRICES,COUNTRY,NER,AFR,Africa,YEAR,2014,TOBACCO_INDICATOR,TOBACCO_INDICATOR_R_afford_inflation_adjusted_price_ppp,,,,,,,2.67,2.67,,,,2025-08-18T14:33:28Z,2014,2014-01-01,2014-12-31
6211926,TOBACCO_MPOWER_R_INFLATIONADJUSTEDPRICES,COUNTRY,CRI,AMR,Americas,YEAR,2022,TOBACCO_INDICATOR,TOBACCO_INDICATOR_R_afford_inflation_adjusted_price_lcu,,,,,,,2002.22,2002.22,,,,2025-08-18T14:33:28Z,2022,2022-01-01,2022-12-31
6220409,TOBACCO_MPOWER_R_INFLATIONADJUSTEDPRICES,COUNTRY,ETH,AFR,Africa,YEAR,2020,TOBACCO_INDICATOR,TOBACCO_INDICATOR_R_afford_inflation_adjusted_price_ppp,,,,,,,4.11,4.11,,,,2025-08-18T14:33:28Z,2020,2020-01-01,2020-12-31
6225781,TOBACCO_MPOWER_R_INFLATIONADJUSTEDPRICES,COUNTRY,KOR,WPR,Western Pacific,YEAR,2018,TOBACCO_INDICATOR,TOBACCO_INDICATOR_R_afford_inflation_adjusted_price_ppp,,,,,,,6.58,6.58,,,,2025-08-18T14:33:28Z,2018,2018-01-01,2018-12-31
6228829,TOBACCO_MPOWER_R_INFLATIONADJUSTEDPRICES,COUNTRY,BGD,SEAR,South-East Asia,YEAR,2016,TOBACCO_INDICATOR,TOBACCO_INDICATOR_R_afford_inflation_adjusted_price_ppp,,,,,,,2.3,2.3,,,,2025-08-18T14:33:28Z,2016,2016-01-01,2016-12-31
6228968,TOBACCO_MPOWER_R_INFLATIONADJUSTEDPRICES,COUNTRY,URY,AMR,Americas,YEAR,2022,TOBACCO_INDICATOR,TOBACCO_INDICATOR_R_afford_inflation_adjusted_price_ppp,,,,,,,7.84,7.84,,,,2025-08-18T14:33:28Z,2022,2022-01-01,2022-12-31
6230881,TOBACCO_MPOWER_R_INFLATIONADJUSTEDPRICES,COUNTRY,BHR,EMR,Eastern Mediterranean,YEAR,2018,TOBACCO_INDICATOR,TOBACCO_INDICATOR_R_afford_inflation_adjusted_price_ppp,,,,,,,13.15,13.15,,,,2025-08-18T14:33:28Z,2018,2018-01-01,2018-12-31
6232661,TOBACCO_MPOWER_R_INFLATIONADJUSTEDPRICES,COUNTRY,MNE,EUR,Europe,YEAR,2012,TOBACCO_INDICATOR,TOBACCO_INDICATOR_R_afford_inflation_adjusted_price_lcu,,,,,,,1.4,1.4,,,,2025-08-18T14:33:28Z,2012,2012-01-01,2012-12-31
6233703,TOBACCO_MPOWER_R_INFLATIONADJUSTEDPRICES,COUNTRY,KIR,WPR,Western Pacific,YEAR,2010,TOBACCO_INDICATOR,TOBACCO_INDICATOR_R_afford_inflation_adjusted_price_lcu,,,,,,,7.94,7.94,,,,2025-08-18T14:33:28Z,2010,2010-01-01,2010-12-31
6234737,TOBACCO_MPOWER_R_INFLATIONADJUSTEDPRICES,COUNTRY,SLE,AFR,Africa,YEAR,2014,TOBACCO_INDICATOR,TOBACCO_INDICATOR_R_afford_inflation_adjusted_price_lcu,,,,,,,19.97,19.97,,,,2025-08-18T14:33:28Z,2014,2014-01-01,2014-12-31
6236675,TOBACCO_MPOWER_R_INFLATIONADJUSTEDPRICES,COUNTRY,NGA,AFR,Africa,YEAR,2014,TOBACCO_INDICATOR,TOBACCO_INDICATOR_R_afford_inflation_adjusted_price_ppp,,,,,,,3.07,3.07,,,,2025-08-18T14:33:28Z,2014,2014-01-01,2014-12-31
6239826,TOBACCO_MPOWER_R_INFLATIONADJUSTEDPRICES,COUNTRY,SWZ,AFR,Africa,YEAR,2022,TOBACCO_INDICATOR,TOBACCO_INDICATOR_R_afford_inflation_adjusted_price_ppp,,,,,,,8.59,8.59,,,,2025-08-18T14:33:28Z,2022,2022-01-01,2022-12-31
6240039,TOBACCO_MPOWER_R_INFLATIONADJUSTEDPRICES,COUNTRY,BGD,SEAR,South-East Asia,YEAR,2024,TOBACCO_INDICATOR,TOBACCO_INDICATOR_R_afford_inflation_adjusted_price_ppp,,,,,,,3.48,3.48,,,,2025-08-18T14:33:28Z,2024,2024-01-01,2024-12-31
6241060,TOBACCO_MPOWER_R_INFLATIONADJUSTEDPRICES,COUNTRY,BGR,EUR,Europe,YEAR,2020,TOBACCO_INDICATOR,TOBACCO_INDICATOR_R_afford_inflation_adjusted_price_lcu,,,,,,,6.48,6.48,,,,2025-08-18T14:33:28Z,2020,2020-01-01,2020-12-31
6241798,TOBACCO_MPOWER_R_INFLATIONADJUSTEDPRICES,COUNTRY,JPN,WPR,Western Pacific,YEAR,2022,TOBACCO_INDICATOR,TOBACCO_INDICATOR_R_afford_inflation_adjusted_price_lcu,,,,,,,636.59,636.59,,,,2025-08-18T14:33:28Z,2022,2022-01-01,2022-12-31
6250576,TOBACCO_MPOWER_R_INFLATIONADJUSTEDPRICES,COUNTRY,TZA,AFR,Africa,YEAR,2020,TOBACCO_INDICATOR,TOBACCO_INDICATOR_R_afford_inflation_adjusted_price_lcu,,,,,,,4638.13,4638.13,,,,2025-08-18T14:33:28Z,2020,2020-01-01,2020-12-31
6255685,TOBACCO_MPOWER_R_INFLATIONADJUSTEDPRICES,COUNTRY,NLD,EUR,Europe,YEAR,2016,TOBACCO_INDICATOR,TOBACCO_INDICATOR_R_afford_inflation_adjusted_price_ppp,,,,,,,11.04,11.04,,,,2025-08-18T14:33:28Z,2016,2016-01-01,2016-12-31
6260177,TOBACCO_MPOWER_R_INFLATIONADJUSTEDPRICES,COUNTRY,VEN,AMR,Americas,YEAR,2024,TOBACCO_INDICATOR,TOBACCO_INDICATOR_R_afford_inflation_adjusted_price_ppp,,,,,,,. . .,,,,Data not validated by the national authorities.,2025-08-18T14:33:28Z,2024,2024-01-01,2024-12-31
6276960,TOBACCO_MPOWER_R_INFLATIONADJUSTEDPRICES,COUNTRY,TUV,WPR,Western Pacific,YEAR,2022,TOBACCO_INDICATOR,TOBACCO_INDICATOR_R_afford_inflation_adjusted_price_lcu,,,,,,,14.09,14.09,,,,2025-08-18T14:33:28Z,2022,2022-01-01,2022-12-31
6278952,TOBACCO_MPOWER_R_INFLATIONADJUSTEDPRICES,COUNTRY,QAT,EMR,Eastern Mediterranean,YEAR,2024,TOBACCO_INDICATOR,TOBACCO_INDICATOR_R_afford_inflation_adjusted_price_ppp,,,,,,,11.16,11.16,,,,2025-08-18T14:33:28Z,2024,2024-01-01,2024-12-31
6282107,TOBACCO_MPOWER_R_INFLATIONADJUSTEDPRICES,COUNTRY,BRB,AMR,Americas,YEAR,2020,TOBACCO_INDICATOR,TOBACCO_INDICATOR_R_afford_inflation_adjusted_price_lcu,,,,,,,. . .,,,,,2025-08-18T14:33:28Z,2020,2020-01-01,2020-12-31
6282618,TOBACCO_MPOWER_R_INFLATIONADJUSTEDPRICES,COUNTRY,MNG,WPR,Western Pacific,YEAR,2014,TOBACCO_INDICATOR,TOBACCO_INDICATOR_R_afford_inflation_adjusted_price_ppp,,,,,,,2.93,2.93,,,,2025-08-18T14:33:28Z,2014,2014-01-01,2014-12-31
6291185,TOBACCO_MPOWER_R_INFLATIONADJUSTEDPRICES,COUNTRY,FIN,EUR,Europe,YEAR,2010,TOBACCO_INDICATOR,TOBACCO_INDICATOR_R_afford_inflation_adjusted_price_lcu,,,,,,,5.8,5.8,,,,2025-08-18T14:33:28Z,2010,2010-01-01,2010-12-31
6291548,TOBACCO_MPOWER_R_INFLATIONADJUSTEDPRICES,COUNTRY,URY,AMR,Americas,YEAR,2014,TOBACCO_INDICATOR,TOBACCO_INDICATOR_R_afford_inflation_adjusted_price_lcu,,,,,,,164.12,164.12,,,,2025-08-18T14:33:28Z,2014,2014-01-01,2014-12-31
6299487,TOBACCO_MPOWER_R_INFLATIONADJUSTEDPRICES,COUNTRY,GRC,EUR,Europe,YEAR,2010,TOBACCO_INDICATOR,TOBACCO_INDICATOR_R_afford_inflation_adjusted_price_ppp,,,,,,,6.91,6.91,,,,2025-08-18T14:33:28Z,2010,2010-01-01,2010-12-31
6299919,TOBACCO_MPOWER_R_INFLATIONADJUSTEDPRICES,COUNTRY,ETH,AFR,Africa,YEAR,2008,TOBACCO_INDICATOR,TOBACCO_INDICATOR_R_afford_inflation_adjusted_price_ppp,,,,,,,2.09,2.09,,,,2025-08-18T14:33:28Z,2008,2008-01-01,2008-12-31
6302856,TOBACCO_MPOWER_R_INFLATIONADJUSTEDPRICES,COUNTRY,CPV,AFR,Africa,YEAR,2018,TOBACCO_INDICATOR,TOBACCO_INDICATOR_R_afford_inflation_adjusted_price_lcu,,,,,,,210.86,210.86,,,,2025-08-18T14:33:28Z,2018,2018-01-01,2018-12-31
6304492,TOBACCO_MPOWER_R_INFLATIONADJUSTEDPRICES,COUNTRY,ROU,EUR,Europe,YEAR,2016,TOBACCO_INDICATOR,TOBACCO_INDICATOR_R_afford_inflation_adjusted_price_ppp,,,,,,,13.33,13.33,,,,2025-08-18T14:33:28Z,2016,2016-01-01,2016-12-31
6305089,TOBACCO_MPOWER_R_INFLATIONADJUSTEDPRICES,COUNTRY,MWI,AFR,Africa,YEAR,2024,TOBACCO_INDICATOR,TOBACCO_INDICATOR_R_afford_inflation_adjusted_price_lcu,,,,,,,1900,1900,,,,2025-08-18T14:33:28Z,2024,2024-01-01,2024-12-31
6307269,TOBACCO_MPOWER_R_INFLATIONADJUSTEDPRICES,COUNTRY,BLZ,AMR,Americas,YEAR,2008,TOBACCO_INDICATOR,TOBACCO_INDICATOR_R_afford_inflation_adjusted_price_ppp,,,,,,,5.48,5.48,,,,2025-08-18T14:33:28Z,2008,2008-01-01,2008-12-31
6314928,TOBACCO_MPOWER_R_INFLATIONADJUSTEDPRICES,COUNTRY,KOR,WPR,Western Pacific,YEAR,2008,TOBACCO_INDICATOR,TOBACCO_INDICATOR_R_afford_inflation_adjusted_price_ppp,,,,,,,4.4,4.4,,,,2025-08-18T14:33:28Z,2008,2008-01-01,2008-12-31
6316707,TOBACCO_MPOWER_R_INFLATIONADJUSTEDPRICES,COUNTRY,FSM,WPR,Western Pacific,YEAR,2010,TOBACCO_INDICATOR,TOBACCO_INDICATOR_R_afford_inflation_adjusted_price_ppp,,,,,,,2.16,2.16,,,,2025-08-18T14:33:28Z,2010,2010-01-01,2010-12-31
6318048,TOBACCO_MPOWER_R_INFLATIONADJUSTEDPRICES,COUNTRY,LUX,EUR,Europe,YEAR,2022,TOBACCO_INDICATOR,TOBACCO_INDICATOR_R_afford_inflation_adjusted_price_lcu,,,,,,,5.79,5.79,,,,2025-08-18T14:33:28Z,2022,2022-01-01,2022-12-31
6318707,TOBACCO_MPOWER_R_INFLATIONADJUSTEDPRICES,COUNTRY,UKR,EUR,Europe,YEAR,2014,TOBACCO_INDICATOR,TOBACCO_INDICATOR_R_afford_inflation_adjusted_price_ppp,,,,,,,3.8,3.8,,,,2025-08-18T14:33:28Z,2014,2014-01-01,2014-12-31
6320040,TOBACCO_MPOWER_R_INFLATIONADJUSTEDPRICES,COUNTRY,SWE,EUR,Europe,YEAR,2016,TOBACCO_INDICATOR,TOBACCO_INDICATOR_R_afford_inflation_adjusted_price_lcu,,,,,,,80.55,80.55,,,,2025-08-18T14:33:28Z,2016,2016-01-01,2016-12-31
6322156,TOBACCO_MPOWER_R_INFLATIONADJUSTEDPRICES,COUNTRY,TUV,WPR,Western Pacific,YEAR,2008,TOBACCO_INDICATOR,TOBACCO_INDICATOR_R_afford_inflation_adjusted_price_lcu,,,,,,,7.17,7.17,,,,2025-08-18T14:33:28Z,2008,2008-01-01,2008-12-31
6328384,TOBACCO_MPOWER_R_INFLATIONADJUSTEDPRICES,COUNTRY,AUS,WPR,Western Pacific,YEAR,2010,TOBACCO_INDICATOR,TOBACCO_INDICATOR_R_afford_inflation_adjusted_price_lcu,,,,,,,17.3,17.3,,,,2025-08-18T14:33:28Z,2010,2010-01-01,2010-12-31
6336402,TOBACCO_MPOWER_R_INFLATIONADJUSTEDPRICES,COUNTRY,UKR,EUR,Europe,YEAR,2016,TOBACCO_INDICATOR,TOBACCO_INDICATOR_R_afford_inflation_adjusted_price_lcu,,,,,,,32.68,32.68,,,,2025-08-18T14:33:28Z,2016,2016-01-01,2016-12-31
6345961,TOBACCO_MPOWER_R_INFLATIONADJUSTEDPRICES,COUNTRY,GIN,AFR,Africa,YEAR,2010,TOBACCO_INDICATOR,TOBACCO_INDICATOR_R_afford_inflation_adjusted_price_ppp,,,,,,,1.43,1.43,,,,2025-08-18T14:33:28Z,2010,2010-01-01,2010-12-31
6349606,TOBACCO_MPOWER_R_INFLATIONADJUSTEDPRICES,COUNTRY,EGY,EMR,Eastern Mediterranean,YEAR,2008,TOBACCO_INDICATOR,TOBACCO_INDICATOR_R_afford_inflation_adjusted_price_lcu,,,,,,,20.94,20.94,,,,2025-08-18T14:33:28Z,2008,2008-01-01,2008-12-31
6354539,TOBACCO_MPOWER_R_INFLATIONADJUSTEDPRICES,COUNTRY,FIN,EUR,Europe,YEAR,2018,TOBACCO_INDICATOR,TOBACCO_INDICATOR_R_afford_inflation_adjusted_price_ppp,,,,,,,9.95,9.95,,,,2025-08-18T14:33:28Z,2018,2018-01-01,2018-12-31
6355223,TOBACCO_MPOWER_R_INFLATIONADJUSTEDPRICES,COUNTRY,GBR,EUR,Europe,YEAR,2022,TOBACCO_INDICATOR,TOBACCO_INDICATOR_R_afford_inflation_adjusted_price_ppp,,,,,,,17.56,17.56,,,,2025-08-18T14:33:28Z,2022,2022-01-01,2022-12-31
6355396,TOBACCO_MPOWER_R_INFLATIONADJUSTEDPRICES,COUNTRY,UZB,EUR,Europe,YEAR,2018,TOBACCO_INDICATOR,TOBACCO_INDICATOR_R_afford_inflation_adjusted_price_ppp,,,,,,,4.16,4.16,,,,2025-08-18T14:33:28Z,2018,2018-01-01,2018-12-31
6357672,TOBACCO_MPOWER_R_INFLATIONADJUSTEDPRICES,COUNTRY,NPL,SEAR,South-East Asia,YEAR,2024,TOBACCO_INDICATOR,TOBACCO_INDICATOR_R_afford_inflation_adjusted_price_ppp,,,,,,,10.25,10.25,,,,2025-08-18T14:33:28Z,2024,2024-01-01,2024-12-31
6359258,TOBACCO_MPOWER_R_INFLATIONADJUSTEDPRICES,COUNTRY,ECU,AMR,Americas,YEAR,2022,TOBACCO_INDICATOR,TOBACCO_INDICATOR_R_afford_inflation_adjusted_price_lcu,,,,,,,6.23,6.23,,,,2025-08-18T14:33:28Z,2022,2022-01-01,2022-12-31
6359864,TOBACCO_MPOWER_R_INFLATIONADJUSTEDPRICES,COUNTRY,GEO,EUR,Europe,YEAR,2024,TOBACCO_INDICATOR,TOBACCO_INDICATOR_R_afford_inflation_adjusted_price_ppp,,,,,,,8.64,8.64,,,,2025-08-18T14:33:28Z,2024,2024-01-01,2024-12-31
6361033,TOBACCO_MPOWER_R_INFLATIONADJUSTEDPRICES,COUNTRY,DNK,EUR,Europe,YEAR,2012,TOBACCO_INDICATOR,TOBACCO_INDICATOR_R_afford_inflation_adjusted_price_lcu,,,,,,,48.18,48.18,,,,2025-08-18T14:33:28Z,2012,2012-01-01,2012-12-31
6361321,TOBACCO_MPOWER_R_INFLATIONADJUSTEDPRICES,COUNTRY,KEN,AFR,Africa,YEAR,2012,TOBACCO_INDICATOR,TOBACCO_INDICATOR_R_afford_inflation_adjusted_price_lcu,,,,,,,185.51,185.51,,,,2025-08-18T14:33:28Z,2012,2012-01-01,2012-12-31
6364245,TOBACCO_MPOWER_R_INFLATIONADJUSTEDPRICES,COUNTRY,GIN,AFR,Africa,YEAR,2020,TOBACCO_INDICATOR,TOBACCO_INDICATOR_R_afford_inflation_adjusted_price_lcu,,,,,,,7252.25,7252.25,,,,2025-08-18T14:33:28Z,2020,2020-01-01,2020-12-31
6365420,TOBACCO_MPOWER_R_INFLATIONADJUSTEDPRICES,COUNTRY,CRI,AMR,Americas,YEAR,2012,TOBACCO_INDICATOR,TOBACCO_INDICATOR_R_afford_inflation_adjusted_price_ppp,,,,,,,5.88,5.88,,,,2025-08-18T14:33:28Z,2012,2012-01-01,2012-12-31
6367386,TOBACCO_MPOWER_R_INFLATIONADJUSTEDPRICES,COUNTRY,TTO,AMR,Americas,YEAR,2008,TOBACCO_INDICATOR,TOBACCO_INDICATOR_R_afford_inflation_adjusted_price_lcu,,,,,,,27.08,27.08,,,,2025-08-18T14:33:28Z,2008,2008-01-01,2008-12-31
6369190,TOBACCO_MPOWER_R_INFLATIONADJUSTEDPRICES,COUNTRY,IRQ,EMR,Eastern Mediterranean,YEAR,2014,TOBACCO_INDICATOR,TOBACCO_INDICATOR_R_afford_inflation_adjusted_price_lcu,,,,,,,612.92,612.92,,,,2025-08-18T14:33:28Z,2014,2014-01-01,2014-12-31
6369911,TOBACCO_MPOWER_R_INFLATIONADJUSTEDPRICES,COUNTRY,MCO,EUR,Europe,YEAR,2016,TOBACCO_INDICATOR,TOBACCO_INDICATOR_R_afford_inflation_adjusted_price_ppp,,,,,,,. . .,,,,,2025-08-18T14:33:28Z,2016,2016-01-01,2016-12-31
6374570,TOBACCO_MPOWER_R_INFLATIONADJUSTEDPRICES,COUNTRY,MNE,EUR,Europe,YEAR,2016,TOBACCO_INDICATOR,TOBACCO_INDICATOR_R_afford_inflation_adjusted_price_ppp,,,,,,,6.46,6.46,,,,2025-08-18T14:33:28Z,2016,2016-01-01,2016-12-31
6377696,TOBACCO_MPOWER_R_INFLATIONADJUSTEDPRICES,COUNTRY,MKD,EUR,Europe,YEAR,2014,TOBACCO_INDICATOR,TOBACCO_INDICATOR_R_afford_inflation_adjusted_price_lcu,,,,,,,83.51,83.51,,,,2025-08-18T14:33:28Z,2014,2014-01-01,2014-12-31
6380594,TOBACCO_MPOWER_R_INFLATIONADJUSTEDPRICES,COUNTRY,CZE,EUR,Europe,YEAR,2016,TOBACCO_INDICATOR,TOBACCO_INDICATOR_R_afford_inflation_adjusted_price_ppp,,,,,,,8.83,8.83,,,,2025-08-18T14:33:28Z,2016,2016-01-01,2016-12-31
6384613,TOBACCO_MPOWER_R_INFLATIONADJUSTEDPRICES,COUNTRY,ITA,EUR,Europe,YEAR,2022,TOBACCO_INDICATOR,TOBACCO_INDICATOR_R_afford_inflation_adjusted_price_ppp,,,,,,,10.79,10.79,,,,2025-08-18T14:33:28Z,2022,2022-01-01,2022-12-31
6387241,TOBACCO_MPOWER_R_INFLATIONADJUSTEDPRICES,COUNTRY,BGR,EUR,Europe,YEAR,2016,TOBACCO_INDICATOR,TOBACCO_INDICATOR_R_afford_inflation_adjusted_price_ppp,,,,,,,9.15,9.15,,,,2025-08-18T14:33:28Z,2016,2016-01-01,2016-12-31
6387785,TOBACCO_MPOWER_R_INFLATIONADJUSTEDPRICES,COUNTRY,BRB,AMR,Americas,YEAR,2008,TOBACCO_INDICATOR,TOBACCO_INDICATOR_R_afford_inflation_adjusted_price_ppp,,,,,,,7.11,7.11,,,,2025-08-18T14:33:28Z,2008,2008-01-01,2008-12-31
6389235,TOBACCO_MPOWER_R_INFLATIONADJUSTEDPRICES,COUNTRY,ITA,EUR,Europe,YEAR,2010,TOBACCO_INDICATOR,TOBACCO_INDICATOR_R_afford_inflation_adjusted_price_lcu,,,,,,,4.89,4.89,,,,2025-08-18T14:33:28Z,2010,2010-01-01,2010-12-31
6390505,TOBACCO_MPOWER_R_INFLATIONADJUSTEDPRICES,COUNTRY,PLW,WPR,Western Pacific,YEAR,2022,TOBACCO_INDICATOR,TOBACCO_INDICATOR_R_afford_inflation_adjusted_price_lcu,,,,,,,7.86,7.86,,,,2025-08-18T14:33:28Z,2022,2022-01-01,2022-12-31
6392423,TOBACCO_MPOWER_R_INFLATIONADJUSTEDPRICES,COUNTRY,TKM,EUR,Europe,YEAR,2024,TOBACCO_INDICATOR,TOBACCO_INDICATOR_R_afford_inflation_adjusted_price_ppp,,,,,,,33.76,33.76,,,,2025-08-18T14:33:28Z,2024,2024-01-01,2024-12-31
6394657,TOBACCO_MPOWER_R_INFLATIONADJUSTEDPRICES,COUNTRY,FRA,EUR,Europe,YEAR,2008,TOBACCO_INDICATOR,TOBACCO_INDICATOR_R_afford_inflation_adjusted_price_ppp,,,,,,,9.42,9.42,,,,2025-08-18T14:33:28Z,2008,2008-01-01,2008-12-31
6397600,TOBACCO_MPOWER_R_INFLATIONADJUSTEDPRICES,COUNTRY,VEN,AMR,Americas,YEAR,2014,TOBACCO_INDICATOR,TOBACCO_INDICATOR_R_afford_inflation_adjusted_price_lcu,,,,,,,. . .,,,,Data not validated by the national authorities.,2025-08-18T14:33:28Z,2014,2014-01-01,2014-12-31
6400149,TOBACCO_MPOWER_R_INFLATIONADJUSTEDPRICES,COUNTRY,IDN,WPR,Western Pacific,YEAR,2024,TOBACCO_INDICATOR,TOBACCO_INDICATOR_R_afford_inflation_adjusted_price_ppp,,,,,,,8.42,8.42,,,,2025-08-18T14:33:28Z,2024,2024-01-01,2024-12-31
6402115,TOBACCO_MPOWER_R_INFLATIONADJUSTEDPRICES,COUNTRY,ZMB,AFR,Africa,YEAR,2018,TOBACCO_INDICATOR,TOBACCO_INDICATOR_R_afford_inflation_adjusted_price_lcu,,,,,,,38.17,38.17,,,,2025-08-18T14:33:28Z,2018,2018-01-01,2018-12-31
6402507,TOBACCO_MPOWER_R_INFLATIONADJUSTEDPRICES,COUNTRY,IRN,EMR,Eastern Mediterranean,YEAR,2012,TOBACCO_INDICATOR,TOBACCO_INDICATOR_R_afford_inflation_adjusted_price_ppp,,,,,,,2.18,2.18,,,,2025-08-18T14:33:28Z,2012,2012-01-01,2012-12-31
6403608,TOBACCO_MPOWER_R_INFLATIONADJUSTEDPRICES,COUNTRY,BTN,SEAR,South-East Asia,YEAR,2022,TOBACCO_INDICATOR,TOBACCO_INDICATOR_R_afford_inflation_adjusted_price_ppp,,,,,,,21.96,21.96,,,,2025-08-18T14:33:28Z,2022,2022-01-01,2022-12-31
6405782,TOBACCO_MPOWER_R_INFLATIONADJUSTEDPRICES,COUNTRY,SEN,AFR,Africa,YEAR,2018,TOBACCO_INDICATOR,TOBACCO_INDICATOR_R_afford_inflation_adjusted_price_lcu,,,,,,,867.84,867.84,,,,2025-08-18T14:33:28Z,2018,2018-01-01,2018-12-31
6407342,TOBACCO_MPOWER_R_INFLATIONADJUSTEDPRICES,COUNTRY,KOR,WPR,Western Pacific,YEAR,2010,TOBACCO_INDICATOR,TOBACCO_INDICATOR_R_afford_inflation_adjusted_price_ppp,,,,,,,4.16,4.16,,,,2025-08-18T14:33:28Z,2010,2010-01-01,2010-12-31
6407784,TOBACCO_MPOWER_R_INFLATIONADJUSTEDPRICES,COUNTRY,DEU,EUR,Europe,YEAR,2016,TOBACCO_INDICATOR,TOBACCO_INDICATOR_R_afford_inflation_adjusted_price_ppp,,,,,,,10.5,10.5,,,,2025-08-18T14:33:28Z,2016,2016-01-01,2016-12-31
6408262,TOBACCO_MPOWER_R_INFLATIONADJUSTEDPRICES,COUNTRY,NIC,AMR,Americas,YEAR,2020,TOBACCO_INDICATOR,TOBACCO_INDICATOR_R_afford_inflation_adjusted_price_ppp,,,,,,,. . .,,,,,2025-08-18T14:33:28Z,2020,2020-01-01,2020-12-31
6414914,TOBACCO_MPOWER_R_INFLATIONADJUSTEDPRICES,COUNTRY,GAB,AFR,Africa,YEAR,2024,TOBACCO_INDICATOR,TOBACCO_INDICATOR_R_afford_inflation_adjusted_price_lcu,,,,,,,2000,2000,,,,2025-08-18T14:33:28Z,2024,2024-01-01,2024-12-31
6415946,TOBACCO_MPOWER_R_INFLATIONADJUSTEDPRICES,COUNTRY,LCA,AMR,Americas,YEAR,2020,TOBACCO_INDICATOR,TOBACCO_INDICATOR_R_afford_inflation_adjusted_price_ppp,,,,,,,7.12,7.12,,,,2025-08-18T14:33:28Z,2020,2020-01-01,2020-12-31
6416954,TOBACCO_MPOWER_R_INFLATIONADJUSTEDPRICES,COUNTRY,COM,AFR,Africa,YEAR,2022,TOBACCO_INDICATOR,TOBACCO_INDICATOR_R_afford_inflation_adjusted_price_ppp,,,,,,,2.85,2.85,,,,2025-08-18T14:33:28Z,2022,2022-01-01,2022-12-31
6418262,TOBACCO_MPOWER_R_INFLATIONADJUSTEDPRICES,COUNTRY,ARG,AMR,Americas,YEAR,2018,TOBACCO_INDICATOR,TOBACCO_INDICATOR_R_afford_inflation_adjusted_price_ppp,,,,,,,5.54,5.54,,,,2025-08-18T14:33:28Z,2018,2018-01-01,2018-12-31
6423626,TOBACCO_MPOWER_R_INFLATIONADJUSTEDPRICES,COUNTRY,SUR,AMR,Americas,YEAR,2024,TOBACCO_INDICATOR,TOBACCO_INDICATOR_R_afford_inflation_adjusted_price_lcu,,,,,,,145,145,,,,2025-08-18T14:33:28Z,2024,2024-01-01,2024-12-31
6425128,TOBACCO_MPOWER_R_INFLATIONADJUSTEDPRICES,COUNTRY,CPV,AFR,Africa,YEAR,2016,TOBACCO_INDICATOR,TOBACCO_INDICATOR_R_afford_inflation_adjusted_price_lcu,,,,,,,215.22,215.22,,,,2025-08-18T14:33:28Z,2016,2016-01-01,2016-12-31
6429307,TOBACCO_MPOWER_R_INFLATIONADJUSTEDPRICES,COUNTRY,NER,AFR,Africa,YEAR,2008,TOBACCO_INDICATOR,TOBACCO_INDICATOR_R_afford_inflation_adjusted_price_lcu,,,,,,,543.62,543.62,,,,2025-08-18T14:33:28Z,2008,2008-01-01,2008-12-31
6434083,TOBACCO_MPOWER_R_INFLATIONADJUSTEDPRICES,COUNTRY,KWT,EMR,Eastern Mediterranean,YEAR,2016,TOBACCO_INDICATOR,TOBACCO_INDICATOR_R_afford_inflation_adjusted_price_ppp,,,,,,,5.91,5.91,,,,2025-08-18T14:33:28Z,2016,2016-01-01,2016-12-31
6445359,TOBACCO_MPOWER_R_INFLATIONADJUSTEDPRICES,COUNTRY,ARE,EMR,Eastern Mediterranean,YEAR,2018,TOBACCO_INDICATOR,TOBACCO_INDICATOR_R_afford_inflation_adjusted_price_lcu,,,,,,,20.79,20.79,,,,2025-08-18T14:33:28Z,2018,2018-01-01,2018-12-31
6447843,TOBACCO_MPOWER_R_INFLATIONADJUSTEDPRICES,COUNTRY,SMR,EUR,Europe,YEAR,2020,TOBACCO_INDICATOR,TOBACCO_INDICATOR_R_afford_inflation_adjusted_price_ppp,,,,,,,9.28,9.28,,,,2025-08-18T14:33:28Z,2020,2020-01-01,2020-12-31
6453076,TOBACCO_MPOWER_R_INFLATIONADJUSTEDPRICES,COUNTRY,SLV,AMR,Americas,YEAR,2008,TOBACCO_INDICATOR,TOBACCO_INDICATOR_R_afford_inflation_adjusted_price_lcu,,,,,,,1.84,1.84,,,,2025-08-18T14:33:28Z,2008,2008-01-01,2008-12-31
6457663,TOBACCO_MPOWER_R_INFLATIONADJUSTEDPRICES,COUNTRY,UKR,EUR,Europe,YEAR,2020,TOBACCO_INDICATOR,TOBACCO_INDICATOR_R_afford_inflation_adjusted_price_ppp,,,,,,,7.71,7.71,,,,2025-08-18T14:33:28Z,2020,2020-01-01,2020-12-31
6460033,TOBACCO_MPOWER_R_INFLATIONADJUSTEDPRICES,COUNTRY,TLS,SEAR,South-East Asia,YEAR,2010,TOBACCO_INDICATOR,TOBACCO_INDICATOR_R_afford_inflation_adjusted_price_lcu,,,,,,,2.2,2.2,,,,2025-08-18T14:33:28Z,2010,2010-01-01,2010-12-31
6462849,TOBACCO_MPOWER_R_INFLATIONADJUSTEDPRICES,COUNTRY,SYC,AFR,Africa,YEAR,2022,TOBACCO_INDICATOR,TOBACCO_INDICATOR_R_afford_inflation_adjusted_price_lcu,,,,,,,129.09,129.09,,,,2025-08-18T14:33:28Z,2022,2022-01-01,2022-12-31
6466345,TOBACCO_MPOWER_R_INFLATIONADJUSTEDPRICES,COUNTRY,LBN,EMR,Eastern Mediterranean,YEAR,2020,TOBACCO_INDICATOR,TOBACCO_INDICATOR_R_afford_inflation_adjusted_price_ppp,,,,,,,2.4,2.4,,,,2025-08-18T14:33:28Z,2020,2020-01-01,2020-12-31
6471598,TOBACCO_MPOWER_R_INFLATIONADJUSTEDPRICES,COUNTRY,GNB,AFR,Africa,YEAR,2022,TOBACCO_INDICATOR,TOBACCO_INDICATOR_R_afford_inflation_adjusted_price_ppp,,,,,,,2.1,2.1,,,,2025-08-18T14:33:28Z,2022,2022-01-01,2022-12-31
6473883,TOBACCO_MPOWER_R_INFLATIONADJUSTEDPRICES,COUNTRY,SSD,AFR,Africa,YEAR,2018,TOBACCO_INDICATOR,TOBACCO_INDICATOR_R_afford_inflation_adjusted_price_lcu,,,,,,,. . .,,,,,2025-08-18T14:33:28Z,2018,2018-01-01,2018-12-31
6479785,TOBACCO_MPOWER_R_INFLATIONADJUSTEDPRICES,COUNTRY,AUT,EUR,Europe,YEAR,2008,TOBACCO_INDICATOR,TOBACCO_INDICATOR_R_afford_inflation_adjusted_price_ppp,,,,,,,6.94,6.94,,,,2025-08-18T14:33:28Z,2008,2008-01-01,2008-12-31
6480115,TOBACCO_MPOWER_R_INFLATIONADJUSTEDPRICES,COUNTRY,CHN,WPR,Western Pacific,YEAR,2024,TOBACCO_INDICATOR,TOBACCO_INDICATOR_R_afford_inflation_adjusted_price_lcu,,,,,,,17.99,17.99,,,,2025-08-18T14:33:28Z,2024,2024-01-01,2024-12-31
6480361,TOBACCO_MPOWER_R_INFLATIONADJUSTEDPRICES,COUNTRY,HRV,EUR,Europe,YEAR,2024,TOBACCO_INDICATOR,TOBACCO_INDICATOR_R_afford_inflation_adjusted_price_ppp,,,,,,,7.28,7.28,,,,2025-08-18T14:33:28Z,2024,2024-01-01,2024-12-31
6482037,TOBACCO_MPOWER_R_INFLATIONADJUSTEDPRICES,COUNTRY,NZL,WPR,Western Pacific,YEAR,2016,TOBACCO_INDICATOR,TOBACCO_INDICATOR_R_afford_inflation_adjusted_price_lcu,,,,,,,28.01,28.01,,,,2025-08-18T14:33:28Z,2016,2016-01-01,2016-12-31
6482430,TOBACCO_MPOWER_R_INFLATIONADJUSTEDPRICES,COUNTRY,BOL,AMR,Americas,YEAR,2022,TOBACCO_INDICATOR,TOBACCO_INDICATOR_R_afford_inflation_adjusted_price_lcu,,,,,,,16.17,16.17,,,,2025-08-18T14:33:28Z,2022,2022-01-01,2022-12-31
6482702,TOBACCO_MPOWER_R_INFLATIONADJUSTEDPRICES,COUNTRY,FIN,EUR,Europe,YEAR,2024,TOBACCO_INDICATOR,TOBACCO_INDICATOR_R_afford_inflation_adjusted_price_ppp,,,,,,,13.17,13.17,,,,2025-08-18T14:33:28Z,2024,2024-01-01,2024-12-31
6484885,TOBACCO_MPOWER_R_INFLATIONADJUSTEDPRICES,COUNTRY,KAZ,EUR,Europe,YEAR,2014,TOBACCO_INDICATOR,TOBACCO_INDICATOR_R_afford_inflation_adjusted_price_ppp,,,,,,,2.86,2.86,,,,2025-08-18T14:33:28Z,2014,2014-01-01,2014-12-31
6487916,TOBACCO_MPOWER_R_INFLATIONADJUSTEDPRICES,COUNTRY,LKA,SEAR,South-East Asia,YEAR,2024,TOBACCO_INDICATOR,TOBACCO_INDICATOR_R_afford_inflation_adjusted_price_ppp,,,,,,,34.38,34.38,,,,2025-08-18T14:33:28Z,2024,2024-01-01,2024-12-31
6488592,TOBACCO_MPOWER_R_INFLATIONADJUSTEDPRICES,COUNTRY,SOM,EMR,Eastern Mediterranean,YEAR,2012,TOBACCO_INDICATOR,TOBACCO_INDICATOR_R_afford_inflation_adjusted_price_ppp,,,,,,,2.76,2.76,,,,2025-08-18T14:33:28Z,2012,2012-01-01,2012-12-31
6488855,TOBACCO_MPOWER_R_INFLATIONADJUSTEDPRICES,COUNTRY,JOR,EMR,Eastern Mediterranean,YEAR,2020,TOBACCO_INDICATOR,TOBACCO_INDICATOR_R_afford_inflation_adjusted_price_ppp,,,,,,,9.15,9.15,,,,2025-08-18T14:33:28Z,2020,2020-01-01,2020-12-31
6489429,TOBACCO_MPOWER_R_INFLATIONADJUSTEDPRICES,COUNTRY,CHN,WPR,Western Pacific,YEAR,2012,TOBACCO_INDICATOR,TOBACCO_INDICATOR_R_afford_inflation_adjusted_price_lcu,,,,,,,12.95,12.95,,,,2025-08-18T14:33:28Z,2012,2012-01-01,2012-12-31
6490682,TOBACCO_MPOWER_R_INFLATIONADJUSTEDPRICES,COUNTRY,LAO,WPR,Western Pacific,YEAR,2010,TOBACCO_INDICATOR,TOBACCO_INDICATOR_R_afford_inflation_adjusted_price_lcu,,,,,,,14 719,14718.54,,,,2025-08-18T14:33:28Z,2010,2010-01-01,2010-12-31
6491864,TOBACCO_MPOWER_R_INFLATIONADJUSTEDPRICES,COUNTRY,RUS,EUR,Europe,YEAR,2018,TOBACCO_INDICATOR,TOBACCO_INDICATOR_R_afford_inflation_adjusted_price_ppp,,,,,,,6.32,6.32,,,,2025-08-18T14:33:28Z,2018,2018-01-01,2018-12-31
6492934,TOBACCO_MPOWER_R_INFLATIONADJUSTEDPRICES,COUNTRY,SYC,AFR,Africa,YEAR,2012,TOBACCO_INDICATOR,TOBACCO_INDICATOR_R_afford_inflation_adjusted_price_ppp,,,,,,,13.29,13.29,,,,2025-08-18T14:33:28Z,2012,2012-01-01,2012-12-31
6497620,TOBACCO_MPOWER_R_INFLATIONADJUSTEDPRICES,COUNTRY,AND,EUR,Europe,YEAR,2012,TOBACCO_INDICATOR,TOBACCO_INDICATOR_R_afford_inflation_adjusted_price_lcu,,,,,,,3.75,3.75,,,,2025-08-18T14:33:28Z,2012,2012-01-01,2012-12-31
6499291,TOBACCO_MPOWER_R_INFLATIONADJUSTEDPRICES,COUNTRY,SMR,EUR,Europe,YEAR,2024,TOBACCO_INDICATOR,TOBACCO_INDICATOR_R_afford_inflation_adjusted_price_lcu,,,,,,,5.8,5.8,,,,2025-08-18T14:33:28Z,2024,2024-01-01,2024-12-31
6500666,TOBACCO_MPOWER_R_INFLATIONADJUSTEDPRICES,COUNTRY,UKR,EUR,Europe,YEAR,2012,TOBACCO_INDICATOR,TOBACCO_INDICATOR_R_afford_inflation_adjusted_price_lcu,,,,,,,31.58,31.58,,,,2025-08-18T14:33:28Z,2012,2012-01-01,2012-12-31
6504841,TOBACCO_MPOWER_R_INFLATIONADJUSTEDPRICES,COUNTRY,GRC,EUR,Europe,YEAR,2020,TOBACCO_INDICATOR,TOBACCO_INDICATOR_R_afford_inflation_adjusted_price_ppp,,,,,,,10.52,10.52,,,,2025-08-18T14:33:28Z,2020,2020-01-01,2020-12-31
6506679,TOBACCO_MPOWER_R_INFLATIONADJUSTEDPRICES,COUNTRY,UZB,EUR,Europe,YEAR,2014,TOBACCO_INDICATOR,TOBACCO_INDICATOR_R_afford_inflation_adjusted_price_lcu,,,,,,,6689.65,6689.65,,,,2025-08-18T14:33:28Z,2014,2014-01-01,2014-12-31
6509046,TOBACCO_MPOWER_R_INFLATIONADJUSTEDPRICES,COUNTRY,ITA,EUR,Europe,YEAR,2014,TOBACCO_INDICATOR,TOBACCO_INDICATOR_R_afford_inflation_adjusted_price_lcu,,,,,,,6.12,6.12,,,,2025-08-18T14:33:28Z,2014,2014-01-01,2014-12-31
6518252,TOBACCO_MPOWER_R_INFLATIONADJUSTEDPRICES,COUNTRY,COG,AFR,Africa,YEAR,2024,TOBACCO_INDICATOR,TOBACCO_INDICATOR_R_afford_inflation_adjusted_price_ppp,,,,,,,4.02,4.02,,,,2025-08-18T14:33:28Z,2024,2024-01-01,2024-12-31
6520721,TOBACCO_MPOWER_R_INFLATIONADJUSTEDPRICES,COUNTRY,CRI,AMR,Americas,YEAR,2024,TOBACCO_INDICATOR,TOBACCO_INDICATOR_R_afford_inflation_adjusted_price_ppp,,,,,,,7.78,7.78,,,,2025-08-18T14:33:28Z,2024,2024-01-01,2024-12-31
6521518,TOBACCO_MPOWER_R_INFLATIONADJUSTEDPRICES,COUNTRY,MLT,EUR,Europe,YEAR,2020,TOBACCO_INDICATOR,TOBACCO_INDICATOR_R_afford_inflation_adjusted_price_ppp,,,,,,,11.94,11.94,,,,2025-08-18T14:33:28Z,2020,2020-01-01,2020-12-31
6524062,TOBACCO_MPOWER_R_INFLATIONADJUSTEDPRICES,COUNTRY,BRN,WPR,Western Pacific,YEAR,2014,TOBACCO_INDICATOR,TOBACCO_INDICATOR_R_afford_inflation_adjusted_price_lcu,,,,,,,. . .,,,,,2025-08-18T14:33:28Z,2014,2014-01-01,2014-12-31
6524512,TOBACCO_MPOWER_R_INFLATIONADJUSTEDPRICES,COUNTRY,COK,WPR,Western Pacific,YEAR,2010,TOBACCO_INDICATOR,TOBACCO_INDICATOR_R_afford_inflation_adjusted_price_ppp,,,,,,,. . .,,,,,2025-08-18T14:33:28Z,2010,2010-01-01,2010-12-31
6528719,TOBACCO_MPOWER_R_INFLATIONADJUSTEDPRICES,COUNTRY,NOR,EUR,Europe,YEAR,2010,TOBACCO_INDICATOR,TOBACCO_INDICATOR_R_afford_inflation_adjusted_price_ppp,,,,,,,12.09,12.09,,,,2025-08-18T14:33:28Z,2010,2010-01-01,2010-12-31
6529084,TOBACCO_MPOWER_R_INFLATIONADJUSTEDPRICES,COUNTRY,SUR,AMR,Americas,YEAR,2012,TOBACCO_INDICATOR,TOBACCO_INDICATOR_R_afford_inflation_adjusted_price_lcu,,,,,,,116.91,116.91,,,,2025-08-18T14:33:28Z,2012,2012-01-01,2012-12-31
6531452,TOBACCO_MPOWER_R_INFLATIONADJUSTEDPRICES,COUNTRY,ATG,AMR,Americas,YEAR,2016,TOBACCO_INDICATOR,TOBACCO_INDICATOR_R_afford_inflation_adjusted_price_ppp,,,,,,,4.82,4.82,,,,2025-08-18T14:33:28Z,2016,2016-01-01,2016-12-31
6532135,TOBACCO_MPOWER_R_INFLATIONADJUSTEDPRICES,COUNTRY,ISR,EUR,Europe,YEAR,2010,TOBACCO_INDICATOR,TOBACCO_INDICATOR_R_afford_inflation_adjusted_price_lcu,,,,,,,25.68,25.68,,,,2025-08-18T14:33:28Z,2010,2010-01-01,2010-12-31
6539742,TOBACCO_MPOWER_R_INFLATIONADJUSTEDPRICES,COUNTRY,GUY,AMR,Americas,YEAR,2024,TOBACCO_INDICATOR,TOBACCO_INDICATOR_R_afford_inflation_adjusted_price_lcu,,,,,,,560,560,,,,2025-08-18T14:33:28Z,2024,2024-01-01,2024-12-31
6541027,TOBACCO_MPOWER_R_INFLATIONADJUSTEDPRICES,COUNTRY,BIH,EUR,Europe,YEAR,2018,TOBACCO_INDICATOR,TOBACCO_INDICATOR_R_afford_inflation_adjusted_price_lcu,,,,,,,6.87,6.87,,,,2025-08-18T14:33:28Z,2018,2018-01-01,2018-12-31
6544257,TOBACCO_MPOWER_R_INFLATIONADJUSTEDPRICES,COUNTRY,NAM,AFR,Africa,YEAR,2012,TOBACCO_INDICATOR,TOBACCO_INDICATOR_R_afford_inflation_adjusted_price_lcu,,,,,,,51.54,51.54,,,,2025-08-18T14:33:28Z,2012,2012-01-01,2012-12-31
6551775,TOBACCO_MPOWER_R_INFLATIONADJUSTEDPRICES,COUNTRY,NER,AFR,Africa,YEAR,2016,TOBACCO_INDICATOR,TOBACCO_INDICATOR_R_afford_inflation_adjusted_price_lcu,,,,,,,632.03,632.03,,,,2025-08-18T14:33:28Z,2016,2016-01-01,2016-12-31
6552047,TOBACCO_MPOWER_R_INFLATIONADJUSTEDPRICES,COUNTRY,CRI,AMR,Americas,YEAR,2014,TOBACCO_INDICATOR,TOBACCO_INDICATOR_R_afford_inflation_adjusted_price_ppp,,,,,,,6.54,6.54,,,,2025-08-18T14:33:28Z,2014,2014-01-01,2014-12-31
6552374,TOBACCO_MPOWER_R_INFLATIONADJUSTEDPRICES,COUNTRY,IRN,EMR,Eastern Mediterranean,YEAR,2022,TOBACCO_INDICATOR,TOBACCO_INDICATOR_R_afford_inflation_adjusted_price_ppp,,,,,,,3.78,3.78,,,,2025-08-18T14:33:28Z,2022,2022-01-01,2022-12-31
6558242,TOBACCO_MPOWER_R_INFLATIONADJUSTEDPRICES,COUNTRY,CYP,EUR,Europe,YEAR,2018,TOBACCO_INDICATOR,TOBACCO_INDICATOR_R_afford_inflation_adjusted_price_lcu,,,,,,,5.26,5.26,,,,2025-08-18T14:33:28Z,2018,2018-01-01,2018-12-31
6560752,TOBACCO_MPOWER_R_INFLATIONADJUSTEDPRICES,COUNTRY,PRK,SEAR,South-East Asia,YEAR,2012,TOBACCO_INDICATOR,TOBACCO_INDICATOR_R_afford_inflation_adjusted_price_ppp,,,,,,,. . .,,,,,2025-08-18T14:33:28Z,2012,2012-01-01,2012-12-31
6561009,TOBACCO_MPOWER_R_INFLATIONADJUSTEDPRICES,COUNTRY,KOR,WPR,Western Pacific,YEAR,2014,TOBACCO_INDICATOR,TOBACCO_INDICATOR_R_afford_inflation_adjusted_price_lcu,,,,,,,3030.4,3030.4,,,,2025-08-18T14:33:28Z,2014,2014-01-01,2014-12-31
6568276,TOBACCO_MPOWER_R_INFLATIONADJUSTEDPRICES,COUNTRY,NPL,SEAR,South-East Asia,YEAR,2018,TOBACCO_INDICATOR,TOBACCO_INDICATOR_R_afford_inflation_adjusted_price_ppp,,,,,,,8.67,8.67,,,,2025-08-18T14:33:28Z,2018,2018-01-01,2018-12-31
6569424,TOBACCO_MPOWER_R_INFLATIONADJUSTEDPRICES,COUNTRY,PNG,WPR,Western Pacific,YEAR,2010,TOBACCO_INDICATOR,TOBACCO_INDICATOR_R_afford_inflation_adjusted_price_ppp,,,,,,,. . .,,,,,2025-08-18T14:33:28Z,2010,2010-01-01,2010-12-31
6570234,TOBACCO_MPOWER_R_INFLATIONADJUSTEDPRICES,COUNTRY,SWZ,AFR,Africa,YEAR,2020,TOBACCO_INDICATOR,TOBACCO_INDICATOR_R_afford_inflation_adjusted_price_ppp,,,,,,,8.51,8.51,,,,2025-08-18T14:33:28Z,2020,2020-01-01,2020-12-31
6577240,TOBACCO_MPOWER_R_INFLATIONADJUSTEDPRICES,COUNTRY,GMB,AFR,Africa,YEAR,2008,TOBACCO_INDICATOR,TOBACCO_INDICATOR_R_afford_inflation_adjusted_price_lcu,,,,,,,31.48,31.48,,,,2025-08-18T14:33:28Z,2008,2008-01-01,2008-12-31
6578712,TOBACCO_MPOWER_R_INFLATIONADJUSTEDPRICES,COUNTRY,DJI,EMR,Eastern Mediterranean,YEAR,2024,TOBACCO_INDICATOR,TOBACCO_INDICATOR_R_afford_inflation_adjusted_price_lcu,,,,,,,250,250,,,,2025-08-18T14:33:28Z,2024,2024-01-01,2024-12-31
6582203,TOBACCO_MPOWER_R_INFLATIONADJUSTEDPRICES,COUNTRY,CAF,AFR,Africa,YEAR,2024,TOBACCO_INDICATOR,TOBACCO_INDICATOR_R_afford_inflation_adjusted_price_lcu,,,,,,,500,500,,,,2025-08-18T14:33:28Z,2024,2024-01-01,2024-12-31
6582956,TOBACCO_MPOWER_R_INFLATIONADJUSTEDPRICES,COUNTRY,LSO,AFR,Africa,YEAR,2012,TOBACCO_INDICATOR,TOBACCO_INDICATOR_R_afford_inflation_adjusted_price_ppp,,,,,,,10.59,10.59,,,,2025-08-18T14:33:28Z,2012,2012-01-01,2012-12-31
6584958,TOBACCO_MPOWER_R_INFLATIONADJUSTEDPRICES,COUNTRY,PRY,AMR,Americas,YEAR,2016,TOBACCO_INDICATOR,TOBACCO_INDICATOR_R_afford_inflation_adjusted_price_lcu,,,,,,,2815.63,2815.63,,,,2025-08-18T14:33:28Z,2016,2016-01-01,2016-12-31
6586408,TOBACCO_MPOWER_R_INFLATIONADJUSTEDPRICES,COUNTRY,MOZ,AFR,Africa,YEAR,2024,TOBACCO_INDICATOR,TOBACCO_INDICATOR_R_afford_inflation_adjusted_price_lcu,,,,,,,85,85,,,,2025-08-18T14:33:28Z,2024,2024-01-01,2024-12-31
6591516,TOBACCO_MPOWER_R_INFLATIONADJUSTEDPRICES,COUNTRY,UKR,EUR,Europe,YEAR,2024,TOBACCO_INDICATOR,TOBACCO_INDICATOR_R_afford_inflation_adjusted_price_ppp,,,,,,,9.47,9.47,,,,2025-08-18T14:33:28Z,2024,2024-01-01,2024-12-31
6593837,TOBACCO_MPOWER_R_INFLATIONADJUSTEDPRICES,COUNTRY,BOL,AMR,Americas,YEAR,2008,TOBACCO_INDICATOR,TOBACCO_INDICATOR_R_afford_inflation_adjusted_price_lcu,,,,,,,9.64,9.64,,,,2025-08-18T14:33:28Z,2008,2008-01-01,2008-12-31
6594463,TOBACCO_MPOWER_R_INFLATIONADJUSTEDPRICES,COUNTRY,NZL,WPR,Western Pacific,YEAR,2024,TOBACCO_INDICATOR,TOBACCO_INDICATOR_R_afford_inflation_adjusted_price_ppp,,,,,,,26,26,,,,2025-08-18T14:33:28Z,2024,2024-01-01,2024-12-31
6596648,TOBACCO_MPOWER_R_INFLATIONADJUSTEDPRICES,COUNTRY,LCA,AMR,Americas,YEAR,2016,TOBACCO_INDICATOR,TOBACCO_INDICATOR_R_afford_inflation_adjusted_price_lcu,,,,,,,9.44,9.44,,,,2025-08-18T14:33:28Z,2016,2016-01-01,2016-12-31
6599592,TOBACCO_MPOWER_R_INFLATIONADJUSTEDPRICES,COUNTRY,JPN,WPR,Western Pacific,YEAR,2020,TOBACCO_INDICATOR,TOBACCO_INDICATOR_R_afford_inflation_adjusted_price_ppp,,,,,,,6.14,6.14,,,,2025-08-18T14:33:28Z,2020,2020-01-01,2020-12-31
6605348,TOBACCO_MPOWER_R_INFLATIONADJUSTEDPRICES,COUNTRY,KGZ,EUR,Europe,YEAR,2020,TOBACCO_INDICATOR,TOBACCO_INDICATOR_R_afford_inflation_adjusted_price_lcu,,,,,,,123.11,123.11,,,,2025-08-18T14:33:28Z,2020,2020-01-01,2020-12-31
6614062,TOBACCO_MPOWER_R_INFLATIONADJUSTEDPRICES,COUNTRY,NPL,SEAR,South-East Asia,YEAR,2008,TOBACCO_INDICATOR,TOBACCO_INDICATOR_R_afford_inflation_adjusted_price_lcu,,,,,,,204.39,204.39,,,,2025-08-18T14:33:28Z,2008,2008-01-01,2008-12-31
6614475,TOBACCO_MPOWER_R_INFLATIONADJUSTEDPRICES,COUNTRY,MMR,SEAR,South-East Asia,YEAR,2010,TOBACCO_INDICATOR,TOBACCO_INDICATOR_R_afford_inflation_adjusted_price_lcu,,,,,,,2553.14,2553.14,,,,2025-08-18T14:33:28Z,2010,2010-01-01,2010-12-31
6627841,TOBACCO_MPOWER_R_INFLATIONADJUSTEDPRICES,COUNTRY,TON,WPR,Western Pacific,YEAR,2022,TOBACCO_INDICATOR,TOBACCO_INDICATOR_R_afford_inflation_adjusted_price_lcu,,,,,,,26.53,26.53,,,,2025-08-18T14:33:28Z,2022,2022-01-01,2022-12-31
6633234,TOBACCO_MPOWER_R_INFLATIONADJUSTEDPRICES,COUNTRY,MUS,AFR,Africa,YEAR,2014,TOBACCO_INDICATOR,TOBACCO_INDICATOR_R_afford_inflation_adjusted_price_ppp,,,,,,,10.19,10.19,,,,2025-08-18T14:33:28Z,2014,2014-01-01,2014-12-31
6634391,TOBACCO_MPOWER_R_INFLATIONADJUSTEDPRICES,COUNTRY,KNA,AMR,Americas,YEAR,2016,TOBACCO_INDICATOR,TOBACCO_INDICATOR_R_afford_inflation_adjusted_price_ppp,,,,,,,5.26,5.26,,,,2025-08-18T14:33:28Z,2016,2016-01-01,2016-12-31
6638345,TOBACCO_MPOWER_R_INFLATIONADJUSTEDPRICES,COUNTRY,IRQ,EMR,Eastern Mediterranean,YEAR,2008,TOBACCO_INDICATOR,TOBACCO_INDICATOR_R_afford_inflation_adjusted_price_lcu,,,,,,,712.09,712.09,,,,2025-08-18T14:33:28Z,2008,2008-01-01,2008-12-31
6638905,TOBACCO_MPOWER_R_INFLATIONADJUSTEDPRICES,COUNTRY,MDG,AFR,Africa,YEAR,2008,TOBACCO_INDICATOR,TOBACCO_INDICATOR_R_afford_inflation_adjusted_price_ppp,,,,,,,3.41,3.41,,,,2025-08-18T14:33:28Z,2008,2008-01-01,2008-12-31
6639800,TOBACCO_MPOWER_R_INFLATIONADJUSTEDPRICES,COUNTRY,SVN,EUR,Europe,YEAR,2022,TOBACCO_INDICATOR,TOBACCO_INDICATOR_R_afford_inflation_adjusted_price_lcu,,,,,,,4.71,4.71,,,,2025-08-18T14:33:28Z,2022,2022-01-01,2022-12-31
6640492,TOBACCO_MPOWER_R_INFLATIONADJUSTEDPRICES,COUNTRY,BWA,AFR,Africa,YEAR,2024,TOBACCO_INDICATOR,TOBACCO_INDICATOR_R_afford_inflation_adjusted_price_ppp,,,,,,,9.86,9.86,,,,2025-08-18T14:33:28Z,2024,2024-01-01,2024-12-31
6643635,TOBACCO_MPOWER_R_INFLATIONADJUSTEDPRICES,COUNTRY,PAN,AMR,Americas,YEAR,2020,TOBACCO_INDICATOR,TOBACCO_INDICATOR_R_afford_inflation_adjusted_price_lcu,,,,,,,4.28,4.28,,,,2025-08-18T14:33:28Z,2020,2020-01-01,2020-12-31
6644574,TOBACCO_MPOWER_R_INFLATIONADJUSTEDPRICES,COUNTRY,PRK,SEAR,South-East Asia,YEAR,2014,TOBACCO_INDICATOR,TOBACCO_INDICATOR_R_afford_inflation_adjusted_price_ppp,,,,,,,. . .,,,,,2025-08-18T14:33:28Z,2014,2014-01-01,2014-12-31
6649214,TOBACCO_MPOWER_R_INFLATIONADJUSTEDPRICES,COUNTRY,KIR,WPR,Western Pacific,YEAR,2008,TOBACCO_INDICATOR,TOBACCO_INDICATOR_R_afford_inflation_adjusted_price_ppp,,,,,,,8.68,8.68,,,,2025-08-18T14:33:28Z,2008,2008-01-01,2008-12-31
6652612,TOBACCO_MPOWER_R_INFLATIONADJUSTEDPRICES,COUNTRY,JPN,WPR,Western Pacific,YEAR,2008,TOBACCO_INDICATOR,TOBACCO_INDICATOR_R_afford_inflation_adjusted_price_lcu,,,,,,,336.13,336.13,,,,2025-08-18T14:33:28Z,2008,2008-01-01,2008-12-31
6658307,TOBACCO_MPOWER_R_INFLATIONADJUSTEDPRICES,COUNTRY,BWA,AFR,Africa,YEAR,2008,TOBACCO_INDICATOR,TOBACCO_INDICATOR_R_afford_inflation_adjusted_price_lcu,,,,,,,39.93,39.93,,,,2025-08-18T14:33:28Z,2008,2008-01-01,2008-12-31
6658781,TOBACCO_MPOWER_R_INFLATIONADJUSTEDPRICES,COUNTRY,GRD,AMR,Americas,YEAR,2012,TOBACCO_INDICATOR,TOBACCO_INDICATOR_R_afford_inflation_adjusted_price_ppp,,,,,,,. . .,,,,,2025-08-18T14:33:28Z,2012,2012-01-01,2012-12-31
6662178,TOBACCO_MPOWER_R_INFLATIONADJUSTEDPRICES,COUNTRY,LBN,EMR,Eastern Mediterranean,YEAR,2020,TOBACCO_INDICATOR,TOBACCO_INDICATOR_R_afford_inflation_adjusted_price_lcu,,,,,,,80 615,80614.89,,,,2025-08-18T14:33:28Z,2020,2020-01-01,2020-12-31
6663060,TOBACCO_MPOWER_R_INFLATIONADJUSTEDPRICES,COUNTRY,ZAF,AFR,Africa,YEAR,2012,TOBACCO_INDICATOR,TOBACCO_INDICATOR_R_afford_inflation_adjusted_price_lcu,,,,,,,50.78,50.78,,,,2025-08-18T14:33:28Z,2012,2012-01-01,2012-12-31
6668451,TOBACCO_MPOWER_R_INFLATIONADJUSTEDPRICES,COUNTRY,NIC,AMR,Americas,YEAR,2024,TOBACCO_INDICATOR,TOBACCO_INDICATOR_R_afford_inflation_adjusted_price_lcu,,,,,,,. . .,,,,,2025-08-18T14:33:28Z,2024,2024-01-01,2024-12-31
6668807,TOBACCO_MPOWER_R_INFLATIONADJUSTEDPRICES,COUNTRY,AZE,EUR,Europe,YEAR,2020,TOBACCO_INDICATOR,TOBACCO_INDICATOR_R_afford_inflation_adjusted_price_ppp,,,,,,,4.6,4.6,,,,2025-08-18T14:33:28Z,2020,2020-01-01,2020-12-31
6672820,TOBACCO_MPOWER_R_INFLATIONADJUSTEDPRICES,COUNTRY,VCT,AMR,Americas,YEAR,2016,TOBACCO_INDICATOR,TOBACCO_INDICATOR_R_afford_inflation_adjusted_price_ppp,,,,,,,4.95,4.95,,,,2025-08-18T14:33:28Z,2016,2016-01-01,2016-12-31
6678405,TOBACCO_MPOWER_R_INFLATIONADJUSTEDPRICES,COUNTRY,CZE,EUR,Europe,YEAR,2010,TOBACCO_INDICATOR,TOBACCO_INDICATOR_R_afford_inflation_adjusted_price_ppp,,,,,,,7.18,7.18,,,,2025-08-18T14:33:28Z,2010,2010-01-01,2010-12-31
6679722,TOBACCO_MPOWER_R_INFLATIONADJUSTEDPRICES,COUNTRY,URY,AMR,Americas,YEAR,2020,TOBACCO_INDICATOR,TOBACCO_INDICATOR_R_afford_inflation_adjusted_price_ppp,,,,,,,7.77,7.77,,,,2025-08-18T14:33:28Z,2020,2020-01-01,2020-12-31
6681847,TOBACCO_MPOWER_R_INFLATIONADJUSTEDPRICES,COUNTRY,CZE,EUR,Europe,YEAR,2018,TOBACCO_INDICATOR,TOBACCO_INDICATOR_R_afford_inflation_adjusted_price_lcu,,,,,,,135.12,135.12,,,,2025-08-18T14:33:28Z,2018,2018-01-01,2018-12-31
6686025,TOBACCO_MPOWER_R_INFLATIONADJUSTEDPRICES,COUNTRY,IDN,WPR,Western Pacific,YEAR,2018,TOBACCO_INDICATOR,TOBACCO_INDICATOR_R_afford_inflation_adjusted_price_lcu,,,,,,,34 689,34689.04,,,,2025-08-18T14:33:28Z,2018,2018-01-01,2018-12-31
6687969,TOBACCO_MPOWER_R_INFLATIONADJUSTEDPRICES,COUNTRY,KWT,EMR,Eastern Mediterranean,YEAR,2020,TOBACCO_INDICATOR,TOBACCO_INDICATOR_R_afford_inflation_adjusted_price_lcu,,,,,,,0.97,0.97,,,,2025-08-18T14:33:28Z,2020,2020-01-01,2020-12-31
6692061,TOBACCO_MPOWER_R_INFLATIONADJUSTEDPRICES,COUNTRY,LCA,AMR,Americas,YEAR,2014,TOBACCO_INDICATOR,TOBACCO_INDICATOR_R_afford_inflation_adjusted_price_lcu,,,,,,,7.96,7.96,,,,2025-08-18T14:33:28Z,2014,2014-01-01,2014-12-31
6692310,TOBACCO_MPOWER_R_INFLATIONADJUSTEDPRICES,COUNTRY,VUT,WPR,Western Pacific,YEAR,2010,TOBACCO_INDICATOR,TOBACCO_INDICATOR_R_afford_inflation_adjusted_price_ppp,,,,,,,8.17,8.17,,,,2025-08-18T14:33:28Z,2010,2010-01-01,2010-12-31
6695895,TOBACCO_MPOWER_R_INFLATIONADJUSTEDPRICES,COUNTRY,LKA,SEAR,South-East Asia,YEAR,2020,TOBACCO_INDICATOR,TOBACCO_INDICATOR_R_afford_inflation_adjusted_price_lcu,,,,,,,2376.67,2376.67,,,,2025-08-18T14:33:28Z,2020,2020-01-01,2020-12-31
6697662,TOBACCO_MPOWER_R_INFLATIONADJUSTEDPRICES,COUNTRY,BEN,AFR,Africa,YEAR,2020,TOBACCO_INDICATOR,TOBACCO_INDICATOR_R_afford_inflation_adjusted_price_ppp,,,,,,,2.85,2.85,,,,2025-08-18T14:33:28Z,2020,2020-01-01,2020-12-31
6702868,TOBACCO_MPOWER_R_INFLATIONADJUSTEDPRICES,COUNTRY,BFA,AFR,Africa,YEAR,2008,TOBACCO_INDICATOR,TOBACCO_INDICATOR_R_afford_inflation_adjusted_price_lcu,,,,,,,694.44,694.44,,,,2025-08-18T14:33:28Z,2008,2008-01-01,2008-12-31
6704106,TOBACCO_MPOWER_R_INFLATIONADJUSTEDPRICES,COUNTRY,GNB,AFR,Africa,YEAR,2014,TOBACCO_INDICATOR,TOBACCO_INDICATOR_R_afford_inflation_adjusted_price_lcu,,,,,,,394.84,394.84,,,,2025-08-18T14:33:28Z,2014,2014-01-01,2014-12-31
6704571,TOBACCO_MPOWER_R_INFLATIONADJUSTEDPRICES,COUNTRY,LSO,AFR,Africa,YEAR,2016,TOBACCO_INDICATOR,TOBACCO_INDICATOR_R_afford_inflation_adjusted_price_lcu,,,,,,,. . .,,,,,2025-08-18T14:33:28Z,2016,2016-01-01,2016-12-31
6707138,TOBACCO_MPOWER_R_INFLATIONADJUSTEDPRICES,COUNTRY,VCT,AMR,Americas,YEAR,2020,TOBACCO_INDICATOR,TOBACCO_INDICATOR_R_afford_inflation_adjusted_price_lcu,,,,,,,9.3,9.3,,,,2025-08-18T14:33:28Z,2020,2020-01-01,2020-12-31
6709852,TOBACCO_MPOWER_R_INFLATIONADJUSTEDPRICES,COUNTRY,ARG,AMR,Americas,YEAR,2022,TOBACCO_INDICATOR,TOBACCO_INDICATOR_R_afford_inflation_adjusted_price_ppp,,,,,,,5.23,5.23,,,,2025-08-18T14:33:28Z,2022,2022-01-01,2022-12-31
6710883,TOBACCO_MPOWER_R_INFLATIONADJUSTEDPRICES,COUNTRY,CZE,EUR,Europe,YEAR,2022,TOBACCO_INDICATOR,TOBACCO_INDICATOR_R_afford_inflation_adjusted_price_lcu,,,,,,,150.76,150.76,,,,2025-08-18T14:33:28Z,2022,2022-01-01,2022-12-31
6712899,TOBACCO_MPOWER_R_INFLATIONADJUSTEDPRICES,COUNTRY,MAR,EMR,Eastern Mediterranean,YEAR,2008,TOBACCO_INDICATOR,TOBACCO_INDICATOR_R_afford_inflation_adjusted_price_lcu,,,,,,,22.78,22.78,,,,2025-08-18T14:33:28Z,2008,2008-01-01,2008-12-31
6729252,TOBACCO_MPOWER_R_INFLATIONADJUSTEDPRICES,COUNTRY,MNE,EUR,Europe,YEAR,2018,TOBACCO_INDICATOR,TOBACCO_INDICATOR_R_afford_inflation_adjusted_price_ppp,,,,,,,8.97,8.97,,,,2025-08-18T14:33:28Z,2018,2018-01-01,2018-12-31
6730144,TOBACCO_MPOWER_R_INFLATIONADJUSTEDPRICES,COUNTRY,DJI,EMR,Eastern Mediterranean,YEAR,2022,TOBACCO_INDICATOR,TOBACCO_INDICATOR_R_afford_inflation_adjusted_price_lcu,,,,,,,. . .,,,,,2025-08-18T14:33:28Z,2022,2022-01-01,2022-12-31
6731759,TOBACCO_MPOWER_R_INFLATIONADJUSTEDPRICES,COUNTRY,BIH,EUR,Europe,YEAR,2010,TOBACCO_INDICATOR,TOBACCO_INDICATOR_R_afford_inflation_adjusted_price_lcu,,,,,,,3,3,,,,2025-08-18T14:33:28Z,2010,2010-01-01,2010-12-31
6732399,TOBACCO_MPOWER_R_INFLATIONADJUSTEDPRICES,COUNTRY,EGY,EMR,Eastern Mediterranean,YEAR,2010,TOBACCO_INDICATOR,TOBACCO_INDICATOR_R_afford_inflation_adjusted_price_lcu,,,,,,,23.49,23.49,,,,2025-08-18T14:33:28Z,2010,2010-01-01,2010-12-31
6739353,TOBACCO_MPOWER_R_INFLATIONADJUSTEDPRICES,COUNTRY,LBN,EMR,Eastern Mediterranean,YEAR,2016,TOBACCO_INDICATOR,TOBACCO_INDICATOR_R_afford_inflation_adjusted_price_ppp,,,,,,,6.93,6.93,,,,2025-08-18T14:33:28Z,2016,2016-01-01,2016-12-31
6742737,TOBACCO_MPOWER_R_INFLATIONADJUSTEDPRICES,COUNTRY,URY,AMR,Americas,YEAR,2012,TOBACCO_INDICATOR,TOBACCO_INDICATOR_R_afford_inflation_adjusted_price_ppp,,,,,,,5.99,5.99,,,,2025-08-18T14:33:28Z,2012,2012-01-01,2012-12-31
6745003,TOBACCO_MPOWER_R_INFLATIONADJUSTEDPRICES,COUNTRY,LBN,EMR,Eastern Mediterranean,YEAR,2018,TOBACCO_INDICATOR,TOBACCO_INDICATOR_R_afford_inflation_adjusted_price_ppp,,,,,,,1.99,1.99,,,,2025-08-18T14:33:28Z,2018,2018-01-01,2018-12-31
6746015,TOBACCO_MPOWER_R_INFLATIONADJUSTEDPRICES,COUNTRY,SYC,AFR,Africa,YEAR,2024,TOBACCO_INDICATOR,TOBACCO_INDICATOR_R_afford_inflation_adjusted_price_ppp,,,,,,,17.08,17.08,,,,2025-08-18T14:33:28Z,2024,2024-01-01,2024-12-31
6750294,TOBACCO_MPOWER_R_INFLATIONADJUSTEDPRICES,COUNTRY,KWT,EMR,Eastern Mediterranean,YEAR,2014,TOBACCO_INDICATOR,TOBACCO_INDICATOR_R_afford_inflation_adjusted_price_ppp,,,,,,,4.06,4.06,,,,2025-08-18T14:33:28Z,2014,2014-01-01,2014-12-31
6753392,TOBACCO_MPOWER_R_INFLATIONADJUSTEDPRICES,COUNTRY,BGR,EUR,Europe,YEAR,2014,TOBACCO_INDICATOR,TOBACCO_INDICATOR_R_afford_inflation_adjusted_price_ppp,,,,,,,9.27,9.27,,,,2025-08-18T14:33:28Z,2014,2014-01-01,2014-12-31
6758625,TOBACCO_MPOWER_R_INFLATIONADJUSTEDPRICES,COUNTRY,VCT,AMR,Americas,YEAR,2024,TOBACCO_INDICATOR,TOBACCO_INDICATOR_R_afford_inflation_adjusted_price_ppp,,,,,,,6.32,6.32,,,,2025-08-18T14:33:28Z,2024,2024-01-01,2024-12-31
6759676,TOBACCO_MPOWER_R_INFLATIONADJUSTEDPRICES,COUNTRY,MNE,EUR,Europe,YEAR,2022,TOBACCO_INDICATOR,TOBACCO_INDICATOR_R_afford_inflation_adjusted_price_ppp,,,,,,,8.46,8.46,,,,2025-08-18T14:33:28Z,2022,2022-01-01,2022-12-31
6759805,TOBACCO_MPOWER_R_INFLATIONADJUSTEDPRICES,COUNTRY,DZA,AFR,Africa,YEAR,2022,TOBACCO_INDICATOR,TOBACCO_INDICATOR_R_afford_inflation_adjusted_price_ppp,,,,,,,8.44,8.44,,,,2025-08-18T14:33:28Z,2022,2022-01-01,2022-12-31
6761585,TOBACCO_MPOWER_R_INFLATIONADJUSTEDPRICES,COUNTRY,ETH,AFR,Africa,YEAR,2018,TOBACCO_INDICATOR,TOBACCO_INDICATOR_R_afford_inflation_adjusted_price_ppp,,,,,,,2.01,2.01,,,,2025-08-18T14:33:28Z,2018,2018-01-01,2018-12-31
6765591,TOBACCO_MPOWER_R_INFLATIONADJUSTEDPRICES,COUNTRY,SEN,AFR,Africa,YEAR,2020,TOBACCO_INDICATOR,TOBACCO_INDICATOR_R_afford_inflation_adjusted_price_lcu,,,,,,,837.89,837.89,,,,2025-08-18T14:33:28Z,2020,2020-01-01,2020-12-31
6768107,TOBACCO_MPOWER_R_INFLATIONADJUSTEDPRICES,COUNTRY,NPL,SEAR,South-East Asia,YEAR,2018,TOBACCO_INDICATOR,TOBACCO_INDICATOR_R_afford_inflation_adjusted_price_lcu,,,,,,,300.17,300.17,,,,2025-08-18T14:33:28Z,2018,2018-01-01,2018-12-31
6775574,TOBACCO_MPOWER_R_INFLATIONADJUSTEDPRICES,COUNTRY,CHN,WPR,Western Pacific,YEAR,2008,TOBACCO_INDICATOR,TOBACCO_INDICATOR_R_afford_inflation_adjusted_price_lcu,,,,,,,8.75,8.75,,,,2025-08-18T14:33:28Z,2008,2008-01-01,2008-12-31
6776088,TOBACCO_MPOWER_R_INFLATIONADJUSTEDPRICES,COUNTRY,MUS,AFR,Africa,YEAR,2018,TOBACCO_INDICATOR,TOBACCO_INDICATOR_R_afford_inflation_adjusted_price_ppp,,,,,,,10.58,10.58,,,,2025-08-18T14:33:28Z,2018,2018-01-01,2018-12-31
6776536,TOBACCO_MPOWER_R_INFLATIONADJUSTEDPRICES,COUNTRY,BRA,AMR,Americas,YEAR,2010,TOBACCO_INDICATOR,TOBACCO_INDICATOR_R_afford_inflation_adjusted_price_lcu,,,,,,,7.25,7.25,,,,2025-08-18T14:33:28Z,2010,2010-01-01,2010-12-31
6777212,TOBACCO_MPOWER_R_INFLATIONADJUSTEDPRICES,COUNTRY,DMA,AMR,Americas,YEAR,2018,TOBACCO_INDICATOR,TOBACCO_INDICATOR_R_afford_inflation_adjusted_price_ppp,,,,,,,3.48,3.48,,,,2025-08-18T14:33:28Z,2018,2018-01-01,2018-12-31
6777371,TOBACCO_MPOWER_R_INFLATIONADJUSTEDPRICES,COUNTRY,ROU,EUR,Europe,YEAR,2010,TOBACCO_INDICATOR,TOBACCO_INDICATOR_R_afford_inflation_adjusted_price_lcu,,,,,,,17.53,17.53,,,,2025-08-18T14:33:28Z,2010,2010-01-01,2010-12-31
6781910,TOBACCO_MPOWER_R_INFLATIONADJUSTEDPRICES,COUNTRY,GNQ,AFR,Africa,YEAR,2012,TOBACCO_INDICATOR,TOBACCO_INDICATOR_R_afford_inflation_adjusted_price_lcu,,,,,,,665.74,665.74,,,,2025-08-18T14:33:28Z,2012,2012-01-01,2012-12-31
6783093,TOBACCO_MPOWER_R_INFLATIONADJUSTEDPRICES,COUNTRY,IND,SEAR,South-East Asia,YEAR,2014,TOBACCO_INDICATOR,TOBACCO_INDICATOR_R_afford_inflation_adjusted_price_ppp,,,,,,,9.46,9.46,,,,2025-08-18T14:33:28Z,2014,2014-01-01,2014-12-31
6787166,TOBACCO_MPOWER_R_INFLATIONADJUSTEDPRICES,COUNTRY,COD,AFR,Africa,YEAR,2022,TOBACCO_INDICATOR,TOBACCO_INDICATOR_R_afford_inflation_adjusted_price_lcu,,,,,,,1410.59,1410.59,,,,2025-08-18T14:33:28Z,2022,2022-01-01,2022-12-31
6787362,TOBACCO_MPOWER_R_INFLATIONADJUSTEDPRICES,COUNTRY,SRB,EUR,Europe,YEAR,2016,TOBACCO_INDICATOR,TOBACCO_INDICATOR_R_afford_inflation_adjusted_price_lcu,,,,,,,328.1,328.1,,,,2025-08-18T14:33:28Z,2016,2016-01-01,2016-12-31
6788100,TOBACCO_MPOWER_R_INFLATIONADJUSTEDPRICES,COUNTRY,KEN,AFR,Africa,YEAR,2010,TOBACCO_INDICATOR,TOBACCO_INDICATOR_R_afford_inflation_adjusted_price_ppp,,,,,,,5.41,5.41,,,,2025-08-18T14:33:28Z,2010,2010-01-01,2010-12-31
6789696,TOBACCO_MPOWER_R_INFLATIONADJUSTEDPRICES,COUNTRY,PHL,WPR,Western Pacific,YEAR,2014,TOBACCO_INDICATOR,TOBACCO_INDICATOR_R_afford_inflation_adjusted_price_ppp,,,,,,,1.79,1.79,,,,2025-08-18T14:33:28Z,2014,2014-01-01,2014-12-31
6790733,TOBACCO_MPOWER_R_INFLATIONADJUSTEDPRICES,COUNTRY,NGA,AFR,Africa,YEAR,2010,TOBACCO_INDICATOR,TOBACCO_INDICATOR_R_afford_inflation_adjusted_price_ppp,,,,,,,3.73,3.73,,,,2025-08-18T14:33:28Z,2010,2010-01-01,2010-12-31
6793139,TOBACCO_MPOWER_R_INFLATIONADJUSTEDPRICES,COUNTRY,BIH,EUR,Europe,YEAR,2024,TOBACCO_INDICATOR,TOBACCO_INDICATOR_R_afford_inflation_adjusted_price_lcu,,,,,,,6.5,6.5,,,,2025-08-18T14:33:28Z,2024,2024-01-01,2024-12-31
6796055,TOBACCO_MPOWER_R_INFLATIONADJUSTEDPRICES,COUNTRY,MDV,SEAR,South-East Asia,YEAR,2010,TOBACCO_INDICATOR,TOBACCO_INDICATOR_R_afford_inflation_adjusted_price_lcu,,,,,,,28.24,28.24,,,,2025-08-18T14:33:28Z,2010,2010-01-01,2010-12-31
6802257,TOBACCO_MPOWER_R_INFLATIONADJUSTEDPRICES,COUNTRY,DEU,EUR,Europe,YEAR,2014,TOBACCO_INDICATOR,TOBACCO_INDICATOR_R_afford_inflation_adjusted_price_ppp,,,,,,,9.82,9.82,,,,2025-08-18T14:33:28Z,2014,2014-01-01,2014-12-31
6803632,TOBACCO_MPOWER_R_INFLATIONADJUSTEDPRICES,COUNTRY,GMB,AFR,Africa,YEAR,2022,TOBACCO_INDICATOR,TOBACCO_INDICATOR_R_afford_inflation_adjusted_price_lcu,,,,,,,130.49,130.49,,,,2025-08-18T14:33:28Z,2022,2022-01-01,2022-12-31
6808435,TOBACCO_MPOWER_R_INFLATIONADJUSTEDPRICES,COUNTRY,AZE,EUR,Europe,YEAR,2018,TOBACCO_INDICATOR,TOBACCO_INDICATOR_R_afford_inflation_adjusted_price_ppp,,,,,,,2.84,2.84,,,,2025-08-18T14:33:28Z,2018,2018-01-01,2018-12-31
6809213,TOBACCO_MPOWER_R_INFLATIONADJUSTEDPRICES,COUNTRY,UGA,AFR,Africa,YEAR,2022,TOBACCO_INDICATOR,TOBACCO_INDICATOR_R_afford_inflation_adjusted_price_ppp,,,,,,,4.46,4.46,,,,2025-08-18T14:33:28Z,2022,2022-01-01,2022-12-31
6810389,TOBACCO_MPOWER_R_INFLATIONADJUSTEDPRICES,COUNTRY,CUB,AMR,Americas,YEAR,2018,TOBACCO_INDICATOR,TOBACCO_INDICATOR_R_afford_inflation_adjusted_price_lcu,,,,,,,. . .,,,,,2025-08-18T14:33:28Z,2018,2018-01-01,2018-12-31
6810586,TOBACCO_MPOWER_R_INFLATIONADJUSTEDPRICES,COUNTRY,BHR,EMR,Eastern Mediterranean,YEAR,2024,TOBACCO_INDICATOR,TOBACCO_INDICATOR_R_afford_inflation_adjusted_price_lcu,,,,,,,2.4,2.4,,,,2025-08-18T14:33:28Z,2024,2024-01-01,2024-12-31
6813346,TOBACCO_MPOWER_R_INFLATIONADJUSTEDPRICES,COUNTRY,SSD,AFR,Africa,YEAR,2016,TOBACCO_INDICATOR,TOBACCO_INDICATOR_R_afford_inflation_adjusted_price_lcu,,,,,,,6408.28,6408.28,,,,2025-08-18T14:33:28Z,2016,2016-01-01,2016-12-31
6816311,TOBACCO_MPOWER_R_INFLATIONADJUSTEDPRICES,COUNTRY,COM,AFR,Africa,YEAR,2024,TOBACCO_INDICATOR,TOBACCO_INDICATOR_R_afford_inflation_adjusted_price_ppp,,,,,,,2.62,2.62,,,,2025-08-18T14:33:28Z,2024,2024-01-01,2024-12-31
6819728,TOBACCO_MPOWER_R_INFLATIONADJUSTEDPRICES,COUNTRY,PAK,EMR,Eastern Mediterranean,YEAR,2014,TOBACCO_INDICATOR,TOBACCO_INDICATOR_R_afford_inflation_adjusted_price_lcu,,,,,,,127.66,127.66,,,,2025-08-18T14:33:28Z,2014,2014-01-01,2014-12-31
6821940,TOBACCO_MPOWER_R_INFLATIONADJUSTEDPRICES,COUNTRY,ZWE,AFR,Africa,YEAR,2012,TOBACCO_INDICATOR,TOBACCO_INDICATOR_R_afford_inflation_adjusted_price_lcu,,,,,,,. . .,,,,,2025-08-18T14:33:28Z,2012,2012-01-01,2012-12-31
6827257,TOBACCO_MPOWER_R_INFLATIONADJUSTEDPRICES,COUNTRY,NIC,AMR,Americas,YEAR,2008,TOBACCO_INDICATOR,TOBACCO_INDICATOR_R_afford_inflation_adjusted_price_lcu,,,,,,,. . .,,,,,2025-08-18T14:33:28Z,2008,2008-01-01,2008-12-31
6832075,TOBACCO_MPOWER_R_INFLATIONADJUSTEDPRICES,COUNTRY,DMA,AMR,Americas,YEAR,2014,TOBACCO_INDICATOR,TOBACCO_INDICATOR_R_afford_inflation_adjusted_price_ppp,,,,,,,3.33,3.33,,,,2025-08-18T14:33:28Z,2014,2014-01-01,2014-12-31
6836124,TOBACCO_MPOWER_R_INFLATIONADJUSTEDPRICES,COUNTRY,MYS,WPR,Western Pacific,YEAR,2014,TOBACCO_INDICATOR,TOBACCO_INDICATOR_R_afford_inflation_adjusted_price_lcu,,,,,,,14.42,14.42,,,,2025-08-18T14:33:28Z,2014,2014-01-01,2014-12-31
6838616,TOBACCO_MPOWER_R_INFLATIONADJUSTEDPRICES,COUNTRY,AUS,WPR,Western Pacific,YEAR,2014,TOBACCO_INDICATOR,TOBACCO_INDICATOR_R_afford_inflation_adjusted_price_ppp,,,,,,,15.3,15.3,,,,2025-08-18T14:33:28Z,2014,2014-01-01,2014-12-31
6844109,TOBACCO_MPOWER_R_INFLATIONADJUSTEDPRICES,COUNTRY,LSO,AFR,Africa,YEAR,2024,TOBACCO_INDICATOR,TOBACCO_INDICATOR_R_afford_inflation_adjusted_price_ppp,,,,,,,9.92,9.92,,,,2025-08-18T14:33:28Z,2024,2024-01-01,2024-12-31
6850443,TOBACCO_MPOWER_R_INFLATIONADJUSTEDPRICES,COUNTRY,LUX,EUR,Europe,YEAR,2008,TOBACCO_INDICATOR,TOBACCO_INDICATOR_R_afford_inflation_adjusted_price_lcu,,,,,,,4.49,4.49,,,,2025-08-18T14:33:28Z,2008,2008-01-01,2008-12-31
6852246,TOBACCO_MPOWER_R_INFLATIONADJUSTEDPRICES,COUNTRY,JPN,WPR,Western Pacific,YEAR,2024,TOBACCO_INDICATOR,TOBACCO_INDICATOR_R_afford_inflation_adjusted_price_lcu,,,,,,,600,600,,,,2025-08-18T14:33:28Z,2024,2024-01-01,2024-12-31
6855813,TOBACCO_MPOWER_R_INFLATIONADJUSTEDPRICES,COUNTRY,CHE,EUR,Europe,YEAR,2024,TOBACCO_INDICATOR,TOBACCO_INDICATOR_R_afford_inflation_adjusted_price_lcu,,,,,,,9.2,9.2,,,,2025-08-18T14:33:28Z,2024,2024-01-01,2024-12-31
6857454,TOBACCO_MPOWER_R_INFLATIONADJUSTEDPRICES,COUNTRY,CHL,AMR,Americas,YEAR,2010,TOBACCO_INDICATOR,TOBACCO_INDICATOR_R_afford_inflation_adjusted_price_lcu,,,,,,,2098.34,2098.34,,,,2025-08-18T14:33:28Z,2010,2010-01-01,2010-12-31
6864611,TOBACCO_MPOWER_R_INFLATIONADJUSTEDPRICES,COUNTRY,KNA,AMR,Americas,YEAR,2020,TOBACCO_INDICATOR,TOBACCO_INDICATOR_R_afford_inflation_adjusted_price_ppp,,,,,,,. . .,,,,,2025-08-18T14:33:28Z,2020,2020-01-01,2020-12-31
6867556,TOBACCO_MPOWER_R_INFLATIONADJUSTEDPRICES,COUNTRY,TLS,SEAR,South-East Asia,YEAR,2012,TOBACCO_INDICATOR,TOBACCO_INDICATOR_R_afford_inflation_adjusted_price_lcu,,,,,,,1.75,1.75,,,,2025-08-18T14:33:28Z,2012,2012-01-01,2012-12-31
6871840,TOBACCO_MPOWER_R_INFLATIONADJUSTEDPRICES,COUNTRY,SMR,EUR,Europe,YEAR,2012,TOBACCO_INDICATOR,TOBACCO_INDICATOR_R_afford_inflation_adjusted_price_lcu,,,,,,,5.36,5.36,,,,2025-08-18T14:33:28Z,2012,2012-01-01,2012-12-31
6877669,TOBACCO_MPOWER_R_INFLATIONADJUSTEDPRICES,COUNTRY,EST,EUR,Europe,YEAR,2008,TOBACCO_INDICATOR,TOBACCO_INDICATOR_R_afford_inflation_adjusted_price_lcu,,,,,,,3.73,3.73,,,,2025-08-18T14:33:28Z,2008,2008-01-01,2008-12-31
6877980,TOBACCO_MPOWER_R_INFLATIONADJUSTEDPRICES,COUNTRY,SWE,EUR,Europe,YEAR,2024,TOBACCO_INDICATOR,TOBACCO_INDICATOR_R_afford_inflation_adjusted_price_ppp,,,,,,,9.25,9.25,,,,2025-08-18T14:33:28Z,2024,2024-01-01,2024-12-31
6879931,TOBACCO_MPOWER_R_INFLATIONADJUSTEDPRICES,COUNTRY,SMR,EUR,Europe,YEAR,2016,TOBACCO_INDICATOR,TOBACCO_INDICATOR_R_afford_inflation_adjusted_price_ppp,,,,,,,8.05,8.05,,,,2025-08-18T14:33:28Z,2016,2016-01-01,2016-12-31
6880232,TOBACCO_MPOWER_R_INFLATIONADJUSTEDPRICES,COUNTRY,TTO,AMR,Americas,YEAR,2014,TOBACCO_INDICATOR,TOBACCO_INDICATOR_R_afford_inflation_adjusted_price_lcu,,,,,,,29.46,29.46,,,,2025-08-18T14:33:28Z,2014,2014-01-01,2014-12-31
6880370,TOBACCO_MPOWER_R_INFLATIONADJUSTEDPRICES,COUNTRY,COG,AFR,Africa,YEAR,2016,TOBACCO_INDICATOR,TOBACCO_INDICATOR_R_afford_inflation_adjusted_price_ppp,,,,,,,3.25,3.25,,,,2025-08-18T14:33:28Z,2016,2016-01-01,2016-12-31
6886389,TOBACCO_MPOWER_R_INFLATIONADJUSTEDPRICES,COUNTRY,SLE,AFR,Africa,YEAR,2022,TOBACCO_INDICATOR,TOBACCO_INDICATOR_R_afford_inflation_adjusted_price_lcu,,,,,,,. . .,,,,,2025-08-18T14:33:28Z,2022,2022-01-01,2022-12-31
6900034,TOBACCO_MPOWER_R_INFLATIONADJUSTEDPRICES,COUNTRY,KEN,AFR,Africa,YEAR,2022,TOBACCO_INDICATOR,TOBACCO_INDICATOR_R_afford_inflation_adjusted_price_ppp,,,,,,,10.15,10.15,,,,2025-08-18T14:33:28Z,2022,2022-01-01,2022-12-31
6901619,TOBACCO_MPOWER_R_INFLATIONADJUSTEDPRICES,COUNTRY,BRB,AMR,Americas,YEAR,2012,TOBACCO_INDICATOR,TOBACCO_INDICATOR_R_afford_inflation_adjusted_price_ppp,,,,,,,6.88,6.88,,,,2025-08-18T14:33:28Z,2012,2012-01-01,2012-12-31
6902261,TOBACCO_MPOWER_R_INFLATIONADJUSTEDPRICES,COUNTRY,KWT,EMR,Eastern Mediterranean,YEAR,2018,TOBACCO_INDICATOR,TOBACCO_INDICATOR_R_afford_inflation_adjusted_price_ppp,,,,,,,5.65,5.65,,,,2025-08-18T14:33:28Z,2018,2018-01-01,2018-12-31
6905009,TOBACCO_MPOWER_R_INFLATIONADJUSTEDPRICES,COUNTRY,NIU,WPR,Western Pacific,YEAR,2012,TOBACCO_INDICATOR,TOBACCO_INDICATOR_R_afford_inflation_adjusted_price_lcu,,,,,,,. . .,,,,,2025-08-18T14:33:28Z,2012,2012-01-01,2012-12-31
6907324,TOBACCO_MPOWER_R_INFLATIONADJUSTEDPRICES,COUNTRY,AGO,AFR,Africa,YEAR,2024,TOBACCO_INDICATOR,TOBACCO_INDICATOR_R_afford_inflation_adjusted_price_lcu,,,,,,,1500,1500,,,,2025-08-18T14:33:28Z,2024,2024-01-01,2024-12-31
6909033,TOBACCO_MPOWER_R_INFLATIONADJUSTEDPRICES,COUNTRY,DEU,EUR,Europe,YEAR,2022,TOBACCO_INDICATOR,TOBACCO_INDICATOR_R_afford_inflation_adjusted_price_ppp,,,,,,,11.72,11.72,,,,2025-08-18T14:33:28Z,2022,2022-01-01,2022-12-31
6923426,TOBACCO_MPOWER_R_INFLATIONADJUSTEDPRICES,COUNTRY,FRA,EUR,Europe,YEAR,2024,TOBACCO_INDICATOR,TOBACCO_INDICATOR_R_afford_inflation_adjusted_price_ppp,,,,,,,18.66,18.66,,,,2025-08-18T14:33:28Z,2024,2024-01-01,2024-12-31
6924391,TOBACCO_MPOWER_R_INFLATIONADJUSTEDPRICES,COUNTRY,CAF,AFR,Africa,YEAR,2022,TOBACCO_INDICATOR,TOBACCO_INDICATOR_R_afford_inflation_adjusted_price_lcu,,,,,,,532.54,532.54,,,,2025-08-18T14:33:28Z,2022,2022-01-01,2022-12-31
6925551,TOBACCO_MPOWER_R_INFLATIONADJUSTEDPRICES,COUNTRY,NAM,AFR,Africa,YEAR,2014,TOBACCO_INDICATOR,TOBACCO_INDICATOR_R_afford_inflation_adjusted_price_ppp,,,,,,,9.1,9.1,,,,2025-08-18T14:33:28Z,2014,2014-01-01,2014-12-31
6928003,TOBACCO_MPOWER_R_INFLATIONADJUSTEDPRICES,COUNTRY,TUR,EUR,Europe,YEAR,2008,TOBACCO_INDICATOR,TOBACCO_INDICATOR_R_afford_inflation_adjusted_price_lcu,,,,,,,45.78,45.78,,,,2025-08-18T14:33:28Z,2008,2008-01-01,2008-12-31
6930937,TOBACCO_MPOWER_R_INFLATIONADJUSTEDPRICES,COUNTRY,NIU,WPR,Western Pacific,YEAR,2020,TOBACCO_INDICATOR,TOBACCO_INDICATOR_R_afford_inflation_adjusted_price_lcu,,,,,,,. . .,,,,,2025-08-18T14:33:28Z,2020,2020-01-01,2020-12-31
6934630,TOBACCO_MPOWER_R_INFLATIONADJUSTEDPRICES,COUNTRY,CAN,AMR,Americas,YEAR,2014,TOBACCO_INDICATOR,TOBACCO_INDICATOR_R_afford_inflation_adjusted_price_lcu,,,,,,,11.88,11.88,,,,2025-08-18T14:33:28Z,2014,2014-01-01,2014-12-31
6940403,TOBACCO_MPOWER_R_INFLATIONADJUSTEDPRICES,COUNTRY,LVA,EUR,Europe,YEAR,2016,TOBACCO_INDICATOR,TOBACCO_INDICATOR_R_afford_inflation_adjusted_price_ppp,,,,,,,8.17,8.17,,,,2025-08-18T14:33:28Z,2016,2016-01-01,2016-12-31
6944926,TOBACCO_MPOWER_R_INFLATIONADJUSTEDPRICES,COUNTRY,GMB,AFR,Africa,YEAR,2016,TOBACCO_INDICATOR,TOBACCO_INDICATOR_R_afford_inflation_adjusted_price_ppp,,,,,,,3.63,3.63,,,,2025-08-18T14:33:28Z,2016,2016-01-01,2016-12-31
6947844,TOBACCO_MPOWER_R_INFLATIONADJUSTEDPRICES,COUNTRY,BLR,EUR,Europe,YEAR,2012,TOBACCO_INDICATOR,TOBACCO_INDICATOR_R_afford_inflation_adjusted_price_lcu,,,,,,,0.94,0.94,,,,2025-08-18T14:33:28Z,2012,2012-01-01,2012-12-31
6951697,TOBACCO_MPOWER_R_INFLATIONADJUSTEDPRICES,COUNTRY,POL,EUR,Europe,YEAR,2018,TOBACCO_INDICATOR,TOBACCO_INDICATOR_R_afford_inflation_adjusted_price_ppp,,,,,,,11.08,11.08,,,,2025-08-18T14:33:28Z,2018,2018-01-01,2018-12-31
6959395,TOBACCO_MPOWER_R_INFLATIONADJUSTEDPRICES,COUNTRY,GUY,AMR,Americas,YEAR,2020,TOBACCO_INDICATOR,TOBACCO_INDICATOR_R_afford_inflation_adjusted_price_ppp,,,,,,,5.48,5.48,,,,2025-08-18T14:33:28Z,2020,2020-01-01,2020-12-31
6960762,TOBACCO_MPOWER_R_INFLATIONADJUSTEDPRICES,COUNTRY,LSO,AFR,Africa,YEAR,2012,TOBACCO_INDICATOR,TOBACCO_INDICATOR_R_afford_inflation_adjusted_price_lcu,,,,,,,60.89,60.89,,,,2025-08-18T14:33:28Z,2012,2012-01-01,2012-12-31
6962335,TOBACCO_MPOWER_R_INFLATIONADJUSTEDPRICES,COUNTRY,ZAF,AFR,Africa,YEAR,2020,TOBACCO_INDICATOR,TOBACCO_INDICATOR_R_afford_inflation_adjusted_price_lcu,,,,,,,54.17,54.17,,,,2025-08-18T14:33:28Z,2020,2020-01-01,2020-12-31
6962534,TOBACCO_MPOWER_R_INFLATIONADJUSTEDPRICES,COUNTRY,GNB,AFR,Africa,YEAR,2010,TOBACCO_INDICATOR,TOBACCO_INDICATOR_R_afford_inflation_adjusted_price_lcu,,,,,,,422.24,422.24,,,,2025-08-18T14:33:28Z,2010,2010-01-01,2010-12-31
6968355,TOBACCO_MPOWER_R_INFLATIONADJUSTEDPRICES,COUNTRY,SYR,EMR,Eastern Mediterranean,YEAR,2012,TOBACCO_INDICATOR,TOBACCO_INDICATOR_R_afford_inflation_adjusted_price_ppp,,,,,,,. . .,,,,,2025-08-18T14:33:28Z,2012,2012-01-01,2012-12-31
6972380,TOBACCO_MPOWER_R_INFLATIONADJUSTEDPRICES,COUNTRY,SEN,AFR,Africa,YEAR,2014,TOBACCO_INDICATOR,TOBACCO_INDICATOR_R_afford_inflation_adjusted_price_lcu,,,,,,,642.8,642.8,,,,2025-08-18T14:33:28Z,2014,2014-01-01,2014-12-31
6972449,TOBACCO_MPOWER_R_INFLATIONADJUSTEDPRICES,COUNTRY,TKM,EUR,Europe,YEAR,2014,TOBACCO_INDICATOR,TOBACCO_INDICATOR_R_afford_inflation_adjusted_price_lcu,,,,,,,24.25,24.25,,,,2025-08-18T14:33:28Z,2014,2014-01-01,2014-12-31
6973764,TOBACCO_MPOWER_R_INFLATIONADJUSTEDPRICES,COUNTRY,TJK,EUR,Europe,YEAR,2022,TOBACCO_INDICATOR,TOBACCO_INDICATOR_R_afford_inflation_adjusted_price_ppp,,,,,,,4.47,4.47,,,,2025-08-18T14:33:28Z,2022,2022-01-01,2022-12-31
6976910,TOBACCO_MPOWER_R_INFLATIONADJUSTEDPRICES,COUNTRY,NOR,EUR,Europe,YEAR,2016,TOBACCO_INDICATOR,TOBACCO_INDICATOR_R_afford_inflation_adjusted_price_lcu,,,,,,,140.15,140.15,,,,2025-08-18T14:33:28Z,2016,2016-01-01,2016-12-31
6977636,TOBACCO_MPOWER_R_INFLATIONADJUSTEDPRICES,COUNTRY,DOM,AMR,Americas,YEAR,2008,TOBACCO_INDICATOR,TOBACCO_INDICATOR_R_afford_inflation_adjusted_price_lcu,,,,,,,193.38,193.38,,,,2025-08-18T14:33:28Z,2008,2008-01-01,2008-12-31
6979872,TOBACCO_MPOWER_R_INFLATIONADJUSTEDPRICES,COUNTRY,TUR,EUR,Europe,YEAR,2010,TOBACCO_INDICATOR,TOBACCO_INDICATOR_R_afford_inflation_adjusted_price_lcu,,,,,,,59.53,59.53,,,,2025-08-18T14:33:28Z,2010,2010-01-01,2010-12-31
6981619,TOBACCO_MPOWER_R_INFLATIONADJUSTEDPRICES,COUNTRY,GIN,AFR,Africa,YEAR,2008,TOBACCO_INDICATOR,TOBACCO_INDICATOR_R_afford_inflation_adjusted_price_lcu,,,,,,,10 198,10197.52,,,,2025-08-18T14:33:28Z,2008,2008-01-01,2008-12-31
6987445,TOBACCO_MPOWER_R_INFLATIONADJUSTEDPRICES,COUNTRY,WSM,WPR,Western Pacific,YEAR,2018,TOBACCO_INDICATOR,TOBACCO_INDICATOR_R_afford_inflation_adjusted_price_ppp,,,,,,,8.51,8.51,,,,2025-08-18T14:33:28Z,2018,2018-01-01,2018-12-31
6990453,TOBACCO_MPOWER_R_INFLATIONADJUSTEDPRICES,COUNTRY,SAU,EMR,Eastern Mediterranean,YEAR,2018,TOBACCO_INDICATOR,TOBACCO_INDICATOR_R_afford_inflation_adjusted_price_lcu,,,,,,,30.61,30.61,,,,2025-08-18T14:33:28Z,2018,2018-01-01,2018-12-31
7004422,TOBACCO_MPOWER_R_INFLATIONADJUSTEDPRICES,COUNTRY,SGP,WPR,Western Pacific,YEAR,2020,TOBACCO_INDICATOR,TOBACCO_INDICATOR_R_afford_inflation_adjusted_price_ppp,,,,,,,20.46,20.46,,,,2025-08-18T14:33:28Z,2020,2020-01-01,2020-12-31
7004999,TOBACCO_MPOWER_R_INFLATIONADJUSTEDPRICES,COUNTRY,LUX,EUR,Europe,YEAR,2024,TOBACCO_INDICATOR,TOBACCO_INDICATOR_R_afford_inflation_adjusted_price_lcu,,,,,,,6.5,6.5,,,,2025-08-18T14:33:28Z,2024,2024-01-01,2024-12-31
7006864,TOBACCO_MPOWER_R_INFLATIONADJUSTEDPRICES,COUNTRY,CHL,AMR,Americas,YEAR,2012,TOBACCO_INDICATOR,TOBACCO_INDICATOR_R_afford_inflation_adjusted_price_ppp,,,,,,,6.52,6.52,,,,2025-08-18T14:33:28Z,2012,2012-01-01,2012-12-31
7007936,TOBACCO_MPOWER_R_INFLATIONADJUSTEDPRICES,COUNTRY,AZE,EUR,Europe,YEAR,2012,TOBACCO_INDICATOR,TOBACCO_INDICATOR_R_afford_inflation_adjusted_price_lcu,,,,,,,2.2,2.2,,,,2025-08-18T14:33:28Z,2012,2012-01-01,2012-12-31
7012318,TOBACCO_MPOWER_R_INFLATIONADJUSTEDPRICES,COUNTRY,SLV,AMR,Americas,YEAR,2016,TOBACCO_INDICATOR,TOBACCO_INDICATOR_R_afford_inflation_adjusted_price_lcu,,,,,,,2.37,2.37,,,,2025-08-18T14:33:28Z,2016,2016-01-01,2016-12-31
7018783,TOBACCO_MPOWER_R_INFLATIONADJUSTEDPRICES,COUNTRY,ARE,EMR,Eastern Mediterranean,YEAR,2010,TOBACCO_INDICATOR,TOBACCO_INDICATOR_R_afford_inflation_adjusted_price_ppp,,,,,,,3.82,3.82,,,,2025-08-18T14:33:28Z,2010,2010-01-01,2010-12-31
7020533,TOBACCO_MPOWER_R_INFLATIONADJUSTEDPRICES,COUNTRY,LBY,EMR,Eastern Mediterranean,YEAR,2020,TOBACCO_INDICATOR,TOBACCO_INDICATOR_R_afford_inflation_adjusted_price_ppp,,,,,,,5.03,5.03,,,,2025-08-18T14:33:28Z,2020,2020-01-01,2020-12-31
7025767,TOBACCO_MPOWER_R_INFLATIONADJUSTEDPRICES,COUNTRY,GRD,AMR,Americas,YEAR,2024,TOBACCO_INDICATOR,TOBACCO_INDICATOR_R_afford_inflation_adjusted_price_lcu,,,,,,,11.9,11.9,,,,2025-08-18T14:33:28Z,2024,2024-01-01,2024-12-31
7030311,TOBACCO_MPOWER_R_INFLATIONADJUSTEDPRICES,COUNTRY,IRN,EMR,Eastern Mediterranean,YEAR,2012,TOBACCO_INDICATOR,TOBACCO_INDICATOR_R_afford_inflation_adjusted_price_lcu,,,,,,,208 824,208823.66,,,,2025-08-18T14:33:28Z,2012,2012-01-01,2012-12-31
7031735,TOBACCO_MPOWER_R_INFLATIONADJUSTEDPRICES,COUNTRY,ATG,AMR,Americas,YEAR,2024,TOBACCO_INDICATOR,TOBACCO_INDICATOR_R_afford_inflation_adjusted_price_lcu,,,,,,,11.14,11.14,,,,2025-08-18T14:33:28Z,2024,2024-01-01,2024-12-31
7031967,TOBACCO_MPOWER_R_INFLATIONADJUSTEDPRICES,COUNTRY,CRI,AMR,Americas,YEAR,2010,TOBACCO_INDICATOR,TOBACCO_INDICATOR_R_afford_inflation_adjusted_price_lcu,,,,,,,1144.84,1144.84,,,,2025-08-18T14:33:28Z,2010,2010-01-01,2010-12-31
7039052,TOBACCO_MPOWER_R_INFLATIONADJUSTEDPRICES,COUNTRY,GRD,AMR,Americas,YEAR,2018,TOBACCO_INDICATOR,TOBACCO_INDICATOR_R_afford_inflation_adjusted_price_ppp,,,,,,,6.53,6.53,,,,2025-08-18T14:33:28Z,2018,2018-01-01,2018-12-31
7039527,TOBACCO_MPOWER_R_INFLATIONADJUSTEDPRICES,COUNTRY,TKM,EUR,Europe,YEAR,2012,TOBACCO_INDICATOR,TOBACCO_INDICATOR_R_afford_inflation_adjusted_price_ppp,,,,,,,7.91,7.91,,,,2025-08-18T14:33:28Z,2012,2012-01-01,2012-12-31
7040514,TOBACCO_MPOWER_R_INFLATIONADJUSTEDPRICES,COUNTRY,KGZ,EUR,Europe,YEAR,2012,TOBACCO_INDICATOR,TOBACCO_INDICATOR_R_afford_inflation_adjusted_price_ppp,,,,,,,2.35,2.35,,,,2025-08-18T14:33:28Z,2012,2012-01-01,2012-12-31
7041780,TOBACCO_MPOWER_R_INFLATIONADJUSTEDPRICES,COUNTRY,KOR,WPR,Western Pacific,YEAR,2018,TOBACCO_INDICATOR,TOBACCO_INDICATOR_R_afford_inflation_adjusted_price_lcu,,,,,,,5185.51,5185.51,,,,2025-08-18T14:33:28Z,2018,2018-01-01,2018-12-31
7045861,TOBACCO_MPOWER_R_INFLATIONADJUSTEDPRICES,COUNTRY,CPV,AFR,Africa,YEAR,2012,TOBACCO_INDICATOR,TOBACCO_INDICATOR_R_afford_inflation_adjusted_price_lcu,,,,,,,215.12,215.12,,,,2025-08-18T14:33:28Z,2012,2012-01-01,2012-12-31
7048876,TOBACCO_MPOWER_R_INFLATIONADJUSTEDPRICES,COUNTRY,THA,SEAR,South-East Asia,YEAR,2018,TOBACCO_INDICATOR,TOBACCO_INDICATOR_R_afford_inflation_adjusted_price_lcu,,,,,,,65.38,65.38,,,,2025-08-18T14:33:28Z,2018,2018-01-01,2018-12-31
7049351,TOBACCO_MPOWER_R_INFLATIONADJUSTEDPRICES,COUNTRY,IRN,EMR,Eastern Mediterranean,YEAR,2010,TOBACCO_INDICATOR,TOBACCO_INDICATOR_R_afford_inflation_adjusted_price_ppp,,,,,,,1.3,1.3,,,,2025-08-18T14:33:28Z,2010,2010-01-01,2010-12-31
7049641,TOBACCO_MPOWER_R_INFLATIONADJUSTEDPRICES,COUNTRY,HND,AMR,Americas,YEAR,2008,TOBACCO_INDICATOR,TOBACCO_INDICATOR_R_afford_inflation_adjusted_price_lcu,,,,,,,39.33,39.33,,,,2025-08-18T14:33:28Z,2008,2008-01-01,2008-12-31
7051192,TOBACCO_MPOWER_R_INFLATIONADJUSTEDPRICES,COUNTRY,BGR,EUR,Europe,YEAR,2008,TOBACCO_INDICATOR,TOBACCO_INDICATOR_R_afford_inflation_adjusted_price_ppp,,,,,,,6.99,6.99,,,,2025-08-18T14:33:28Z,2008,2008-01-01,2008-12-31
7061770,TOBACCO_MPOWER_R_INFLATIONADJUSTEDPRICES,COUNTRY,EST,EUR,Europe,YEAR,2008,TOBACCO_INDICATOR,TOBACCO_INDICATOR_R_afford_inflation_adjusted_price_ppp,,,,,,,5.08,5.08,,,,2025-08-18T14:33:28Z,2008,2008-01-01,2008-12-31
7064055,TOBACCO_MPOWER_R_INFLATIONADJUSTEDPRICES,COUNTRY,DMA,AMR,Americas,YEAR,2020,TOBACCO_INDICATOR,TOBACCO_INDICATOR_R_afford_inflation_adjusted_price_ppp,,,,,,,4.08,4.08,,,,2025-08-18T14:33:28Z,2020,2020-01-01,2020-12-31
7065540,TOBACCO_MPOWER_R_INFLATIONADJUSTEDPRICES,COUNTRY,PRK,SEAR,South-East Asia,YEAR,2008,TOBACCO_INDICATOR,TOBACCO_INDICATOR_R_afford_inflation_adjusted_price_ppp,,,,,,,. . .,,,,,2025-08-18T14:33:28Z,2008,2008-01-01,2008-12-31
7069023,TOBACCO_MPOWER_R_INFLATIONADJUSTEDPRICES,COUNTRY,BWA,AFR,Africa,YEAR,2022,TOBACCO_INDICATOR,TOBACCO_INDICATOR_R_afford_inflation_adjusted_price_lcu,,,,,,,51.9,51.9,,,,2025-08-18T14:33:28Z,2022,2022-01-01,2022-12-31
7073651,TOBACCO_MPOWER_R_INFLATIONADJUSTEDPRICES,COUNTRY,CMR,AFR,Africa,YEAR,2020,TOBACCO_INDICATOR,TOBACCO_INDICATOR_R_afford_inflation_adjusted_price_lcu,,,,,,,853.58,853.58,,,,2025-08-18T14:33:28Z,2020,2020-01-01,2020-12-31
7077832,TOBACCO_MPOWER_R_INFLATIONADJUSTEDPRICES,COUNTRY,TTO,AMR,Americas,YEAR,2018,TOBACCO_INDICATOR,TOBACCO_INDICATOR_R_afford_inflation_adjusted_price_ppp,,,,,,,9.03,9.03,,,,2025-08-18T14:33:28Z,2018,2018-01-01,2018-12-31
7080377,TOBACCO_MPOWER_R_INFLATIONADJUSTEDPRICES,COUNTRY,MYS,WPR,Western Pacific,YEAR,2020,TOBACCO_INDICATOR,TOBACCO_INDICATOR_R_afford_inflation_adjusted_price_ppp,,,,,,,13.85,13.85,,,,2025-08-18T14:33:28Z,2020,2020-01-01,2020-12-31
7094099,TOBACCO_MPOWER_R_INFLATIONADJUSTEDPRICES,COUNTRY,VEN,AMR,Americas,YEAR,2008,TOBACCO_INDICATOR,TOBACCO_INDICATOR_R_afford_inflation_adjusted_price_lcu,,,,,,,. . .,,,,Data not validated by the national authorities.,2025-08-18T14:33:28Z,2008,2008-01-01,2008-12-31
7097121,TOBACCO_MPOWER_R_INFLATIONADJUSTEDPRICES,COUNTRY,CAF,AFR,Africa,YEAR,2014,TOBACCO_INDICATOR,TOBACCO_INDICATOR_R_afford_inflation_adjusted_price_lcu,,,,,,,684.52,684.52,,,,2025-08-18T14:33:28Z,2014,2014-01-01,2014-12-31
7098135,TOBACCO_MPOWER_R_INFLATIONADJUSTEDPRICES,COUNTRY,ISL,EUR,Europe,YEAR,2018,TOBACCO_INDICATOR,TOBACCO_INDICATOR_R_afford_inflation_adjusted_price_ppp,,,,,,,12.04,12.04,,,,2025-08-18T14:33:28Z,2018,2018-01-01,2018-12-31
7099562,TOBACCO_MPOWER_R_INFLATIONADJUSTEDPRICES,COUNTRY,FSM,WPR,Western Pacific,YEAR,2024,TOBACCO_INDICATOR,TOBACCO_INDICATOR_R_afford_inflation_adjusted_price_lcu,,,,,,,. . .,,,,,2025-08-18T14:33:28Z,2024,2024-01-01,2024-12-31
7101872,TOBACCO_MPOWER_R_INFLATIONADJUSTEDPRICES,COUNTRY,BRB,AMR,Americas,YEAR,2022,TOBACCO_INDICATOR,TOBACCO_INDICATOR_R_afford_inflation_adjusted_price_lcu,,,,,,,17.58,17.58,,,,2025-08-18T14:33:28Z,2022,2022-01-01,2022-12-31
7109054,TOBACCO_MPOWER_R_INFLATIONADJUSTEDPRICES,COUNTRY,GRC,EUR,Europe,YEAR,2008,TOBACCO_INDICATOR,TOBACCO_INDICATOR_R_afford_inflation_adjusted_price_ppp,,,,,,,6.67,6.67,,,,2025-08-18T14:33:28Z,2008,2008-01-01,2008-12-31
7114457,TOBACCO_MPOWER_R_INFLATIONADJUSTEDPRICES,COUNTRY,MLT,EUR,Europe,YEAR,2012,TOBACCO_INDICATOR,TOBACCO_INDICATOR_R_afford_inflation_adjusted_price_lcu,,,,,,,5.32,5.32,,,,2025-08-18T14:33:28Z,2012,2012-01-01,2012-12-31
7117519,TOBACCO_MPOWER_R_INFLATIONADJUSTEDPRICES,COUNTRY,SWE,EUR,Europe,YEAR,2010,TOBACCO_INDICATOR,TOBACCO_INDICATOR_R_afford_inflation_adjusted_price_lcu,,,,,,,66.88,66.88,,,,2025-08-18T14:33:28Z,2010,2010-01-01,2010-12-31
7128700,TOBACCO_MPOWER_R_INFLATIONADJUSTEDPRICES,COUNTRY,ERI,AFR,Africa,YEAR,2018,TOBACCO_INDICATOR,TOBACCO_INDICATOR_R_afford_inflation_adjusted_price_ppp,,,,,,,25.18,25.18,,,,2025-08-18T14:33:28Z,2018,2018-01-01,2018-12-31
7130232,TOBACCO_MPOWER_R_INFLATIONADJUSTEDPRICES,COUNTRY,COK,WPR,Western Pacific,YEAR,2022,TOBACCO_INDICATOR,TOBACCO_INDICATOR_R_afford_inflation_adjusted_price_lcu,,,,,,,. . .,,,,,2025-08-18T14:33:28Z,2022,2022-01-01,2022-12-31
7130498,TOBACCO_MPOWER_R_INFLATIONADJUSTEDPRICES,COUNTRY,DZA,AFR,Africa,YEAR,2022,TOBACCO_INDICATOR,TOBACCO_INDICATOR_R_afford_inflation_adjusted_price_lcu,,,,,,,398.1,398.1,,,,2025-08-18T14:33:28Z,2022,2022-01-01,2022-12-31
7130733,TOBACCO_MPOWER_R_INFLATIONADJUSTEDPRICES,COUNTRY,THA,SEAR,South-East Asia,YEAR,2014,TOBACCO_INDICATOR,TOBACCO_INDICATOR_R_afford_inflation_adjusted_price_lcu,,,,,,,71.55,71.55,,,,2025-08-18T14:33:28Z,2014,2014-01-01,2014-12-31
7134127,TOBACCO_MPOWER_R_INFLATIONADJUSTEDPRICES,COUNTRY,NZL,WPR,Western Pacific,YEAR,2010,TOBACCO_INDICATOR,TOBACCO_INDICATOR_R_afford_inflation_adjusted_price_lcu,,,,,,,14.09,14.09,,,,2025-08-18T14:33:28Z,2010,2010-01-01,2010-12-31
7135574,TOBACCO_MPOWER_R_INFLATIONADJUSTEDPRICES,COUNTRY,NLD,EUR,Europe,YEAR,2008,TOBACCO_INDICATOR,TOBACCO_INDICATOR_R_afford_inflation_adjusted_price_ppp,,,,,,,8.34,8.34,,,,2025-08-18T14:33:28Z,2008,2008-01-01,2008-12-31
7142233,TOBACCO_MPOWER_R_INFLATIONADJUSTEDPRICES,COUNTRY,BRA,AMR,Americas,YEAR,2024,TOBACCO_INDICATOR,TOBACCO_INDICATOR_R_afford_inflation_adjusted_price_ppp,,,,,,,3.43,3.43,,,,2025-08-18T14:33:28Z,2024,2024-01-01,2024-12-31
7145787,TOBACCO_MPOWER_R_INFLATIONADJUSTEDPRICES,COUNTRY,CHE,EUR,Europe,YEAR,2018,TOBACCO_INDICATOR,TOBACCO_INDICATOR_R_afford_inflation_adjusted_price_lcu,,,,,,,9.15,9.15,,,,2025-08-18T14:33:28Z,2018,2018-01-01,2018-12-31
7146678,TOBACCO_MPOWER_R_INFLATIONADJUSTEDPRICES,COUNTRY,URY,AMR,Americas,YEAR,2008,TOBACCO_INDICATOR,TOBACCO_INDICATOR_R_afford_inflation_adjusted_price_lcu,,,,,,,149.4,149.4,,,,2025-08-18T14:33:28Z,2008,2008-01-01,2008-12-31
7147945,TOBACCO_MPOWER_R_INFLATIONADJUSTEDPRICES,COUNTRY,TZA,AFR,Africa,YEAR,2020,TOBACCO_INDICATOR,TOBACCO_INDICATOR_R_afford_inflation_adjusted_price_ppp,,,,,,,6.22,6.22,,,,2025-08-18T14:33:28Z,2020,2020-01-01,2020-12-31
7149560,TOBACCO_MPOWER_R_INFLATIONADJUSTEDPRICES,COUNTRY,MCO,EUR,Europe,YEAR,2024,TOBACCO_INDICATOR,TOBACCO_INDICATOR_R_afford_inflation_adjusted_price_lcu,,,,,,,. . .,,,,,2025-08-18T14:33:28Z,2024,2024-01-01,2024-12-31
7150130,TOBACCO_MPOWER_R_INFLATIONADJUSTEDPRICES,COUNTRY,ATG,AMR,Americas,YEAR,2016,TOBACCO_INDICATOR,TOBACCO_INDICATOR_R_afford_inflation_adjusted_price_lcu,,,,,,,10.38,10.38,,,,2025-08-18T14:33:28Z,2016,2016-01-01,2016-12-31
7152249,TOBACCO_MPOWER_R_INFLATIONADJUSTEDPRICES,COUNTRY,TJK,EUR,Europe,YEAR,2014,TOBACCO_INDICATOR,TOBACCO_INDICATOR_R_afford_inflation_adjusted_price_ppp,,,,,,,3.16,3.16,,,,2025-08-18T14:33:28Z,2014,2014-01-01,2014-12-31
7160544,TOBACCO_MPOWER_R_INFLATIONADJUSTEDPRICES,COUNTRY,CYP,EUR,Europe,YEAR,2016,TOBACCO_INDICATOR,TOBACCO_INDICATOR_R_afford_inflation_adjusted_price_lcu,,,,,,,4.98,4.98,,,,2025-08-18T14:33:28Z,2016,2016-01-01,2016-12-31
7164172,TOBACCO_MPOWER_R_INFLATIONADJUSTEDPRICES,COUNTRY,NIC,AMR,Americas,YEAR,2012,TOBACCO_INDICATOR,TOBACCO_INDICATOR_R_afford_inflation_adjusted_price_lcu,,,,,,,. . .,,,,,2025-08-18T14:33:28Z,2012,2012-01-01,2012-12-31
7164208,TOBACCO_MPOWER_R_INFLATIONADJUSTEDPRICES,COUNTRY,RWA,AFR,Africa,YEAR,2012,TOBACCO_INDICATOR,TOBACCO_INDICATOR_R_afford_inflation_adjusted_price_lcu,,,,,,,1109.31,1109.31,,,,2025-08-18T14:33:28Z,2012,2012-01-01,2012-12-31
7168717,TOBACCO_MPOWER_R_INFLATIONADJUSTEDPRICES,COUNTRY,COD,AFR,Africa,YEAR,2018,TOBACCO_INDICATOR,TOBACCO_INDICATOR_R_afford_inflation_adjusted_price_ppp,,,,,,,1.95,1.95,,,,2025-08-18T14:33:28Z,2018,2018-01-01,2018-12-31
7169414,TOBACCO_MPOWER_R_INFLATIONADJUSTEDPRICES,COUNTRY,LBR,AFR,Africa,YEAR,2008,TOBACCO_INDICATOR,TOBACCO_INDICATOR_R_afford_inflation_adjusted_price_ppp,,,,,,,3.28,3.28,,,,2025-08-18T14:33:28Z,2008,2008-01-01,2008-12-31
7171904,TOBACCO_MPOWER_R_INFLATIONADJUSTEDPRICES,COUNTRY,NOR,EUR,Europe,YEAR,2016,TOBACCO_INDICATOR,TOBACCO_INDICATOR_R_afford_inflation_adjusted_price_ppp,,,,,,,14.89,14.89,,,,2025-08-18T14:33:28Z,2016,2016-01-01,2016-12-31
7178540,TOBACCO_MPOWER_R_INFLATIONADJUSTEDPRICES,COUNTRY,IRL,EUR,Europe,YEAR,2018,TOBACCO_INDICATOR,TOBACCO_INDICATOR_R_afford_inflation_adjusted_price_ppp,,,,,,,19.24,19.24,,,,2025-08-18T14:33:28Z,2018,2018-01-01,2018-12-31
7183385,TOBACCO_MPOWER_R_INFLATIONADJUSTEDPRICES,COUNTRY,TGO,AFR,Africa,YEAR,2020,TOBACCO_INDICATOR,TOBACCO_INDICATOR_R_afford_inflation_adjusted_price_ppp,,,,,,,4.07,4.07,,,,2025-08-18T14:33:28Z,2020,2020-01-01,2020-12-31
7184937,TOBACCO_MPOWER_R_INFLATIONADJUSTEDPRICES,COUNTRY,CHN,WPR,Western Pacific,YEAR,2016,TOBACCO_INDICATOR,TOBACCO_INDICATOR_R_afford_inflation_adjusted_price_ppp,,,,,,,4.24,4.24,,,,2025-08-18T14:33:28Z,2016,2016-01-01,2016-12-31
7188042,TOBACCO_MPOWER_R_INFLATIONADJUSTEDPRICES,COUNTRY,IRN,EMR,Eastern Mediterranean,YEAR,2020,TOBACCO_INDICATOR,TOBACCO_INDICATOR_R_afford_inflation_adjusted_price_ppp,,,,,,,6.62,6.62,,,,2025-08-18T14:33:28Z,2020,2020-01-01,2020-12-31
7188194,TOBACCO_MPOWER_R_INFLATIONADJUSTEDPRICES,COUNTRY,BRA,AMR,Americas,YEAR,2012,TOBACCO_INDICATOR,TOBACCO_INDICATOR_R_afford_inflation_adjusted_price_lcu,,,,,,,8.44,8.44,,,,2025-08-18T14:33:28Z,2012,2012-01-01,2012-12-31
7190524,TOBACCO_MPOWER_R_INFLATIONADJUSTEDPRICES,COUNTRY,GRD,AMR,Americas,YEAR,2018,TOBACCO_INDICATOR,TOBACCO_INDICATOR_R_afford_inflation_adjusted_price_lcu,,,,,,,9.61,9.61,,,,2025-08-18T14:33:28Z,2018,2018-01-01,2018-12-31
7192203,TOBACCO_MPOWER_R_INFLATIONADJUSTEDPRICES,COUNTRY,LBY,EMR,Eastern Mediterranean,YEAR,2012,TOBACCO_INDICATOR,TOBACCO_INDICATOR_R_afford_inflation_adjusted_price_ppp,,,,,,,2.43,2.43,,,,2025-08-18T14:33:28Z,2012,2012-01-01,2012-12-31
7201903,TOBACCO_MPOWER_R_INFLATIONADJUSTEDPRICES,COUNTRY,DJI,EMR,Eastern Mediterranean,YEAR,2022,TOBACCO_INDICATOR,TOBACCO_INDICATOR_R_afford_inflation_adjusted_price_ppp,,,,,,,. . .,,,,,2025-08-18T14:33:28Z,2022,2022-01-01,2022-12-31
7205004,TOBACCO_MPOWER_R_INFLATIONADJUSTEDPRICES,COUNTRY,NAM,AFR,Africa,YEAR,2018,TOBACCO_INDICATOR,TOBACCO_INDICATOR_R_afford_inflation_adjusted_price_lcu,,,,,,,64.3,64.3,,,,2025-08-18T14:33:28Z,2018,2018-01-01,2018-12-31
7207785,TOBACCO_MPOWER_R_INFLATIONADJUSTEDPRICES,COUNTRY,ESP,EUR,Europe,YEAR,2016,TOBACCO_INDICATOR,TOBACCO_INDICATOR_R_afford_inflation_adjusted_price_ppp,,,,,,,10,10,,,,2025-08-18T14:33:28Z,2016,2016-01-01,2016-12-31
7209608,TOBACCO_MPOWER_R_INFLATIONADJUSTEDPRICES,COUNTRY,SEN,AFR,Africa,YEAR,2016,TOBACCO_INDICATOR,TOBACCO_INDICATOR_R_afford_inflation_adjusted_price_lcu,,,,,,,629.82,629.82,,,,2025-08-18T14:33:28Z,2016,2016-01-01,2016-12-31
7211860,TOBACCO_MPOWER_R_INFLATIONADJUSTEDPRICES,COUNTRY,GRC,EUR,Europe,YEAR,2012,TOBACCO_INDICATOR,TOBACCO_INDICATOR_R_afford_inflation_adjusted_price_ppp,,,,,,,7.84,7.84,,,,2025-08-18T14:33:28Z,2012,2012-01-01,2012-12-31
7225328,TOBACCO_MPOWER_R_INFLATIONADJUSTEDPRICES,COUNTRY,UZB,EUR,Europe,YEAR,2010,TOBACCO_INDICATOR,TOBACCO_INDICATOR_R_afford_inflation_adjusted_price_lcu,,,,,,,5127.97,5127.97,,,,2025-08-18T14:33:28Z,2010,2010-01-01,2010-12-31
7225446,TOBACCO_MPOWER_R_INFLATIONADJUSTEDPRICES,COUNTRY,ESP,EUR,Europe,YEAR,2024,TOBACCO_INDICATOR,TOBACCO_INDICATOR_R_afford_inflation_adjusted_price_ppp,,,,,,,9.4,9.4,,,,2025-08-18T14:33:28Z,2024,2024-01-01,2024-12-31
7225610,TOBACCO_MPOWER_R_INFLATIONADJUSTEDPRICES,COUNTRY,GUY,AMR,Americas,YEAR,2022,TOBACCO_INDICATOR,TOBACCO_INDICATOR_R_afford_inflation_adjusted_price_lcu,,,,,,,492.59,492.59,,,,2025-08-18T14:33:28Z,2022,2022-01-01,2022-12-31
7225758,TOBACCO_MPOWER_R_INFLATIONADJUSTEDPRICES,COUNTRY,ATG,AMR,Americas,YEAR,2010,TOBACCO_INDICATOR,TOBACCO_INDICATOR_R_afford_inflation_adjusted_price_ppp,,,,,,,4.15,4.15,,,,2025-08-18T14:33:28Z,2010,2010-01-01,2010-12-31
7226150,TOBACCO_MPOWER_R_INFLATIONADJUSTEDPRICES,COUNTRY,TUR,EUR,Europe,YEAR,2020,TOBACCO_INDICATOR,TOBACCO_INDICATOR_R_afford_inflation_adjusted_price_ppp,,,,,,,10.62,10.62,,,,2025-08-18T14:33:28Z,2020,2020-01-01,2020-12-31
7226765,TOBACCO_MPOWER_R_INFLATIONADJUSTEDPRICES,COUNTRY,RWA,AFR,Africa,YEAR,2008,TOBACCO_INDICATOR,TOBACCO_INDICATOR_R_afford_inflation_adjusted_price_lcu,,,,,,,1172.12,1172.12,,,,2025-08-18T14:33:28Z,2008,2008-01-01,2008-12-31
7230452,TOBACCO_MPOWER_R_INFLATIONADJUSTEDPRICES,COUNTRY,QAT,EMR,Eastern Mediterranean,YEAR,2012,TOBACCO_INDICATOR,TOBACCO_INDICATOR_R_afford_inflation_adjusted_price_lcu,,,,,,,10.91,10.91,,,,2025-08-18T14:33:28Z,2012,2012-01-01,2012-12-31
7231694,TOBACCO_MPOWER_R_INFLATIONADJUSTEDPRICES,COUNTRY,PRK,SEAR,South-East Asia,YEAR,2016,TOBACCO_INDICATOR,TOBACCO_INDICATOR_R_afford_inflation_adjusted_price_ppp,,,,,,,. . .,,,,,2025-08-18T14:33:28Z,2016,2016-01-01,2016-12-31
7235541,TOBACCO_MPOWER_R_INFLATIONADJUSTEDPRICES,COUNTRY,USA,AMR,Americas,YEAR,2012,TOBACCO_INDICATOR,TOBACCO_INDICATOR_R_afford_inflation_adjusted_price_ppp,,,,,,,8.29,8.29,,,,2025-08-18T14:33:28Z,2012,2012-01-01,2012-12-31
7238250,TOBACCO_MPOWER_R_INFLATIONADJUSTEDPRICES,COUNTRY,PRK,SEAR,South-East Asia,YEAR,2012,TOBACCO_INDICATOR,TOBACCO_INDICATOR_R_afford_inflation_adjusted_price_lcu,,,,,,,. . .,,,,,2025-08-18T14:33:28Z,2012,2012-01-01,2012-12-31
7239498,TOBACCO_MPOWER_R_INFLATIONADJUSTEDPRICES,COUNTRY,MUS,AFR,Africa,YEAR,2022,TOBACCO_INDICATOR,TOBACCO_INDICATOR_R_afford_inflation_adjusted_price_ppp,,,,,,,11.98,11.98,,,,2025-08-18T14:33:28Z,2022,2022-01-01,2022-12-31
7240746,TOBACCO_MPOWER_R_INFLATIONADJUSTEDPRICES,COUNTRY,VUT,WPR,Western Pacific,YEAR,2020,TOBACCO_INDICATOR,TOBACCO_INDICATOR_R_afford_inflation_adjusted_price_ppp,,,,,,,6.86,6.86,,,,2025-08-18T14:33:28Z,2020,2020-01-01,2020-12-31
7245605,TOBACCO_MPOWER_R_INFLATIONADJUSTEDPRICES,COUNTRY,LBN,EMR,Eastern Mediterranean,YEAR,2018,TOBACCO_INDICATOR,TOBACCO_INDICATOR_R_afford_inflation_adjusted_price_lcu,,,,,,,61 340,61339.83,,,,2025-08-18T14:33:28Z,2018,2018-01-01,2018-12-31
7247780,TOBACCO_MPOWER_R_INFLATIONADJUSTEDPRICES,COUNTRY,CZE,EUR,Europe,YEAR,2016,TOBACCO_INDICATOR,TOBACCO_INDICATOR_R_afford_inflation_adjusted_price_lcu,,,,,,,126.36,126.36,,,,2025-08-18T14:33:28Z,2016,2016-01-01,2016-12-31
7250111,TOBACCO_MPOWER_R_INFLATIONADJUSTEDPRICES,COUNTRY,IRQ,EMR,Eastern Mediterranean,YEAR,2010,TOBACCO_INDICATOR,TOBACCO_INDICATOR_R_afford_inflation_adjusted_price_ppp,,,,,,,1.04,1.04,,,,2025-08-18T14:33:28Z,2010,2010-01-01,2010-12-31
7250539,TOBACCO_MPOWER_R_INFLATIONADJUSTEDPRICES,COUNTRY,MLT,EUR,Europe,YEAR,2022,TOBACCO_INDICATOR,TOBACCO_INDICATOR_R_afford_inflation_adjusted_price_lcu,,,,,,,5.95,5.95,,,,2025-08-18T14:33:28Z,2022,2022-01-01,2022-12-31
7253067,TOBACCO_MPOWER_R_INFLATIONADJUSTEDPRICES,COUNTRY,SSD,AFR,Africa,YEAR,2022,TOBACCO_INDICATOR,TOBACCO_INDICATOR_R_afford_inflation_adjusted_price_lcu,,,,,,,2392.49,2392.49,,,,2025-08-18T14:33:28Z,2022,2022-01-01,2022-12-31
7260817,TOBACCO_MPOWER_R_INFLATIONADJUSTEDPRICES,COUNTRY,CZE,EUR,Europe,YEAR,2024,TOBACCO_INDICATOR,TOBACCO_INDICATOR_R_afford_inflation_adjusted_price_ppp,,,,,,,11.47,11.47,,,,2025-08-18T14:33:28Z,2024,2024-01-01,2024-12-31
7264214,TOBACCO_MPOWER_R_INFLATIONADJUSTEDPRICES,COUNTRY,CIV,AFR,Africa,YEAR,2024,TOBACCO_INDICATOR,TOBACCO_INDICATOR_R_afford_inflation_adjusted_price_lcu,,,,,,,1000,1000,,,,2025-08-18T14:33:28Z,2024,2024-01-01,2024-12-31
7265905,TOBACCO_MPOWER_R_INFLATIONADJUSTEDPRICES,COUNTRY,CRI,AMR,Americas,YEAR,2016,TOBACCO_INDICATOR,TOBACCO_INDICATOR_R_afford_inflation_adjusted_price_ppp,,,,,,,6.58,6.58,,,,2025-08-18T14:33:28Z,2016,2016-01-01,2016-12-31
7268128,TOBACCO_MPOWER_R_INFLATIONADJUSTEDPRICES,COUNTRY,LBN,EMR,Eastern Mediterranean,YEAR,2012,TOBACCO_INDICATOR,TOBACCO_INDICATOR_R_afford_inflation_adjusted_price_ppp,,,,,,,6.22,6.22,,,,2025-08-18T14:33:28Z,2012,2012-01-01,2012-12-31
7271926,TOBACCO_MPOWER_R_INFLATIONADJUSTEDPRICES,COUNTRY,TKM,EUR,Europe,YEAR,2022,TOBACCO_INDICATOR,TOBACCO_INDICATOR_R_afford_inflation_adjusted_price_lcu,,,,,,,56.72,56.72,,,,2025-08-18T14:33:28Z,2022,2022-01-01,2022-12-31
7272091,TOBACCO_MPOWER_R_INFLATIONADJUSTEDPRICES,COUNTRY,CMR,AFR,Africa,YEAR,2024,TOBACCO_INDICATOR,TOBACCO_INDICATOR_R_afford_inflation_adjusted_price_lcu,,,,,,,800,800,,,,2025-08-18T14:33:28Z,2024,2024-01-01,2024-12-31
7273678,TOBACCO_MPOWER_R_INFLATIONADJUSTEDPRICES,COUNTRY,KIR,WPR,Western Pacific,YEAR,2018,TOBACCO_INDICATOR,TOBACCO_INDICATOR_R_afford_inflation_adjusted_price_ppp,,,,,,,7.06,7.06,,,,2025-08-18T14:33:28Z,2018,2018-01-01,2018-12-31
7282444,TOBACCO_MPOWER_R_INFLATIONADJUSTEDPRICES,COUNTRY,ITA,EUR,Europe,YEAR,2020,TOBACCO_INDICATOR,TOBACCO_INDICATOR_R_afford_inflation_adjusted_price_lcu,,,,,,,7,7,,,,2025-08-18T14:33:28Z,2020,2020-01-01,2020-12-31
7285375,TOBACCO_MPOWER_R_INFLATIONADJUSTEDPRICES,COUNTRY,MEX,AMR,Americas,YEAR,2020,TOBACCO_INDICATOR,TOBACCO_INDICATOR_R_afford_inflation_adjusted_price_ppp,,,,,,,8.15,8.15,,,,2025-08-18T14:33:28Z,2020,2020-01-01,2020-12-31
7286539,TOBACCO_MPOWER_R_INFLATIONADJUSTEDPRICES,COUNTRY,SYC,AFR,Africa,YEAR,2020,TOBACCO_INDICATOR,TOBACCO_INDICATOR_R_afford_inflation_adjusted_price_ppp,,,,,,,19.78,19.78,,,,2025-08-18T14:33:28Z,2020,2020-01-01,2020-12-31
7296775,TOBACCO_MPOWER_R_INFLATIONADJUSTEDPRICES,COUNTRY,USA,AMR,Americas,YEAR,2016,TOBACCO_INDICATOR,TOBACCO_INDICATOR_R_afford_inflation_adjusted_price_lcu,,,,,,,8.41,8.41,,,,2025-08-18T14:33:28Z,2016,2016-01-01,2016-12-31
7297654,TOBACCO_MPOWER_R_INFLATIONADJUSTEDPRICES,COUNTRY,IRL,EUR,Europe,YEAR,2018,TOBACCO_INDICATOR,TOBACCO_INDICATOR_R_afford_inflation_adjusted_price_lcu,,,,,,,14.45,14.45,,,,2025-08-18T14:33:28Z,2018,2018-01-01,2018-12-31
7301568,TOBACCO_MPOWER_R_INFLATIONADJUSTEDPRICES,COUNTRY,SYC,AFR,Africa,YEAR,2008,TOBACCO_INDICATOR,TOBACCO_INDICATOR_R_afford_inflation_adjusted_price_ppp,,,,,,,16.2,16.2,,,,2025-08-18T14:33:28Z,2008,2008-01-01,2008-12-31
7312104,TOBACCO_MPOWER_R_INFLATIONADJUSTEDPRICES,COUNTRY,MNG,WPR,Western Pacific,YEAR,2014,TOBACCO_INDICATOR,TOBACCO_INDICATOR_R_afford_inflation_adjusted_price_lcu,,,,,,,3110.32,3110.32,,,,2025-08-18T14:33:28Z,2014,2014-01-01,2014-12-31
7314299,TOBACCO_MPOWER_R_INFLATIONADJUSTEDPRICES,COUNTRY,MCO,EUR,Europe,YEAR,2020,TOBACCO_INDICATOR,TOBACCO_INDICATOR_R_afford_inflation_adjusted_price_lcu,,,,,,,. . .,,,,,2025-08-18T14:33:28Z,2020,2020-01-01,2020-12-31
7314635,TOBACCO_MPOWER_R_INFLATIONADJUSTEDPRICES,COUNTRY,TLS,SEAR,South-East Asia,YEAR,2022,TOBACCO_INDICATOR,TOBACCO_INDICATOR_R_afford_inflation_adjusted_price_lcu,,,,,,,2.49,2.49,,,,2025-08-18T14:33:28Z,2022,2022-01-01,2022-12-31
7324859,TOBACCO_MPOWER_R_INFLATIONADJUSTEDPRICES,COUNTRY,UZB,EUR,Europe,YEAR,2016,TOBACCO_INDICATOR,TOBACCO_INDICATOR_R_afford_inflation_adjusted_price_ppp,,,,,,,3.59,3.59,,,,2025-08-18T14:33:28Z,2016,2016-01-01,2016-12-31
7330871,TOBACCO_MPOWER_R_INFLATIONADJUSTEDPRICES,COUNTRY,NIC,AMR,Americas,YEAR,2008,TOBACCO_INDICATOR,TOBACCO_INDICATOR_R_afford_inflation_adjusted_price_ppp,,,,,,,. . .,,,,,2025-08-18T14:33:28Z,2008,2008-01-01,2008-12-31
7333958,TOBACCO_MPOWER_R_INFLATIONADJUSTEDPRICES,COUNTRY,MLI,AFR,Africa,YEAR,2008,TOBACCO_INDICATOR,TOBACCO_INDICATOR_R_afford_inflation_adjusted_price_ppp,,,,,,,6.04,6.04,,,,2025-08-18T14:33:28Z,2008,2008-01-01,2008-12-31
7334310,TOBACCO_MPOWER_R_INFLATIONADJUSTEDPRICES,COUNTRY,MAR,EMR,Eastern Mediterranean,YEAR,2008,TOBACCO_INDICATOR,TOBACCO_INDICATOR_R_afford_inflation_adjusted_price_ppp,,,,,,,6.08,6.08,,,,2025-08-18T14:33:28Z,2008,2008-01-01,2008-12-31
7339773,TOBACCO_MPOWER_R_INFLATIONADJUSTEDPRICES,COUNTRY,ROU,EUR,Europe,YEAR,2010,TOBACCO_INDICATOR,TOBACCO_INDICATOR_R_afford_inflation_adjusted_price_ppp,,,,,,,9.77,9.77,,,,2025-08-18T14:33:28Z,2010,2010-01-01,2010-12-31
7340451,TOBACCO_MPOWER_R_INFLATIONADJUSTEDPRICES,COUNTRY,TUN,EMR,Eastern Mediterranean,YEAR,2024,TOBACCO_INDICATOR,TOBACCO_INDICATOR_R_afford_inflation_adjusted_price_lcu,,,,,,,4.5,4.5,,,,2025-08-18T14:33:28Z,2024,2024-01-01,2024-12-31
7341318,TOBACCO_MPOWER_R_INFLATIONADJUSTEDPRICES,COUNTRY,GAB,AFR,Africa,YEAR,2016,TOBACCO_INDICATOR,TOBACCO_INDICATOR_R_afford_inflation_adjusted_price_lcu,,,,,,,1232.87,1232.87,,,,2025-08-18T14:33:28Z,2016,2016-01-01,2016-12-31
7342460,TOBACCO_MPOWER_R_INFLATIONADJUSTEDPRICES,COUNTRY,NPL,SEAR,South-East Asia,YEAR,2010,TOBACCO_INDICATOR,TOBACCO_INDICATOR_R_afford_inflation_adjusted_price_lcu,,,,,,,216.6,216.6,,,,2025-08-18T14:33:28Z,2010,2010-01-01,2010-12-31
7343125,TOBACCO_MPOWER_R_INFLATIONADJUSTEDPRICES,COUNTRY,GEO,EUR,Europe,YEAR,2014,TOBACCO_INDICATOR,TOBACCO_INDICATOR_R_afford_inflation_adjusted_price_lcu,,,,,,,3.56,3.56,,,,2025-08-18T14:33:28Z,2014,2014-01-01,2014-12-31
7345510,TOBACCO_MPOWER_R_INFLATIONADJUSTEDPRICES,COUNTRY,MLI,AFR,Africa,YEAR,2010,TOBACCO_INDICATOR,TOBACCO_INDICATOR_R_afford_inflation_adjusted_price_lcu,,,,,,,925.09,925.09,,,,2025-08-18T14:33:28Z,2010,2010-01-01,2010-12-31
7347309,TOBACCO_MPOWER_R_INFLATIONADJUSTEDPRICES,COUNTRY,DJI,EMR,Eastern Mediterranean,YEAR,2014,TOBACCO_INDICATOR,TOBACCO_INDICATOR_R_afford_inflation_adjusted_price_ppp,,,,,,,2.64,2.64,,,,2025-08-18T14:33:28Z,2014,2014-01-01,2014-12-31
7350208,TOBACCO_MPOWER_R_INFLATIONADJUSTEDPRICES,COUNTRY,IDN,WPR,Western Pacific,YEAR,2012,TOBACCO_INDICATOR,TOBACCO_INDICATOR_R_afford_inflation_adjusted_price_ppp,,,,,,,5.49,5.49,,,,2025-08-18T14:33:28Z,2012,2012-01-01,2012-12-31
7352834,TOBACCO_MPOWER_R_INFLATIONADJUSTEDPRICES,COUNTRY,DOM,AMR,Americas,YEAR,2016,TOBACCO_INDICATOR,TOBACCO_INDICATOR_R_afford_inflation_adjusted_price_lcu,,,,,,,216.13,216.13,,,,2025-08-18T14:33:28Z,2016,2016-01-01,2016-12-31
7353667,TOBACCO_MPOWER_R_INFLATIONADJUSTEDPRICES,COUNTRY,MCO,EUR,Europe,YEAR,2016,TOBACCO_INDICATOR,TOBACCO_INDICATOR_R_afford_inflation_adjusted_price_lcu,,,,,,,. . .,,,,,2025-08-18T14:33:28Z,2016,2016-01-01,2016-12-31
7354257,TOBACCO_MPOWER_R_INFLATIONADJUSTEDPRICES,COUNTRY,BEN,AFR,Africa,YEAR,2008,TOBACCO_INDICATOR,TOBACCO_INDICATOR_R_afford_inflation_adjusted_price_ppp,,,,,,,3.57,3.57,,,,2025-08-18T14:33:28Z,2008,2008-01-01,2008-12-31
7355202,TOBACCO_MPOWER_R_INFLATIONADJUSTEDPRICES,COUNTRY,CHE,EUR,Europe,YEAR,2024,TOBACCO_INDICATOR,TOBACCO_INDICATOR_R_afford_inflation_adjusted_price_ppp,,,,,,,9.49,9.49,,,,2025-08-18T14:33:28Z,2024,2024-01-01,2024-12-31
7368940,TOBACCO_MPOWER_R_INFLATIONADJUSTEDPRICES,COUNTRY,SAU,EMR,Eastern Mediterranean,YEAR,2020,TOBACCO_INDICATOR,TOBACCO_INDICATOR_R_afford_inflation_adjusted_price_lcu,,,,,,,30.77,30.77,,,,2025-08-18T14:33:28Z,2020,2020-01-01,2020-12-31
7371335,TOBACCO_MPOWER_R_INFLATIONADJUSTEDPRICES,COUNTRY,CYP,EUR,Europe,YEAR,2012,TOBACCO_INDICATOR,TOBACCO_INDICATOR_R_afford_inflation_adjusted_price_lcu,,,,,,,4.33,4.33,,,,2025-08-18T14:33:28Z,2012,2012-01-01,2012-12-31
7371756,TOBACCO_MPOWER_R_INFLATIONADJUSTEDPRICES,COUNTRY,SWZ,AFR,Africa,YEAR,2020,TOBACCO_INDICATOR,TOBACCO_INDICATOR_R_afford_inflation_adjusted_price_lcu,,,,,,,51.03,51.03,,,,2025-08-18T14:33:28Z,2020,2020-01-01,2020-12-31
7375757,TOBACCO_MPOWER_R_INFLATIONADJUSTEDPRICES,COUNTRY,BLR,EUR,Europe,YEAR,2016,TOBACCO_INDICATOR,TOBACCO_INDICATOR_R_afford_inflation_adjusted_price_ppp,,,,,,,2.21,2.21,,,,2025-08-18T14:33:28Z,2016,2016-01-01,2016-12-31
7377292,TOBACCO_MPOWER_R_INFLATIONADJUSTEDPRICES,COUNTRY,ETH,AFR,Africa,YEAR,2016,TOBACCO_INDICATOR,TOBACCO_INDICATOR_R_afford_inflation_adjusted_price_ppp,,,,,,,2.45,2.45,,,,2025-08-18T14:33:28Z,2016,2016-01-01,2016-12-31
7379120,TOBACCO_MPOWER_R_INFLATIONADJUSTEDPRICES,COUNTRY,MEX,AMR,Americas,YEAR,2012,TOBACCO_INDICATOR,TOBACCO_INDICATOR_R_afford_inflation_adjusted_price_lcu,,,,,,,68.52,68.52,,,,2025-08-18T14:33:28Z,2012,2012-01-01,2012-12-31
7381079,TOBACCO_MPOWER_R_INFLATIONADJUSTEDPRICES,COUNTRY,LBY,EMR,Eastern Mediterranean,YEAR,2018,TOBACCO_INDICATOR,TOBACCO_INDICATOR_R_afford_inflation_adjusted_price_lcu,,,,,,,2.77,2.77,,,,2025-08-18T14:33:28Z,2018,2018-01-01,2018-12-31
7386928,TOBACCO_MPOWER_R_INFLATIONADJUSTEDPRICES,COUNTRY,CIV,AFR,Africa,YEAR,2016,TOBACCO_INDICATOR,TOBACCO_INDICATOR_R_afford_inflation_adjusted_price_ppp,,,,,,,3.66,3.66,,,,2025-08-18T14:33:28Z,2016,2016-01-01,2016-12-31
7387317,TOBACCO_MPOWER_R_INFLATIONADJUSTEDPRICES,COUNTRY,BHR,EMR,Eastern Mediterranean,YEAR,2008,TOBACCO_INDICATOR,TOBACCO_INDICATOR_R_afford_inflation_adjusted_price_lcu,,,,,,,0.76,0.76,,,,2025-08-18T14:33:28Z,2008,2008-01-01,2008-12-31
7389543,TOBACCO_MPOWER_R_INFLATIONADJUSTEDPRICES,COUNTRY,AFG,EMR,Eastern Mediterranean,YEAR,2020,TOBACCO_INDICATOR,TOBACCO_INDICATOR_R_afford_inflation_adjusted_price_lcu,,,,,,,. . .,,,,,2025-08-18T14:33:28Z,2020,2020-01-01,2020-12-31
7391291,TOBACCO_MPOWER_R_INFLATIONADJUSTEDPRICES,COUNTRY,GEO,EUR,Europe,YEAR,2014,TOBACCO_INDICATOR,TOBACCO_INDICATOR_R_afford_inflation_adjusted_price_ppp,,,,,,,4.03,4.03,,,,2025-08-18T14:33:28Z,2014,2014-01-01,2014-12-31
7394494,TOBACCO_MPOWER_R_INFLATIONADJUSTEDPRICES,COUNTRY,TLS,SEAR,South-East Asia,YEAR,2016,TOBACCO_INDICATOR,TOBACCO_INDICATOR_R_afford_inflation_adjusted_price_lcu,,,,,,,1.92,1.92,,,,2025-08-18T14:33:28Z,2016,2016-01-01,2016-12-31
7400400,TOBACCO_MPOWER_R_INFLATIONADJUSTEDPRICES,COUNTRY,SRB,EUR,Europe,YEAR,2024,TOBACCO_INDICATOR,TOBACCO_INDICATOR_R_afford_inflation_adjusted_price_ppp,,,,,,,7.6,7.6,,,,2025-08-18T14:33:28Z,2024,2024-01-01,2024-12-31
7401604,TOBACCO_MPOWER_R_INFLATIONADJUSTEDPRICES,COUNTRY,EGY,EMR,Eastern Mediterranean,YEAR,2020,TOBACCO_INDICATOR,TOBACCO_INDICATOR_R_afford_inflation_adjusted_price_lcu,,,,,,,31.96,31.96,,,,2025-08-18T14:33:28Z,2020,2020-01-01,2020-12-31
7401806,TOBACCO_MPOWER_R_INFLATIONADJUSTEDPRICES,COUNTRY,SLE,AFR,Africa,YEAR,2022,TOBACCO_INDICATOR,TOBACCO_INDICATOR_R_afford_inflation_adjusted_price_ppp,,,,,,,. . .,,,,,2025-08-18T14:33:28Z,2022,2022-01-01,2022-12-31
7401825,TOBACCO_MPOWER_R_INFLATIONADJUSTEDPRICES,COUNTRY,JPN,WPR,Western Pacific,YEAR,2012,TOBACCO_INDICATOR,TOBACCO_INDICATOR_R_afford_inflation_adjusted_price_lcu,,,,,,,470.58,470.58,,,,2025-08-18T14:33:28Z,2012,2012-01-01,2012-12-31
7402784,TOBACCO_MPOWER_R_INFLATIONADJUSTEDPRICES,COUNTRY,ATG,AMR,Americas,YEAR,2018,TOBACCO_INDICATOR,TOBACCO_INDICATOR_R_afford_inflation_adjusted_price_ppp,,,,,,,4.97,4.97,,,,2025-08-18T14:33:28Z,2018,2018-01-01,2018-12-31
7407537,TOBACCO_MPOWER_R_INFLATIONADJUSTEDPRICES,COUNTRY,MMR,SEAR,South-East Asia,YEAR,2020,TOBACCO_INDICATOR,TOBACCO_INDICATOR_R_afford_inflation_adjusted_price_ppp,,,,,,,4.27,4.27,,,,2025-08-18T14:33:28Z,2020,2020-01-01,2020-12-31
7410789,TOBACCO_MPOWER_R_INFLATIONADJUSTEDPRICES,COUNTRY,LKA,SEAR,South-East Asia,YEAR,2016,TOBACCO_INDICATOR,TOBACCO_INDICATOR_R_afford_inflation_adjusted_price_ppp,,,,,,,27.49,27.49,,,,2025-08-18T14:33:28Z,2016,2016-01-01,2016-12-31
7417065,TOBACCO_MPOWER_R_INFLATIONADJUSTEDPRICES,COUNTRY,ZMB,AFR,Africa,YEAR,2012,TOBACCO_INDICATOR,TOBACCO_INDICATOR_R_afford_inflation_adjusted_price_ppp,,,,,,,3.77,3.77,,,,2025-08-18T14:33:28Z,2012,2012-01-01,2012-12-31
7421172,TOBACCO_MPOWER_R_INFLATIONADJUSTEDPRICES,COUNTRY,SMR,EUR,Europe,YEAR,2016,TOBACCO_INDICATOR,TOBACCO_INDICATOR_R_afford_inflation_adjusted_price_lcu,,,,,,,5.53,5.53,,,,2025-08-18T14:33:28Z,2016,2016-01-01,2016-12-31
7422045,TOBACCO_MPOWER_R_INFLATIONADJUSTEDPRICES,COUNTRY,ZWE,AFR,Africa,YEAR,2016,TOBACCO_INDICATOR,TOBACCO_INDICATOR_R_afford_inflation_adjusted_price_lcu,,,,,,,. . .,,,,,2025-08-18T14:33:28Z,2016,2016-01-01,2016-12-31
7427302,TOBACCO_MPOWER_R_INFLATIONADJUSTEDPRICES,COUNTRY,ESP,EUR,Europe,YEAR,2018,TOBACCO_INDICATOR,TOBACCO_INDICATOR_R_afford_inflation_adjusted_price_ppp,,,,,,,9.88,9.88,,,,2025-08-18T14:33:28Z,2018,2018-01-01,2018-12-31
7434352,TOBACCO_MPOWER_R_INFLATIONADJUSTEDPRICES,COUNTRY,NIU,WPR,Western Pacific,YEAR,2024,TOBACCO_INDICATOR,TOBACCO_INDICATOR_R_afford_inflation_adjusted_price_ppp,,,,,,,. . .,,,,,2025-08-18T14:33:28Z,2024,2024-01-01,2024-12-31
7434649,TOBACCO_MPOWER_R_INFLATIONADJUSTEDPRICES,COUNTRY,LVA,EUR,Europe,YEAR,2020,TOBACCO_INDICATOR,TOBACCO_INDICATOR_R_afford_inflation_adjusted_price_ppp,,,,,,,9.54,9.54,,,,2025-08-18T14:33:28Z,2020,2020-01-01,2020-12-31
7440958,TOBACCO_MPOWER_R_INFLATIONADJUSTEDPRICES,COUNTRY,GNQ,AFR,Africa,YEAR,2020,TOBACCO_INDICATOR,TOBACCO_INDICATOR_R_afford_inflation_adjusted_price_ppp,,,,,,,2.5,2.5,,,,2025-08-18T14:33:28Z,2020,2020-01-01,2020-12-31
7448509,TOBACCO_MPOWER_R_INFLATIONADJUSTEDPRICES,COUNTRY,SVN,EUR,Europe,YEAR,2008,TOBACCO_INDICATOR,TOBACCO_INDICATOR_R_afford_inflation_adjusted_price_ppp,,,,,,,5.42,5.42,,,,2025-08-18T14:33:28Z,2008,2008-01-01,2008-12-31
7451125,TOBACCO_MPOWER_R_INFLATIONADJUSTEDPRICES,COUNTRY,ROU,EUR,Europe,YEAR,2024,TOBACCO_INDICATOR,TOBACCO_INDICATOR_R_afford_inflation_adjusted_price_ppp,,,,,,,13.84,13.84,,,,2025-08-18T14:33:28Z,2024,2024-01-01,2024-12-31
7452539,TOBACCO_MPOWER_R_INFLATIONADJUSTEDPRICES,COUNTRY,BLZ,AMR,Americas,YEAR,2012,TOBACCO_INDICATOR,TOBACCO_INDICATOR_R_afford_inflation_adjusted_price_lcu,,,,,,,6.11,6.11,,,,2025-08-18T14:33:28Z,2012,2012-01-01,2012-12-31
7453528,TOBACCO_MPOWER_R_INFLATIONADJUSTEDPRICES,COUNTRY,MYS,WPR,Western Pacific,YEAR,2024,TOBACCO_INDICATOR,TOBACCO_INDICATOR_R_afford_inflation_adjusted_price_lcu,,,,,,,17.7,17.7,,,,2025-08-18T14:33:28Z,2024,2024-01-01,2024-12-31
7458085,TOBACCO_MPOWER_R_INFLATIONADJUSTEDPRICES,COUNTRY,ERI,AFR,Africa,YEAR,2020,TOBACCO_INDICATOR,TOBACCO_INDICATOR_R_afford_inflation_adjusted_price_ppp,,,,,,,. . .,,,,,2025-08-18T14:33:28Z,2020,2020-01-01,2020-12-31
7460796,TOBACCO_MPOWER_R_INFLATIONADJUSTEDPRICES,COUNTRY,BDI,AFR,Africa,YEAR,2018,TOBACCO_INDICATOR,TOBACCO_INDICATOR_R_afford_inflation_adjusted_price_ppp,,,,,,,3.3,3.3,,,,2025-08-18T14:33:28Z,2018,2018-01-01,2018-12-31
7460874,TOBACCO_MPOWER_R_INFLATIONADJUSTEDPRICES,COUNTRY,PAK,EMR,Eastern Mediterranean,YEAR,2012,TOBACCO_INDICATOR,TOBACCO_INDICATOR_R_afford_inflation_adjusted_price_lcu,,,,,,,104.53,104.53,,,,2025-08-18T14:33:28Z,2012,2012-01-01,2012-12-31
7463765,TOBACCO_MPOWER_R_INFLATIONADJUSTEDPRICES,COUNTRY,GEO,EUR,Europe,YEAR,2022,TOBACCO_INDICATOR,TOBACCO_INDICATOR_R_afford_inflation_adjusted_price_ppp,,,,,,,7.6,7.6,,,,2025-08-18T14:33:28Z,2022,2022-01-01,2022-12-31
7463792,TOBACCO_MPOWER_R_INFLATIONADJUSTEDPRICES,COUNTRY,TJK,EUR,Europe,YEAR,2020,TOBACCO_INDICATOR,TOBACCO_INDICATOR_R_afford_inflation_adjusted_price_ppp,,,,,,,4.63,4.63,,,,2025-08-18T14:33:28Z,2020,2020-01-01,2020-12-31
7464159,TOBACCO_MPOWER_R_INFLATIONADJUSTEDPRICES,COUNTRY,FIN,EUR,Europe,YEAR,2008,TOBACCO_INDICATOR,TOBACCO_INDICATOR_R_afford_inflation_adjusted_price_ppp,,,,,,,7.54,7.54,,,,2025-08-18T14:33:28Z,2008,2008-01-01,2008-12-31
7464351,TOBACCO_MPOWER_R_INFLATIONADJUSTEDPRICES,COUNTRY,FSM,WPR,Western Pacific,YEAR,2012,TOBACCO_INDICATOR,TOBACCO_INDICATOR_R_afford_inflation_adjusted_price_ppp,,,,,,,2.61,2.61,,,,2025-08-18T14:33:28Z,2012,2012-01-01,2012-12-31
7465433,TOBACCO_MPOWER_R_INFLATIONADJUSTEDPRICES,COUNTRY,SEN,AFR,Africa,YEAR,2008,TOBACCO_INDICATOR,TOBACCO_INDICATOR_R_afford_inflation_adjusted_price_lcu,,,,,,,0.53,0.53,,,,2025-08-18T14:33:28Z,2008,2008-01-01,2008-12-31
7472029,TOBACCO_MPOWER_R_INFLATIONADJUSTEDPRICES,COUNTRY,TCD,AFR,Africa,YEAR,2008,TOBACCO_INDICATOR,TOBACCO_INDICATOR_R_afford_inflation_adjusted_price_ppp,,,,,,,2.69,2.69,,,,2025-08-18T14:33:28Z,2008,2008-01-01,2008-12-31
7472342,TOBACCO_MPOWER_R_INFLATIONADJUSTEDPRICES,COUNTRY,AGO,AFR,Africa,YEAR,2014,TOBACCO_INDICATOR,TOBACCO_INDICATOR_R_afford_inflation_adjusted_price_lcu,,,,,,,1411.19,1411.19,,,,2025-08-18T14:33:28Z,2014,2014-01-01,2014-12-31
7474397,TOBACCO_MPOWER_R_INFLATIONADJUSTEDPRICES,COUNTRY,CAN,AMR,Americas,YEAR,2010,TOBACCO_INDICATOR,TOBACCO_INDICATOR_R_afford_inflation_adjusted_price_ppp,,,,,,,10.24,10.24,,,,2025-08-18T14:33:28Z,2010,2010-01-01,2010-12-31
7474405,TOBACCO_MPOWER_R_INFLATIONADJUSTEDPRICES,COUNTRY,BHS,AMR,Americas,YEAR,2022,TOBACCO_INDICATOR,TOBACCO_INDICATOR_R_afford_inflation_adjusted_price_ppp,,,,,,,13.29,13.29,,,,2025-08-18T14:33:28Z,2022,2022-01-01,2022-12-31
7477608,TOBACCO_MPOWER_R_INFLATIONADJUSTEDPRICES,COUNTRY,GEO,EUR,Europe,YEAR,2012,TOBACCO_INDICATOR,TOBACCO_INDICATOR_R_afford_inflation_adjusted_price_lcu,,,,,,,3.16,3.16,,,,2025-08-18T14:33:28Z,2012,2012-01-01,2012-12-31
7479363,TOBACCO_MPOWER_R_INFLATIONADJUSTEDPRICES,COUNTRY,NOR,EUR,Europe,YEAR,2024,TOBACCO_INDICATOR,TOBACCO_INDICATOR_R_afford_inflation_adjusted_price_lcu,,,,,,,167,167,,,,2025-08-18T14:33:28Z,2024,2024-01-01,2024-12-31
7482156,TOBACCO_MPOWER_R_INFLATIONADJUSTEDPRICES,COUNTRY,ERI,AFR,Africa,YEAR,2008,TOBACCO_INDICATOR,TOBACCO_INDICATOR_R_afford_inflation_adjusted_price_ppp,,,,,,,8.4,8.4,,,,2025-08-18T14:33:28Z,2008,2008-01-01,2008-12-31
7487055,TOBACCO_MPOWER_R_INFLATIONADJUSTEDPRICES,COUNTRY,JAM,AMR,Americas,YEAR,2016,TOBACCO_INDICATOR,TOBACCO_INDICATOR_R_afford_inflation_adjusted_price_lcu,,,,,,,1539.22,1539.22,,,Data not validated by the national authorities.,2025-08-18T14:33:28Z,2016,2016-01-01,2016-12-31
7487499,TOBACCO_MPOWER_R_INFLATIONADJUSTEDPRICES,COUNTRY,CUB,AMR,Americas,YEAR,2008,TOBACCO_INDICATOR,TOBACCO_INDICATOR_R_afford_inflation_adjusted_price_lcu,,,,,,,. . .,,,,,2025-08-18T14:33:28Z,2008,2008-01-01,2008-12-31
7493696,TOBACCO_MPOWER_R_INFLATIONADJUSTEDPRICES,COUNTRY,AFG,EMR,Eastern Mediterranean,YEAR,2022,TOBACCO_INDICATOR,TOBACCO_INDICATOR_R_afford_inflation_adjusted_price_lcu,,,,,,,. . .,,,,,2025-08-18T14:33:28Z,2022,2022-01-01,2022-12-31
7505658,TOBACCO_MPOWER_R_INFLATIONADJUSTEDPRICES,COUNTRY,DEU,EUR,Europe,YEAR,2020,TOBACCO_INDICATOR,TOBACCO_INDICATOR_R_afford_inflation_adjusted_price_lcu,,,,,,,8.53,8.53,,,,2025-08-18T14:33:28Z,2020,2020-01-01,2020-12-31
7512462,TOBACCO_MPOWER_R_INFLATIONADJUSTEDPRICES,COUNTRY,MLT,EUR,Europe,YEAR,2024,TOBACCO_INDICATOR,TOBACCO_INDICATOR_R_afford_inflation_adjusted_price_ppp,,,,,,,10.27,10.27,,,,2025-08-18T14:33:28Z,2024,2024-01-01,2024-12-31
7514630,TOBACCO_MPOWER_R_INFLATIONADJUSTEDPRICES,COUNTRY,NLD,EUR,Europe,YEAR,2022,TOBACCO_INDICATOR,TOBACCO_INDICATOR_R_afford_inflation_adjusted_price_ppp,,,,,,,12.09,12.09,,,,2025-08-18T14:33:28Z,2022,2022-01-01,2022-12-31
7517999,TOBACCO_MPOWER_R_INFLATIONADJUSTEDPRICES,COUNTRY,MAR,EMR,Eastern Mediterranean,YEAR,2018,TOBACCO_INDICATOR,TOBACCO_INDICATOR_R_afford_inflation_adjusted_price_ppp,,,,,,,6.08,6.08,,,,2025-08-18T14:33:28Z,2018,2018-01-01,2018-12-31
7518400,TOBACCO_MPOWER_R_INFLATIONADJUSTEDPRICES,COUNTRY,NER,AFR,Africa,YEAR,2008,TOBACCO_INDICATOR,TOBACCO_INDICATOR_R_afford_inflation_adjusted_price_ppp,,,,,,,2.51,2.51,,,,2025-08-18T14:33:28Z,2008,2008-01-01,2008-12-31
7519445,TOBACCO_MPOWER_R_INFLATIONADJUSTEDPRICES,COUNTRY,MLI,AFR,Africa,YEAR,2012,TOBACCO_INDICATOR,TOBACCO_INDICATOR_R_afford_inflation_adjusted_price_ppp,,,,,,,4.69,4.69,,,,2025-08-18T14:33:28Z,2012,2012-01-01,2012-12-31
7522662,TOBACCO_MPOWER_R_INFLATIONADJUSTEDPRICES,COUNTRY,IRQ,EMR,Eastern Mediterranean,YEAR,2022,TOBACCO_INDICATOR,TOBACCO_INDICATOR_R_afford_inflation_adjusted_price_lcu,,,,,,,803.31,803.31,,,,2025-08-18T14:33:28Z,2022,2022-01-01,2022-12-31
7523379,TOBACCO_MPOWER_R_INFLATIONADJUSTEDPRICES,COUNTRY,URY,AMR,Americas,YEAR,2018,TOBACCO_INDICATOR,TOBACCO_INDICATOR_R_afford_inflation_adjusted_price_ppp,,,,,,,7.21,7.21,,,,2025-08-18T14:33:28Z,2018,2018-01-01,2018-12-31
7525969,TOBACCO_MPOWER_R_INFLATIONADJUSTEDPRICES,COUNTRY,SVK,EUR,Europe,YEAR,2022,TOBACCO_INDICATOR,TOBACCO_INDICATOR_R_afford_inflation_adjusted_price_ppp,,,,,,,9.43,9.43,,,,2025-08-18T14:33:28Z,2022,2022-01-01,2022-12-31
7526943,TOBACCO_MPOWER_R_INFLATIONADJUSTEDPRICES,COUNTRY,ESP,EUR,Europe,YEAR,2016,TOBACCO_INDICATOR,TOBACCO_INDICATOR_R_afford_inflation_adjusted_price_lcu,,,,,,,6,6,,,,2025-08-18T14:33:28Z,2016,2016-01-01,2016-12-31
7528661,TOBACCO_MPOWER_R_INFLATIONADJUSTEDPRICES,COUNTRY,VCT,AMR,Americas,YEAR,2012,TOBACCO_INDICATOR,TOBACCO_INDICATOR_R_afford_inflation_adjusted_price_lcu,,,,,,,6.64,6.64,,,,2025-08-18T14:33:28Z,2012,2012-01-01,2012-12-31
7535555,TOBACCO_MPOWER_R_INFLATIONADJUSTEDPRICES,COUNTRY,GAB,AFR,Africa,YEAR,2022,TOBACCO_INDICATOR,TOBACCO_INDICATOR_R_afford_inflation_adjusted_price_lcu,,,,,,,1048.4,1048.4,,,,2025-08-18T14:33:28Z,2022,2022-01-01,2022-12-31
7536195,TOBACCO_MPOWER_R_INFLATIONADJUSTEDPRICES,COUNTRY,HRV,EUR,Europe,YEAR,2008,TOBACCO_INDICATOR,TOBACCO_INDICATOR_R_afford_inflation_adjusted_price_ppp,,,,,,,5.92,5.92,,,,2025-08-18T14:33:28Z,2008,2008-01-01,2008-12-31
7537606,TOBACCO_MPOWER_R_INFLATIONADJUSTEDPRICES,COUNTRY,BTN,SEAR,South-East Asia,YEAR,2016,TOBACCO_INDICATOR,TOBACCO_INDICATOR_R_afford_inflation_adjusted_price_lcu,,,,,,,. . .,,,,,2025-08-18T14:33:28Z,2016,2016-01-01,2016-12-31
7546772,TOBACCO_MPOWER_R_INFLATIONADJUSTEDPRICES,COUNTRY,LAO,WPR,Western Pacific,YEAR,2022,TOBACCO_INDICATOR,TOBACCO_INDICATOR_R_afford_inflation_adjusted_price_ppp,,,,,,,2.25,2.25,,,,2025-08-18T14:33:28Z,2022,2022-01-01,2022-12-31
7555394,TOBACCO_MPOWER_R_INFLATIONADJUSTEDPRICES,COUNTRY,BLZ,AMR,Americas,YEAR,2018,TOBACCO_INDICATOR,TOBACCO_INDICATOR_R_afford_inflation_adjusted_price_lcu,,,,,,,4.75,4.75,,,,2025-08-18T14:33:28Z,2018,2018-01-01,2018-12-31
7555945,TOBACCO_MPOWER_R_INFLATIONADJUSTEDPRICES,COUNTRY,SVN,EUR,Europe,YEAR,2012,TOBACCO_INDICATOR,TOBACCO_INDICATOR_R_afford_inflation_adjusted_price_ppp,,,,,,,6.8,6.8,,,,2025-08-18T14:33:28Z,2012,2012-01-01,2012-12-31
7559220,TOBACCO_MPOWER_R_INFLATIONADJUSTEDPRICES,COUNTRY,VCT,AMR,Americas,YEAR,2008,TOBACCO_INDICATOR,TOBACCO_INDICATOR_R_afford_inflation_adjusted_price_lcu,,,,,,,6.98,6.98,,,,2025-08-18T14:33:28Z,2008,2008-01-01,2008-12-31
7560142,TOBACCO_MPOWER_R_INFLATIONADJUSTEDPRICES,COUNTRY,COK,WPR,Western Pacific,YEAR,2022,TOBACCO_INDICATOR,TOBACCO_INDICATOR_R_afford_inflation_adjusted_price_ppp,,,,,,,. . .,,,,,2025-08-18T14:33:28Z,2022,2022-01-01,2022-12-31
7566226,TOBACCO_MPOWER_R_INFLATIONADJUSTEDPRICES,COUNTRY,NRU,WPR,Western Pacific,YEAR,2022,TOBACCO_INDICATOR,TOBACCO_INDICATOR_R_afford_inflation_adjusted_price_lcu,,,,,,,21.04,21.04,,,,2025-08-18T14:33:28Z,2022,2022-01-01,2022-12-31
7568313,TOBACCO_MPOWER_R_INFLATIONADJUSTEDPRICES,COUNTRY,AGO,AFR,Africa,YEAR,2020,TOBACCO_INDICATOR,TOBACCO_INDICATOR_R_afford_inflation_adjusted_price_lcu,,,,,,,2001.71,2001.71,,,,2025-08-18T14:33:28Z,2020,2020-01-01,2020-12-31
7568908,TOBACCO_MPOWER_R_INFLATIONADJUSTEDPRICES,COUNTRY,COG,AFR,Africa,YEAR,2012,TOBACCO_INDICATOR,TOBACCO_INDICATOR_R_afford_inflation_adjusted_price_ppp,,,,,,,1.83,1.83,,,,2025-08-18T14:33:28Z,2012,2012-01-01,2012-12-31
7573704,TOBACCO_MPOWER_R_INFLATIONADJUSTEDPRICES,COUNTRY,HRV,EUR,Europe,YEAR,2012,TOBACCO_INDICATOR,TOBACCO_INDICATOR_R_afford_inflation_adjusted_price_ppp,,,,,,,7.46,7.46,,,,2025-08-18T14:33:28Z,2012,2012-01-01,2012-12-31
7578325,TOBACCO_MPOWER_R_INFLATIONADJUSTEDPRICES,COUNTRY,ROU,EUR,Europe,YEAR,2016,TOBACCO_INDICATOR,TOBACCO_INDICATOR_R_afford_inflation_adjusted_price_lcu,,,,,,,25.19,25.19,,,,2025-08-18T14:33:28Z,2016,2016-01-01,2016-12-31
7580000,TOBACCO_MPOWER_R_INFLATIONADJUSTEDPRICES,COUNTRY,LVA,EUR,Europe,YEAR,2012,TOBACCO_INDICATOR,TOBACCO_INDICATOR_R_afford_inflation_adjusted_price_ppp,,,,,,,6.04,6.04,,,,2025-08-18T14:33:28Z,2012,2012-01-01,2012-12-31
7580939,TOBACCO_MPOWER_R_INFLATIONADJUSTEDPRICES,COUNTRY,ARE,EMR,Eastern Mediterranean,YEAR,2022,TOBACCO_INDICATOR,TOBACCO_INDICATOR_R_afford_inflation_adjusted_price_lcu,,,,,,,22.75,22.75,,,,2025-08-18T14:33:28Z,2022,2022-01-01,2022-12-31
7587274,TOBACCO_MPOWER_R_INFLATIONADJUSTEDPRICES,COUNTRY,ZWE,AFR,Africa,YEAR,2010,TOBACCO_INDICATOR,TOBACCO_INDICATOR_R_afford_inflation_adjusted_price_lcu,,,,,,,. . .,,,,,2025-08-18T14:33:28Z,2010,2010-01-01,2010-12-31
7589250,TOBACCO_MPOWER_R_INFLATIONADJUSTEDPRICES,COUNTRY,HND,AMR,Americas,YEAR,2016,TOBACCO_INDICATOR,TOBACCO_INDICATOR_R_afford_inflation_adjusted_price_ppp,,,,,,,5.86,5.86,,,,2025-08-18T14:33:28Z,2016,2016-01-01,2016-12-31
7590624,TOBACCO_MPOWER_R_INFLATIONADJUSTEDPRICES,COUNTRY,NRU,WPR,Western Pacific,YEAR,2018,TOBACCO_INDICATOR,TOBACCO_INDICATOR_R_afford_inflation_adjusted_price_lcu,,,,,,,16.47,16.47,,,,2025-08-18T14:33:28Z,2018,2018-01-01,2018-12-31
7594968,TOBACCO_MPOWER_R_INFLATIONADJUSTEDPRICES,COUNTRY,VNM,WPR,Western Pacific,YEAR,2016,TOBACCO_INDICATOR,TOBACCO_INDICATOR_R_afford_inflation_adjusted_price_lcu,,,,,,,25 566,25566.41,,,,2025-08-18T14:33:28Z,2016,2016-01-01,2016-12-31
7596097,TOBACCO_MPOWER_R_INFLATIONADJUSTEDPRICES,COUNTRY,JPN,WPR,Western Pacific,YEAR,2018,TOBACCO_INDICATOR,TOBACCO_INDICATOR_R_afford_inflation_adjusted_price_ppp,,,,,,,5.28,5.28,,,,2025-08-18T14:33:28Z,2018,2018-01-01,2018-12-31
7604221,TOBACCO_MPOWER_R_INFLATIONADJUSTEDPRICES,COUNTRY,GAB,AFR,Africa,YEAR,2018,TOBACCO_INDICATOR,TOBACCO_INDICATOR_R_afford_inflation_adjusted_price_lcu,,,,,,,1146.26,1146.26,,,,2025-08-18T14:33:28Z,2018,2018-01-01,2018-12-31
7605067,TOBACCO_MPOWER_R_INFLATIONADJUSTEDPRICES,COUNTRY,TLS,SEAR,South-East Asia,YEAR,2014,TOBACCO_INDICATOR,TOBACCO_INDICATOR_R_afford_inflation_adjusted_price_lcu,,,,,,,1.59,1.59,,,,2025-08-18T14:33:28Z,2014,2014-01-01,2014-12-31
7606585,TOBACCO_MPOWER_R_INFLATIONADJUSTEDPRICES,COUNTRY,SWE,EUR,Europe,YEAR,2014,TOBACCO_INDICATOR,TOBACCO_INDICATOR_R_afford_inflation_adjusted_price_ppp,,,,,,,9.04,9.04,,,,2025-08-18T14:33:28Z,2014,2014-01-01,2014-12-31
7612089,TOBACCO_MPOWER_R_INFLATIONADJUSTEDPRICES,COUNTRY,VNM,WPR,Western Pacific,YEAR,2014,TOBACCO_INDICATOR,TOBACCO_INDICATOR_R_afford_inflation_adjusted_price_ppp,,,,,,,3.47,3.47,,,,2025-08-18T14:33:28Z,2014,2014-01-01,2014-12-31
7617865,TOBACCO_MPOWER_R_INFLATIONADJUSTEDPRICES,COUNTRY,UGA,AFR,Africa,YEAR,2020,TOBACCO_INDICATOR,TOBACCO_INDICATOR_R_afford_inflation_adjusted_price_lcu,,,,,,,4770.27,4770.27,,,,2025-08-18T14:33:28Z,2020,2020-01-01,2020-12-31
7618297,TOBACCO_MPOWER_R_INFLATIONADJUSTEDPRICES,COUNTRY,ITA,EUR,Europe,YEAR,2024,TOBACCO_INDICATOR,TOBACCO_INDICATOR_R_afford_inflation_adjusted_price_ppp,,,,,,,10.2,10.2,,,,2025-08-18T14:33:28Z,2024,2024-01-01,2024-12-31
7621013,TOBACCO_MPOWER_R_INFLATIONADJUSTEDPRICES,COUNTRY,HND,AMR,Americas,YEAR,2022,TOBACCO_INDICATOR,TOBACCO_INDICATOR_R_afford_inflation_adjusted_price_lcu,,,,,,,78.1,78.1,,,,2025-08-18T14:33:28Z,2022,2022-01-01,2022-12-31
7621356,TOBACCO_MPOWER_R_INFLATIONADJUSTEDPRICES,COUNTRY,SLE,AFR,Africa,YEAR,2008,TOBACCO_INDICATOR,TOBACCO_INDICATOR_R_afford_inflation_adjusted_price_lcu,,,,,,,13.22,13.22,,,,2025-08-18T14:33:28Z,2008,2008-01-01,2008-12-31
7625853,TOBACCO_MPOWER_R_INFLATIONADJUSTEDPRICES,COUNTRY,SRB,EUR,Europe,YEAR,2022,TOBACCO_INDICATOR,TOBACCO_INDICATOR_R_afford_inflation_adjusted_price_ppp,,,,,,,8.18,8.18,,,,2025-08-18T14:33:28Z,2022,2022-01-01,2022-12-31
7626854,TOBACCO_MPOWER_R_INFLATIONADJUSTEDPRICES,COUNTRY,BGD,SEAR,South-East Asia,YEAR,2024,TOBACCO_INDICATOR,TOBACCO_INDICATOR_R_afford_inflation_adjusted_price_lcu,,,,,,,104,104,,,,2025-08-18T14:33:28Z,2024,2024-01-01,2024-12-31
7628843,TOBACCO_MPOWER_R_INFLATIONADJUSTEDPRICES,COUNTRY,KGZ,EUR,Europe,YEAR,2022,TOBACCO_INDICATOR,TOBACCO_INDICATOR_R_afford_inflation_adjusted_price_ppp,,,,,,,5.35,5.35,,,,2025-08-18T14:33:28Z,2022,2022-01-01,2022-12-31
7630302,TOBACCO_MPOWER_R_INFLATIONADJUSTEDPRICES,COUNTRY,LUX,EUR,Europe,YEAR,2020,TOBACCO_INDICATOR,TOBACCO_INDICATOR_R_afford_inflation_adjusted_price_ppp,,,,,,,7.81,7.81,,,,2025-08-18T14:33:28Z,2020,2020-01-01,2020-12-31
7630975,TOBACCO_MPOWER_R_INFLATIONADJUSTEDPRICES,COUNTRY,SLE,AFR,Africa,YEAR,2016,TOBACCO_INDICATOR,TOBACCO_INDICATOR_R_afford_inflation_adjusted_price_ppp,,,,,,,2.13,2.13,,,,2025-08-18T14:33:28Z,2016,2016-01-01,2016-12-31
7648466,TOBACCO_MPOWER_R_INFLATIONADJUSTEDPRICES,COUNTRY,NLD,EUR,Europe,YEAR,2014,TOBACCO_INDICATOR,TOBACCO_INDICATOR_R_afford_inflation_adjusted_price_ppp,,,,,,,10.62,10.62,,,,2025-08-18T14:33:28Z,2014,2014-01-01,2014-12-31
7648609,TOBACCO_MPOWER_R_INFLATIONADJUSTEDPRICES,COUNTRY,COL,AMR,Americas,YEAR,2016,TOBACCO_INDICATOR,TOBACCO_INDICATOR_R_afford_inflation_adjusted_price_ppp,,,,,,,2.77,2.77,,,,2025-08-18T14:33:28Z,2016,2016-01-01,2016-12-31
7648773,TOBACCO_MPOWER_R_INFLATIONADJUSTEDPRICES,COUNTRY,NAM,AFR,Africa,YEAR,2024,TOBACCO_INDICATOR,TOBACCO_INDICATOR_R_afford_inflation_adjusted_price_ppp,,,,,,,8.52,8.52,,,,2025-08-18T14:33:28Z,2024,2024-01-01,2024-12-31
7649349,TOBACCO_MPOWER_R_INFLATIONADJUSTEDPRICES,COUNTRY,CHN,WPR,Western Pacific,YEAR,2012,TOBACCO_INDICATOR,TOBACCO_INDICATOR_R_afford_inflation_adjusted_price_ppp,,,,,,,3.63,3.63,,,,2025-08-18T14:33:28Z,2012,2012-01-01,2012-12-31
7651195,TOBACCO_MPOWER_R_INFLATIONADJUSTEDPRICES,COUNTRY,LSO,AFR,Africa,YEAR,2010,TOBACCO_INDICATOR,TOBACCO_INDICATOR_R_afford_inflation_adjusted_price_lcu,,,,,,,59.35,59.35,,,,2025-08-18T14:33:28Z,2010,2010-01-01,2010-12-31
7652988,TOBACCO_MPOWER_R_INFLATIONADJUSTEDPRICES,COUNTRY,PSE,EMR,Eastern Mediterranean,YEAR,2024,TOBACCO_INDICATOR,TOBACCO_INDICATOR_R_afford_inflation_adjusted_price_ppp,,,,,,,. . .,,,,,2025-08-18T14:33:28Z,2024,2024-01-01,2024-12-31
7653759,TOBACCO_MPOWER_R_INFLATIONADJUSTEDPRICES,COUNTRY,MEX,AMR,Americas,YEAR,2010,TOBACCO_INDICATOR,TOBACCO_INDICATOR_R_afford_inflation_adjusted_price_ppp,,,,,,,5.94,5.94,,,,2025-08-18T14:33:28Z,2010,2010-01-01,2010-12-31
7657515,TOBACCO_MPOWER_R_INFLATIONADJUSTEDPRICES,COUNTRY,PRK,SEAR,South-East Asia,YEAR,2020,TOBACCO_INDICATOR,TOBACCO_INDICATOR_R_afford_inflation_adjusted_price_lcu,,,,,,,. . .,,,,,2025-08-18T14:33:28Z,2020,2020-01-01,2020-12-31
7657971,TOBACCO_MPOWER_R_INFLATIONADJUSTEDPRICES,COUNTRY,FIN,EUR,Europe,YEAR,2020,TOBACCO_INDICATOR,TOBACCO_INDICATOR_R_afford_inflation_adjusted_price_lcu,,,,,,,9.22,9.22,,,,2025-08-18T14:33:28Z,2020,2020-01-01,2020-12-31
7663787,TOBACCO_MPOWER_R_INFLATIONADJUSTEDPRICES,COUNTRY,SMR,EUR,Europe,YEAR,2010,TOBACCO_INDICATOR,TOBACCO_INDICATOR_R_afford_inflation_adjusted_price_ppp,,,,,,,7.32,7.32,,,,2025-08-18T14:33:28Z,2010,2010-01-01,2010-12-31
7665586,TOBACCO_MPOWER_R_INFLATIONADJUSTEDPRICES,COUNTRY,BWA,AFR,Africa,YEAR,2024,TOBACCO_INDICATOR,TOBACCO_INDICATOR_R_afford_inflation_adjusted_price_lcu,,,,,,,50,50,,,,2025-08-18T14:33:28Z,2024,2024-01-01,2024-12-31
7670749,TOBACCO_MPOWER_R_INFLATIONADJUSTEDPRICES,COUNTRY,ZAF,AFR,Africa,YEAR,2018,TOBACCO_INDICATOR,TOBACCO_INDICATOR_R_afford_inflation_adjusted_price_ppp,,,,,,,6.81,6.81,,,,2025-08-18T14:33:28Z,2018,2018-01-01,2018-12-31
7673131,TOBACCO_MPOWER_R_INFLATIONADJUSTEDPRICES,COUNTRY,SDN,EMR,Eastern Mediterranean,YEAR,2016,TOBACCO_INDICATOR,TOBACCO_INDICATOR_R_afford_inflation_adjusted_price_lcu,,,,,,,9241.34,9241.34,,,,2025-08-18T14:33:28Z,2016,2016-01-01,2016-12-31
7673958,TOBACCO_MPOWER_R_INFLATIONADJUSTEDPRICES,COUNTRY,ALB,EUR,Europe,YEAR,2008,TOBACCO_INDICATOR,TOBACCO_INDICATOR_R_afford_inflation_adjusted_price_ppp,,,,,,,4.51,4.51,,,,2025-08-18T14:33:28Z,2008,2008-01-01,2008-12-31
7678413,TOBACCO_MPOWER_R_INFLATIONADJUSTEDPRICES,COUNTRY,NGA,AFR,Africa,YEAR,2014,TOBACCO_INDICATOR,TOBACCO_INDICATOR_R_afford_inflation_adjusted_price_lcu,,,,,,,1055.33,1055.33,,,,2025-08-18T14:33:28Z,2014,2014-01-01,2014-12-31
7678522,TOBACCO_MPOWER_R_INFLATIONADJUSTEDPRICES,COUNTRY,AFG,EMR,Eastern Mediterranean,YEAR,2008,TOBACCO_INDICATOR,TOBACCO_INDICATOR_R_afford_inflation_adjusted_price_lcu,,,,,,,. . .,,,,,2025-08-18T14:33:28Z,2008,2008-01-01,2008-12-31
7678946,TOBACCO_MPOWER_R_INFLATIONADJUSTEDPRICES,COUNTRY,KWT,EMR,Eastern Mediterranean,YEAR,2012,TOBACCO_INDICATOR,TOBACCO_INDICATOR_R_afford_inflation_adjusted_price_lcu,,,,,,,. . .,,,,,2025-08-18T14:33:28Z,2012,2012-01-01,2012-12-31
7680057,TOBACCO_MPOWER_R_INFLATIONADJUSTEDPRICES,COUNTRY,SVK,EUR,Europe,YEAR,2016,TOBACCO_INDICATOR,TOBACCO_INDICATOR_R_afford_inflation_adjusted_price_ppp,,,,,,,7.79,7.79,,,,2025-08-18T14:33:28Z,2016,2016-01-01,2016-12-31
7697681,TOBACCO_MPOWER_R_INFLATIONADJUSTEDPRICES,COUNTRY,OMN,EMR,Eastern Mediterranean,YEAR,2010,TOBACCO_INDICATOR,TOBACCO_INDICATOR_R_afford_inflation_adjusted_price_ppp,,,,,,,3.88,3.88,,,,2025-08-18T14:33:28Z,2010,2010-01-01,2010-12-31
7700163,TOBACCO_MPOWER_R_INFLATIONADJUSTEDPRICES,COUNTRY,PAN,AMR,Americas,YEAR,2024,TOBACCO_INDICATOR,TOBACCO_INDICATOR_R_afford_inflation_adjusted_price_ppp,,,,,,,12.29,12.29,,,,2025-08-18T14:33:28Z,2024,2024-01-01,2024-12-31
7700936,TOBACCO_MPOWER_R_INFLATIONADJUSTEDPRICES,COUNTRY,RUS,EUR,Europe,YEAR,2020,TOBACCO_INDICATOR,TOBACCO_INDICATOR_R_afford_inflation_adjusted_price_lcu,,,,,,,220.13,220.13,,,,2025-08-18T14:33:28Z,2020,2020-01-01,2020-12-31
7701384,TOBACCO_MPOWER_R_INFLATIONADJUSTEDPRICES,COUNTRY,JOR,EMR,Eastern Mediterranean,YEAR,2014,TOBACCO_INDICATOR,TOBACCO_INDICATOR_R_afford_inflation_adjusted_price_ppp,,,,,,,5.18,5.18,,,,2025-08-18T14:33:28Z,2014,2014-01-01,2014-12-31
7709624,TOBACCO_MPOWER_R_INFLATIONADJUSTEDPRICES,COUNTRY,BIH,EUR,Europe,YEAR,2008,TOBACCO_INDICATOR,TOBACCO_INDICATOR_R_afford_inflation_adjusted_price_ppp,,,,,,,4.16,4.16,,,,2025-08-18T14:33:28Z,2008,2008-01-01,2008-12-31
7712262,TOBACCO_MPOWER_R_INFLATIONADJUSTEDPRICES,COUNTRY,ARM,EUR,Europe,YEAR,2022,TOBACCO_INDICATOR,TOBACCO_INDICATOR_R_afford_inflation_adjusted_price_ppp,,,,,,,5.74,5.74,,,,2025-08-18T14:33:28Z,2022,2022-01-01,2022-12-31
7712500,TOBACCO_MPOWER_R_INFLATIONADJUSTEDPRICES,COUNTRY,IRN,EMR,Eastern Mediterranean,YEAR,2010,TOBACCO_INDICATOR,TOBACCO_INDICATOR_R_afford_inflation_adjusted_price_lcu,,,,,,,133 629,133628.64,,,,2025-08-18T14:33:28Z,2010,2010-01-01,2010-12-31
7714601,TOBACCO_MPOWER_R_INFLATIONADJUSTEDPRICES,COUNTRY,JPN,WPR,Western Pacific,YEAR,2016,TOBACCO_INDICATOR,TOBACCO_INDICATOR_R_afford_inflation_adjusted_price_lcu,,,,,,,486.56,486.56,,,,2025-08-18T14:33:28Z,2016,2016-01-01,2016-12-31
7716118,TOBACCO_MPOWER_R_INFLATIONADJUSTEDPRICES,COUNTRY,ERI,AFR,Africa,YEAR,2022,TOBACCO_INDICATOR,TOBACCO_INDICATOR_R_afford_inflation_adjusted_price_ppp,,,,,,,. . .,,,,,2025-08-18T14:33:28Z,2022,2022-01-01,2022-12-31
7725104,TOBACCO_MPOWER_R_INFLATIONADJUSTEDPRICES,COUNTRY,YEM,EMR,Eastern Mediterranean,YEAR,2022,TOBACCO_INDICATOR,TOBACCO_INDICATOR_R_afford_inflation_adjusted_price_ppp,,,,,,,4.14,4.14,,,,2025-08-18T14:33:28Z,2022,2022-01-01,2022-12-31
7731214,TOBACCO_MPOWER_R_INFLATIONADJUSTEDPRICES,COUNTRY,TCD,AFR,Africa,YEAR,2016,TOBACCO_INDICATOR,TOBACCO_INDICATOR_R_afford_inflation_adjusted_price_ppp,,,,,,,2.77,2.77,,,,2025-08-18T14:33:28Z,2016,2016-01-01,2016-12-31
7734474,TOBACCO_MPOWER_R_INFLATIONADJUSTEDPRICES,COUNTRY,ARE,EMR,Eastern Mediterranean,YEAR,2010,TOBACCO_INDICATOR,TOBACCO_INDICATOR_R_afford_inflation_adjusted_price_lcu,,,,,,,8.5,8.5,,,,2025-08-18T14:33:28Z,2010,2010-01-01,2010-12-31
7736485,TOBACCO_MPOWER_R_INFLATIONADJUSTEDPRICES,COUNTRY,USA,AMR,Americas,YEAR,2020,TOBACCO_INDICATOR,TOBACCO_INDICATOR_R_afford_inflation_adjusted_price_lcu,,,,,,,8.88,8.88,,,,2025-08-18T14:33:28Z,2020,2020-01-01,2020-12-31
7736517,TOBACCO_MPOWER_R_INFLATIONADJUSTEDPRICES,COUNTRY,SLB,WPR,Western Pacific,YEAR,2018,TOBACCO_INDICATOR,TOBACCO_INDICATOR_R_afford_inflation_adjusted_price_ppp,,,,,,,4.8,4.8,,,,2025-08-18T14:33:28Z,2018,2018-01-01,2018-12-31
7737510,TOBACCO_MPOWER_R_INFLATIONADJUSTEDPRICES,COUNTRY,GUY,AMR,Americas,YEAR,2012,TOBACCO_INDICATOR,TOBACCO_INDICATOR_R_afford_inflation_adjusted_price_ppp,,,,,,,3.79,3.79,,,,2025-08-18T14:33:28Z,2012,2012-01-01,2012-12-31
7738199,TOBACCO_MPOWER_R_INFLATIONADJUSTEDPRICES,COUNTRY,GRC,EUR,Europe,YEAR,2014,TOBACCO_INDICATOR,TOBACCO_INDICATOR_R_afford_inflation_adjusted_price_ppp,,,,,,,8.85,8.85,,,,2025-08-18T14:33:28Z,2014,2014-01-01,2014-12-31
7741966,TOBACCO_MPOWER_R_INFLATIONADJUSTEDPRICES,COUNTRY,ERI,AFR,Africa,YEAR,2014,TOBACCO_INDICATOR,TOBACCO_INDICATOR_R_afford_inflation_adjusted_price_ppp,,,,,,,13.29,13.29,,,,2025-08-18T14:33:28Z,2014,2014-01-01,2014-12-31
7746487,TOBACCO_MPOWER_R_INFLATIONADJUSTEDPRICES,COUNTRY,TUR,EUR,Europe,YEAR,2010,TOBACCO_INDICATOR,TOBACCO_INDICATOR_R_afford_inflation_adjusted_price_ppp,,,,,,,7.2,7.2,,,,2025-08-18T14:33:28Z,2010,2010-01-01,2010-12-31
7753012,TOBACCO_MPOWER_R_INFLATIONADJUSTEDPRICES,COUNTRY,IRL,EUR,Europe,YEAR,2020,TOBACCO_INDICATOR,TOBACCO_INDICATOR_R_afford_inflation_adjusted_price_ppp,,,,,,,21.11,21.11,,,,2025-08-18T14:33:28Z,2020,2020-01-01,2020-12-31
7754581,TOBACCO_MPOWER_R_INFLATIONADJUSTEDPRICES,COUNTRY,CHE,EUR,Europe,YEAR,2008,TOBACCO_INDICATOR,TOBACCO_INDICATOR_R_afford_inflation_adjusted_price_ppp,,,,,,,6.97,6.97,,,,2025-08-18T14:33:28Z,2008,2008-01-01,2008-12-31
7754796,TOBACCO_MPOWER_R_INFLATIONADJUSTEDPRICES,COUNTRY,ECU,AMR,Americas,YEAR,2018,TOBACCO_INDICATOR,TOBACCO_INDICATOR_R_afford_inflation_adjusted_price_ppp,,,,,,,13.05,13.05,,,,2025-08-18T14:33:28Z,2018,2018-01-01,2018-12-31
7756712,TOBACCO_MPOWER_R_INFLATIONADJUSTEDPRICES,COUNTRY,UKR,EUR,Europe,YEAR,2008,TOBACCO_INDICATOR,TOBACCO_INDICATOR_R_afford_inflation_adjusted_price_ppp,,,,,,,2.02,2.02,,,,2025-08-18T14:33:28Z,2008,2008-01-01,2008-12-31
7760478,TOBACCO_MPOWER_R_INFLATIONADJUSTEDPRICES,COUNTRY,VEN,AMR,Americas,YEAR,2022,TOBACCO_INDICATOR,TOBACCO_INDICATOR_R_afford_inflation_adjusted_price_ppp,,,,,,,. . .,,,,Data not validated by the national authorities.,2025-08-18T14:33:28Z,2022,2022-01-01,2022-12-31
7762852,TOBACCO_MPOWER_R_INFLATIONADJUSTEDPRICES,COUNTRY,PSE,EMR,Eastern Mediterranean,YEAR,2008,TOBACCO_INDICATOR,TOBACCO_INDICATOR_R_afford_inflation_adjusted_price_lcu,,,,,,,. . .,,,,,2025-08-18T14:33:28Z,2008,2008-01-01,2008-12-31
7764861,TOBACCO_MPOWER_R_INFLATIONADJUSTEDPRICES,COUNTRY,DJI,EMR,Eastern Mediterranean,YEAR,2016,TOBACCO_INDICATOR,TOBACCO_INDICATOR_R_afford_inflation_adjusted_price_ppp,,,,,,,2.59,2.59,,,,2025-08-18T14:33:28Z,2016,2016-01-01,2016-12-31
7765232,TOBACCO_MPOWER_R_INFLATIONADJUSTEDPRICES,COUNTRY,SOM,EMR,Eastern Mediterranean,YEAR,2018,TOBACCO_INDICATOR,TOBACCO_INDICATOR_R_afford_inflation_adjusted_price_lcu,,,,,,,16 375,16374.85,,,,2025-08-18T14:33:28Z,2018,2018-01-01,2018-12-31
7772020,TOBACCO_MPOWER_R_INFLATIONADJUSTEDPRICES,COUNTRY,DJI,EMR,Eastern Mediterranean,YEAR,2018,TOBACCO_INDICATOR,TOBACCO_INDICATOR_R_afford_inflation_adjusted_price_ppp,,,,,,,. . .,,,,,2025-08-18T14:33:28Z,2018,2018-01-01,2018-12-31
7775552,TOBACCO_MPOWER_R_INFLATIONADJUSTEDPRICES,COUNTRY,BRB,AMR,Americas,YEAR,2016,TOBACCO_INDICATOR,TOBACCO_INDICATOR_R_afford_inflation_adjusted_price_ppp,,,,,,,9.05,9.05,,,,2025-08-18T14:33:28Z,2016,2016-01-01,2016-12-31
7776042,TOBACCO_MPOWER_R_INFLATIONADJUSTEDPRICES,COUNTRY,BLR,EUR,Europe,YEAR,2010,TOBACCO_INDICATOR,TOBACCO_INDICATOR_R_afford_inflation_adjusted_price_ppp,,,,,,,1.43,1.43,,,,2025-08-18T14:33:28Z,2010,2010-01-01,2010-12-31
7776143,TOBACCO_MPOWER_R_INFLATIONADJUSTEDPRICES,COUNTRY,GAB,AFR,Africa,YEAR,2020,TOBACCO_INDICATOR,TOBACCO_INDICATOR_R_afford_inflation_adjusted_price_ppp,,,,,,,4.61,4.61,,,,2025-08-18T14:33:28Z,2020,2020-01-01,2020-12-31
7779566,TOBACCO_MPOWER_R_INFLATIONADJUSTEDPRICES,COUNTRY,TUR,EUR,Europe,YEAR,2018,TOBACCO_INDICATOR,TOBACCO_INDICATOR_R_afford_inflation_adjusted_price_ppp,,,,,,,10.33,10.33,,,,2025-08-18T14:33:28Z,2018,2018-01-01,2018-12-31
7789498,TOBACCO_MPOWER_R_INFLATIONADJUSTEDPRICES,COUNTRY,ALB,EUR,Europe,YEAR,2010,TOBACCO_INDICATOR,TOBACCO_INDICATOR_R_afford_inflation_adjusted_price_ppp,,,,,,,4.89,4.89,,,,2025-08-18T14:33:28Z,2010,2010-01-01,2010-12-31
7789763,TOBACCO_MPOWER_R_INFLATIONADJUSTEDPRICES,COUNTRY,GEO,EUR,Europe,YEAR,2016,TOBACCO_INDICATOR,TOBACCO_INDICATOR_R_afford_inflation_adjusted_price_ppp,,,,,,,4.27,4.27,,,,2025-08-18T14:33:28Z,2016,2016-01-01,2016-12-31
7791711,TOBACCO_MPOWER_R_INFLATIONADJUSTEDPRICES,COUNTRY,BRN,WPR,Western Pacific,YEAR,2008,TOBACCO_INDICATOR,TOBACCO_INDICATOR_R_afford_inflation_adjusted_price_ppp,,,,,,,3.42,3.42,,,,2025-08-18T14:33:28Z,2008,2008-01-01,2008-12-31
7791801,TOBACCO_MPOWER_R_INFLATIONADJUSTEDPRICES,COUNTRY,NGA,AFR,Africa,YEAR,2012,TOBACCO_INDICATOR,TOBACCO_INDICATOR_R_afford_inflation_adjusted_price_lcu,,,,,,,1124.37,1124.37,,,,2025-08-18T14:33:28Z,2012,2012-01-01,2012-12-31
7791819,TOBACCO_MPOWER_R_INFLATIONADJUSTEDPRICES,COUNTRY,SYR,EMR,Eastern Mediterranean,YEAR,2014,TOBACCO_INDICATOR,TOBACCO_INDICATOR_R_afford_inflation_adjusted_price_ppp,,,,,,,. . .,,,,,2025-08-18T14:33:28Z,2014,2014-01-01,2014-12-31
7794797,TOBACCO_MPOWER_R_INFLATIONADJUSTEDPRICES,COUNTRY,PRY,AMR,Americas,YEAR,2020,TOBACCO_INDICATOR,TOBACCO_INDICATOR_R_afford_inflation_adjusted_price_ppp,,,,,,,1.03,1.03,,,,2025-08-18T14:33:28Z,2020,2020-01-01,2020-12-31
7795303,TOBACCO_MPOWER_R_INFLATIONADJUSTEDPRICES,COUNTRY,ZAF,AFR,Africa,YEAR,2024,TOBACCO_INDICATOR,TOBACCO_INDICATOR_R_afford_inflation_adjusted_price_lcu,,,,,,,47.7,47.7,,,,2025-08-18T14:33:28Z,2024,2024-01-01,2024-12-31
7795760,TOBACCO_MPOWER_R_INFLATIONADJUSTEDPRICES,COUNTRY,AND,EUR,Europe,YEAR,2022,TOBACCO_INDICATOR,TOBACCO_INDICATOR_R_afford_inflation_adjusted_price_ppp,,,,,,,6.65,6.65,,,,2025-08-18T14:33:28Z,2022,2022-01-01,2022-12-31
7798038,TOBACCO_MPOWER_R_INFLATIONADJUSTEDPRICES,COUNTRY,MKD,EUR,Europe,YEAR,2012,TOBACCO_INDICATOR,TOBACCO_INDICATOR_R_afford_inflation_adjusted_price_ppp,,,,,,,4.23,4.23,,,,2025-08-18T14:33:28Z,2012,2012-01-01,2012-12-31
7798824,TOBACCO_MPOWER_R_INFLATIONADJUSTEDPRICES,COUNTRY,MDG,AFR,Africa,YEAR,2022,TOBACCO_INDICATOR,TOBACCO_INDICATOR_R_afford_inflation_adjusted_price_lcu,,,,,,,5439.7,5439.7,,,,2025-08-18T14:33:28Z,2022,2022-01-01,2022-12-31
7801510,TOBACCO_MPOWER_R_INFLATIONADJUSTEDPRICES,COUNTRY,NOR,EUR,Europe,YEAR,2014,TOBACCO_INDICATOR,TOBACCO_INDICATOR_R_afford_inflation_adjusted_price_lcu,,,,,,,133.67,133.67,,,,2025-08-18T14:33:28Z,2014,2014-01-01,2014-12-31
7801685,TOBACCO_MPOWER_R_INFLATIONADJUSTEDPRICES,COUNTRY,NAM,AFR,Africa,YEAR,2012,TOBACCO_INDICATOR,TOBACCO_INDICATOR_R_afford_inflation_adjusted_price_ppp,,,,,,,7.53,7.53,,,,2025-08-18T14:33:28Z,2012,2012-01-01,2012-12-31
7801733,TOBACCO_MPOWER_R_INFLATIONADJUSTEDPRICES,COUNTRY,MDG,AFR,Africa,YEAR,2012,TOBACCO_INDICATOR,TOBACCO_INDICATOR_R_afford_inflation_adjusted_price_ppp,,,,,,,3.52,3.52,,,,2025-08-18T14:33:28Z,2012,2012-01-01,2012-12-31
7802677,TOBACCO_MPOWER_R_INFLATIONADJUSTEDPRICES,COUNTRY,COD,AFR,Africa,YEAR,2008,TOBACCO_INDICATOR,TOBACCO_INDICATOR_R_afford_inflation_adjusted_price_lcu,,,,,,,4577.86,4577.86,,,,2025-08-18T14:33:28Z,2008,2008-01-01,2008-12-31
7802894,TOBACCO_MPOWER_R_INFLATIONADJUSTEDPRICES,COUNTRY,KNA,AMR,Americas,YEAR,2018,TOBACCO_INDICATOR,TOBACCO_INDICATOR_R_afford_inflation_adjusted_price_ppp,,,,,,,4.98,4.98,,,,2025-08-18T14:33:28Z,2018,2018-01-01,2018-12-31
7804117,TOBACCO_MPOWER_R_INFLATIONADJUSTEDPRICES,COUNTRY,TZA,AFR,Africa,YEAR,2014,TOBACCO_INDICATOR,TOBACCO_INDICATOR_R_afford_inflation_adjusted_price_ppp,,,,,,,6.05,6.05,,,,2025-08-18T14:33:28Z,2014,2014-01-01,2014-12-31
7806053,TOBACCO_MPOWER_R_INFLATIONADJUSTEDPRICES,COUNTRY,PER,AMR,Americas,YEAR,2014,TOBACCO_INDICATOR,TOBACCO_INDICATOR_R_afford_inflation_adjusted_price_lcu,,,,,,,8.79,8.79,,,,2025-08-18T14:33:28Z,2014,2014-01-01,2014-12-31
7807888,TOBACCO_MPOWER_R_INFLATIONADJUSTEDPRICES,COUNTRY,THA,SEAR,South-East Asia,YEAR,2022,TOBACCO_INDICATOR,TOBACCO_INDICATOR_R_afford_inflation_adjusted_price_ppp,,,,,,,6.5,6.5,,,,2025-08-18T14:33:28Z,2022,2022-01-01,2022-12-31
7808731,TOBACCO_MPOWER_R_INFLATIONADJUSTEDPRICES,COUNTRY,IRQ,EMR,Eastern Mediterranean,YEAR,2022,TOBACCO_INDICATOR,TOBACCO_INDICATOR_R_afford_inflation_adjusted_price_ppp,,,,,,,1.22,1.22,,,,2025-08-18T14:33:28Z,2022,2022-01-01,2022-12-31
7810374,TOBACCO_MPOWER_R_INFLATIONADJUSTEDPRICES,COUNTRY,HTI,AMR,Americas,YEAR,2020,TOBACCO_INDICATOR,TOBACCO_INDICATOR_R_afford_inflation_adjusted_price_lcu,,,,,,,. . .,,,,,2025-08-18T14:33:28Z,2020,2020-01-01,2020-12-31
7811209,TOBACCO_MPOWER_R_INFLATIONADJUSTEDPRICES,COUNTRY,VEN,AMR,Americas,YEAR,2008,TOBACCO_INDICATOR,TOBACCO_INDICATOR_R_afford_inflation_adjusted_price_ppp,,,,,,,. . .,,,,Data not validated by the national authorities.,2025-08-18T14:33:28Z,2008,2008-01-01,2008-12-31
7816658,TOBACCO_MPOWER_R_INFLATIONADJUSTEDPRICES,COUNTRY,KNA,AMR,Americas,YEAR,2008,TOBACCO_INDICATOR,TOBACCO_INDICATOR_R_afford_inflation_adjusted_price_ppp,,,,,,,3.66,3.66,,,,2025-08-18T14:33:28Z,2008,2008-01-01,2008-12-31
7819603,TOBACCO_MPOWER_R_INFLATIONADJUSTEDPRICES,COUNTRY,ZMB,AFR,Africa,YEAR,2012,TOBACCO_INDICATOR,TOBACCO_INDICATOR_R_afford_inflation_adjusted_price_lcu,,,,,,,29.93,29.93,,,,2025-08-18T14:33:28Z,2012,2012-01-01,2012-12-31
7821552,TOBACCO_MPOWER_R_INFLATIONADJUSTEDPRICES,COUNTRY,MKD,EUR,Europe,YEAR,2022,TOBACCO_INDICATOR,TOBACCO_INDICATOR_R_afford_inflation_adjusted_price_lcu,,,,,,,131.06,131.06,,,,2025-08-18T14:33:28Z,2022,2022-01-01,2022-12-31
7823445,TOBACCO_MPOWER_R_INFLATIONADJUSTEDPRICES,COUNTRY,LCA,AMR,Americas,YEAR,2014,TOBACCO_INDICATOR,TOBACCO_INDICATOR_R_afford_inflation_adjusted_price_ppp,,,,,,,5.21,5.21,,,,2025-08-18T14:33:28Z,2014,2014-01-01,2014-12-31
7824421,TOBACCO_MPOWER_R_INFLATIONADJUSTEDPRICES,COUNTRY,MEX,AMR,Americas,YEAR,2024,TOBACCO_INDICATOR,TOBACCO_INDICATOR_R_afford_inflation_adjusted_price_lcu,,,,,,,79.98,79.98,,,,2025-08-18T14:33:28Z,2024,2024-01-01,2024-12-31
7826198,TOBACCO_MPOWER_R_INFLATIONADJUSTEDPRICES,COUNTRY,LBY,EMR,Eastern Mediterranean,YEAR,2014,TOBACCO_INDICATOR,TOBACCO_INDICATOR_R_afford_inflation_adjusted_price_lcu,,,,,,,6.6,6.6,,,,2025-08-18T14:33:28Z,2014,2014-01-01,2014-12-31
7829842,TOBACCO_MPOWER_R_INFLATIONADJUSTEDPRICES,COUNTRY,BGR,EUR,Europe,YEAR,2016,TOBACCO_INDICATOR,TOBACCO_INDICATOR_R_afford_inflation_adjusted_price_lcu,,,,,,,6.42,6.42,,,,2025-08-18T14:33:28Z,2016,2016-01-01,2016-12-31
7835301,TOBACCO_MPOWER_R_INFLATIONADJUSTEDPRICES,COUNTRY,SVN,EUR,Europe,YEAR,2020,TOBACCO_INDICATOR,TOBACCO_INDICATOR_R_afford_inflation_adjusted_price_lcu,,,,,,,4.62,4.62,,,,2025-08-18T14:33:28Z,2020,2020-01-01,2020-12-31
7845376,TOBACCO_MPOWER_R_INFLATIONADJUSTEDPRICES,COUNTRY,AUT,EUR,Europe,YEAR,2014,TOBACCO_INDICATOR,TOBACCO_INDICATOR_R_afford_inflation_adjusted_price_ppp,,,,,,,8.5,8.5,,,,2025-08-18T14:33:28Z,2014,2014-01-01,2014-12-31
7846703,TOBACCO_MPOWER_R_INFLATIONADJUSTEDPRICES,COUNTRY,GHA,AFR,Africa,YEAR,2014,TOBACCO_INDICATOR,TOBACCO_INDICATOR_R_afford_inflation_adjusted_price_lcu,,,,,,,12.42,12.42,,,,2025-08-18T14:33:28Z,2014,2014-01-01,2014-12-31
7848323,TOBACCO_MPOWER_R_INFLATIONADJUSTEDPRICES,COUNTRY,MDA,EUR,Europe,YEAR,2012,TOBACCO_INDICATOR,TOBACCO_INDICATOR_R_afford_inflation_adjusted_price_lcu,,,,,,,32.11,32.11,,,,2025-08-18T14:33:28Z,2012,2012-01-01,2012-12-31
7850449,TOBACCO_MPOWER_R_INFLATIONADJUSTEDPRICES,COUNTRY,PLW,WPR,Western Pacific,YEAR,2022,TOBACCO_INDICATOR,TOBACCO_INDICATOR_R_afford_inflation_adjusted_price_ppp,,,,,,,7.51,7.51,,,,2025-08-18T14:33:28Z,2022,2022-01-01,2022-12-31
7852447,TOBACCO_MPOWER_R_INFLATIONADJUSTEDPRICES,COUNTRY,BLZ,AMR,Americas,YEAR,2024,TOBACCO_INDICATOR,TOBACCO_INDICATOR_R_afford_inflation_adjusted_price_lcu,,,,,,,7.5,7.5,,,,2025-08-18T14:33:28Z,2024,2024-01-01,2024-12-31
7853603,TOBACCO_MPOWER_R_INFLATIONADJUSTEDPRICES,COUNTRY,BGR,EUR,Europe,YEAR,2022,TOBACCO_INDICATOR,TOBACCO_INDICATOR_R_afford_inflation_adjusted_price_lcu,,,,,,,5.57,5.57,,,,2025-08-18T14:33:28Z,2022,2022-01-01,2022-12-31
7855967,TOBACCO_MPOWER_R_INFLATIONADJUSTEDPRICES,COUNTRY,BGR,EUR,Europe,YEAR,2008,TOBACCO_INDICATOR,TOBACCO_INDICATOR_R_afford_inflation_adjusted_price_lcu,,,,,,,4.36,4.36,,,,2025-08-18T14:33:28Z,2008,2008-01-01,2008-12-31
7857981,TOBACCO_MPOWER_R_INFLATIONADJUSTEDPRICES,COUNTRY,HUN,EUR,Europe,YEAR,2024,TOBACCO_INDICATOR,TOBACCO_INDICATOR_R_afford_inflation_adjusted_price_ppp,,,,,,,12.59,12.59,,,,2025-08-18T14:33:28Z,2024,2024-01-01,2024-12-31
7861076,TOBACCO_MPOWER_R_INFLATIONADJUSTEDPRICES,COUNTRY,AND,EUR,Europe,YEAR,2024,TOBACCO_INDICATOR,TOBACCO_INDICATOR_R_afford_inflation_adjusted_price_lcu,,,,,,,4.4,4.4,,,,2025-08-18T14:33:28Z,2024,2024-01-01,2024-12-31
7864082,TOBACCO_MPOWER_R_INFLATIONADJUSTEDPRICES,COUNTRY,EST,EUR,Europe,YEAR,2022,TOBACCO_INDICATOR,TOBACCO_INDICATOR_R_afford_inflation_adjusted_price_ppp,,,,,,,8.32,8.32,,,,2025-08-18T14:33:28Z,2022,2022-01-01,2022-12-31
7871361,TOBACCO_MPOWER_R_INFLATIONADJUSTEDPRICES,COUNTRY,PER,AMR,Americas,YEAR,2018,TOBACCO_INDICATOR,TOBACCO_INDICATOR_R_afford_inflation_adjusted_price_lcu,,,,,,,20.3,20.3,,,,2025-08-18T14:33:28Z,2018,2018-01-01,2018-12-31
7882261,TOBACCO_MPOWER_R_INFLATIONADJUSTEDPRICES,COUNTRY,AUT,EUR,Europe,YEAR,2012,TOBACCO_INDICATOR,TOBACCO_INDICATOR_R_afford_inflation_adjusted_price_ppp,,,,,,,8.07,8.07,,,,2025-08-18T14:33:28Z,2012,2012-01-01,2012-12-31
7882409,TOBACCO_MPOWER_R_INFLATIONADJUSTEDPRICES,COUNTRY,ISL,EUR,Europe,YEAR,2018,TOBACCO_INDICATOR,TOBACCO_INDICATOR_R_afford_inflation_adjusted_price_lcu,,,,,,,1874.97,1874.97,,,,2025-08-18T14:33:28Z,2018,2018-01-01,2018-12-31
7883892,TOBACCO_MPOWER_R_INFLATIONADJUSTEDPRICES,COUNTRY,GUY,AMR,Americas,YEAR,2018,TOBACCO_INDICATOR,TOBACCO_INDICATOR_R_afford_inflation_adjusted_price_lcu,,,,,,,462.66,462.66,,,,2025-08-18T14:33:28Z,2018,2018-01-01,2018-12-31
7893908,TOBACCO_MPOWER_R_INFLATIONADJUSTEDPRICES,COUNTRY,ATG,AMR,Americas,YEAR,2014,TOBACCO_INDICATOR,TOBACCO_INDICATOR_R_afford_inflation_adjusted_price_ppp,,,,,,,4.91,4.91,,,,2025-08-18T14:33:28Z,2014,2014-01-01,2014-12-31
7894809,TOBACCO_MPOWER_R_INFLATIONADJUSTEDPRICES,COUNTRY,CUB,AMR,Americas,YEAR,2020,TOBACCO_INDICATOR,TOBACCO_INDICATOR_R_afford_inflation_adjusted_price_ppp,,,,,,,. . .,,,,,2025-08-18T14:33:28Z,2020,2020-01-01,2020-12-31
7899383,TOBACCO_MPOWER_R_INFLATIONADJUSTEDPRICES,COUNTRY,SUR,AMR,Americas,YEAR,2018,TOBACCO_INDICATOR,TOBACCO_INDICATOR_R_afford_inflation_adjusted_price_ppp,,,,,,,11.21,11.21,,,,2025-08-18T14:33:28Z,2018,2018-01-01,2018-12-31
7900063,TOBACCO_MPOWER_R_INFLATIONADJUSTEDPRICES,COUNTRY,MWI,AFR,Africa,YEAR,2010,TOBACCO_INDICATOR,TOBACCO_INDICATOR_R_afford_inflation_adjusted_price_ppp,,,,,,,. . .,,,,,2025-08-18T14:33:28Z,2010,2010-01-01,2010-12-31
7900986,TOBACCO_MPOWER_R_INFLATIONADJUSTEDPRICES,COUNTRY,BRN,WPR,Western Pacific,YEAR,2012,TOBACCO_INDICATOR,TOBACCO_INDICATOR_R_afford_inflation_adjusted_price_ppp,,,,,,,11.25,11.25,,,,2025-08-18T14:33:28Z,2012,2012-01-01,2012-12-31
7906457,TOBACCO_MPOWER_R_INFLATIONADJUSTEDPRICES,COUNTRY,PRK,SEAR,South-East Asia,YEAR,2024,TOBACCO_INDICATOR,TOBACCO_INDICATOR_R_afford_inflation_adjusted_price_ppp,,,,,,,. . .,,,,,2025-08-18T14:33:28Z,2024,2024-01-01,2024-12-31
7908210,TOBACCO_MPOWER_R_INFLATIONADJUSTEDPRICES,COUNTRY,MDA,EUR,Europe,YEAR,2014,TOBACCO_INDICATOR,TOBACCO_INDICATOR_R_afford_inflation_adjusted_price_ppp,,,,,,,4.16,4.16,,,,2025-08-18T14:33:28Z,2014,2014-01-01,2014-12-31
7910430,TOBACCO_MPOWER_R_INFLATIONADJUSTEDPRICES,COUNTRY,BFA,AFR,Africa,YEAR,2016,TOBACCO_INDICATOR,TOBACCO_INDICATOR_R_afford_inflation_adjusted_price_ppp,,,,,,,4.2,4.2,,,,2025-08-18T14:33:28Z,2016,2016-01-01,2016-12-31
7910924,TOBACCO_MPOWER_R_INFLATIONADJUSTEDPRICES,COUNTRY,BEL,EUR,Europe,YEAR,2022,TOBACCO_INDICATOR,TOBACCO_INDICATOR_R_afford_inflation_adjusted_price_lcu,,,,,,,8.54,8.54,,,,2025-08-18T14:33:28Z,2022,2022-01-01,2022-12-31
7910981,TOBACCO_MPOWER_R_INFLATIONADJUSTEDPRICES,COUNTRY,COL,AMR,Americas,YEAR,2008,TOBACCO_INDICATOR,TOBACCO_INDICATOR_R_afford_inflation_adjusted_price_lcu,,,,,,,3700.35,3700.35,,,,2025-08-18T14:33:28Z,2008,2008-01-01,2008-12-31
7912974,TOBACCO_MPOWER_R_INFLATIONADJUSTEDPRICES,COUNTRY,FRA,EUR,Europe,YEAR,2014,TOBACCO_INDICATOR,TOBACCO_INDICATOR_R_afford_inflation_adjusted_price_lcu,,,,,,,8.64,8.64,,,,2025-08-18T14:33:28Z,2014,2014-01-01,2014-12-31
7913721,TOBACCO_MPOWER_R_INFLATIONADJUSTEDPRICES,COUNTRY,FJI,WPR,Western Pacific,YEAR,2022,TOBACCO_INDICATOR,TOBACCO_INDICATOR_R_afford_inflation_adjusted_price_ppp,,,,,,,22.18,22.18,,,,2025-08-18T14:33:28Z,2022,2022-01-01,2022-12-31
7913927,TOBACCO_MPOWER_R_INFLATIONADJUSTEDPRICES,COUNTRY,SVN,EUR,Europe,YEAR,2024,TOBACCO_INDICATOR,TOBACCO_INDICATOR_R_afford_inflation_adjusted_price_lcu,,,,,,,5,5,,,,2025-08-18T14:33:28Z,2024,2024-01-01,2024-12-31
7916970,TOBACCO_MPOWER_R_INFLATIONADJUSTEDPRICES,COUNTRY,ECU,AMR,Americas,YEAR,2008,TOBACCO_INDICATOR,TOBACCO_INDICATOR_R_afford_inflation_adjusted_price_lcu,,,,,,,2.46,2.46,,,,2025-08-18T14:33:28Z,2008,2008-01-01,2008-12-31
7917247,TOBACCO_MPOWER_R_INFLATIONADJUSTEDPRICES,COUNTRY,STP,AFR,Africa,YEAR,2014,TOBACCO_INDICATOR,TOBACCO_INDICATOR_R_afford_inflation_adjusted_price_ppp,,,,,,,3,3,,,,2025-08-18T14:33:28Z,2014,2014-01-01,2014-12-31
7922307,TOBACCO_MPOWER_R_INFLATIONADJUSTEDPRICES,COUNTRY,MMR,SEAR,South-East Asia,YEAR,2012,TOBACCO_INDICATOR,TOBACCO_INDICATOR_R_afford_inflation_adjusted_price_ppp,,,,,,,2.96,2.96,,,,2025-08-18T14:33:28Z,2012,2012-01-01,2012-12-31
7924557,TOBACCO_MPOWER_R_INFLATIONADJUSTEDPRICES,COUNTRY,GBR,EUR,Europe,YEAR,2010,TOBACCO_INDICATOR,TOBACCO_INDICATOR_R_afford_inflation_adjusted_price_lcu,,,,,,,9.42,9.42,,,,2025-08-18T14:33:28Z,2010,2010-01-01,2010-12-31
7926986,TOBACCO_MPOWER_R_INFLATIONADJUSTEDPRICES,COUNTRY,LVA,EUR,Europe,YEAR,2022,TOBACCO_INDICATOR,TOBACCO_INDICATOR_R_afford_inflation_adjusted_price_lcu,,,,,,,4.42,4.42,,,,2025-08-18T14:33:28Z,2022,2022-01-01,2022-12-31
7931937,TOBACCO_MPOWER_R_INFLATIONADJUSTEDPRICES,COUNTRY,ISL,EUR,Europe,YEAR,2016,TOBACCO_INDICATOR,TOBACCO_INDICATOR_R_afford_inflation_adjusted_price_lcu,,,,,,,1832.33,1832.33,,,,2025-08-18T14:33:28Z,2016,2016-01-01,2016-12-31
7934129,TOBACCO_MPOWER_R_INFLATIONADJUSTEDPRICES,COUNTRY,ITA,EUR,Europe,YEAR,2016,TOBACCO_INDICATOR,TOBACCO_INDICATOR_R_afford_inflation_adjusted_price_ppp,,,,,,,9.75,9.75,,,,2025-08-18T14:33:28Z,2016,2016-01-01,2016-12-31
7941001,TOBACCO_MPOWER_R_INFLATIONADJUSTEDPRICES,COUNTRY,TKM,EUR,Europe,YEAR,2008,TOBACCO_INDICATOR,TOBACCO_INDICATOR_R_afford_inflation_adjusted_price_ppp,,,,,,,2.22,2.22,,,,2025-08-18T14:33:28Z,2008,2008-01-01,2008-12-31
7941361,TOBACCO_MPOWER_R_INFLATIONADJUSTEDPRICES,COUNTRY,DOM,AMR,Americas,YEAR,2012,TOBACCO_INDICATOR,TOBACCO_INDICATOR_R_afford_inflation_adjusted_price_lcu,,,,,,,207.24,207.24,,,,2025-08-18T14:33:28Z,2012,2012-01-01,2012-12-31
7941533,TOBACCO_MPOWER_R_INFLATIONADJUSTEDPRICES,COUNTRY,GEO,EUR,Europe,YEAR,2018,TOBACCO_INDICATOR,TOBACCO_INDICATOR_R_afford_inflation_adjusted_price_lcu,,,,,,,5.19,5.19,,,,2025-08-18T14:33:28Z,2018,2018-01-01,2018-12-31
7943942,TOBACCO_MPOWER_R_INFLATIONADJUSTEDPRICES,COUNTRY,YEM,EMR,Eastern Mediterranean,YEAR,2010,TOBACCO_INDICATOR,TOBACCO_INDICATOR_R_afford_inflation_adjusted_price_lcu,,,,,,,2369.19,2369.19,,,,2025-08-18T14:33:28Z,2010,2010-01-01,2010-12-31
7944203,TOBACCO_MPOWER_R_INFLATIONADJUSTEDPRICES,COUNTRY,COG,AFR,Africa,YEAR,2018,TOBACCO_INDICATOR,TOBACCO_INDICATOR_R_afford_inflation_adjusted_price_lcu,,,,,,,747.12,747.12,,,,2025-08-18T14:33:28Z,2018,2018-01-01,2018-12-31
7945279,TOBACCO_MPOWER_R_INFLATIONADJUSTEDPRICES,COUNTRY,MOZ,AFR,Africa,YEAR,2010,TOBACCO_INDICATOR,TOBACCO_INDICATOR_R_afford_inflation_adjusted_price_lcu,,,,,,,49.51,49.51,,,,2025-08-18T14:33:28Z,2010,2010-01-01,2010-12-31
7946181,TOBACCO_MPOWER_R_INFLATIONADJUSTEDPRICES,COUNTRY,MDV,SEAR,South-East Asia,YEAR,2010,TOBACCO_INDICATOR,TOBACCO_INDICATOR_R_afford_inflation_adjusted_price_ppp,,,,,,,4.41,4.41,,,,2025-08-18T14:33:28Z,2010,2010-01-01,2010-12-31
7947785,TOBACCO_MPOWER_R_INFLATIONADJUSTEDPRICES,COUNTRY,CHL,AMR,Americas,YEAR,2014,TOBACCO_INDICATOR,TOBACCO_INDICATOR_R_afford_inflation_adjusted_price_ppp,,,,,,,6.29,6.29,,,,2025-08-18T14:33:28Z,2014,2014-01-01,2014-12-31
7949018,TOBACCO_MPOWER_R_INFLATIONADJUSTEDPRICES,COUNTRY,COM,AFR,Africa,YEAR,2010,TOBACCO_INDICATOR,TOBACCO_INDICATOR_R_afford_inflation_adjusted_price_lcu,,,,,,,754.02,754.02,,,,2025-08-18T14:33:28Z,2010,2010-01-01,2010-12-31
7950253,TOBACCO_MPOWER_R_INFLATIONADJUSTEDPRICES,COUNTRY,FSM,WPR,Western Pacific,YEAR,2016,TOBACCO_INDICATOR,TOBACCO_INDICATOR_R_afford_inflation_adjusted_price_ppp,,,,,,,3.23,3.23,,,,2025-08-18T14:33:28Z,2016,2016-01-01,2016-12-31
7950814,TOBACCO_MPOWER_R_INFLATIONADJUSTEDPRICES,COUNTRY,SYR,EMR,Eastern Mediterranean,YEAR,2016,TOBACCO_INDICATOR,TOBACCO_INDICATOR_R_afford_inflation_adjusted_price_ppp,,,,,,,. . .,,,,,2025-08-18T14:33:28Z,2016,2016-01-01,2016-12-31
7953218,TOBACCO_MPOWER_R_INFLATIONADJUSTEDPRICES,COUNTRY,NIC,AMR,Americas,YEAR,2014,TOBACCO_INDICATOR,TOBACCO_INDICATOR_R_afford_inflation_adjusted_price_ppp,,,,,,,. . .,,,,,2025-08-18T14:33:28Z,2014,2014-01-01,2014-12-31
7958035,TOBACCO_MPOWER_R_INFLATIONADJUSTEDPRICES,COUNTRY,SMR,EUR,Europe,YEAR,2018,TOBACCO_INDICATOR,TOBACCO_INDICATOR_R_afford_inflation_adjusted_price_ppp,,,,,,,. . .,,,,,2025-08-18T14:33:28Z,2018,2018-01-01,2018-12-31
7965966,TOBACCO_MPOWER_R_INFLATIONADJUSTEDPRICES,COUNTRY,COD,AFR,Africa,YEAR,2010,TOBACCO_INDICATOR,TOBACCO_INDICATOR_R_afford_inflation_adjusted_price_lcu,,,,,,,2960.92,2960.92,,,,2025-08-18T14:33:28Z,2010,2010-01-01,2010-12-31
7980781,TOBACCO_MPOWER_R_INFLATIONADJUSTEDPRICES,COUNTRY,POL,EUR,Europe,YEAR,2022,TOBACCO_INDICATOR,TOBACCO_INDICATOR_R_afford_inflation_adjusted_price_lcu,,,,,,,19.08,19.08,,,,2025-08-18T14:33:28Z,2022,2022-01-01,2022-12-31
7986679,TOBACCO_MPOWER_R_INFLATIONADJUSTEDPRICES,COUNTRY,TZA,AFR,Africa,YEAR,2012,TOBACCO_INDICATOR,TOBACCO_INDICATOR_R_afford_inflation_adjusted_price_ppp,,,,,,,5.01,5.01,,,,2025-08-18T14:33:28Z,2012,2012-01-01,2012-12-31
7989811,TOBACCO_MPOWER_R_INFLATIONADJUSTEDPRICES,COUNTRY,LBN,EMR,Eastern Mediterranean,YEAR,2010,TOBACCO_INDICATOR,TOBACCO_INDICATOR_R_afford_inflation_adjusted_price_ppp,,,,,,,5.71,5.71,,,,2025-08-18T14:33:28Z,2010,2010-01-01,2010-12-31
7991830,TOBACCO_MPOWER_R_INFLATIONADJUSTEDPRICES,COUNTRY,MUS,AFR,Africa,YEAR,2020,TOBACCO_INDICATOR,TOBACCO_INDICATOR_R_afford_inflation_adjusted_price_lcu,,,,,,,191.73,191.73,,,,2025-08-18T14:33:28Z,2020,2020-01-01,2020-12-31
7994307,TOBACCO_MPOWER_R_INFLATIONADJUSTEDPRICES,COUNTRY,OMN,EMR,Eastern Mediterranean,YEAR,2016,TOBACCO_INDICATOR,TOBACCO_INDICATOR_R_afford_inflation_adjusted_price_ppp,,,,,,,6.77,6.77,,,,2025-08-18T14:33:28Z,2016,2016-01-01,2016-12-31
7995854,TOBACCO_MPOWER_R_INFLATIONADJUSTEDPRICES,COUNTRY,ROU,EUR,Europe,YEAR,2020,TOBACCO_INDICATOR,TOBACCO_INDICATOR_R_afford_inflation_adjusted_price_lcu,,,,,,,28.56,28.56,,,,2025-08-18T14:33:28Z,2020,2020-01-01,2020-12-31
7996293,TOBACCO_MPOWER_R_INFLATIONADJUSTEDPRICES,COUNTRY,BDI,AFR,Africa,YEAR,2018,TOBACCO_INDICATOR,TOBACCO_INDICATOR_R_afford_inflation_adjusted_price_lcu,,,,,,,3356.64,3356.64,,,,2025-08-18T14:33:28Z,2018,2018-01-01,2018-12-31
7996783,TOBACCO_MPOWER_R_INFLATIONADJUSTEDPRICES,COUNTRY,NOR,EUR,Europe,YEAR,2020,TOBACCO_INDICATOR,TOBACCO_INDICATOR_R_afford_inflation_adjusted_price_lcu,,,,,,,153.67,153.67,,,,2025-08-18T14:33:28Z,2020,2020-01-01,2020-12-31
7999943,TOBACCO_MPOWER_R_INFLATIONADJUSTEDPRICES,COUNTRY,AUT,EUR,Europe,YEAR,2016,TOBACCO_INDICATOR,TOBACCO_INDICATOR_R_afford_inflation_adjusted_price_lcu,,,,,,,6.65,6.65,,,,2025-08-18T14:33:28Z,2016,2016-01-01,2016-12-31
8004237,TOBACCO_MPOWER_R_INFLATIONADJUSTEDPRICES,COUNTRY,COG,AFR,Africa,YEAR,2010,TOBACCO_INDICATOR,TOBACCO_INDICATOR_R_afford_inflation_adjusted_price_ppp,,,,,,,2.29,2.29,,,,2025-08-18T14:33:28Z,2010,2010-01-01,2010-12-31
8004928,TOBACCO_MPOWER_R_INFLATIONADJUSTEDPRICES,COUNTRY,MAR,EMR,Eastern Mediterranean,YEAR,2014,TOBACCO_INDICATOR,TOBACCO_INDICATOR_R_afford_inflation_adjusted_price_ppp,,,,,,,6.59,6.59,,,,2025-08-18T14:33:28Z,2014,2014-01-01,2014-12-31
8011527,TOBACCO_MPOWER_R_INFLATIONADJUSTEDPRICES,COUNTRY,AND,EUR,Europe,YEAR,2018,TOBACCO_INDICATOR,TOBACCO_INDICATOR_R_afford_inflation_adjusted_price_ppp,,,,,,,6.86,6.86,,,,2025-08-18T14:33:28Z,2018,2018-01-01,2018-12-31
8016241,TOBACCO_MPOWER_R_INFLATIONADJUSTEDPRICES,COUNTRY,SAU,EMR,Eastern Mediterranean,YEAR,2020,TOBACCO_INDICATOR,TOBACCO_INDICATOR_R_afford_inflation_adjusted_price_ppp,,,,,,,17.66,17.66,,,,2025-08-18T14:33:28Z,2020,2020-01-01,2020-12-31
8016289,TOBACCO_MPOWER_R_INFLATIONADJUSTEDPRICES,COUNTRY,SRB,EUR,Europe,YEAR,2008,TOBACCO_INDICATOR,TOBACCO_INDICATOR_R_afford_inflation_adjusted_price_lcu,,,,,,,161.08,161.08,,,,2025-08-18T14:33:28Z,2008,2008-01-01,2008-12-31
8021952,TOBACCO_MPOWER_R_INFLATIONADJUSTEDPRICES,COUNTRY,MUS,AFR,Africa,YEAR,2008,TOBACCO_INDICATOR,TOBACCO_INDICATOR_R_afford_inflation_adjusted_price_ppp,,,,,,,5.93,5.93,,,,2025-08-18T14:33:28Z,2008,2008-01-01,2008-12-31
8026268,TOBACCO_MPOWER_R_INFLATIONADJUSTEDPRICES,COUNTRY,URY,AMR,Americas,YEAR,2008,TOBACCO_INDICATOR,TOBACCO_INDICATOR_R_afford_inflation_adjusted_price_ppp,,,,,,,4.85,4.85,,,,2025-08-18T14:33:28Z,2008,2008-01-01,2008-12-31
8032472,TOBACCO_MPOWER_R_INFLATIONADJUSTEDPRICES,COUNTRY,ISR,EUR,Europe,YEAR,2008,TOBACCO_INDICATOR,TOBACCO_INDICATOR_R_afford_inflation_adjusted_price_ppp,,,,,,,7.59,7.59,,,,2025-08-18T14:33:28Z,2008,2008-01-01,2008-12-31
8034500,TOBACCO_MPOWER_R_INFLATIONADJUSTEDPRICES,COUNTRY,VCT,AMR,Americas,YEAR,2016,TOBACCO_INDICATOR,TOBACCO_INDICATOR_R_afford_inflation_adjusted_price_lcu,,,,,,,7.31,7.31,,,,2025-08-18T14:33:28Z,2016,2016-01-01,2016-12-31
8036926,TOBACCO_MPOWER_R_INFLATIONADJUSTEDPRICES,COUNTRY,IND,SEAR,South-East Asia,YEAR,2022,TOBACCO_INDICATOR,TOBACCO_INDICATOR_R_afford_inflation_adjusted_price_ppp,,,,,,,9.94,9.94,,,,2025-08-18T14:33:28Z,2022,2022-01-01,2022-12-31
8041449,TOBACCO_MPOWER_R_INFLATIONADJUSTEDPRICES,COUNTRY,BEN,AFR,Africa,YEAR,2010,TOBACCO_INDICATOR,TOBACCO_INDICATOR_R_afford_inflation_adjusted_price_ppp,,,,,,,3.47,3.47,,,,2025-08-18T14:33:28Z,2010,2010-01-01,2010-12-31
8042129,TOBACCO_MPOWER_R_INFLATIONADJUSTEDPRICES,COUNTRY,CAF,AFR,Africa,YEAR,2012,TOBACCO_INDICATOR,TOBACCO_INDICATOR_R_afford_inflation_adjusted_price_ppp,,,,,,,. . .,,,,,2025-08-18T14:33:28Z,2012,2012-01-01,2012-12-31
8044572,TOBACCO_MPOWER_R_INFLATIONADJUSTEDPRICES,COUNTRY,SGP,WPR,Western Pacific,YEAR,2008,TOBACCO_INDICATOR,TOBACCO_INDICATOR_R_afford_inflation_adjusted_price_ppp,,,,,,,18.87,18.87,,,,2025-08-18T14:33:28Z,2008,2008-01-01,2008-12-31
8044989,TOBACCO_MPOWER_R_INFLATIONADJUSTEDPRICES,COUNTRY,MDV,SEAR,South-East Asia,YEAR,2008,TOBACCO_INDICATOR,TOBACCO_INDICATOR_R_afford_inflation_adjusted_price_lcu,,,,,,,31.33,31.33,,,,2025-08-18T14:33:28Z,2008,2008-01-01,2008-12-31
8045318,TOBACCO_MPOWER_R_INFLATIONADJUSTEDPRICES,COUNTRY,SDN,EMR,Eastern Mediterranean,YEAR,2008,TOBACCO_INDICATOR,TOBACCO_INDICATOR_R_afford_inflation_adjusted_price_ppp,,,,,,,7.34,7.34,,,,2025-08-18T14:33:28Z,2008,2008-01-01,2008-12-31
8048648,TOBACCO_MPOWER_R_INFLATIONADJUSTEDPRICES,COUNTRY,CHN,WPR,Western Pacific,YEAR,2008,TOBACCO_INDICATOR,TOBACCO_INDICATOR_R_afford_inflation_adjusted_price_ppp,,,,,,,2.64,2.64,,,,2025-08-18T14:33:28Z,2008,2008-01-01,2008-12-31
8049375,TOBACCO_MPOWER_R_INFLATIONADJUSTEDPRICES,COUNTRY,TUR,EUR,Europe,YEAR,2012,TOBACCO_INDICATOR,TOBACCO_INDICATOR_R_afford_inflation_adjusted_price_ppp,,,,,,,8.84,8.84,,,,2025-08-18T14:33:28Z,2012,2012-01-01,2012-12-31
8062841,TOBACCO_MPOWER_R_INFLATIONADJUSTEDPRICES,COUNTRY,ARE,EMR,Eastern Mediterranean,YEAR,2012,TOBACCO_INDICATOR,TOBACCO_INDICATOR_R_afford_inflation_adjusted_price_lcu,,,,,,,9.57,9.57,,,,2025-08-18T14:33:28Z,2012,2012-01-01,2012-12-31
8067467,TOBACCO_MPOWER_R_INFLATIONADJUSTEDPRICES,COUNTRY,STP,AFR,Africa,YEAR,2010,TOBACCO_INDICATOR,TOBACCO_INDICATOR_R_afford_inflation_adjusted_price_ppp,,,,,,,4.04,4.04,,,,2025-08-18T14:33:28Z,2010,2010-01-01,2010-12-31
8074939,TOBACCO_MPOWER_R_INFLATIONADJUSTEDPRICES,COUNTRY,PRT,EUR,Europe,YEAR,2020,TOBACCO_INDICATOR,TOBACCO_INDICATOR_R_afford_inflation_adjusted_price_lcu,,,,,,,5.19,5.19,,,,2025-08-18T14:33:28Z,2020,2020-01-01,2020-12-31
8076499,TOBACCO_MPOWER_R_INFLATIONADJUSTEDPRICES,COUNTRY,ROU,EUR,Europe,YEAR,2008,TOBACCO_INDICATOR,TOBACCO_INDICATOR_R_afford_inflation_adjusted_price_ppp,,,,,,,7.03,7.03,,,,2025-08-18T14:33:28Z,2008,2008-01-01,2008-12-31
8077048,TOBACCO_MPOWER_R_INFLATIONADJUSTEDPRICES,COUNTRY,KEN,AFR,Africa,YEAR,2020,TOBACCO_INDICATOR,TOBACCO_INDICATOR_R_afford_inflation_adjusted_price_lcu,,,,,,,321.3,321.3,,,,2025-08-18T14:33:28Z,2020,2020-01-01,2020-12-31
8081558,TOBACCO_MPOWER_R_INFLATIONADJUSTEDPRICES,COUNTRY,HRV,EUR,Europe,YEAR,2022,TOBACCO_INDICATOR,TOBACCO_INDICATOR_R_afford_inflation_adjusted_price_ppp,,,,,,,8.16,8.16,,,,2025-08-18T14:33:28Z,2022,2022-01-01,2022-12-31
8089327,TOBACCO_MPOWER_R_INFLATIONADJUSTEDPRICES,COUNTRY,DMA,AMR,Americas,YEAR,2008,TOBACCO_INDICATOR,TOBACCO_INDICATOR_R_afford_inflation_adjusted_price_lcu,,,,,,,4.37,4.37,,,,2025-08-18T14:33:28Z,2008,2008-01-01,2008-12-31
8101761,TOBACCO_MPOWER_R_INFLATIONADJUSTEDPRICES,COUNTRY,GNQ,AFR,Africa,YEAR,2008,TOBACCO_INDICATOR,TOBACCO_INDICATOR_R_afford_inflation_adjusted_price_lcu,,,,,,,803.7,803.7,,,,2025-08-18T14:33:28Z,2008,2008-01-01,2008-12-31
8111905,TOBACCO_MPOWER_R_INFLATIONADJUSTEDPRICES,COUNTRY,BEN,AFR,Africa,YEAR,2024,TOBACCO_INDICATOR,TOBACCO_INDICATOR_R_afford_inflation_adjusted_price_ppp,,,,,,,2.47,2.47,,,,2025-08-18T14:33:28Z,2024,2024-01-01,2024-12-31
8111955,TOBACCO_MPOWER_R_INFLATIONADJUSTEDPRICES,COUNTRY,CAN,AMR,Americas,YEAR,2012,TOBACCO_INDICATOR,TOBACCO_INDICATOR_R_afford_inflation_adjusted_price_ppp,,,,,,,9.47,9.47,,,,2025-08-18T14:33:28Z,2012,2012-01-01,2012-12-31
8117847,TOBACCO_MPOWER_R_INFLATIONADJUSTEDPRICES,COUNTRY,KHM,WPR,Western Pacific,YEAR,2016,TOBACCO_INDICATOR,TOBACCO_INDICATOR_R_afford_inflation_adjusted_price_ppp,,,,,,,1.79,1.79,,,,2025-08-18T14:33:28Z,2016,2016-01-01,2016-12-31
8118111,TOBACCO_MPOWER_R_INFLATIONADJUSTEDPRICES,COUNTRY,GNQ,AFR,Africa,YEAR,2018,TOBACCO_INDICATOR,TOBACCO_INDICATOR_R_afford_inflation_adjusted_price_lcu,,,,,,,587.6,587.6,,,,2025-08-18T14:33:28Z,2018,2018-01-01,2018-12-31
8118263,TOBACCO_MPOWER_R_INFLATIONADJUSTEDPRICES,COUNTRY,LCA,AMR,Americas,YEAR,2020,TOBACCO_INDICATOR,TOBACCO_INDICATOR_R_afford_inflation_adjusted_price_lcu,,,,,,,10.1,10.1,,,,2025-08-18T14:33:28Z,2020,2020-01-01,2020-12-31
8121054,TOBACCO_MPOWER_R_INFLATIONADJUSTEDPRICES,COUNTRY,LKA,SEAR,South-East Asia,YEAR,2012,TOBACCO_INDICATOR,TOBACCO_INDICATOR_R_afford_inflation_adjusted_price_lcu,,,,,,,1293.92,1293.92,,,,2025-08-18T14:33:28Z,2012,2012-01-01,2012-12-31
8121570,TOBACCO_MPOWER_R_INFLATIONADJUSTEDPRICES,COUNTRY,ARM,EUR,Europe,YEAR,2020,TOBACCO_INDICATOR,TOBACCO_INDICATOR_R_afford_inflation_adjusted_price_lcu,,,,,,,833.69,833.69,,,,2025-08-18T14:33:28Z,2020,2020-01-01,2020-12-31
8126053,TOBACCO_MPOWER_R_INFLATIONADJUSTEDPRICES,COUNTRY,LBY,EMR,Eastern Mediterranean,YEAR,2022,TOBACCO_INDICATOR,TOBACCO_INDICATOR_R_afford_inflation_adjusted_price_lcu,,,,,,,4.18,4.18,,,,2025-08-18T14:33:28Z,2022,2022-01-01,2022-12-31
8130734,TOBACCO_MPOWER_R_INFLATIONADJUSTEDPRICES,COUNTRY,YEM,EMR,Eastern Mediterranean,YEAR,2022,TOBACCO_INDICATOR,TOBACCO_INDICATOR_R_afford_inflation_adjusted_price_lcu,,,,,,,2026.01,2026.01,,,,2025-08-18T14:33:28Z,2022,2022-01-01,2022-12-31
8133317,TOBACCO_MPOWER_R_INFLATIONADJUSTEDPRICES,COUNTRY,HND,AMR,Americas,YEAR,2014,TOBACCO_INDICATOR,TOBACCO_INDICATOR_R_afford_inflation_adjusted_price_ppp,,,,,,,5.29,5.29,,,,2025-08-18T14:33:28Z,2014,2014-01-01,2014-12-31
8141770,TOBACCO_MPOWER_R_INFLATIONADJUSTEDPRICES,COUNTRY,NZL,WPR,Western Pacific,YEAR,2008,TOBACCO_INDICATOR,TOBACCO_INDICATOR_R_afford_inflation_adjusted_price_lcu,,,,,,,14.72,14.72,,,,2025-08-18T14:33:28Z,2008,2008-01-01,2008-12-31
8143039,TOBACCO_MPOWER_R_INFLATIONADJUSTEDPRICES,COUNTRY,IRL,EUR,Europe,YEAR,2020,TOBACCO_INDICATOR,TOBACCO_INDICATOR_R_afford_inflation_adjusted_price_lcu,,,,,,,15.93,15.93,,,,2025-08-18T14:33:28Z,2020,2020-01-01,2020-12-31
8146676,TOBACCO_MPOWER_R_INFLATIONADJUSTEDPRICES,COUNTRY,BRB,AMR,Americas,YEAR,2014,TOBACCO_INDICATOR,TOBACCO_INDICATOR_R_afford_inflation_adjusted_price_ppp,,,,,,,8.18,8.18,,,,2025-08-18T14:33:28Z,2014,2014-01-01,2014-12-31
8149473,TOBACCO_MPOWER_R_INFLATIONADJUSTEDPRICES,COUNTRY,CZE,EUR,Europe,YEAR,2014,TOBACCO_INDICATOR,TOBACCO_INDICATOR_R_afford_inflation_adjusted_price_ppp,,,,,,,7.74,7.74,,,,2025-08-18T14:33:28Z,2014,2014-01-01,2014-12-31
8152211,TOBACCO_MPOWER_R_INFLATIONADJUSTEDPRICES,COUNTRY,PRK,SEAR,South-East Asia,YEAR,2022,TOBACCO_INDICATOR,TOBACCO_INDICATOR_R_afford_inflation_adjusted_price_ppp,,,,,,,. . .,,,,,2025-08-18T14:33:28Z,2022,2022-01-01,2022-12-31
8153140,TOBACCO_MPOWER_R_INFLATIONADJUSTEDPRICES,COUNTRY,KOR,WPR,Western Pacific,YEAR,2020,TOBACCO_INDICATOR,TOBACCO_INDICATOR_R_afford_inflation_adjusted_price_lcu,,,,,,,5138.13,5138.13,,,,2025-08-18T14:33:28Z,2020,2020-01-01,2020-12-31
8153790,TOBACCO_MPOWER_R_INFLATIONADJUSTEDPRICES,COUNTRY,PRT,EUR,Europe,YEAR,2012,TOBACCO_INDICATOR,TOBACCO_INDICATOR_R_afford_inflation_adjusted_price_ppp,,,,,,,10.09,10.09,,,,2025-08-18T14:33:28Z,2012,2012-01-01,2012-12-31
8154033,TOBACCO_MPOWER_R_INFLATIONADJUSTEDPRICES,COUNTRY,LTU,EUR,Europe,YEAR,2008,TOBACCO_INDICATOR,TOBACCO_INDICATOR_R_afford_inflation_adjusted_price_ppp,,,,,,,4.21,4.21,,,,2025-08-18T14:33:28Z,2008,2008-01-01,2008-12-31
8154065,TOBACCO_MPOWER_R_INFLATIONADJUSTEDPRICES,COUNTRY,SLB,WPR,Western Pacific,YEAR,2014,TOBACCO_INDICATOR,TOBACCO_INDICATOR_R_afford_inflation_adjusted_price_lcu,,,,,,,38.08,38.08,,,,2025-08-18T14:33:28Z,2014,2014-01-01,2014-12-31
8155311,TOBACCO_MPOWER_R_INFLATIONADJUSTEDPRICES,COUNTRY,ROU,EUR,Europe,YEAR,2020,TOBACCO_INDICATOR,TOBACCO_INDICATOR_R_afford_inflation_adjusted_price_ppp,,,,,,,15.38,15.38,,,,2025-08-18T14:33:28Z,2020,2020-01-01,2020-12-31
8155461,TOBACCO_MPOWER_R_INFLATIONADJUSTEDPRICES,COUNTRY,OMN,EMR,Eastern Mediterranean,YEAR,2016,TOBACCO_INDICATOR,TOBACCO_INDICATOR_R_afford_inflation_adjusted_price_lcu,,,,,,,1.08,1.08,,,,2025-08-18T14:33:28Z,2016,2016-01-01,2016-12-31
8163520,TOBACCO_MPOWER_R_INFLATIONADJUSTEDPRICES,COUNTRY,LTU,EUR,Europe,YEAR,2024,TOBACCO_INDICATOR,TOBACCO_INDICATOR_R_afford_inflation_adjusted_price_lcu,,,,,,,5,5,,,,2025-08-18T14:33:28Z,2024,2024-01-01,2024-12-31
8164709,TOBACCO_MPOWER_R_INFLATIONADJUSTEDPRICES,COUNTRY,BRA,AMR,Americas,YEAR,2022,TOBACCO_INDICATOR,TOBACCO_INDICATOR_R_afford_inflation_adjusted_price_lcu,,,,,,,6,6,,,,2025-08-18T14:33:28Z,2022,2022-01-01,2022-12-31
8169292,TOBACCO_MPOWER_R_INFLATIONADJUSTEDPRICES,COUNTRY,BDI,AFR,Africa,YEAR,2012,TOBACCO_INDICATOR,TOBACCO_INDICATOR_R_afford_inflation_adjusted_price_ppp,,,,,,,2.52,2.52,,,,2025-08-18T14:33:28Z,2012,2012-01-01,2012-12-31
8170927,TOBACCO_MPOWER_R_INFLATIONADJUSTEDPRICES,COUNTRY,MWI,AFR,Africa,YEAR,2016,TOBACCO_INDICATOR,TOBACCO_INDICATOR_R_afford_inflation_adjusted_price_ppp,,,,,,,. . .,,,,,2025-08-18T14:33:28Z,2016,2016-01-01,2016-12-31
8172556,TOBACCO_MPOWER_R_INFLATIONADJUSTEDPRICES,COUNTRY,GBR,EUR,Europe,YEAR,2008,TOBACCO_INDICATOR,TOBACCO_INDICATOR_R_afford_inflation_adjusted_price_ppp,,,,,,,12.33,12.33,,,,2025-08-18T14:33:28Z,2008,2008-01-01,2008-12-31
8177362,TOBACCO_MPOWER_R_INFLATIONADJUSTEDPRICES,COUNTRY,COD,AFR,Africa,YEAR,2022,TOBACCO_INDICATOR,TOBACCO_INDICATOR_R_afford_inflation_adjusted_price_ppp,,,,,,,1.29,1.29,,,,2025-08-18T14:33:28Z,2022,2022-01-01,2022-12-31
8179572,TOBACCO_MPOWER_R_INFLATIONADJUSTEDPRICES,COUNTRY,ALB,EUR,Europe,YEAR,2020,TOBACCO_INDICATOR,TOBACCO_INDICATOR_R_afford_inflation_adjusted_price_ppp,,,,,,,7.53,7.53,,,,2025-08-18T14:33:28Z,2020,2020-01-01,2020-12-31
8181040,TOBACCO_MPOWER_R_INFLATIONADJUSTEDPRICES,COUNTRY,ECU,AMR,Americas,YEAR,2020,TOBACCO_INDICATOR,TOBACCO_INDICATOR_R_afford_inflation_adjusted_price_lcu,,,,,,,6.13,6.13,,,,2025-08-18T14:33:28Z,2020,2020-01-01,2020-12-31
8182715,TOBACCO_MPOWER_R_INFLATIONADJUSTEDPRICES,COUNTRY,VEN,AMR,Americas,YEAR,2022,TOBACCO_INDICATOR,TOBACCO_INDICATOR_R_afford_inflation_adjusted_price_lcu,,,,,,,. . .,,,,Data not validated by the national authorities.,2025-08-18T14:33:28Z,2022,2022-01-01,2022-12-31
8182932,TOBACCO_MPOWER_R_INFLATIONADJUSTEDPRICES,COUNTRY,MAR,EMR,Eastern Mediterranean,YEAR,2012,TOBACCO_INDICATOR,TOBACCO_INDICATOR_R_afford_inflation_adjusted_price_lcu,,,,,,,22.1,22.1,,,,2025-08-18T14:33:28Z,2012,2012-01-01,2012-12-31
8184504,TOBACCO_MPOWER_R_INFLATIONADJUSTEDPRICES,COUNTRY,MDV,SEAR,South-East Asia,YEAR,2024,TOBACCO_INDICATOR,TOBACCO_INDICATOR_R_afford_inflation_adjusted_price_ppp,,,,,,,13.99,13.99,,,,2025-08-18T14:33:28Z,2024,2024-01-01,2024-12-31
8193883,TOBACCO_MPOWER_R_INFLATIONADJUSTEDPRICES,COUNTRY,HND,AMR,Americas,YEAR,2016,TOBACCO_INDICATOR,TOBACCO_INDICATOR_R_afford_inflation_adjusted_price_lcu,,,,,,,65.53,65.53,,,,2025-08-18T14:33:28Z,2016,2016-01-01,2016-12-31
8194182,TOBACCO_MPOWER_R_INFLATIONADJUSTEDPRICES,COUNTRY,LAO,WPR,Western Pacific,YEAR,2008,TOBACCO_INDICATOR,TOBACCO_INDICATOR_R_afford_inflation_adjusted_price_ppp,,,,,,,3.21,3.21,,,,2025-08-18T14:33:28Z,2008,2008-01-01,2008-12-31
8194915,TOBACCO_MPOWER_R_INFLATIONADJUSTEDPRICES,COUNTRY,DNK,EUR,Europe,YEAR,2018,TOBACCO_INDICATOR,TOBACCO_INDICATOR_R_afford_inflation_adjusted_price_lcu,,,,,,,52.08,52.08,,,,2025-08-18T14:33:28Z,2018,2018-01-01,2018-12-31
8195292,TOBACCO_MPOWER_R_INFLATIONADJUSTEDPRICES,COUNTRY,ISL,EUR,Europe,YEAR,2020,TOBACCO_INDICATOR,TOBACCO_INDICATOR_R_afford_inflation_adjusted_price_lcu,,,,,,,1887.05,1887.05,,,,2025-08-18T14:33:28Z,2020,2020-01-01,2020-12-31
8211258,TOBACCO_MPOWER_R_INFLATIONADJUSTEDPRICES,COUNTRY,UGA,AFR,Africa,YEAR,2008,TOBACCO_INDICATOR,TOBACCO_INDICATOR_R_afford_inflation_adjusted_price_lcu,,,,,,,2584.19,2584.19,,,,2025-08-18T14:33:28Z,2008,2008-01-01,2008-12-31
8211573,TOBACCO_MPOWER_R_INFLATIONADJUSTEDPRICES,COUNTRY,NLD,EUR,Europe,YEAR,2010,TOBACCO_INDICATOR,TOBACCO_INDICATOR_R_afford_inflation_adjusted_price_ppp,,,,,,,8.84,8.84,,,,2025-08-18T14:33:28Z,2010,2010-01-01,2010-12-31
8213552,TOBACCO_MPOWER_R_INFLATIONADJUSTEDPRICES,COUNTRY,MAR,EMR,Eastern Mediterranean,YEAR,2016,TOBACCO_INDICATOR,TOBACCO_INDICATOR_R_afford_inflation_adjusted_price_ppp,,,,,,,6.68,6.68,,,,2025-08-18T14:33:28Z,2016,2016-01-01,2016-12-31
8220731,TOBACCO_MPOWER_R_INFLATIONADJUSTEDPRICES,COUNTRY,CMR,AFR,Africa,YEAR,2018,TOBACCO_INDICATOR,TOBACCO_INDICATOR_R_afford_inflation_adjusted_price_lcu,,,,,,,767.99,767.99,,,,2025-08-18T14:33:28Z,2018,2018-01-01,2018-12-31
8221947,TOBACCO_MPOWER_R_INFLATIONADJUSTEDPRICES,COUNTRY,NOR,EUR,Europe,YEAR,2018,TOBACCO_INDICATOR,TOBACCO_INDICATOR_R_afford_inflation_adjusted_price_lcu,,,,,,,145.21,145.21,,,,2025-08-18T14:33:28Z,2018,2018-01-01,2018-12-31
8223874,TOBACCO_MPOWER_R_INFLATIONADJUSTEDPRICES,COUNTRY,SRB,EUR,Europe,YEAR,2020,TOBACCO_INDICATOR,TOBACCO_INDICATOR_R_afford_inflation_adjusted_price_lcu,,,,,,,383.87,383.87,,,,2025-08-18T14:33:28Z,2020,2020-01-01,2020-12-31
8225596,TOBACCO_MPOWER_R_INFLATIONADJUSTEDPRICES,COUNTRY,TUR,EUR,Europe,YEAR,2012,TOBACCO_INDICATOR,TOBACCO_INDICATOR_R_afford_inflation_adjusted_price_lcu,,,,,,,74.17,74.17,,,,2025-08-18T14:33:28Z,2012,2012-01-01,2012-12-31
8226604,TOBACCO_MPOWER_R_INFLATIONADJUSTEDPRICES,COUNTRY,TUR,EUR,Europe,YEAR,2016,TOBACCO_INDICATOR,TOBACCO_INDICATOR_R_afford_inflation_adjusted_price_ppp,,,,,,,10.3,10.3,,,,2025-08-18T14:33:28Z,2016,2016-01-01,2016-12-31
8229373,TOBACCO_MPOWER_R_INFLATIONADJUSTEDPRICES,COUNTRY,ROU,EUR,Europe,YEAR,2022,TOBACCO_INDICATOR,TOBACCO_INDICATOR_R_afford_inflation_adjusted_price_lcu,,,,,,,27.39,27.39,,,,2025-08-18T14:33:28Z,2022,2022-01-01,2022-12-31
8231706,TOBACCO_MPOWER_R_INFLATIONADJUSTEDPRICES,COUNTRY,GEO,EUR,Europe,YEAR,2020,TOBACCO_INDICATOR,TOBACCO_INDICATOR_R_afford_inflation_adjusted_price_lcu,,,,,,,6.35,6.35,,,,2025-08-18T14:33:28Z,2020,2020-01-01,2020-12-31
8232148,TOBACCO_MPOWER_R_INFLATIONADJUSTEDPRICES,COUNTRY,COG,AFR,Africa,YEAR,2014,TOBACCO_INDICATOR,TOBACCO_INDICATOR_R_afford_inflation_adjusted_price_ppp,,,,,,,2.38,2.38,,,,2025-08-18T14:33:28Z,2014,2014-01-01,2014-12-31
8234753,TOBACCO_MPOWER_R_INFLATIONADJUSTEDPRICES,COUNTRY,KHM,WPR,Western Pacific,YEAR,2016,TOBACCO_INDICATOR,TOBACCO_INDICATOR_R_afford_inflation_adjusted_price_lcu,,,,,,,2471.49,2471.49,,,,2025-08-18T14:33:28Z,2016,2016-01-01,2016-12-31
8239595,TOBACCO_MPOWER_R_INFLATIONADJUSTEDPRICES,COUNTRY,ZMB,AFR,Africa,YEAR,2008,TOBACCO_INDICATOR,TOBACCO_INDICATOR_R_afford_inflation_adjusted_price_lcu,,,,,,,29.31,29.31,,,,2025-08-18T14:33:28Z,2008,2008-01-01,2008-12-31
8241681,TOBACCO_MPOWER_R_INFLATIONADJUSTEDPRICES,COUNTRY,LAO,WPR,Western Pacific,YEAR,2020,TOBACCO_INDICATOR,TOBACCO_INDICATOR_R_afford_inflation_adjusted_price_lcu,,,,,,,14 430,14430.03,,,,2025-08-18T14:33:28Z,2020,2020-01-01,2020-12-31
8244814,TOBACCO_MPOWER_R_INFLATIONADJUSTEDPRICES,COUNTRY,LSO,AFR,Africa,YEAR,2018,TOBACCO_INDICATOR,TOBACCO_INDICATOR_R_afford_inflation_adjusted_price_ppp,,,,,,,8.7,8.7,,,,2025-08-18T14:33:28Z,2018,2018-01-01,2018-12-31
8245336,TOBACCO_MPOWER_R_INFLATIONADJUSTEDPRICES,COUNTRY,SAU,EMR,Eastern Mediterranean,YEAR,2008,TOBACCO_INDICATOR,TOBACCO_INDICATOR_R_afford_inflation_adjusted_price_ppp,,,,,,,4.51,4.51,,,,2025-08-18T14:33:28Z,2008,2008-01-01,2008-12-31
8245741,TOBACCO_MPOWER_R_INFLATIONADJUSTEDPRICES,COUNTRY,CUB,AMR,Americas,YEAR,2016,TOBACCO_INDICATOR,TOBACCO_INDICATOR_R_afford_inflation_adjusted_price_lcu,,,,,,,. . .,,,,,2025-08-18T14:33:28Z,2016,2016-01-01,2016-12-31
8248996,TOBACCO_MPOWER_R_INFLATIONADJUSTEDPRICES,COUNTRY,LBN,EMR,Eastern Mediterranean,YEAR,2024,TOBACCO_INDICATOR,TOBACCO_INDICATOR_R_afford_inflation_adjusted_price_ppp,,,,,,,1.7,1.7,,,,2025-08-18T14:33:28Z,2024,2024-01-01,2024-12-31
8254559,TOBACCO_MPOWER_R_INFLATIONADJUSTEDPRICES,COUNTRY,IRL,EUR,Europe,YEAR,2022,TOBACCO_INDICATOR,TOBACCO_INDICATOR_R_afford_inflation_adjusted_price_lcu,,,,,,,16.84,16.84,,,,2025-08-18T14:33:28Z,2022,2022-01-01,2022-12-31
8256065,TOBACCO_MPOWER_R_INFLATIONADJUSTEDPRICES,COUNTRY,SWZ,AFR,Africa,YEAR,2010,TOBACCO_INDICATOR,TOBACCO_INDICATOR_R_afford_inflation_adjusted_price_ppp,,,,,,,8.99,8.99,,,,2025-08-18T14:33:28Z,2010,2010-01-01,2010-12-31
8264615,TOBACCO_MPOWER_R_INFLATIONADJUSTEDPRICES,COUNTRY,URY,AMR,Americas,YEAR,2014,TOBACCO_INDICATOR,TOBACCO_INDICATOR_R_afford_inflation_adjusted_price_ppp,,,,,,,5.29,5.29,,,,2025-08-18T14:33:28Z,2014,2014-01-01,2014-12-31
8268127,TOBACCO_MPOWER_R_INFLATIONADJUSTEDPRICES,COUNTRY,CAN,AMR,Americas,YEAR,2018,TOBACCO_INDICATOR,TOBACCO_INDICATOR_R_afford_inflation_adjusted_price_ppp,,,,,,,12.22,12.22,,,,2025-08-18T14:33:28Z,2018,2018-01-01,2018-12-31
8269932,TOBACCO_MPOWER_R_INFLATIONADJUSTEDPRICES,COUNTRY,MDG,AFR,Africa,YEAR,2020,TOBACCO_INDICATOR,TOBACCO_INDICATOR_R_afford_inflation_adjusted_price_lcu,,,,,,,5413.72,5413.72,,,,2025-08-18T14:33:28Z,2020,2020-01-01,2020-12-31
8272260,TOBACCO_MPOWER_R_INFLATIONADJUSTEDPRICES,COUNTRY,NAM,AFR,Africa,YEAR,2018,TOBACCO_INDICATOR,TOBACCO_INDICATOR_R_afford_inflation_adjusted_price_ppp,,,,,,,8.76,8.76,,,,2025-08-18T14:33:28Z,2018,2018-01-01,2018-12-31
8272557,TOBACCO_MPOWER_R_INFLATIONADJUSTEDPRICES,COUNTRY,BTN,SEAR,South-East Asia,YEAR,2008,TOBACCO_INDICATOR,TOBACCO_INDICATOR_R_afford_inflation_adjusted_price_lcu,,,,,,,. . .,,,,,2025-08-18T14:33:28Z,2008,2008-01-01,2008-12-31
8280550,TOBACCO_MPOWER_R_INFLATIONADJUSTEDPRICES,COUNTRY,ZWE,AFR,Africa,YEAR,2012,TOBACCO_INDICATOR,TOBACCO_INDICATOR_R_afford_inflation_adjusted_price_ppp,,,,,,,. . .,,,,,2025-08-18T14:33:28Z,2012,2012-01-01,2012-12-31
8281628,TOBACCO_MPOWER_R_INFLATIONADJUSTEDPRICES,COUNTRY,EST,EUR,Europe,YEAR,2012,TOBACCO_INDICATOR,TOBACCO_INDICATOR_R_afford_inflation_adjusted_price_lcu,,,,,,,4.99,4.99,,,,2025-08-18T14:33:28Z,2012,2012-01-01,2012-12-31
8281967,TOBACCO_MPOWER_R_INFLATIONADJUSTEDPRICES,COUNTRY,CUB,AMR,Americas,YEAR,2022,TOBACCO_INDICATOR,TOBACCO_INDICATOR_R_afford_inflation_adjusted_price_lcu,,,,,,,. . .,,,,,2025-08-18T14:33:28Z,2022,2022-01-01,2022-12-31
8282281,TOBACCO_MPOWER_R_INFLATIONADJUSTEDPRICES,COUNTRY,SEN,AFR,Africa,YEAR,2024,TOBACCO_INDICATOR,TOBACCO_INDICATOR_R_afford_inflation_adjusted_price_ppp,,,,,,,4.75,4.75,,,,2025-08-18T14:33:28Z,2024,2024-01-01,2024-12-31
8284868,TOBACCO_MPOWER_R_INFLATIONADJUSTEDPRICES,COUNTRY,STP,AFR,Africa,YEAR,2014,TOBACCO_INDICATOR,TOBACCO_INDICATOR_R_afford_inflation_adjusted_price_lcu,,,,,,,53.39,53.39,,,,2025-08-18T14:33:28Z,2014,2014-01-01,2014-12-31
8285676,TOBACCO_MPOWER_R_INFLATIONADJUSTEDPRICES,COUNTRY,MRT,AFR,Africa,YEAR,2010,TOBACCO_INDICATOR,TOBACCO_INDICATOR_R_afford_inflation_adjusted_price_lcu,,,,,,,65.69,65.69,,,,2025-08-18T14:33:28Z,2010,2010-01-01,2010-12-31
8288080,TOBACCO_MPOWER_R_INFLATIONADJUSTEDPRICES,COUNTRY,JAM,AMR,Americas,YEAR,2010,TOBACCO_INDICATOR,TOBACCO_INDICATOR_R_afford_inflation_adjusted_price_ppp,,,,,,,17.11,17.11,,,Data not validated by the national authorities.,2025-08-18T14:33:28Z,2010,2010-01-01,2010-12-31
8292524,TOBACCO_MPOWER_R_INFLATIONADJUSTEDPRICES,COUNTRY,TUN,EMR,Eastern Mediterranean,YEAR,2024,TOBACCO_INDICATOR,TOBACCO_INDICATOR_R_afford_inflation_adjusted_price_ppp,,,,,,,4.81,4.81,,,,2025-08-18T14:33:28Z,2024,2024-01-01,2024-12-31
8294392,TOBACCO_MPOWER_R_INFLATIONADJUSTEDPRICES,COUNTRY,COL,AMR,Americas,YEAR,2014,TOBACCO_INDICATOR,TOBACCO_INDICATOR_R_afford_inflation_adjusted_price_lcu,,,,,,,4344.4,4344.4,,,,2025-08-18T14:33:28Z,2014,2014-01-01,2014-12-31
8295329,TOBACCO_MPOWER_R_INFLATIONADJUSTEDPRICES,COUNTRY,ALB,EUR,Europe,YEAR,2022,TOBACCO_INDICATOR,TOBACCO_INDICATOR_R_afford_inflation_adjusted_price_lcu,,,,,,,289.17,289.17,,,,2025-08-18T14:33:28Z,2022,2022-01-01,2022-12-31
8296844,TOBACCO_MPOWER_R_INFLATIONADJUSTEDPRICES,COUNTRY,KWT,EMR,Eastern Mediterranean,YEAR,2018,TOBACCO_INDICATOR,TOBACCO_INDICATOR_R_afford_inflation_adjusted_price_lcu,,,,,,,1.01,1.01,,,,2025-08-18T14:33:28Z,2018,2018-01-01,2018-12-31
8300790,TOBACCO_MPOWER_R_INFLATIONADJUSTEDPRICES,COUNTRY,ISR,EUR,Europe,YEAR,2024,TOBACCO_INDICATOR,TOBACCO_INDICATOR_R_afford_inflation_adjusted_price_ppp,,,,,,,10.49,10.49,,,,2025-08-18T14:33:28Z,2024,2024-01-01,2024-12-31
8302668,TOBACCO_MPOWER_R_INFLATIONADJUSTEDPRICES,COUNTRY,LBN,EMR,Eastern Mediterranean,YEAR,2022,TOBACCO_INDICATOR,TOBACCO_INDICATOR_R_afford_inflation_adjusted_price_lcu,,,,,,,85 178,85177.9,,,,2025-08-18T14:33:28Z,2022,2022-01-01,2022-12-31
8305897,TOBACCO_MPOWER_R_INFLATIONADJUSTEDPRICES,COUNTRY,SEN,AFR,Africa,YEAR,2016,TOBACCO_INDICATOR,TOBACCO_INDICATOR_R_afford_inflation_adjusted_price_ppp,,,,,,,2.65,2.65,,,,2025-08-18T14:33:28Z,2016,2016-01-01,2016-12-31
8307087,TOBACCO_MPOWER_R_INFLATIONADJUSTEDPRICES,COUNTRY,SOM,EMR,Eastern Mediterranean,YEAR,2014,TOBACCO_INDICATOR,TOBACCO_INDICATOR_R_afford_inflation_adjusted_price_ppp,,,,,,,. . .,,,,,2025-08-18T14:33:28Z,2014,2014-01-01,2014-12-31
8318846,TOBACCO_MPOWER_R_INFLATIONADJUSTEDPRICES,COUNTRY,TON,WPR,Western Pacific,YEAR,2012,TOBACCO_INDICATOR,TOBACCO_INDICATOR_R_afford_inflation_adjusted_price_ppp,,,,,,,7.31,7.31,,,,2025-08-18T14:33:28Z,2012,2012-01-01,2012-12-31
8319515,TOBACCO_MPOWER_R_INFLATIONADJUSTEDPRICES,COUNTRY,PLW,WPR,Western Pacific,YEAR,2018,TOBACCO_INDICATOR,TOBACCO_INDICATOR_R_afford_inflation_adjusted_price_ppp,,,,,,,8.03,8.03,,,,2025-08-18T14:33:28Z,2018,2018-01-01,2018-12-31
8319544,TOBACCO_MPOWER_R_INFLATIONADJUSTEDPRICES,COUNTRY,RWA,AFR,Africa,YEAR,2022,TOBACCO_INDICATOR,TOBACCO_INDICATOR_R_afford_inflation_adjusted_price_lcu,,,,,,,1194.67,1194.67,,,,2025-08-18T14:33:28Z,2022,2022-01-01,2022-12-31
8320263,TOBACCO_MPOWER_R_INFLATIONADJUSTEDPRICES,COUNTRY,DZA,AFR,Africa,YEAR,2020,TOBACCO_INDICATOR,TOBACCO_INDICATOR_R_afford_inflation_adjusted_price_lcu,,,,,,,399.79,399.79,,,,2025-08-18T14:33:28Z,2020,2020-01-01,2020-12-31
8321672,TOBACCO_MPOWER_R_INFLATIONADJUSTEDPRICES,COUNTRY,LCA,AMR,Americas,YEAR,2008,TOBACCO_INDICATOR,TOBACCO_INDICATOR_R_afford_inflation_adjusted_price_lcu,,,,,,,8.28,8.28,,,,2025-08-18T14:33:28Z,2008,2008-01-01,2008-12-31
8322025,TOBACCO_MPOWER_R_INFLATIONADJUSTEDPRICES,COUNTRY,KGZ,EUR,Europe,YEAR,2024,TOBACCO_INDICATOR,TOBACCO_INDICATOR_R_afford_inflation_adjusted_price_ppp,,,,,,,5.47,5.47,,,,2025-08-18T14:33:28Z,2024,2024-01-01,2024-12-31
8325058,TOBACCO_MPOWER_R_INFLATIONADJUSTEDPRICES,COUNTRY,NRU,WPR,Western Pacific,YEAR,2024,TOBACCO_INDICATOR,TOBACCO_INDICATOR_R_afford_inflation_adjusted_price_ppp,,,,,,,10.41,10.41,,,,2025-08-18T14:33:28Z,2024,2024-01-01,2024-12-31
8327967,TOBACCO_MPOWER_R_INFLATIONADJUSTEDPRICES,COUNTRY,UZB,EUR,Europe,YEAR,2022,TOBACCO_INDICATOR,TOBACCO_INDICATOR_R_afford_inflation_adjusted_price_lcu,,,,,,,13 862,13862.27,,,,2025-08-18T14:33:28Z,2022,2022-01-01,2022-12-31
8331290,TOBACCO_MPOWER_R_INFLATIONADJUSTEDPRICES,COUNTRY,FSM,WPR,Western Pacific,YEAR,2008,TOBACCO_INDICATOR,TOBACCO_INDICATOR_R_afford_inflation_adjusted_price_lcu,,,,,,,2.36,2.36,,,,2025-08-18T14:33:28Z,2008,2008-01-01,2008-12-31
8332854,TOBACCO_MPOWER_R_INFLATIONADJUSTEDPRICES,COUNTRY,PRT,EUR,Europe,YEAR,2024,TOBACCO_INDICATOR,TOBACCO_INDICATOR_R_afford_inflation_adjusted_price_ppp,,,,,,,9.16,9.16,,,,2025-08-18T14:33:28Z,2024,2024-01-01,2024-12-31
8333489,TOBACCO_MPOWER_R_INFLATIONADJUSTEDPRICES,COUNTRY,CZE,EUR,Europe,YEAR,2008,TOBACCO_INDICATOR,TOBACCO_INDICATOR_R_afford_inflation_adjusted_price_lcu,,,,,,,88.44,88.44,,,,2025-08-18T14:33:28Z,2008,2008-01-01,2008-12-31
8337567,TOBACCO_MPOWER_R_INFLATIONADJUSTEDPRICES,COUNTRY,ARE,EMR,Eastern Mediterranean,YEAR,2008,TOBACCO_INDICATOR,TOBACCO_INDICATOR_R_afford_inflation_adjusted_price_ppp,,,,,,,3.37,3.37,,,,2025-08-18T14:33:28Z,2008,2008-01-01,2008-12-31
8339954,TOBACCO_MPOWER_R_INFLATIONADJUSTEDPRICES,COUNTRY,TUV,WPR,Western Pacific,YEAR,2012,TOBACCO_INDICATOR,TOBACCO_INDICATOR_R_afford_inflation_adjusted_price_ppp,,,,,,,7.08,7.08,,,,2025-08-18T14:33:28Z,2012,2012-01-01,2012-12-31
8340744,TOBACCO_MPOWER_R_INFLATIONADJUSTEDPRICES,COUNTRY,BHR,EMR,Eastern Mediterranean,YEAR,2016,TOBACCO_INDICATOR,TOBACCO_INDICATOR_R_afford_inflation_adjusted_price_ppp,,,,,,,10.83,10.83,,,,2025-08-18T14:33:28Z,2016,2016-01-01,2016-12-31
8347321,TOBACCO_MPOWER_R_INFLATIONADJUSTEDPRICES,COUNTRY,YEM,EMR,Eastern Mediterranean,YEAR,2014,TOBACCO_INDICATOR,TOBACCO_INDICATOR_R_afford_inflation_adjusted_price_ppp,,,,,,,3.76,3.76,,,,2025-08-18T14:33:28Z,2014,2014-01-01,2014-12-31
8351020,TOBACCO_MPOWER_R_INFLATIONADJUSTEDPRICES,COUNTRY,SSD,AFR,Africa,YEAR,2020,TOBACCO_INDICATOR,TOBACCO_INDICATOR_R_afford_inflation_adjusted_price_lcu,,,,,,,1608.37,1608.37,,,,2025-08-18T14:33:28Z,2020,2020-01-01,2020-12-31
8355522,TOBACCO_MPOWER_R_INFLATIONADJUSTEDPRICES,COUNTRY,MMR,SEAR,South-East Asia,YEAR,2014,TOBACCO_INDICATOR,TOBACCO_INDICATOR_R_afford_inflation_adjusted_price_lcu,,,,,,,2117,2117,,,,2025-08-18T14:33:28Z,2014,2014-01-01,2014-12-31
8358336,TOBACCO_MPOWER_R_INFLATIONADJUSTEDPRICES,COUNTRY,ZWE,AFR,Africa,YEAR,2010,TOBACCO_INDICATOR,TOBACCO_INDICATOR_R_afford_inflation_adjusted_price_ppp,,,,,,,. . .,,,,,2025-08-18T14:33:28Z,2010,2010-01-01,2010-12-31
8366427,TOBACCO_MPOWER_R_INFLATIONADJUSTEDPRICES,COUNTRY,IRN,EMR,Eastern Mediterranean,YEAR,2016,TOBACCO_INDICATOR,TOBACCO_INDICATOR_R_afford_inflation_adjusted_price_lcu,,,,,,,173 354,173353.59,,,,2025-08-18T14:33:28Z,2016,2016-01-01,2016-12-31
8374361,TOBACCO_MPOWER_R_INFLATIONADJUSTEDPRICES,COUNTRY,GRC,EUR,Europe,YEAR,2018,TOBACCO_INDICATOR,TOBACCO_INDICATOR_R_afford_inflation_adjusted_price_ppp,,,,,,,10.17,10.17,,,,2025-08-18T14:33:28Z,2018,2018-01-01,2018-12-31
8379527,TOBACCO_MPOWER_R_INFLATIONADJUSTEDPRICES,COUNTRY,WSM,WPR,Western Pacific,YEAR,2016,TOBACCO_INDICATOR,TOBACCO_INDICATOR_R_afford_inflation_adjusted_price_ppp,,,,,,,7.44,7.44,,,,2025-08-18T14:33:28Z,2016,2016-01-01,2016-12-31
8382894,TOBACCO_MPOWER_R_INFLATIONADJUSTEDPRICES,COUNTRY,TZA,AFR,Africa,YEAR,2018,TOBACCO_INDICATOR,TOBACCO_INDICATOR_R_afford_inflation_adjusted_price_lcu,,,,,,,4336.38,4336.38,,,,2025-08-18T14:33:28Z,2018,2018-01-01,2018-12-31
8383491,TOBACCO_MPOWER_R_INFLATIONADJUSTEDPRICES,COUNTRY,ARM,EUR,Europe,YEAR,2022,TOBACCO_INDICATOR,TOBACCO_INDICATOR_R_afford_inflation_adjusted_price_lcu,,,,,,,817.89,817.89,,,,2025-08-18T14:33:28Z,2022,2022-01-01,2022-12-31
8384996,TOBACCO_MPOWER_R_INFLATIONADJUSTEDPRICES,COUNTRY,URY,AMR,Americas,YEAR,2016,TOBACCO_INDICATOR,TOBACCO_INDICATOR_R_afford_inflation_adjusted_price_lcu,,,,,,,194.27,194.27,,,,2025-08-18T14:33:28Z,2016,2016-01-01,2016-12-31
8385676,TOBACCO_MPOWER_R_INFLATIONADJUSTEDPRICES,COUNTRY,PER,AMR,Americas,YEAR,2012,TOBACCO_INDICATOR,TOBACCO_INDICATOR_R_afford_inflation_adjusted_price_lcu,,,,,,,7.82,7.82,,,,2025-08-18T14:33:28Z,2012,2012-01-01,2012-12-31
8386327,TOBACCO_MPOWER_R_INFLATIONADJUSTEDPRICES,COUNTRY,CUB,AMR,Americas,YEAR,2016,TOBACCO_INDICATOR,TOBACCO_INDICATOR_R_afford_inflation_adjusted_price_ppp,,,,,,,. . .,,,,,2025-08-18T14:33:28Z,2016,2016-01-01,2016-12-31
8391347,TOBACCO_MPOWER_R_INFLATIONADJUSTEDPRICES,COUNTRY,MMR,SEAR,South-East Asia,YEAR,2018,TOBACCO_INDICATOR,TOBACCO_INDICATOR_R_afford_inflation_adjusted_price_lcu,,,,,,,1987.03,1987.03,,,,2025-08-18T14:33:28Z,2018,2018-01-01,2018-12-31
8392253,TOBACCO_MPOWER_R_INFLATIONADJUSTEDPRICES,COUNTRY,UZB,EUR,Europe,YEAR,2014,TOBACCO_INDICATOR,TOBACCO_INDICATOR_R_afford_inflation_adjusted_price_ppp,,,,,,,3.16,3.16,,,,2025-08-18T14:33:28Z,2014,2014-01-01,2014-12-31
8392788,TOBACCO_MPOWER_R_INFLATIONADJUSTEDPRICES,COUNTRY,UKR,EUR,Europe,YEAR,2018,TOBACCO_INDICATOR,TOBACCO_INDICATOR_R_afford_inflation_adjusted_price_lcu,,,,,,,50.87,50.87,,,,2025-08-18T14:33:28Z,2018,2018-01-01,2018-12-31
8394796,TOBACCO_MPOWER_R_INFLATIONADJUSTEDPRICES,COUNTRY,KAZ,EUR,Europe,YEAR,2020,TOBACCO_INDICATOR,TOBACCO_INDICATOR_R_afford_inflation_adjusted_price_lcu,,,,,,,680.07,680.07,,,,2025-08-18T14:33:28Z,2020,2020-01-01,2020-12-31
8397607,TOBACCO_MPOWER_R_INFLATIONADJUSTEDPRICES,COUNTRY,FJI,WPR,Western Pacific,YEAR,2020,TOBACCO_INDICATOR,TOBACCO_INDICATOR_R_afford_inflation_adjusted_price_ppp,,,,,,,22.55,22.55,,,,2025-08-18T14:33:28Z,2020,2020-01-01,2020-12-31
8398878,TOBACCO_MPOWER_R_INFLATIONADJUSTEDPRICES,COUNTRY,NIC,AMR,Americas,YEAR,2012,TOBACCO_INDICATOR,TOBACCO_INDICATOR_R_afford_inflation_adjusted_price_ppp,,,,,,,. . .,,,,,2025-08-18T14:33:28Z,2012,2012-01-01,2012-12-31
8406174,TOBACCO_MPOWER_R_INFLATIONADJUSTEDPRICES,COUNTRY,PLW,WPR,Western Pacific,YEAR,2010,TOBACCO_INDICATOR,TOBACCO_INDICATOR_R_afford_inflation_adjusted_price_ppp,,,,,,,5.56,5.56,,,,2025-08-18T14:33:28Z,2010,2010-01-01,2010-12-31
8408304,TOBACCO_MPOWER_R_INFLATIONADJUSTEDPRICES,COUNTRY,PNG,WPR,Western Pacific,YEAR,2016,TOBACCO_INDICATOR,TOBACCO_INDICATOR_R_afford_inflation_adjusted_price_ppp,,,,,,,12.9,12.9,,,,2025-08-18T14:33:28Z,2016,2016-01-01,2016-12-31
8408799,TOBACCO_MPOWER_R_INFLATIONADJUSTEDPRICES,COUNTRY,HUN,EUR,Europe,YEAR,2022,TOBACCO_INDICATOR,TOBACCO_INDICATOR_R_afford_inflation_adjusted_price_ppp,,,,,,,13.95,13.95,,,,2025-08-18T14:33:28Z,2022,2022-01-01,2022-12-31
8411185,TOBACCO_MPOWER_R_INFLATIONADJUSTEDPRICES,COUNTRY,AUT,EUR,Europe,YEAR,2024,TOBACCO_INDICATOR,TOBACCO_INDICATOR_R_afford_inflation_adjusted_price_ppp,,,,,,,9,9,,,,2025-08-18T14:33:28Z,2024,2024-01-01,2024-12-31
8425582,TOBACCO_MPOWER_R_INFLATIONADJUSTEDPRICES,COUNTRY,EGY,EMR,Eastern Mediterranean,YEAR,2008,TOBACCO_INDICATOR,TOBACCO_INDICATOR_R_afford_inflation_adjusted_price_ppp,,,,,,,3.13,3.13,,,,2025-08-18T14:33:28Z,2008,2008-01-01,2008-12-31
8439558,TOBACCO_MPOWER_R_INFLATIONADJUSTEDPRICES,COUNTRY,QAT,EMR,Eastern Mediterranean,YEAR,2024,TOBACCO_INDICATOR,TOBACCO_INDICATOR_R_afford_inflation_adjusted_price_lcu,,,,,,,25,25,,,,2025-08-18T14:33:28Z,2024,2024-01-01,2024-12-31
8448019,TOBACCO_MPOWER_R_INFLATIONADJUSTEDPRICES,COUNTRY,PLW,WPR,Western Pacific,YEAR,2010,TOBACCO_INDICATOR,TOBACCO_INDICATOR_R_afford_inflation_adjusted_price_lcu,,,,,,,5.61,5.61,,,,2025-08-18T14:33:28Z,2010,2010-01-01,2010-12-31
8452214,TOBACCO_MPOWER_R_INFLATIONADJUSTEDPRICES,COUNTRY,TJK,EUR,Europe,YEAR,2016,TOBACCO_INDICATOR,TOBACCO_INDICATOR_R_afford_inflation_adjusted_price_lcu,,,,,,,8.94,8.94,,,,2025-08-18T14:33:28Z,2016,2016-01-01,2016-12-31
8453798,TOBACCO_MPOWER_R_INFLATIONADJUSTEDPRICES,COUNTRY,TCD,AFR,Africa,YEAR,2018,TOBACCO_INDICATOR,TOBACCO_INDICATOR_R_afford_inflation_adjusted_price_lcu,,,,,,,597.7,597.7,,,,2025-08-18T14:33:28Z,2018,2018-01-01,2018-12-31
8454172,TOBACCO_MPOWER_R_INFLATIONADJUSTEDPRICES,COUNTRY,GMB,AFR,Africa,YEAR,2024,TOBACCO_INDICATOR,TOBACCO_INDICATOR_R_afford_inflation_adjusted_price_lcu,,,,,,,160,160,,,,2025-08-18T14:33:28Z,2024,2024-01-01,2024-12-31
8454772,TOBACCO_MPOWER_R_INFLATIONADJUSTEDPRICES,COUNTRY,PRY,AMR,Americas,YEAR,2012,TOBACCO_INDICATOR,TOBACCO_INDICATOR_R_afford_inflation_adjusted_price_lcu,,,,,,,2444.11,2444.11,,,,2025-08-18T14:33:28Z,2012,2012-01-01,2012-12-31
8459214,TOBACCO_MPOWER_R_INFLATIONADJUSTEDPRICES,COUNTRY,NPL,SEAR,South-East Asia,YEAR,2014,TOBACCO_INDICATOR,TOBACCO_INDICATOR_R_afford_inflation_adjusted_price_lcu,,,,,,,236.6,236.6,,,,2025-08-18T14:33:28Z,2014,2014-01-01,2014-12-31
8460287,TOBACCO_MPOWER_R_INFLATIONADJUSTEDPRICES,COUNTRY,NRU,WPR,Western Pacific,YEAR,2018,TOBACCO_INDICATOR,TOBACCO_INDICATOR_R_afford_inflation_adjusted_price_ppp,,,,,,,8.88,8.88,,,,2025-08-18T14:33:28Z,2018,2018-01-01,2018-12-31
8461549,TOBACCO_MPOWER_R_INFLATIONADJUSTEDPRICES,COUNTRY,KGZ,EUR,Europe,YEAR,2014,TOBACCO_INDICATOR,TOBACCO_INDICATOR_R_afford_inflation_adjusted_price_ppp,,,,,,,3.07,3.07,,,,2025-08-18T14:33:28Z,2014,2014-01-01,2014-12-31
8465569,TOBACCO_MPOWER_R_INFLATIONADJUSTEDPRICES,COUNTRY,RUS,EUR,Europe,YEAR,2022,TOBACCO_INDICATOR,TOBACCO_INDICATOR_R_afford_inflation_adjusted_price_lcu,,,,,,,198.6,198.6,,,,2025-08-18T14:33:28Z,2022,2022-01-01,2022-12-31
8466568,TOBACCO_MPOWER_R_INFLATIONADJUSTEDPRICES,COUNTRY,PRY,AMR,Americas,YEAR,2010,TOBACCO_INDICATOR,TOBACCO_INDICATOR_R_afford_inflation_adjusted_price_ppp,,,,,,,0.87,0.87,,,,2025-08-18T14:33:28Z,2010,2010-01-01,2010-12-31
8469691,TOBACCO_MPOWER_R_INFLATIONADJUSTEDPRICES,COUNTRY,SLB,WPR,Western Pacific,YEAR,2010,TOBACCO_INDICATOR,TOBACCO_INDICATOR_R_afford_inflation_adjusted_price_lcu,,,,,,,. . .,,,,,2025-08-18T14:33:28Z,2010,2010-01-01,2010-12-31
8474694,TOBACCO_MPOWER_R_INFLATIONADJUSTEDPRICES,COUNTRY,AFG,EMR,Eastern Mediterranean,YEAR,2014,TOBACCO_INDICATOR,TOBACCO_INDICATOR_R_afford_inflation_adjusted_price_lcu,,,,,,,. . .,,,,,2025-08-18T14:33:28Z,2014,2014-01-01,2014-12-31
8479007,TOBACCO_MPOWER_R_INFLATIONADJUSTEDPRICES,COUNTRY,SUR,AMR,Americas,YEAR,2016,TOBACCO_INDICATOR,TOBACCO_INDICATOR_R_afford_inflation_adjusted_price_ppp,,,,,,,10.85,10.85,,,,2025-08-18T14:33:28Z,2016,2016-01-01,2016-12-31
8482545,TOBACCO_MPOWER_R_INFLATIONADJUSTEDPRICES,COUNTRY,CHE,EUR,Europe,YEAR,2018,TOBACCO_INDICATOR,TOBACCO_INDICATOR_R_afford_inflation_adjusted_price_ppp,,,,,,,9.11,9.11,,,,2025-08-18T14:33:28Z,2018,2018-01-01,2018-12-31
8487951,TOBACCO_MPOWER_R_INFLATIONADJUSTEDPRICES,COUNTRY,NGA,AFR,Africa,YEAR,2016,TOBACCO_INDICATOR,TOBACCO_INDICATOR_R_afford_inflation_adjusted_price_lcu,,,,,,,836.76,836.76,,,,2025-08-18T14:33:28Z,2016,2016-01-01,2016-12-31
8488699,TOBACCO_MPOWER_R_INFLATIONADJUSTEDPRICES,COUNTRY,SRB,EUR,Europe,YEAR,2018,TOBACCO_INDICATOR,TOBACCO_INDICATOR_R_afford_inflation_adjusted_price_ppp,,,,,,,7.62,7.62,,,,2025-08-18T14:33:28Z,2018,2018-01-01,2018-12-31
8491098,TOBACCO_MPOWER_R_INFLATIONADJUSTEDPRICES,COUNTRY,PAK,EMR,Eastern Mediterranean,YEAR,2010,TOBACCO_INDICATOR,TOBACCO_INDICATOR_R_afford_inflation_adjusted_price_ppp,,,,,,,1.81,1.81,,,,2025-08-18T14:33:28Z,2010,2010-01-01,2010-12-31
8492107,TOBACCO_MPOWER_R_INFLATIONADJUSTEDPRICES,COUNTRY,AZE,EUR,Europe,YEAR,2024,TOBACCO_INDICATOR,TOBACCO_INDICATOR_R_afford_inflation_adjusted_price_ppp,,,,,,,5.27,5.27,,,,2025-08-18T14:33:28Z,2024,2024-01-01,2024-12-31
8492798,TOBACCO_MPOWER_R_INFLATIONADJUSTEDPRICES,COUNTRY,NOR,EUR,Europe,YEAR,2008,TOBACCO_INDICATOR,TOBACCO_INDICATOR_R_afford_inflation_adjusted_price_ppp,,,,,,,10.6,10.6,,,,2025-08-18T14:33:28Z,2008,2008-01-01,2008-12-31
8495700,TOBACCO_MPOWER_R_INFLATIONADJUSTEDPRICES,COUNTRY,MHL,WPR,Western Pacific,YEAR,2016,TOBACCO_INDICATOR,TOBACCO_INDICATOR_R_afford_inflation_adjusted_price_lcu,,,,,,,2.98,2.98,,,,2025-08-18T14:33:28Z,2016,2016-01-01,2016-12-31
8501542,TOBACCO_MPOWER_R_INFLATIONADJUSTEDPRICES,COUNTRY,MKD,EUR,Europe,YEAR,2024,TOBACCO_INDICATOR,TOBACCO_INDICATOR_R_afford_inflation_adjusted_price_lcu,,,,,,,130,130,,,,2025-08-18T14:33:28Z,2024,2024-01-01,2024-12-31
8502307,TOBACCO_MPOWER_R_INFLATIONADJUSTEDPRICES,COUNTRY,NPL,SEAR,South-East Asia,YEAR,2016,TOBACCO_INDICATOR,TOBACCO_INDICATOR_R_afford_inflation_adjusted_price_ppp,,,,,,,8.21,8.21,,,,2025-08-18T14:33:28Z,2016,2016-01-01,2016-12-31
8518912,TOBACCO_MPOWER_R_INFLATIONADJUSTEDPRICES,COUNTRY,DOM,AMR,Americas,YEAR,2022,TOBACCO_INDICATOR,TOBACCO_INDICATOR_R_afford_inflation_adjusted_price_lcu,,,,,,,346.39,346.39,,,,2025-08-18T14:33:28Z,2022,2022-01-01,2022-12-31
8520981,TOBACCO_MPOWER_R_INFLATIONADJUSTEDPRICES,COUNTRY,LCA,AMR,Americas,YEAR,2010,TOBACCO_INDICATOR,TOBACCO_INDICATOR_R_afford_inflation_adjusted_price_ppp,,,,,,,5.37,5.37,,,,2025-08-18T14:33:28Z,2010,2010-01-01,2010-12-31
8526257,TOBACCO_MPOWER_R_INFLATIONADJUSTEDPRICES,COUNTRY,JAM,AMR,Americas,YEAR,2018,TOBACCO_INDICATOR,TOBACCO_INDICATOR_R_afford_inflation_adjusted_price_lcu,,,,,,,1755.52,1755.52,,,Data not validated by the national authorities.,2025-08-18T14:33:28Z,2018,2018-01-01,2018-12-31
8529540,TOBACCO_MPOWER_R_INFLATIONADJUSTEDPRICES,COUNTRY,DEU,EUR,Europe,YEAR,2018,TOBACCO_INDICATOR,TOBACCO_INDICATOR_R_afford_inflation_adjusted_price_lcu,,,,,,,7.94,7.94,,,,2025-08-18T14:33:28Z,2018,2018-01-01,2018-12-31
8531471,TOBACCO_MPOWER_R_INFLATIONADJUSTEDPRICES,COUNTRY,HND,AMR,Americas,YEAR,2024,TOBACCO_INDICATOR,TOBACCO_INDICATOR_R_afford_inflation_adjusted_price_ppp,,,,,,,7.48,7.48,,,,2025-08-18T14:33:28Z,2024,2024-01-01,2024-12-31
8533919,TOBACCO_MPOWER_R_INFLATIONADJUSTEDPRICES,COUNTRY,MNG,WPR,Western Pacific,YEAR,2020,TOBACCO_INDICATOR,TOBACCO_INDICATOR_R_afford_inflation_adjusted_price_lcu,,,,,,,3350.99,3350.99,,,,2025-08-18T14:33:28Z,2020,2020-01-01,2020-12-31
8534425,TOBACCO_MPOWER_R_INFLATIONADJUSTEDPRICES,COUNTRY,GNQ,AFR,Africa,YEAR,2010,TOBACCO_INDICATOR,TOBACCO_INDICATOR_R_afford_inflation_adjusted_price_ppp,,,,,,,2.65,2.65,,,,2025-08-18T14:33:28Z,2010,2010-01-01,2010-12-31
8536208,TOBACCO_MPOWER_R_INFLATIONADJUSTEDPRICES,COUNTRY,NGA,AFR,Africa,YEAR,2022,TOBACCO_INDICATOR,TOBACCO_INDICATOR_R_afford_inflation_adjusted_price_lcu,,,,,,,896.94,896.94,,,,2025-08-18T14:33:28Z,2022,2022-01-01,2022-12-31
8543182,TOBACCO_MPOWER_R_INFLATIONADJUSTEDPRICES,COUNTRY,SLE,AFR,Africa,YEAR,2018,TOBACCO_INDICATOR,TOBACCO_INDICATOR_R_afford_inflation_adjusted_price_ppp,,,,,,,2.46,2.46,,,,2025-08-18T14:33:28Z,2018,2018-01-01,2018-12-31
8543285,TOBACCO_MPOWER_R_INFLATIONADJUSTEDPRICES,COUNTRY,TTO,AMR,Americas,YEAR,2020,TOBACCO_INDICATOR,TOBACCO_INDICATOR_R_afford_inflation_adjusted_price_lcu,,,,,,,34.06,34.06,,,,2025-08-18T14:33:28Z,2020,2020-01-01,2020-12-31
8545940,TOBACCO_MPOWER_R_INFLATIONADJUSTEDPRICES,COUNTRY,SEN,AFR,Africa,YEAR,2010,TOBACCO_INDICATOR,TOBACCO_INDICATOR_R_afford_inflation_adjusted_price_ppp,,,,,,,2.32,2.32,,,,2025-08-18T14:33:28Z,2010,2010-01-01,2010-12-31
8551215,TOBACCO_MPOWER_R_INFLATIONADJUSTEDPRICES,COUNTRY,KHM,WPR,Western Pacific,YEAR,2024,TOBACCO_INDICATOR,TOBACCO_INDICATOR_R_afford_inflation_adjusted_price_lcu,,,,,,,2083,2083,,,,2025-08-18T14:33:28Z,2024,2024-01-01,2024-12-31
8557442,TOBACCO_MPOWER_R_INFLATIONADJUSTEDPRICES,COUNTRY,SGP,WPR,Western Pacific,YEAR,2022,TOBACCO_INDICATOR,TOBACCO_INDICATOR_R_afford_inflation_adjusted_price_lcu,,,,,,,15.35,15.35,,,,2025-08-18T14:33:28Z,2022,2022-01-01,2022-12-31
8558125,TOBACCO_MPOWER_R_INFLATIONADJUSTEDPRICES,COUNTRY,KIR,WPR,Western Pacific,YEAR,2014,TOBACCO_INDICATOR,TOBACCO_INDICATOR_R_afford_inflation_adjusted_price_ppp,,,,,,,6.21,6.21,,,,2025-08-18T14:33:28Z,2014,2014-01-01,2014-12-31
8559350,TOBACCO_MPOWER_R_INFLATIONADJUSTEDPRICES,COUNTRY,ETH,AFR,Africa,YEAR,2012,TOBACCO_INDICATOR,TOBACCO_INDICATOR_R_afford_inflation_adjusted_price_lcu,,,,,,,51.3,51.3,,,,2025-08-18T14:33:28Z,2012,2012-01-01,2012-12-31
8561542,TOBACCO_MPOWER_R_INFLATIONADJUSTEDPRICES,COUNTRY,FJI,WPR,Western Pacific,YEAR,2014,TOBACCO_INDICATOR,TOBACCO_INDICATOR_R_afford_inflation_adjusted_price_ppp,,,,,,,11.36,11.36,,,,2025-08-18T14:33:28Z,2014,2014-01-01,2014-12-31
8561641,TOBACCO_MPOWER_R_INFLATIONADJUSTEDPRICES,COUNTRY,EST,EUR,Europe,YEAR,2024,TOBACCO_INDICATOR,TOBACCO_INDICATOR_R_afford_inflation_adjusted_price_lcu,,,,,,,5.1,5.1,,,,2025-08-18T14:33:28Z,2024,2024-01-01,2024-12-31
8567710,TOBACCO_MPOWER_R_INFLATIONADJUSTEDPRICES,COUNTRY,GTM,AMR,Americas,YEAR,2016,TOBACCO_INDICATOR,TOBACCO_INDICATOR_R_afford_inflation_adjusted_price_ppp,,,,,,,7.47,7.47,,,,2025-08-18T14:33:28Z,2016,2016-01-01,2016-12-31
8579816,TOBACCO_MPOWER_R_INFLATIONADJUSTEDPRICES,COUNTRY,PER,AMR,Americas,YEAR,2024,TOBACCO_INDICATOR,TOBACCO_INDICATOR_R_afford_inflation_adjusted_price_ppp,,,,,,,9.15,9.15,,,,2025-08-18T14:33:28Z,2024,2024-01-01,2024-12-31
8583864,TOBACCO_MPOWER_R_INFLATIONADJUSTEDPRICES,COUNTRY,GIN,AFR,Africa,YEAR,2010,TOBACCO_INDICATOR,TOBACCO_INDICATOR_R_afford_inflation_adjusted_price_lcu,,,,,,,8436.62,8436.62,,,,2025-08-18T14:33:28Z,2010,2010-01-01,2010-12-31
8586167,TOBACCO_MPOWER_R_INFLATIONADJUSTEDPRICES,COUNTRY,NIC,AMR,Americas,YEAR,2016,TOBACCO_INDICATOR,TOBACCO_INDICATOR_R_afford_inflation_adjusted_price_lcu,,,,,,,. . .,,,,,2025-08-18T14:33:28Z,2016,2016-01-01,2016-12-31
8591639,TOBACCO_MPOWER_R_INFLATIONADJUSTEDPRICES,COUNTRY,TUV,WPR,Western Pacific,YEAR,2010,TOBACCO_INDICATOR,TOBACCO_INDICATOR_R_afford_inflation_adjusted_price_ppp,,,,,,,7.3,7.3,,,,2025-08-18T14:33:28Z,2010,2010-01-01,2010-12-31
8598125,TOBACCO_MPOWER_R_INFLATIONADJUSTEDPRICES,COUNTRY,CIV,AFR,Africa,YEAR,2024,TOBACCO_INDICATOR,TOBACCO_INDICATOR_R_afford_inflation_adjusted_price_ppp,,,,,,,4.63,4.63,,,,2025-08-18T14:33:28Z,2024,2024-01-01,2024-12-31
8598975,TOBACCO_MPOWER_R_INFLATIONADJUSTEDPRICES,COUNTRY,CZE,EUR,Europe,YEAR,2012,TOBACCO_INDICATOR,TOBACCO_INDICATOR_R_afford_inflation_adjusted_price_ppp,,,,,,,7.57,7.57,,,,2025-08-18T14:33:28Z,2012,2012-01-01,2012-12-31
8602525,TOBACCO_MPOWER_R_INFLATIONADJUSTEDPRICES,COUNTRY,LCA,AMR,Americas,YEAR,2018,TOBACCO_INDICATOR,TOBACCO_INDICATOR_R_afford_inflation_adjusted_price_ppp,,,,,,,6.2,6.2,,,,2025-08-18T14:33:28Z,2018,2018-01-01,2018-12-31
8605449,TOBACCO_MPOWER_R_INFLATIONADJUSTEDPRICES,COUNTRY,MDG,AFR,Africa,YEAR,2010,TOBACCO_INDICATOR,TOBACCO_INDICATOR_R_afford_inflation_adjusted_price_lcu,,,,,,,5198.93,5198.93,,,,2025-08-18T14:33:28Z,2010,2010-01-01,2010-12-31
8606211,TOBACCO_MPOWER_R_INFLATIONADJUSTEDPRICES,COUNTRY,IRQ,EMR,Eastern Mediterranean,YEAR,2020,TOBACCO_INDICATOR,TOBACCO_INDICATOR_R_afford_inflation_adjusted_price_lcu,,,,,,,596.22,596.22,,,,2025-08-18T14:33:28Z,2020,2020-01-01,2020-12-31
8608633,TOBACCO_MPOWER_R_INFLATIONADJUSTEDPRICES,COUNTRY,CMR,AFR,Africa,YEAR,2016,TOBACCO_INDICATOR,TOBACCO_INDICATOR_R_afford_inflation_adjusted_price_lcu,,,,,,,650.94,650.94,,,,2025-08-18T14:33:28Z,2016,2016-01-01,2016-12-31
8610108,TOBACCO_MPOWER_R_INFLATIONADJUSTEDPRICES,COUNTRY,UGA,AFR,Africa,YEAR,2010,TOBACCO_INDICATOR,TOBACCO_INDICATOR_R_afford_inflation_adjusted_price_ppp,,,,,,,2.34,2.34,,,,2025-08-18T14:33:28Z,2010,2010-01-01,2010-12-31
8612245,TOBACCO_MPOWER_R_INFLATIONADJUSTEDPRICES,COUNTRY,SLB,WPR,Western Pacific,YEAR,2020,TOBACCO_INDICATOR,TOBACCO_INDICATOR_R_afford_inflation_adjusted_price_ppp,,,,,,,. . .,,,,,2025-08-18T14:33:28Z,2020,2020-01-01,2020-12-31
8623943,TOBACCO_MPOWER_R_INFLATIONADJUSTEDPRICES,COUNTRY,MHL,WPR,Western Pacific,YEAR,2010,TOBACCO_INDICATOR,TOBACCO_INDICATOR_R_afford_inflation_adjusted_price_ppp,,,,,,,3.85,3.85,,,,2025-08-18T14:33:28Z,2010,2010-01-01,2010-12-31
8625296,TOBACCO_MPOWER_R_INFLATIONADJUSTEDPRICES,COUNTRY,MHL,WPR,Western Pacific,YEAR,2016,TOBACCO_INDICATOR,TOBACCO_INDICATOR_R_afford_inflation_adjusted_price_ppp,,,,,,,2.92,2.92,,,,2025-08-18T14:33:28Z,2016,2016-01-01,2016-12-31
8631739,TOBACCO_MPOWER_R_INFLATIONADJUSTEDPRICES,COUNTRY,MEX,AMR,Americas,YEAR,2008,TOBACCO_INDICATOR,TOBACCO_INDICATOR_R_afford_inflation_adjusted_price_lcu,,,,,,,56.63,56.63,,,,2025-08-18T14:33:28Z,2008,2008-01-01,2008-12-31
8633398,TOBACCO_MPOWER_R_INFLATIONADJUSTEDPRICES,COUNTRY,FIN,EUR,Europe,YEAR,2012,TOBACCO_INDICATOR,TOBACCO_INDICATOR_R_afford_inflation_adjusted_price_ppp,,,,,,,7.72,7.72,,,,2025-08-18T14:33:28Z,2012,2012-01-01,2012-12-31
8634459,TOBACCO_MPOWER_R_INFLATIONADJUSTEDPRICES,COUNTRY,PER,AMR,Americas,YEAR,2024,TOBACCO_INDICATOR,TOBACCO_INDICATOR_R_afford_inflation_adjusted_price_lcu,,,,,,,16.3,16.3,,,,2025-08-18T14:33:28Z,2024,2024-01-01,2024-12-31
8634493,TOBACCO_MPOWER_R_INFLATIONADJUSTEDPRICES,COUNTRY,NGA,AFR,Africa,YEAR,2008,TOBACCO_INDICATOR,TOBACCO_INDICATOR_R_afford_inflation_adjusted_price_lcu,,,,,,,1611.4,1611.4,,,,2025-08-18T14:33:28Z,2008,2008-01-01,2008-12-31
8635232,TOBACCO_MPOWER_R_INFLATIONADJUSTEDPRICES,COUNTRY,SDN,EMR,Eastern Mediterranean,YEAR,2016,TOBACCO_INDICATOR,TOBACCO_INDICATOR_R_afford_inflation_adjusted_price_ppp,,,,,,,6.36,6.36,,,,2025-08-18T14:33:28Z,2016,2016-01-01,2016-12-31
8636078,TOBACCO_MPOWER_R_INFLATIONADJUSTEDPRICES,COUNTRY,PLW,WPR,Western Pacific,YEAR,2016,TOBACCO_INDICATOR,TOBACCO_INDICATOR_R_afford_inflation_adjusted_price_ppp,,,,,,,7.86,7.86,,,,2025-08-18T14:33:28Z,2016,2016-01-01,2016-12-31
8636306,TOBACCO_MPOWER_R_INFLATIONADJUSTEDPRICES,COUNTRY,KIR,WPR,Western Pacific,YEAR,2016,TOBACCO_INDICATOR,TOBACCO_INDICATOR_R_afford_inflation_adjusted_price_lcu,,,,,,,7.34,7.34,,,,2025-08-18T14:33:28Z,2016,2016-01-01,2016-12-31
8638320,TOBACCO_MPOWER_R_INFLATIONADJUSTEDPRICES,COUNTRY,CPV,AFR,Africa,YEAR,2010,TOBACCO_INDICATOR,TOBACCO_INDICATOR_R_afford_inflation_adjusted_price_ppp,,,,,,,5.31,5.31,,,,2025-08-18T14:33:28Z,2010,2010-01-01,2010-12-31
8638637,TOBACCO_MPOWER_R_INFLATIONADJUSTEDPRICES,COUNTRY,CYP,EUR,Europe,YEAR,2016,TOBACCO_INDICATOR,TOBACCO_INDICATOR_R_afford_inflation_adjusted_price_ppp,,,,,,,8.85,8.85,,,,2025-08-18T14:33:28Z,2016,2016-01-01,2016-12-31
8638836,TOBACCO_MPOWER_R_INFLATIONADJUSTEDPRICES,COUNTRY,LAO,WPR,Western Pacific,YEAR,2014,TOBACCO_INDICATOR,TOBACCO_INDICATOR_R_afford_inflation_adjusted_price_lcu,,,,,,,18 959,18958.58,,,,2025-08-18T14:33:28Z,2014,2014-01-01,2014-12-31
8639577,TOBACCO_MPOWER_R_INFLATIONADJUSTEDPRICES,COUNTRY,MHL,WPR,Western Pacific,YEAR,2024,TOBACCO_INDICATOR,TOBACCO_INDICATOR_R_afford_inflation_adjusted_price_lcu,,,,,,,5,5,,,,2025-08-18T14:33:28Z,2024,2024-01-01,2024-12-31
8640733,TOBACCO_MPOWER_R_INFLATIONADJUSTEDPRICES,COUNTRY,DOM,AMR,Americas,YEAR,2008,TOBACCO_INDICATOR,TOBACCO_INDICATOR_R_afford_inflation_adjusted_price_ppp,,,,,,,8.96,8.96,,,,2025-08-18T14:33:28Z,2008,2008-01-01,2008-12-31
8644953,TOBACCO_MPOWER_R_INFLATIONADJUSTEDPRICES,COUNTRY,LBR,AFR,Africa,YEAR,2014,TOBACCO_INDICATOR,TOBACCO_INDICATOR_R_afford_inflation_adjusted_price_ppp,,,,,,,2.23,2.23,,,,2025-08-18T14:33:28Z,2014,2014-01-01,2014-12-31
8645450,TOBACCO_MPOWER_R_INFLATIONADJUSTEDPRICES,COUNTRY,MWI,AFR,Africa,YEAR,2022,TOBACCO_INDICATOR,TOBACCO_INDICATOR_R_afford_inflation_adjusted_price_lcu,,,,,,,1532.01,1532.01,,,,2025-08-18T14:33:28Z,2022,2022-01-01,2022-12-31
8645852,TOBACCO_MPOWER_R_INFLATIONADJUSTEDPRICES,COUNTRY,GUY,AMR,Americas,YEAR,2008,TOBACCO_INDICATOR,TOBACCO_INDICATOR_R_afford_inflation_adjusted_price_ppp,,,,,,,4.18,4.18,,,,2025-08-18T14:33:28Z,2008,2008-01-01,2008-12-31
8645910,TOBACCO_MPOWER_R_INFLATIONADJUSTEDPRICES,COUNTRY,PRK,SEAR,South-East Asia,YEAR,2020,TOBACCO_INDICATOR,TOBACCO_INDICATOR_R_afford_inflation_adjusted_price_ppp,,,,,,,. . .,,,,,2025-08-18T14:33:28Z,2020,2020-01-01,2020-12-31
8653227,TOBACCO_MPOWER_R_INFLATIONADJUSTEDPRICES,COUNTRY,LUX,EUR,Europe,YEAR,2008,TOBACCO_INDICATOR,TOBACCO_INDICATOR_R_afford_inflation_adjusted_price_ppp,,,,,,,5.93,5.93,,,,2025-08-18T14:33:28Z,2008,2008-01-01,2008-12-31
8654918,TOBACCO_MPOWER_R_INFLATIONADJUSTEDPRICES,COUNTRY,FRA,EUR,Europe,YEAR,2018,TOBACCO_INDICATOR,TOBACCO_INDICATOR_R_afford_inflation_adjusted_price_lcu,,,,,,,9.52,9.52,,,,2025-08-18T14:33:28Z,2018,2018-01-01,2018-12-31
8655407,TOBACCO_MPOWER_R_INFLATIONADJUSTEDPRICES,COUNTRY,BGD,SEAR,South-East Asia,YEAR,2020,TOBACCO_INDICATOR,TOBACCO_INDICATOR_R_afford_inflation_adjusted_price_ppp,,,,,,,4.01,4.01,,,,2025-08-18T14:33:28Z,2020,2020-01-01,2020-12-31
8655441,TOBACCO_MPOWER_R_INFLATIONADJUSTEDPRICES,COUNTRY,LAO,WPR,Western Pacific,YEAR,2014,TOBACCO_INDICATOR,TOBACCO_INDICATOR_R_afford_inflation_adjusted_price_ppp,,,,,,,3.91,3.91,,,,2025-08-18T14:33:28Z,2014,2014-01-01,2014-12-31
8656703,TOBACCO_MPOWER_R_INFLATIONADJUSTEDPRICES,COUNTRY,ZMB,AFR,Africa,YEAR,2014,TOBACCO_INDICATOR,TOBACCO_INDICATOR_R_afford_inflation_adjusted_price_lcu,,,,,,,29.19,29.19,,,,2025-08-18T14:33:28Z,2014,2014-01-01,2014-12-31
8660030,TOBACCO_MPOWER_R_INFLATIONADJUSTEDPRICES,COUNTRY,DZA,AFR,Africa,YEAR,2024,TOBACCO_INDICATOR,TOBACCO_INDICATOR_R_afford_inflation_adjusted_price_lcu,,,,,,,350,350,,,,2025-08-18T14:33:28Z,2024,2024-01-01,2024-12-31
8661395,TOBACCO_MPOWER_R_INFLATIONADJUSTEDPRICES,COUNTRY,CAF,AFR,Africa,YEAR,2016,TOBACCO_INDICATOR,TOBACCO_INDICATOR_R_afford_inflation_adjusted_price_lcu,,,,,,,. . .,,,,,2025-08-18T14:33:28Z,2016,2016-01-01,2016-12-31
8662580,TOBACCO_MPOWER_R_INFLATIONADJUSTEDPRICES,COUNTRY,PRT,EUR,Europe,YEAR,2014,TOBACCO_INDICATOR,TOBACCO_INDICATOR_R_afford_inflation_adjusted_price_lcu,,,,,,,5.52,5.52,,,,2025-08-18T14:33:28Z,2014,2014-01-01,2014-12-31
8663715,TOBACCO_MPOWER_R_INFLATIONADJUSTEDPRICES,COUNTRY,GRC,EUR,Europe,YEAR,2018,TOBACCO_INDICATOR,TOBACCO_INDICATOR_R_afford_inflation_adjusted_price_lcu,,,,,,,5.38,5.38,,,,2025-08-18T14:33:28Z,2018,2018-01-01,2018-12-31
8664438,TOBACCO_MPOWER_R_INFLATIONADJUSTEDPRICES,COUNTRY,PAN,AMR,Americas,YEAR,2008,TOBACCO_INDICATOR,TOBACCO_INDICATOR_R_afford_inflation_adjusted_price_lcu,,,,,,,2.67,2.67,,,,2025-08-18T14:33:28Z,2008,2008-01-01,2008-12-31
8666327,TOBACCO_MPOWER_R_INFLATIONADJUSTEDPRICES,COUNTRY,COM,AFR,Africa,YEAR,2008,TOBACCO_INDICATOR,TOBACCO_INDICATOR_R_afford_inflation_adjusted_price_lcu,,,,,,,820.94,820.94,,,,2025-08-18T14:33:28Z,2008,2008-01-01,2008-12-31
8667538,TOBACCO_MPOWER_R_INFLATIONADJUSTEDPRICES,COUNTRY,KOR,WPR,Western Pacific,YEAR,2022,TOBACCO_INDICATOR,TOBACCO_INDICATOR_R_afford_inflation_adjusted_price_lcu,,,,,,,4770.11,4770.11,,,,2025-08-18T14:33:28Z,2022,2022-01-01,2022-12-31
8667891,TOBACCO_MPOWER_R_INFLATIONADJUSTEDPRICES,COUNTRY,EGY,EMR,Eastern Mediterranean,YEAR,2016,TOBACCO_INDICATOR,TOBACCO_INDICATOR_R_afford_inflation_adjusted_price_ppp,,,,,,,4.96,4.96,,,,2025-08-18T14:33:28Z,2016,2016-01-01,2016-12-31
8668649,TOBACCO_MPOWER_R_INFLATIONADJUSTEDPRICES,COUNTRY,MMR,SEAR,South-East Asia,YEAR,2018,TOBACCO_INDICATOR,TOBACCO_INDICATOR_R_afford_inflation_adjusted_price_ppp,,,,,,,2.91,2.91,,,,2025-08-18T14:33:28Z,2018,2018-01-01,2018-12-31
8670246,TOBACCO_MPOWER_R_INFLATIONADJUSTEDPRICES,COUNTRY,GRC,EUR,Europe,YEAR,2016,TOBACCO_INDICATOR,TOBACCO_INDICATOR_R_afford_inflation_adjusted_price_lcu,,,,,,,4.77,4.77,,,,2025-08-18T14:33:28Z,2016,2016-01-01,2016-12-31
8676024,TOBACCO_MPOWER_R_INFLATIONADJUSTEDPRICES,COUNTRY,BEL,EUR,Europe,YEAR,2008,TOBACCO_INDICATOR,TOBACCO_INDICATOR_R_afford_inflation_adjusted_price_lcu,,,,,,,6.08,6.08,,,,2025-08-18T14:33:28Z,2008,2008-01-01,2008-12-31
8676093,TOBACCO_MPOWER_R_INFLATIONADJUSTEDPRICES,COUNTRY,JOR,EMR,Eastern Mediterranean,YEAR,2010,TOBACCO_INDICATOR,TOBACCO_INDICATOR_R_afford_inflation_adjusted_price_lcu,,,,,,,1.29,1.29,,,,2025-08-18T14:33:28Z,2010,2010-01-01,2010-12-31
8676683,TOBACCO_MPOWER_R_INFLATIONADJUSTEDPRICES,COUNTRY,GRD,AMR,Americas,YEAR,2016,TOBACCO_INDICATOR,TOBACCO_INDICATOR_R_afford_inflation_adjusted_price_ppp,,,,,,,6.4,6.4,,,,2025-08-18T14:33:28Z,2016,2016-01-01,2016-12-31
8676940,TOBACCO_MPOWER_R_INFLATIONADJUSTEDPRICES,COUNTRY,TZA,AFR,Africa,YEAR,2010,TOBACCO_INDICATOR,TOBACCO_INDICATOR_R_afford_inflation_adjusted_price_lcu,,,,,,,5611.62,5611.62,,,,2025-08-18T14:33:28Z,2010,2010-01-01,2010-12-31
8677220,TOBACCO_MPOWER_R_INFLATIONADJUSTEDPRICES,COUNTRY,SWZ,AFR,Africa,YEAR,2022,TOBACCO_INDICATOR,TOBACCO_INDICATOR_R_afford_inflation_adjusted_price_lcu,,,,,,,52.41,52.41,,,,2025-08-18T14:33:28Z,2022,2022-01-01,2022-12-31
8679009,TOBACCO_MPOWER_R_INFLATIONADJUSTEDPRICES,COUNTRY,FRA,EUR,Europe,YEAR,2012,TOBACCO_INDICATOR,TOBACCO_INDICATOR_R_afford_inflation_adjusted_price_ppp,,,,,,,10.6,10.6,,,,2025-08-18T14:33:28Z,2012,2012-01-01,2012-12-31
8681300,TOBACCO_MPOWER_R_INFLATIONADJUSTEDPRICES,COUNTRY,JAM,AMR,Americas,YEAR,2014,TOBACCO_INDICATOR,TOBACCO_INDICATOR_R_afford_inflation_adjusted_price_lcu,,,,,,,1319.5,1319.5,,,Data not validated by the national authorities.,2025-08-18T14:33:28Z,2014,2014-01-01,2014-12-31
8682418,TOBACCO_MPOWER_R_INFLATIONADJUSTEDPRICES,COUNTRY,TGO,AFR,Africa,YEAR,2014,TOBACCO_INDICATOR,TOBACCO_INDICATOR_R_afford_inflation_adjusted_price_lcu,,,,,,,518.95,518.95,,,,2025-08-18T14:33:28Z,2014,2014-01-01,2014-12-31
8682570,TOBACCO_MPOWER_R_INFLATIONADJUSTEDPRICES,COUNTRY,GRD,AMR,Americas,YEAR,2012,TOBACCO_INDICATOR,TOBACCO_INDICATOR_R_afford_inflation_adjusted_price_lcu,,,,,,,. . .,,,,,2025-08-18T14:33:28Z,2012,2012-01-01,2012-12-31
8682750,TOBACCO_MPOWER_R_INFLATIONADJUSTEDPRICES,COUNTRY,COK,WPR,Western Pacific,YEAR,2010,TOBACCO_INDICATOR,TOBACCO_INDICATOR_R_afford_inflation_adjusted_price_lcu,,,,,,,. . .,,,,,2025-08-18T14:33:28Z,2010,2010-01-01,2010-12-31
8687085,TOBACCO_MPOWER_R_INFLATIONADJUSTEDPRICES,COUNTRY,SOM,EMR,Eastern Mediterranean,YEAR,2020,TOBACCO_INDICATOR,TOBACCO_INDICATOR_R_afford_inflation_adjusted_price_ppp,,,,,,,1.68,1.68,,,,2025-08-18T14:33:28Z,2020,2020-01-01,2020-12-31
8692851,TOBACCO_MPOWER_R_INFLATIONADJUSTEDPRICES,COUNTRY,SYC,AFR,Africa,YEAR,2010,TOBACCO_INDICATOR,TOBACCO_INDICATOR_R_afford_inflation_adjusted_price_ppp,,,,,,,15.01,15.01,,,,2025-08-18T14:33:28Z,2010,2010-01-01,2010-12-31
8693476,TOBACCO_MPOWER_R_INFLATIONADJUSTEDPRICES,COUNTRY,LKA,SEAR,South-East Asia,YEAR,2020,TOBACCO_INDICATOR,TOBACCO_INDICATOR_R_afford_inflation_adjusted_price_ppp,,,,,,,28.56,28.56,,,,2025-08-18T14:33:28Z,2020,2020-01-01,2020-12-31
8693545,TOBACCO_MPOWER_R_INFLATIONADJUSTEDPRICES,COUNTRY,MRT,AFR,Africa,YEAR,2020,TOBACCO_INDICATOR,TOBACCO_INDICATOR_R_afford_inflation_adjusted_price_lcu,,,,,,,48.71,48.71,,,,2025-08-18T14:33:28Z,2020,2020-01-01,2020-12-31
8695826,TOBACCO_MPOWER_R_INFLATIONADJUSTEDPRICES,COUNTRY,PRY,AMR,Americas,YEAR,2012,TOBACCO_INDICATOR,TOBACCO_INDICATOR_R_afford_inflation_adjusted_price_ppp,,,,,,,0.9,0.9,,,,2025-08-18T14:33:28Z,2012,2012-01-01,2012-12-31
8699667,TOBACCO_MPOWER_R_INFLATIONADJUSTEDPRICES,COUNTRY,MYS,WPR,Western Pacific,YEAR,2012,TOBACCO_INDICATOR,TOBACCO_INDICATOR_R_afford_inflation_adjusted_price_lcu,,,,,,,12.66,12.66,,,,2025-08-18T14:33:28Z,2012,2012-01-01,2012-12-31
8700509,TOBACCO_MPOWER_R_INFLATIONADJUSTEDPRICES,COUNTRY,PHL,WPR,Western Pacific,YEAR,2010,TOBACCO_INDICATOR,TOBACCO_INDICATOR_R_afford_inflation_adjusted_price_lcu,,,,,,,22.31,22.31,,,,2025-08-18T14:33:28Z,2010,2010-01-01,2010-12-31
8701214,TOBACCO_MPOWER_R_INFLATIONADJUSTEDPRICES,COUNTRY,MNE,EUR,Europe,YEAR,2018,TOBACCO_INDICATOR,TOBACCO_INDICATOR_R_afford_inflation_adjusted_price_lcu,,,,,,,3.25,3.25,,,,2025-08-18T14:33:28Z,2018,2018-01-01,2018-12-31
8703664,TOBACCO_MPOWER_R_INFLATIONADJUSTEDPRICES,COUNTRY,SAU,EMR,Eastern Mediterranean,YEAR,2008,TOBACCO_INDICATOR,TOBACCO_INDICATOR_R_afford_inflation_adjusted_price_lcu,,,,,,,8.56,8.56,,,,2025-08-18T14:33:28Z,2008,2008-01-01,2008-12-31
8705411,TOBACCO_MPOWER_R_INFLATIONADJUSTEDPRICES,COUNTRY,BTN,SEAR,South-East Asia,YEAR,2022,TOBACCO_INDICATOR,TOBACCO_INDICATOR_R_afford_inflation_adjusted_price_lcu,,,,,,,435.95,435.95,,,,2025-08-18T14:33:28Z,2022,2022-01-01,2022-12-31
8708737,TOBACCO_MPOWER_R_INFLATIONADJUSTEDPRICES,COUNTRY,TUN,EMR,Eastern Mediterranean,YEAR,2008,TOBACCO_INDICATOR,TOBACCO_INDICATOR_R_afford_inflation_adjusted_price_lcu,,,,,,,4.04,4.04,,,,2025-08-18T14:33:28Z,2008,2008-01-01,2008-12-31
8710182,TOBACCO_MPOWER_R_INFLATIONADJUSTEDPRICES,COUNTRY,CHE,EUR,Europe,YEAR,2016,TOBACCO_INDICATOR,TOBACCO_INDICATOR_R_afford_inflation_adjusted_price_ppp,,,,,,,9.16,9.16,,,,2025-08-18T14:33:28Z,2016,2016-01-01,2016-12-31
8720445,TOBACCO_MPOWER_R_INFLATIONADJUSTEDPRICES,COUNTRY,USA,AMR,Americas,YEAR,2022,TOBACCO_INDICATOR,TOBACCO_INDICATOR_R_afford_inflation_adjusted_price_ppp,,,,,,,8.87,8.87,,,,2025-08-18T14:33:28Z,2022,2022-01-01,2022-12-31
8721996,TOBACCO_MPOWER_R_INFLATIONADJUSTEDPRICES,COUNTRY,URY,AMR,Americas,YEAR,2024,TOBACCO_INDICATOR,TOBACCO_INDICATOR_R_afford_inflation_adjusted_price_lcu,,,,,,,210,210,,,,2025-08-18T14:33:28Z,2024,2024-01-01,2024-12-31
8722269,TOBACCO_MPOWER_R_INFLATIONADJUSTEDPRICES,COUNTRY,ARM,EUR,Europe,YEAR,2008,TOBACCO_INDICATOR,TOBACCO_INDICATOR_R_afford_inflation_adjusted_price_lcu,,,,,,,869.17,869.17,,,,2025-08-18T14:33:28Z,2008,2008-01-01,2008-12-31
8724359,TOBACCO_MPOWER_R_INFLATIONADJUSTEDPRICES,COUNTRY,AFG,EMR,Eastern Mediterranean,YEAR,2016,TOBACCO_INDICATOR,TOBACCO_INDICATOR_R_afford_inflation_adjusted_price_lcu,,,,,,,. . .,,,,,2025-08-18T14:33:28Z,2016,2016-01-01,2016-12-31
8729241,TOBACCO_MPOWER_R_INFLATIONADJUSTEDPRICES,COUNTRY,KIR,WPR,Western Pacific,YEAR,2020,TOBACCO_INDICATOR,TOBACCO_INDICATOR_R_afford_inflation_adjusted_price_lcu,,,,,,,7.22,7.22,,,,2025-08-18T14:33:28Z,2020,2020-01-01,2020-12-31
8729578,TOBACCO_MPOWER_R_INFLATIONADJUSTEDPRICES,COUNTRY,TKM,EUR,Europe,YEAR,2016,TOBACCO_INDICATOR,TOBACCO_INDICATOR_R_afford_inflation_adjusted_price_lcu,,,,,,,35.54,35.54,,,,2025-08-18T14:33:28Z,2016,2016-01-01,2016-12-31
8730150,TOBACCO_MPOWER_R_INFLATIONADJUSTEDPRICES,COUNTRY,FRA,EUR,Europe,YEAR,2016,TOBACCO_INDICATOR,TOBACCO_INDICATOR_R_afford_inflation_adjusted_price_ppp,,,,,,,11.71,11.71,,,,2025-08-18T14:33:28Z,2016,2016-01-01,2016-12-31
8730453,TOBACCO_MPOWER_R_INFLATIONADJUSTEDPRICES,COUNTRY,LTU,EUR,Europe,YEAR,2020,TOBACCO_INDICATOR,TOBACCO_INDICATOR_R_afford_inflation_adjusted_price_ppp,,,,,,,11.61,11.61,,,,2025-08-18T14:33:28Z,2020,2020-01-01,2020-12-31
8734194,TOBACCO_MPOWER_R_INFLATIONADJUSTEDPRICES,COUNTRY,TCD,AFR,Africa,YEAR,2012,TOBACCO_INDICATOR,TOBACCO_INDICATOR_R_afford_inflation_adjusted_price_lcu,,,,,,,601.86,601.86,,,,2025-08-18T14:33:28Z,2012,2012-01-01,2012-12-31
8740938,TOBACCO_MPOWER_R_INFLATIONADJUSTEDPRICES,COUNTRY,SSD,AFR,Africa,YEAR,2016,TOBACCO_INDICATOR,TOBACCO_INDICATOR_R_afford_inflation_adjusted_price_ppp,,,,,,,7.16,7.16,,,,2025-08-18T14:33:28Z,2016,2016-01-01,2016-12-31
8748287,TOBACCO_MPOWER_R_INFLATIONADJUSTEDPRICES,COUNTRY,CHL,AMR,Americas,YEAR,2024,TOBACCO_INDICATOR,TOBACCO_INDICATOR_R_afford_inflation_adjusted_price_lcu,,,,,,,3750,3750,,,,2025-08-18T14:33:28Z,2024,2024-01-01,2024-12-31
8753528,TOBACCO_MPOWER_R_INFLATIONADJUSTEDPRICES,COUNTRY,GAB,AFR,Africa,YEAR,2008,TOBACCO_INDICATOR,TOBACCO_INDICATOR_R_afford_inflation_adjusted_price_ppp,,,,,,,4.2,4.2,,,,2025-08-18T14:33:28Z,2008,2008-01-01,2008-12-31
8760193,TOBACCO_MPOWER_R_INFLATIONADJUSTEDPRICES,COUNTRY,KGZ,EUR,Europe,YEAR,2008,TOBACCO_INDICATOR,TOBACCO_INDICATOR_R_afford_inflation_adjusted_price_ppp,,,,,,,3.3,3.3,,,,2025-08-18T14:33:28Z,2008,2008-01-01,2008-12-31
8762266,TOBACCO_MPOWER_R_INFLATIONADJUSTEDPRICES,COUNTRY,MLI,AFR,Africa,YEAR,2012,TOBACCO_INDICATOR,TOBACCO_INDICATOR_R_afford_inflation_adjusted_price_lcu,,,,,,,853.29,853.29,,,,2025-08-18T14:33:28Z,2012,2012-01-01,2012-12-31
8769300,TOBACCO_MPOWER_R_INFLATIONADJUSTEDPRICES,COUNTRY,BWA,AFR,Africa,YEAR,2016,TOBACCO_INDICATOR,TOBACCO_INDICATOR_R_afford_inflation_adjusted_price_ppp,,,,,,,8.9,8.9,,,,2025-08-18T14:33:28Z,2016,2016-01-01,2016-12-31
8772490,TOBACCO_MPOWER_R_INFLATIONADJUSTEDPRICES,COUNTRY,SLE,AFR,Africa,YEAR,2010,TOBACCO_INDICATOR,TOBACCO_INDICATOR_R_afford_inflation_adjusted_price_lcu,,,,,,,11.48,11.48,,,,2025-08-18T14:33:28Z,2010,2010-01-01,2010-12-31
8781357,TOBACCO_MPOWER_R_INFLATIONADJUSTEDPRICES,COUNTRY,UGA,AFR,Africa,YEAR,2014,TOBACCO_INDICATOR,TOBACCO_INDICATOR_R_afford_inflation_adjusted_price_lcu,,,,,,,3694.46,3694.46,,,,2025-08-18T14:33:28Z,2014,2014-01-01,2014-12-31
8782858,TOBACCO_MPOWER_R_INFLATIONADJUSTEDPRICES,COUNTRY,HRV,EUR,Europe,YEAR,2012,TOBACCO_INDICATOR,TOBACCO_INDICATOR_R_afford_inflation_adjusted_price_lcu,,,,,,,3.59,3.59,,,,2025-08-18T14:33:28Z,2012,2012-01-01,2012-12-31
8783266,TOBACCO_MPOWER_R_INFLATIONADJUSTEDPRICES,COUNTRY,PAK,EMR,Eastern Mediterranean,YEAR,2010,TOBACCO_INDICATOR,TOBACCO_INDICATOR_R_afford_inflation_adjusted_price_lcu,,,,,,,112.29,112.29,,,,2025-08-18T14:33:28Z,2010,2010-01-01,2010-12-31
8789227,TOBACCO_MPOWER_R_INFLATIONADJUSTEDPRICES,COUNTRY,GEO,EUR,Europe,YEAR,2008,TOBACCO_INDICATOR,TOBACCO_INDICATOR_R_afford_inflation_adjusted_price_lcu,,,,,,,3.5,3.5,,,,2025-08-18T14:33:28Z,2008,2008-01-01,2008-12-31
8792959,TOBACCO_MPOWER_R_INFLATIONADJUSTEDPRICES,COUNTRY,CYP,EUR,Europe,YEAR,2020,TOBACCO_INDICATOR,TOBACCO_INDICATOR_R_afford_inflation_adjusted_price_ppp,,,,,,,9.42,9.42,,,,2025-08-18T14:33:28Z,2020,2020-01-01,2020-12-31
8793901,TOBACCO_MPOWER_R_INFLATIONADJUSTEDPRICES,COUNTRY,ZAF,AFR,Africa,YEAR,2018,TOBACCO_INDICATOR,TOBACCO_INDICATOR_R_afford_inflation_adjusted_price_lcu,,,,,,,49.62,49.62,,,,2025-08-18T14:33:28Z,2018,2018-01-01,2018-12-31
8797869,TOBACCO_MPOWER_R_INFLATIONADJUSTEDPRICES,COUNTRY,ISR,EUR,Europe,YEAR,2016,TOBACCO_INDICATOR,TOBACCO_INDICATOR_R_afford_inflation_adjusted_price_lcu,,,,,,,41.04,41.04,,,,2025-08-18T14:33:28Z,2016,2016-01-01,2016-12-31
8802263,TOBACCO_MPOWER_R_INFLATIONADJUSTEDPRICES,COUNTRY,URY,AMR,Americas,YEAR,2016,TOBACCO_INDICATOR,TOBACCO_INDICATOR_R_afford_inflation_adjusted_price_ppp,,,,,,,6.41,6.41,,,,2025-08-18T14:33:28Z,2016,2016-01-01,2016-12-31
8808038,TOBACCO_MPOWER_R_INFLATIONADJUSTEDPRICES,COUNTRY,CMR,AFR,Africa,YEAR,2022,TOBACCO_INDICATOR,TOBACCO_INDICATOR_R_afford_inflation_adjusted_price_ppp,,,,,,,3.89,3.89,,,,2025-08-18T14:33:28Z,2022,2022-01-01,2022-12-31
8813707,TOBACCO_MPOWER_R_INFLATIONADJUSTEDPRICES,COUNTRY,PSE,EMR,Eastern Mediterranean,YEAR,2020,TOBACCO_INDICATOR,TOBACCO_INDICATOR_R_afford_inflation_adjusted_price_lcu,,,,,,,. . .,,,,,2025-08-18T14:33:28Z,2020,2020-01-01,2020-12-31
8817523,TOBACCO_MPOWER_R_INFLATIONADJUSTEDPRICES,COUNTRY,NIU,WPR,Western Pacific,YEAR,2022,TOBACCO_INDICATOR,TOBACCO_INDICATOR_R_afford_inflation_adjusted_price_lcu,,,,,,,. . .,,,,,2025-08-18T14:33:28Z,2022,2022-01-01,2022-12-31
8821398,TOBACCO_MPOWER_R_INFLATIONADJUSTEDPRICES,COUNTRY,GMB,AFR,Africa,YEAR,2014,TOBACCO_INDICATOR,TOBACCO_INDICATOR_R_afford_inflation_adjusted_price_lcu,,,,,,,70.1,70.1,,,,2025-08-18T14:33:28Z,2014,2014-01-01,2014-12-31
8821630,TOBACCO_MPOWER_R_INFLATIONADJUSTEDPRICES,COUNTRY,URY,AMR,Americas,YEAR,2012,TOBACCO_INDICATOR,TOBACCO_INDICATOR_R_afford_inflation_adjusted_price_lcu,,,,,,,186.55,186.55,,,,2025-08-18T14:33:28Z,2012,2012-01-01,2012-12-31
8823994,TOBACCO_MPOWER_R_INFLATIONADJUSTEDPRICES,COUNTRY,IDN,WPR,Western Pacific,YEAR,2012,TOBACCO_INDICATOR,TOBACCO_INDICATOR_R_afford_inflation_adjusted_price_lcu,,,,,,,26 228,26228.28,,,,2025-08-18T14:33:28Z,2012,2012-01-01,2012-12-31
8824411,TOBACCO_MPOWER_R_INFLATIONADJUSTEDPRICES,COUNTRY,POL,EUR,Europe,YEAR,2018,TOBACCO_INDICATOR,TOBACCO_INDICATOR_R_afford_inflation_adjusted_price_lcu,,,,,,,22.76,22.76,,,,2025-08-18T14:33:28Z,2018,2018-01-01,2018-12-31
8838213,TOBACCO_MPOWER_R_INFLATIONADJUSTEDPRICES,COUNTRY,MDV,SEAR,South-East Asia,YEAR,2018,TOBACCO_INDICATOR,TOBACCO_INDICATOR_R_afford_inflation_adjusted_price_lcu,,,,,,,72.56,72.56,,,,2025-08-18T14:33:28Z,2018,2018-01-01,2018-12-31
8840640,TOBACCO_MPOWER_R_INFLATIONADJUSTEDPRICES,COUNTRY,TKM,EUR,Europe,YEAR,2018,TOBACCO_INDICATOR,TOBACCO_INDICATOR_R_afford_inflation_adjusted_price_lcu,,,,,,,38.2,38.2,,,,2025-08-18T14:33:28Z,2018,2018-01-01,2018-12-31
8842805,TOBACCO_MPOWER_R_INFLATIONADJUSTEDPRICES,COUNTRY,BRN,WPR,Western Pacific,YEAR,2020,TOBACCO_INDICATOR,TOBACCO_INDICATOR_R_afford_inflation_adjusted_price_lcu,,,,,,,. . .,,,,,2025-08-18T14:33:28Z,2020,2020-01-01,2020-12-31
8843505,TOBACCO_MPOWER_R_INFLATIONADJUSTEDPRICES,COUNTRY,ROU,EUR,Europe,YEAR,2012,TOBACCO_INDICATOR,TOBACCO_INDICATOR_R_afford_inflation_adjusted_price_lcu,,,,,,,21.87,21.87,,,,2025-08-18T14:33:28Z,2012,2012-01-01,2012-12-31
8846528,TOBACCO_MPOWER_R_INFLATIONADJUSTEDPRICES,COUNTRY,LTU,EUR,Europe,YEAR,2014,TOBACCO_INDICATOR,TOBACCO_INDICATOR_R_afford_inflation_adjusted_price_ppp,,,,,,,7.07,7.07,,,,2025-08-18T14:33:28Z,2014,2014-01-01,2014-12-31
8852506,TOBACCO_MPOWER_R_INFLATIONADJUSTEDPRICES,COUNTRY,TUV,WPR,Western Pacific,YEAR,2024,TOBACCO_INDICATOR,TOBACCO_INDICATOR_R_afford_inflation_adjusted_price_ppp,,,,,,,. . .,,,,,2025-08-18T14:33:28Z,2024,2024-01-01,2024-12-31
8855906,TOBACCO_MPOWER_R_INFLATIONADJUSTEDPRICES,COUNTRY,NZL,WPR,Western Pacific,YEAR,2022,TOBACCO_INDICATOR,TOBACCO_INDICATOR_R_afford_inflation_adjusted_price_ppp,,,,,,,23.4,23.4,,,,2025-08-18T14:33:28Z,2022,2022-01-01,2022-12-31
8862003,TOBACCO_MPOWER_R_INFLATIONADJUSTEDPRICES,COUNTRY,GTM,AMR,Americas,YEAR,2008,TOBACCO_INDICATOR,TOBACCO_INDICATOR_R_afford_inflation_adjusted_price_ppp,,,,,,,5.05,5.05,,,,2025-08-18T14:33:28Z,2008,2008-01-01,2008-12-31
8864065,TOBACCO_MPOWER_R_INFLATIONADJUSTEDPRICES,COUNTRY,AGO,AFR,Africa,YEAR,2010,TOBACCO_INDICATOR,TOBACCO_INDICATOR_R_afford_inflation_adjusted_price_ppp,,,,,,,. . .,,,,,2025-08-18T14:33:28Z,2010,2010-01-01,2010-12-31
8864473,TOBACCO_MPOWER_R_INFLATIONADJUSTEDPRICES,COUNTRY,COG,AFR,Africa,YEAR,2022,TOBACCO_INDICATOR,TOBACCO_INDICATOR_R_afford_inflation_adjusted_price_ppp,,,,,,,3.36,3.36,,,,2025-08-18T14:33:28Z,2022,2022-01-01,2022-12-31
8864589,TOBACCO_MPOWER_R_INFLATIONADJUSTEDPRICES,COUNTRY,ESP,EUR,Europe,YEAR,2014,TOBACCO_INDICATOR,TOBACCO_INDICATOR_R_afford_inflation_adjusted_price_ppp,,,,,,,9.94,9.94,,,,2025-08-18T14:33:28Z,2014,2014-01-01,2014-12-31
8870792,TOBACCO_MPOWER_R_INFLATIONADJUSTEDPRICES,COUNTRY,DMA,AMR,Americas,YEAR,2016,TOBACCO_INDICATOR,TOBACCO_INDICATOR_R_afford_inflation_adjusted_price_lcu,,,,,,,5.1,5.1,,,,2025-08-18T14:33:28Z,2016,2016-01-01,2016-12-31
8872837,TOBACCO_MPOWER_R_INFLATIONADJUSTEDPRICES,COUNTRY,KAZ,EUR,Europe,YEAR,2016,TOBACCO_INDICATOR,TOBACCO_INDICATOR_R_afford_inflation_adjusted_price_ppp,,,,,,,3.41,3.41,,,,2025-08-18T14:33:28Z,2016,2016-01-01,2016-12-31
8876018,TOBACCO_MPOWER_R_INFLATIONADJUSTEDPRICES,COUNTRY,LSO,AFR,Africa,YEAR,2014,TOBACCO_INDICATOR,TOBACCO_INDICATOR_R_afford_inflation_adjusted_price_ppp,,,,,,,9.24,9.24,,,,2025-08-18T14:33:28Z,2014,2014-01-01,2014-12-31
8885501,TOBACCO_MPOWER_R_INFLATIONADJUSTEDPRICES,COUNTRY,BTN,SEAR,South-East Asia,YEAR,2010,TOBACCO_INDICATOR,TOBACCO_INDICATOR_R_afford_inflation_adjusted_price_ppp,,,,,,,. . .,,,,,2025-08-18T14:33:28Z,2010,2010-01-01,2010-12-31
8885710,TOBACCO_MPOWER_R_INFLATIONADJUSTEDPRICES,COUNTRY,URY,AMR,Americas,YEAR,2010,TOBACCO_INDICATOR,TOBACCO_INDICATOR_R_afford_inflation_adjusted_price_ppp,,,,,,,6.7,6.7,,,,2025-08-18T14:33:28Z,2010,2010-01-01,2010-12-31
8886155,TOBACCO_MPOWER_R_INFLATIONADJUSTEDPRICES,COUNTRY,KIR,WPR,Western Pacific,YEAR,2024,TOBACCO_INDICATOR,TOBACCO_INDICATOR_R_afford_inflation_adjusted_price_ppp,,,,,,,9.63,9.63,,,,2025-08-18T14:33:28Z,2024,2024-01-01,2024-12-31
8889564,TOBACCO_MPOWER_R_INFLATIONADJUSTEDPRICES,COUNTRY,STP,AFR,Africa,YEAR,2018,TOBACCO_INDICATOR,TOBACCO_INDICATOR_R_afford_inflation_adjusted_price_lcu,,,,,,,52.33,52.33,,,,2025-08-18T14:33:28Z,2018,2018-01-01,2018-12-31
8890897,TOBACCO_MPOWER_R_INFLATIONADJUSTEDPRICES,COUNTRY,CYP,EUR,Europe,YEAR,2024,TOBACCO_INDICATOR,TOBACCO_INDICATOR_R_afford_inflation_adjusted_price_lcu,,,,,,,4.7,4.7,,,,2025-08-18T14:33:28Z,2024,2024-01-01,2024-12-31
8893066,TOBACCO_MPOWER_R_INFLATIONADJUSTEDPRICES,COUNTRY,COL,AMR,Americas,YEAR,2010,TOBACCO_INDICATOR,TOBACCO_INDICATOR_R_afford_inflation_adjusted_price_ppp,,,,,,,2.37,2.37,,,,2025-08-18T14:33:28Z,2010,2010-01-01,2010-12-31
8898156,TOBACCO_MPOWER_R_INFLATIONADJUSTEDPRICES,COUNTRY,BHS,AMR,Americas,YEAR,2012,TOBACCO_INDICATOR,TOBACCO_INDICATOR_R_afford_inflation_adjusted_price_ppp,,,,,,,7.68,7.68,,,,2025-08-18T14:33:28Z,2012,2012-01-01,2012-12-31
8899536,TOBACCO_MPOWER_R_INFLATIONADJUSTEDPRICES,COUNTRY,IDN,WPR,Western Pacific,YEAR,2024,TOBACCO_INDICATOR,TOBACCO_INDICATOR_R_afford_inflation_adjusted_price_lcu,,,,,,,40 000,40000,,,,2025-08-18T14:33:28Z,2024,2024-01-01,2024-12-31
8900082,TOBACCO_MPOWER_R_INFLATIONADJUSTEDPRICES,COUNTRY,COL,AMR,Americas,YEAR,2022,TOBACCO_INDICATOR,TOBACCO_INDICATOR_R_afford_inflation_adjusted_price_lcu,,,,,,,8501.74,8501.74,,,,2025-08-18T14:33:28Z,2022,2022-01-01,2022-12-31
8900084,TOBACCO_MPOWER_R_INFLATIONADJUSTEDPRICES,COUNTRY,PRT,EUR,Europe,YEAR,2008,TOBACCO_INDICATOR,TOBACCO_INDICATOR_R_afford_inflation_adjusted_price_ppp,,,,,,,8.08,8.08,,,,2025-08-18T14:33:28Z,2008,2008-01-01,2008-12-31
8903183,TOBACCO_MPOWER_R_INFLATIONADJUSTEDPRICES,COUNTRY,RWA,AFR,Africa,YEAR,2016,TOBACCO_INDICATOR,TOBACCO_INDICATOR_R_afford_inflation_adjusted_price_ppp,,,,,,,2.82,2.82,,,,2025-08-18T14:33:28Z,2016,2016-01-01,2016-12-31
8907357,TOBACCO_MPOWER_R_INFLATIONADJUSTEDPRICES,COUNTRY,BTN,SEAR,South-East Asia,YEAR,2014,TOBACCO_INDICATOR,TOBACCO_INDICATOR_R_afford_inflation_adjusted_price_lcu,,,,,,,. . .,,,,,2025-08-18T14:33:28Z,2014,2014-01-01,2014-12-31
8908725,TOBACCO_MPOWER_R_INFLATIONADJUSTEDPRICES,COUNTRY,HUN,EUR,Europe,YEAR,2014,TOBACCO_INDICATOR,TOBACCO_INDICATOR_R_afford_inflation_adjusted_price_lcu,,,,,,,1650.53,1650.53,,,,2025-08-18T14:33:28Z,2014,2014-01-01,2014-12-31
8910418,TOBACCO_MPOWER_R_INFLATIONADJUSTEDPRICES,COUNTRY,SVN,EUR,Europe,YEAR,2014,TOBACCO_INDICATOR,TOBACCO_INDICATOR_R_afford_inflation_adjusted_price_lcu,,,,,,,4.37,4.37,,,,2025-08-18T14:33:28Z,2014,2014-01-01,2014-12-31
8914339,TOBACCO_MPOWER_R_INFLATIONADJUSTEDPRICES,COUNTRY,AFG,EMR,Eastern Mediterranean,YEAR,2024,TOBACCO_INDICATOR,TOBACCO_INDICATOR_R_afford_inflation_adjusted_price_lcu,,,,,,,. . .,,,,,2025-08-18T14:33:28Z,2024,2024-01-01,2024-12-31
8917306,TOBACCO_MPOWER_R_INFLATIONADJUSTEDPRICES,COUNTRY,LAO,WPR,Western Pacific,YEAR,2016,TOBACCO_INDICATOR,TOBACCO_INDICATOR_R_afford_inflation_adjusted_price_lcu,,,,,,,16 122,16122.12,,,,2025-08-18T14:33:28Z,2016,2016-01-01,2016-12-31
8931603,TOBACCO_MPOWER_R_INFLATIONADJUSTEDPRICES,COUNTRY,NIC,AMR,Americas,YEAR,2016,TOBACCO_INDICATOR,TOBACCO_INDICATOR_R_afford_inflation_adjusted_price_ppp,,,,,,,. . .,,,,,2025-08-18T14:33:28Z,2016,2016-01-01,2016-12-31
8932923,TOBACCO_MPOWER_R_INFLATIONADJUSTEDPRICES,COUNTRY,CHL,AMR,Americas,YEAR,2014,TOBACCO_INDICATOR,TOBACCO_INDICATOR_R_afford_inflation_adjusted_price_lcu,,,,,,,2647.87,2647.87,,,,2025-08-18T14:33:28Z,2014,2014-01-01,2014-12-31
8938796,TOBACCO_MPOWER_R_INFLATIONADJUSTEDPRICES,COUNTRY,TZA,AFR,Africa,YEAR,2012,TOBACCO_INDICATOR,TOBACCO_INDICATOR_R_afford_inflation_adjusted_price_lcu,,,,,,,4292.77,4292.77,,,,2025-08-18T14:33:28Z,2012,2012-01-01,2012-12-31
8945618,TOBACCO_MPOWER_R_INFLATIONADJUSTEDPRICES,COUNTRY,TLS,SEAR,South-East Asia,YEAR,2008,TOBACCO_INDICATOR,TOBACCO_INDICATOR_R_afford_inflation_adjusted_price_lcu,,,,,,,1.85,1.85,,,,2025-08-18T14:33:28Z,2008,2008-01-01,2008-12-31
8946840,TOBACCO_MPOWER_R_INFLATIONADJUSTEDPRICES,COUNTRY,PRT,EUR,Europe,YEAR,2022,TOBACCO_INDICATOR,TOBACCO_INDICATOR_R_afford_inflation_adjusted_price_ppp,,,,,,,9.12,9.12,,,,2025-08-18T14:33:28Z,2022,2022-01-01,2022-12-31
8948291,TOBACCO_MPOWER_R_INFLATIONADJUSTEDPRICES,COUNTRY,TGO,AFR,Africa,YEAR,2024,TOBACCO_INDICATOR,TOBACCO_INDICATOR_R_afford_inflation_adjusted_price_ppp,,,,,,,3.61,3.61,,,,2025-08-18T14:33:28Z,2024,2024-01-01,2024-12-31
8951239,TOBACCO_MPOWER_R_INFLATIONADJUSTEDPRICES,COUNTRY,ZMB,AFR,Africa,YEAR,2014,TOBACCO_INDICATOR,TOBACCO_INDICATOR_R_afford_inflation_adjusted_price_ppp,,,,,,,3.68,3.68,,,,2025-08-18T14:33:28Z,2014,2014-01-01,2014-12-31
8952682,TOBACCO_MPOWER_R_INFLATIONADJUSTEDPRICES,COUNTRY,VEN,AMR,Americas,YEAR,2018,TOBACCO_INDICATOR,TOBACCO_INDICATOR_R_afford_inflation_adjusted_price_ppp,,,,,,,. . .,,,,Data not validated by the national authorities.,2025-08-18T14:33:28Z,2018,2018-01-01,2018-12-31
8953687,TOBACCO_MPOWER_R_INFLATIONADJUSTEDPRICES,COUNTRY,BIH,EUR,Europe,YEAR,2018,TOBACCO_INDICATOR,TOBACCO_INDICATOR_R_afford_inflation_adjusted_price_ppp,,,,,,,10.19,10.19,,,,2025-08-18T14:33:28Z,2018,2018-01-01,2018-12-31
8961111,TOBACCO_MPOWER_R_INFLATIONADJUSTEDPRICES,COUNTRY,PNG,WPR,Western Pacific,YEAR,2014,TOBACCO_INDICATOR,TOBACCO_INDICATOR_R_afford_inflation_adjusted_price_ppp,,,,,,,9.62,9.62,,,,2025-08-18T14:33:28Z,2014,2014-01-01,2014-12-31
8962176,TOBACCO_MPOWER_R_INFLATIONADJUSTEDPRICES,COUNTRY,MLI,AFR,Africa,YEAR,2018,TOBACCO_INDICATOR,TOBACCO_INDICATOR_R_afford_inflation_adjusted_price_ppp,,,,,,,4.85,4.85,,,,2025-08-18T14:33:28Z,2018,2018-01-01,2018-12-31
8965084,TOBACCO_MPOWER_R_INFLATIONADJUSTEDPRICES,COUNTRY,PAK,EMR,Eastern Mediterranean,YEAR,2008,TOBACCO_INDICATOR,TOBACCO_INDICATOR_R_afford_inflation_adjusted_price_ppp,,,,,,,1.49,1.49,,,,2025-08-18T14:33:28Z,2008,2008-01-01,2008-12-31
8966573,TOBACCO_MPOWER_R_INFLATIONADJUSTEDPRICES,COUNTRY,GNB,AFR,Africa,YEAR,2024,TOBACCO_INDICATOR,TOBACCO_INDICATOR_R_afford_inflation_adjusted_price_lcu,,,,,,,500,500,,,,2025-08-18T14:33:28Z,2024,2024-01-01,2024-12-31
8969948,TOBACCO_MPOWER_R_INFLATIONADJUSTEDPRICES,COUNTRY,RUS,EUR,Europe,YEAR,2008,TOBACCO_INDICATOR,TOBACCO_INDICATOR_R_afford_inflation_adjusted_price_ppp,,,,,,,2.58,2.58,,,,2025-08-18T14:33:28Z,2008,2008-01-01,2008-12-31
8978248,TOBACCO_MPOWER_R_INFLATIONADJUSTEDPRICES,COUNTRY,VNM,WPR,Western Pacific,YEAR,2010,TOBACCO_INDICATOR,TOBACCO_INDICATOR_R_afford_inflation_adjusted_price_ppp,,,,,,,3.73,3.73,,,,2025-08-18T14:33:28Z,2010,2010-01-01,2010-12-31
8979148,TOBACCO_MPOWER_R_INFLATIONADJUSTEDPRICES,COUNTRY,HND,AMR,Americas,YEAR,2018,TOBACCO_INDICATOR,TOBACCO_INDICATOR_R_afford_inflation_adjusted_price_lcu,,,,,,,68.66,68.66,,,,2025-08-18T14:33:28Z,2018,2018-01-01,2018-12-31
8980101,TOBACCO_MPOWER_R_INFLATIONADJUSTEDPRICES,COUNTRY,ECU,AMR,Americas,YEAR,2008,TOBACCO_INDICATOR,TOBACCO_INDICATOR_R_afford_inflation_adjusted_price_ppp,,,,,,,4.96,4.96,,,,2025-08-18T14:33:28Z,2008,2008-01-01,2008-12-31
8980672,TOBACCO_MPOWER_R_INFLATIONADJUSTEDPRICES,COUNTRY,MLT,EUR,Europe,YEAR,2010,TOBACCO_INDICATOR,TOBACCO_INDICATOR_R_afford_inflation_adjusted_price_ppp,,,,,,,10.37,10.37,,,,2025-08-18T14:33:28Z,2010,2010-01-01,2010-12-31
8981875,TOBACCO_MPOWER_R_INFLATIONADJUSTEDPRICES,COUNTRY,BRA,AMR,Americas,YEAR,2014,TOBACCO_INDICATOR,TOBACCO_INDICATOR_R_afford_inflation_adjusted_price_ppp,,,,,,,4.01,4.01,,,,2025-08-18T14:33:28Z,2014,2014-01-01,2014-12-31
8988515,TOBACCO_MPOWER_R_INFLATIONADJUSTEDPRICES,COUNTRY,CUB,AMR,Americas,YEAR,2024,TOBACCO_INDICATOR,TOBACCO_INDICATOR_R_afford_inflation_adjusted_price_ppp,,,,,,,. . .,,,,,2025-08-18T14:33:28Z,2024,2024-01-01,2024-12-31
8993621,TOBACCO_MPOWER_R_INFLATIONADJUSTEDPRICES,COUNTRY,LBY,EMR,Eastern Mediterranean,YEAR,2016,TOBACCO_INDICATOR,TOBACCO_INDICATOR_R_afford_inflation_adjusted_price_ppp,,,,,,,3.39,3.39,,,,2025-08-18T14:33:28Z,2016,2016-01-01,2016-12-31
8997782,TOBACCO_MPOWER_R_INFLATIONADJUSTEDPRICES,COUNTRY,IND,SEAR,South-East Asia,YEAR,2020,TOBACCO_INDICATOR,TOBACCO_INDICATOR_R_afford_inflation_adjusted_price_lcu,,,,,,,235.77,235.77,,,,2025-08-18T14:33:28Z,2020,2020-01-01,2020-12-31
9001750,TOBACCO_MPOWER_R_INFLATIONADJUSTEDPRICES,COUNTRY,EGY,EMR,Eastern Mediterranean,YEAR,2016,TOBACCO_INDICATOR,TOBACCO_INDICATOR_R_afford_inflation_adjusted_price_lcu,,,,,,,33.78,33.78,,,,2025-08-18T14:33:28Z,2016,2016-01-01,2016-12-31
9004200,TOBACCO_MPOWER_R_INFLATIONADJUSTEDPRICES,COUNTRY,MLT,EUR,Europe,YEAR,2014,TOBACCO_INDICATOR,TOBACCO_INDICATOR_R_afford_inflation_adjusted_price_lcu,,,,,,,5.97,5.97,,,,2025-08-18T14:33:28Z,2014,2014-01-01,2014-12-31
9007607,TOBACCO_MPOWER_R_INFLATIONADJUSTEDPRICES,COUNTRY,ITA,EUR,Europe,YEAR,2008,TOBACCO_INDICATOR,TOBACCO_INDICATOR_R_afford_inflation_adjusted_price_lcu,,,,,,,4.87,4.87,,,,2025-08-18T14:33:28Z,2008,2008-01-01,2008-12-31
9010261,TOBACCO_MPOWER_R_INFLATIONADJUSTEDPRICES,COUNTRY,TUN,EMR,Eastern Mediterranean,YEAR,2014,TOBACCO_INDICATOR,TOBACCO_INDICATOR_R_afford_inflation_adjusted_price_ppp,,,,,,,4.81,4.81,,,,2025-08-18T14:33:28Z,2014,2014-01-01,2014-12-31
9010552,TOBACCO_MPOWER_R_INFLATIONADJUSTEDPRICES,COUNTRY,SUR,AMR,Americas,YEAR,2012,TOBACCO_INDICATOR,TOBACCO_INDICATOR_R_afford_inflation_adjusted_price_ppp,,,,,,,6.66,6.66,,,,2025-08-18T14:33:28Z,2012,2012-01-01,2012-12-31
9012487,TOBACCO_MPOWER_R_INFLATIONADJUSTEDPRICES,COUNTRY,NRU,WPR,Western Pacific,YEAR,2010,TOBACCO_INDICATOR,TOBACCO_INDICATOR_R_afford_inflation_adjusted_price_lcu,,,,,,,7.57,7.57,,,,2025-08-18T14:33:28Z,2010,2010-01-01,2010-12-31
9012744,TOBACCO_MPOWER_R_INFLATIONADJUSTEDPRICES,COUNTRY,TUN,EMR,Eastern Mediterranean,YEAR,2020,TOBACCO_INDICATOR,TOBACCO_INDICATOR_R_afford_inflation_adjusted_price_ppp,,,,,,,5.07,5.07,,,,2025-08-18T14:33:28Z,2020,2020-01-01,2020-12-31
9013307,TOBACCO_MPOWER_R_INFLATIONADJUSTEDPRICES,COUNTRY,THA,SEAR,South-East Asia,YEAR,2016,TOBACCO_INDICATOR,TOBACCO_INDICATOR_R_afford_inflation_adjusted_price_ppp,,,,,,,9.08,9.08,,,,2025-08-18T14:33:28Z,2016,2016-01-01,2016-12-31
9018110,TOBACCO_MPOWER_R_INFLATIONADJUSTEDPRICES,COUNTRY,TUN,EMR,Eastern Mediterranean,YEAR,2018,TOBACCO_INDICATOR,TOBACCO_INDICATOR_R_afford_inflation_adjusted_price_ppp,,,,,,,4.39,4.39,,,,2025-08-18T14:33:28Z,2018,2018-01-01,2018-12-31
9022554,TOBACCO_MPOWER_R_INFLATIONADJUSTEDPRICES,COUNTRY,MMR,SEAR,South-East Asia,YEAR,2024,TOBACCO_INDICATOR,TOBACCO_INDICATOR_R_afford_inflation_adjusted_price_lcu,,,,,,,1700,1700,,,,2025-08-18T14:33:28Z,2024,2024-01-01,2024-12-31
9027000,TOBACCO_MPOWER_R_INFLATIONADJUSTEDPRICES,COUNTRY,LKA,SEAR,South-East Asia,YEAR,2012,TOBACCO_INDICATOR,TOBACCO_INDICATOR_R_afford_inflation_adjusted_price_ppp,,,,,,,16.03,16.03,,,,2025-08-18T14:33:28Z,2012,2012-01-01,2012-12-31
9030969,TOBACCO_MPOWER_R_INFLATIONADJUSTEDPRICES,COUNTRY,NER,AFR,Africa,YEAR,2024,TOBACCO_INDICATOR,TOBACCO_INDICATOR_R_afford_inflation_adjusted_price_ppp,,,,,,,2.32,2.32,,,,2025-08-18T14:33:28Z,2024,2024-01-01,2024-12-31
9033069,TOBACCO_MPOWER_R_INFLATIONADJUSTEDPRICES,COUNTRY,IRL,EUR,Europe,YEAR,2024,TOBACCO_INDICATOR,TOBACCO_INDICATOR_R_afford_inflation_adjusted_price_ppp,,,,,,,22.43,22.43,,,,2025-08-18T14:33:28Z,2024,2024-01-01,2024-12-31
9034385,TOBACCO_MPOWER_R_INFLATIONADJUSTEDPRICES,COUNTRY,COG,AFR,Africa,YEAR,2024,TOBACCO_INDICATOR,TOBACCO_INDICATOR_R_afford_inflation_adjusted_price_lcu,,,,,,,900,900,,,,2025-08-18T14:33:28Z,2024,2024-01-01,2024-12-31
9036007,TOBACCO_MPOWER_R_INFLATIONADJUSTEDPRICES,COUNTRY,MNG,WPR,Western Pacific,YEAR,2012,TOBACCO_INDICATOR,TOBACCO_INDICATOR_R_afford_inflation_adjusted_price_ppp,,,,,,,1.61,1.61,,,,2025-08-18T14:33:28Z,2012,2012-01-01,2012-12-31
9042314,TOBACCO_MPOWER_R_INFLATIONADJUSTEDPRICES,COUNTRY,BGD,SEAR,South-East Asia,YEAR,2012,TOBACCO_INDICATOR,TOBACCO_INDICATOR_R_afford_inflation_adjusted_price_ppp,,,,,,,1.63,1.63,,,,2025-08-18T14:33:28Z,2012,2012-01-01,2012-12-31
9047388,TOBACCO_MPOWER_R_INFLATIONADJUSTEDPRICES,COUNTRY,FIN,EUR,Europe,YEAR,2018,TOBACCO_INDICATOR,TOBACCO_INDICATOR_R_afford_inflation_adjusted_price_lcu,,,,,,,7.96,7.96,,,,2025-08-18T14:33:28Z,2018,2018-01-01,2018-12-31
9050360,TOBACCO_MPOWER_R_INFLATIONADJUSTEDPRICES,COUNTRY,MDA,EUR,Europe,YEAR,2012,TOBACCO_INDICATOR,TOBACCO_INDICATOR_R_afford_inflation_adjusted_price_ppp,,,,,,,3.93,3.93,,,,2025-08-18T14:33:28Z,2012,2012-01-01,2012-12-31
9053780,TOBACCO_MPOWER_R_INFLATIONADJUSTEDPRICES,COUNTRY,CYP,EUR,Europe,YEAR,2014,TOBACCO_INDICATOR,TOBACCO_INDICATOR_R_afford_inflation_adjusted_price_ppp,,,,,,,8.28,8.28,,,,2025-08-18T14:33:28Z,2014,2014-01-01,2014-12-31
9055208,TOBACCO_MPOWER_R_INFLATIONADJUSTEDPRICES,COUNTRY,PRY,AMR,Americas,YEAR,2014,TOBACCO_INDICATOR,TOBACCO_INDICATOR_R_afford_inflation_adjusted_price_ppp,,,,,,,0.84,0.84,,,,2025-08-18T14:33:28Z,2014,2014-01-01,2014-12-31
9058935,TOBACCO_MPOWER_R_INFLATIONADJUSTEDPRICES,COUNTRY,BEL,EUR,Europe,YEAR,2020,TOBACCO_INDICATOR,TOBACCO_INDICATOR_R_afford_inflation_adjusted_price_ppp,,,,,,,11.51,11.51,,,,2025-08-18T14:33:28Z,2020,2020-01-01,2020-12-31
9059089,TOBACCO_MPOWER_R_INFLATIONADJUSTEDPRICES,COUNTRY,MOZ,AFR,Africa,YEAR,2012,TOBACCO_INDICATOR,TOBACCO_INDICATOR_R_afford_inflation_adjusted_price_lcu,,,,,,,54.26,54.26,,,,2025-08-18T14:33:28Z,2012,2012-01-01,2012-12-31
9059275,TOBACCO_MPOWER_R_INFLATIONADJUSTEDPRICES,COUNTRY,UKR,EUR,Europe,YEAR,2008,TOBACCO_INDICATOR,TOBACCO_INDICATOR_R_afford_inflation_adjusted_price_lcu,,,,,,,14.48,14.48,,,,2025-08-18T14:33:28Z,2008,2008-01-01,2008-12-31
9059504,TOBACCO_MPOWER_R_INFLATIONADJUSTEDPRICES,COUNTRY,MKD,EUR,Europe,YEAR,2018,TOBACCO_INDICATOR,TOBACCO_INDICATOR_R_afford_inflation_adjusted_price_ppp,,,,,,,5.2,5.2,,,,2025-08-18T14:33:28Z,2018,2018-01-01,2018-12-31
9059626,TOBACCO_MPOWER_R_INFLATIONADJUSTEDPRICES,COUNTRY,QAT,EMR,Eastern Mediterranean,YEAR,2022,TOBACCO_INDICATOR,TOBACCO_INDICATOR_R_afford_inflation_adjusted_price_ppp,,,,,,,8.98,8.98,,,,2025-08-18T14:33:28Z,2022,2022-01-01,2022-12-31
9063670,TOBACCO_MPOWER_R_INFLATIONADJUSTEDPRICES,COUNTRY,MRT,AFR,Africa,YEAR,2020,TOBACCO_INDICATOR,TOBACCO_INDICATOR_R_afford_inflation_adjusted_price_ppp,,,,,,,4.17,4.17,,,,2025-08-18T14:33:28Z,2020,2020-01-01,2020-12-31
9064589,TOBACCO_MPOWER_R_INFLATIONADJUSTEDPRICES,COUNTRY,ESP,EUR,Europe,YEAR,2012,TOBACCO_INDICATOR,TOBACCO_INDICATOR_R_afford_inflation_adjusted_price_ppp,,,,,,,9.3,9.3,,,,2025-08-18T14:33:28Z,2012,2012-01-01,2012-12-31
9067768,TOBACCO_MPOWER_R_INFLATIONADJUSTEDPRICES,COUNTRY,HUN,EUR,Europe,YEAR,2012,TOBACCO_INDICATOR,TOBACCO_INDICATOR_R_afford_inflation_adjusted_price_ppp,,,,,,,8.2,8.2,,,,2025-08-18T14:33:28Z,2012,2012-01-01,2012-12-31
9069248,TOBACCO_MPOWER_R_INFLATIONADJUSTEDPRICES,COUNTRY,SGP,WPR,Western Pacific,YEAR,2020,TOBACCO_INDICATOR,TOBACCO_INDICATOR_R_afford_inflation_adjusted_price_lcu,,,,,,,16.43,16.43,,,,2025-08-18T14:33:28Z,2020,2020-01-01,2020-12-31
9070921,TOBACCO_MPOWER_R_INFLATIONADJUSTEDPRICES,COUNTRY,KOR,WPR,Western Pacific,YEAR,2022,TOBACCO_INDICATOR,TOBACCO_INDICATOR_R_afford_inflation_adjusted_price_ppp,,,,,,,6.14,6.14,,,,2025-08-18T14:33:28Z,2022,2022-01-01,2022-12-31
9072529,TOBACCO_MPOWER_R_INFLATIONADJUSTEDPRICES,COUNTRY,TKM,EUR,Europe,YEAR,2010,TOBACCO_INDICATOR,TOBACCO_INDICATOR_R_afford_inflation_adjusted_price_ppp,,,,,,,3.58,3.58,,,,2025-08-18T14:33:28Z,2010,2010-01-01,2010-12-31
9073698,TOBACCO_MPOWER_R_INFLATIONADJUSTEDPRICES,COUNTRY,DEU,EUR,Europe,YEAR,2012,TOBACCO_INDICATOR,TOBACCO_INDICATOR_R_afford_inflation_adjusted_price_lcu,,,,,,,7,7,,,,2025-08-18T14:33:28Z,2012,2012-01-01,2012-12-31
9079857,TOBACCO_MPOWER_R_INFLATIONADJUSTEDPRICES,COUNTRY,UGA,AFR,Africa,YEAR,2012,TOBACCO_INDICATOR,TOBACCO_INDICATOR_R_afford_inflation_adjusted_price_lcu,,,,,,,4063.6,4063.6,,,,2025-08-18T14:33:28Z,2012,2012-01-01,2012-12-31
9087935,TOBACCO_MPOWER_R_INFLATIONADJUSTEDPRICES,COUNTRY,FIN,EUR,Europe,YEAR,2022,TOBACCO_INDICATOR,TOBACCO_INDICATOR_R_afford_inflation_adjusted_price_ppp,,,,,,,12.71,12.71,,,,2025-08-18T14:33:28Z,2022,2022-01-01,2022-12-31
9091023,TOBACCO_MPOWER_R_INFLATIONADJUSTEDPRICES,COUNTRY,SAU,EMR,Eastern Mediterranean,YEAR,2012,TOBACCO_INDICATOR,TOBACCO_INDICATOR_R_afford_inflation_adjusted_price_lcu,,,,,,,11.13,11.13,,,,2025-08-18T14:33:28Z,2012,2012-01-01,2012-12-31
9091237,TOBACCO_MPOWER_R_INFLATIONADJUSTEDPRICES,COUNTRY,ZAF,AFR,Africa,YEAR,2008,TOBACCO_INDICATOR,TOBACCO_INDICATOR_R_afford_inflation_adjusted_price_ppp,,,,,,,6.49,6.49,,,,2025-08-18T14:33:28Z,2008,2008-01-01,2008-12-31
9094129,TOBACCO_MPOWER_R_INFLATIONADJUSTEDPRICES,COUNTRY,IRL,EUR,Europe,YEAR,2008,TOBACCO_INDICATOR,TOBACCO_INDICATOR_R_afford_inflation_adjusted_price_ppp,,,,,,,14.13,14.13,,,,2025-08-18T14:33:28Z,2008,2008-01-01,2008-12-31
9097169,TOBACCO_MPOWER_R_INFLATIONADJUSTEDPRICES,COUNTRY,SDN,EMR,Eastern Mediterranean,YEAR,2010,TOBACCO_INDICATOR,TOBACCO_INDICATOR_R_afford_inflation_adjusted_price_lcu,,,,,,,11 420,11419.95,,,,2025-08-18T14:33:28Z,2010,2010-01-01,2010-12-31
9100494,TOBACCO_MPOWER_R_INFLATIONADJUSTEDPRICES,COUNTRY,LSO,AFR,Africa,YEAR,2008,TOBACCO_INDICATOR,TOBACCO_INDICATOR_R_afford_inflation_adjusted_price_ppp,,,,,,,9.02,9.02,,,,2025-08-18T14:33:28Z,2008,2008-01-01,2008-12-31
9107945,TOBACCO_MPOWER_R_INFLATIONADJUSTEDPRICES,COUNTRY,GBR,EUR,Europe,YEAR,2020,TOBACCO_INDICATOR,TOBACCO_INDICATOR_R_afford_inflation_adjusted_price_lcu,,,,,,,11.45,11.45,,,,2025-08-18T14:33:28Z,2020,2020-01-01,2020-12-31
9113905,TOBACCO_MPOWER_R_INFLATIONADJUSTEDPRICES,COUNTRY,PRK,SEAR,South-East Asia,YEAR,2014,TOBACCO_INDICATOR,TOBACCO_INDICATOR_R_afford_inflation_adjusted_price_lcu,,,,,,,. . .,,,,,2025-08-18T14:33:28Z,2014,2014-01-01,2014-12-31
9119534,TOBACCO_MPOWER_R_INFLATIONADJUSTEDPRICES,COUNTRY,GTM,AMR,Americas,YEAR,2020,TOBACCO_INDICATOR,TOBACCO_INDICATOR_R_afford_inflation_adjusted_price_lcu,,,,,,,24.96,24.96,,,,2025-08-18T14:33:28Z,2020,2020-01-01,2020-12-31
9121836,TOBACCO_MPOWER_R_INFLATIONADJUSTEDPRICES,COUNTRY,GHA,AFR,Africa,YEAR,2016,TOBACCO_INDICATOR,TOBACCO_INDICATOR_R_afford_inflation_adjusted_price_lcu,,,,,,,18.01,18.01,,,,2025-08-18T14:33:28Z,2016,2016-01-01,2016-12-31
9127506,TOBACCO_MPOWER_R_INFLATIONADJUSTEDPRICES,COUNTRY,JPN,WPR,Western Pacific,YEAR,2014,TOBACCO_INDICATOR,TOBACCO_INDICATOR_R_afford_inflation_adjusted_price_lcu,,,,,,,478.7,478.7,,,,2025-08-18T14:33:28Z,2014,2014-01-01,2014-12-31
9127630,TOBACCO_MPOWER_R_INFLATIONADJUSTEDPRICES,COUNTRY,UZB,EUR,Europe,YEAR,2020,TOBACCO_INDICATOR,TOBACCO_INDICATOR_R_afford_inflation_adjusted_price_lcu,,,,,,,12 658,12657.72,,,,2025-08-18T14:33:28Z,2020,2020-01-01,2020-12-31
9132942,TOBACCO_MPOWER_R_INFLATIONADJUSTEDPRICES,COUNTRY,DOM,AMR,Americas,YEAR,2024,TOBACCO_INDICATOR,TOBACCO_INDICATOR_R_afford_inflation_adjusted_price_lcu,,,,,,,349,349,,,,2025-08-18T14:33:28Z,2024,2024-01-01,2024-12-31
9135343,TOBACCO_MPOWER_R_INFLATIONADJUSTEDPRICES,COUNTRY,SWE,EUR,Europe,YEAR,2008,TOBACCO_INDICATOR,TOBACCO_INDICATOR_R_afford_inflation_adjusted_price_lcu,,,,,,,68.08,68.08,,,,2025-08-18T14:33:28Z,2008,2008-01-01,2008-12-31
9136601,TOBACCO_MPOWER_R_INFLATIONADJUSTEDPRICES,COUNTRY,JPN,WPR,Western Pacific,YEAR,2008,TOBACCO_INDICATOR,TOBACCO_INDICATOR_R_afford_inflation_adjusted_price_ppp,,,,,,,3.62,3.62,,,,2025-08-18T14:33:28Z,2008,2008-01-01,2008-12-31
9136679,TOBACCO_MPOWER_R_INFLATIONADJUSTEDPRICES,COUNTRY,BIH,EUR,Europe,YEAR,2016,TOBACCO_INDICATOR,TOBACCO_INDICATOR_R_afford_inflation_adjusted_price_lcu,,,,,,,5.74,5.74,,,,2025-08-18T14:33:28Z,2016,2016-01-01,2016-12-31
9139871,TOBACCO_MPOWER_R_INFLATIONADJUSTEDPRICES,COUNTRY,GMB,AFR,Africa,YEAR,2012,TOBACCO_INDICATOR,TOBACCO_INDICATOR_R_afford_inflation_adjusted_price_lcu,,,,,,,39.2,39.2,,,,2025-08-18T14:33:28Z,2012,2012-01-01,2012-12-31
9150596,TOBACCO_MPOWER_R_INFLATIONADJUSTEDPRICES,COUNTRY,QAT,EMR,Eastern Mediterranean,YEAR,2022,TOBACCO_INDICATOR,TOBACCO_INDICATOR_R_afford_inflation_adjusted_price_lcu,,,,,,,22.92,22.92,,,,2025-08-18T14:33:28Z,2022,2022-01-01,2022-12-31
9151646,TOBACCO_MPOWER_R_INFLATIONADJUSTEDPRICES,COUNTRY,SLB,WPR,Western Pacific,YEAR,2012,TOBACCO_INDICATOR,TOBACCO_INDICATOR_R_afford_inflation_adjusted_price_lcu,,,,,,,33.68,33.68,,,,2025-08-18T14:33:28Z,2012,2012-01-01,2012-12-31
9162371,TOBACCO_MPOWER_R_INFLATIONADJUSTEDPRICES,COUNTRY,SVK,EUR,Europe,YEAR,2024,TOBACCO_INDICATOR,TOBACCO_INDICATOR_R_afford_inflation_adjusted_price_ppp,,,,,,,10.08,10.08,,,,2025-08-18T14:33:28Z,2024,2024-01-01,2024-12-31
9163427,TOBACCO_MPOWER_R_INFLATIONADJUSTEDPRICES,COUNTRY,BDI,AFR,Africa,YEAR,2008,TOBACCO_INDICATOR,TOBACCO_INDICATOR_R_afford_inflation_adjusted_price_lcu,,,,,,,2713.18,2713.18,,,,2025-08-18T14:33:28Z,2008,2008-01-01,2008-12-31
9173161,TOBACCO_MPOWER_R_INFLATIONADJUSTEDPRICES,COUNTRY,BWA,AFR,Africa,YEAR,2014,TOBACCO_INDICATOR,TOBACCO_INDICATOR_R_afford_inflation_adjusted_price_ppp,,,,,,,8.43,8.43,,,,2025-08-18T14:33:28Z,2014,2014-01-01,2014-12-31
9173399,TOBACCO_MPOWER_R_INFLATIONADJUSTEDPRICES,COUNTRY,OMN,EMR,Eastern Mediterranean,YEAR,2012,TOBACCO_INDICATOR,TOBACCO_INDICATOR_R_afford_inflation_adjusted_price_ppp,,,,,,,4.41,4.41,,,,2025-08-18T14:33:28Z,2012,2012-01-01,2012-12-31
9174220,TOBACCO_MPOWER_R_INFLATIONADJUSTEDPRICES,COUNTRY,CHN,WPR,Western Pacific,YEAR,2018,TOBACCO_INDICATOR,TOBACCO_INDICATOR_R_afford_inflation_adjusted_price_ppp,,,,,,,4.29,4.29,,,,2025-08-18T14:33:28Z,2018,2018-01-01,2018-12-31
9180314,TOBACCO_MPOWER_R_INFLATIONADJUSTEDPRICES,COUNTRY,FIN,EUR,Europe,YEAR,2022,TOBACCO_INDICATOR,TOBACCO_INDICATOR_R_afford_inflation_adjusted_price_lcu,,,,,,,9.69,9.69,,,,2025-08-18T14:33:28Z,2022,2022-01-01,2022-12-31
9185823,TOBACCO_MPOWER_R_INFLATIONADJUSTEDPRICES,COUNTRY,BGD,SEAR,South-East Asia,YEAR,2022,TOBACCO_INDICATOR,TOBACCO_INDICATOR_R_afford_inflation_adjusted_price_lcu,,,,,,,119.62,119.62,,,,2025-08-18T14:33:28Z,2022,2022-01-01,2022-12-31
9186003,TOBACCO_MPOWER_R_INFLATIONADJUSTEDPRICES,COUNTRY,CMR,AFR,Africa,YEAR,2020,TOBACCO_INDICATOR,TOBACCO_INDICATOR_R_afford_inflation_adjusted_price_ppp,,,,,,,4.14,4.14,,,,2025-08-18T14:33:28Z,2020,2020-01-01,2020-12-31
9186758,TOBACCO_MPOWER_R_INFLATIONADJUSTEDPRICES,COUNTRY,KGZ,EUR,Europe,YEAR,2016,TOBACCO_INDICATOR,TOBACCO_INDICATOR_R_afford_inflation_adjusted_price_lcu,,,,,,,91.91,91.91,,,,2025-08-18T14:33:28Z,2016,2016-01-01,2016-12-31
9187963,TOBACCO_MPOWER_R_INFLATIONADJUSTEDPRICES,COUNTRY,MUS,AFR,Africa,YEAR,2024,TOBACCO_INDICATOR,TOBACCO_INDICATOR_R_afford_inflation_adjusted_price_ppp,,,,,,,11.83,11.83,,,,2025-08-18T14:33:28Z,2024,2024-01-01,2024-12-31
9195425,TOBACCO_MPOWER_R_INFLATIONADJUSTEDPRICES,COUNTRY,NGA,AFR,Africa,YEAR,2018,TOBACCO_INDICATOR,TOBACCO_INDICATOR_R_afford_inflation_adjusted_price_ppp,,,,,,,2.22,2.22,,,,2025-08-18T14:33:28Z,2018,2018-01-01,2018-12-31
9196744,TOBACCO_MPOWER_R_INFLATIONADJUSTEDPRICES,COUNTRY,KWT,EMR,Eastern Mediterranean,YEAR,2010,TOBACCO_INDICATOR,TOBACCO_INDICATOR_R_afford_inflation_adjusted_price_ppp,,,,,,,3.02,3.02,,,,2025-08-18T14:33:28Z,2010,2010-01-01,2010-12-31
9197445,TOBACCO_MPOWER_R_INFLATIONADJUSTEDPRICES,COUNTRY,BGD,SEAR,South-East Asia,YEAR,2010,TOBACCO_INDICATOR,TOBACCO_INDICATOR_R_afford_inflation_adjusted_price_ppp,,,,,,,1.17,1.17,,,,2025-08-18T14:33:28Z,2010,2010-01-01,2010-12-31
9197726,TOBACCO_MPOWER_R_INFLATIONADJUSTEDPRICES,COUNTRY,THA,SEAR,South-East Asia,YEAR,2018,TOBACCO_INDICATOR,TOBACCO_INDICATOR_R_afford_inflation_adjusted_price_ppp,,,,,,,6.17,6.17,,,,2025-08-18T14:33:28Z,2018,2018-01-01,2018-12-31
9198733,TOBACCO_MPOWER_R_INFLATIONADJUSTEDPRICES,COUNTRY,CMR,AFR,Africa,YEAR,2008,TOBACCO_INDICATOR,TOBACCO_INDICATOR_R_afford_inflation_adjusted_price_lcu,,,,,,,770.9,770.9,,,,2025-08-18T14:33:28Z,2008,2008-01-01,2008-12-31
9203533,TOBACCO_MPOWER_R_INFLATIONADJUSTEDPRICES,COUNTRY,ECU,AMR,Americas,YEAR,2010,TOBACCO_INDICATOR,TOBACCO_INDICATOR_R_afford_inflation_adjusted_price_lcu,,,,,,,2.26,2.26,,,,2025-08-18T14:33:28Z,2010,2010-01-01,2010-12-31
9205058,TOBACCO_MPOWER_R_INFLATIONADJUSTEDPRICES,COUNTRY,MMR,SEAR,South-East Asia,YEAR,2010,TOBACCO_INDICATOR,TOBACCO_INDICATOR_R_afford_inflation_adjusted_price_ppp,,,,,,,3.53,3.53,,,,2025-08-18T14:33:28Z,2010,2010-01-01,2010-12-31
9206957,TOBACCO_MPOWER_R_INFLATIONADJUSTEDPRICES,COUNTRY,VUT,WPR,Western Pacific,YEAR,2022,TOBACCO_INDICATOR,TOBACCO_INDICATOR_R_afford_inflation_adjusted_price_ppp,,,,,,,7.02,7.02,,,,2025-08-18T14:33:28Z,2022,2022-01-01,2022-12-31
9207878,TOBACCO_MPOWER_R_INFLATIONADJUSTEDPRICES,COUNTRY,RUS,EUR,Europe,YEAR,2024,TOBACCO_INDICATOR,TOBACCO_INDICATOR_R_afford_inflation_adjusted_price_ppp,,,,,,,8.04,8.04,,,,2025-08-18T14:33:28Z,2024,2024-01-01,2024-12-31
9213938,TOBACCO_MPOWER_R_INFLATIONADJUSTEDPRICES,COUNTRY,CMR,AFR,Africa,YEAR,2018,TOBACCO_INDICATOR,TOBACCO_INDICATOR_R_afford_inflation_adjusted_price_ppp,,,,,,,3.36,3.36,,,,2025-08-18T14:33:28Z,2018,2018-01-01,2018-12-31
9217468,TOBACCO_MPOWER_R_INFLATIONADJUSTEDPRICES,COUNTRY,SLB,WPR,Western Pacific,YEAR,2012,TOBACCO_INDICATOR,TOBACCO_INDICATOR_R_afford_inflation_adjusted_price_ppp,,,,,,,4.37,4.37,,,,2025-08-18T14:33:28Z,2012,2012-01-01,2012-12-31
9219102,TOBACCO_MPOWER_R_INFLATIONADJUSTEDPRICES,COUNTRY,MHL,WPR,Western Pacific,YEAR,2008,TOBACCO_INDICATOR,TOBACCO_INDICATOR_R_afford_inflation_adjusted_price_ppp,,,,,,,3.49,3.49,,,,2025-08-18T14:33:28Z,2008,2008-01-01,2008-12-31
9220532,TOBACCO_MPOWER_R_INFLATIONADJUSTEDPRICES,COUNTRY,BRN,WPR,Western Pacific,YEAR,2014,TOBACCO_INDICATOR,TOBACCO_INDICATOR_R_afford_inflation_adjusted_price_ppp,,,,,,,. . .,,,,,2025-08-18T14:33:28Z,2014,2014-01-01,2014-12-31
9222165,TOBACCO_MPOWER_R_INFLATIONADJUSTEDPRICES,COUNTRY,AND,EUR,Europe,YEAR,2024,TOBACCO_INDICATOR,TOBACCO_INDICATOR_R_afford_inflation_adjusted_price_ppp,,,,,,,7.24,7.24,,,,2025-08-18T14:33:28Z,2024,2024-01-01,2024-12-31
9235114,TOBACCO_MPOWER_R_INFLATIONADJUSTEDPRICES,COUNTRY,SYR,EMR,Eastern Mediterranean,YEAR,2020,TOBACCO_INDICATOR,TOBACCO_INDICATOR_R_afford_inflation_adjusted_price_ppp,,,,,,,. . .,,,,,2025-08-18T14:33:28Z,2020,2020-01-01,2020-12-31
9243899,TOBACCO_MPOWER_R_INFLATIONADJUSTEDPRICES,COUNTRY,MCO,EUR,Europe,YEAR,2012,TOBACCO_INDICATOR,TOBACCO_INDICATOR_R_afford_inflation_adjusted_price_lcu,,,,,,,. . .,,,,,2025-08-18T14:33:28Z,2012,2012-01-01,2012-12-31
9247740,TOBACCO_MPOWER_R_INFLATIONADJUSTEDPRICES,COUNTRY,LTU,EUR,Europe,YEAR,2020,TOBACCO_INDICATOR,TOBACCO_INDICATOR_R_afford_inflation_adjusted_price_lcu,,,,,,,5.66,5.66,,,,2025-08-18T14:33:28Z,2020,2020-01-01,2020-12-31
9248743,TOBACCO_MPOWER_R_INFLATIONADJUSTEDPRICES,COUNTRY,PSE,EMR,Eastern Mediterranean,YEAR,2012,TOBACCO_INDICATOR,TOBACCO_INDICATOR_R_afford_inflation_adjusted_price_lcu,,,,,,,. . .,,,,,2025-08-18T14:33:28Z,2012,2012-01-01,2012-12-31
9265682,TOBACCO_MPOWER_R_INFLATIONADJUSTEDPRICES,COUNTRY,GAB,AFR,Africa,YEAR,2012,TOBACCO_INDICATOR,TOBACCO_INDICATOR_R_afford_inflation_adjusted_price_ppp,,,,,,,3.95,3.95,,,,2025-08-18T14:33:28Z,2012,2012-01-01,2012-12-31
9267155,TOBACCO_MPOWER_R_INFLATIONADJUSTEDPRICES,COUNTRY,SLV,AMR,Americas,YEAR,2012,TOBACCO_INDICATOR,TOBACCO_INDICATOR_R_afford_inflation_adjusted_price_ppp,,,,,,,5.79,5.79,,,,2025-08-18T14:33:28Z,2012,2012-01-01,2012-12-31
9268433,TOBACCO_MPOWER_R_INFLATIONADJUSTEDPRICES,COUNTRY,COG,AFR,Africa,YEAR,2022,TOBACCO_INDICATOR,TOBACCO_INDICATOR_R_afford_inflation_adjusted_price_lcu,,,,,,,806.25,806.25,,,,2025-08-18T14:33:28Z,2022,2022-01-01,2022-12-31
9270506,TOBACCO_MPOWER_R_INFLATIONADJUSTEDPRICES,COUNTRY,WSM,WPR,Western Pacific,YEAR,2022,TOBACCO_INDICATOR,TOBACCO_INDICATOR_R_afford_inflation_adjusted_price_ppp,,,,,,,8.73,8.73,,,,2025-08-18T14:33:28Z,2022,2022-01-01,2022-12-31
9271884,TOBACCO_MPOWER_R_INFLATIONADJUSTEDPRICES,COUNTRY,NLD,EUR,Europe,YEAR,2024,TOBACCO_INDICATOR,TOBACCO_INDICATOR_R_afford_inflation_adjusted_price_lcu,,,,,,,12.5,12.5,,,,2025-08-18T14:33:28Z,2024,2024-01-01,2024-12-31
9274582,TOBACCO_MPOWER_R_INFLATIONADJUSTEDPRICES,COUNTRY,ZMB,AFR,Africa,YEAR,2024,TOBACCO_INDICATOR,TOBACCO_INDICATOR_R_afford_inflation_adjusted_price_ppp,,,,,,,5.23,5.23,,,,2025-08-18T14:33:28Z,2024,2024-01-01,2024-12-31
9274864,TOBACCO_MPOWER_R_INFLATIONADJUSTEDPRICES,COUNTRY,ZWE,AFR,Africa,YEAR,2018,TOBACCO_INDICATOR,TOBACCO_INDICATOR_R_afford_inflation_adjusted_price_lcu,,,,,,,. . .,,,,,2025-08-18T14:33:28Z,2018,2018-01-01,2018-12-31
9278987,TOBACCO_MPOWER_R_INFLATIONADJUSTEDPRICES,COUNTRY,COM,AFR,Africa,YEAR,2008,TOBACCO_INDICATOR,TOBACCO_INDICATOR_R_afford_inflation_adjusted_price_ppp,,,,,,,3.98,3.98,,,,2025-08-18T14:33:28Z,2008,2008-01-01,2008-12-31
9279049,TOBACCO_MPOWER_R_INFLATIONADJUSTEDPRICES,COUNTRY,GHA,AFR,Africa,YEAR,2010,TOBACCO_INDICATOR,TOBACCO_INDICATOR_R_afford_inflation_adjusted_price_lcu,,,,,,,14.77,14.77,,,,2025-08-18T14:33:28Z,2010,2010-01-01,2010-12-31
9286898,TOBACCO_MPOWER_R_INFLATIONADJUSTEDPRICES,COUNTRY,COD,AFR,Africa,YEAR,2014,TOBACCO_INDICATOR,TOBACCO_INDICATOR_R_afford_inflation_adjusted_price_ppp,,,,,,,2.21,2.21,,,,2025-08-18T14:33:28Z,2014,2014-01-01,2014-12-31
9287567,TOBACCO_MPOWER_R_INFLATIONADJUSTEDPRICES,COUNTRY,HRV,EUR,Europe,YEAR,2020,TOBACCO_INDICATOR,TOBACCO_INDICATOR_R_afford_inflation_adjusted_price_lcu,,,,,,,4.28,4.28,,,,2025-08-18T14:33:28Z,2020,2020-01-01,2020-12-31
9287828,TOBACCO_MPOWER_R_INFLATIONADJUSTEDPRICES,COUNTRY,AZE,EUR,Europe,YEAR,2016,TOBACCO_INDICATOR,TOBACCO_INDICATOR_R_afford_inflation_adjusted_price_lcu,,,,,,,4.6,4.6,,,,2025-08-18T14:33:28Z,2016,2016-01-01,2016-12-31
9293515,TOBACCO_MPOWER_R_INFLATIONADJUSTEDPRICES,COUNTRY,VUT,WPR,Western Pacific,YEAR,2012,TOBACCO_INDICATOR,TOBACCO_INDICATOR_R_afford_inflation_adjusted_price_lcu,,,,,,,1068.63,1068.63,,,,2025-08-18T14:33:28Z,2012,2012-01-01,2012-12-31
9293962,TOBACCO_MPOWER_R_INFLATIONADJUSTEDPRICES,COUNTRY,PER,AMR,Americas,YEAR,2020,TOBACCO_INDICATOR,TOBACCO_INDICATOR_R_afford_inflation_adjusted_price_ppp,,,,,,,8.67,8.67,,,,2025-08-18T14:33:28Z,2020,2020-01-01,2020-12-31
9294760,TOBACCO_MPOWER_R_INFLATIONADJUSTEDPRICES,COUNTRY,MRT,AFR,Africa,YEAR,2016,TOBACCO_INDICATOR,TOBACCO_INDICATOR_R_afford_inflation_adjusted_price_lcu,,,,,,,40.33,40.33,,,,2025-08-18T14:33:28Z,2016,2016-01-01,2016-12-31
9295432,TOBACCO_MPOWER_R_INFLATIONADJUSTEDPRICES,COUNTRY,PSE,EMR,Eastern Mediterranean,YEAR,2016,TOBACCO_INDICATOR,TOBACCO_INDICATOR_R_afford_inflation_adjusted_price_lcu,,,,,,,. . .,,,,,2025-08-18T14:33:28Z,2016,2016-01-01,2016-12-31
9295653,TOBACCO_MPOWER_R_INFLATIONADJUSTEDPRICES,COUNTRY,BRA,AMR,Americas,YEAR,2022,TOBACCO_INDICATOR,TOBACCO_INDICATOR_R_afford_inflation_adjusted_price_ppp,,,,,,,2.45,2.45,,,,2025-08-18T14:33:28Z,2022,2022-01-01,2022-12-31
9300002,TOBACCO_MPOWER_R_INFLATIONADJUSTEDPRICES,COUNTRY,RWA,AFR,Africa,YEAR,2020,TOBACCO_INDICATOR,TOBACCO_INDICATOR_R_afford_inflation_adjusted_price_lcu,,,,,,,1371.78,1371.78,,,,2025-08-18T14:33:28Z,2020,2020-01-01,2020-12-31
9300280,TOBACCO_MPOWER_R_INFLATIONADJUSTEDPRICES,COUNTRY,GAB,AFR,Africa,YEAR,2024,TOBACCO_INDICATOR,TOBACCO_INDICATOR_R_afford_inflation_adjusted_price_ppp,,,,,,,8.65,8.65,,,,2025-08-18T14:33:28Z,2024,2024-01-01,2024-12-31
9304784,TOBACCO_MPOWER_R_INFLATIONADJUSTEDPRICES,COUNTRY,EGY,EMR,Eastern Mediterranean,YEAR,2024,TOBACCO_INDICATOR,TOBACCO_INDICATOR_R_afford_inflation_adjusted_price_ppp,,,,,,,6.41,6.41,,,,2025-08-18T14:33:28Z,2024,2024-01-01,2024-12-31
9307813,TOBACCO_MPOWER_R_INFLATIONADJUSTEDPRICES,COUNTRY,VCT,AMR,Americas,YEAR,2008,TOBACCO_INDICATOR,TOBACCO_INDICATOR_R_afford_inflation_adjusted_price_ppp,,,,,,,4.68,4.68,,,,2025-08-18T14:33:28Z,2008,2008-01-01,2008-12-31
9308811,TOBACCO_MPOWER_R_INFLATIONADJUSTEDPRICES,COUNTRY,KHM,WPR,Western Pacific,YEAR,2010,TOBACCO_INDICATOR,TOBACCO_INDICATOR_R_afford_inflation_adjusted_price_ppp,,,,,,,1.51,1.51,,,,2025-08-18T14:33:28Z,2010,2010-01-01,2010-12-31
9310640,TOBACCO_MPOWER_R_INFLATIONADJUSTEDPRICES,COUNTRY,BLR,EUR,Europe,YEAR,2018,TOBACCO_INDICATOR,TOBACCO_INDICATOR_R_afford_inflation_adjusted_price_lcu,,,,,,,1.72,1.72,,,,2025-08-18T14:33:28Z,2018,2018-01-01,2018-12-31
9312422,TOBACCO_MPOWER_R_INFLATIONADJUSTEDPRICES,COUNTRY,COM,AFR,Africa,YEAR,2022,TOBACCO_INDICATOR,TOBACCO_INDICATOR_R_afford_inflation_adjusted_price_lcu,,,,,,,569.79,569.79,,,,2025-08-18T14:33:28Z,2022,2022-01-01,2022-12-31
9314578,TOBACCO_MPOWER_R_INFLATIONADJUSTEDPRICES,COUNTRY,MLI,AFR,Africa,YEAR,2016,TOBACCO_INDICATOR,TOBACCO_INDICATOR_R_afford_inflation_adjusted_price_ppp,,,,,,,5.09,5.09,,,,2025-08-18T14:33:28Z,2016,2016-01-01,2016-12-31
9316410,TOBACCO_MPOWER_R_INFLATIONADJUSTEDPRICES,COUNTRY,SLV,AMR,Americas,YEAR,2014,TOBACCO_INDICATOR,TOBACCO_INDICATOR_R_afford_inflation_adjusted_price_ppp,,,,,,,5.86,5.86,,,,2025-08-18T14:33:28Z,2014,2014-01-01,2014-12-31
9318685,TOBACCO_MPOWER_R_INFLATIONADJUSTEDPRICES,COUNTRY,BGR,EUR,Europe,YEAR,2024,TOBACCO_INDICATOR,TOBACCO_INDICATOR_R_afford_inflation_adjusted_price_ppp,,,,,,,6.82,6.82,,,,2025-08-18T14:33:28Z,2024,2024-01-01,2024-12-31
9324708,TOBACCO_MPOWER_R_INFLATIONADJUSTEDPRICES,COUNTRY,BHS,AMR,Americas,YEAR,2010,TOBACCO_INDICATOR,TOBACCO_INDICATOR_R_afford_inflation_adjusted_price_lcu,,,,,,,3.49,3.49,,,,2025-08-18T14:33:28Z,2010,2010-01-01,2010-12-31
9325078,TOBACCO_MPOWER_R_INFLATIONADJUSTEDPRICES,COUNTRY,CRI,AMR,Americas,YEAR,2020,TOBACCO_INDICATOR,TOBACCO_INDICATOR_R_afford_inflation_adjusted_price_ppp,,,,,,,7.39,7.39,,,,2025-08-18T14:33:28Z,2020,2020-01-01,2020-12-31
9327527,TOBACCO_MPOWER_R_INFLATIONADJUSTEDPRICES,COUNTRY,ZWE,AFR,Africa,YEAR,2022,TOBACCO_INDICATOR,TOBACCO_INDICATOR_R_afford_inflation_adjusted_price_ppp,,,,,,,. . .,,,,,2025-08-18T14:33:28Z,2022,2022-01-01,2022-12-31
9329191,TOBACCO_MPOWER_R_INFLATIONADJUSTEDPRICES,COUNTRY,GRD,AMR,Americas,YEAR,2010,TOBACCO_INDICATOR,TOBACCO_INDICATOR_R_afford_inflation_adjusted_price_ppp,,,,,,,6.39,6.39,,,,2025-08-18T14:33:28Z,2010,2010-01-01,2010-12-31
9332198,TOBACCO_MPOWER_R_INFLATIONADJUSTEDPRICES,COUNTRY,GNB,AFR,Africa,YEAR,2012,TOBACCO_INDICATOR,TOBACCO_INDICATOR_R_afford_inflation_adjusted_price_lcu,,,,,,,393.81,393.81,,,,2025-08-18T14:33:28Z,2012,2012-01-01,2012-12-31
9335961,TOBACCO_MPOWER_R_INFLATIONADJUSTEDPRICES,COUNTRY,MDA,EUR,Europe,YEAR,2008,TOBACCO_INDICATOR,TOBACCO_INDICATOR_R_afford_inflation_adjusted_price_ppp,,,,,,,2.89,2.89,,,,2025-08-18T14:33:28Z,2008,2008-01-01,2008-12-31
9336652,TOBACCO_MPOWER_R_INFLATIONADJUSTEDPRICES,COUNTRY,EST,EUR,Europe,YEAR,2010,TOBACCO_INDICATOR,TOBACCO_INDICATOR_R_afford_inflation_adjusted_price_lcu,,,,,,,3.6,3.6,,,,2025-08-18T14:33:28Z,2010,2010-01-01,2010-12-31
9337421,TOBACCO_MPOWER_R_INFLATIONADJUSTEDPRICES,COUNTRY,LAO,WPR,Western Pacific,YEAR,2024,TOBACCO_INDICATOR,TOBACCO_INDICATOR_R_afford_inflation_adjusted_price_ppp,,,,,,,2.19,2.19,,,,2025-08-18T14:33:28Z,2024,2024-01-01,2024-12-31
9344663,TOBACCO_MPOWER_R_INFLATIONADJUSTEDPRICES,COUNTRY,LKA,SEAR,South-East Asia,YEAR,2008,TOBACCO_INDICATOR,TOBACCO_INDICATOR_R_afford_inflation_adjusted_price_ppp,,,,,,,13.49,13.49,,,,2025-08-18T14:33:28Z,2008,2008-01-01,2008-12-31
9347675,TOBACCO_MPOWER_R_INFLATIONADJUSTEDPRICES,COUNTRY,DMA,AMR,Americas,YEAR,2024,TOBACCO_INDICATOR,TOBACCO_INDICATOR_R_afford_inflation_adjusted_price_ppp,,,,,,,6.22,6.22,,,,2025-08-18T14:33:28Z,2024,2024-01-01,2024-12-31
9349061,TOBACCO_MPOWER_R_INFLATIONADJUSTEDPRICES,COUNTRY,COG,AFR,Africa,YEAR,2014,TOBACCO_INDICATOR,TOBACCO_INDICATOR_R_afford_inflation_adjusted_price_lcu,,,,,,,746,746,,,,2025-08-18T14:33:28Z,2014,2014-01-01,2014-12-31
9352570,TOBACCO_MPOWER_R_INFLATIONADJUSTEDPRICES,COUNTRY,KEN,AFR,Africa,YEAR,2024,TOBACCO_INDICATOR,TOBACCO_INDICATOR_R_afford_inflation_adjusted_price_ppp,,,,,,,9.09,9.09,,,,2025-08-18T14:33:28Z,2024,2024-01-01,2024-12-31
9357572,TOBACCO_MPOWER_R_INFLATIONADJUSTEDPRICES,COUNTRY,BGR,EUR,Europe,YEAR,2018,TOBACCO_INDICATOR,TOBACCO_INDICATOR_R_afford_inflation_adjusted_price_lcu,,,,,,,6.45,6.45,,,,2025-08-18T14:33:28Z,2018,2018-01-01,2018-12-31
9359680,TOBACCO_MPOWER_R_INFLATIONADJUSTEDPRICES,COUNTRY,GIN,AFR,Africa,YEAR,2012,TOBACCO_INDICATOR,TOBACCO_INDICATOR_R_afford_inflation_adjusted_price_lcu,,,,,,,9050.28,9050.28,,,,2025-08-18T14:33:28Z,2012,2012-01-01,2012-12-31
9373180,TOBACCO_MPOWER_R_INFLATIONADJUSTEDPRICES,COUNTRY,VCT,AMR,Americas,YEAR,2010,TOBACCO_INDICATOR,TOBACCO_INDICATOR_R_afford_inflation_adjusted_price_lcu,,,,,,,6.9,6.9,,,,2025-08-18T14:33:28Z,2010,2010-01-01,2010-12-31
9374571,TOBACCO_MPOWER_R_INFLATIONADJUSTEDPRICES,COUNTRY,MMR,SEAR,South-East Asia,YEAR,2022,TOBACCO_INDICATOR,TOBACCO_INDICATOR_R_afford_inflation_adjusted_price_lcu,,,,,,,2381.13,2381.13,,,,2025-08-18T14:33:28Z,2022,2022-01-01,2022-12-31
9377911,TOBACCO_MPOWER_R_INFLATIONADJUSTEDPRICES,COUNTRY,SYR,EMR,Eastern Mediterranean,YEAR,2022,TOBACCO_INDICATOR,TOBACCO_INDICATOR_R_afford_inflation_adjusted_price_lcu,,,,,,,. . .,,,,,2025-08-18T14:33:28Z,2022,2022-01-01,2022-12-31
9385741,TOBACCO_MPOWER_R_INFLATIONADJUSTEDPRICES,COUNTRY,EGY,EMR,Eastern Mediterranean,YEAR,2022,TOBACCO_INDICATOR,TOBACCO_INDICATOR_R_afford_inflation_adjusted_price_ppp,,,,,,,5.53,5.53,,,,2025-08-18T14:33:28Z,2022,2022-01-01,2022-12-31
9386801,TOBACCO_MPOWER_R_INFLATIONADJUSTEDPRICES,COUNTRY,FJI,WPR,Western Pacific,YEAR,2024,TOBACCO_INDICATOR,TOBACCO_INDICATOR_R_afford_inflation_adjusted_price_lcu,,,,,,,19.8,19.8,,,,2025-08-18T14:33:28Z,2024,2024-01-01,2024-12-31
9393526,TOBACCO_MPOWER_R_INFLATIONADJUSTEDPRICES,COUNTRY,NIC,AMR,Americas,YEAR,2010,TOBACCO_INDICATOR,TOBACCO_INDICATOR_R_afford_inflation_adjusted_price_ppp,,,,,,,. . .,,,,,2025-08-18T14:33:28Z,2010,2010-01-01,2010-12-31
9394365,TOBACCO_MPOWER_R_INFLATIONADJUSTEDPRICES,COUNTRY,SYC,AFR,Africa,YEAR,2014,TOBACCO_INDICATOR,TOBACCO_INDICATOR_R_afford_inflation_adjusted_price_lcu,,,,,,,94.89,94.89,,,,2025-08-18T14:33:28Z,2014,2014-01-01,2014-12-31
9396158,TOBACCO_MPOWER_R_INFLATIONADJUSTEDPRICES,COUNTRY,MNG,WPR,Western Pacific,YEAR,2020,TOBACCO_INDICATOR,TOBACCO_INDICATOR_R_afford_inflation_adjusted_price_ppp,,,,,,,3.39,3.39,,,,2025-08-18T14:33:28Z,2020,2020-01-01,2020-12-31
9397124,TOBACCO_MPOWER_R_INFLATIONADJUSTEDPRICES,COUNTRY,SWZ,AFR,Africa,YEAR,2018,TOBACCO_INDICATOR,TOBACCO_INDICATOR_R_afford_inflation_adjusted_price_ppp,,,,,,,7.79,7.79,,,,2025-08-18T14:33:28Z,2018,2018-01-01,2018-12-31
9397515,TOBACCO_MPOWER_R_INFLATIONADJUSTEDPRICES,COUNTRY,SRB,EUR,Europe,YEAR,2018,TOBACCO_INDICATOR,TOBACCO_INDICATOR_R_afford_inflation_adjusted_price_lcu,,,,,,,354.58,354.58,,,,2025-08-18T14:33:28Z,2018,2018-01-01,2018-12-31
9399197,TOBACCO_MPOWER_R_INFLATIONADJUSTEDPRICES,COUNTRY,MNG,WPR,Western Pacific,YEAR,2022,TOBACCO_INDICATOR,TOBACCO_INDICATOR_R_afford_inflation_adjusted_price_lcu,,,,,,,3064.11,3064.11,,,,2025-08-18T14:33:28Z,2022,2022-01-01,2022-12-31
9399493,TOBACCO_MPOWER_R_INFLATIONADJUSTEDPRICES,COUNTRY,BHS,AMR,Americas,YEAR,2018,TOBACCO_INDICATOR,TOBACCO_INDICATOR_R_afford_inflation_adjusted_price_lcu,,,,,,,. . .,,,,,2025-08-18T14:33:28Z,2018,2018-01-01,2018-12-31
9401427,TOBACCO_MPOWER_R_INFLATIONADJUSTEDPRICES,COUNTRY,MLT,EUR,Europe,YEAR,2020,TOBACCO_INDICATOR,TOBACCO_INDICATOR_R_afford_inflation_adjusted_price_lcu,,,,,,,6.36,6.36,,,,2025-08-18T14:33:28Z,2020,2020-01-01,2020-12-31
9411157,TOBACCO_MPOWER_R_INFLATIONADJUSTEDPRICES,COUNTRY,BFA,AFR,Africa,YEAR,2022,TOBACCO_INDICATOR,TOBACCO_INDICATOR_R_afford_inflation_adjusted_price_lcu,,,,,,,788.81,788.81,,,,2025-08-18T14:33:28Z,2022,2022-01-01,2022-12-31
9429947,TOBACCO_MPOWER_R_INFLATIONADJUSTEDPRICES,COUNTRY,PAK,EMR,Eastern Mediterranean,YEAR,2020,TOBACCO_INDICATOR,TOBACCO_INDICATOR_R_afford_inflation_adjusted_price_lcu,,,,,,,155.76,155.76,,,,2025-08-18T14:33:28Z,2020,2020-01-01,2020-12-31
9440167,TOBACCO_MPOWER_R_INFLATIONADJUSTEDPRICES,COUNTRY,AUT,EUR,Europe,YEAR,2010,TOBACCO_INDICATOR,TOBACCO_INDICATOR_R_afford_inflation_adjusted_price_lcu,,,,,,,5.96,5.96,,,,2025-08-18T14:33:28Z,2010,2010-01-01,2010-12-31
9442981,TOBACCO_MPOWER_R_INFLATIONADJUSTEDPRICES,COUNTRY,BRB,AMR,Americas,YEAR,2010,TOBACCO_INDICATOR,TOBACCO_INDICATOR_R_afford_inflation_adjusted_price_lcu,,,,,,,15.98,15.98,,,,2025-08-18T14:33:28Z,2010,2010-01-01,2010-12-31
9454447,TOBACCO_MPOWER_R_INFLATIONADJUSTEDPRICES,COUNTRY,AZE,EUR,Europe,YEAR,2014,TOBACCO_INDICATOR,TOBACCO_INDICATOR_R_afford_inflation_adjusted_price_ppp,,,,,,,4.36,4.36,,,,2025-08-18T14:33:28Z,2014,2014-01-01,2014-12-31
9455225,TOBACCO_MPOWER_R_INFLATIONADJUSTEDPRICES,COUNTRY,DJI,EMR,Eastern Mediterranean,YEAR,2012,TOBACCO_INDICATOR,TOBACCO_INDICATOR_R_afford_inflation_adjusted_price_ppp,,,,,,,2.72,2.72,,,,2025-08-18T14:33:28Z,2012,2012-01-01,2012-12-31
9455511,TOBACCO_MPOWER_R_INFLATIONADJUSTEDPRICES,COUNTRY,LBY,EMR,Eastern Mediterranean,YEAR,2008,TOBACCO_INDICATOR,TOBACCO_INDICATOR_R_afford_inflation_adjusted_price_lcu,,,,,,,2.98,2.98,,,,2025-08-18T14:33:28Z,2008,2008-01-01,2008-12-31
9455946,TOBACCO_MPOWER_R_INFLATIONADJUSTEDPRICES,COUNTRY,JOR,EMR,Eastern Mediterranean,YEAR,2012,TOBACCO_INDICATOR,TOBACCO_INDICATOR_R_afford_inflation_adjusted_price_lcu,,,,,,,1.38,1.38,,,,2025-08-18T14:33:28Z,2012,2012-01-01,2012-12-31
9458725,TOBACCO_MPOWER_R_INFLATIONADJUSTEDPRICES,COUNTRY,MDV,SEAR,South-East Asia,YEAR,2020,TOBACCO_INDICATOR,TOBACCO_INDICATOR_R_afford_inflation_adjusted_price_lcu,,,,,,,107.02,107.02,,,,2025-08-18T14:33:28Z,2020,2020-01-01,2020-12-31
9462910,TOBACCO_MPOWER_R_INFLATIONADJUSTEDPRICES,COUNTRY,MKD,EUR,Europe,YEAR,2008,TOBACCO_INDICATOR,TOBACCO_INDICATOR_R_afford_inflation_adjusted_price_lcu,,,,,,,81.21,81.21,,,,2025-08-18T14:33:28Z,2008,2008-01-01,2008-12-31
9463803,TOBACCO_MPOWER_R_INFLATIONADJUSTEDPRICES,COUNTRY,KGZ,EUR,Europe,YEAR,2020,TOBACCO_INDICATOR,TOBACCO_INDICATOR_R_afford_inflation_adjusted_price_ppp,,,,,,,5.48,5.48,,,,2025-08-18T14:33:28Z,2020,2020-01-01,2020-12-31
9464539,TOBACCO_MPOWER_R_INFLATIONADJUSTEDPRICES,COUNTRY,BTN,SEAR,South-East Asia,YEAR,2014,TOBACCO_INDICATOR,TOBACCO_INDICATOR_R_afford_inflation_adjusted_price_ppp,,,,,,,. . .,,,,,2025-08-18T14:33:28Z,2014,2014-01-01,2014-12-31
9464820,TOBACCO_MPOWER_R_INFLATIONADJUSTEDPRICES,COUNTRY,CRI,AMR,Americas,YEAR,2008,TOBACCO_INDICATOR,TOBACCO_INDICATOR_R_afford_inflation_adjusted_price_lcu,,,,,,,1223.01,1223.01,,,,2025-08-18T14:33:28Z,2008,2008-01-01,2008-12-31
9469073,TOBACCO_MPOWER_R_INFLATIONADJUSTEDPRICES,COUNTRY,UGA,AFR,Africa,YEAR,2018,TOBACCO_INDICATOR,TOBACCO_INDICATOR_R_afford_inflation_adjusted_price_ppp,,,,,,,3.49,3.49,,,,2025-08-18T14:33:28Z,2018,2018-01-01,2018-12-31
9473737,TOBACCO_MPOWER_R_INFLATIONADJUSTEDPRICES,COUNTRY,PAK,EMR,Eastern Mediterranean,YEAR,2022,TOBACCO_INDICATOR,TOBACCO_INDICATOR_R_afford_inflation_adjusted_price_ppp,,,,,,,2.59,2.59,,,,2025-08-18T14:33:28Z,2022,2022-01-01,2022-12-31
9474211,TOBACCO_MPOWER_R_INFLATIONADJUSTEDPRICES,COUNTRY,AFG,EMR,Eastern Mediterranean,YEAR,2010,TOBACCO_INDICATOR,TOBACCO_INDICATOR_R_afford_inflation_adjusted_price_ppp,,,,,,,1.08,1.08,,,,2025-08-18T14:33:28Z,2010,2010-01-01,2010-12-31
9474631,TOBACCO_MPOWER_R_INFLATIONADJUSTEDPRICES,COUNTRY,FRA,EUR,Europe,YEAR,2020,TOBACCO_INDICATOR,TOBACCO_INDICATOR_R_afford_inflation_adjusted_price_lcu,,,,,,,11.69,11.69,,,,2025-08-18T14:33:28Z,2020,2020-01-01,2020-12-31
9477932,TOBACCO_MPOWER_R_INFLATIONADJUSTEDPRICES,COUNTRY,CMR,AFR,Africa,YEAR,2008,TOBACCO_INDICATOR,TOBACCO_INDICATOR_R_afford_inflation_adjusted_price_ppp,,,,,,,3.25,3.25,,,,2025-08-18T14:33:28Z,2008,2008-01-01,2008-12-31
9478708,TOBACCO_MPOWER_R_INFLATIONADJUSTEDPRICES,COUNTRY,CIV,AFR,Africa,YEAR,2020,TOBACCO_INDICATOR,TOBACCO_INDICATOR_R_afford_inflation_adjusted_price_lcu,,,,,,,828.46,828.46,,,,2025-08-18T14:33:28Z,2020,2020-01-01,2020-12-31
9481975,TOBACCO_MPOWER_R_INFLATIONADJUSTEDPRICES,COUNTRY,UKR,EUR,Europe,YEAR,2024,TOBACCO_INDICATOR,TOBACCO_INDICATOR_R_afford_inflation_adjusted_price_lcu,,,,,,,109.95,109.95,,,,2025-08-18T14:33:28Z,2024,2024-01-01,2024-12-31
9483774,TOBACCO_MPOWER_R_INFLATIONADJUSTEDPRICES,COUNTRY,SVK,EUR,Europe,YEAR,2012,TOBACCO_INDICATOR,TOBACCO_INDICATOR_R_afford_inflation_adjusted_price_ppp,,,,,,,6.81,6.81,,,,2025-08-18T14:33:28Z,2012,2012-01-01,2012-12-31
9489919,TOBACCO_MPOWER_R_INFLATIONADJUSTEDPRICES,COUNTRY,TGO,AFR,Africa,YEAR,2010,TOBACCO_INDICATOR,TOBACCO_INDICATOR_R_afford_inflation_adjusted_price_lcu,,,,,,,534.25,534.25,,,,2025-08-18T14:33:28Z,2010,2010-01-01,2010-12-31
9497730,TOBACCO_MPOWER_R_INFLATIONADJUSTEDPRICES,COUNTRY,MUS,AFR,Africa,YEAR,2016,TOBACCO_INDICATOR,TOBACCO_INDICATOR_R_afford_inflation_adjusted_price_ppp,,,,,,,10.25,10.25,,,,2025-08-18T14:33:28Z,2016,2016-01-01,2016-12-31
9499549,TOBACCO_MPOWER_R_INFLATIONADJUSTEDPRICES,COUNTRY,MDG,AFR,Africa,YEAR,2016,TOBACCO_INDICATOR,TOBACCO_INDICATOR_R_afford_inflation_adjusted_price_ppp,,,,,,,5.44,5.44,,,,2025-08-18T14:33:28Z,2016,2016-01-01,2016-12-31
9501303,TOBACCO_MPOWER_R_INFLATIONADJUSTEDPRICES,COUNTRY,IND,SEAR,South-East Asia,YEAR,2010,TOBACCO_INDICATOR,TOBACCO_INDICATOR_R_afford_inflation_adjusted_price_lcu,,,,,,,156.31,156.31,,,,2025-08-18T14:33:28Z,2010,2010-01-01,2010-12-31
9513962,TOBACCO_MPOWER_R_INFLATIONADJUSTEDPRICES,COUNTRY,LUX,EUR,Europe,YEAR,2022,TOBACCO_INDICATOR,TOBACCO_INDICATOR_R_afford_inflation_adjusted_price_ppp,,,,,,,7.25,7.25,,,,2025-08-18T14:33:28Z,2022,2022-01-01,2022-12-31
9515396,TOBACCO_MPOWER_R_INFLATIONADJUSTEDPRICES,COUNTRY,BRB,AMR,Americas,YEAR,2010,TOBACCO_INDICATOR,TOBACCO_INDICATOR_R_afford_inflation_adjusted_price_ppp,,,,,,,6.99,6.99,,,,2025-08-18T14:33:28Z,2010,2010-01-01,2010-12-31
9520191,TOBACCO_MPOWER_R_INFLATIONADJUSTEDPRICES,COUNTRY,KIR,WPR,Western Pacific,YEAR,2016,TOBACCO_INDICATOR,TOBACCO_INDICATOR_R_afford_inflation_adjusted_price_ppp,,,,,,,7.43,7.43,,,,2025-08-18T14:33:28Z,2016,2016-01-01,2016-12-31
9527685,TOBACCO_MPOWER_R_INFLATIONADJUSTEDPRICES,COUNTRY,CYP,EUR,Europe,YEAR,2012,TOBACCO_INDICATOR,TOBACCO_INDICATOR_R_afford_inflation_adjusted_price_ppp,,,,,,,7.56,7.56,,,,2025-08-18T14:33:28Z,2012,2012-01-01,2012-12-31
9535256,TOBACCO_MPOWER_R_INFLATIONADJUSTEDPRICES,COUNTRY,CAN,AMR,Americas,YEAR,2020,TOBACCO_INDICATOR,TOBACCO_INDICATOR_R_afford_inflation_adjusted_price_lcu,,,,,,,15.1,15.1,,,,2025-08-18T14:33:28Z,2020,2020-01-01,2020-12-31
9536599,TOBACCO_MPOWER_R_INFLATIONADJUSTEDPRICES,COUNTRY,LAO,WPR,Western Pacific,YEAR,2018,TOBACCO_INDICATOR,TOBACCO_INDICATOR_R_afford_inflation_adjusted_price_ppp,,,,,,,3.06,3.06,,,,2025-08-18T14:33:28Z,2018,2018-01-01,2018-12-31
9547687,TOBACCO_MPOWER_R_INFLATIONADJUSTEDPRICES,COUNTRY,MUS,AFR,Africa,YEAR,2014,TOBACCO_INDICATOR,TOBACCO_INDICATOR_R_afford_inflation_adjusted_price_lcu,,,,,,,180.13,180.13,,,,2025-08-18T14:33:28Z,2014,2014-01-01,2014-12-31
9553535,TOBACCO_MPOWER_R_INFLATIONADJUSTEDPRICES,COUNTRY,BHR,EMR,Eastern Mediterranean,YEAR,2016,TOBACCO_INDICATOR,TOBACCO_INDICATOR_R_afford_inflation_adjusted_price_lcu,,,,,,,1.59,1.59,,,,2025-08-18T14:33:28Z,2016,2016-01-01,2016-12-31
9556683,TOBACCO_MPOWER_R_INFLATIONADJUSTEDPRICES,COUNTRY,ARM,EUR,Europe,YEAR,2008,TOBACCO_INDICATOR,TOBACCO_INDICATOR_R_afford_inflation_adjusted_price_ppp,,,,,,,5.51,5.51,,,,2025-08-18T14:33:28Z,2008,2008-01-01,2008-12-31
9556825,TOBACCO_MPOWER_R_INFLATIONADJUSTEDPRICES,COUNTRY,ESP,EUR,Europe,YEAR,2020,TOBACCO_INDICATOR,TOBACCO_INDICATOR_R_afford_inflation_adjusted_price_lcu,,,,,,,5.93,5.93,,,,2025-08-18T14:33:28Z,2020,2020-01-01,2020-12-31
9559426,TOBACCO_MPOWER_R_INFLATIONADJUSTEDPRICES,COUNTRY,JPN,WPR,Western Pacific,YEAR,2010,TOBACCO_INDICATOR,TOBACCO_INDICATOR_R_afford_inflation_adjusted_price_lcu,,,,,,,343.21,343.21,,,,2025-08-18T14:33:28Z,2010,2010-01-01,2010-12-31
9560298,TOBACCO_MPOWER_R_INFLATIONADJUSTEDPRICES,COUNTRY,PRY,AMR,Americas,YEAR,2024,TOBACCO_INDICATOR,TOBACCO_INDICATOR_R_afford_inflation_adjusted_price_ppp,,,,,,,1.35,1.35,,,,2025-08-18T14:33:28Z,2024,2024-01-01,2024-12-31
9560441,TOBACCO_MPOWER_R_INFLATIONADJUSTEDPRICES,COUNTRY,BHR,EMR,Eastern Mediterranean,YEAR,2022,TOBACCO_INDICATOR,TOBACCO_INDICATOR_R_afford_inflation_adjusted_price_lcu,,,,,,,2.42,2.42,,,,2025-08-18T14:33:28Z,2022,2022-01-01,2022-12-31
9565649,TOBACCO_MPOWER_R_INFLATIONADJUSTEDPRICES,COUNTRY,CZE,EUR,Europe,YEAR,2024,TOBACCO_INDICATOR,TOBACCO_INDICATOR_R_afford_inflation_adjusted_price_lcu,,,,,,,148,148,,,,2025-08-18T14:33:28Z,2024,2024-01-01,2024-12-31
9567206,TOBACCO_MPOWER_R_INFLATIONADJUSTEDPRICES,COUNTRY,MKD,EUR,Europe,YEAR,2016,TOBACCO_INDICATOR,TOBACCO_INDICATOR_R_afford_inflation_adjusted_price_lcu,,,,,,,92.8,92.8,,,,2025-08-18T14:33:28Z,2016,2016-01-01,2016-12-31
9568444,TOBACCO_MPOWER_R_INFLATIONADJUSTEDPRICES,COUNTRY,BHR,EMR,Eastern Mediterranean,YEAR,2012,TOBACCO_INDICATOR,TOBACCO_INDICATOR_R_afford_inflation_adjusted_price_ppp,,,,,,,6.51,6.51,,,,2025-08-18T14:33:28Z,2012,2012-01-01,2012-12-31
9568602,TOBACCO_MPOWER_R_INFLATIONADJUSTEDPRICES,COUNTRY,TTO,AMR,Americas,YEAR,2018,TOBACCO_INDICATOR,TOBACCO_INDICATOR_R_afford_inflation_adjusted_price_lcu,,,,,,,34.61,34.61,,,,2025-08-18T14:33:28Z,2018,2018-01-01,2018-12-31
9570475,TOBACCO_MPOWER_R_INFLATIONADJUSTEDPRICES,COUNTRY,LSO,AFR,Africa,YEAR,2022,TOBACCO_INDICATOR,TOBACCO_INDICATOR_R_afford_inflation_adjusted_price_lcu,,,,,,,56.42,56.42,,,,2025-08-18T14:33:28Z,2022,2022-01-01,2022-12-31
9578258,TOBACCO_MPOWER_R_INFLATIONADJUSTEDPRICES,COUNTRY,KOR,WPR,Western Pacific,YEAR,2024,TOBACCO_INDICATOR,TOBACCO_INDICATOR_R_afford_inflation_adjusted_price_ppp,,,,,,,5.73,5.73,,,,2025-08-18T14:33:28Z,2024,2024-01-01,2024-12-31
9579813,TOBACCO_MPOWER_R_INFLATIONADJUSTEDPRICES,COUNTRY,MCO,EUR,Europe,YEAR,2018,TOBACCO_INDICATOR,TOBACCO_INDICATOR_R_afford_inflation_adjusted_price_ppp,,,,,,,. . .,,,,,2025-08-18T14:33:28Z,2018,2018-01-01,2018-12-31
9585476,TOBACCO_MPOWER_R_INFLATIONADJUSTEDPRICES,COUNTRY,TUN,EMR,Eastern Mediterranean,YEAR,2018,TOBACCO_INDICATOR,TOBACCO_INDICATOR_R_afford_inflation_adjusted_price_lcu,,,,,,,4.3,4.3,,,,2025-08-18T14:33:28Z,2018,2018-01-01,2018-12-31
9585841,TOBACCO_MPOWER_R_INFLATIONADJUSTEDPRICES,COUNTRY,IRQ,EMR,Eastern Mediterranean,YEAR,2012,TOBACCO_INDICATOR,TOBACCO_INDICATOR_R_afford_inflation_adjusted_price_lcu,,,,,,,638.4,638.4,,,,2025-08-18T14:33:28Z,2012,2012-01-01,2012-12-31
9587211,TOBACCO_MPOWER_R_INFLATIONADJUSTEDPRICES,COUNTRY,NPL,SEAR,South-East Asia,YEAR,2012,TOBACCO_INDICATOR,TOBACCO_INDICATOR_R_afford_inflation_adjusted_price_lcu,,,,,,,204,204,,,,2025-08-18T14:33:28Z,2012,2012-01-01,2012-12-31
9587861,TOBACCO_MPOWER_R_INFLATIONADJUSTEDPRICES,COUNTRY,SRB,EUR,Europe,YEAR,2024,TOBACCO_INDICATOR,TOBACCO_INDICATOR_R_afford_inflation_adjusted_price_lcu,,,,,,,360,360,,,,2025-08-18T14:33:28Z,2024,2024-01-01,2024-12-31
9587872,TOBACCO_MPOWER_R_INFLATIONADJUSTEDPRICES,COUNTRY,LBN,EMR,Eastern Mediterranean,YEAR,2008,TOBACCO_INDICATOR,TOBACCO_INDICATOR_R_afford_inflation_adjusted_price_lcu,,,,,,,163 105,163104.85,,,,2025-08-18T14:33:28Z,2008,2008-01-01,2008-12-31
9600148,TOBACCO_MPOWER_R_INFLATIONADJUSTEDPRICES,COUNTRY,NLD,EUR,Europe,YEAR,2010,TOBACCO_INDICATOR,TOBACCO_INDICATOR_R_afford_inflation_adjusted_price_lcu,,,,,,,7.24,7.24,,,,2025-08-18T14:33:28Z,2010,2010-01-01,2010-12-31
9602241,TOBACCO_MPOWER_R_INFLATIONADJUSTEDPRICES,COUNTRY,ALB,EUR,Europe,YEAR,2020,TOBACCO_INDICATOR,TOBACCO_INDICATOR_R_afford_inflation_adjusted_price_lcu,,,,,,,291.6,291.6,,,,2025-08-18T14:33:28Z,2020,2020-01-01,2020-12-31
9602577,TOBACCO_MPOWER_R_INFLATIONADJUSTEDPRICES,COUNTRY,MRT,AFR,Africa,YEAR,2008,TOBACCO_INDICATOR,TOBACCO_INDICATOR_R_afford_inflation_adjusted_price_ppp,,,,,,,5.93,5.93,,,,2025-08-18T14:33:28Z,2008,2008-01-01,2008-12-31
9603014,TOBACCO_MPOWER_R_INFLATIONADJUSTEDPRICES,COUNTRY,CZE,EUR,Europe,YEAR,2020,TOBACCO_INDICATOR,TOBACCO_INDICATOR_R_afford_inflation_adjusted_price_ppp,,,,,,,10.77,10.77,,,,2025-08-18T14:33:28Z,2020,2020-01-01,2020-12-31
9603283,TOBACCO_MPOWER_R_INFLATIONADJUSTEDPRICES,COUNTRY,HRV,EUR,Europe,YEAR,2020,TOBACCO_INDICATOR,TOBACCO_INDICATOR_R_afford_inflation_adjusted_price_ppp,,,,,,,9.25,9.25,,,,2025-08-18T14:33:28Z,2020,2020-01-01,2020-12-31
9603536,TOBACCO_MPOWER_R_INFLATIONADJUSTEDPRICES,COUNTRY,AND,EUR,Europe,YEAR,2018,TOBACCO_INDICATOR,TOBACCO_INDICATOR_R_afford_inflation_adjusted_price_lcu,,,,,,,4.26,4.26,,,,2025-08-18T14:33:28Z,2018,2018-01-01,2018-12-31
9604121,TOBACCO_MPOWER_R_INFLATIONADJUSTEDPRICES,COUNTRY,NOR,EUR,Europe,YEAR,2012,TOBACCO_INDICATOR,TOBACCO_INDICATOR_R_afford_inflation_adjusted_price_lcu,,,,,,,124.49,124.49,,,,2025-08-18T14:33:28Z,2012,2012-01-01,2012-12-31
9606790,TOBACCO_MPOWER_R_INFLATIONADJUSTEDPRICES,COUNTRY,VCT,AMR,Americas,YEAR,2024,TOBACCO_INDICATOR,TOBACCO_INDICATOR_R_afford_inflation_adjusted_price_lcu,,,,,,,8.99,8.99,,,,2025-08-18T14:33:28Z,2024,2024-01-01,2024-12-31
9607075,TOBACCO_MPOWER_R_INFLATIONADJUSTEDPRICES,COUNTRY,CAN,AMR,Americas,YEAR,2022,TOBACCO_INDICATOR,TOBACCO_INDICATOR_R_afford_inflation_adjusted_price_lcu,,,,,,,14.06,14.06,,,,2025-08-18T14:33:28Z,2022,2022-01-01,2022-12-31
9607494,TOBACCO_MPOWER_R_INFLATIONADJUSTEDPRICES,COUNTRY,PAN,AMR,Americas,YEAR,2024,TOBACCO_INDICATOR,TOBACCO_INDICATOR_R_afford_inflation_adjusted_price_lcu,,,,,,,5.75,5.75,,,,2025-08-18T14:33:28Z,2024,2024-01-01,2024-12-31
9610194,TOBACCO_MPOWER_R_INFLATIONADJUSTEDPRICES,COUNTRY,USA,AMR,Americas,YEAR,2016,TOBACCO_INDICATOR,TOBACCO_INDICATOR_R_afford_inflation_adjusted_price_ppp,,,,,,,8.41,8.41,,,,2025-08-18T14:33:28Z,2016,2016-01-01,2016-12-31
9610901,TOBACCO_MPOWER_R_INFLATIONADJUSTEDPRICES,COUNTRY,FSM,WPR,Western Pacific,YEAR,2022,TOBACCO_INDICATOR,TOBACCO_INDICATOR_R_afford_inflation_adjusted_price_ppp,,,,,,,4.17,4.17,,,,2025-08-18T14:33:28Z,2022,2022-01-01,2022-12-31
9619893,TOBACCO_MPOWER_R_INFLATIONADJUSTEDPRICES,COUNTRY,POL,EUR,Europe,YEAR,2020,TOBACCO_INDICATOR,TOBACCO_INDICATOR_R_afford_inflation_adjusted_price_ppp,,,,,,,11.78,11.78,,,,2025-08-18T14:33:28Z,2020,2020-01-01,2020-12-31
9620937,TOBACCO_MPOWER_R_INFLATIONADJUSTEDPRICES,COUNTRY,SLB,WPR,Western Pacific,YEAR,2016,TOBACCO_INDICATOR,TOBACCO_INDICATOR_R_afford_inflation_adjusted_price_ppp,,,,,,,5.34,5.34,,,,2025-08-18T14:33:28Z,2016,2016-01-01,2016-12-31
9626947,TOBACCO_MPOWER_R_INFLATIONADJUSTEDPRICES,COUNTRY,AZE,EUR,Europe,YEAR,2016,TOBACCO_INDICATOR,TOBACCO_INDICATOR_R_afford_inflation_adjusted_price_ppp,,,,,,,8.37,8.37,,,,2025-08-18T14:33:28Z,2016,2016-01-01,2016-12-31
9629128,TOBACCO_MPOWER_R_INFLATIONADJUSTEDPRICES,COUNTRY,NRU,WPR,Western Pacific,YEAR,2014,TOBACCO_INDICATOR,TOBACCO_INDICATOR_R_afford_inflation_adjusted_price_lcu,,,,,,,. . .,,,,,2025-08-18T14:33:28Z,2014,2014-01-01,2014-12-31
9632326,TOBACCO_MPOWER_R_INFLATIONADJUSTEDPRICES,COUNTRY,HUN,EUR,Europe,YEAR,2024,TOBACCO_INDICATOR,TOBACCO_INDICATOR_R_afford_inflation_adjusted_price_lcu,,,,,,,2300,2300,,,,2025-08-18T14:33:28Z,2024,2024-01-01,2024-12-31
9633107,TOBACCO_MPOWER_R_INFLATIONADJUSTEDPRICES,COUNTRY,DNK,EUR,Europe,YEAR,2010,TOBACCO_INDICATOR,TOBACCO_INDICATOR_R_afford_inflation_adjusted_price_ppp,,,,,,,7.43,7.43,,,,2025-08-18T14:33:28Z,2010,2010-01-01,2010-12-31
9635491,TOBACCO_MPOWER_R_INFLATIONADJUSTEDPRICES,COUNTRY,CUB,AMR,Americas,YEAR,2008,TOBACCO_INDICATOR,TOBACCO_INDICATOR_R_afford_inflation_adjusted_price_ppp,,,,,,,. . .,,,,,2025-08-18T14:33:28Z,2008,2008-01-01,2008-12-31
9639145,TOBACCO_MPOWER_R_INFLATIONADJUSTEDPRICES,COUNTRY,COM,AFR,Africa,YEAR,2020,TOBACCO_INDICATOR,TOBACCO_INDICATOR_R_afford_inflation_adjusted_price_lcu,,,,,,,512.48,512.48,,,,2025-08-18T14:33:28Z,2020,2020-01-01,2020-12-31
9640040,TOBACCO_MPOWER_R_INFLATIONADJUSTEDPRICES,COUNTRY,BGR,EUR,Europe,YEAR,2020,TOBACCO_INDICATOR,TOBACCO_INDICATOR_R_afford_inflation_adjusted_price_ppp,,,,,,,8.98,8.98,,,,2025-08-18T14:33:28Z,2020,2020-01-01,2020-12-31
9640751,TOBACCO_MPOWER_R_INFLATIONADJUSTEDPRICES,COUNTRY,UZB,EUR,Europe,YEAR,2016,TOBACCO_INDICATOR,TOBACCO_INDICATOR_R_afford_inflation_adjusted_price_lcu,,,,,,,7728.43,7728.43,,,,2025-08-18T14:33:28Z,2016,2016-01-01,2016-12-31
9640974,TOBACCO_MPOWER_R_INFLATIONADJUSTEDPRICES,COUNTRY,MCO,EUR,Europe,YEAR,2012,TOBACCO_INDICATOR,TOBACCO_INDICATOR_R_afford_inflation_adjusted_price_ppp,,,,,,,. . .,,,,,2025-08-18T14:33:28Z,2012,2012-01-01,2012-12-31
9642426,TOBACCO_MPOWER_R_INFLATIONADJUSTEDPRICES,COUNTRY,VNM,WPR,Western Pacific,YEAR,2024,TOBACCO_INDICATOR,TOBACCO_INDICATOR_R_afford_inflation_adjusted_price_ppp,,,,,,,3.04,3.04,,,,2025-08-18T14:33:28Z,2024,2024-01-01,2024-12-31
9645229,TOBACCO_MPOWER_R_INFLATIONADJUSTEDPRICES,COUNTRY,GUY,AMR,Americas,YEAR,2020,TOBACCO_INDICATOR,TOBACCO_INDICATOR_R_afford_inflation_adjusted_price_lcu,,,,,,,447.67,447.67,,,,2025-08-18T14:33:28Z,2020,2020-01-01,2020-12-31
9645424,TOBACCO_MPOWER_R_INFLATIONADJUSTEDPRICES,COUNTRY,GRD,AMR,Americas,YEAR,2020,TOBACCO_INDICATOR,TOBACCO_INDICATOR_R_afford_inflation_adjusted_price_lcu,,,,,,,. . .,,,,,2025-08-18T14:33:28Z,2020,2020-01-01,2020-12-31
9647599,TOBACCO_MPOWER_R_INFLATIONADJUSTEDPRICES,COUNTRY,HND,AMR,Americas,YEAR,2008,TOBACCO_INDICATOR,TOBACCO_INDICATOR_R_afford_inflation_adjusted_price_ppp,,,,,,,3.62,3.62,,,,2025-08-18T14:33:28Z,2008,2008-01-01,2008-12-31
9648074,TOBACCO_MPOWER_R_INFLATIONADJUSTEDPRICES,COUNTRY,NIU,WPR,Western Pacific,YEAR,2012,TOBACCO_INDICATOR,TOBACCO_INDICATOR_R_afford_inflation_adjusted_price_ppp,,,,,,,. . .,,,,,2025-08-18T14:33:28Z,2012,2012-01-01,2012-12-31
9649106,TOBACCO_MPOWER_R_INFLATIONADJUSTEDPRICES,COUNTRY,PRT,EUR,Europe,YEAR,2020,TOBACCO_INDICATOR,TOBACCO_INDICATOR_R_afford_inflation_adjusted_price_ppp,,,,,,,9.82,9.82,,,,2025-08-18T14:33:28Z,2020,2020-01-01,2020-12-31
9656131,TOBACCO_MPOWER_R_INFLATIONADJUSTEDPRICES,COUNTRY,BFA,AFR,Africa,YEAR,2018,TOBACCO_INDICATOR,TOBACCO_INDICATOR_R_afford_inflation_adjusted_price_ppp,,,,,,,4.5,4.5,,,,2025-08-18T14:33:28Z,2018,2018-01-01,2018-12-31
9656798,TOBACCO_MPOWER_R_INFLATIONADJUSTEDPRICES,COUNTRY,BRB,AMR,Americas,YEAR,2014,TOBACCO_INDICATOR,TOBACCO_INDICATOR_R_afford_inflation_adjusted_price_lcu,,,,,,,16.97,16.97,,,,2025-08-18T14:33:28Z,2014,2014-01-01,2014-12-31
9657821,TOBACCO_MPOWER_R_INFLATIONADJUSTEDPRICES,COUNTRY,CAF,AFR,Africa,YEAR,2018,TOBACCO_INDICATOR,TOBACCO_INDICATOR_R_afford_inflation_adjusted_price_lcu,,,,,,,668.39,668.39,,,,2025-08-18T14:33:28Z,2018,2018-01-01,2018-12-31
9659770,TOBACCO_MPOWER_R_INFLATIONADJUSTEDPRICES,COUNTRY,USA,AMR,Americas,YEAR,2010,TOBACCO_INDICATOR,TOBACCO_INDICATOR_R_afford_inflation_adjusted_price_ppp,,,,,,,8.23,8.23,,,,2025-08-18T14:33:28Z,2010,2010-01-01,2010-12-31
9662319,TOBACCO_MPOWER_R_INFLATIONADJUSTEDPRICES,COUNTRY,MEX,AMR,Americas,YEAR,2010,TOBACCO_INDICATOR,TOBACCO_INDICATOR_R_afford_inflation_adjusted_price_lcu,,,,,,,55.33,55.33,,,,2025-08-18T14:33:28Z,2010,2010-01-01,2010-12-31
9665850,TOBACCO_MPOWER_R_INFLATIONADJUSTEDPRICES,COUNTRY,SWZ,AFR,Africa,YEAR,2012,TOBACCO_INDICATOR,TOBACCO_INDICATOR_R_afford_inflation_adjusted_price_lcu,,,,,,,. . .,,,,,2025-08-18T14:33:28Z,2012,2012-01-01,2012-12-31
9666667,TOBACCO_MPOWER_R_INFLATIONADJUSTEDPRICES,COUNTRY,LBR,AFR,Africa,YEAR,2020,TOBACCO_INDICATOR,TOBACCO_INDICATOR_R_afford_inflation_adjusted_price_lcu,,,,,,,386.97,386.97,,,,2025-08-18T14:33:28Z,2020,2020-01-01,2020-12-31
9672025,TOBACCO_MPOWER_R_INFLATIONADJUSTEDPRICES,COUNTRY,BEL,EUR,Europe,YEAR,2020,TOBACCO_INDICATOR,TOBACCO_INDICATOR_R_afford_inflation_adjusted_price_lcu,,,,,,,8.26,8.26,,,,2025-08-18T14:33:28Z,2020,2020-01-01,2020-12-31
9672785,TOBACCO_MPOWER_R_INFLATIONADJUSTEDPRICES,COUNTRY,AZE,EUR,Europe,YEAR,2014,TOBACCO_INDICATOR,TOBACCO_INDICATOR_R_afford_inflation_adjusted_price_lcu,,,,,,,2.69,2.69,,,,2025-08-18T14:33:28Z,2014,2014-01-01,2014-12-31
9672922,TOBACCO_MPOWER_R_INFLATIONADJUSTEDPRICES,COUNTRY,CAN,AMR,Americas,YEAR,2010,TOBACCO_INDICATOR,TOBACCO_INDICATOR_R_afford_inflation_adjusted_price_lcu,,,,,,,11.98,11.98,,,,2025-08-18T14:33:28Z,2010,2010-01-01,2010-12-31
9676478,TOBACCO_MPOWER_R_INFLATIONADJUSTEDPRICES,COUNTRY,CRI,AMR,Americas,YEAR,2018,TOBACCO_INDICATOR,TOBACCO_INDICATOR_R_afford_inflation_adjusted_price_ppp,,,,,,,7.02,7.02,,,,2025-08-18T14:33:28Z,2018,2018-01-01,2018-12-31
9678470,TOBACCO_MPOWER_R_INFLATIONADJUSTEDPRICES,COUNTRY,GNB,AFR,Africa,YEAR,2024,TOBACCO_INDICATOR,TOBACCO_INDICATOR_R_afford_inflation_adjusted_price_ppp,,,,,,,2.32,2.32,,,,2025-08-18T14:33:28Z,2024,2024-01-01,2024-12-31
9678962,TOBACCO_MPOWER_R_INFLATIONADJUSTEDPRICES,COUNTRY,KWT,EMR,Eastern Mediterranean,YEAR,2022,TOBACCO_INDICATOR,TOBACCO_INDICATOR_R_afford_inflation_adjusted_price_ppp,,,,,,,4.05,4.05,,,,2025-08-18T14:33:28Z,2022,2022-01-01,2022-12-31
9685078,TOBACCO_MPOWER_R_INFLATIONADJUSTEDPRICES,COUNTRY,MLI,AFR,Africa,YEAR,2008,TOBACCO_INDICATOR,TOBACCO_INDICATOR_R_afford_inflation_adjusted_price_lcu,,,,,,,958.39,958.39,,,,2025-08-18T14:33:28Z,2008,2008-01-01,2008-12-31
9687803,TOBACCO_MPOWER_R_INFLATIONADJUSTEDPRICES,COUNTRY,GTM,AMR,Americas,YEAR,2020,TOBACCO_INDICATOR,TOBACCO_INDICATOR_R_afford_inflation_adjusted_price_ppp,,,,,,,7.87,7.87,,,,2025-08-18T14:33:28Z,2020,2020-01-01,2020-12-31
9690460,TOBACCO_MPOWER_R_INFLATIONADJUSTEDPRICES,COUNTRY,TON,WPR,Western Pacific,YEAR,2010,TOBACCO_INDICATOR,TOBACCO_INDICATOR_R_afford_inflation_adjusted_price_ppp,,,,,,,6.31,6.31,,,,2025-08-18T14:33:28Z,2010,2010-01-01,2010-12-31
9695146,TOBACCO_MPOWER_R_INFLATIONADJUSTEDPRICES,COUNTRY,TJK,EUR,Europe,YEAR,2024,TOBACCO_INDICATOR,TOBACCO_INDICATOR_R_afford_inflation_adjusted_price_ppp,,,,,,,5.08,5.08,,,,2025-08-18T14:33:28Z,2024,2024-01-01,2024-12-31
9695446,TOBACCO_MPOWER_R_INFLATIONADJUSTEDPRICES,COUNTRY,JPN,WPR,Western Pacific,YEAR,2024,TOBACCO_INDICATOR,TOBACCO_INDICATOR_R_afford_inflation_adjusted_price_ppp,,,,,,,6.43,6.43,,,,2025-08-18T14:33:28Z,2024,2024-01-01,2024-12-31
9695672,TOBACCO_MPOWER_R_INFLATIONADJUSTEDPRICES,COUNTRY,MWI,AFR,Africa,YEAR,2010,TOBACCO_INDICATOR,TOBACCO_INDICATOR_R_afford_inflation_adjusted_price_lcu,,,,,,,. . .,,,,,2025-08-18T14:33:28Z,2010,2010-01-01,2010-12-31
9698803,TOBACCO_MPOWER_R_INFLATIONADJUSTEDPRICES,COUNTRY,MNG,WPR,Western Pacific,YEAR,2012,TOBACCO_INDICATOR,TOBACCO_INDICATOR_R_afford_inflation_adjusted_price_lcu,,,,,,,1942.17,1942.17,,,,2025-08-18T14:33:28Z,2012,2012-01-01,2012-12-31
9698927,TOBACCO_MPOWER_R_INFLATIONADJUSTEDPRICES,COUNTRY,AUS,WPR,Western Pacific,YEAR,2008,TOBACCO_INDICATOR,TOBACCO_INDICATOR_R_afford_inflation_adjusted_price_lcu,,,,,,,14.51,14.51,,,,2025-08-18T14:33:28Z,2008,2008-01-01,2008-12-31
9701711,TOBACCO_MPOWER_R_INFLATIONADJUSTEDPRICES,COUNTRY,VNM,WPR,Western Pacific,YEAR,2016,TOBACCO_INDICATOR,TOBACCO_INDICATOR_R_afford_inflation_adjusted_price_ppp,,,,,,,3.72,3.72,,,,2025-08-18T14:33:28Z,2016,2016-01-01,2016-12-31
9702935,TOBACCO_MPOWER_R_INFLATIONADJUSTEDPRICES,COUNTRY,LCA,AMR,Americas,YEAR,2012,TOBACCO_INDICATOR,TOBACCO_INDICATOR_R_afford_inflation_adjusted_price_ppp,,,,,,,6.93,6.93,,,,2025-08-18T14:33:28Z,2012,2012-01-01,2012-12-31
9707288,TOBACCO_MPOWER_R_INFLATIONADJUSTEDPRICES,COUNTRY,NLD,EUR,Europe,YEAR,2020,TOBACCO_INDICATOR,TOBACCO_INDICATOR_R_afford_inflation_adjusted_price_ppp,,,,,,,12.96,12.96,,,,2025-08-18T14:33:28Z,2020,2020-01-01,2020-12-31
9715285,TOBACCO_MPOWER_R_INFLATIONADJUSTEDPRICES,COUNTRY,GUY,AMR,Americas,YEAR,2012,TOBACCO_INDICATOR,TOBACCO_INDICATOR_R_afford_inflation_adjusted_price_lcu,,,,,,,386.75,386.75,,,,2025-08-18T14:33:28Z,2012,2012-01-01,2012-12-31
9717628,TOBACCO_MPOWER_R_INFLATIONADJUSTEDPRICES,COUNTRY,IND,SEAR,South-East Asia,YEAR,2010,TOBACCO_INDICATOR,TOBACCO_INDICATOR_R_afford_inflation_adjusted_price_ppp,,,,,,,6.24,6.24,,,,2025-08-18T14:33:28Z,2010,2010-01-01,2010-12-31
9722576,TOBACCO_MPOWER_R_INFLATIONADJUSTEDPRICES,COUNTRY,MDG,AFR,Africa,YEAR,2024,TOBACCO_INDICATOR,TOBACCO_INDICATOR_R_afford_inflation_adjusted_price_lcu,,,,,,,5000,5000,,,,2025-08-18T14:33:28Z,2024,2024-01-01,2024-12-31
9725194,TOBACCO_MPOWER_R_INFLATIONADJUSTEDPRICES,COUNTRY,COG,AFR,Africa,YEAR,2018,TOBACCO_INDICATOR,TOBACCO_INDICATOR_R_afford_inflation_adjusted_price_ppp,,,,,,,3.03,3.03,,,,2025-08-18T14:33:28Z,2018,2018-01-01,2018-12-31
9727461,TOBACCO_MPOWER_R_INFLATIONADJUSTEDPRICES,COUNTRY,CIV,AFR,Africa,YEAR,2010,TOBACCO_INDICATOR,TOBACCO_INDICATOR_R_afford_inflation_adjusted_price_ppp,,,,,,,4.23,4.23,,,,2025-08-18T14:33:28Z,2010,2010-01-01,2010-12-31
9728403,TOBACCO_MPOWER_R_INFLATIONADJUSTEDPRICES,COUNTRY,NGA,AFR,Africa,YEAR,2008,TOBACCO_INDICATOR,TOBACCO_INDICATOR_R_afford_inflation_adjusted_price_ppp,,,,,,,3.92,3.92,,,,2025-08-18T14:33:28Z,2008,2008-01-01,2008-12-31
9728515,TOBACCO_MPOWER_R_INFLATIONADJUSTEDPRICES,COUNTRY,THA,SEAR,South-East Asia,YEAR,2008,TOBACCO_INDICATOR,TOBACCO_INDICATOR_R_afford_inflation_adjusted_price_lcu,,,,,,,56.48,56.48,,,,2025-08-18T14:33:28Z,2008,2008-01-01,2008-12-31
9729723,TOBACCO_MPOWER_R_INFLATIONADJUSTEDPRICES,COUNTRY,ISR,EUR,Europe,YEAR,2018,TOBACCO_INDICATOR,TOBACCO_INDICATOR_R_afford_inflation_adjusted_price_lcu,,,,,,,41.07,41.07,,,,2025-08-18T14:33:28Z,2018,2018-01-01,2018-12-31
9733767,TOBACCO_MPOWER_R_INFLATIONADJUSTEDPRICES,COUNTRY,MLT,EUR,Europe,YEAR,2018,TOBACCO_INDICATOR,TOBACCO_INDICATOR_R_afford_inflation_adjusted_price_lcu,,,,,,,6.5,6.5,,,,2025-08-18T14:33:28Z,2018,2018-01-01,2018-12-31
9734585,TOBACCO_MPOWER_R_INFLATIONADJUSTEDPRICES,COUNTRY,ISR,EUR,Europe,YEAR,2010,TOBACCO_INDICATOR,TOBACCO_INDICATOR_R_afford_inflation_adjusted_price_ppp,,,,,,,7.98,7.98,,,,2025-08-18T14:33:28Z,2010,2010-01-01,2010-12-31
9734832,TOBACCO_MPOWER_R_INFLATIONADJUSTEDPRICES,COUNTRY,CHE,EUR,Europe,YEAR,2022,TOBACCO_INDICATOR,TOBACCO_INDICATOR_R_afford_inflation_adjusted_price_lcu,,,,,,,9.29,9.29,,,,2025-08-18T14:33:28Z,2022,2022-01-01,2022-12-31
9737802,TOBACCO_MPOWER_R_INFLATIONADJUSTEDPRICES,COUNTRY,SEN,AFR,Africa,YEAR,2010,TOBACCO_INDICATOR,TOBACCO_INDICATOR_R_afford_inflation_adjusted_price_lcu,,,,,,,537.19,537.19,,,,2025-08-18T14:33:28Z,2010,2010-01-01,2010-12-31
9739648,TOBACCO_MPOWER_R_INFLATIONADJUSTEDPRICES,COUNTRY,ESP,EUR,Europe,YEAR,2022,TOBACCO_INDICATOR,TOBACCO_INDICATOR_R_afford_inflation_adjusted_price_ppp,,,,,,,9.92,9.92,,,,2025-08-18T14:33:28Z,2022,2022-01-01,2022-12-31
9740373,TOBACCO_MPOWER_R_INFLATIONADJUSTEDPRICES,COUNTRY,EGY,EMR,Eastern Mediterranean,YEAR,2010,TOBACCO_INDICATOR,TOBACCO_INDICATOR_R_afford_inflation_adjusted_price_ppp,,,,,,,3.74,3.74,,,,2025-08-18T14:33:28Z,2010,2010-01-01,2010-12-31
9743552,TOBACCO_MPOWER_R_INFLATIONADJUSTEDPRICES,COUNTRY,GBR,EUR,Europe,YEAR,2024,TOBACCO_INDICATOR,TOBACCO_INDICATOR_R_afford_inflation_adjusted_price_lcu,,,,,,,13.4,13.4,,,,2025-08-18T14:33:28Z,2024,2024-01-01,2024-12-31
9745270,TOBACCO_MPOWER_R_INFLATIONADJUSTEDPRICES,COUNTRY,CMR,AFR,Africa,YEAR,2012,TOBACCO_INDICATOR,TOBACCO_INDICATOR_R_afford_inflation_adjusted_price_ppp,,,,,,,2.96,2.96,,,,2025-08-18T14:33:28Z,2012,2012-01-01,2012-12-31
9748442,TOBACCO_MPOWER_R_INFLATIONADJUSTEDPRICES,COUNTRY,SVK,EUR,Europe,YEAR,2020,TOBACCO_INDICATOR,TOBACCO_INDICATOR_R_afford_inflation_adjusted_price_lcu,,,,,,,4.62,4.62,,,,2025-08-18T14:33:28Z,2020,2020-01-01,2020-12-31
9750919,TOBACCO_MPOWER_R_INFLATIONADJUSTEDPRICES,COUNTRY,BOL,AMR,Americas,YEAR,2016,TOBACCO_INDICATOR,TOBACCO_INDICATOR_R_afford_inflation_adjusted_price_ppp,,,,,,,5.58,5.58,,,,2025-08-18T14:33:28Z,2016,2016-01-01,2016-12-31
9752596,TOBACCO_MPOWER_R_INFLATIONADJUSTEDPRICES,COUNTRY,FIN,EUR,Europe,YEAR,2016,TOBACCO_INDICATOR,TOBACCO_INDICATOR_R_afford_inflation_adjusted_price_lcu,,,,,,,7.31,7.31,,,,2025-08-18T14:33:28Z,2016,2016-01-01,2016-12-31
9758738,TOBACCO_MPOWER_R_INFLATIONADJUSTEDPRICES,COUNTRY,KOR,WPR,Western Pacific,YEAR,2012,TOBACCO_INDICATOR,TOBACCO_INDICATOR_R_afford_inflation_adjusted_price_ppp,,,,,,,4,4,,,,2025-08-18T14:33:28Z,2012,2012-01-01,2012-12-31
9758902,TOBACCO_MPOWER_R_INFLATIONADJUSTEDPRICES,COUNTRY,BRA,AMR,Americas,YEAR,2008,TOBACCO_INDICATOR,TOBACCO_INDICATOR_R_afford_inflation_adjusted_price_lcu,,,,,,,5.9,5.9,,,,2025-08-18T14:33:28Z,2008,2008-01-01,2008-12-31
9760764,TOBACCO_MPOWER_R_INFLATIONADJUSTEDPRICES,COUNTRY,COD,AFR,Africa,YEAR,2018,TOBACCO_INDICATOR,TOBACCO_INDICATOR_R_afford_inflation_adjusted_price_lcu,,,,,,,2448.31,2448.31,,,,2025-08-18T14:33:28Z,2018,2018-01-01,2018-12-31
9762950,TOBACCO_MPOWER_R_INFLATIONADJUSTEDPRICES,COUNTRY,GNB,AFR,Africa,YEAR,2020,TOBACCO_INDICATOR,TOBACCO_INDICATOR_R_afford_inflation_adjusted_price_lcu,,,,,,,. . .,,,,,2025-08-18T14:33:28Z,2020,2020-01-01,2020-12-31
9763556,TOBACCO_MPOWER_R_INFLATIONADJUSTEDPRICES,COUNTRY,EST,EUR,Europe,YEAR,2014,TOBACCO_INDICATOR,TOBACCO_INDICATOR_R_afford_inflation_adjusted_price_lcu,,,,,,,5.43,5.43,,,,2025-08-18T14:33:28Z,2014,2014-01-01,2014-12-31
9765065,TOBACCO_MPOWER_R_INFLATIONADJUSTEDPRICES,COUNTRY,JOR,EMR,Eastern Mediterranean,YEAR,2022,TOBACCO_INDICATOR,TOBACCO_INDICATOR_R_afford_inflation_adjusted_price_ppp,,,,,,,7.78,7.78,,,,2025-08-18T14:33:28Z,2022,2022-01-01,2022-12-31
9766258,TOBACCO_MPOWER_R_INFLATIONADJUSTEDPRICES,COUNTRY,JOR,EMR,Eastern Mediterranean,YEAR,2008,TOBACCO_INDICATOR,TOBACCO_INDICATOR_R_afford_inflation_adjusted_price_lcu,,,,,,,1.2,1.2,,,,2025-08-18T14:33:28Z,2008,2008-01-01,2008-12-31
9766764,TOBACCO_MPOWER_R_INFLATIONADJUSTEDPRICES,COUNTRY,MNG,WPR,Western Pacific,YEAR,2018,TOBACCO_INDICATOR,TOBACCO_INDICATOR_R_afford_inflation_adjusted_price_lcu,,,,,,,3244,3244,,,,2025-08-18T14:33:28Z,2018,2018-01-01,2018-12-31
9767429,TOBACCO_MPOWER_R_INFLATIONADJUSTEDPRICES,COUNTRY,IRL,EUR,Europe,YEAR,2010,TOBACCO_INDICATOR,TOBACCO_INDICATOR_R_afford_inflation_adjusted_price_lcu,,,,,,,10.61,10.61,,,,2025-08-18T14:33:28Z,2010,2010-01-01,2010-12-31
9768765,TOBACCO_MPOWER_R_INFLATIONADJUSTEDPRICES,COUNTRY,SLE,AFR,Africa,YEAR,2024,TOBACCO_INDICATOR,TOBACCO_INDICATOR_R_afford_inflation_adjusted_price_ppp,,,,,,,1.75,1.75,,,,2025-08-18T14:33:28Z,2024,2024-01-01,2024-12-31
9773159,TOBACCO_MPOWER_R_INFLATIONADJUSTEDPRICES,COUNTRY,IND,SEAR,South-East Asia,YEAR,2018,TOBACCO_INDICATOR,TOBACCO_INDICATOR_R_afford_inflation_adjusted_price_lcu,,,,,,,262.25,262.25,,,,2025-08-18T14:33:28Z,2018,2018-01-01,2018-12-31
9778429,TOBACCO_MPOWER_R_INFLATIONADJUSTEDPRICES,COUNTRY,SDN,EMR,Eastern Mediterranean,YEAR,2012,TOBACCO_INDICATOR,TOBACCO_INDICATOR_R_afford_inflation_adjusted_price_ppp,,,,,,,7.09,7.09,,,,2025-08-18T14:33:28Z,2012,2012-01-01,2012-12-31
9779098,TOBACCO_MPOWER_R_INFLATIONADJUSTEDPRICES,COUNTRY,LSO,AFR,Africa,YEAR,2016,TOBACCO_INDICATOR,TOBACCO_INDICATOR_R_afford_inflation_adjusted_price_ppp,,,,,,,. . .,,,,,2025-08-18T14:33:28Z,2016,2016-01-01,2016-12-31
9780573,TOBACCO_MPOWER_R_INFLATIONADJUSTEDPRICES,COUNTRY,SWZ,AFR,Africa,YEAR,2014,TOBACCO_INDICATOR,TOBACCO_INDICATOR_R_afford_inflation_adjusted_price_lcu,,,,,,,55.78,55.78,,,,2025-08-18T14:33:28Z,2014,2014-01-01,2014-12-31
9781844,TOBACCO_MPOWER_R_INFLATIONADJUSTEDPRICES,COUNTRY,TON,WPR,Western Pacific,YEAR,2024,TOBACCO_INDICATOR,TOBACCO_INDICATOR_R_afford_inflation_adjusted_price_lcu,,,,,,,24,24,,,,2025-08-18T14:33:28Z,2024,2024-01-01,2024-12-31
9783483,TOBACCO_MPOWER_R_INFLATIONADJUSTEDPRICES,COUNTRY,ARG,AMR,Americas,YEAR,2012,TOBACCO_INDICATOR,TOBACCO_INDICATOR_R_afford_inflation_adjusted_price_lcu,,,,,,,. . .,,,,,2025-08-18T14:33:28Z,2012,2012-01-01,2012-12-31
9788723,TOBACCO_MPOWER_R_INFLATIONADJUSTEDPRICES,COUNTRY,SDN,EMR,Eastern Mediterranean,YEAR,2008,TOBACCO_INDICATOR,TOBACCO_INDICATOR_R_afford_inflation_adjusted_price_lcu,,,,,,,9569.61,9569.61,,,,2025-08-18T14:33:28Z,2008,2008-01-01,2008-12-31
9791749,TOBACCO_MPOWER_R_INFLATIONADJUSTEDPRICES,COUNTRY,SWE,EUR,Europe,YEAR,2016,TOBACCO_INDICATOR,TOBACCO_INDICATOR_R_afford_inflation_adjusted_price_ppp,,,,,,,9.36,9.36,,,,2025-08-18T14:33:28Z,2016,2016-01-01,2016-12-31
9793845,TOBACCO_MPOWER_R_INFLATIONADJUSTEDPRICES,COUNTRY,NER,AFR,Africa,YEAR,2022,TOBACCO_INDICATOR,TOBACCO_INDICATOR_R_afford_inflation_adjusted_price_ppp,,,,,,,2.59,2.59,,,,2025-08-18T14:33:28Z,2022,2022-01-01,2022-12-31
9794489,TOBACCO_MPOWER_R_INFLATIONADJUSTEDPRICES,COUNTRY,MDV,SEAR,South-East Asia,YEAR,2014,TOBACCO_INDICATOR,TOBACCO_INDICATOR_R_afford_inflation_adjusted_price_lcu,,,,,,,42.96,42.96,,,,2025-08-18T14:33:28Z,2014,2014-01-01,2014-12-31
9794958,TOBACCO_MPOWER_R_INFLATIONADJUSTEDPRICES,COUNTRY,UZB,EUR,Europe,YEAR,2008,TOBACCO_INDICATOR,TOBACCO_INDICATOR_R_afford_inflation_adjusted_price_lcu,,,,,,,4115.46,4115.46,,,,2025-08-18T14:33:28Z,2008,2008-01-01,2008-12-31
9795331,TOBACCO_MPOWER_R_INFLATIONADJUSTEDPRICES,COUNTRY,CHL,AMR,Americas,YEAR,2022,TOBACCO_INDICATOR,TOBACCO_INDICATOR_R_afford_inflation_adjusted_price_ppp,,,,,,,8.83,8.83,,,,2025-08-18T14:33:28Z,2022,2022-01-01,2022-12-31
9800397,TOBACCO_MPOWER_R_INFLATIONADJUSTEDPRICES,COUNTRY,GRC,EUR,Europe,YEAR,2010,TOBACCO_INDICATOR,TOBACCO_INDICATOR_R_afford_inflation_adjusted_price_lcu,,,,,,,3.85,3.85,,,,2025-08-18T14:33:28Z,2010,2010-01-01,2010-12-31
9806525,TOBACCO_MPOWER_R_INFLATIONADJUSTEDPRICES,COUNTRY,TLS,SEAR,South-East Asia,YEAR,2014,TOBACCO_INDICATOR,TOBACCO_INDICATOR_R_afford_inflation_adjusted_price_ppp,,,,,,,4.68,4.68,,,,2025-08-18T14:33:28Z,2014,2014-01-01,2014-12-31
9811163,TOBACCO_MPOWER_R_INFLATIONADJUSTEDPRICES,COUNTRY,GNB,AFR,Africa,YEAR,2014,TOBACCO_INDICATOR,TOBACCO_INDICATOR_R_afford_inflation_adjusted_price_ppp,,,,,,,2.28,2.28,,,,2025-08-18T14:33:28Z,2014,2014-01-01,2014-12-31
9812075,TOBACCO_MPOWER_R_INFLATIONADJUSTEDPRICES,COUNTRY,BLR,EUR,Europe,YEAR,2014,TOBACCO_INDICATOR,TOBACCO_INDICATOR_R_afford_inflation_adjusted_price_ppp,,,,,,,2.03,2.03,,,,2025-08-18T14:33:28Z,2014,2014-01-01,2014-12-31
9816376,TOBACCO_MPOWER_R_INFLATIONADJUSTEDPRICES,COUNTRY,SSD,AFR,Africa,YEAR,2010,TOBACCO_INDICATOR,TOBACCO_INDICATOR_R_afford_inflation_adjusted_price_ppp,,,,,,,. . .,,,,,2025-08-18T14:33:28Z,2010,2010-01-01,2010-12-31
9821061,TOBACCO_MPOWER_R_INFLATIONADJUSTEDPRICES,COUNTRY,NOR,EUR,Europe,YEAR,2010,TOBACCO_INDICATOR,TOBACCO_INDICATOR_R_afford_inflation_adjusted_price_lcu,,,,,,,117.54,117.54,,,,2025-08-18T14:33:28Z,2010,2010-01-01,2010-12-31
9824249,TOBACCO_MPOWER_R_INFLATIONADJUSTEDPRICES,COUNTRY,SMR,EUR,Europe,YEAR,2014,TOBACCO_INDICATOR,TOBACCO_INDICATOR_R_afford_inflation_adjusted_price_ppp,,,,,,,7.68,7.68,,,,2025-08-18T14:33:28Z,2014,2014-01-01,2014-12-31
9824409,TOBACCO_MPOWER_R_INFLATIONADJUSTEDPRICES,COUNTRY,KOR,WPR,Western Pacific,YEAR,2016,TOBACCO_INDICATOR,TOBACCO_INDICATOR_R_afford_inflation_adjusted_price_lcu,,,,,,,5364.34,5364.34,,,,2025-08-18T14:33:28Z,2016,2016-01-01,2016-12-31
9826802,TOBACCO_MPOWER_R_INFLATIONADJUSTEDPRICES,COUNTRY,FSM,WPR,Western Pacific,YEAR,2010,TOBACCO_INDICATOR,TOBACCO_INDICATOR_R_afford_inflation_adjusted_price_lcu,,,,,,,2.11,2.11,,,,2025-08-18T14:33:28Z,2010,2010-01-01,2010-12-31
9828730,TOBACCO_MPOWER_R_INFLATIONADJUSTEDPRICES,COUNTRY,SOM,EMR,Eastern Mediterranean,YEAR,2022,TOBACCO_INDICATOR,TOBACCO_INDICATOR_R_afford_inflation_adjusted_price_lcu,,,,,,,. . .,,,,,2025-08-18T14:33:28Z,2022,2022-01-01,2022-12-31
9829484,TOBACCO_MPOWER_R_INFLATIONADJUSTEDPRICES,COUNTRY,DNK,EUR,Europe,YEAR,2016,TOBACCO_INDICATOR,TOBACCO_INDICATOR_R_afford_inflation_adjusted_price_lcu,,,,,,,52.41,52.41,,,,2025-08-18T14:33:28Z,2016,2016-01-01,2016-12-31
9829755,TOBACCO_MPOWER_R_INFLATIONADJUSTEDPRICES,COUNTRY,NER,AFR,Africa,YEAR,2012,TOBACCO_INDICATOR,TOBACCO_INDICATOR_R_afford_inflation_adjusted_price_ppp,,,,,,,2.11,2.11,,,,2025-08-18T14:33:28Z,2012,2012-01-01,2012-12-31
9830480,TOBACCO_MPOWER_R_INFLATIONADJUSTEDPRICES,COUNTRY,TUV,WPR,Western Pacific,YEAR,2012,TOBACCO_INDICATOR,TOBACCO_INDICATOR_R_afford_inflation_adjusted_price_lcu,,,,,,,9.58,9.58,,,,2025-08-18T14:33:28Z,2012,2012-01-01,2012-12-31
9831977,TOBACCO_MPOWER_R_INFLATIONADJUSTEDPRICES,COUNTRY,COL,AMR,Americas,YEAR,2014,TOBACCO_INDICATOR,TOBACCO_INDICATOR_R_afford_inflation_adjusted_price_ppp,,,,,,,2.7,2.7,,,,2025-08-18T14:33:28Z,2014,2014-01-01,2014-12-31
9835585,TOBACCO_MPOWER_R_INFLATIONADJUSTEDPRICES,COUNTRY,NLD,EUR,Europe,YEAR,2008,TOBACCO_INDICATOR,TOBACCO_INDICATOR_R_afford_inflation_adjusted_price_lcu,,,,,,,6.92,6.92,,,,2025-08-18T14:33:28Z,2008,2008-01-01,2008-12-31
9839686,TOBACCO_MPOWER_R_INFLATIONADJUSTEDPRICES,COUNTRY,TUV,WPR,Western Pacific,YEAR,2008,TOBACCO_INDICATOR,TOBACCO_INDICATOR_R_afford_inflation_adjusted_price_ppp,,,,,,,5.54,5.54,,,,2025-08-18T14:33:28Z,2008,2008-01-01,2008-12-31
9841336,TOBACCO_MPOWER_R_INFLATIONADJUSTEDPRICES,COUNTRY,TTO,AMR,Americas,YEAR,2024,TOBACCO_INDICATOR,TOBACCO_INDICATOR_R_afford_inflation_adjusted_price_lcu,,,,,,,22,22,,,,2025-08-18T14:33:28Z,2024,2024-01-01,2024-12-31
9843850,TOBACCO_MPOWER_R_INFLATIONADJUSTEDPRICES,COUNTRY,CPV,AFR,Africa,YEAR,2020,TOBACCO_INDICATOR,TOBACCO_INDICATOR_R_afford_inflation_adjusted_price_lcu,,,,,,,287.92,287.92,,,,2025-08-18T14:33:28Z,2020,2020-01-01,2020-12-31
9845785,TOBACCO_MPOWER_R_INFLATIONADJUSTEDPRICES,COUNTRY,AGO,AFR,Africa,YEAR,2012,TOBACCO_INDICATOR,TOBACCO_INDICATOR_R_afford_inflation_adjusted_price_lcu,,,,,,,1235.37,1235.37,,,,2025-08-18T14:33:28Z,2012,2012-01-01,2012-12-31
9847945,TOBACCO_MPOWER_R_INFLATIONADJUSTEDPRICES,COUNTRY,JPN,WPR,Western Pacific,YEAR,2020,TOBACCO_INDICATOR,TOBACCO_INDICATOR_R_afford_inflation_adjusted_price_lcu,,,,,,,553.3,553.3,,,,2025-08-18T14:33:28Z,2020,2020-01-01,2020-12-31
9848379,TOBACCO_MPOWER_R_INFLATIONADJUSTEDPRICES,COUNTRY,PAN,AMR,Americas,YEAR,2014,TOBACCO_INDICATOR,TOBACCO_INDICATOR_R_afford_inflation_adjusted_price_lcu,,,,,,,4.57,4.57,,,,2025-08-18T14:33:28Z,2014,2014-01-01,2014-12-31
9849673,TOBACCO_MPOWER_R_INFLATIONADJUSTEDPRICES,COUNTRY,KHM,WPR,Western Pacific,YEAR,2014,TOBACCO_INDICATOR,TOBACCO_INDICATOR_R_afford_inflation_adjusted_price_lcu,,,,,,,2319.84,2319.84,,,,2025-08-18T14:33:28Z,2014,2014-01-01,2014-12-31
9851966,TOBACCO_MPOWER_R_INFLATIONADJUSTEDPRICES,COUNTRY,JOR,EMR,Eastern Mediterranean,YEAR,2018,TOBACCO_INDICATOR,TOBACCO_INDICATOR_R_afford_inflation_adjusted_price_lcu,,,,,,,2.18,2.18,,,,2025-08-18T14:33:28Z,2018,2018-01-01,2018-12-31
9852803,TOBACCO_MPOWER_R_INFLATIONADJUSTEDPRICES,COUNTRY,PLW,WPR,Western Pacific,YEAR,2024,TOBACCO_INDICATOR,TOBACCO_INDICATOR_R_afford_inflation_adjusted_price_ppp,,,,,,,7.03,7.03,,,,2025-08-18T14:33:28Z,2024,2024-01-01,2024-12-31
9859980,TOBACCO_MPOWER_R_INFLATIONADJUSTEDPRICES,COUNTRY,RWA,AFR,Africa,YEAR,2014,TOBACCO_INDICATOR,TOBACCO_INDICATOR_R_afford_inflation_adjusted_price_ppp,,,,,,,2.96,2.96,,,,2025-08-18T14:33:28Z,2014,2014-01-01,2014-12-31
9863739,TOBACCO_MPOWER_R_INFLATIONADJUSTEDPRICES,COUNTRY,ISR,EUR,Europe,YEAR,2022,TOBACCO_INDICATOR,TOBACCO_INDICATOR_R_afford_inflation_adjusted_price_lcu,,,,,,,38.67,38.67,,,,2025-08-18T14:33:28Z,2022,2022-01-01,2022-12-31
9868288,TOBACCO_MPOWER_R_INFLATIONADJUSTEDPRICES,COUNTRY,SVK,EUR,Europe,YEAR,2014,TOBACCO_INDICATOR,TOBACCO_INDICATOR_R_afford_inflation_adjusted_price_lcu,,,,,,,4.06,4.06,,,,2025-08-18T14:33:28Z,2014,2014-01-01,2014-12-31
9868852,TOBACCO_MPOWER_R_INFLATIONADJUSTEDPRICES,COUNTRY,UGA,AFR,Africa,YEAR,2016,TOBACCO_INDICATOR,TOBACCO_INDICATOR_R_afford_inflation_adjusted_price_ppp,,,,,,,3.18,3.18,,,,2025-08-18T14:33:28Z,2016,2016-01-01,2016-12-31
9870528,TOBACCO_MPOWER_R_INFLATIONADJUSTEDPRICES,COUNTRY,TGO,AFR,Africa,YEAR,2010,TOBACCO_INDICATOR,TOBACCO_INDICATOR_R_afford_inflation_adjusted_price_ppp,,,,,,,2.29,2.29,,,,2025-08-18T14:33:28Z,2010,2010-01-01,2010-12-31
9876942,TOBACCO_MPOWER_R_INFLATIONADJUSTEDPRICES,COUNTRY,LSO,AFR,Africa,YEAR,2018,TOBACCO_INDICATOR,TOBACCO_INDICATOR_R_afford_inflation_adjusted_price_lcu,,,,,,,58.65,58.65,,,,2025-08-18T14:33:28Z,2018,2018-01-01,2018-12-31
9880967,TOBACCO_MPOWER_R_INFLATIONADJUSTEDPRICES,COUNTRY,PHL,WPR,Western Pacific,YEAR,2024,TOBACCO_INDICATOR,TOBACCO_INDICATOR_R_afford_inflation_adjusted_price_lcu,,,,,,,156,156,,,,2025-08-18T14:33:28Z,2024,2024-01-01,2024-12-31
9881202,TOBACCO_MPOWER_R_INFLATIONADJUSTEDPRICES,COUNTRY,VUT,WPR,Western Pacific,YEAR,2008,TOBACCO_INDICATOR,TOBACCO_INDICATOR_R_afford_inflation_adjusted_price_ppp,,,,,,,8.29,8.29,,,,2025-08-18T14:33:28Z,2008,2008-01-01,2008-12-31
9883568,TOBACCO_MPOWER_R_INFLATIONADJUSTEDPRICES,COUNTRY,URY,AMR,Americas,YEAR,2010,TOBACCO_INDICATOR,TOBACCO_INDICATOR_R_afford_inflation_adjusted_price_lcu,,,,,,,203.44,203.44,,,,2025-08-18T14:33:28Z,2010,2010-01-01,2010-12-31
9884370,TOBACCO_MPOWER_R_INFLATIONADJUSTEDPRICES,COUNTRY,COG,AFR,Africa,YEAR,2010,TOBACCO_INDICATOR,TOBACCO_INDICATOR_R_afford_inflation_adjusted_price_lcu,,,,,,,701.41,701.41,,,,2025-08-18T14:33:28Z,2010,2010-01-01,2010-12-31
9890744,TOBACCO_MPOWER_R_INFLATIONADJUSTEDPRICES,COUNTRY,NER,AFR,Africa,YEAR,2024,TOBACCO_INDICATOR,TOBACCO_INDICATOR_R_afford_inflation_adjusted_price_lcu,,,,,,,500,500,,,,2025-08-18T14:33:28Z,2024,2024-01-01,2024-12-31
9892680,TOBACCO_MPOWER_R_INFLATIONADJUSTEDPRICES,COUNTRY,COL,AMR,Americas,YEAR,2018,TOBACCO_INDICATOR,TOBACCO_INDICATOR_R_afford_inflation_adjusted_price_lcu,,,,,,,5729.3,5729.3,,,,2025-08-18T14:33:28Z,2018,2018-01-01,2018-12-31
9895371,TOBACCO_MPOWER_R_INFLATIONADJUSTEDPRICES,COUNTRY,AFG,EMR,Eastern Mediterranean,YEAR,2012,TOBACCO_INDICATOR,TOBACCO_INDICATOR_R_afford_inflation_adjusted_price_ppp,,,,,,,1.34,1.34,,,,2025-08-18T14:33:28Z,2012,2012-01-01,2012-12-31
9898322,TOBACCO_MPOWER_R_INFLATIONADJUSTEDPRICES,COUNTRY,PHL,WPR,Western Pacific,YEAR,2008,TOBACCO_INDICATOR,TOBACCO_INDICATOR_R_afford_inflation_adjusted_price_lcu,,,,,,,21.15,21.15,,,,2025-08-18T14:33:28Z,2008,2008-01-01,2008-12-31
9905799,TOBACCO_MPOWER_R_INFLATIONADJUSTEDPRICES,COUNTRY,MDG,AFR,Africa,YEAR,2014,TOBACCO_INDICATOR,TOBACCO_INDICATOR_R_afford_inflation_adjusted_price_lcu,,,,,,,6002.06,6002.06,,,,2025-08-18T14:33:28Z,2014,2014-01-01,2014-12-31
9906536,TOBACCO_MPOWER_R_INFLATIONADJUSTEDPRICES,COUNTRY,MYS,WPR,Western Pacific,YEAR,2010,TOBACCO_INDICATOR,TOBACCO_INDICATOR_R_afford_inflation_adjusted_price_ppp,,,,,,,9.24,9.24,,,,2025-08-18T14:33:28Z,2010,2010-01-01,2010-12-31
9907218,TOBACCO_MPOWER_R_INFLATIONADJUSTEDPRICES,COUNTRY,IDN,WPR,Western Pacific,YEAR,2020,TOBACCO_INDICATOR,TOBACCO_INDICATOR_R_afford_inflation_adjusted_price_ppp,,,,,,,7.75,7.75,,,,2025-08-18T14:33:28Z,2020,2020-01-01,2020-12-31
9910938,TOBACCO_MPOWER_R_INFLATIONADJUSTEDPRICES,COUNTRY,COM,AFR,Africa,YEAR,2014,TOBACCO_INDICATOR,TOBACCO_INDICATOR_R_afford_inflation_adjusted_price_ppp,,,,,,,3.5,3.5,,,,2025-08-18T14:33:28Z,2014,2014-01-01,2014-12-31
9914721,TOBACCO_MPOWER_R_INFLATIONADJUSTEDPRICES,COUNTRY,AUS,WPR,Western Pacific,YEAR,2022,TOBACCO_INDICATOR,TOBACCO_INDICATOR_R_afford_inflation_adjusted_price_ppp,,,,,,,24.87,24.87,,,,2025-08-18T14:33:28Z,2022,2022-01-01,2022-12-31
9918663,TOBACCO_MPOWER_R_INFLATIONADJUSTEDPRICES,COUNTRY,LAO,WPR,Western Pacific,YEAR,2020,TOBACCO_INDICATOR,TOBACCO_INDICATOR_R_afford_inflation_adjusted_price_ppp,,,,,,,2.87,2.87,,,,2025-08-18T14:33:28Z,2020,2020-01-01,2020-12-31
9921271,TOBACCO_MPOWER_R_INFLATIONADJUSTEDPRICES,COUNTRY,FSM,WPR,Western Pacific,YEAR,2020,TOBACCO_INDICATOR,TOBACCO_INDICATOR_R_afford_inflation_adjusted_price_lcu,,,,,,,4.49,4.49,,,,2025-08-18T14:33:28Z,2020,2020-01-01,2020-12-31
9935648,TOBACCO_MPOWER_R_INFLATIONADJUSTEDPRICES,COUNTRY,ZWE,AFR,Africa,YEAR,2008,TOBACCO_INDICATOR,TOBACCO_INDICATOR_R_afford_inflation_adjusted_price_lcu,,,,,,,. . .,,,,,2025-08-18T14:33:28Z,2008,2008-01-01,2008-12-31
9941140,TOBACCO_MPOWER_R_INFLATIONADJUSTEDPRICES,COUNTRY,MHL,WPR,Western Pacific,YEAR,2022,TOBACCO_INDICATOR,TOBACCO_INDICATOR_R_afford_inflation_adjusted_price_lcu,,,,,,,2.83,2.83,,,,2025-08-18T14:33:28Z,2022,2022-01-01,2022-12-31
9955935,TOBACCO_MPOWER_R_INFLATIONADJUSTEDPRICES,COUNTRY,NGA,AFR,Africa,YEAR,2016,TOBACCO_INDICATOR,TOBACCO_INDICATOR_R_afford_inflation_adjusted_price_ppp,,,,,,,2.73,2.73,,,,2025-08-18T14:33:28Z,2016,2016-01-01,2016-12-31
9956734,TOBACCO_MPOWER_R_INFLATIONADJUSTEDPRICES,COUNTRY,MNE,EUR,Europe,YEAR,2008,TOBACCO_INDICATOR,TOBACCO_INDICATOR_R_afford_inflation_adjusted_price_ppp,,,,,,,2.22,2.22,,,,2025-08-18T14:33:28Z,2008,2008-01-01,2008-12-31
9962046,TOBACCO_MPOWER_R_INFLATIONADJUSTEDPRICES,COUNTRY,SLV,AMR,Americas,YEAR,2018,TOBACCO_INDICATOR,TOBACCO_INDICATOR_R_afford_inflation_adjusted_price_ppp,,,,,,,7.94,7.94,,,,2025-08-18T14:33:28Z,2018,2018-01-01,2018-12-31
9962065,TOBACCO_MPOWER_R_INFLATIONADJUSTEDPRICES,COUNTRY,BOL,AMR,Americas,YEAR,2010,TOBACCO_INDICATOR,TOBACCO_INDICATOR_R_afford_inflation_adjusted_price_lcu,,,,,,,9.93,9.93,,,,2025-08-18T14:33:28Z,2010,2010-01-01,2010-12-31
9967855,TOBACCO_MPOWER_R_INFLATIONADJUSTEDPRICES,COUNTRY,BWA,AFR,Africa,YEAR,2018,TOBACCO_INDICATOR,TOBACCO_INDICATOR_R_afford_inflation_adjusted_price_ppp,,,,,,,10.17,10.17,,,,2025-08-18T14:33:28Z,2018,2018-01-01,2018-12-31
9980664,TOBACCO_MPOWER_R_INFLATIONADJUSTEDPRICES,COUNTRY,GUY,AMR,Americas,YEAR,2014,TOBACCO_INDICATOR,TOBACCO_INDICATOR_R_afford_inflation_adjusted_price_lcu,,,,,,,376.93,376.93,,,,2025-08-18T14:33:28Z,2014,2014-01-01,2014-12-31
9986740,TOBACCO_MPOWER_R_INFLATIONADJUSTEDPRICES,COUNTRY,ERI,AFR,Africa,YEAR,2014,TOBACCO_INDICATOR,TOBACCO_INDICATOR_R_afford_inflation_adjusted_price_lcu,,,,,,,. . .,,,,,2025-08-18T14:33:28Z,2014,2014-01-01,2014-12-31
9987855,TOBACCO_MPOWER_R_INFLATIONADJUSTEDPRICES,COUNTRY,ATG,AMR,Americas,YEAR,2010,TOBACCO_INDICATOR,TOBACCO_INDICATOR_R_afford_inflation_adjusted_price_lcu,,,,,,,9.26,9.26,,,,2025-08-18T14:33:28Z,2010,2010-01-01,2010-12-31
9993649,TOBACCO_MPOWER_R_INFLATIONADJUSTEDPRICES,COUNTRY,FJI,WPR,Western Pacific,YEAR,2014,TOBACCO_INDICATOR,TOBACCO_INDICATOR_R_afford_inflation_adjusted_price_lcu,,,,,,,9.78,9.78,,,,2025-08-18T14:33:28Z,2014,2014-01-01,2014-12-31
9997917,TOBACCO_MPOWER_R_INFLATIONADJUSTEDPRICES,COUNTRY,MYS,WPR,Western Pacific,YEAR,2022,TOBACCO_INDICATOR,TOBACCO_INDICATOR_R_afford_inflation_adjusted_price_lcu,,,,,,,18.16,18.16,,,,2025-08-18T14:33:28Z,2022,2022-01-01,2022-12-31
9999750,TOBACCO_MPOWER_R_INFLATIONADJUSTEDPRICES,COUNTRY,VUT,WPR,Western Pacific,YEAR,2018,TOBACCO_INDICATOR,TOBACCO_INDICATOR_R_afford_inflation_adjusted_price_lcu,,,,,,,1006.09,1006.09,,,,2025-08-18T14:33:28Z,2018,2018-01-01,2018-12-31
10003168,TOBACCO_MPOWER_R_INFLATIONADJUSTEDPRICES,COUNTRY,DJI,EMR,Eastern Mediterranean,YEAR,2020,TOBACCO_INDICATOR,TOBACCO_INDICATOR_R_afford_inflation_adjusted_price_ppp,,,,,,,. . .,,,,,2025-08-18T14:33:28Z,2020,2020-01-01,2020-12-31
10004972,TOBACCO_MPOWER_R_INFLATIONADJUSTEDPRICES,COUNTRY,ALB,EUR,Europe,YEAR,2014,TOBACCO_INDICATOR,TOBACCO_INDICATOR_R_afford_inflation_adjusted_price_ppp,,,,,,,6.13,6.13,,,,2025-08-18T14:33:28Z,2014,2014-01-01,2014-12-31
10008953,TOBACCO_MPOWER_R_INFLATIONADJUSTEDPRICES,COUNTRY,BEN,AFR,Africa,YEAR,2014,TOBACCO_INDICATOR,TOBACCO_INDICATOR_R_afford_inflation_adjusted_price_lcu,,,,,,,558.15,558.15,,,,2025-08-18T14:33:28Z,2014,2014-01-01,2014-12-31
10013108,TOBACCO_MPOWER_R_INFLATIONADJUSTEDPRICES,COUNTRY,CYP,EUR,Europe,YEAR,2014,TOBACCO_INDICATOR,TOBACCO_INDICATOR_R_afford_inflation_adjusted_price_lcu,,,,,,,4.61,4.61,,,,2025-08-18T14:33:28Z,2014,2014-01-01,2014-12-31
10020786,TOBACCO_MPOWER_R_INFLATIONADJUSTEDPRICES,COUNTRY,LBN,EMR,Eastern Mediterranean,YEAR,2014,TOBACCO_INDICATOR,TOBACCO_INDICATOR_R_afford_inflation_adjusted_price_lcu,,,,,,,210 890,210889.74,,,,2025-08-18T14:33:28Z,2014,2014-01-01,2014-12-31
10025952,TOBACCO_MPOWER_R_INFLATIONADJUSTEDPRICES,COUNTRY,JPN,WPR,Western Pacific,YEAR,2014,TOBACCO_INDICATOR,TOBACCO_INDICATOR_R_afford_inflation_adjusted_price_ppp,,,,,,,5.36,5.36,,,,2025-08-18T14:33:28Z,2014,2014-01-01,2014-12-31
10030166,TOBACCO_MPOWER_R_INFLATIONADJUSTEDPRICES,COUNTRY,NAM,AFR,Africa,YEAR,2010,TOBACCO_INDICATOR,TOBACCO_INDICATOR_R_afford_inflation_adjusted_price_ppp,,,,,,,8.16,8.16,,,,2025-08-18T14:33:28Z,2010,2010-01-01,2010-12-31
10030439,TOBACCO_MPOWER_R_INFLATIONADJUSTEDPRICES,COUNTRY,USA,AMR,Americas,YEAR,2024,TOBACCO_INDICATOR,TOBACCO_INDICATOR_R_afford_inflation_adjusted_price_lcu,,,,,,,8.91,8.91,,,,2025-08-18T14:33:28Z,2024,2024-01-01,2024-12-31
10032517,TOBACCO_MPOWER_R_INFLATIONADJUSTEDPRICES,COUNTRY,BTN,SEAR,South-East Asia,YEAR,2018,TOBACCO_INDICATOR,TOBACCO_INDICATOR_R_afford_inflation_adjusted_price_lcu,,,,,,,. . .,,,,,2025-08-18T14:33:28Z,2018,2018-01-01,2018-12-31
10033978,TOBACCO_MPOWER_R_INFLATIONADJUSTEDPRICES,COUNTRY,LCA,AMR,Americas,YEAR,2024,TOBACCO_INDICATOR,TOBACCO_INDICATOR_R_afford_inflation_adjusted_price_ppp,,,,,,,12.92,12.92,,,,2025-08-18T14:33:28Z,2024,2024-01-01,2024-12-31
10037314,TOBACCO_MPOWER_R_INFLATIONADJUSTEDPRICES,COUNTRY,MDV,SEAR,South-East Asia,YEAR,2016,TOBACCO_INDICATOR,TOBACCO_INDICATOR_R_afford_inflation_adjusted_price_ppp,,,,,,,7.54,7.54,,,,2025-08-18T14:33:28Z,2016,2016-01-01,2016-12-31
10044494,TOBACCO_MPOWER_R_INFLATIONADJUSTEDPRICES,COUNTRY,SWZ,AFR,Africa,YEAR,2008,TOBACCO_INDICATOR,TOBACCO_INDICATOR_R_afford_inflation_adjusted_price_lcu,,,,,,,63.51,63.51,,,,2025-08-18T14:33:28Z,2008,2008-01-01,2008-12-31
10046741,TOBACCO_MPOWER_R_INFLATIONADJUSTEDPRICES,COUNTRY,GNQ,AFR,Africa,YEAR,2016,TOBACCO_INDICATOR,TOBACCO_INDICATOR_R_afford_inflation_adjusted_price_ppp,,,,,,,2.94,2.94,,,,2025-08-18T14:33:28Z,2016,2016-01-01,2016-12-31
10049958,TOBACCO_MPOWER_R_INFLATIONADJUSTEDPRICES,COUNTRY,KNA,AMR,Americas,YEAR,2012,TOBACCO_INDICATOR,TOBACCO_INDICATOR_R_afford_inflation_adjusted_price_ppp,,,,,,,5.18,5.18,,,,2025-08-18T14:33:28Z,2012,2012-01-01,2012-12-31
10051443,TOBACCO_MPOWER_R_INFLATIONADJUSTEDPRICES,COUNTRY,NRU,WPR,Western Pacific,YEAR,2012,TOBACCO_INDICATOR,TOBACCO_INDICATOR_R_afford_inflation_adjusted_price_ppp,,,,,,,. . .,,,,,2025-08-18T14:33:28Z,2012,2012-01-01,2012-12-31
10052445,TOBACCO_MPOWER_R_INFLATIONADJUSTEDPRICES,COUNTRY,ARG,AMR,Americas,YEAR,2020,TOBACCO_INDICATOR,TOBACCO_INDICATOR_R_afford_inflation_adjusted_price_lcu,,,,,,,2694.98,2694.98,,,,2025-08-18T14:33:28Z,2020,2020-01-01,2020-12-31
10053919,TOBACCO_MPOWER_R_INFLATIONADJUSTEDPRICES,COUNTRY,RUS,EUR,Europe,YEAR,2012,TOBACCO_INDICATOR,TOBACCO_INDICATOR_R_afford_inflation_adjusted_price_ppp,,,,,,,3.05,3.05,,,,2025-08-18T14:33:28Z,2012,2012-01-01,2012-12-31
10054116,TOBACCO_MPOWER_R_INFLATIONADJUSTEDPRICES,COUNTRY,AUT,EUR,Europe,YEAR,2018,TOBACCO_INDICATOR,TOBACCO_INDICATOR_R_afford_inflation_adjusted_price_ppp,,,,,,,8.98,8.98,,,,2025-08-18T14:33:28Z,2018,2018-01-01,2018-12-31
10056533,TOBACCO_MPOWER_R_INFLATIONADJUSTEDPRICES,COUNTRY,ZMB,AFR,Africa,YEAR,2022,TOBACCO_INDICATOR,TOBACCO_INDICATOR_R_afford_inflation_adjusted_price_lcu,,,,,,,25.5,25.5,,,,2025-08-18T14:33:28Z,2022,2022-01-01,2022-12-31
10058298,TOBACCO_MPOWER_R_INFLATIONADJUSTEDPRICES,COUNTRY,SMR,EUR,Europe,YEAR,2010,TOBACCO_INDICATOR,TOBACCO_INDICATOR_R_afford_inflation_adjusted_price_lcu,,,,,,,5.12,5.12,,,,2025-08-18T14:33:28Z,2010,2010-01-01,2010-12-31
10060962,TOBACCO_MPOWER_R_INFLATIONADJUSTEDPRICES,COUNTRY,ERI,AFR,Africa,YEAR,2012,TOBACCO_INDICATOR,TOBACCO_INDICATOR_R_afford_inflation_adjusted_price_ppp,,,,,,,8.69,8.69,,,,2025-08-18T14:33:28Z,2012,2012-01-01,2012-12-31
10062770,TOBACCO_MPOWER_R_INFLATIONADJUSTEDPRICES,COUNTRY,PAN,AMR,Americas,YEAR,2016,TOBACCO_INDICATOR,TOBACCO_INDICATOR_R_afford_inflation_adjusted_price_lcu,,,,,,,4.53,4.53,,,,2025-08-18T14:33:28Z,2016,2016-01-01,2016-12-31
10070888,TOBACCO_MPOWER_R_INFLATIONADJUSTEDPRICES,COUNTRY,CAF,AFR,Africa,YEAR,2020,TOBACCO_INDICATOR,TOBACCO_INDICATOR_R_afford_inflation_adjusted_price_lcu,,,,,,,. . .,,,,,2025-08-18T14:33:28Z,2020,2020-01-01,2020-12-31
10073991,TOBACCO_MPOWER_R_INFLATIONADJUSTEDPRICES,COUNTRY,AUT,EUR,Europe,YEAR,2020,TOBACCO_INDICATOR,TOBACCO_INDICATOR_R_afford_inflation_adjusted_price_lcu,,,,,,,7.05,7.05,,,,2025-08-18T14:33:28Z,2020,2020-01-01,2020-12-31
10077848,TOBACCO_MPOWER_R_INFLATIONADJUSTEDPRICES,COUNTRY,TON,WPR,Western Pacific,YEAR,2010,TOBACCO_INDICATOR,TOBACCO_INDICATOR_R_afford_inflation_adjusted_price_lcu,,,,,,,12.34,12.34,,,,2025-08-18T14:33:28Z,2010,2010-01-01,2010-12-31
10082322,TOBACCO_MPOWER_R_INFLATIONADJUSTEDPRICES,COUNTRY,LVA,EUR,Europe,YEAR,2022,TOBACCO_INDICATOR,TOBACCO_INDICATOR_R_afford_inflation_adjusted_price_ppp,,,,,,,8.7,8.7,,,,2025-08-18T14:33:28Z,2022,2022-01-01,2022-12-31
10084654,TOBACCO_MPOWER_R_INFLATIONADJUSTEDPRICES,COUNTRY,PHL,WPR,Western Pacific,YEAR,2022,TOBACCO_INDICATOR,TOBACCO_INDICATOR_R_afford_inflation_adjusted_price_ppp,,,,,,,7.75,7.75,,,,2025-08-18T14:33:28Z,2022,2022-01-01,2022-12-31
10084964,TOBACCO_MPOWER_R_INFLATIONADJUSTEDPRICES,COUNTRY,AND,EUR,Europe,YEAR,2014,TOBACCO_INDICATOR,TOBACCO_INDICATOR_R_afford_inflation_adjusted_price_lcu,,,,,,,4.22,4.22,,,,2025-08-18T14:33:28Z,2014,2014-01-01,2014-12-31
10086156,TOBACCO_MPOWER_R_INFLATIONADJUSTEDPRICES,COUNTRY,GUY,AMR,Americas,YEAR,2018,TOBACCO_INDICATOR,TOBACCO_INDICATOR_R_afford_inflation_adjusted_price_ppp,,,,,,,4.7,4.7,,,,2025-08-18T14:33:28Z,2018,2018-01-01,2018-12-31
10088635,TOBACCO_MPOWER_R_INFLATIONADJUSTEDPRICES,COUNTRY,FRA,EUR,Europe,YEAR,2022,TOBACCO_INDICATOR,TOBACCO_INDICATOR_R_afford_inflation_adjusted_price_lcu,,,,,,,11.35,11.35,,,,2025-08-18T14:33:28Z,2022,2022-01-01,2022-12-31
10090551,TOBACCO_MPOWER_R_INFLATIONADJUSTEDPRICES,COUNTRY,SMR,EUR,Europe,YEAR,2014,TOBACCO_INDICATOR,TOBACCO_INDICATOR_R_afford_inflation_adjusted_price_lcu,,,,,,,5.34,5.34,,,,2025-08-18T14:33:28Z,2014,2014-01-01,2014-12-31
10091818,TOBACCO_MPOWER_R_INFLATIONADJUSTEDPRICES,COUNTRY,CAF,AFR,Africa,YEAR,2020,TOBACCO_INDICATOR,TOBACCO_INDICATOR_R_afford_inflation_adjusted_price_ppp,,,,,,,. . .,,,,,2025-08-18T14:33:28Z,2020,2020-01-01,2020-12-31
10092778,TOBACCO_MPOWER_R_INFLATIONADJUSTEDPRICES,COUNTRY,NOR,EUR,Europe,YEAR,2008,TOBACCO_INDICATOR,TOBACCO_INDICATOR_R_afford_inflation_adjusted_price_lcu,,,,,,,107.84,107.84,,,,2025-08-18T14:33:28Z,2008,2008-01-01,2008-12-31
10092869,TOBACCO_MPOWER_R_INFLATIONADJUSTEDPRICES,COUNTRY,LBY,EMR,Eastern Mediterranean,YEAR,2012,TOBACCO_INDICATOR,TOBACCO_INDICATOR_R_afford_inflation_adjusted_price_lcu,,,,,,,3.47,3.47,,,,2025-08-18T14:33:28Z,2012,2012-01-01,2012-12-31
10101004,TOBACCO_MPOWER_R_INFLATIONADJUSTEDPRICES,COUNTRY,HUN,EUR,Europe,YEAR,2018,TOBACCO_INDICATOR,TOBACCO_INDICATOR_R_afford_inflation_adjusted_price_lcu,,,,,,,1945.79,1945.79,,,,2025-08-18T14:33:28Z,2018,2018-01-01,2018-12-31
10105400,TOBACCO_MPOWER_R_INFLATIONADJUSTEDPRICES,COUNTRY,PRK,SEAR,South-East Asia,YEAR,2024,TOBACCO_INDICATOR,TOBACCO_INDICATOR_R_afford_inflation_adjusted_price_lcu,,,,,,,. . .,,,,,2025-08-18T14:33:28Z,2024,2024-01-01,2024-12-31
10106325,TOBACCO_MPOWER_R_INFLATIONADJUSTEDPRICES,COUNTRY,SYR,EMR,Eastern Mediterranean,YEAR,2022,TOBACCO_INDICATOR,TOBACCO_INDICATOR_R_afford_inflation_adjusted_price_ppp,,,,,,,. . .,,,,,2025-08-18T14:33:28Z,2022,2022-01-01,2022-12-31
10106850,TOBACCO_MPOWER_R_INFLATIONADJUSTEDPRICES,COUNTRY,USA,AMR,Americas,YEAR,2008,TOBACCO_INDICATOR,TOBACCO_INDICATOR_R_afford_inflation_adjusted_price_lcu,,,,,,,6.68,6.68,,,,2025-08-18T14:33:28Z,2008,2008-01-01,2008-12-31
10106965,TOBACCO_MPOWER_R_INFLATIONADJUSTEDPRICES,COUNTRY,COK,WPR,Western Pacific,YEAR,2020,TOBACCO_INDICATOR,TOBACCO_INDICATOR_R_afford_inflation_adjusted_price_ppp,,,,,,,. . .,,,,,2025-08-18T14:33:28Z,2020,2020-01-01,2020-12-31
10107629,TOBACCO_MPOWER_R_INFLATIONADJUSTEDPRICES,COUNTRY,CYP,EUR,Europe,YEAR,2010,TOBACCO_INDICATOR,TOBACCO_INDICATOR_R_afford_inflation_adjusted_price_ppp,,,,,,,5.95,5.95,,,,2025-08-18T14:33:28Z,2010,2010-01-01,2010-12-31
10110076,TOBACCO_MPOWER_R_INFLATIONADJUSTEDPRICES,COUNTRY,RUS,EUR,Europe,YEAR,2014,TOBACCO_INDICATOR,TOBACCO_INDICATOR_R_afford_inflation_adjusted_price_lcu,,,,,,,132.99,132.99,,,,2025-08-18T14:33:28Z,2014,2014-01-01,2014-12-31
10111071,TOBACCO_MPOWER_R_INFLATIONADJUSTEDPRICES,COUNTRY,ISR,EUR,Europe,YEAR,2022,TOBACCO_INDICATOR,TOBACCO_INDICATOR_R_afford_inflation_adjusted_price_ppp,,,,,,,10.79,10.79,,,,2025-08-18T14:33:28Z,2022,2022-01-01,2022-12-31
10116545,TOBACCO_MPOWER_R_INFLATIONADJUSTEDPRICES,COUNTRY,NIU,WPR,Western Pacific,YEAR,2010,TOBACCO_INDICATOR,TOBACCO_INDICATOR_R_afford_inflation_adjusted_price_lcu,,,,,,,. . .,,,,,2025-08-18T14:33:28Z,2010,2010-01-01,2010-12-31
10116692,TOBACCO_MPOWER_R_INFLATIONADJUSTEDPRICES,COUNTRY,MCO,EUR,Europe,YEAR,2022,TOBACCO_INDICATOR,TOBACCO_INDICATOR_R_afford_inflation_adjusted_price_ppp,,,,,,,. . .,,,,,2025-08-18T14:33:28Z,2022,2022-01-01,2022-12-31
10118088,TOBACCO_MPOWER_R_INFLATIONADJUSTEDPRICES,COUNTRY,MAR,EMR,Eastern Mediterranean,YEAR,2022,TOBACCO_INDICATOR,TOBACCO_INDICATOR_R_afford_inflation_adjusted_price_ppp,,,,,,,7.09,7.09,,,,2025-08-18T14:33:28Z,2022,2022-01-01,2022-12-31
10118132,TOBACCO_MPOWER_R_INFLATIONADJUSTEDPRICES,COUNTRY,MUS,AFR,Africa,YEAR,2022,TOBACCO_INDICATOR,TOBACCO_INDICATOR_R_afford_inflation_adjusted_price_lcu,,,,,,,210.71,210.71,,,,2025-08-18T14:33:28Z,2022,2022-01-01,2022-12-31
10121684,TOBACCO_MPOWER_R_INFLATIONADJUSTEDPRICES,COUNTRY,YEM,EMR,Eastern Mediterranean,YEAR,2020,TOBACCO_INDICATOR,TOBACCO_INDICATOR_R_afford_inflation_adjusted_price_lcu,,,,,,,1379.79,1379.79,,,,2025-08-18T14:33:28Z,2020,2020-01-01,2020-12-31
10130816,TOBACCO_MPOWER_R_INFLATIONADJUSTEDPRICES,COUNTRY,BHS,AMR,Americas,YEAR,2024,TOBACCO_INDICATOR,TOBACCO_INDICATOR_R_afford_inflation_adjusted_price_lcu,,,,,,,13,13,,,,2025-08-18T14:33:28Z,2024,2024-01-01,2024-12-31
10137225,TOBACCO_MPOWER_R_INFLATIONADJUSTEDPRICES,COUNTRY,IND,SEAR,South-East Asia,YEAR,2012,TOBACCO_INDICATOR,TOBACCO_INDICATOR_R_afford_inflation_adjusted_price_ppp,,,,,,,7.35,7.35,,,,2025-08-18T14:33:28Z,2012,2012-01-01,2012-12-31
10137789,TOBACCO_MPOWER_R_INFLATIONADJUSTEDPRICES,COUNTRY,BRN,WPR,Western Pacific,YEAR,2022,TOBACCO_INDICATOR,TOBACCO_INDICATOR_R_afford_inflation_adjusted_price_ppp,,,,,,,. . .,,,,,2025-08-18T14:33:28Z,2022,2022-01-01,2022-12-31
10137961,TOBACCO_MPOWER_R_INFLATIONADJUSTEDPRICES,COUNTRY,EST,EUR,Europe,YEAR,2022,TOBACCO_INDICATOR,TOBACCO_INDICATOR_R_afford_inflation_adjusted_price_lcu,,,,,,,4.98,4.98,,,,2025-08-18T14:33:28Z,2022,2022-01-01,2022-12-31
10138630,TOBACCO_MPOWER_R_INFLATIONADJUSTEDPRICES,COUNTRY,MDA,EUR,Europe,YEAR,2022,TOBACCO_INDICATOR,TOBACCO_INDICATOR_R_afford_inflation_adjusted_price_lcu,,,,,,,47.5,47.5,,,,2025-08-18T14:33:28Z,2022,2022-01-01,2022-12-31
10140262,TOBACCO_MPOWER_R_INFLATIONADJUSTEDPRICES,COUNTRY,NGA,AFR,Africa,YEAR,2024,TOBACCO_INDICATOR,TOBACCO_INDICATOR_R_afford_inflation_adjusted_price_ppp,,,,,,,4.32,4.32,,,,2025-08-18T14:33:28Z,2024,2024-01-01,2024-12-31
10143422,TOBACCO_MPOWER_R_INFLATIONADJUSTEDPRICES,COUNTRY,MCO,EUR,Europe,YEAR,2022,TOBACCO_INDICATOR,TOBACCO_INDICATOR_R_afford_inflation_adjusted_price_lcu,,,,,,,. . .,,,,,2025-08-18T14:33:28Z,2022,2022-01-01,2022-12-31
10144087,TOBACCO_MPOWER_R_INFLATIONADJUSTEDPRICES,COUNTRY,KIR,WPR,Western Pacific,YEAR,2022,TOBACCO_INDICATOR,TOBACCO_INDICATOR_R_afford_inflation_adjusted_price_lcu,,,,,,,5.6,5.6,,,,2025-08-18T14:33:28Z,2022,2022-01-01,2022-12-31
10145806,TOBACCO_MPOWER_R_INFLATIONADJUSTEDPRICES,COUNTRY,MLT,EUR,Europe,YEAR,2008,TOBACCO_INDICATOR,TOBACCO_INDICATOR_R_afford_inflation_adjusted_price_lcu,,,,,,,5,5,,,,2025-08-18T14:33:28Z,2008,2008-01-01,2008-12-31
10147381,TOBACCO_MPOWER_R_INFLATIONADJUSTEDPRICES,COUNTRY,CZE,EUR,Europe,YEAR,2022,TOBACCO_INDICATOR,TOBACCO_INDICATOR_R_afford_inflation_adjusted_price_ppp,,,,,,,11.7,11.7,,,,2025-08-18T14:33:28Z,2022,2022-01-01,2022-12-31
10160322,TOBACCO_MPOWER_R_INFLATIONADJUSTEDPRICES,COUNTRY,FSM,WPR,Western Pacific,YEAR,2020,TOBACCO_INDICATOR,TOBACCO_INDICATOR_R_afford_inflation_adjusted_price_ppp,,,,,,,4.4,4.4,,,,2025-08-18T14:33:28Z,2020,2020-01-01,2020-12-31
10162130,TOBACCO_MPOWER_R_INFLATIONADJUSTEDPRICES,COUNTRY,PHL,WPR,Western Pacific,YEAR,2016,TOBACCO_INDICATOR,TOBACCO_INDICATOR_R_afford_inflation_adjusted_price_lcu,,,,,,,55.33,55.33,,,,2025-08-18T14:33:28Z,2016,2016-01-01,2016-12-31
10164725,TOBACCO_MPOWER_R_INFLATIONADJUSTEDPRICES,COUNTRY,LKA,SEAR,South-East Asia,YEAR,2018,TOBACCO_INDICATOR,TOBACCO_INDICATOR_R_afford_inflation_adjusted_price_lcu,,,,,,,2193.42,2193.42,,,,2025-08-18T14:33:28Z,2018,2018-01-01,2018-12-31
10169860,TOBACCO_MPOWER_R_INFLATIONADJUSTEDPRICES,COUNTRY,TLS,SEAR,South-East Asia,YEAR,2018,TOBACCO_INDICATOR,TOBACCO_INDICATOR_R_afford_inflation_adjusted_price_lcu,,,,,,,2.49,2.49,,,,2025-08-18T14:33:28Z,2018,2018-01-01,2018-12-31
10173002,TOBACCO_MPOWER_R_INFLATIONADJUSTEDPRICES,COUNTRY,KEN,AFR,Africa,YEAR,2024,TOBACCO_INDICATOR,TOBACCO_INDICATOR_R_afford_inflation_adjusted_price_lcu,,,,,,,400,400,,,,2025-08-18T14:33:28Z,2024,2024-01-01,2024-12-31
10174527,TOBACCO_MPOWER_R_INFLATIONADJUSTEDPRICES,COUNTRY,MYS,WPR,Western Pacific,YEAR,2022,TOBACCO_INDICATOR,TOBACCO_INDICATOR_R_afford_inflation_adjusted_price_ppp,,,,,,,12.39,12.39,,,,2025-08-18T14:33:28Z,2022,2022-01-01,2022-12-31
10174814,TOBACCO_MPOWER_R_INFLATIONADJUSTEDPRICES,COUNTRY,PRY,AMR,Americas,YEAR,2008,TOBACCO_INDICATOR,TOBACCO_INDICATOR_R_afford_inflation_adjusted_price_lcu,,,,,,,1963.51,1963.51,,,,2025-08-18T14:33:28Z,2008,2008-01-01,2008-12-31
10175761,TOBACCO_MPOWER_R_INFLATIONADJUSTEDPRICES,COUNTRY,IRQ,EMR,Eastern Mediterranean,YEAR,2014,TOBACCO_INDICATOR,TOBACCO_INDICATOR_R_afford_inflation_adjusted_price_ppp,,,,,,,0.81,0.81,,,,2025-08-18T14:33:28Z,2014,2014-01-01,2014-12-31
10176534,TOBACCO_MPOWER_R_INFLATIONADJUSTEDPRICES,COUNTRY,BLR,EUR,Europe,YEAR,2010,TOBACCO_INDICATOR,TOBACCO_INDICATOR_R_afford_inflation_adjusted_price_lcu,,,,,,,0.86,0.86,,,,2025-08-18T14:33:28Z,2010,2010-01-01,2010-12-31
10177026,TOBACCO_MPOWER_R_INFLATIONADJUSTEDPRICES,COUNTRY,FJI,WPR,Western Pacific,YEAR,2022,TOBACCO_INDICATOR,TOBACCO_INDICATOR_R_afford_inflation_adjusted_price_lcu,,,,,,,19.24,19.24,,,,2025-08-18T14:33:28Z,2022,2022-01-01,2022-12-31
10177083,TOBACCO_MPOWER_R_INFLATIONADJUSTEDPRICES,COUNTRY,IND,SEAR,South-East Asia,YEAR,2016,TOBACCO_INDICATOR,TOBACCO_INDICATOR_R_afford_inflation_adjusted_price_lcu,,,,,,,233.61,233.61,,,,2025-08-18T14:33:28Z,2016,2016-01-01,2016-12-31
10180791,TOBACCO_MPOWER_R_INFLATIONADJUSTEDPRICES,COUNTRY,PRK,SEAR,South-East Asia,YEAR,2018,TOBACCO_INDICATOR,TOBACCO_INDICATOR_R_afford_inflation_adjusted_price_lcu,,,,,,,. . .,,,,,2025-08-18T14:33:28Z,2018,2018-01-01,2018-12-31
10181999,TOBACCO_MPOWER_R_INFLATIONADJUSTEDPRICES,COUNTRY,CHN,WPR,Western Pacific,YEAR,2020,TOBACCO_INDICATOR,TOBACCO_INDICATOR_R_afford_inflation_adjusted_price_lcu,,,,,,,15.89,15.89,,,,2025-08-18T14:33:28Z,2020,2020-01-01,2020-12-31
10183045,TOBACCO_MPOWER_R_INFLATIONADJUSTEDPRICES,COUNTRY,BRN,WPR,Western Pacific,YEAR,2008,TOBACCO_INDICATOR,TOBACCO_INDICATOR_R_afford_inflation_adjusted_price_lcu,,,,,,,2.42,2.42,,,,2025-08-18T14:33:28Z,2008,2008-01-01,2008-12-31
10185415,TOBACCO_MPOWER_R_INFLATIONADJUSTEDPRICES,COUNTRY,BHS,AMR,Americas,YEAR,2008,TOBACCO_INDICATOR,TOBACCO_INDICATOR_R_afford_inflation_adjusted_price_ppp,,,,,,,4.2,4.2,,,,2025-08-18T14:33:28Z,2008,2008-01-01,2008-12-31
10188131,TOBACCO_MPOWER_R_INFLATIONADJUSTEDPRICES,COUNTRY,BGD,SEAR,South-East Asia,YEAR,2014,TOBACCO_INDICATOR,TOBACCO_INDICATOR_R_afford_inflation_adjusted_price_lcu,,,,,,,56.33,56.33,,,,2025-08-18T14:33:28Z,2014,2014-01-01,2014-12-31
10190092,TOBACCO_MPOWER_R_INFLATIONADJUSTEDPRICES,COUNTRY,IRN,EMR,Eastern Mediterranean,YEAR,2018,TOBACCO_INDICATOR,TOBACCO_INDICATOR_R_afford_inflation_adjusted_price_lcu,,,,,,,315 492,315492.29,,,,2025-08-18T14:33:28Z,2018,2018-01-01,2018-12-31
10190162,TOBACCO_MPOWER_R_INFLATIONADJUSTEDPRICES,COUNTRY,MCO,EUR,Europe,YEAR,2010,TOBACCO_INDICATOR,TOBACCO_INDICATOR_R_afford_inflation_adjusted_price_ppp,,,,,,,. . .,,,,,2025-08-18T14:33:28Z,2010,2010-01-01,2010-12-31
10190393,TOBACCO_MPOWER_R_INFLATIONADJUSTEDPRICES,COUNTRY,TON,WPR,Western Pacific,YEAR,2020,TOBACCO_INDICATOR,TOBACCO_INDICATOR_R_afford_inflation_adjusted_price_lcu,,,,,,,29.2,29.2,,,,2025-08-18T14:33:28Z,2020,2020-01-01,2020-12-31
10193517,TOBACCO_MPOWER_R_INFLATIONADJUSTEDPRICES,COUNTRY,DEU,EUR,Europe,YEAR,2014,TOBACCO_INDICATOR,TOBACCO_INDICATOR_R_afford_inflation_adjusted_price_lcu,,,,,,,7.11,7.11,,,,2025-08-18T14:33:28Z,2014,2014-01-01,2014-12-31
10198460,TOBACCO_MPOWER_R_INFLATIONADJUSTEDPRICES,COUNTRY,PNG,WPR,Western Pacific,YEAR,2008,TOBACCO_INDICATOR,TOBACCO_INDICATOR_R_afford_inflation_adjusted_price_lcu,,,,,,,18.73,18.73,,,,2025-08-18T14:33:28Z,2008,2008-01-01,2008-12-31
10201524,TOBACCO_MPOWER_R_INFLATIONADJUSTEDPRICES,COUNTRY,NLD,EUR,Europe,YEAR,2018,TOBACCO_INDICATOR,TOBACCO_INDICATOR_R_afford_inflation_adjusted_price_ppp,,,,,,,11.26,11.26,,,,2025-08-18T14:33:28Z,2018,2018-01-01,2018-12-31
10202997,TOBACCO_MPOWER_R_INFLATIONADJUSTEDPRICES,COUNTRY,NPL,SEAR,South-East Asia,YEAR,2008,TOBACCO_INDICATOR,TOBACCO_INDICATOR_R_afford_inflation_adjusted_price_ppp,,,,,,,6.11,6.11,,,,2025-08-18T14:33:28Z,2008,2008-01-01,2008-12-31
10204589,TOBACCO_MPOWER_R_INFLATIONADJUSTEDPRICES,COUNTRY,MDV,SEAR,South-East Asia,YEAR,2022,TOBACCO_INDICATOR,TOBACCO_INDICATOR_R_afford_inflation_adjusted_price_lcu,,,,,,,104.09,104.09,,,,2025-08-18T14:33:28Z,2022,2022-01-01,2022-12-31
10205654,TOBACCO_MPOWER_R_INFLATIONADJUSTEDPRICES,COUNTRY,MMR,SEAR,South-East Asia,YEAR,2016,TOBACCO_INDICATOR,TOBACCO_INDICATOR_R_afford_inflation_adjusted_price_lcu,,,,,,,2356.28,2356.28,,,,2025-08-18T14:33:28Z,2016,2016-01-01,2016-12-31
10210726,TOBACCO_MPOWER_R_INFLATIONADJUSTEDPRICES,COUNTRY,MNE,EUR,Europe,YEAR,2020,TOBACCO_INDICATOR,TOBACCO_INDICATOR_R_afford_inflation_adjusted_price_ppp,,,,,,,9.06,9.06,,,,2025-08-18T14:33:28Z,2020,2020-01-01,2020-12-31
10213195,TOBACCO_MPOWER_R_INFLATIONADJUSTEDPRICES,COUNTRY,AZE,EUR,Europe,YEAR,2018,TOBACCO_INDICATOR,TOBACCO_INDICATOR_R_afford_inflation_adjusted_price_lcu,,,,,,,1.71,1.71,,,,2025-08-18T14:33:28Z,2018,2018-01-01,2018-12-31
10213238,TOBACCO_MPOWER_R_INFLATIONADJUSTEDPRICES,COUNTRY,LAO,WPR,Western Pacific,YEAR,2024,TOBACCO_INDICATOR,TOBACCO_INDICATOR_R_afford_inflation_adjusted_price_lcu,,,,,,,10 000,10000,,,,2025-08-18T14:33:28Z,2024,2024-01-01,2024-12-31
10215087,TOBACCO_MPOWER_R_INFLATIONADJUSTEDPRICES,COUNTRY,JPN,WPR,Western Pacific,YEAR,2016,TOBACCO_INDICATOR,TOBACCO_INDICATOR_R_afford_inflation_adjusted_price_ppp,,,,,,,5.37,5.37,,,,2025-08-18T14:33:28Z,2016,2016-01-01,2016-12-31
10217952,TOBACCO_MPOWER_R_INFLATIONADJUSTEDPRICES,COUNTRY,VUT,WPR,Western Pacific,YEAR,2024,TOBACCO_INDICATOR,TOBACCO_INDICATOR_R_afford_inflation_adjusted_price_ppp,,,,,,,7.4,7.4,,,,2025-08-18T14:33:28Z,2024,2024-01-01,2024-12-31
10219788,TOBACCO_MPOWER_R_INFLATIONADJUSTEDPRICES,COUNTRY,MYS,WPR,Western Pacific,YEAR,2010,TOBACCO_INDICATOR,TOBACCO_INDICATOR_R_afford_inflation_adjusted_price_lcu,,,,,,,13.28,13.28,,,,2025-08-18T14:33:28Z,2010,2010-01-01,2010-12-31
10220567,TOBACCO_MPOWER_R_INFLATIONADJUSTEDPRICES,COUNTRY,IRQ,EMR,Eastern Mediterranean,YEAR,2018,TOBACCO_INDICATOR,TOBACCO_INDICATOR_R_afford_inflation_adjusted_price_ppp,,,,,,,1.13,1.13,,,,2025-08-18T14:33:28Z,2018,2018-01-01,2018-12-31
10220751,TOBACCO_MPOWER_R_INFLATIONADJUSTEDPRICES,COUNTRY,BHR,EMR,Eastern Mediterranean,YEAR,2014,TOBACCO_INDICATOR,TOBACCO_INDICATOR_R_afford_inflation_adjusted_price_lcu,,,,,,,1.11,1.11,,,,2025-08-18T14:33:28Z,2014,2014-01-01,2014-12-31
10221043,TOBACCO_MPOWER_R_INFLATIONADJUSTEDPRICES,COUNTRY,MLI,AFR,Africa,YEAR,2022,TOBACCO_INDICATOR,TOBACCO_INDICATOR_R_afford_inflation_adjusted_price_lcu,,,,,,,842.77,842.77,,,,2025-08-18T14:33:28Z,2022,2022-01-01,2022-12-31
10226842,TOBACCO_MPOWER_R_INFLATIONADJUSTEDPRICES,COUNTRY,UZB,EUR,Europe,YEAR,2012,TOBACCO_INDICATOR,TOBACCO_INDICATOR_R_afford_inflation_adjusted_price_ppp,,,,,,,3.1,3.1,,,,2025-08-18T14:33:28Z,2012,2012-01-01,2012-12-31
10228109,TOBACCO_MPOWER_R_INFLATIONADJUSTEDPRICES,COUNTRY,OMN,EMR,Eastern Mediterranean,YEAR,2012,TOBACCO_INDICATOR,TOBACCO_INDICATOR_R_afford_inflation_adjusted_price_lcu,,,,,,,1.01,1.01,,,,2025-08-18T14:33:28Z,2012,2012-01-01,2012-12-31
10228521,TOBACCO_MPOWER_R_INFLATIONADJUSTEDPRICES,COUNTRY,COD,AFR,Africa,YEAR,2012,TOBACCO_INDICATOR,TOBACCO_INDICATOR_R_afford_inflation_adjusted_price_lcu,,,,,,,2736.37,2736.37,,,,2025-08-18T14:33:28Z,2012,2012-01-01,2012-12-31
10232011,TOBACCO_MPOWER_R_INFLATIONADJUSTEDPRICES,COUNTRY,GNB,AFR,Africa,YEAR,2016,TOBACCO_INDICATOR,TOBACCO_INDICATOR_R_afford_inflation_adjusted_price_lcu,,,,,,,631.37,631.37,,,,2025-08-18T14:33:28Z,2016,2016-01-01,2016-12-31
10239720,TOBACCO_MPOWER_R_INFLATIONADJUSTEDPRICES,COUNTRY,MNE,EUR,Europe,YEAR,2010,TOBACCO_INDICATOR,TOBACCO_INDICATOR_R_afford_inflation_adjusted_price_ppp,,,,,,,2.78,2.78,,,,2025-08-18T14:33:28Z,2010,2010-01-01,2010-12-31
10240292,TOBACCO_MPOWER_R_INFLATIONADJUSTEDPRICES,COUNTRY,KWT,EMR,Eastern Mediterranean,YEAR,2014,TOBACCO_INDICATOR,TOBACCO_INDICATOR_R_afford_inflation_adjusted_price_lcu,,,,,,,0.96,0.96,,,,2025-08-18T14:33:28Z,2014,2014-01-01,2014-12-31
10241306,TOBACCO_MPOWER_R_INFLATIONADJUSTEDPRICES,COUNTRY,PNG,WPR,Western Pacific,YEAR,2008,TOBACCO_INDICATOR,TOBACCO_INDICATOR_R_afford_inflation_adjusted_price_ppp,,,,,,,6.72,6.72,,,,2025-08-18T14:33:28Z,2008,2008-01-01,2008-12-31
10247661,TOBACCO_MPOWER_R_INFLATIONADJUSTEDPRICES,COUNTRY,IDN,WPR,Western Pacific,YEAR,2010,TOBACCO_INDICATOR,TOBACCO_INDICATOR_R_afford_inflation_adjusted_price_lcu,,,,,,,22 625,22624.55,,,,2025-08-18T14:33:28Z,2010,2010-01-01,2010-12-31
10253256,TOBACCO_MPOWER_R_INFLATIONADJUSTEDPRICES,COUNTRY,PAN,AMR,Americas,YEAR,2018,TOBACCO_INDICATOR,TOBACCO_INDICATOR_R_afford_inflation_adjusted_price_ppp,,,,,,,11.29,11.29,,,,2025-08-18T14:33:28Z,2018,2018-01-01,2018-12-31
10253534,TOBACCO_MPOWER_R_INFLATIONADJUSTEDPRICES,COUNTRY,AUS,WPR,Western Pacific,YEAR,2016,TOBACCO_INDICATOR,TOBACCO_INDICATOR_R_afford_inflation_adjusted_price_lcu,,,,,,,26.73,26.73,,,,2025-08-18T14:33:28Z,2016,2016-01-01,2016-12-31
10254121,TOBACCO_MPOWER_R_INFLATIONADJUSTEDPRICES,COUNTRY,CIV,AFR,Africa,YEAR,2012,TOBACCO_INDICATOR,TOBACCO_INDICATOR_R_afford_inflation_adjusted_price_lcu,,,,,,,908.26,908.26,,,,2025-08-18T14:33:28Z,2012,2012-01-01,2012-12-31
10254780,TOBACCO_MPOWER_R_INFLATIONADJUSTEDPRICES,COUNTRY,TTO,AMR,Americas,YEAR,2010,TOBACCO_INDICATOR,TOBACCO_INDICATOR_R_afford_inflation_adjusted_price_lcu,,,,,,,26.17,26.17,,,,2025-08-18T14:33:28Z,2010,2010-01-01,2010-12-31
10255934,TOBACCO_MPOWER_R_INFLATIONADJUSTEDPRICES,COUNTRY,SMR,EUR,Europe,YEAR,2024,TOBACCO_INDICATOR,TOBACCO_INDICATOR_R_afford_inflation_adjusted_price_ppp,,,,,,,8.37,8.37,,,,2025-08-18T14:33:28Z,2024,2024-01-01,2024-12-31
10256029,TOBACCO_MPOWER_R_INFLATIONADJUSTEDPRICES,COUNTRY,BHR,EMR,Eastern Mediterranean,YEAR,2014,TOBACCO_INDICATOR,TOBACCO_INDICATOR_R_afford_inflation_adjusted_price_ppp,,,,,,,6.59,6.59,,,,2025-08-18T14:33:28Z,2014,2014-01-01,2014-12-31
10259892,TOBACCO_MPOWER_R_INFLATIONADJUSTEDPRICES,COUNTRY,PAK,EMR,Eastern Mediterranean,YEAR,2016,TOBACCO_INDICATOR,TOBACCO_INDICATOR_R_afford_inflation_adjusted_price_lcu,,,,,,,169.25,169.25,,,,2025-08-18T14:33:28Z,2016,2016-01-01,2016-12-31
10260849,TOBACCO_MPOWER_R_INFLATIONADJUSTEDPRICES,COUNTRY,LBR,AFR,Africa,YEAR,2010,TOBACCO_INDICATOR,TOBACCO_INDICATOR_R_afford_inflation_adjusted_price_ppp,,,,,,,2.77,2.77,,,,2025-08-18T14:33:28Z,2010,2010-01-01,2010-12-31
10265021,TOBACCO_MPOWER_R_INFLATIONADJUSTEDPRICES,COUNTRY,LKA,SEAR,South-East Asia,YEAR,2010,TOBACCO_INDICATOR,TOBACCO_INDICATOR_R_afford_inflation_adjusted_price_lcu,,,,,,,1128.77,1128.77,,,,2025-08-18T14:33:28Z,2010,2010-01-01,2010-12-31
10270050,TOBACCO_MPOWER_R_INFLATIONADJUSTEDPRICES,COUNTRY,QAT,EMR,Eastern Mediterranean,YEAR,2020,TOBACCO_INDICATOR,TOBACCO_INDICATOR_R_afford_inflation_adjusted_price_lcu,,,,,,,24.61,24.61,,,,2025-08-18T14:33:28Z,2020,2020-01-01,2020-12-31
10271407,TOBACCO_MPOWER_R_INFLATIONADJUSTEDPRICES,COUNTRY,GUY,AMR,Americas,YEAR,2010,TOBACCO_INDICATOR,TOBACCO_INDICATOR_R_afford_inflation_adjusted_price_lcu,,,,,,,413.45,413.45,,,,2025-08-18T14:33:28Z,2010,2010-01-01,2010-12-31
10272450,TOBACCO_MPOWER_R_INFLATIONADJUSTEDPRICES,COUNTRY,HTI,AMR,Americas,YEAR,2018,TOBACCO_INDICATOR,TOBACCO_INDICATOR_R_afford_inflation_adjusted_price_lcu,,,,,,,. . .,,,,,2025-08-18T14:33:28Z,2018,2018-01-01,2018-12-31
