Id,IndicatorCode,SpatialDimension,SpatialDimensionValueCode,ParentLocationCode,ParentLocation,TimeDimension,TimeDim,DisaggregatingDimension1,DisaggregatingDimension1ValueCode,DisaggregatingDimension2,DisaggregatingDimension2ValueCode,DisaggregatingDimension3,DisaggregatingDimension3ValueCode,DataSourceDimension,DataSourceDimensionValueCode,Value,NumericValue,Low,High,Comments,Date,TimeDimensionValue,TimeDimensionBegin,TimeDimensionEnd
2948116,TOBACCO_MPOWER_R_TAXREVENUEPREVIOUS,COUNTRY,MDG,AFR,Africa,YEAR,2024,TOBACCO_INDICATOR,TOBACCO_INDICATOR_Rev_VAT_prev,,,,,,,. . .,,,,,2025-08-12T08:52:39Z,2024,2024-01-01,2024-12-31
2949180,TOBACCO_MPOWER_R_TAXREVENUEPREVIOUS,COUNTRY,SRB,EUR,Europe,YEAR,2024,TOBACCO_INDICATOR,TOBACCO_INDICATOR_Rev_year_prev,,,,,,,2019,,,,,2025-08-12T15:11:05Z,2024,2024-01-01,2024-12-31
2961829,TOBACCO_MPOWER_R_TAXREVENUEPREVIOUS,COUNTRY,NIC,AMR,Americas,YEAR,2024,TOBACCO_INDICATOR,TOBACCO_INDICATOR_Rev_year_prev,,,,,,,. . .,,,,,2025-08-12T08:52:39Z,2024,2024-01-01,2024-12-31
2961908,TOBACCO_MPOWER_R_TAXREVENUEPREVIOUS,COUNTRY,SOM,EMR,Eastern Mediterranean,YEAR,2024,TOBACCO_INDICATOR,TOBACCO_INDICATOR_Rev_govt_total_prev,,,,,,,135 943,135943,,,,2025-08-12T08:52:39Z,2024,2024-01-01,2024-12-31
2971497,TOBACCO_MPOWER_R_TAXREVENUEPREVIOUS,COUNTRY,LTU,EUR,Europe,YEAR,2024,TOBACCO_INDICATOR,TOBACCO_INDICATOR_Rev_import_prev,,,,,,,. . .,,,,,2025-08-12T08:52:39Z,2024,2024-01-01,2024-12-31
2980351,TOBACCO_MPOWER_R_TAXREVENUEPREVIOUS,COUNTRY,MDA,EUR,Europe,YEAR,2024,TOBACCO_INDICATOR,TOBACCO_INDICATOR_Rev_type_prev,,,,,,,All Tobacco products,,,,,2025-08-12T08:52:39Z,2024,2024-01-01,2024-12-31
2990106,TOBACCO_MPOWER_R_TAXREVENUEPREVIOUS,COUNTRY,BHS,AMR,Americas,YEAR,2024,TOBACCO_INDICATOR,TOBACCO_INDICATOR_Rev_type_prev,,,,,,,All Tobacco products,,,,,2025-08-12T08:52:39Z,2024,2024-01-01,2024-12-31
2990894,TOBACCO_MPOWER_R_TAXREVENUEPREVIOUS,COUNTRY,TUV,WPR,Western Pacific,YEAR,2024,TOBACCO_INDICATOR,TOBACCO_INDICATOR_Rev_govt_total_prev,,,,,,,1 110 731,1110731.44,,,,2025-08-12T08:52:39Z,2024,2024-01-01,2024-12-31
2991050,TOBACCO_MPOWER_R_TAXREVENUEPREVIOUS,COUNTRY,NAM,AFR,Africa,YEAR,2024,TOBACCO_INDICATOR,TOBACCO_INDICATOR_Rev_import_prev,,,,,,,3 450 702 543,3450702543.4700003,,,,2025-08-12T15:11:05Z,2024,2024-01-01,2024-12-31
2995453,TOBACCO_MPOWER_R_TAXREVENUEPREVIOUS,COUNTRY,OMN,EMR,Eastern Mediterranean,YEAR,2024,TOBACCO_INDICATOR,TOBACCO_INDICATOR_Rev_import_prev,,,,,,,6 004 329,6004329,,,,2025-08-12T08:52:39Z,2024,2024-01-01,2024-12-31
3001607,TOBACCO_MPOWER_R_TAXREVENUEPREVIOUS,COUNTRY,PRT,EUR,Europe,YEAR,2024,TOBACCO_INDICATOR,TOBACCO_INDICATOR_Rev_VAT_prev,,,,,,,. . .,,,,,2025-08-12T08:52:39Z,2024,2024-01-01,2024-12-31
3009307,TOBACCO_MPOWER_R_TAXREVENUEPREVIOUS,COUNTRY,ESP,EUR,Europe,YEAR,2024,TOBACCO_INDICATOR,TOBACCO_INDICATOR_Rev_year_prev,,,,,,,2022,,,,,2025-08-12T15:11:05Z,2024,2024-01-01,2024-12-31
3009986,TOBACCO_MPOWER_R_TAXREVENUEPREVIOUS,COUNTRY,TUR,EUR,Europe,YEAR,2024,TOBACCO_INDICATOR,TOBACCO_INDICATOR_Rev_excise_prev,,,,,,,101 275 219 000,101275219000,,,,2025-08-12T15:11:05Z,2024,2024-01-01,2024-12-31
3010422,TOBACCO_MPOWER_R_TAXREVENUEPREVIOUS,COUNTRY,VNM,WPR,Western Pacific,YEAR,2024,TOBACCO_INDICATOR,TOBACCO_INDICATOR_Rev_govt_total_prev,,,,,,,. . .,,,,,2025-08-12T08:52:39Z,2024,2024-01-01,2024-12-31
3022137,TOBACCO_MPOWER_R_TAXREVENUEPREVIOUS,COUNTRY,BLZ,AMR,Americas,YEAR,2024,TOBACCO_INDICATOR,TOBACCO_INDICATOR_Rev_year_prev,,,,,,,2022,,,,,2025-08-12T15:11:05Z,2024,2024-01-01,2024-12-31
3037141,TOBACCO_MPOWER_R_TAXREVENUEPREVIOUS,COUNTRY,LTU,EUR,Europe,YEAR,2024,TOBACCO_INDICATOR,TOBACCO_INDICATOR_Rev_govt_total_prev,,,,,,,. . .,,,,,2025-08-12T08:52:39Z,2024,2024-01-01,2024-12-31
3046970,TOBACCO_MPOWER_R_TAXREVENUEPREVIOUS,COUNTRY,HND,AMR,Americas,YEAR,2024,TOBACCO_INDICATOR,TOBACCO_INDICATOR_Rev_other_prev,,,,,,,0,0,,,,2025-08-12T08:52:39Z,2024,2024-01-01,2024-12-31
3048553,TOBACCO_MPOWER_R_TAXREVENUEPREVIOUS,COUNTRY,NRU,WPR,Western Pacific,YEAR,2024,TOBACCO_INDICATOR,TOBACCO_INDICATOR_Rev_excise_prev,,,,,,,—,,,,,2025-08-12T08:52:39Z,2024,2024-01-01,2024-12-31
3053711,TOBACCO_MPOWER_R_TAXREVENUEPREVIOUS,COUNTRY,SDN,EMR,Eastern Mediterranean,YEAR,2024,TOBACCO_INDICATOR,TOBACCO_INDICATOR_Rev_year_prev,,,,,,,2017,,,,,2025-08-12T15:11:05Z,2024,2024-01-01,2024-12-31
3062891,TOBACCO_MPOWER_R_TAXREVENUEPREVIOUS,COUNTRY,NLD,EUR,Europe,YEAR,2024,TOBACCO_INDICATOR,TOBACCO_INDICATOR_Rev_year_prev,,,,,,,2022,,,,,2025-08-12T15:11:05Z,2024,2024-01-01,2024-12-31
3064050,TOBACCO_MPOWER_R_TAXREVENUEPREVIOUS,COUNTRY,CAN,AMR,Americas,YEAR,2024,TOBACCO_INDICATOR,TOBACCO_INDICATOR_Rev_VAT_prev,,,,,,,. . .,,,,,2025-08-12T08:52:39Z,2024,2024-01-01,2024-12-31
3075401,TOBACCO_MPOWER_R_TAXREVENUEPREVIOUS,COUNTRY,BWA,AFR,Africa,YEAR,2024,TOBACCO_INDICATOR,TOBACCO_INDICATOR_Rev_excise_prev,,,,,,,86 642,86641.5,,,,2025-08-12T08:52:39Z,2024,2024-01-01,2024-12-31
3075403,TOBACCO_MPOWER_R_TAXREVENUEPREVIOUS,COUNTRY,DEU,EUR,Europe,YEAR,2024,TOBACCO_INDICATOR,TOBACCO_INDICATOR_Rev_VAT_prev,,,,,,,. . .,,,,,2025-08-12T08:52:39Z,2024,2024-01-01,2024-12-31
3082818,TOBACCO_MPOWER_R_TAXREVENUEPREVIOUS,COUNTRY,IDN,WPR,Western Pacific,YEAR,2024,TOBACCO_INDICATOR,TOBACCO_INDICATOR_Rev_type_prev,,,,,,,Cigarettes only,,,,,2025-08-12T08:52:39Z,2024,2024-01-01,2024-12-31
3088468,TOBACCO_MPOWER_R_TAXREVENUEPREVIOUS,COUNTRY,BOL,AMR,Americas,YEAR,2024,TOBACCO_INDICATOR,TOBACCO_INDICATOR_Rev_excise_prev,,,,,,,244 297 606,244297606,,,,2025-08-12T08:52:39Z,2024,2024-01-01,2024-12-31
3093613,TOBACCO_MPOWER_R_TAXREVENUEPREVIOUS,COUNTRY,TUR,EUR,Europe,YEAR,2024,TOBACCO_INDICATOR,TOBACCO_INDICATOR_Rev_VAT_prev,,,,,,,. . .,,,,,2025-08-12T08:52:39Z,2024,2024-01-01,2024-12-31
3094736,TOBACCO_MPOWER_R_TAXREVENUEPREVIOUS,COUNTRY,BIH,EUR,Europe,YEAR,2024,TOBACCO_INDICATOR,TOBACCO_INDICATOR_Rev_year_prev,,,,,,,2021,,,,,2025-08-12T15:11:05Z,2024,2024-01-01,2024-12-31
3104387,TOBACCO_MPOWER_R_TAXREVENUEPREVIOUS,COUNTRY,NIU,WPR,Western Pacific,YEAR,2024,TOBACCO_INDICATOR,TOBACCO_INDICATOR_Rev_type_prev,,,,,,,All Tobacco products,,,,,2025-08-12T08:52:39Z,2024,2024-01-01,2024-12-31
3112010,TOBACCO_MPOWER_R_TAXREVENUEPREVIOUS,COUNTRY,EST,EUR,Europe,YEAR,2024,TOBACCO_INDICATOR,TOBACCO_INDICATOR_Rev_other_prev,,,,,,,. . .,,,,,2025-08-12T08:52:39Z,2024,2024-01-01,2024-12-31
3126087,TOBACCO_MPOWER_R_TAXREVENUEPREVIOUS,COUNTRY,VUT,WPR,Western Pacific,YEAR,2024,TOBACCO_INDICATOR,TOBACCO_INDICATOR_Rev_VAT_prev,,,,,,,223 770 330,223770330,,,,2025-08-12T08:52:39Z,2024,2024-01-01,2024-12-31
3126772,TOBACCO_MPOWER_R_TAXREVENUEPREVIOUS,COUNTRY,BRN,WPR,Western Pacific,YEAR,2024,TOBACCO_INDICATOR,TOBACCO_INDICATOR_Rev_excise_prev,,,,,,,214 269,214269,,,,2025-08-12T08:52:39Z,2024,2024-01-01,2024-12-31
3141763,TOBACCO_MPOWER_R_TAXREVENUEPREVIOUS,COUNTRY,SWE,EUR,Europe,YEAR,2024,TOBACCO_INDICATOR,TOBACCO_INDICATOR_Rev_import_prev,,,,,,,. . .,,,,,2025-08-12T08:52:39Z,2024,2024-01-01,2024-12-31
3150303,TOBACCO_MPOWER_R_TAXREVENUEPREVIOUS,COUNTRY,VCT,AMR,Americas,YEAR,2024,TOBACCO_INDICATOR,TOBACCO_INDICATOR_Rev_govt_total_prev,,,,,,,2 060 280,2060280.27,,,,2025-08-12T08:52:39Z,2024,2024-01-01,2024-12-31
3151322,TOBACCO_MPOWER_R_TAXREVENUEPREVIOUS,COUNTRY,SVN,EUR,Europe,YEAR,2024,TOBACCO_INDICATOR,TOBACCO_INDICATOR_Rev_excise_prev,,,,,,,471 317 900,471317900,,,,2025-08-12T08:52:39Z,2024,2024-01-01,2024-12-31
3153052,TOBACCO_MPOWER_R_TAXREVENUEPREVIOUS,COUNTRY,NIC,AMR,Americas,YEAR,2024,TOBACCO_INDICATOR,TOBACCO_INDICATOR_Rev_excise_prev,,,,,,,. . .,,,,,2025-08-12T08:52:39Z,2024,2024-01-01,2024-12-31
3157535,TOBACCO_MPOWER_R_TAXREVENUEPREVIOUS,COUNTRY,ERI,AFR,Africa,YEAR,2024,TOBACCO_INDICATOR,TOBACCO_INDICATOR_Rev_excise_prev,,,,,,,11 429 000,11429000,,,,2025-08-12T08:52:39Z,2024,2024-01-01,2024-12-31
3166201,TOBACCO_MPOWER_R_TAXREVENUEPREVIOUS,COUNTRY,JOR,EMR,Eastern Mediterranean,YEAR,2024,TOBACCO_INDICATOR,TOBACCO_INDICATOR_Rev_VAT_prev,,,,,,,142 819 072,142819072,,,,2025-08-12T08:52:39Z,2024,2024-01-01,2024-12-31
3166925,TOBACCO_MPOWER_R_TAXREVENUEPREVIOUS,COUNTRY,NOR,EUR,Europe,YEAR,2024,TOBACCO_INDICATOR,TOBACCO_INDICATOR_Rev_VAT_prev,,,,,,,. . .,,,,,2025-08-12T08:52:39Z,2024,2024-01-01,2024-12-31
3168319,TOBACCO_MPOWER_R_TAXREVENUEPREVIOUS,COUNTRY,LUX,EUR,Europe,YEAR,2024,TOBACCO_INDICATOR,TOBACCO_INDICATOR_Rev_year_prev,,,,,,,2022,,,,,2025-08-12T15:11:05Z,2024,2024-01-01,2024-12-31
3169953,TOBACCO_MPOWER_R_TAXREVENUEPREVIOUS,COUNTRY,CYP,EUR,Europe,YEAR,2024,TOBACCO_INDICATOR,TOBACCO_INDICATOR_Rev_type_prev,,,,,,,All Tobacco products,,,,,2025-08-12T08:52:39Z,2024,2024-01-01,2024-12-31
3170010,TOBACCO_MPOWER_R_TAXREVENUEPREVIOUS,COUNTRY,SLB,WPR,Western Pacific,YEAR,2024,TOBACCO_INDICATOR,TOBACCO_INDICATOR_Rev_year_prev,,,,,,,2016,,,,,2025-08-12T15:11:05Z,2024,2024-01-01,2024-12-31
3194619,TOBACCO_MPOWER_R_TAXREVENUEPREVIOUS,COUNTRY,GUY,AMR,Americas,YEAR,2024,TOBACCO_INDICATOR,TOBACCO_INDICATOR_Rev_type_prev,,,,,,,Cigarettes only,,,,,2025-08-12T08:52:39Z,2024,2024-01-01,2024-12-31
3198461,TOBACCO_MPOWER_R_TAXREVENUEPREVIOUS,COUNTRY,TUV,WPR,Western Pacific,YEAR,2024,TOBACCO_INDICATOR,TOBACCO_INDICATOR_Rev_year_prev,,,,,,,2020,,,,,2025-08-12T15:11:05Z,2024,2024-01-01,2024-12-31
3205212,TOBACCO_MPOWER_R_TAXREVENUEPREVIOUS,COUNTRY,USA,AMR,Americas,YEAR,2024,TOBACCO_INDICATOR,TOBACCO_INDICATOR_Rev_govt_total_prev,,,,,,,. . .,,,,,2025-08-12T08:52:39Z,2024,2024-01-01,2024-12-31
3216165,TOBACCO_MPOWER_R_TAXREVENUEPREVIOUS,COUNTRY,ATG,AMR,Americas,YEAR,2024,TOBACCO_INDICATOR,TOBACCO_INDICATOR_Rev_excise_prev,,,,,,,—,,,,,2025-08-12T08:52:39Z,2024,2024-01-01,2024-12-31
3220389,TOBACCO_MPOWER_R_TAXREVENUEPREVIOUS,COUNTRY,GEO,EUR,Europe,YEAR,2024,TOBACCO_INDICATOR,TOBACCO_INDICATOR_Rev_type_prev,,,,,,,All Tobacco products,,,,,2025-08-12T08:52:39Z,2024,2024-01-01,2024-12-31
3230860,TOBACCO_MPOWER_R_TAXREVENUEPREVIOUS,COUNTRY,MKD,EUR,Europe,YEAR,2024,TOBACCO_INDICATOR,TOBACCO_INDICATOR_Rev_type_prev,,,,,,,All Tobacco products,,,,,2025-08-12T08:52:39Z,2024,2024-01-01,2024-12-31
3231454,TOBACCO_MPOWER_R_TAXREVENUEPREVIOUS,COUNTRY,COL,AMR,Americas,YEAR,2024,TOBACCO_INDICATOR,TOBACCO_INDICATOR_Rev_type_prev,,,,,,,All Tobacco products,,,,,2025-08-12T08:52:39Z,2024,2024-01-01,2024-12-31
3236055,TOBACCO_MPOWER_R_TAXREVENUEPREVIOUS,COUNTRY,QAT,EMR,Eastern Mediterranean,YEAR,2024,TOBACCO_INDICATOR,TOBACCO_INDICATOR_Rev_import_prev,,,,,,,186 184 542,186184542,,,,2025-08-12T08:52:39Z,2024,2024-01-01,2024-12-31
3237223,TOBACCO_MPOWER_R_TAXREVENUEPREVIOUS,COUNTRY,PSE,EMR,Eastern Mediterranean,YEAR,2024,TOBACCO_INDICATOR,TOBACCO_INDICATOR_Rev_import_prev,,,,,,,. . .,,,,,2025-08-12T08:52:39Z,2024,2024-01-01,2024-12-31
3247362,TOBACCO_MPOWER_R_TAXREVENUEPREVIOUS,COUNTRY,KAZ,EUR,Europe,YEAR,2024,TOBACCO_INDICATOR,TOBACCO_INDICATOR_Rev_import_prev,,,,,,,. . .,,,,,2025-08-12T08:52:39Z,2024,2024-01-01,2024-12-31
3249615,TOBACCO_MPOWER_R_TAXREVENUEPREVIOUS,COUNTRY,PRK,SEAR,South-East Asia,YEAR,2024,TOBACCO_INDICATOR,TOBACCO_INDICATOR_Rev_import_prev,,,,,,,. . .,,,,,2025-08-12T08:52:39Z,2024,2024-01-01,2024-12-31
3256973,TOBACCO_MPOWER_R_TAXREVENUEPREVIOUS,COUNTRY,IRN,EMR,Eastern Mediterranean,YEAR,2024,TOBACCO_INDICATOR,TOBACCO_INDICATOR_Rev_year_prev,,,,,,,2022,,,,,2025-08-12T15:11:05Z,2024,2024-01-01,2024-12-31
3288135,TOBACCO_MPOWER_R_TAXREVENUEPREVIOUS,COUNTRY,RUS,EUR,Europe,YEAR,2024,TOBACCO_INDICATOR,TOBACCO_INDICATOR_Rev_year_prev,,,,,,,2022,,,,,2025-08-12T15:11:05Z,2024,2024-01-01,2024-12-31
3289295,TOBACCO_MPOWER_R_TAXREVENUEPREVIOUS,COUNTRY,NAM,AFR,Africa,YEAR,2024,TOBACCO_INDICATOR,TOBACCO_INDICATOR_Rev_year_prev,,,,,,,2016,,,,,2025-08-12T15:11:05Z,2024,2024-01-01,2024-12-31
3298041,TOBACCO_MPOWER_R_TAXREVENUEPREVIOUS,COUNTRY,OMN,EMR,Eastern Mediterranean,YEAR,2024,TOBACCO_INDICATOR,TOBACCO_INDICATOR_Rev_govt_total_prev,,,,,,,39 627 329,39627329,,,,2025-08-12T08:52:39Z,2024,2024-01-01,2024-12-31
3302323,TOBACCO_MPOWER_R_TAXREVENUEPREVIOUS,COUNTRY,BEL,EUR,Europe,YEAR,2024,TOBACCO_INDICATOR,TOBACCO_INDICATOR_Rev_type_prev,,,,,,,All Tobacco products,,,,,2025-08-12T08:52:39Z,2024,2024-01-01,2024-12-31
3305638,TOBACCO_MPOWER_R_TAXREVENUEPREVIOUS,COUNTRY,BWA,AFR,Africa,YEAR,2024,TOBACCO_INDICATOR,TOBACCO_INDICATOR_Rev_other_prev,,,,,,,24 978 306,24978306,,,,2025-08-12T08:52:39Z,2024,2024-01-01,2024-12-31
3330574,TOBACCO_MPOWER_R_TAXREVENUEPREVIOUS,COUNTRY,CRI,AMR,Americas,YEAR,2024,TOBACCO_INDICATOR,TOBACCO_INDICATOR_Rev_type_prev,,,,,,,All Tobacco products,,,,,2025-08-12T08:52:39Z,2024,2024-01-01,2024-12-31
3334157,TOBACCO_MPOWER_R_TAXREVENUEPREVIOUS,COUNTRY,SRB,EUR,Europe,YEAR,2024,TOBACCO_INDICATOR,TOBACCO_INDICATOR_Rev_type_prev,,,,,,,All Tobacco products,,,,,2025-08-12T08:52:39Z,2024,2024-01-01,2024-12-31
3342546,TOBACCO_MPOWER_R_TAXREVENUEPREVIOUS,COUNTRY,SLE,AFR,Africa,YEAR,2024,TOBACCO_INDICATOR,TOBACCO_INDICATOR_Rev_type_prev,,,,,,,All tobacco products,,,,,2025-08-12T08:52:39Z,2024,2024-01-01,2024-12-31
3348056,TOBACCO_MPOWER_R_TAXREVENUEPREVIOUS,COUNTRY,ESP,EUR,Europe,YEAR,2024,TOBACCO_INDICATOR,TOBACCO_INDICATOR_Rev_govt_total_prev,,,,,,,. . .,,,,,2025-08-12T08:52:39Z,2024,2024-01-01,2024-12-31
3352316,TOBACCO_MPOWER_R_TAXREVENUEPREVIOUS,COUNTRY,BGR,EUR,Europe,YEAR,2024,TOBACCO_INDICATOR,TOBACCO_INDICATOR_Rev_curr_prev,,,,,,,EUR,,,,,2025-08-12T08:52:39Z,2024,2024-01-01,2024-12-31
3352886,TOBACCO_MPOWER_R_TAXREVENUEPREVIOUS,COUNTRY,NOR,EUR,Europe,YEAR,2024,TOBACCO_INDICATOR,TOBACCO_INDICATOR_Rev_excise_prev,,,,,,,8 958 000 000,8958000000,,,,2025-08-12T08:52:39Z,2024,2024-01-01,2024-12-31
3357141,TOBACCO_MPOWER_R_TAXREVENUEPREVIOUS,COUNTRY,LAO,WPR,Western Pacific,YEAR,2024,TOBACCO_INDICATOR,TOBACCO_INDICATOR_Rev_type_prev,,,,,,,Cigarettes only,,,,,2025-08-12T08:52:39Z,2024,2024-01-01,2024-12-31
3360364,TOBACCO_MPOWER_R_TAXREVENUEPREVIOUS,COUNTRY,EST,EUR,Europe,YEAR,2024,TOBACCO_INDICATOR,TOBACCO_INDICATOR_Rev_VAT_prev,,,,,,,. . .,,,,,2025-08-12T08:52:39Z,2024,2024-01-01,2024-12-31
3418070,TOBACCO_MPOWER_R_TAXREVENUEPREVIOUS,COUNTRY,GMB,AFR,Africa,YEAR,2024,TOBACCO_INDICATOR,TOBACCO_INDICATOR_Rev_excise_prev,,,,,,,234 703 787,234703787,,,,2025-08-12T08:52:39Z,2024,2024-01-01,2024-12-31
3431925,TOBACCO_MPOWER_R_TAXREVENUEPREVIOUS,COUNTRY,AGO,AFR,Africa,YEAR,2024,TOBACCO_INDICATOR,TOBACCO_INDICATOR_Rev_govt_total_prev,,,,,,,6 619 984 024,6619984024,,,,2025-08-12T08:52:39Z,2024,2024-01-01,2024-12-31
3437913,TOBACCO_MPOWER_R_TAXREVENUEPREVIOUS,COUNTRY,MDV,SEAR,South-East Asia,YEAR,2024,TOBACCO_INDICATOR,TOBACCO_INDICATOR_Rev_import_prev,,,,,,,1 188 742 720,1188742719.8,,,,2025-08-12T15:11:05Z,2024,2024-01-01,2024-12-31
3447193,TOBACCO_MPOWER_R_TAXREVENUEPREVIOUS,COUNTRY,TON,WPR,Western Pacific,YEAR,2024,TOBACCO_INDICATOR,TOBACCO_INDICATOR_Rev_other_prev,,,,,,,0,0,,,,2025-08-12T08:52:39Z,2024,2024-01-01,2024-12-31
3452090,TOBACCO_MPOWER_R_TAXREVENUEPREVIOUS,COUNTRY,MNE,EUR,Europe,YEAR,2024,TOBACCO_INDICATOR,TOBACCO_INDICATOR_Rev_type_prev,,,,,,,All Tobacco products,,,,,2025-08-12T08:52:39Z,2024,2024-01-01,2024-12-31
3452821,TOBACCO_MPOWER_R_TAXREVENUEPREVIOUS,COUNTRY,BIH,EUR,Europe,YEAR,2024,TOBACCO_INDICATOR,TOBACCO_INDICATOR_Rev_other_prev,,,,,,,. . .,,,,,2025-08-12T08:52:39Z,2024,2024-01-01,2024-12-31
3455938,TOBACCO_MPOWER_R_TAXREVENUEPREVIOUS,COUNTRY,SRB,EUR,Europe,YEAR,2024,TOBACCO_INDICATOR,TOBACCO_INDICATOR_Rev_other_prev,,,,,,,. . .,,,,,2025-08-12T08:52:39Z,2024,2024-01-01,2024-12-31
3456353,TOBACCO_MPOWER_R_TAXREVENUEPREVIOUS,COUNTRY,ARG,AMR,Americas,YEAR,2024,TOBACCO_INDICATOR,TOBACCO_INDICATOR_Rev_VAT_prev,,,,,,,9 210 473 393,9210473393.32,,,,2025-08-12T15:11:05Z,2024,2024-01-01,2024-12-31
3477901,TOBACCO_MPOWER_R_TAXREVENUEPREVIOUS,COUNTRY,BTN,SEAR,South-East Asia,YEAR,2024,TOBACCO_INDICATOR,TOBACCO_INDICATOR_Rev_other_prev,,,,,,,0,0,,,,2025-08-12T08:52:39Z,2024,2024-01-01,2024-12-31
3484166,TOBACCO_MPOWER_R_TAXREVENUEPREVIOUS,COUNTRY,ZAF,AFR,Africa,YEAR,2024,TOBACCO_INDICATOR,TOBACCO_INDICATOR_Rev_year_prev,,,,,,,2022/2023,,,,,2025-08-12T08:52:39Z,2024,2024-01-01,2024-12-31
3484401,TOBACCO_MPOWER_R_TAXREVENUEPREVIOUS,COUNTRY,BHR,EMR,Eastern Mediterranean,YEAR,2024,TOBACCO_INDICATOR,TOBACCO_INDICATOR_Rev_year_prev,,,,,,,2013,,,,,2025-08-12T15:11:05Z,2024,2024-01-01,2024-12-31
3486241,TOBACCO_MPOWER_R_TAXREVENUEPREVIOUS,COUNTRY,IDN,WPR,Western Pacific,YEAR,2024,TOBACCO_INDICATOR,TOBACCO_INDICATOR_Rev_curr_prev,,,,,,,IDR,,,,,2025-08-12T08:52:39Z,2024,2024-01-01,2024-12-31
3494668,TOBACCO_MPOWER_R_TAXREVENUEPREVIOUS,COUNTRY,VEN,AMR,Americas,YEAR,2024,TOBACCO_INDICATOR,TOBACCO_INDICATOR_Rev_import_prev,,,,,,,. . .,,,,,2025-08-12T08:52:39Z,2024,2024-01-01,2024-12-31
3504490,TOBACCO_MPOWER_R_TAXREVENUEPREVIOUS,COUNTRY,ERI,AFR,Africa,YEAR,2024,TOBACCO_INDICATOR,TOBACCO_INDICATOR_Rev_VAT_prev,,,,,,,8 242 000,8242000,,,,2025-08-12T08:52:39Z,2024,2024-01-01,2024-12-31
3510653,TOBACCO_MPOWER_R_TAXREVENUEPREVIOUS,COUNTRY,LTU,EUR,Europe,YEAR,2024,TOBACCO_INDICATOR,TOBACCO_INDICATOR_Rev_other_prev,,,,,,,. . .,,,,,2025-08-12T08:52:39Z,2024,2024-01-01,2024-12-31
3514858,TOBACCO_MPOWER_R_TAXREVENUEPREVIOUS,COUNTRY,PRT,EUR,Europe,YEAR,2024,TOBACCO_INDICATOR,TOBACCO_INDICATOR_Rev_import_prev,,,,,,,. . .,,,,,2025-08-12T08:52:39Z,2024,2024-01-01,2024-12-31
3524990,TOBACCO_MPOWER_R_TAXREVENUEPREVIOUS,COUNTRY,UZB,EUR,Europe,YEAR,2024,TOBACCO_INDICATOR,TOBACCO_INDICATOR_Rev_VAT_prev,,,,,,,474 600 761,474600760.87,,,,2025-08-12T15:11:05Z,2024,2024-01-01,2024-12-31
3530102,TOBACCO_MPOWER_R_TAXREVENUEPREVIOUS,COUNTRY,YEM,EMR,Eastern Mediterranean,YEAR,2024,TOBACCO_INDICATOR,TOBACCO_INDICATOR_Rev_type_prev,,,,,,,Cigarettes only,,,,,2025-08-12T08:52:39Z,2024,2024-01-01,2024-12-31
3541018,TOBACCO_MPOWER_R_TAXREVENUEPREVIOUS,COUNTRY,ROU,EUR,Europe,YEAR,2024,TOBACCO_INDICATOR,TOBACCO_INDICATOR_Rev_import_prev,,,,,,,. . .,,,,,2025-08-12T08:52:39Z,2024,2024-01-01,2024-12-31
3549806,TOBACCO_MPOWER_R_TAXREVENUEPREVIOUS,COUNTRY,HRV,EUR,Europe,YEAR,2024,TOBACCO_INDICATOR,TOBACCO_INDICATOR_Rev_type_prev,,,,,,,All Tobacco products,,,,,2025-08-12T08:52:39Z,2024,2024-01-01,2024-12-31
3552195,TOBACCO_MPOWER_R_TAXREVENUEPREVIOUS,COUNTRY,GTM,AMR,Americas,YEAR,2024,TOBACCO_INDICATOR,TOBACCO_INDICATOR_Rev_govt_total_prev,,,,,,,356 924 133,356924132.74,,,,2025-08-12T15:11:05Z,2024,2024-01-01,2024-12-31
3556680,TOBACCO_MPOWER_R_TAXREVENUEPREVIOUS,COUNTRY,IND,SEAR,South-East Asia,YEAR,2024,TOBACCO_INDICATOR,TOBACCO_INDICATOR_Rev_VAT_prev,,,,,,,88 547 000 000,88547000000,,,,2025-08-12T08:52:39Z,2024,2024-01-01,2024-12-31
3569656,TOBACCO_MPOWER_R_TAXREVENUEPREVIOUS,COUNTRY,NIC,AMR,Americas,YEAR,2024,TOBACCO_INDICATOR,TOBACCO_INDICATOR_Rev_govt_total_prev,,,,,,,. . .,,,,,2025-08-12T08:52:39Z,2024,2024-01-01,2024-12-31
3571017,TOBACCO_MPOWER_R_TAXREVENUEPREVIOUS,COUNTRY,HRV,EUR,Europe,YEAR,2024,TOBACCO_INDICATOR,TOBACCO_INDICATOR_Rev_import_prev,,,,,,,. . .,,,,,2025-08-12T08:52:39Z,2024,2024-01-01,2024-12-31
3606980,TOBACCO_MPOWER_R_TAXREVENUEPREVIOUS,COUNTRY,MMR,SEAR,South-East Asia,YEAR,2024,TOBACCO_INDICATOR,TOBACCO_INDICATOR_Rev_govt_total_prev,,,,,,,. . .,,,,,2025-08-12T08:52:39Z,2024,2024-01-01,2024-12-31
3615252,TOBACCO_MPOWER_R_TAXREVENUEPREVIOUS,COUNTRY,NZL,WPR,Western Pacific,YEAR,2024,TOBACCO_INDICATOR,TOBACCO_INDICATOR_Rev_govt_total_prev,,,,,,,. . .,,,,,2025-08-12T08:52:39Z,2024,2024-01-01,2024-12-31
3616654,TOBACCO_MPOWER_R_TAXREVENUEPREVIOUS,COUNTRY,BGR,EUR,Europe,YEAR,2024,TOBACCO_INDICATOR,TOBACCO_INDICATOR_Rev_VAT_prev,,,,,,,. . .,,,,,2025-08-12T08:52:39Z,2024,2024-01-01,2024-12-31
3617064,TOBACCO_MPOWER_R_TAXREVENUEPREVIOUS,COUNTRY,GHA,AFR,Africa,YEAR,2024,TOBACCO_INDICATOR,TOBACCO_INDICATOR_Rev_type_prev,,,,,,,All Tobacco products,,,,,2025-08-12T08:52:39Z,2024,2024-01-01,2024-12-31
3624062,TOBACCO_MPOWER_R_TAXREVENUEPREVIOUS,COUNTRY,ERI,AFR,Africa,YEAR,2024,TOBACCO_INDICATOR,TOBACCO_INDICATOR_Rev_govt_total_prev,,,,,,,. . .,,,,,2025-08-12T08:52:39Z,2024,2024-01-01,2024-12-31
3630847,TOBACCO_MPOWER_R_TAXREVENUEPREVIOUS,COUNTRY,MOZ,AFR,Africa,YEAR,2024,TOBACCO_INDICATOR,TOBACCO_INDICATOR_Rev_other_prev,,,,,,,0,0,,,,2025-08-12T08:52:39Z,2024,2024-01-01,2024-12-31
3637473,TOBACCO_MPOWER_R_TAXREVENUEPREVIOUS,COUNTRY,MHL,WPR,Western Pacific,YEAR,2024,TOBACCO_INDICATOR,TOBACCO_INDICATOR_Rev_curr_prev,,,,,,,USD,,,,,2025-08-12T08:52:39Z,2024,2024-01-01,2024-12-31
3640339,TOBACCO_MPOWER_R_TAXREVENUEPREVIOUS,COUNTRY,RWA,AFR,Africa,YEAR,2024,TOBACCO_INDICATOR,TOBACCO_INDICATOR_Rev_other_prev,,,,,,,0,0,,,,2025-08-12T08:52:39Z,2024,2024-01-01,2024-12-31
3640951,TOBACCO_MPOWER_R_TAXREVENUEPREVIOUS,COUNTRY,BGR,EUR,Europe,YEAR,2024,TOBACCO_INDICATOR,TOBACCO_INDICATOR_Rev_year_prev,,,,,,,2022,,,,,2025-08-12T15:11:05Z,2024,2024-01-01,2024-12-31
3648186,TOBACCO_MPOWER_R_TAXREVENUEPREVIOUS,COUNTRY,NGA,AFR,Africa,YEAR,2024,TOBACCO_INDICATOR,TOBACCO_INDICATOR_Rev_other_prev,,,,,,,. . .,,,,,2025-08-12T08:52:39Z,2024,2024-01-01,2024-12-31
3658259,TOBACCO_MPOWER_R_TAXREVENUEPREVIOUS,COUNTRY,UZB,EUR,Europe,YEAR,2024,TOBACCO_INDICATOR,TOBACCO_INDICATOR_Rev_type_prev,,,,,,,Cigarettes only,,,,,2025-08-12T08:52:39Z,2024,2024-01-01,2024-12-31
3663669,TOBACCO_MPOWER_R_TAXREVENUEPREVIOUS,COUNTRY,GEO,EUR,Europe,YEAR,2024,TOBACCO_INDICATOR,TOBACCO_INDICATOR_Rev_VAT_prev,,,,,,,. . .,,,,,2025-08-12T08:52:39Z,2024,2024-01-01,2024-12-31
3701974,TOBACCO_MPOWER_R_TAXREVENUEPREVIOUS,COUNTRY,ARM,EUR,Europe,YEAR,2024,TOBACCO_INDICATOR,TOBACCO_INDICATOR_Rev_govt_total_prev,,,,,,,39 593 340 653,39593340653,,,,2025-08-12T08:52:39Z,2024,2024-01-01,2024-12-31
3710231,TOBACCO_MPOWER_R_TAXREVENUEPREVIOUS,COUNTRY,TKM,EUR,Europe,YEAR,2024,TOBACCO_INDICATOR,TOBACCO_INDICATOR_Rev_excise_prev,,,,,,,. . .,,,,,2025-08-12T08:52:39Z,2024,2024-01-01,2024-12-31
3716950,TOBACCO_MPOWER_R_TAXREVENUEPREVIOUS,COUNTRY,BIH,EUR,Europe,YEAR,2024,TOBACCO_INDICATOR,TOBACCO_INDICATOR_Rev_import_prev,,,,,,,. . .,,,,,2025-08-12T08:52:39Z,2024,2024-01-01,2024-12-31
3728004,TOBACCO_MPOWER_R_TAXREVENUEPREVIOUS,COUNTRY,PRK,SEAR,South-East Asia,YEAR,2024,TOBACCO_INDICATOR,TOBACCO_INDICATOR_Rev_VAT_prev,,,,,,,. . .,,,,,2025-08-12T08:52:39Z,2024,2024-01-01,2024-12-31
3756315,TOBACCO_MPOWER_R_TAXREVENUEPREVIOUS,COUNTRY,ISL,EUR,Europe,YEAR,2024,TOBACCO_INDICATOR,TOBACCO_INDICATOR_Rev_govt_total_prev,,,,,,,6 208 680 000,6208680000,,,,2025-08-12T08:52:39Z,2024,2024-01-01,2024-12-31
3758204,TOBACCO_MPOWER_R_TAXREVENUEPREVIOUS,COUNTRY,GRC,EUR,Europe,YEAR,2024,TOBACCO_INDICATOR,TOBACCO_INDICATOR_Rev_import_prev,,,,,,,. . .,,,,,2025-08-12T08:52:39Z,2024,2024-01-01,2024-12-31
3775760,TOBACCO_MPOWER_R_TAXREVENUEPREVIOUS,COUNTRY,WSM,WPR,Western Pacific,YEAR,2024,TOBACCO_INDICATOR,TOBACCO_INDICATOR_Rev_other_prev,,,,,,,0,0,,,,2025-08-12T08:52:39Z,2024,2024-01-01,2024-12-31
3781865,TOBACCO_MPOWER_R_TAXREVENUEPREVIOUS,COUNTRY,RUS,EUR,Europe,YEAR,2024,TOBACCO_INDICATOR,TOBACCO_INDICATOR_Rev_other_prev,,,,,,,. . .,,,,,2025-08-12T08:52:39Z,2024,2024-01-01,2024-12-31
3794385,TOBACCO_MPOWER_R_TAXREVENUEPREVIOUS,COUNTRY,MYS,WPR,Western Pacific,YEAR,2024,TOBACCO_INDICATOR,TOBACCO_INDICATOR_Rev_type_prev,,,,,,,All Tobacco products,,,,,2025-08-12T08:52:39Z,2024,2024-01-01,2024-12-31
3795754,TOBACCO_MPOWER_R_TAXREVENUEPREVIOUS,COUNTRY,DZA,AFR,Africa,YEAR,2024,TOBACCO_INDICATOR,TOBACCO_INDICATOR_Rev_year_prev,,,,,,,2022,,,,,2025-08-12T15:11:05Z,2024,2024-01-01,2024-12-31
3797234,TOBACCO_MPOWER_R_TAXREVENUEPREVIOUS,COUNTRY,LBR,AFR,Africa,YEAR,2024,TOBACCO_INDICATOR,TOBACCO_INDICATOR_Rev_govt_total_prev,,,,,,,287 026,287026,,,,2025-08-12T08:52:39Z,2024,2024-01-01,2024-12-31
3799362,TOBACCO_MPOWER_R_TAXREVENUEPREVIOUS,COUNTRY,KAZ,EUR,Europe,YEAR,2024,TOBACCO_INDICATOR,TOBACCO_INDICATOR_Rev_type_prev,,,,,,,All Tobacco products,,,,,2025-08-12T08:52:39Z,2024,2024-01-01,2024-12-31
3808995,TOBACCO_MPOWER_R_TAXREVENUEPREVIOUS,COUNTRY,BEL,EUR,Europe,YEAR,2024,TOBACCO_INDICATOR,TOBACCO_INDICATOR_Rev_curr_prev,,,,,,,EUR,,,,,2025-08-12T08:52:39Z,2024,2024-01-01,2024-12-31
3812056,TOBACCO_MPOWER_R_TAXREVENUEPREVIOUS,COUNTRY,ATG,AMR,Americas,YEAR,2024,TOBACCO_INDICATOR,TOBACCO_INDICATOR_Rev_year_prev,,,,,,,2020,,,,,2025-08-12T15:11:05Z,2024,2024-01-01,2024-12-31
3815781,TOBACCO_MPOWER_R_TAXREVENUEPREVIOUS,COUNTRY,SVN,EUR,Europe,YEAR,2024,TOBACCO_INDICATOR,TOBACCO_INDICATOR_Rev_type_prev,,,,,,,All Tobacco products,,,,,2025-08-12T08:52:39Z,2024,2024-01-01,2024-12-31
3828206,TOBACCO_MPOWER_R_TAXREVENUEPREVIOUS,COUNTRY,COM,AFR,Africa,YEAR,2024,TOBACCO_INDICATOR,TOBACCO_INDICATOR_Rev_year_prev,,,,,,,2021,,,,,2025-08-12T15:11:05Z,2024,2024-01-01,2024-12-31
3840900,TOBACCO_MPOWER_R_TAXREVENUEPREVIOUS,COUNTRY,SLV,AMR,Americas,YEAR,2024,TOBACCO_INDICATOR,TOBACCO_INDICATOR_Rev_govt_total_prev,,,,,,,34 208 062,34208062.46,,,,2025-08-12T08:52:39Z,2024,2024-01-01,2024-12-31
3856611,TOBACCO_MPOWER_R_TAXREVENUEPREVIOUS,COUNTRY,SLE,AFR,Africa,YEAR,2024,TOBACCO_INDICATOR,TOBACCO_INDICATOR_Rev_excise_prev,,,,,,,31 850 439,31850438.84,,,,2025-08-12T08:52:39Z,2024,2024-01-01,2024-12-31
3862527,TOBACCO_MPOWER_R_TAXREVENUEPREVIOUS,COUNTRY,PRT,EUR,Europe,YEAR,2024,TOBACCO_INDICATOR,TOBACCO_INDICATOR_Rev_type_prev,,,,,,,All Tobacco products,,,,,2025-08-12T08:52:39Z,2024,2024-01-01,2024-12-31
3877575,TOBACCO_MPOWER_R_TAXREVENUEPREVIOUS,COUNTRY,UGA,AFR,Africa,YEAR,2024,TOBACCO_INDICATOR,TOBACCO_INDICATOR_Rev_VAT_prev,,,,,,,1 050 000 000,1050000000,,,,2025-08-12T08:52:39Z,2024,2024-01-01,2024-12-31
3883618,TOBACCO_MPOWER_R_TAXREVENUEPREVIOUS,COUNTRY,THA,SEAR,South-East Asia,YEAR,2024,TOBACCO_INDICATOR,TOBACCO_INDICATOR_Rev_curr_prev,,,,,,,THB,,,,,2025-08-12T08:52:39Z,2024,2024-01-01,2024-12-31
3886664,TOBACCO_MPOWER_R_TAXREVENUEPREVIOUS,COUNTRY,JAM,AMR,Americas,YEAR,2024,TOBACCO_INDICATOR,TOBACCO_INDICATOR_Rev_excise_prev,,,,,,,5 950 926 959,5950926959.000001,,,Data not validated by the national authorities.,2025-08-12T08:52:39Z,2024,2024-01-01,2024-12-31
3898364,TOBACCO_MPOWER_R_TAXREVENUEPREVIOUS,COUNTRY,MOZ,AFR,Africa,YEAR,2024,TOBACCO_INDICATOR,TOBACCO_INDICATOR_Rev_curr_prev,,,,,,,MZN,,,,,2025-08-12T08:52:39Z,2024,2024-01-01,2024-12-31
3898951,TOBACCO_MPOWER_R_TAXREVENUEPREVIOUS,COUNTRY,BOL,AMR,Americas,YEAR,2024,TOBACCO_INDICATOR,TOBACCO_INDICATOR_Rev_curr_prev,,,,,,,BOB,,,,,2025-08-12T08:52:39Z,2024,2024-01-01,2024-12-31
3910580,TOBACCO_MPOWER_R_TAXREVENUEPREVIOUS,COUNTRY,URY,AMR,Americas,YEAR,2024,TOBACCO_INDICATOR,TOBACCO_INDICATOR_Rev_curr_prev,,,,,,,UYU,,,,,2025-08-12T08:52:39Z,2024,2024-01-01,2024-12-31
3912418,TOBACCO_MPOWER_R_TAXREVENUEPREVIOUS,COUNTRY,IRN,EMR,Eastern Mediterranean,YEAR,2024,TOBACCO_INDICATOR,TOBACCO_INDICATOR_Rev_VAT_prev,,,,,,,60 904 000 000 000,60904000000000,,,,2025-08-12T15:11:05Z,2024,2024-01-01,2024-12-31
3914444,TOBACCO_MPOWER_R_TAXREVENUEPREVIOUS,COUNTRY,COD,AFR,Africa,YEAR,2024,TOBACCO_INDICATOR,TOBACCO_INDICATOR_Rev_excise_prev,,,,,,,87 947 467 248,87947467248.00002,,,,2025-08-12T08:52:39Z,2024,2024-01-01,2024-12-31
3920620,TOBACCO_MPOWER_R_TAXREVENUEPREVIOUS,COUNTRY,GRD,AMR,Americas,YEAR,2024,TOBACCO_INDICATOR,TOBACCO_INDICATOR_Rev_type_prev,,,,,,,All Tobacco products,,,,,2025-08-12T08:52:39Z,2024,2024-01-01,2024-12-31
3929750,TOBACCO_MPOWER_R_TAXREVENUEPREVIOUS,COUNTRY,KGZ,EUR,Europe,YEAR,2024,TOBACCO_INDICATOR,TOBACCO_INDICATOR_Rev_curr_prev,,,,,,,KGS,,,,,2025-08-12T08:52:39Z,2024,2024-01-01,2024-12-31
3932742,TOBACCO_MPOWER_R_TAXREVENUEPREVIOUS,COUNTRY,URY,AMR,Americas,YEAR,2024,TOBACCO_INDICATOR,TOBACCO_INDICATOR_Rev_year_prev,,,,,,,2021,,,,,2025-08-12T15:11:05Z,2024,2024-01-01,2024-12-31
3935489,TOBACCO_MPOWER_R_TAXREVENUEPREVIOUS,COUNTRY,SGP,WPR,Western Pacific,YEAR,2024,TOBACCO_INDICATOR,TOBACCO_INDICATOR_Rev_govt_total_prev,,,,,,,. . .,,,,,2025-08-12T08:52:39Z,2024,2024-01-01,2024-12-31
3938748,TOBACCO_MPOWER_R_TAXREVENUEPREVIOUS,COUNTRY,CIV,AFR,Africa,YEAR,2024,TOBACCO_INDICATOR,TOBACCO_INDICATOR_Rev_VAT_prev,,,,,,,. . .,,,,,2025-08-12T08:52:39Z,2024,2024-01-01,2024-12-31
3941994,TOBACCO_MPOWER_R_TAXREVENUEPREVIOUS,COUNTRY,CYP,EUR,Europe,YEAR,2024,TOBACCO_INDICATOR,TOBACCO_INDICATOR_Rev_govt_total_prev,,,,,,,. . .,,,,,2025-08-12T08:52:39Z,2024,2024-01-01,2024-12-31
1129,TOBACCO_MPOWER_R_TAXREVENUEPREVIOUS,COUNTRY,PRY,AMR,Americas,YEAR,2024,TOBACCO_INDICATOR,TOBACCO_INDICATOR_Rev_curr_prev,,,,,,,PYG,,,,,2025-08-12T08:52:39Z,2024,2024-01-01,2024-12-31
11874,TOBACCO_MPOWER_R_TAXREVENUEPREVIOUS,COUNTRY,MUS,AFR,Africa,YEAR,2024,TOBACCO_INDICATOR,TOBACCO_INDICATOR_Rev_VAT_prev,,,,,,,1 388 691 083,1388691083,,,,2025-08-12T08:52:39Z,2024,2024-01-01,2024-12-31
18045,TOBACCO_MPOWER_R_TAXREVENUEPREVIOUS,COUNTRY,MNG,WPR,Western Pacific,YEAR,2024,TOBACCO_INDICATOR,TOBACCO_INDICATOR_Rev_excise_prev,,,,,,,28 700 000 000,28700000000,,,,2025-08-12T08:52:39Z,2024,2024-01-01,2024-12-31
23622,TOBACCO_MPOWER_R_TAXREVENUEPREVIOUS,COUNTRY,BRA,AMR,Americas,YEAR,2024,TOBACCO_INDICATOR,TOBACCO_INDICATOR_Rev_VAT_prev,,,,,,,. . .,,,,,2025-08-12T08:52:39Z,2024,2024-01-01,2024-12-31
35949,TOBACCO_MPOWER_R_TAXREVENUEPREVIOUS,COUNTRY,BIH,EUR,Europe,YEAR,2024,TOBACCO_INDICATOR,TOBACCO_INDICATOR_Rev_excise_prev,,,,,,,812 225 220,812225220,,,,2025-08-12T08:52:39Z,2024,2024-01-01,2024-12-31
38430,TOBACCO_MPOWER_R_TAXREVENUEPREVIOUS,COUNTRY,MLT,EUR,Europe,YEAR,2024,TOBACCO_INDICATOR,TOBACCO_INDICATOR_Rev_VAT_prev,,,,,,,. . .,,,,,2025-08-12T08:52:39Z,2024,2024-01-01,2024-12-31
51619,TOBACCO_MPOWER_R_TAXREVENUEPREVIOUS,COUNTRY,IRL,EUR,Europe,YEAR,2024,TOBACCO_INDICATOR,TOBACCO_INDICATOR_Rev_govt_total_prev,,,,,,,. . .,,,,,2025-08-12T08:52:39Z,2024,2024-01-01,2024-12-31
72922,TOBACCO_MPOWER_R_TAXREVENUEPREVIOUS,COUNTRY,TTO,AMR,Americas,YEAR,2024,TOBACCO_INDICATOR,TOBACCO_INDICATOR_Rev_curr_prev,,,,,,,TTD,,,,,2025-08-12T08:52:39Z,2024,2024-01-01,2024-12-31
86851,TOBACCO_MPOWER_R_TAXREVENUEPREVIOUS,COUNTRY,RWA,AFR,Africa,YEAR,2024,TOBACCO_INDICATOR,TOBACCO_INDICATOR_Rev_curr_prev,,,,,,,RWF,,,,,2025-08-12T08:52:39Z,2024,2024-01-01,2024-12-31
98655,TOBACCO_MPOWER_R_TAXREVENUEPREVIOUS,COUNTRY,FRA,EUR,Europe,YEAR,2024,TOBACCO_INDICATOR,TOBACCO_INDICATOR_Rev_type_prev,,,,,,,All Tobacco products,,,,,2025-08-12T08:52:39Z,2024,2024-01-01,2024-12-31
100797,TOBACCO_MPOWER_R_TAXREVENUEPREVIOUS,COUNTRY,LSO,AFR,Africa,YEAR,2024,TOBACCO_INDICATOR,TOBACCO_INDICATOR_Rev_type_prev,,,,,,,Cigarettes only,,,,,2025-08-12T08:52:39Z,2024,2024-01-01,2024-12-31
104403,TOBACCO_MPOWER_R_TAXREVENUEPREVIOUS,COUNTRY,MDG,AFR,Africa,YEAR,2024,TOBACCO_INDICATOR,TOBACCO_INDICATOR_Rev_type_prev,,,,,,,Cigarettes only,,,,,2025-08-12T08:52:39Z,2024,2024-01-01,2024-12-31
110956,TOBACCO_MPOWER_R_TAXREVENUEPREVIOUS,COUNTRY,BGR,EUR,Europe,YEAR,2024,TOBACCO_INDICATOR,TOBACCO_INDICATOR_Rev_other_prev,,,,,,,. . .,,,,,2025-08-12T08:52:39Z,2024,2024-01-01,2024-12-31
113250,TOBACCO_MPOWER_R_TAXREVENUEPREVIOUS,COUNTRY,SEN,AFR,Africa,YEAR,2024,TOBACCO_INDICATOR,TOBACCO_INDICATOR_Rev_govt_total_prev,,,,,,,. . .,,,,,2025-08-12T08:52:39Z,2024,2024-01-01,2024-12-31
116679,TOBACCO_MPOWER_R_TAXREVENUEPREVIOUS,COUNTRY,ETH,AFR,Africa,YEAR,2024,TOBACCO_INDICATOR,TOBACCO_INDICATOR_Rev_other_prev,,,,,,,20 111 000,20111000,,,,2025-08-12T08:52:39Z,2024,2024-01-01,2024-12-31
133434,TOBACCO_MPOWER_R_TAXREVENUEPREVIOUS,COUNTRY,USA,AMR,Americas,YEAR,2024,TOBACCO_INDICATOR,TOBACCO_INDICATOR_Rev_VAT_prev,,,,,,,. . .,,,,,2025-08-12T08:52:39Z,2024,2024-01-01,2024-12-31
137029,TOBACCO_MPOWER_R_TAXREVENUEPREVIOUS,COUNTRY,SSD,AFR,Africa,YEAR,2024,TOBACCO_INDICATOR,TOBACCO_INDICATOR_Rev_govt_total_prev,,,,,,,. . .,,,,,2025-08-12T08:52:39Z,2024,2024-01-01,2024-12-31
139586,TOBACCO_MPOWER_R_TAXREVENUEPREVIOUS,COUNTRY,MLI,AFR,Africa,YEAR,2024,TOBACCO_INDICATOR,TOBACCO_INDICATOR_Rev_year_prev,,,,,,,2011,,,,,2025-08-12T15:11:05Z,2024,2024-01-01,2024-12-31
145531,TOBACCO_MPOWER_R_TAXREVENUEPREVIOUS,COUNTRY,KIR,WPR,Western Pacific,YEAR,2024,TOBACCO_INDICATOR,TOBACCO_INDICATOR_Rev_curr_prev,,,,,,,AUD,,,,,2025-08-12T08:52:39Z,2024,2024-01-01,2024-12-31
159742,TOBACCO_MPOWER_R_TAXREVENUEPREVIOUS,COUNTRY,HUN,EUR,Europe,YEAR,2024,TOBACCO_INDICATOR,TOBACCO_INDICATOR_Rev_excise_prev,,,,,,,365 124 051 786,365124051786,,,,2025-08-12T15:11:05Z,2024,2024-01-01,2024-12-31
163794,TOBACCO_MPOWER_R_TAXREVENUEPREVIOUS,COUNTRY,FSM,WPR,Western Pacific,YEAR,2024,TOBACCO_INDICATOR,TOBACCO_INDICATOR_Rev_other_prev,,,,,,,. . .,,,,,2025-08-12T08:52:39Z,2024,2024-01-01,2024-12-31
184006,TOBACCO_MPOWER_R_TAXREVENUEPREVIOUS,COUNTRY,DZA,AFR,Africa,YEAR,2024,TOBACCO_INDICATOR,TOBACCO_INDICATOR_Rev_VAT_prev,,,,,,,27 463 412 368,27463412368,,,,2025-08-12T08:52:39Z,2024,2024-01-01,2024-12-31
187339,TOBACCO_MPOWER_R_TAXREVENUEPREVIOUS,COUNTRY,BLR,EUR,Europe,YEAR,2024,TOBACCO_INDICATOR,TOBACCO_INDICATOR_Rev_curr_prev,,,,,,,BYN,,,,,2025-08-12T08:52:39Z,2024,2024-01-01,2024-12-31
187494,TOBACCO_MPOWER_R_TAXREVENUEPREVIOUS,COUNTRY,YEM,EMR,Eastern Mediterranean,YEAR,2024,TOBACCO_INDICATOR,TOBACCO_INDICATOR_Rev_VAT_prev,,,,,,,35 428 549 972,35428549972,,,,2025-08-12T08:52:39Z,2024,2024-01-01,2024-12-31
187690,TOBACCO_MPOWER_R_TAXREVENUEPREVIOUS,COUNTRY,FJI,WPR,Western Pacific,YEAR,2024,TOBACCO_INDICATOR,TOBACCO_INDICATOR_Rev_curr_prev,,,,,,,FJD,,,,,2025-08-12T08:52:39Z,2024,2024-01-01,2024-12-31
187983,TOBACCO_MPOWER_R_TAXREVENUEPREVIOUS,COUNTRY,RUS,EUR,Europe,YEAR,2024,TOBACCO_INDICATOR,TOBACCO_INDICATOR_Rev_govt_total_prev,,,,,,,. . .,,,,,2025-08-12T08:52:39Z,2024,2024-01-01,2024-12-31
198081,TOBACCO_MPOWER_R_TAXREVENUEPREVIOUS,COUNTRY,COD,AFR,Africa,YEAR,2024,TOBACCO_INDICATOR,TOBACCO_INDICATOR_Rev_other_prev,,,,,,,50 033 110 329,50033110329,,,,2025-08-12T08:52:39Z,2024,2024-01-01,2024-12-31
201755,TOBACCO_MPOWER_R_TAXREVENUEPREVIOUS,COUNTRY,COK,WPR,Western Pacific,YEAR,2024,TOBACCO_INDICATOR,TOBACCO_INDICATOR_Rev_VAT_prev,,,,,,,. . .,,,,,2025-08-12T08:52:39Z,2024,2024-01-01,2024-12-31
223643,TOBACCO_MPOWER_R_TAXREVENUEPREVIOUS,COUNTRY,KNA,AMR,Americas,YEAR,2024,TOBACCO_INDICATOR,TOBACCO_INDICATOR_Rev_VAT_prev,,,,,,,50 142,50141.92,,,,2025-08-12T08:52:39Z,2024,2024-01-01,2024-12-31
233222,TOBACCO_MPOWER_R_TAXREVENUEPREVIOUS,COUNTRY,NPL,SEAR,South-East Asia,YEAR,2024,TOBACCO_INDICATOR,TOBACCO_INDICATOR_Rev_excise_prev,,,,,,,26 218 523 000,26218523000,,,,2025-08-12T08:52:39Z,2024,2024-01-01,2024-12-31
236031,TOBACCO_MPOWER_R_TAXREVENUEPREVIOUS,COUNTRY,TUR,EUR,Europe,YEAR,2024,TOBACCO_INDICATOR,TOBACCO_INDICATOR_Rev_govt_total_prev,,,,,,,. . .,,,,,2025-08-12T08:52:39Z,2024,2024-01-01,2024-12-31
238927,TOBACCO_MPOWER_R_TAXREVENUEPREVIOUS,COUNTRY,LAO,WPR,Western Pacific,YEAR,2024,TOBACCO_INDICATOR,TOBACCO_INDICATOR_Rev_other_prev,,,,,,,. . .,,,,,2025-08-12T08:52:39Z,2024,2024-01-01,2024-12-31
258280,TOBACCO_MPOWER_R_TAXREVENUEPREVIOUS,COUNTRY,LBY,EMR,Eastern Mediterranean,YEAR,2024,TOBACCO_INDICATOR,TOBACCO_INDICATOR_Rev_excise_prev,,,,,,,—,,,,,2025-08-12T08:52:39Z,2024,2024-01-01,2024-12-31
259595,TOBACCO_MPOWER_R_TAXREVENUEPREVIOUS,COUNTRY,PER,AMR,Americas,YEAR,2024,TOBACCO_INDICATOR,TOBACCO_INDICATOR_Rev_govt_total_prev,,,,,,,371 704 193,371704193,,,,2025-08-12T08:52:39Z,2024,2024-01-01,2024-12-31
261891,TOBACCO_MPOWER_R_TAXREVENUEPREVIOUS,COUNTRY,MDG,AFR,Africa,YEAR,2024,TOBACCO_INDICATOR,TOBACCO_INDICATOR_Rev_other_prev,,,,,,,. . .,,,,,2025-08-12T08:52:39Z,2024,2024-01-01,2024-12-31
268208,TOBACCO_MPOWER_R_TAXREVENUEPREVIOUS,COUNTRY,ROU,EUR,Europe,YEAR,2024,TOBACCO_INDICATOR,TOBACCO_INDICATOR_Rev_other_prev,,,,,,,. . .,,,,,2025-08-12T08:52:39Z,2024,2024-01-01,2024-12-31
272844,TOBACCO_MPOWER_R_TAXREVENUEPREVIOUS,COUNTRY,SWZ,AFR,Africa,YEAR,2024,TOBACCO_INDICATOR,TOBACCO_INDICATOR_Rev_excise_prev,,,,,,,4272.79,4272.79,,,,2025-08-12T08:52:39Z,2024,2024-01-01,2024-12-31
290248,TOBACCO_MPOWER_R_TAXREVENUEPREVIOUS,COUNTRY,ISL,EUR,Europe,YEAR,2024,TOBACCO_INDICATOR,TOBACCO_INDICATOR_Rev_excise_prev,,,,,,,5 007 000 000,5007000000,,,,2025-08-12T08:52:39Z,2024,2024-01-01,2024-12-31
294024,TOBACCO_MPOWER_R_TAXREVENUEPREVIOUS,COUNTRY,MKD,EUR,Europe,YEAR,2024,TOBACCO_INDICATOR,TOBACCO_INDICATOR_Rev_VAT_prev,,,,,,,. . .,,,,,2025-08-12T08:52:39Z,2024,2024-01-01,2024-12-31
296264,TOBACCO_MPOWER_R_TAXREVENUEPREVIOUS,COUNTRY,SAU,EMR,Eastern Mediterranean,YEAR,2024,TOBACCO_INDICATOR,TOBACCO_INDICATOR_Rev_excise_prev,,,,,,,9 488 816 873,9488816873,,,,2025-08-12T08:52:39Z,2024,2024-01-01,2024-12-31
299844,TOBACCO_MPOWER_R_TAXREVENUEPREVIOUS,COUNTRY,DNK,EUR,Europe,YEAR,2024,TOBACCO_INDICATOR,TOBACCO_INDICATOR_Rev_year_prev,,,,,,,2022,,,,,2025-08-12T15:11:05Z,2024,2024-01-01,2024-12-31
306352,TOBACCO_MPOWER_R_TAXREVENUEPREVIOUS,COUNTRY,SMR,EUR,Europe,YEAR,2024,TOBACCO_INDICATOR,TOBACCO_INDICATOR_Rev_curr_prev,,,,,,,. .,,,,,2025-08-12T08:52:39Z,2024,2024-01-01,2024-12-31
326924,TOBACCO_MPOWER_R_TAXREVENUEPREVIOUS,COUNTRY,TUV,WPR,Western Pacific,YEAR,2024,TOBACCO_INDICATOR,TOBACCO_INDICATOR_Rev_other_prev,,,,,,,0,0,,,,2025-08-12T08:52:39Z,2024,2024-01-01,2024-12-31
328334,TOBACCO_MPOWER_R_TAXREVENUEPREVIOUS,COUNTRY,PER,AMR,Americas,YEAR,2024,TOBACCO_INDICATOR,TOBACCO_INDICATOR_Rev_other_prev,,,,,,,0,0,,,,2025-08-12T08:52:39Z,2024,2024-01-01,2024-12-31
332305,TOBACCO_MPOWER_R_TAXREVENUEPREVIOUS,COUNTRY,MEX,AMR,Americas,YEAR,2024,TOBACCO_INDICATOR,TOBACCO_INDICATOR_Rev_type_prev,,,,,,,All Tobacco products,,,,,2025-08-12T08:52:39Z,2024,2024-01-01,2024-12-31
339383,TOBACCO_MPOWER_R_TAXREVENUEPREVIOUS,COUNTRY,SOM,EMR,Eastern Mediterranean,YEAR,2024,TOBACCO_INDICATOR,TOBACCO_INDICATOR_Rev_other_prev,,,,,,,. . .,,,,,2025-08-12T08:52:39Z,2024,2024-01-01,2024-12-31
345623,TOBACCO_MPOWER_R_TAXREVENUEPREVIOUS,COUNTRY,DNK,EUR,Europe,YEAR,2024,TOBACCO_INDICATOR,TOBACCO_INDICATOR_Rev_VAT_prev,,,,,,,. . .,,,,,2025-08-12T08:52:39Z,2024,2024-01-01,2024-12-31
346213,TOBACCO_MPOWER_R_TAXREVENUEPREVIOUS,COUNTRY,SOM,EMR,Eastern Mediterranean,YEAR,2024,TOBACCO_INDICATOR,TOBACCO_INDICATOR_Rev_VAT_prev,,,,,,,. . .,,,,,2025-08-12T08:52:39Z,2024,2024-01-01,2024-12-31
361530,TOBACCO_MPOWER_R_TAXREVENUEPREVIOUS,COUNTRY,POL,EUR,Europe,YEAR,2024,TOBACCO_INDICATOR,TOBACCO_INDICATOR_Rev_other_prev,,,,,,,. . .,,,,,2025-08-12T08:52:39Z,2024,2024-01-01,2024-12-31
370515,TOBACCO_MPOWER_R_TAXREVENUEPREVIOUS,COUNTRY,TZA,AFR,Africa,YEAR,2024,TOBACCO_INDICATOR,TOBACCO_INDICATOR_Rev_VAT_prev,,,,,,,40 187 570 000,40187570000,,,,2025-08-12T08:52:39Z,2024,2024-01-01,2024-12-31
374075,TOBACCO_MPOWER_R_TAXREVENUEPREVIOUS,COUNTRY,BGD,SEAR,South-East Asia,YEAR,2024,TOBACCO_INDICATOR,TOBACCO_INDICATOR_Rev_VAT_prev,,,,,,,60 479 300 000,60479300000,,,,2025-08-12T08:52:39Z,2024,2024-01-01,2024-12-31
374157,TOBACCO_MPOWER_R_TAXREVENUEPREVIOUS,COUNTRY,GTM,AMR,Americas,YEAR,2024,TOBACCO_INDICATOR,TOBACCO_INDICATOR_Rev_import_prev,,,,,,,3 595 056,3595056.24,,,,2025-08-12T08:52:39Z,2024,2024-01-01,2024-12-31
390835,TOBACCO_MPOWER_R_TAXREVENUEPREVIOUS,COUNTRY,HUN,EUR,Europe,YEAR,2024,TOBACCO_INDICATOR,TOBACCO_INDICATOR_Rev_import_prev,,,,,,,. . .,,,,,2025-08-12T08:52:39Z,2024,2024-01-01,2024-12-31
394444,TOBACCO_MPOWER_R_TAXREVENUEPREVIOUS,COUNTRY,CPV,AFR,Africa,YEAR,2024,TOBACCO_INDICATOR,TOBACCO_INDICATOR_Rev_year_prev,,,,,,,2022,,,,,2025-08-12T15:11:05Z,2024,2024-01-01,2024-12-31
396066,TOBACCO_MPOWER_R_TAXREVENUEPREVIOUS,COUNTRY,CZE,EUR,Europe,YEAR,2024,TOBACCO_INDICATOR,TOBACCO_INDICATOR_Rev_VAT_prev,,,,,,,. . .,,,,,2025-08-12T08:52:39Z,2024,2024-01-01,2024-12-31
409386,TOBACCO_MPOWER_R_TAXREVENUEPREVIOUS,COUNTRY,TCD,AFR,Africa,YEAR,2024,TOBACCO_INDICATOR,TOBACCO_INDICATOR_Rev_year_prev,,,,,,,2022,,,,,2025-08-12T15:11:05Z,2024,2024-01-01,2024-12-31
421654,TOBACCO_MPOWER_R_TAXREVENUEPREVIOUS,COUNTRY,PAK,EMR,Eastern Mediterranean,YEAR,2024,TOBACCO_INDICATOR,TOBACCO_INDICATOR_Rev_excise_prev,,,,,,,117 240 000 000,117240000000,,,,2025-08-12T08:52:39Z,2024,2024-01-01,2024-12-31
429290,TOBACCO_MPOWER_R_TAXREVENUEPREVIOUS,COUNTRY,PNG,WPR,Western Pacific,YEAR,2024,TOBACCO_INDICATOR,TOBACCO_INDICATOR_Rev_curr_prev,,,,,,,PGK,,,,,2025-08-12T08:52:39Z,2024,2024-01-01,2024-12-31
431144,TOBACCO_MPOWER_R_TAXREVENUEPREVIOUS,COUNTRY,KEN,AFR,Africa,YEAR,2024,TOBACCO_INDICATOR,TOBACCO_INDICATOR_Rev_govt_total_prev,,,,,,,. . .,,,,,2025-08-12T08:52:39Z,2024,2024-01-01,2024-12-31
431544,TOBACCO_MPOWER_R_TAXREVENUEPREVIOUS,COUNTRY,ECU,AMR,Americas,YEAR,2024,TOBACCO_INDICATOR,TOBACCO_INDICATOR_Rev_excise_prev,,,,,,,42 325 668,42325668.29,,,,2025-08-12T08:52:39Z,2024,2024-01-01,2024-12-31
437326,TOBACCO_MPOWER_R_TAXREVENUEPREVIOUS,COUNTRY,CZE,EUR,Europe,YEAR,2024,TOBACCO_INDICATOR,TOBACCO_INDICATOR_Rev_import_prev,,,,,,,. . .,,,,,2025-08-12T08:52:39Z,2024,2024-01-01,2024-12-31
438866,TOBACCO_MPOWER_R_TAXREVENUEPREVIOUS,COUNTRY,LCA,AMR,Americas,YEAR,2024,TOBACCO_INDICATOR,TOBACCO_INDICATOR_Rev_import_prev,,,,,,,199 903,199903,,,,2025-08-12T08:52:39Z,2024,2024-01-01,2024-12-31
439403,TOBACCO_MPOWER_R_TAXREVENUEPREVIOUS,COUNTRY,MNE,EUR,Europe,YEAR,2024,TOBACCO_INDICATOR,TOBACCO_INDICATOR_Rev_other_prev,,,,,,,. . .,,,,,2025-08-12T08:52:39Z,2024,2024-01-01,2024-12-31
440392,TOBACCO_MPOWER_R_TAXREVENUEPREVIOUS,COUNTRY,CMR,AFR,Africa,YEAR,2024,TOBACCO_INDICATOR,TOBACCO_INDICATOR_Rev_other_prev,,,,,,,. . .,,,,,2025-08-12T08:52:39Z,2024,2024-01-01,2024-12-31
444800,TOBACCO_MPOWER_R_TAXREVENUEPREVIOUS,COUNTRY,STP,AFR,Africa,YEAR,2024,TOBACCO_INDICATOR,TOBACCO_INDICATOR_Rev_import_prev,,,,,,,1 467 622 253,1467622253,,,,2025-08-12T08:52:39Z,2024,2024-01-01,2024-12-31
445743,TOBACCO_MPOWER_R_TAXREVENUEPREVIOUS,COUNTRY,PRK,SEAR,South-East Asia,YEAR,2024,TOBACCO_INDICATOR,TOBACCO_INDICATOR_Rev_other_prev,,,,,,,. . .,,,,,2025-08-12T08:52:39Z,2024,2024-01-01,2024-12-31
456241,TOBACCO_MPOWER_R_TAXREVENUEPREVIOUS,COUNTRY,CHE,EUR,Europe,YEAR,2024,TOBACCO_INDICATOR,TOBACCO_INDICATOR_Rev_VAT_prev,,,,,,,364 000 000,364000000,,,,2025-08-12T08:52:39Z,2024,2024-01-01,2024-12-31
462526,TOBACCO_MPOWER_R_TAXREVENUEPREVIOUS,COUNTRY,SRB,EUR,Europe,YEAR,2024,TOBACCO_INDICATOR,TOBACCO_INDICATOR_Rev_curr_prev,,,,,,,RSD,,,,,2025-08-12T08:52:39Z,2024,2024-01-01,2024-12-31
463848,TOBACCO_MPOWER_R_TAXREVENUEPREVIOUS,COUNTRY,MKD,EUR,Europe,YEAR,2024,TOBACCO_INDICATOR,TOBACCO_INDICATOR_Rev_import_prev,,,,,,,148 000 000,148000000,,,,2025-08-12T08:52:39Z,2024,2024-01-01,2024-12-31
465607,TOBACCO_MPOWER_R_TAXREVENUEPREVIOUS,COUNTRY,LBR,AFR,Africa,YEAR,2024,TOBACCO_INDICATOR,TOBACCO_INDICATOR_Rev_VAT_prev,,,,,,,49 757,49757,,,,2025-08-12T08:52:39Z,2024,2024-01-01,2024-12-31
470118,TOBACCO_MPOWER_R_TAXREVENUEPREVIOUS,COUNTRY,BHR,EMR,Eastern Mediterranean,YEAR,2024,TOBACCO_INDICATOR,TOBACCO_INDICATOR_Rev_curr_prev,,,,,,,BHD,,,,,2025-08-12T08:52:39Z,2024,2024-01-01,2024-12-31
476060,TOBACCO_MPOWER_R_TAXREVENUEPREVIOUS,COUNTRY,MDA,EUR,Europe,YEAR,2024,TOBACCO_INDICATOR,TOBACCO_INDICATOR_Rev_excise_prev,,,,,,,2 156 000 000,2156000000,,,,2025-08-12T08:52:39Z,2024,2024-01-01,2024-12-31
482575,TOBACCO_MPOWER_R_TAXREVENUEPREVIOUS,COUNTRY,COG,AFR,Africa,YEAR,2024,TOBACCO_INDICATOR,TOBACCO_INDICATOR_Rev_other_prev,,,,,,,. . .,,,,,2025-08-12T08:52:39Z,2024,2024-01-01,2024-12-31
486266,TOBACCO_MPOWER_R_TAXREVENUEPREVIOUS,COUNTRY,PRK,SEAR,South-East Asia,YEAR,2024,TOBACCO_INDICATOR,TOBACCO_INDICATOR_Rev_type_prev,,,,,,,. . .,,,,,2025-08-12T08:52:39Z,2024,2024-01-01,2024-12-31
500138,TOBACCO_MPOWER_R_TAXREVENUEPREVIOUS,COUNTRY,DEU,EUR,Europe,YEAR,2024,TOBACCO_INDICATOR,TOBACCO_INDICATOR_Rev_type_prev,,,,,,,All Tobacco products,,,,,2025-08-12T08:52:39Z,2024,2024-01-01,2024-12-31
500291,TOBACCO_MPOWER_R_TAXREVENUEPREVIOUS,COUNTRY,NOR,EUR,Europe,YEAR,2024,TOBACCO_INDICATOR,TOBACCO_INDICATOR_Rev_year_prev,,,,,,,2020,,,,,2025-08-12T15:11:05Z,2024,2024-01-01,2024-12-31
505797,TOBACCO_MPOWER_R_TAXREVENUEPREVIOUS,COUNTRY,JOR,EMR,Eastern Mediterranean,YEAR,2024,TOBACCO_INDICATOR,TOBACCO_INDICATOR_Rev_curr_prev,,,,,,,JOD,,,,,2025-08-12T08:52:39Z,2024,2024-01-01,2024-12-31
506236,TOBACCO_MPOWER_R_TAXREVENUEPREVIOUS,COUNTRY,SGP,WPR,Western Pacific,YEAR,2024,TOBACCO_INDICATOR,TOBACCO_INDICATOR_Rev_VAT_prev,,,,,,,. . .,,,,,2025-08-12T08:52:39Z,2024,2024-01-01,2024-12-31
510440,TOBACCO_MPOWER_R_TAXREVENUEPREVIOUS,COUNTRY,SMR,EUR,Europe,YEAR,2024,TOBACCO_INDICATOR,TOBACCO_INDICATOR_Rev_type_prev,,,,,,,. . .,,,,,2025-08-12T08:52:39Z,2024,2024-01-01,2024-12-31
521741,TOBACCO_MPOWER_R_TAXREVENUEPREVIOUS,COUNTRY,BIH,EUR,Europe,YEAR,2024,TOBACCO_INDICATOR,TOBACCO_INDICATOR_Rev_type_prev,,,,,,,All Tobacco products,,,,,2025-08-12T08:52:39Z,2024,2024-01-01,2024-12-31
524794,TOBACCO_MPOWER_R_TAXREVENUEPREVIOUS,COUNTRY,IDN,WPR,Western Pacific,YEAR,2024,TOBACCO_INDICATOR,TOBACCO_INDICATOR_Rev_other_prev,,,,,,,21 923 275 210 080,21923275210080,,,,2025-08-12T15:11:05Z,2024,2024-01-01,2024-12-31
526684,TOBACCO_MPOWER_R_TAXREVENUEPREVIOUS,COUNTRY,TJK,EUR,Europe,YEAR,2024,TOBACCO_INDICATOR,TOBACCO_INDICATOR_Rev_curr_prev,,,,,,,TJS,,,,,2025-08-12T08:52:39Z,2024,2024-01-01,2024-12-31
538125,TOBACCO_MPOWER_R_TAXREVENUEPREVIOUS,COUNTRY,LBN,EMR,Eastern Mediterranean,YEAR,2024,TOBACCO_INDICATOR,TOBACCO_INDICATOR_Rev_other_prev,,,,,,,. . .,,,,,2025-08-12T08:52:39Z,2024,2024-01-01,2024-12-31
543067,TOBACCO_MPOWER_R_TAXREVENUEPREVIOUS,COUNTRY,PSE,EMR,Eastern Mediterranean,YEAR,2024,TOBACCO_INDICATOR,TOBACCO_INDICATOR_Rev_type_prev,,,,,,,Cigarettes only,,,,,2025-08-12T08:52:39Z,2024,2024-01-01,2024-12-31
552478,TOBACCO_MPOWER_R_TAXREVENUEPREVIOUS,COUNTRY,MHL,WPR,Western Pacific,YEAR,2024,TOBACCO_INDICATOR,TOBACCO_INDICATOR_Rev_other_prev,,,,,,,. . .,,,,,2025-08-12T08:52:39Z,2024,2024-01-01,2024-12-31
553170,TOBACCO_MPOWER_R_TAXREVENUEPREVIOUS,COUNTRY,TUR,EUR,Europe,YEAR,2024,TOBACCO_INDICATOR,TOBACCO_INDICATOR_Rev_other_prev,,,,,,,. . .,,,,,2025-08-12T08:52:39Z,2024,2024-01-01,2024-12-31
554996,TOBACCO_MPOWER_R_TAXREVENUEPREVIOUS,COUNTRY,DEU,EUR,Europe,YEAR,2024,TOBACCO_INDICATOR,TOBACCO_INDICATOR_Rev_import_prev,,,,,,,. . .,,,,,2025-08-12T08:52:39Z,2024,2024-01-01,2024-12-31
561440,TOBACCO_MPOWER_R_TAXREVENUEPREVIOUS,COUNTRY,IND,SEAR,South-East Asia,YEAR,2024,TOBACCO_INDICATOR,TOBACCO_INDICATOR_Rev_type_prev,,,,,,,Cigarettes only,,,,,2025-08-12T08:52:39Z,2024,2024-01-01,2024-12-31
564503,TOBACCO_MPOWER_R_TAXREVENUEPREVIOUS,COUNTRY,ISR,EUR,Europe,YEAR,2024,TOBACCO_INDICATOR,TOBACCO_INDICATOR_Rev_year_prev,,,,,,,2022,,,,,2025-08-12T15:11:05Z,2024,2024-01-01,2024-12-31
578349,TOBACCO_MPOWER_R_TAXREVENUEPREVIOUS,COUNTRY,MCO,EUR,Europe,YEAR,2024,TOBACCO_INDICATOR,TOBACCO_INDICATOR_Rev_type_prev,,,,,,,. . .,,,,,2025-08-12T08:52:39Z,2024,2024-01-01,2024-12-31
591323,TOBACCO_MPOWER_R_TAXREVENUEPREVIOUS,COUNTRY,LAO,WPR,Western Pacific,YEAR,2024,TOBACCO_INDICATOR,TOBACCO_INDICATOR_Rev_excise_prev,,,,,,,176 051 551 646,176051551646,,,,2025-08-12T15:11:05Z,2024,2024-01-01,2024-12-31
594423,TOBACCO_MPOWER_R_TAXREVENUEPREVIOUS,COUNTRY,MAR,EMR,Eastern Mediterranean,YEAR,2024,TOBACCO_INDICATOR,TOBACCO_INDICATOR_Rev_type_prev,,,,,,,All Tobacco products,,,,,2025-08-12T08:52:39Z,2024,2024-01-01,2024-12-31
600884,TOBACCO_MPOWER_R_TAXREVENUEPREVIOUS,COUNTRY,MDA,EUR,Europe,YEAR,2024,TOBACCO_INDICATOR,TOBACCO_INDICATOR_Rev_govt_total_prev,,,,,,,. . .,,,,,2025-08-12T08:52:39Z,2024,2024-01-01,2024-12-31
604741,TOBACCO_MPOWER_R_TAXREVENUEPREVIOUS,COUNTRY,AFG,EMR,Eastern Mediterranean,YEAR,2024,TOBACCO_INDICATOR,TOBACCO_INDICATOR_Rev_year_prev,,,,,,,2016,,,,,2025-08-12T15:11:05Z,2024,2024-01-01,2024-12-31
608314,TOBACCO_MPOWER_R_TAXREVENUEPREVIOUS,COUNTRY,CHL,AMR,Americas,YEAR,2024,TOBACCO_INDICATOR,TOBACCO_INDICATOR_Rev_other_prev,,,,,,,. . .,,,,,2025-08-12T08:52:39Z,2024,2024-01-01,2024-12-31
613449,TOBACCO_MPOWER_R_TAXREVENUEPREVIOUS,COUNTRY,KHM,WPR,Western Pacific,YEAR,2024,TOBACCO_INDICATOR,TOBACCO_INDICATOR_Rev_year_prev,,,,,,,2022,,,,,2025-08-12T15:11:05Z,2024,2024-01-01,2024-12-31
616231,TOBACCO_MPOWER_R_TAXREVENUEPREVIOUS,COUNTRY,DEU,EUR,Europe,YEAR,2024,TOBACCO_INDICATOR,TOBACCO_INDICATOR_Rev_year_prev,,,,,,,2022,,,,,2025-08-12T15:11:05Z,2024,2024-01-01,2024-12-31
622274,TOBACCO_MPOWER_R_TAXREVENUEPREVIOUS,COUNTRY,SMR,EUR,Europe,YEAR,2024,TOBACCO_INDICATOR,TOBACCO_INDICATOR_Rev_excise_prev,,,,,,,. . .,,,,,2025-08-12T08:52:39Z,2024,2024-01-01,2024-12-31
629812,TOBACCO_MPOWER_R_TAXREVENUEPREVIOUS,COUNTRY,EGY,EMR,Eastern Mediterranean,YEAR,2024,TOBACCO_INDICATOR,TOBACCO_INDICATOR_Rev_excise_prev,,,,,,,71 000 000 000,71000000000,,,,2025-08-12T08:52:39Z,2024,2024-01-01,2024-12-31
637868,TOBACCO_MPOWER_R_TAXREVENUEPREVIOUS,COUNTRY,GNB,AFR,Africa,YEAR,2024,TOBACCO_INDICATOR,TOBACCO_INDICATOR_Rev_type_prev,,,,,,,All Tobacco products,,,,,2025-08-12T08:52:39Z,2024,2024-01-01,2024-12-31
648105,TOBACCO_MPOWER_R_TAXREVENUEPREVIOUS,COUNTRY,AZE,EUR,Europe,YEAR,2024,TOBACCO_INDICATOR,TOBACCO_INDICATOR_Rev_excise_prev,,,,,,,8 300 000,8300000,,,,2025-08-12T08:52:39Z,2024,2024-01-01,2024-12-31
661619,TOBACCO_MPOWER_R_TAXREVENUEPREVIOUS,COUNTRY,TKM,EUR,Europe,YEAR,2024,TOBACCO_INDICATOR,TOBACCO_INDICATOR_Rev_type_prev,,,,,,,. . .,,,,,2025-08-12T08:52:39Z,2024,2024-01-01,2024-12-31
668189,TOBACCO_MPOWER_R_TAXREVENUEPREVIOUS,COUNTRY,MMR,SEAR,South-East Asia,YEAR,2024,TOBACCO_INDICATOR,TOBACCO_INDICATOR_Rev_VAT_prev,,,,,,,. . .,,,,,2025-08-12T08:52:39Z,2024,2024-01-01,2024-12-31
681507,TOBACCO_MPOWER_R_TAXREVENUEPREVIOUS,COUNTRY,CIV,AFR,Africa,YEAR,2024,TOBACCO_INDICATOR,TOBACCO_INDICATOR_Rev_import_prev,,,,,,,. . .,,,,,2025-08-12T08:52:39Z,2024,2024-01-01,2024-12-31
695406,TOBACCO_MPOWER_R_TAXREVENUEPREVIOUS,COUNTRY,MDV,SEAR,South-East Asia,YEAR,2024,TOBACCO_INDICATOR,TOBACCO_INDICATOR_Rev_VAT_prev,,,,,,,. . .,,,,,2025-08-12T08:52:39Z,2024,2024-01-01,2024-12-31
700130,TOBACCO_MPOWER_R_TAXREVENUEPREVIOUS,COUNTRY,MKD,EUR,Europe,YEAR,2024,TOBACCO_INDICATOR,TOBACCO_INDICATOR_Rev_year_prev,,,,,,,2020,,,,,2025-08-12T15:11:05Z,2024,2024-01-01,2024-12-31
708041,TOBACCO_MPOWER_R_TAXREVENUEPREVIOUS,COUNTRY,DOM,AMR,Americas,YEAR,2024,TOBACCO_INDICATOR,TOBACCO_INDICATOR_Rev_year_prev,,,,,,,2022,,,,,2025-08-12T15:11:05Z,2024,2024-01-01,2024-12-31
734981,TOBACCO_MPOWER_R_TAXREVENUEPREVIOUS,COUNTRY,KWT,EMR,Eastern Mediterranean,YEAR,2024,TOBACCO_INDICATOR,TOBACCO_INDICATOR_Rev_other_prev,,,,,,,—,,,,,2025-08-12T08:52:39Z,2024,2024-01-01,2024-12-31
735941,TOBACCO_MPOWER_R_TAXREVENUEPREVIOUS,COUNTRY,MKD,EUR,Europe,YEAR,2024,TOBACCO_INDICATOR,TOBACCO_INDICATOR_Rev_govt_total_prev,,,,,,,. . .,,,,,2025-08-12T08:52:39Z,2024,2024-01-01,2024-12-31
758686,TOBACCO_MPOWER_R_TAXREVENUEPREVIOUS,COUNTRY,GHA,AFR,Africa,YEAR,2024,TOBACCO_INDICATOR,TOBACCO_INDICATOR_Rev_other_prev,,,,,,,24 446 832,24446831.51,,,,2025-08-12T08:52:39Z,2024,2024-01-01,2024-12-31
774841,TOBACCO_MPOWER_R_TAXREVENUEPREVIOUS,COUNTRY,KIR,WPR,Western Pacific,YEAR,2024,TOBACCO_INDICATOR,TOBACCO_INDICATOR_Rev_import_prev,,,,,,,. . .,,,,,2025-08-12T08:52:39Z,2024,2024-01-01,2024-12-31
775925,TOBACCO_MPOWER_R_TAXREVENUEPREVIOUS,COUNTRY,MOZ,AFR,Africa,YEAR,2024,TOBACCO_INDICATOR,TOBACCO_INDICATOR_Rev_govt_total_prev,,,,,,,3 663 820 187,3663820187.32,,,,2025-08-12T15:11:05Z,2024,2024-01-01,2024-12-31
802435,TOBACCO_MPOWER_R_TAXREVENUEPREVIOUS,COUNTRY,GAB,AFR,Africa,YEAR,2024,TOBACCO_INDICATOR,TOBACCO_INDICATOR_Rev_excise_prev,,,,,,,9 302 977 488,9302977488,,,,2025-08-12T08:52:39Z,2024,2024-01-01,2024-12-31
816694,TOBACCO_MPOWER_R_TAXREVENUEPREVIOUS,COUNTRY,NZL,WPR,Western Pacific,YEAR,2024,TOBACCO_INDICATOR,TOBACCO_INDICATOR_Rev_excise_prev,,,,,,,1 404 247 000,1404247000,,,,2025-08-12T08:52:39Z,2024,2024-01-01,2024-12-31
817240,TOBACCO_MPOWER_R_TAXREVENUEPREVIOUS,COUNTRY,GNB,AFR,Africa,YEAR,2024,TOBACCO_INDICATOR,TOBACCO_INDICATOR_Rev_VAT_prev,,,,,,,. . .,,,,,2025-08-12T08:52:39Z,2024,2024-01-01,2024-12-31
822938,TOBACCO_MPOWER_R_TAXREVENUEPREVIOUS,COUNTRY,ECU,AMR,Americas,YEAR,2024,TOBACCO_INDICATOR,TOBACCO_INDICATOR_Rev_other_prev,,,,,,,. . .,,,,,2025-08-12T08:52:39Z,2024,2024-01-01,2024-12-31
825528,TOBACCO_MPOWER_R_TAXREVENUEPREVIOUS,COUNTRY,OMN,EMR,Eastern Mediterranean,YEAR,2024,TOBACCO_INDICATOR,TOBACCO_INDICATOR_Rev_excise_prev,,,,,,,33 083 578,33083578,,,,2025-08-12T08:52:39Z,2024,2024-01-01,2024-12-31
825989,TOBACCO_MPOWER_R_TAXREVENUEPREVIOUS,COUNTRY,CUB,AMR,Americas,YEAR,2024,TOBACCO_INDICATOR,TOBACCO_INDICATOR_Rev_govt_total_prev,,,,,,,2 167 424 900,2167424900,,,,2025-08-12T08:52:39Z,2024,2024-01-01,2024-12-31
833813,TOBACCO_MPOWER_R_TAXREVENUEPREVIOUS,COUNTRY,SVN,EUR,Europe,YEAR,2024,TOBACCO_INDICATOR,TOBACCO_INDICATOR_Rev_govt_total_prev,,,,,,,. . .,,,,,2025-08-12T08:52:39Z,2024,2024-01-01,2024-12-31
857529,TOBACCO_MPOWER_R_TAXREVENUEPREVIOUS,COUNTRY,TGO,AFR,Africa,YEAR,2024,TOBACCO_INDICATOR,TOBACCO_INDICATOR_Rev_import_prev,,,,,,,. . .,,,,,2025-08-12T08:52:39Z,2024,2024-01-01,2024-12-31
858926,TOBACCO_MPOWER_R_TAXREVENUEPREVIOUS,COUNTRY,TGO,AFR,Africa,YEAR,2024,TOBACCO_INDICATOR,TOBACCO_INDICATOR_Rev_curr_prev,,,,,,,XOF,,,,,2025-08-12T08:52:39Z,2024,2024-01-01,2024-12-31
862580,TOBACCO_MPOWER_R_TAXREVENUEPREVIOUS,COUNTRY,AGO,AFR,Africa,YEAR,2024,TOBACCO_INDICATOR,TOBACCO_INDICATOR_Rev_other_prev,,,,,,,123 098 414,123098414,,,,2025-08-12T08:52:39Z,2024,2024-01-01,2024-12-31
862987,TOBACCO_MPOWER_R_TAXREVENUEPREVIOUS,COUNTRY,PAN,AMR,Americas,YEAR,2024,TOBACCO_INDICATOR,TOBACCO_INDICATOR_Rev_other_prev,,,,,,,. . .,,,,,2025-08-12T08:52:39Z,2024,2024-01-01,2024-12-31
865886,TOBACCO_MPOWER_R_TAXREVENUEPREVIOUS,COUNTRY,IRN,EMR,Eastern Mediterranean,YEAR,2024,TOBACCO_INDICATOR,TOBACCO_INDICATOR_Rev_excise_prev,,,,,,,0,0,,,,2025-08-12T08:52:39Z,2024,2024-01-01,2024-12-31
870863,TOBACCO_MPOWER_R_TAXREVENUEPREVIOUS,COUNTRY,UZB,EUR,Europe,YEAR,2024,TOBACCO_INDICATOR,TOBACCO_INDICATOR_Rev_govt_total_prev,,,,,,,. . .,,,,,2025-08-12T08:52:39Z,2024,2024-01-01,2024-12-31
873643,TOBACCO_MPOWER_R_TAXREVENUEPREVIOUS,COUNTRY,BEN,AFR,Africa,YEAR,2024,TOBACCO_INDICATOR,TOBACCO_INDICATOR_Rev_other_prev,,,,,,,102 745 088,102745088,,,,2025-08-12T08:52:39Z,2024,2024-01-01,2024-12-31
882345,TOBACCO_MPOWER_R_TAXREVENUEPREVIOUS,COUNTRY,ATG,AMR,Americas,YEAR,2024,TOBACCO_INDICATOR,TOBACCO_INDICATOR_Rev_curr_prev,,,,,,,XCD,,,,,2025-08-12T08:52:39Z,2024,2024-01-01,2024-12-31
887863,TOBACCO_MPOWER_R_TAXREVENUEPREVIOUS,COUNTRY,ECU,AMR,Americas,YEAR,2024,TOBACCO_INDICATOR,TOBACCO_INDICATOR_Rev_type_prev,,,,,,,Cigarettes only,,,,,2025-08-12T08:52:39Z,2024,2024-01-01,2024-12-31
899767,TOBACCO_MPOWER_R_TAXREVENUEPREVIOUS,COUNTRY,QAT,EMR,Eastern Mediterranean,YEAR,2024,TOBACCO_INDICATOR,TOBACCO_INDICATOR_Rev_govt_total_prev,,,,,,,1 032 198 923,1032198923,,,,2025-08-12T08:52:39Z,2024,2024-01-01,2024-12-31
901057,TOBACCO_MPOWER_R_TAXREVENUEPREVIOUS,COUNTRY,AND,EUR,Europe,YEAR,2024,TOBACCO_INDICATOR,TOBACCO_INDICATOR_Rev_other_prev,,,,,,,0,0,,,,2025-08-12T08:52:39Z,2024,2024-01-01,2024-12-31
914429,TOBACCO_MPOWER_R_TAXREVENUEPREVIOUS,COUNTRY,ESP,EUR,Europe,YEAR,2024,TOBACCO_INDICATOR,TOBACCO_INDICATOR_Rev_curr_prev,,,,,,,EUR,,,,,2025-08-12T08:52:39Z,2024,2024-01-01,2024-12-31
926310,TOBACCO_MPOWER_R_TAXREVENUEPREVIOUS,COUNTRY,BEN,AFR,Africa,YEAR,2024,TOBACCO_INDICATOR,TOBACCO_INDICATOR_Rev_govt_total_prev,,,,,,,3 113 557 711,3113557711,,,,2025-08-12T08:52:39Z,2024,2024-01-01,2024-12-31
927408,TOBACCO_MPOWER_R_TAXREVENUEPREVIOUS,COUNTRY,BGD,SEAR,South-East Asia,YEAR,2024,TOBACCO_INDICATOR,TOBACCO_INDICATOR_Rev_year_prev,,,,,,,2022/23,,,,,2025-08-12T08:52:39Z,2024,2024-01-01,2024-12-31
927691,TOBACCO_MPOWER_R_TAXREVENUEPREVIOUS,COUNTRY,POL,EUR,Europe,YEAR,2024,TOBACCO_INDICATOR,TOBACCO_INDICATOR_Rev_type_prev,,,,,,,All Tobacco products,,,,,2025-08-12T08:52:39Z,2024,2024-01-01,2024-12-31
930196,TOBACCO_MPOWER_R_TAXREVENUEPREVIOUS,COUNTRY,RUS,EUR,Europe,YEAR,2024,TOBACCO_INDICATOR,TOBACCO_INDICATOR_Rev_VAT_prev,,,,,,,. . .,,,,,2025-08-12T08:52:39Z,2024,2024-01-01,2024-12-31
931640,TOBACCO_MPOWER_R_TAXREVENUEPREVIOUS,COUNTRY,HUN,EUR,Europe,YEAR,2024,TOBACCO_INDICATOR,TOBACCO_INDICATOR_Rev_year_prev,,,,,,,2019,,,,,2025-08-12T15:11:05Z,2024,2024-01-01,2024-12-31
932628,TOBACCO_MPOWER_R_TAXREVENUEPREVIOUS,COUNTRY,LCA,AMR,Americas,YEAR,2024,TOBACCO_INDICATOR,TOBACCO_INDICATOR_Rev_other_prev,,,,,,,447 575,447575,,,,2025-08-12T08:52:39Z,2024,2024-01-01,2024-12-31
940374,TOBACCO_MPOWER_R_TAXREVENUEPREVIOUS,COUNTRY,SGP,WPR,Western Pacific,YEAR,2024,TOBACCO_INDICATOR,TOBACCO_INDICATOR_Rev_type_prev,,,,,,,All Tobacco products,,,,,2025-08-12T08:52:39Z,2024,2024-01-01,2024-12-31
950611,TOBACCO_MPOWER_R_TAXREVENUEPREVIOUS,COUNTRY,NER,AFR,Africa,YEAR,2024,TOBACCO_INDICATOR,TOBACCO_INDICATOR_Rev_curr_prev,,,,,,,XOF,,,,,2025-08-12T08:52:39Z,2024,2024-01-01,2024-12-31
958839,TOBACCO_MPOWER_R_TAXREVENUEPREVIOUS,COUNTRY,AGO,AFR,Africa,YEAR,2024,TOBACCO_INDICATOR,TOBACCO_INDICATOR_Rev_year_prev,,,,,,,2022,,,,,2025-08-12T15:11:05Z,2024,2024-01-01,2024-12-31
959988,TOBACCO_MPOWER_R_TAXREVENUEPREVIOUS,COUNTRY,ZMB,AFR,Africa,YEAR,2024,TOBACCO_INDICATOR,TOBACCO_INDICATOR_Rev_govt_total_prev,,,,,,,131 891 701,131891700.97,,,,2025-08-12T15:11:05Z,2024,2024-01-01,2024-12-31
977079,TOBACCO_MPOWER_R_TAXREVENUEPREVIOUS,COUNTRY,LBY,EMR,Eastern Mediterranean,YEAR,2024,TOBACCO_INDICATOR,TOBACCO_INDICATOR_Rev_year_prev,,,,,,,2013,,,,,2025-08-12T15:11:05Z,2024,2024-01-01,2024-12-31
977806,TOBACCO_MPOWER_R_TAXREVENUEPREVIOUS,COUNTRY,DJI,EMR,Eastern Mediterranean,YEAR,2024,TOBACCO_INDICATOR,TOBACCO_INDICATOR_Rev_govt_total_prev,,,,,,,208 000 000,208000000,,,,2025-08-12T08:52:39Z,2024,2024-01-01,2024-12-31
984307,TOBACCO_MPOWER_R_TAXREVENUEPREVIOUS,COUNTRY,KGZ,EUR,Europe,YEAR,2024,TOBACCO_INDICATOR,TOBACCO_INDICATOR_Rev_excise_prev,,,,,,,5 691 840 456,5691840456,,,,2025-08-12T08:52:39Z,2024,2024-01-01,2024-12-31
993390,TOBACCO_MPOWER_R_TAXREVENUEPREVIOUS,COUNTRY,AUT,EUR,Europe,YEAR,2024,TOBACCO_INDICATOR,TOBACCO_INDICATOR_Rev_govt_total_prev,,,,,,,. . .,,,,,2025-08-12T08:52:39Z,2024,2024-01-01,2024-12-31
1006897,TOBACCO_MPOWER_R_TAXREVENUEPREVIOUS,COUNTRY,ERI,AFR,Africa,YEAR,2024,TOBACCO_INDICATOR,TOBACCO_INDICATOR_Rev_curr_prev,,,,,,,ERN,,,,,2025-08-12T08:52:39Z,2024,2024-01-01,2024-12-31
1008290,TOBACCO_MPOWER_R_TAXREVENUEPREVIOUS,COUNTRY,NPL,SEAR,South-East Asia,YEAR,2024,TOBACCO_INDICATOR,TOBACCO_INDICATOR_Rev_govt_total_prev,,,,,,,. . .,,,,,2025-08-12T08:52:39Z,2024,2024-01-01,2024-12-31
1022451,TOBACCO_MPOWER_R_TAXREVENUEPREVIOUS,COUNTRY,KOR,WPR,Western Pacific,YEAR,2024,TOBACCO_INDICATOR,TOBACCO_INDICATOR_Rev_excise_prev,,,,,,,10 365 500 000 000,10365500000000,,,,2025-08-12T15:11:05Z,2024,2024-01-01,2024-12-31
1026464,TOBACCO_MPOWER_R_TAXREVENUEPREVIOUS,COUNTRY,CAF,AFR,Africa,YEAR,2024,TOBACCO_INDICATOR,TOBACCO_INDICATOR_Rev_year_prev,,,,,,,2016,,,,,2025-08-12T15:11:05Z,2024,2024-01-01,2024-12-31
1028056,TOBACCO_MPOWER_R_TAXREVENUEPREVIOUS,COUNTRY,CHL,AMR,Americas,YEAR,2024,TOBACCO_INDICATOR,TOBACCO_INDICATOR_Rev_VAT_prev,,,,,,,373 109 616 269,373109616269,,,,2025-08-12T15:11:05Z,2024,2024-01-01,2024-12-31
1037966,TOBACCO_MPOWER_R_TAXREVENUEPREVIOUS,COUNTRY,SEN,AFR,Africa,YEAR,2024,TOBACCO_INDICATOR,TOBACCO_INDICATOR_Rev_type_prev,,,,,,,All tobacco products,,,,,2025-08-12T08:52:39Z,2024,2024-01-01,2024-12-31
1044550,TOBACCO_MPOWER_R_TAXREVENUEPREVIOUS,COUNTRY,AND,EUR,Europe,YEAR,2024,TOBACCO_INDICATOR,TOBACCO_INDICATOR_Rev_curr_prev,,,,,,,EUR,,,,,2025-08-12T08:52:39Z,2024,2024-01-01,2024-12-31
1056873,TOBACCO_MPOWER_R_TAXREVENUEPREVIOUS,COUNTRY,HUN,EUR,Europe,YEAR,2024,TOBACCO_INDICATOR,TOBACCO_INDICATOR_Rev_govt_total_prev,,,,,,,. . .,,,,,2025-08-12T08:52:39Z,2024,2024-01-01,2024-12-31
1060717,TOBACCO_MPOWER_R_TAXREVENUEPREVIOUS,COUNTRY,SWE,EUR,Europe,YEAR,2024,TOBACCO_INDICATOR,TOBACCO_INDICATOR_Rev_govt_total_prev,,,,,,,. . .,,,,,2025-08-12T08:52:39Z,2024,2024-01-01,2024-12-31
1062420,TOBACCO_MPOWER_R_TAXREVENUEPREVIOUS,COUNTRY,SDN,EMR,Eastern Mediterranean,YEAR,2024,TOBACCO_INDICATOR,TOBACCO_INDICATOR_Rev_govt_total_prev,,,,,,,. . .,,,,,2025-08-12T08:52:39Z,2024,2024-01-01,2024-12-31
1068923,TOBACCO_MPOWER_R_TAXREVENUEPREVIOUS,COUNTRY,MLI,AFR,Africa,YEAR,2024,TOBACCO_INDICATOR,TOBACCO_INDICATOR_Rev_excise_prev,,,,,,,6 898 949 436,6898949436,,,,2025-08-12T08:52:39Z,2024,2024-01-01,2024-12-31
1078533,TOBACCO_MPOWER_R_TAXREVENUEPREVIOUS,COUNTRY,MDG,AFR,Africa,YEAR,2024,TOBACCO_INDICATOR,TOBACCO_INDICATOR_Rev_curr_prev,,,,,,,MGA,,,,,2025-08-12T08:52:39Z,2024,2024-01-01,2024-12-31
1089117,TOBACCO_MPOWER_R_TAXREVENUEPREVIOUS,COUNTRY,LBN,EMR,Eastern Mediterranean,YEAR,2024,TOBACCO_INDICATOR,TOBACCO_INDICATOR_Rev_import_prev,,,,,,,11 940 000 000,11940000000,,,,2025-08-12T08:52:39Z,2024,2024-01-01,2024-12-31
1090933,TOBACCO_MPOWER_R_TAXREVENUEPREVIOUS,COUNTRY,URY,AMR,Americas,YEAR,2024,TOBACCO_INDICATOR,TOBACCO_INDICATOR_Rev_govt_total_prev,,,,,,,. . .,,,,,2025-08-12T08:52:39Z,2024,2024-01-01,2024-12-31
1099129,TOBACCO_MPOWER_R_TAXREVENUEPREVIOUS,COUNTRY,MDA,EUR,Europe,YEAR,2024,TOBACCO_INDICATOR,TOBACCO_INDICATOR_Rev_other_prev,,,,,,,. . .,,,,,2025-08-12T08:52:39Z,2024,2024-01-01,2024-12-31
1102525,TOBACCO_MPOWER_R_TAXREVENUEPREVIOUS,COUNTRY,KWT,EMR,Eastern Mediterranean,YEAR,2024,TOBACCO_INDICATOR,TOBACCO_INDICATOR_Rev_curr_prev,,,,,,,KWD,,,,,2025-08-12T08:52:39Z,2024,2024-01-01,2024-12-31
1103320,TOBACCO_MPOWER_R_TAXREVENUEPREVIOUS,COUNTRY,ZMB,AFR,Africa,YEAR,2024,TOBACCO_INDICATOR,TOBACCO_INDICATOR_Rev_type_prev,,,,,,,Cigarettes only,,,,,2025-08-12T08:52:39Z,2024,2024-01-01,2024-12-31
1121194,TOBACCO_MPOWER_R_TAXREVENUEPREVIOUS,COUNTRY,DOM,AMR,Americas,YEAR,2024,TOBACCO_INDICATOR,TOBACCO_INDICATOR_Rev_VAT_prev,,,,,,,. . .,,,,,2025-08-12T08:52:39Z,2024,2024-01-01,2024-12-31
1129470,TOBACCO_MPOWER_R_TAXREVENUEPREVIOUS,COUNTRY,BEL,EUR,Europe,YEAR,2024,TOBACCO_INDICATOR,TOBACCO_INDICATOR_Rev_govt_total_prev,,,,,,,. . .,,,,,2025-08-12T08:52:39Z,2024,2024-01-01,2024-12-31
1131551,TOBACCO_MPOWER_R_TAXREVENUEPREVIOUS,COUNTRY,ROU,EUR,Europe,YEAR,2024,TOBACCO_INDICATOR,TOBACCO_INDICATOR_Rev_year_prev,,,,,,,2022,,,,,2025-08-12T15:11:05Z,2024,2024-01-01,2024-12-31
1158802,TOBACCO_MPOWER_R_TAXREVENUEPREVIOUS,COUNTRY,NIU,WPR,Western Pacific,YEAR,2024,TOBACCO_INDICATOR,TOBACCO_INDICATOR_Rev_VAT_prev,,,,,,,. . .,,,,,2025-08-12T08:52:39Z,2024,2024-01-01,2024-12-31
1164597,TOBACCO_MPOWER_R_TAXREVENUEPREVIOUS,COUNTRY,BDI,AFR,Africa,YEAR,2024,TOBACCO_INDICATOR,TOBACCO_INDICATOR_Rev_other_prev,,,,,,,. . .,,,,,2025-08-12T08:52:39Z,2024,2024-01-01,2024-12-31
1168063,TOBACCO_MPOWER_R_TAXREVENUEPREVIOUS,COUNTRY,COL,AMR,Americas,YEAR,2024,TOBACCO_INDICATOR,TOBACCO_INDICATOR_Rev_other_prev,,,,,,,. . .,,,,,2025-08-12T08:52:39Z,2024,2024-01-01,2024-12-31
1175101,TOBACCO_MPOWER_R_TAXREVENUEPREVIOUS,COUNTRY,SVK,EUR,Europe,YEAR,2024,TOBACCO_INDICATOR,TOBACCO_INDICATOR_Rev_curr_prev,,,,,,,EUR,,,,,2025-08-12T08:52:39Z,2024,2024-01-01,2024-12-31
1176617,TOBACCO_MPOWER_R_TAXREVENUEPREVIOUS,COUNTRY,PHL,WPR,Western Pacific,YEAR,2024,TOBACCO_INDICATOR,TOBACCO_INDICATOR_Rev_excise_prev,,,,,,,158 466 610 005,158466610005,,,,2025-08-12T15:11:05Z,2024,2024-01-01,2024-12-31
1177159,TOBACCO_MPOWER_R_TAXREVENUEPREVIOUS,COUNTRY,THA,SEAR,South-East Asia,YEAR,2024,TOBACCO_INDICATOR,TOBACCO_INDICATOR_Rev_type_prev,,,,,,,All Tobacco products,,,,,2025-08-12T08:52:39Z,2024,2024-01-01,2024-12-31
1181660,TOBACCO_MPOWER_R_TAXREVENUEPREVIOUS,COUNTRY,SGP,WPR,Western Pacific,YEAR,2024,TOBACCO_INDICATOR,TOBACCO_INDICATOR_Rev_excise_prev,,,,,,,1 113 828 000,1113828000,,,,2025-08-12T08:52:39Z,2024,2024-01-01,2024-12-31
1184939,TOBACCO_MPOWER_R_TAXREVENUEPREVIOUS,COUNTRY,PAN,AMR,Americas,YEAR,2024,TOBACCO_INDICATOR,TOBACCO_INDICATOR_Rev_govt_total_prev,,,,,,,. . .,,,,,2025-08-12T08:52:39Z,2024,2024-01-01,2024-12-31
1196322,TOBACCO_MPOWER_R_TAXREVENUEPREVIOUS,COUNTRY,LBY,EMR,Eastern Mediterranean,YEAR,2024,TOBACCO_INDICATOR,TOBACCO_INDICATOR_Rev_govt_total_prev,,,,,,,86 936 789,86936788.63,,,,2025-08-12T08:52:39Z,2024,2024-01-01,2024-12-31
1196600,TOBACCO_MPOWER_R_TAXREVENUEPREVIOUS,COUNTRY,YEM,EMR,Eastern Mediterranean,YEAR,2024,TOBACCO_INDICATOR,TOBACCO_INDICATOR_Rev_curr_prev,,,,,,,YER,,,,,2025-08-12T08:52:39Z,2024,2024-01-01,2024-12-31
1214751,TOBACCO_MPOWER_R_TAXREVENUEPREVIOUS,COUNTRY,MWI,AFR,Africa,YEAR,2024,TOBACCO_INDICATOR,TOBACCO_INDICATOR_Rev_type_prev,,,,,,,Cigarettes only,,,,,2025-08-12T08:52:39Z,2024,2024-01-01,2024-12-31
1226972,TOBACCO_MPOWER_R_TAXREVENUEPREVIOUS,COUNTRY,CHN,WPR,Western Pacific,YEAR,2024,TOBACCO_INDICATOR,TOBACCO_INDICATOR_Rev_type_prev,,,,,,,All Tobacco products,,,,,2025-08-12T08:52:39Z,2024,2024-01-01,2024-12-31
1229438,TOBACCO_MPOWER_R_TAXREVENUEPREVIOUS,COUNTRY,SAU,EMR,Eastern Mediterranean,YEAR,2024,TOBACCO_INDICATOR,TOBACCO_INDICATOR_Rev_VAT_prev,,,,,,,. . .,,,,,2025-08-12T08:52:39Z,2024,2024-01-01,2024-12-31
1229532,TOBACCO_MPOWER_R_TAXREVENUEPREVIOUS,COUNTRY,COL,AMR,Americas,YEAR,2024,TOBACCO_INDICATOR,TOBACCO_INDICATOR_Rev_VAT_prev,,,,,,,. . .,,,,,2025-08-12T08:52:39Z,2024,2024-01-01,2024-12-31
1236019,TOBACCO_MPOWER_R_TAXREVENUEPREVIOUS,COUNTRY,BFA,AFR,Africa,YEAR,2024,TOBACCO_INDICATOR,TOBACCO_INDICATOR_Rev_govt_total_prev,,,,,,,32 425 867 349,32425867349,,,,2025-08-12T08:52:39Z,2024,2024-01-01,2024-12-31
1243963,TOBACCO_MPOWER_R_TAXREVENUEPREVIOUS,COUNTRY,GBR,EUR,Europe,YEAR,2024,TOBACCO_INDICATOR,TOBACCO_INDICATOR_Rev_other_prev,,,,,,,. . .,,,,,2025-08-12T08:52:39Z,2024,2024-01-01,2024-12-31
1258041,TOBACCO_MPOWER_R_TAXREVENUEPREVIOUS,COUNTRY,KOR,WPR,Western Pacific,YEAR,2024,TOBACCO_INDICATOR,TOBACCO_INDICATOR_Rev_curr_prev,,,,,,,KRW,,,,,2025-08-12T08:52:39Z,2024,2024-01-01,2024-12-31
1262525,TOBACCO_MPOWER_R_TAXREVENUEPREVIOUS,COUNTRY,GRD,AMR,Americas,YEAR,2024,TOBACCO_INDICATOR,TOBACCO_INDICATOR_Rev_other_prev,,,,,,,596 119,596118.61,,,,2025-08-12T08:52:39Z,2024,2024-01-01,2024-12-31
1263592,TOBACCO_MPOWER_R_TAXREVENUEPREVIOUS,COUNTRY,BEN,AFR,Africa,YEAR,2024,TOBACCO_INDICATOR,TOBACCO_INDICATOR_Rev_excise_prev,,,,,,,1 873 594 870,1873594870,,,,2025-08-12T08:52:39Z,2024,2024-01-01,2024-12-31
1266528,TOBACCO_MPOWER_R_TAXREVENUEPREVIOUS,COUNTRY,VUT,WPR,Western Pacific,YEAR,2024,TOBACCO_INDICATOR,TOBACCO_INDICATOR_Rev_curr_prev,,,,,,,VUV,,,,,2025-08-12T08:52:39Z,2024,2024-01-01,2024-12-31
1273905,TOBACCO_MPOWER_R_TAXREVENUEPREVIOUS,COUNTRY,FIN,EUR,Europe,YEAR,2024,TOBACCO_INDICATOR,TOBACCO_INDICATOR_Rev_other_prev,,,,,,,. . .,,,,,2025-08-12T08:52:39Z,2024,2024-01-01,2024-12-31
1285226,TOBACCO_MPOWER_R_TAXREVENUEPREVIOUS,COUNTRY,ARE,EMR,Eastern Mediterranean,YEAR,2024,TOBACCO_INDICATOR,TOBACCO_INDICATOR_Rev_year_prev,,,,,,,2022,,,,,2025-08-12T15:11:05Z,2024,2024-01-01,2024-12-31
1288648,TOBACCO_MPOWER_R_TAXREVENUEPREVIOUS,COUNTRY,MLI,AFR,Africa,YEAR,2024,TOBACCO_INDICATOR,TOBACCO_INDICATOR_Rev_curr_prev,,,,,,,XOF,,,,,2025-08-12T08:52:39Z,2024,2024-01-01,2024-12-31
1288833,TOBACCO_MPOWER_R_TAXREVENUEPREVIOUS,COUNTRY,BRA,AMR,Americas,YEAR,2024,TOBACCO_INDICATOR,TOBACCO_INDICATOR_Rev_import_prev,,,,,,,. . .,,,,,2025-08-12T08:52:39Z,2024,2024-01-01,2024-12-31
1288978,TOBACCO_MPOWER_R_TAXREVENUEPREVIOUS,COUNTRY,BLR,EUR,Europe,YEAR,2024,TOBACCO_INDICATOR,TOBACCO_INDICATOR_Rev_year_prev,,,,,,,2016,,,,,2025-08-12T15:11:05Z,2024,2024-01-01,2024-12-31
1300541,TOBACCO_MPOWER_R_TAXREVENUEPREVIOUS,COUNTRY,CZE,EUR,Europe,YEAR,2024,TOBACCO_INDICATOR,TOBACCO_INDICATOR_Rev_excise_prev,,,,,,,58 298 000 000,58298000000,,,,2025-08-12T08:52:39Z,2024,2024-01-01,2024-12-31
1301971,TOBACCO_MPOWER_R_TAXREVENUEPREVIOUS,COUNTRY,TJK,EUR,Europe,YEAR,2024,TOBACCO_INDICATOR,TOBACCO_INDICATOR_Rev_excise_prev,,,,,,,189 769 896,189769896,,,,2025-08-12T08:52:39Z,2024,2024-01-01,2024-12-31
1304087,TOBACCO_MPOWER_R_TAXREVENUEPREVIOUS,COUNTRY,KGZ,EUR,Europe,YEAR,2024,TOBACCO_INDICATOR,TOBACCO_INDICATOR_Rev_VAT_prev,,,,,,,. . .,,,,,2025-08-12T08:52:39Z,2024,2024-01-01,2024-12-31
1311641,TOBACCO_MPOWER_R_TAXREVENUEPREVIOUS,COUNTRY,PER,AMR,Americas,YEAR,2024,TOBACCO_INDICATOR,TOBACCO_INDICATOR_Rev_excise_prev,,,,,,,301 697 218,301697218,,,,2025-08-12T08:52:39Z,2024,2024-01-01,2024-12-31
1322527,TOBACCO_MPOWER_R_TAXREVENUEPREVIOUS,COUNTRY,COM,AFR,Africa,YEAR,2024,TOBACCO_INDICATOR,TOBACCO_INDICATOR_Rev_excise_prev,,,,,,,109 093 992,109093992,,,,2025-08-12T08:52:39Z,2024,2024-01-01,2024-12-31
1325689,TOBACCO_MPOWER_R_TAXREVENUEPREVIOUS,COUNTRY,VCT,AMR,Americas,YEAR,2024,TOBACCO_INDICATOR,TOBACCO_INDICATOR_Rev_type_prev,,,,,,,All Tobacco products,,,,,2025-08-12T08:52:39Z,2024,2024-01-01,2024-12-31
1360012,TOBACCO_MPOWER_R_TAXREVENUEPREVIOUS,COUNTRY,BLR,EUR,Europe,YEAR,2024,TOBACCO_INDICATOR,TOBACCO_INDICATOR_Rev_VAT_prev,,,,,,,. . .,,,,,2025-08-12T08:52:39Z,2024,2024-01-01,2024-12-31
1364958,TOBACCO_MPOWER_R_TAXREVENUEPREVIOUS,COUNTRY,FJI,WPR,Western Pacific,YEAR,2024,TOBACCO_INDICATOR,TOBACCO_INDICATOR_Rev_excise_prev,,,,,,,56 323 574,56323574,,,,2025-08-12T08:52:39Z,2024,2024-01-01,2024-12-31
1391499,TOBACCO_MPOWER_R_TAXREVENUEPREVIOUS,COUNTRY,SMR,EUR,Europe,YEAR,2024,TOBACCO_INDICATOR,TOBACCO_INDICATOR_Rev_import_prev,,,,,,,. . .,,,,,2025-08-12T08:52:39Z,2024,2024-01-01,2024-12-31
1394664,TOBACCO_MPOWER_R_TAXREVENUEPREVIOUS,COUNTRY,BWA,AFR,Africa,YEAR,2024,TOBACCO_INDICATOR,TOBACCO_INDICATOR_Rev_type_prev,,,,,,,Cigarettes only,,,,,2025-08-12T08:52:39Z,2024,2024-01-01,2024-12-31
1403152,TOBACCO_MPOWER_R_TAXREVENUEPREVIOUS,COUNTRY,ALB,EUR,Europe,YEAR,2024,TOBACCO_INDICATOR,TOBACCO_INDICATOR_Rev_VAT_prev,,,,,,,. . .,,,,,2025-08-12T08:52:39Z,2024,2024-01-01,2024-12-31
1408929,TOBACCO_MPOWER_R_TAXREVENUEPREVIOUS,COUNTRY,SYR,EMR,Eastern Mediterranean,YEAR,2024,TOBACCO_INDICATOR,TOBACCO_INDICATOR_Rev_govt_total_prev,,,,,,,. . .,,,,,2025-08-12T08:52:39Z,2024,2024-01-01,2024-12-31
1411281,TOBACCO_MPOWER_R_TAXREVENUEPREVIOUS,COUNTRY,VEN,AMR,Americas,YEAR,2024,TOBACCO_INDICATOR,TOBACCO_INDICATOR_Rev_curr_prev,,,,,,,VES,,,,,2025-08-12T08:52:39Z,2024,2024-01-01,2024-12-31
1414314,TOBACCO_MPOWER_R_TAXREVENUEPREVIOUS,COUNTRY,ZAF,AFR,Africa,YEAR,2024,TOBACCO_INDICATOR,TOBACCO_INDICATOR_Rev_VAT_prev,,,,,,,1 588 711 950,1588711950,,,,2025-08-12T08:52:39Z,2024,2024-01-01,2024-12-31
1425975,TOBACCO_MPOWER_R_TAXREVENUEPREVIOUS,COUNTRY,DZA,AFR,Africa,YEAR,2024,TOBACCO_INDICATOR,TOBACCO_INDICATOR_Rev_import_prev,,,,,,,0,0,,,,2025-08-12T08:52:39Z,2024,2024-01-01,2024-12-31
1432059,TOBACCO_MPOWER_R_TAXREVENUEPREVIOUS,COUNTRY,TGO,AFR,Africa,YEAR,2024,TOBACCO_INDICATOR,TOBACCO_INDICATOR_Rev_govt_total_prev,,,,,,,. . .,,,,,2025-08-12T08:52:39Z,2024,2024-01-01,2024-12-31
1437297,TOBACCO_MPOWER_R_TAXREVENUEPREVIOUS,COUNTRY,ZMB,AFR,Africa,YEAR,2024,TOBACCO_INDICATOR,TOBACCO_INDICATOR_Rev_year_prev,,,,,,,2020,,,,,2025-08-12T15:11:05Z,2024,2024-01-01,2024-12-31
1442029,TOBACCO_MPOWER_R_TAXREVENUEPREVIOUS,COUNTRY,AFG,EMR,Eastern Mediterranean,YEAR,2024,TOBACCO_INDICATOR,TOBACCO_INDICATOR_Rev_VAT_prev,,,,,,,—,,,,,2025-08-12T08:52:39Z,2024,2024-01-01,2024-12-31
1450229,TOBACCO_MPOWER_R_TAXREVENUEPREVIOUS,COUNTRY,SVK,EUR,Europe,YEAR,2024,TOBACCO_INDICATOR,TOBACCO_INDICATOR_Rev_govt_total_prev,,,,,,,. . .,,,,,2025-08-12T08:52:39Z,2024,2024-01-01,2024-12-31
1460691,TOBACCO_MPOWER_R_TAXREVENUEPREVIOUS,COUNTRY,JAM,AMR,Americas,YEAR,2024,TOBACCO_INDICATOR,TOBACCO_INDICATOR_Rev_curr_prev,,,,,,,JMD,,,,,2025-08-12T08:52:39Z,2024,2024-01-01,2024-12-31
1462852,TOBACCO_MPOWER_R_TAXREVENUEPREVIOUS,COUNTRY,NZL,WPR,Western Pacific,YEAR,2024,TOBACCO_INDICATOR,TOBACCO_INDICATOR_Rev_VAT_prev,,,,,,,. . .,,,,,2025-08-12T08:52:39Z,2024,2024-01-01,2024-12-31
1467877,TOBACCO_MPOWER_R_TAXREVENUEPREVIOUS,COUNTRY,DMA,AMR,Americas,YEAR,2024,TOBACCO_INDICATOR,TOBACCO_INDICATOR_Rev_type_prev,,,,,,,All Tobacco products,,,,,2025-08-12T08:52:39Z,2024,2024-01-01,2024-12-31
1469511,TOBACCO_MPOWER_R_TAXREVENUEPREVIOUS,COUNTRY,BWA,AFR,Africa,YEAR,2024,TOBACCO_INDICATOR,TOBACCO_INDICATOR_Rev_VAT_prev,,,,,,,12 985 922,12985921.9,,,,2025-08-12T08:52:39Z,2024,2024-01-01,2024-12-31
1472836,TOBACCO_MPOWER_R_TAXREVENUEPREVIOUS,COUNTRY,NRU,WPR,Western Pacific,YEAR,2024,TOBACCO_INDICATOR,TOBACCO_INDICATOR_Rev_other_prev,,,,,,,0,0,,,,2025-08-12T08:52:39Z,2024,2024-01-01,2024-12-31
1475852,TOBACCO_MPOWER_R_TAXREVENUEPREVIOUS,COUNTRY,SOM,EMR,Eastern Mediterranean,YEAR,2024,TOBACCO_INDICATOR,TOBACCO_INDICATOR_Rev_curr_prev,,,,,,,USD,,,,,2025-08-12T08:52:39Z,2024,2024-01-01,2024-12-31
1485477,TOBACCO_MPOWER_R_TAXREVENUEPREVIOUS,COUNTRY,GHA,AFR,Africa,YEAR,2024,TOBACCO_INDICATOR,TOBACCO_INDICATOR_Rev_curr_prev,,,,,,,GHS,,,,,2025-08-12T08:52:39Z,2024,2024-01-01,2024-12-31
1495528,TOBACCO_MPOWER_R_TAXREVENUEPREVIOUS,COUNTRY,FRA,EUR,Europe,YEAR,2024,TOBACCO_INDICATOR,TOBACCO_INDICATOR_Rev_VAT_prev,,,,,,,. . .,,,,,2025-08-12T08:52:39Z,2024,2024-01-01,2024-12-31
1503889,TOBACCO_MPOWER_R_TAXREVENUEPREVIOUS,COUNTRY,THA,SEAR,South-East Asia,YEAR,2024,TOBACCO_INDICATOR,TOBACCO_INDICATOR_Rev_import_prev,,,,,,,. . .,,,,,2025-08-12T08:52:39Z,2024,2024-01-01,2024-12-31
1520166,TOBACCO_MPOWER_R_TAXREVENUEPREVIOUS,COUNTRY,MYS,WPR,Western Pacific,YEAR,2024,TOBACCO_INDICATOR,TOBACCO_INDICATOR_Rev_other_prev,,,,,,,-,,,,,2025-08-12T08:52:39Z,2024,2024-01-01,2024-12-31
1531346,TOBACCO_MPOWER_R_TAXREVENUEPREVIOUS,COUNTRY,COM,AFR,Africa,YEAR,2024,TOBACCO_INDICATOR,TOBACCO_INDICATOR_Rev_VAT_prev,,,,,,,38 649 190,38649190,,,,2025-08-12T08:52:39Z,2024,2024-01-01,2024-12-31
1531383,TOBACCO_MPOWER_R_TAXREVENUEPREVIOUS,COUNTRY,BFA,AFR,Africa,YEAR,2024,TOBACCO_INDICATOR,TOBACCO_INDICATOR_Rev_year_prev,,,,,,,2022,,,,,2025-08-12T15:11:05Z,2024,2024-01-01,2024-12-31
1559167,TOBACCO_MPOWER_R_TAXREVENUEPREVIOUS,COUNTRY,TJK,EUR,Europe,YEAR,2024,TOBACCO_INDICATOR,TOBACCO_INDICATOR_Rev_other_prev,,,,,,,. . .,,,,,2025-08-12T08:52:39Z,2024,2024-01-01,2024-12-31
1565780,TOBACCO_MPOWER_R_TAXREVENUEPREVIOUS,COUNTRY,LVA,EUR,Europe,YEAR,2024,TOBACCO_INDICATOR,TOBACCO_INDICATOR_Rev_import_prev,,,,,,,. . .,,,,,2025-08-12T08:52:39Z,2024,2024-01-01,2024-12-31
1566961,TOBACCO_MPOWER_R_TAXREVENUEPREVIOUS,COUNTRY,IND,SEAR,South-East Asia,YEAR,2024,TOBACCO_INDICATOR,TOBACCO_INDICATOR_Rev_import_prev,,,,,,,4 503 000 000,4503000000,,,,2025-08-12T08:52:39Z,2024,2024-01-01,2024-12-31
1567759,TOBACCO_MPOWER_R_TAXREVENUEPREVIOUS,COUNTRY,NAM,AFR,Africa,YEAR,2024,TOBACCO_INDICATOR,TOBACCO_INDICATOR_Rev_excise_prev,,,,,,,1 843 555 044,1843555043.9299998,,,,2025-08-12T15:11:05Z,2024,2024-01-01,2024-12-31
1572496,TOBACCO_MPOWER_R_TAXREVENUEPREVIOUS,COUNTRY,GAB,AFR,Africa,YEAR,2024,TOBACCO_INDICATOR,TOBACCO_INDICATOR_Rev_import_prev,,,,,,,2 472 057 776,2472057776,,,,2025-08-12T08:52:39Z,2024,2024-01-01,2024-12-31
1580210,TOBACCO_MPOWER_R_TAXREVENUEPREVIOUS,COUNTRY,LBY,EMR,Eastern Mediterranean,YEAR,2024,TOBACCO_INDICATOR,TOBACCO_INDICATOR_Rev_other_prev,,,,,,,. . .,,,,,2025-08-12T08:52:39Z,2024,2024-01-01,2024-12-31
1581717,TOBACCO_MPOWER_R_TAXREVENUEPREVIOUS,COUNTRY,LBR,AFR,Africa,YEAR,2024,TOBACCO_INDICATOR,TOBACCO_INDICATOR_Rev_other_prev,,,,,,,728,728,,,,2025-08-12T08:52:39Z,2024,2024-01-01,2024-12-31
1589749,TOBACCO_MPOWER_R_TAXREVENUEPREVIOUS,COUNTRY,IDN,WPR,Western Pacific,YEAR,2024,TOBACCO_INDICATOR,TOBACCO_INDICATOR_Rev_govt_total_prev,,,,,,,. . .,,,,,2025-08-12T08:52:39Z,2024,2024-01-01,2024-12-31
1592308,TOBACCO_MPOWER_R_TAXREVENUEPREVIOUS,COUNTRY,PRY,AMR,Americas,YEAR,2024,TOBACCO_INDICATOR,TOBACCO_INDICATOR_Rev_year_prev,,,,,,,2022,,,,,2025-08-12T15:11:05Z,2024,2024-01-01,2024-12-31
1605012,TOBACCO_MPOWER_R_TAXREVENUEPREVIOUS,COUNTRY,VCT,AMR,Americas,YEAR,2024,TOBACCO_INDICATOR,TOBACCO_INDICATOR_Rev_year_prev,,,,,,,2020,,,,,2025-08-12T15:11:05Z,2024,2024-01-01,2024-12-31
1614903,TOBACCO_MPOWER_R_TAXREVENUEPREVIOUS,COUNTRY,MHL,WPR,Western Pacific,YEAR,2024,TOBACCO_INDICATOR,TOBACCO_INDICATOR_Rev_import_prev,,,,,,,275 235,275235,,,,2025-08-12T08:52:39Z,2024,2024-01-01,2024-12-31
1615282,TOBACCO_MPOWER_R_TAXREVENUEPREVIOUS,COUNTRY,PLW,WPR,Western Pacific,YEAR,2024,TOBACCO_INDICATOR,TOBACCO_INDICATOR_Rev_excise_prev,,,,,,,7 119 306,7119306,,,,2025-08-12T08:52:39Z,2024,2024-01-01,2024-12-31
1620796,TOBACCO_MPOWER_R_TAXREVENUEPREVIOUS,COUNTRY,NOR,EUR,Europe,YEAR,2024,TOBACCO_INDICATOR,TOBACCO_INDICATOR_Rev_import_prev,,,,,,,. . .,,,,,2025-08-12T08:52:39Z,2024,2024-01-01,2024-12-31
1629444,TOBACCO_MPOWER_R_TAXREVENUEPREVIOUS,COUNTRY,CHE,EUR,Europe,YEAR,2024,TOBACCO_INDICATOR,TOBACCO_INDICATOR_Rev_import_prev,,,,,,,31 415 000,31415000,,,,2025-08-12T08:52:39Z,2024,2024-01-01,2024-12-31
1629971,TOBACCO_MPOWER_R_TAXREVENUEPREVIOUS,COUNTRY,OMN,EMR,Eastern Mediterranean,YEAR,2024,TOBACCO_INDICATOR,TOBACCO_INDICATOR_Rev_VAT_prev,,,,,,,539 422,539422,,,,2025-08-12T08:52:39Z,2024,2024-01-01,2024-12-31
1633987,TOBACCO_MPOWER_R_TAXREVENUEPREVIOUS,COUNTRY,BRN,WPR,Western Pacific,YEAR,2024,TOBACCO_INDICATOR,TOBACCO_INDICATOR_Rev_curr_prev,,,,,,,BND,,,,,2025-08-12T08:52:39Z,2024,2024-01-01,2024-12-31
1660970,TOBACCO_MPOWER_R_TAXREVENUEPREVIOUS,COUNTRY,KWT,EMR,Eastern Mediterranean,YEAR,2024,TOBACCO_INDICATOR,TOBACCO_INDICATOR_Rev_import_prev,,,,,,,61 819 406,61819406.23,,,,2025-08-12T08:52:39Z,2024,2024-01-01,2024-12-31
1663976,TOBACCO_MPOWER_R_TAXREVENUEPREVIOUS,COUNTRY,LAO,WPR,Western Pacific,YEAR,2024,TOBACCO_INDICATOR,TOBACCO_INDICATOR_Rev_govt_total_prev,,,,,,,. . .,,,,,2025-08-12T08:52:39Z,2024,2024-01-01,2024-12-31
1667836,TOBACCO_MPOWER_R_TAXREVENUEPREVIOUS,COUNTRY,SWZ,AFR,Africa,YEAR,2024,TOBACCO_INDICATOR,TOBACCO_INDICATOR_Rev_other_prev,,,,,,,9 056 839,9056839.14,,,,2025-08-12T08:52:39Z,2024,2024-01-01,2024-12-31
1682056,TOBACCO_MPOWER_R_TAXREVENUEPREVIOUS,COUNTRY,NAM,AFR,Africa,YEAR,2024,TOBACCO_INDICATOR,TOBACCO_INDICATOR_Rev_type_prev,,,,,,,All Tobacco products,,,,,2025-08-12T08:52:39Z,2024,2024-01-01,2024-12-31
1686267,TOBACCO_MPOWER_R_TAXREVENUEPREVIOUS,COUNTRY,LCA,AMR,Americas,YEAR,2024,TOBACCO_INDICATOR,TOBACCO_INDICATOR_Rev_VAT_prev,,,,,,,1 964 406,1964406,,,,2025-08-12T08:52:39Z,2024,2024-01-01,2024-12-31
1695061,TOBACCO_MPOWER_R_TAXREVENUEPREVIOUS,COUNTRY,CRI,AMR,Americas,YEAR,2024,TOBACCO_INDICATOR,TOBACCO_INDICATOR_Rev_VAT_prev,,,,,,,25 629 823 375,25629823375,,,,2025-08-12T08:52:39Z,2024,2024-01-01,2024-12-31
1699404,TOBACCO_MPOWER_R_TAXREVENUEPREVIOUS,COUNTRY,LBN,EMR,Eastern Mediterranean,YEAR,2024,TOBACCO_INDICATOR,TOBACCO_INDICATOR_Rev_govt_total_prev,,,,,,,. . .,,,,,2025-08-12T08:52:39Z,2024,2024-01-01,2024-12-31
1703568,TOBACCO_MPOWER_R_TAXREVENUEPREVIOUS,COUNTRY,DJI,EMR,Eastern Mediterranean,YEAR,2024,TOBACCO_INDICATOR,TOBACCO_INDICATOR_Rev_import_prev,,,,,,,. . .,,,,,2025-08-12T08:52:39Z,2024,2024-01-01,2024-12-31
1705205,TOBACCO_MPOWER_R_TAXREVENUEPREVIOUS,COUNTRY,MDV,SEAR,South-East Asia,YEAR,2024,TOBACCO_INDICATOR,TOBACCO_INDICATOR_Rev_curr_prev,,,,,,,MVR,,,,,2025-08-12T08:52:39Z,2024,2024-01-01,2024-12-31
1709202,TOBACCO_MPOWER_R_TAXREVENUEPREVIOUS,COUNTRY,PAK,EMR,Eastern Mediterranean,YEAR,2024,TOBACCO_INDICATOR,TOBACCO_INDICATOR_Rev_import_prev,,,,,,,. . .,,,,,2025-08-12T08:52:39Z,2024,2024-01-01,2024-12-31
1725457,TOBACCO_MPOWER_R_TAXREVENUEPREVIOUS,COUNTRY,BGD,SEAR,South-East Asia,YEAR,2024,TOBACCO_INDICATOR,TOBACCO_INDICATOR_Rev_other_prev,,,,,,,2 722 663 000,2722663000,,,,2025-08-12T08:52:39Z,2024,2024-01-01,2024-12-31
1743423,TOBACCO_MPOWER_R_TAXREVENUEPREVIOUS,COUNTRY,MCO,EUR,Europe,YEAR,2024,TOBACCO_INDICATOR,TOBACCO_INDICATOR_Rev_other_prev,,,,,,,. . .,,,,,2025-08-12T08:52:39Z,2024,2024-01-01,2024-12-31
1743764,TOBACCO_MPOWER_R_TAXREVENUEPREVIOUS,COUNTRY,COM,AFR,Africa,YEAR,2024,TOBACCO_INDICATOR,TOBACCO_INDICATOR_Rev_other_prev,,,,,,,24 596 288,24596288,,,,2025-08-12T08:52:39Z,2024,2024-01-01,2024-12-31
1751638,TOBACCO_MPOWER_R_TAXREVENUEPREVIOUS,COUNTRY,TON,WPR,Western Pacific,YEAR,2024,TOBACCO_INDICATOR,TOBACCO_INDICATOR_Rev_year_prev,,,,,,,2019/2020,,,,,2025-08-12T08:52:39Z,2024,2024-01-01,2024-12-31
1759812,TOBACCO_MPOWER_R_TAXREVENUEPREVIOUS,COUNTRY,BRA,AMR,Americas,YEAR,2024,TOBACCO_INDICATOR,TOBACCO_INDICATOR_Rev_type_prev,,,,,,,Cigarettes only,,,,,2025-08-12T08:52:39Z,2024,2024-01-01,2024-12-31
1759999,TOBACCO_MPOWER_R_TAXREVENUEPREVIOUS,COUNTRY,SSD,AFR,Africa,YEAR,2024,TOBACCO_INDICATOR,TOBACCO_INDICATOR_Rev_curr_prev,,,,,,,. .,,,,,2025-08-12T08:52:39Z,2024,2024-01-01,2024-12-31
1761825,TOBACCO_MPOWER_R_TAXREVENUEPREVIOUS,COUNTRY,AFG,EMR,Eastern Mediterranean,YEAR,2024,TOBACCO_INDICATOR,TOBACCO_INDICATOR_Rev_curr_prev,,,,,,,AFN,,,,,2025-08-12T08:52:39Z,2024,2024-01-01,2024-12-31
1773508,TOBACCO_MPOWER_R_TAXREVENUEPREVIOUS,COUNTRY,DNK,EUR,Europe,YEAR,2024,TOBACCO_INDICATOR,TOBACCO_INDICATOR_Rev_excise_prev,,,,,,,987 674 100,987674100,,,,2025-08-12T08:52:39Z,2024,2024-01-01,2024-12-31
1780574,TOBACCO_MPOWER_R_TAXREVENUEPREVIOUS,COUNTRY,IRQ,EMR,Eastern Mediterranean,YEAR,2024,TOBACCO_INDICATOR,TOBACCO_INDICATOR_Rev_govt_total_prev,,,,,,,. . .,,,,,2025-08-12T08:52:39Z,2024,2024-01-01,2024-12-31
1780873,TOBACCO_MPOWER_R_TAXREVENUEPREVIOUS,COUNTRY,WSM,WPR,Western Pacific,YEAR,2024,TOBACCO_INDICATOR,TOBACCO_INDICATOR_Rev_excise_prev,,,,,,,28 619 998,28619998.3,,,,2025-08-12T08:52:39Z,2024,2024-01-01,2024-12-31
1790046,TOBACCO_MPOWER_R_TAXREVENUEPREVIOUS,COUNTRY,SAU,EMR,Eastern Mediterranean,YEAR,2024,TOBACCO_INDICATOR,TOBACCO_INDICATOR_Rev_other_prev,,,,,,,210 314 256,210314256,,,,2025-08-12T08:52:39Z,2024,2024-01-01,2024-12-31
1796549,TOBACCO_MPOWER_R_TAXREVENUEPREVIOUS,COUNTRY,USA,AMR,Americas,YEAR,2024,TOBACCO_INDICATOR,TOBACCO_INDICATOR_Rev_other_prev,,,,,,,. . .,,,,,2025-08-12T08:52:39Z,2024,2024-01-01,2024-12-31
1807044,TOBACCO_MPOWER_R_TAXREVENUEPREVIOUS,COUNTRY,MEX,AMR,Americas,YEAR,2024,TOBACCO_INDICATOR,TOBACCO_INDICATOR_Rev_year_prev,,,,,,,2022,,,,,2025-08-12T15:11:05Z,2024,2024-01-01,2024-12-31
1808431,TOBACCO_MPOWER_R_TAXREVENUEPREVIOUS,COUNTRY,RWA,AFR,Africa,YEAR,2024,TOBACCO_INDICATOR,TOBACCO_INDICATOR_Rev_import_prev,,,,,,,4 745 695,4745695,,,,2025-08-12T08:52:39Z,2024,2024-01-01,2024-12-31
1812105,TOBACCO_MPOWER_R_TAXREVENUEPREVIOUS,COUNTRY,NRU,WPR,Western Pacific,YEAR,2024,TOBACCO_INDICATOR,TOBACCO_INDICATOR_Rev_import_prev,,,,,,,6 500 000,6500000,,,,2025-08-12T08:52:39Z,2024,2024-01-01,2024-12-31
1813845,TOBACCO_MPOWER_R_TAXREVENUEPREVIOUS,COUNTRY,VUT,WPR,Western Pacific,YEAR,2024,TOBACCO_INDICATOR,TOBACCO_INDICATOR_Rev_type_prev,,,,,,,All Tobacco products,,,,,2025-08-12T08:52:39Z,2024,2024-01-01,2024-12-31
1819569,TOBACCO_MPOWER_R_TAXREVENUEPREVIOUS,COUNTRY,JAM,AMR,Americas,YEAR,2024,TOBACCO_INDICATOR,TOBACCO_INDICATOR_Rev_govt_total_prev,,,,,,,7 410 498 732,7410498732.06,,,Data not validated by the national authorities.,2025-08-12T15:11:05Z,2024,2024-01-01,2024-12-31
1832638,TOBACCO_MPOWER_R_TAXREVENUEPREVIOUS,COUNTRY,ALB,EUR,Europe,YEAR,2024,TOBACCO_INDICATOR,TOBACCO_INDICATOR_Rev_other_prev,,,,,,,. . .,,,,,2025-08-12T08:52:39Z,2024,2024-01-01,2024-12-31
1835107,TOBACCO_MPOWER_R_TAXREVENUEPREVIOUS,COUNTRY,MYS,WPR,Western Pacific,YEAR,2024,TOBACCO_INDICATOR,TOBACCO_INDICATOR_Rev_curr_prev,,,,,,,MYR,,,,,2025-08-12T08:52:39Z,2024,2024-01-01,2024-12-31
1846152,TOBACCO_MPOWER_R_TAXREVENUEPREVIOUS,COUNTRY,CAN,AMR,Americas,YEAR,2024,TOBACCO_INDICATOR,TOBACCO_INDICATOR_Rev_import_prev,,,,,,,. . .,,,,,2025-08-12T08:52:39Z,2024,2024-01-01,2024-12-31
1849861,TOBACCO_MPOWER_R_TAXREVENUEPREVIOUS,COUNTRY,HTI,AMR,Americas,YEAR,2024,TOBACCO_INDICATOR,TOBACCO_INDICATOR_Rev_excise_prev,,,,,,,. . .,,,,,2025-08-12T08:52:39Z,2024,2024-01-01,2024-12-31
1859151,TOBACCO_MPOWER_R_TAXREVENUEPREVIOUS,COUNTRY,AFG,EMR,Eastern Mediterranean,YEAR,2024,TOBACCO_INDICATOR,TOBACCO_INDICATOR_Rev_type_prev,,,,,,,Cigarettes only,,,,,2025-08-12T08:52:39Z,2024,2024-01-01,2024-12-31
1862570,TOBACCO_MPOWER_R_TAXREVENUEPREVIOUS,COUNTRY,TZA,AFR,Africa,YEAR,2024,TOBACCO_INDICATOR,TOBACCO_INDICATOR_Rev_govt_total_prev,,,,,,,. . .,,,,,2025-08-12T08:52:39Z,2024,2024-01-01,2024-12-31
1865576,TOBACCO_MPOWER_R_TAXREVENUEPREVIOUS,COUNTRY,TUN,EMR,Eastern Mediterranean,YEAR,2024,TOBACCO_INDICATOR,TOBACCO_INDICATOR_Rev_VAT_prev,,,,,,,275 842 778,275842778.49,,,,2025-08-12T15:11:05Z,2024,2024-01-01,2024-12-31
1866406,TOBACCO_MPOWER_R_TAXREVENUEPREVIOUS,COUNTRY,SEN,AFR,Africa,YEAR,2024,TOBACCO_INDICATOR,TOBACCO_INDICATOR_Rev_year_prev,,,,,,,2021,,,,,2025-08-12T15:11:05Z,2024,2024-01-01,2024-12-31
1868453,TOBACCO_MPOWER_R_TAXREVENUEPREVIOUS,COUNTRY,LVA,EUR,Europe,YEAR,2024,TOBACCO_INDICATOR,TOBACCO_INDICATOR_Rev_other_prev,,,,,,,. . .,,,,,2025-08-12T08:52:39Z,2024,2024-01-01,2024-12-31
1874558,TOBACCO_MPOWER_R_TAXREVENUEPREVIOUS,COUNTRY,NIU,WPR,Western Pacific,YEAR,2024,TOBACCO_INDICATOR,TOBACCO_INDICATOR_Rev_govt_total_prev,,,,,,,. . .,,,,,2025-08-12T08:52:39Z,2024,2024-01-01,2024-12-31
1875156,TOBACCO_MPOWER_R_TAXREVENUEPREVIOUS,COUNTRY,BEN,AFR,Africa,YEAR,2024,TOBACCO_INDICATOR,TOBACCO_INDICATOR_Rev_type_prev,,,,,,,Cigarettes only,,,,,2025-08-12T08:52:39Z,2024,2024-01-01,2024-12-31
1879937,TOBACCO_MPOWER_R_TAXREVENUEPREVIOUS,COUNTRY,CZE,EUR,Europe,YEAR,2024,TOBACCO_INDICATOR,TOBACCO_INDICATOR_Rev_other_prev,,,,,,,. . .,,,,,2025-08-12T08:52:39Z,2024,2024-01-01,2024-12-31
1882839,TOBACCO_MPOWER_R_TAXREVENUEPREVIOUS,COUNTRY,MEX,AMR,Americas,YEAR,2024,TOBACCO_INDICATOR,TOBACCO_INDICATOR_Rev_excise_prev,,,,,,,47 948 300 000,47948300000,,,,2025-08-12T08:52:39Z,2024,2024-01-01,2024-12-31
1887265,TOBACCO_MPOWER_R_TAXREVENUEPREVIOUS,COUNTRY,IRN,EMR,Eastern Mediterranean,YEAR,2024,TOBACCO_INDICATOR,TOBACCO_INDICATOR_Rev_type_prev,,,,,,,Cigarettes only,,,,,2025-08-12T08:52:39Z,2024,2024-01-01,2024-12-31
1887343,TOBACCO_MPOWER_R_TAXREVENUEPREVIOUS,COUNTRY,SWZ,AFR,Africa,YEAR,2024,TOBACCO_INDICATOR,TOBACCO_INDICATOR_Rev_VAT_prev,,,,,,,21 583 599,21583599.23,,,,2025-08-12T08:52:39Z,2024,2024-01-01,2024-12-31
1889215,TOBACCO_MPOWER_R_TAXREVENUEPREVIOUS,COUNTRY,ALB,EUR,Europe,YEAR,2024,TOBACCO_INDICATOR,TOBACCO_INDICATOR_Rev_govt_total_prev,,,,,,,28 323 000 000,28323000000,,,,2025-08-12T08:52:39Z,2024,2024-01-01,2024-12-31
1892528,TOBACCO_MPOWER_R_TAXREVENUEPREVIOUS,COUNTRY,MYS,WPR,Western Pacific,YEAR,2024,TOBACCO_INDICATOR,TOBACCO_INDICATOR_Rev_VAT_prev,,,,,,,294 337 477,294337477,,,,2025-08-12T08:52:39Z,2024,2024-01-01,2024-12-31
1894627,TOBACCO_MPOWER_R_TAXREVENUEPREVIOUS,COUNTRY,ECU,AMR,Americas,YEAR,2024,TOBACCO_INDICATOR,TOBACCO_INDICATOR_Rev_VAT_prev,,,,,,,4 274 204,4274203.59,,,,2025-08-12T08:52:39Z,2024,2024-01-01,2024-12-31
1899725,TOBACCO_MPOWER_R_TAXREVENUEPREVIOUS,COUNTRY,TUR,EUR,Europe,YEAR,2024,TOBACCO_INDICATOR,TOBACCO_INDICATOR_Rev_import_prev,,,,,,,. . .,,,,,2025-08-12T08:52:39Z,2024,2024-01-01,2024-12-31
1900136,TOBACCO_MPOWER_R_TAXREVENUEPREVIOUS,COUNTRY,NZL,WPR,Western Pacific,YEAR,2024,TOBACCO_INDICATOR,TOBACCO_INDICATOR_Rev_year_prev,,,,,,,2023,,,,,2025-08-12T15:11:05Z,2024,2024-01-01,2024-12-31
1909858,TOBACCO_MPOWER_R_TAXREVENUEPREVIOUS,COUNTRY,KIR,WPR,Western Pacific,YEAR,2024,TOBACCO_INDICATOR,TOBACCO_INDICATOR_Rev_govt_total_prev,,,,,,,. . .,,,,,2025-08-12T08:52:39Z,2024,2024-01-01,2024-12-31
1910877,TOBACCO_MPOWER_R_TAXREVENUEPREVIOUS,COUNTRY,HTI,AMR,Americas,YEAR,2024,TOBACCO_INDICATOR,TOBACCO_INDICATOR_Rev_year_prev,,,,,,,. . .,,,,,2025-08-12T08:52:39Z,2024,2024-01-01,2024-12-31
1915722,TOBACCO_MPOWER_R_TAXREVENUEPREVIOUS,COUNTRY,FSM,WPR,Western Pacific,YEAR,2024,TOBACCO_INDICATOR,TOBACCO_INDICATOR_Rev_import_prev,,,,,,,3 028 555,3028555,,,,2025-08-12T08:52:39Z,2024,2024-01-01,2024-12-31
1916765,TOBACCO_MPOWER_R_TAXREVENUEPREVIOUS,COUNTRY,IND,SEAR,South-East Asia,YEAR,2024,TOBACCO_INDICATOR,TOBACCO_INDICATOR_Rev_excise_prev,,,,,,,150 100 000 000,150100000000,,,,2025-08-12T08:52:39Z,2024,2024-01-01,2024-12-31
1931007,TOBACCO_MPOWER_R_TAXREVENUEPREVIOUS,COUNTRY,SWE,EUR,Europe,YEAR,2024,TOBACCO_INDICATOR,TOBACCO_INDICATOR_Rev_curr_prev,,,,,,,EUR,,,,,2025-08-12T08:52:39Z,2024,2024-01-01,2024-12-31
1932807,TOBACCO_MPOWER_R_TAXREVENUEPREVIOUS,COUNTRY,KNA,AMR,Americas,YEAR,2024,TOBACCO_INDICATOR,TOBACCO_INDICATOR_Rev_type_prev,,,,,,,All Tobacco products,,,,,2025-08-12T08:52:39Z,2024,2024-01-01,2024-12-31
1940340,TOBACCO_MPOWER_R_TAXREVENUEPREVIOUS,COUNTRY,COD,AFR,Africa,YEAR,2024,TOBACCO_INDICATOR,TOBACCO_INDICATOR_Rev_govt_total_prev,,,,,,,175 894 934 496,175894934496.00003,,,,2025-08-12T15:11:05Z,2024,2024-01-01,2024-12-31
1942138,TOBACCO_MPOWER_R_TAXREVENUEPREVIOUS,COUNTRY,JPN,WPR,Western Pacific,YEAR,2024,TOBACCO_INDICATOR,TOBACCO_INDICATOR_Rev_other_prev,,,,,,,. . .,,,,,2025-08-12T08:52:39Z,2024,2024-01-01,2024-12-31
1942797,TOBACCO_MPOWER_R_TAXREVENUEPREVIOUS,COUNTRY,MOZ,AFR,Africa,YEAR,2024,TOBACCO_INDICATOR,TOBACCO_INDICATOR_Rev_type_prev,,,,,,,All Tobacco products,,,,,2025-08-12T08:52:39Z,2024,2024-01-01,2024-12-31
1960128,TOBACCO_MPOWER_R_TAXREVENUEPREVIOUS,COUNTRY,SDN,EMR,Eastern Mediterranean,YEAR,2024,TOBACCO_INDICATOR,TOBACCO_INDICATOR_Rev_excise_prev,,,,,,,769 600 000,769600000,,,,2025-08-12T08:52:39Z,2024,2024-01-01,2024-12-31
1980267,TOBACCO_MPOWER_R_TAXREVENUEPREVIOUS,COUNTRY,TZA,AFR,Africa,YEAR,2024,TOBACCO_INDICATOR,TOBACCO_INDICATOR_Rev_other_prev,,,,,,,0,0,,,,2025-08-12T08:52:39Z,2024,2024-01-01,2024-12-31
1986609,TOBACCO_MPOWER_R_TAXREVENUEPREVIOUS,COUNTRY,BDI,AFR,Africa,YEAR,2024,TOBACCO_INDICATOR,TOBACCO_INDICATOR_Rev_import_prev,,,,,,,. . .,,,,,2025-08-12T08:52:39Z,2024,2024-01-01,2024-12-31
1989901,TOBACCO_MPOWER_R_TAXREVENUEPREVIOUS,COUNTRY,LBR,AFR,Africa,YEAR,2024,TOBACCO_INDICATOR,TOBACCO_INDICATOR_Rev_curr_prev,,,,,,,LRD,,,,,2025-08-12T08:52:39Z,2024,2024-01-01,2024-12-31
1999809,TOBACCO_MPOWER_R_TAXREVENUEPREVIOUS,COUNTRY,BRB,AMR,Americas,YEAR,2024,TOBACCO_INDICATOR,TOBACCO_INDICATOR_Rev_import_prev,,,,,,,. . .,,,,,2025-08-12T08:52:39Z,2024,2024-01-01,2024-12-31
2002215,TOBACCO_MPOWER_R_TAXREVENUEPREVIOUS,COUNTRY,CHL,AMR,Americas,YEAR,2024,TOBACCO_INDICATOR,TOBACCO_INDICATOR_Rev_import_prev,,,,,,,. . .,,,,,2025-08-12T08:52:39Z,2024,2024-01-01,2024-12-31
2008754,TOBACCO_MPOWER_R_TAXREVENUEPREVIOUS,COUNTRY,SYC,AFR,Africa,YEAR,2024,TOBACCO_INDICATOR,TOBACCO_INDICATOR_Rev_govt_total_prev,,,,,,,225 552 224,225552223.56,,,,2025-08-12T15:11:05Z,2024,2024-01-01,2024-12-31
2008796,TOBACCO_MPOWER_R_TAXREVENUEPREVIOUS,COUNTRY,KAZ,EUR,Europe,YEAR,2024,TOBACCO_INDICATOR,TOBACCO_INDICATOR_Rev_govt_total_prev,,,,,,,. . .,,,,,2025-08-12T08:52:39Z,2024,2024-01-01,2024-12-31
2009062,TOBACCO_MPOWER_R_TAXREVENUEPREVIOUS,COUNTRY,COK,WPR,Western Pacific,YEAR,2024,TOBACCO_INDICATOR,TOBACCO_INDICATOR_Rev_import_prev,,,,,,,993 049,993049,,,,2025-08-12T08:52:39Z,2024,2024-01-01,2024-12-31
2017356,TOBACCO_MPOWER_R_TAXREVENUEPREVIOUS,COUNTRY,LVA,EUR,Europe,YEAR,2024,TOBACCO_INDICATOR,TOBACCO_INDICATOR_Rev_govt_total_prev,,,,,,,. . .,,,,,2025-08-12T08:52:39Z,2024,2024-01-01,2024-12-31
2019437,TOBACCO_MPOWER_R_TAXREVENUEPREVIOUS,COUNTRY,MEX,AMR,Americas,YEAR,2024,TOBACCO_INDICATOR,TOBACCO_INDICATOR_Rev_VAT_prev,,,,,,,. . .,,,,,2025-08-12T08:52:39Z,2024,2024-01-01,2024-12-31
2026464,TOBACCO_MPOWER_R_TAXREVENUEPREVIOUS,COUNTRY,IDN,WPR,Western Pacific,YEAR,2024,TOBACCO_INDICATOR,TOBACCO_INDICATOR_Rev_excise_prev,,,,,,,219 232 752 100 800,219232752100800,,,,2025-08-12T15:11:05Z,2024,2024-01-01,2024-12-31
2033883,TOBACCO_MPOWER_R_TAXREVENUEPREVIOUS,COUNTRY,VUT,WPR,Western Pacific,YEAR,2024,TOBACCO_INDICATOR,TOBACCO_INDICATOR_Rev_other_prev,,,,,,,0,0,,,,2025-08-12T08:52:39Z,2024,2024-01-01,2024-12-31
2040701,TOBACCO_MPOWER_R_TAXREVENUEPREVIOUS,COUNTRY,KGZ,EUR,Europe,YEAR,2024,TOBACCO_INDICATOR,TOBACCO_INDICATOR_Rev_type_prev,,,,,,,All Tobacco products,,,,,2025-08-12T08:52:39Z,2024,2024-01-01,2024-12-31
2041822,TOBACCO_MPOWER_R_TAXREVENUEPREVIOUS,COUNTRY,AUS,WPR,Western Pacific,YEAR,2024,TOBACCO_INDICATOR,TOBACCO_INDICATOR_Rev_import_prev,,,,,,,. . .,,,,,2025-08-12T08:52:39Z,2024,2024-01-01,2024-12-31
2044858,TOBACCO_MPOWER_R_TAXREVENUEPREVIOUS,COUNTRY,MHL,WPR,Western Pacific,YEAR,2024,TOBACCO_INDICATOR,TOBACCO_INDICATOR_Rev_VAT_prev,,,,,,,. . .,,,,,2025-08-12T08:52:39Z,2024,2024-01-01,2024-12-31
2045682,TOBACCO_MPOWER_R_TAXREVENUEPREVIOUS,COUNTRY,GTM,AMR,Americas,YEAR,2024,TOBACCO_INDICATOR,TOBACCO_INDICATOR_Rev_excise_prev,,,,,,,298 587 648,298587647.61,,,,2025-08-12T15:11:05Z,2024,2024-01-01,2024-12-31
2052059,TOBACCO_MPOWER_R_TAXREVENUEPREVIOUS,COUNTRY,AGO,AFR,Africa,YEAR,2024,TOBACCO_INDICATOR,TOBACCO_INDICATOR_Rev_import_prev,,,,,,,3 389 307 692,3389307692,,,,2025-08-12T08:52:39Z,2024,2024-01-01,2024-12-31
2054800,TOBACCO_MPOWER_R_TAXREVENUEPREVIOUS,COUNTRY,THA,SEAR,South-East Asia,YEAR,2024,TOBACCO_INDICATOR,TOBACCO_INDICATOR_Rev_govt_total_prev,,,,,,,. . .,,,,,2025-08-12T08:52:39Z,2024,2024-01-01,2024-12-31
2054802,TOBACCO_MPOWER_R_TAXREVENUEPREVIOUS,COUNTRY,ETH,AFR,Africa,YEAR,2024,TOBACCO_INDICATOR,TOBACCO_INDICATOR_Rev_type_prev,,,,,,,All Tobacco products,,,,,2025-08-12T08:52:39Z,2024,2024-01-01,2024-12-31
2056219,TOBACCO_MPOWER_R_TAXREVENUEPREVIOUS,COUNTRY,BDI,AFR,Africa,YEAR,2024,TOBACCO_INDICATOR,TOBACCO_INDICATOR_Rev_curr_prev,,,,,,,BIF,,,,,2025-08-12T08:52:39Z,2024,2024-01-01,2024-12-31
2056299,TOBACCO_MPOWER_R_TAXREVENUEPREVIOUS,COUNTRY,SVK,EUR,Europe,YEAR,2024,TOBACCO_INDICATOR,TOBACCO_INDICATOR_Rev_VAT_prev,,,,,,,. . .,,,,,2025-08-12T08:52:39Z,2024,2024-01-01,2024-12-31
2058904,TOBACCO_MPOWER_R_TAXREVENUEPREVIOUS,COUNTRY,MLT,EUR,Europe,YEAR,2024,TOBACCO_INDICATOR,TOBACCO_INDICATOR_Rev_other_prev,,,,,,,. . .,,,,,2025-08-12T08:52:39Z,2024,2024-01-01,2024-12-31
2072419,TOBACCO_MPOWER_R_TAXREVENUEPREVIOUS,COUNTRY,NLD,EUR,Europe,YEAR,2024,TOBACCO_INDICATOR,TOBACCO_INDICATOR_Rev_curr_prev,,,,,,,EUR,,,,,2025-08-12T08:52:39Z,2024,2024-01-01,2024-12-31
2086079,TOBACCO_MPOWER_R_TAXREVENUEPREVIOUS,COUNTRY,AUT,EUR,Europe,YEAR,2024,TOBACCO_INDICATOR,TOBACCO_INDICATOR_Rev_other_prev,,,,,,,. . .,,,,,2025-08-12T08:52:39Z,2024,2024-01-01,2024-12-31
2090267,TOBACCO_MPOWER_R_TAXREVENUEPREVIOUS,COUNTRY,GRD,AMR,Americas,YEAR,2024,TOBACCO_INDICATOR,TOBACCO_INDICATOR_Rev_curr_prev,,,,,,,XCD,,,,,2025-08-12T08:52:39Z,2024,2024-01-01,2024-12-31
2090488,TOBACCO_MPOWER_R_TAXREVENUEPREVIOUS,COUNTRY,AFG,EMR,Eastern Mediterranean,YEAR,2024,TOBACCO_INDICATOR,TOBACCO_INDICATOR_Rev_import_prev,,,,,,,693 750 000,693750000,,,,2025-08-12T08:52:39Z,2024,2024-01-01,2024-12-31
2095923,TOBACCO_MPOWER_R_TAXREVENUEPREVIOUS,COUNTRY,BGD,SEAR,South-East Asia,YEAR,2024,TOBACCO_INDICATOR,TOBACCO_INDICATOR_Rev_type_prev,,,,,,,Cigarettes only,,,,,2025-08-12T08:52:39Z,2024,2024-01-01,2024-12-31
2097725,TOBACCO_MPOWER_R_TAXREVENUEPREVIOUS,COUNTRY,LBY,EMR,Eastern Mediterranean,YEAR,2024,TOBACCO_INDICATOR,TOBACCO_INDICATOR_Rev_import_prev,,,,,,,. . .,,,,,2025-08-12T08:52:39Z,2024,2024-01-01,2024-12-31
2111946,TOBACCO_MPOWER_R_TAXREVENUEPREVIOUS,COUNTRY,VEN,AMR,Americas,YEAR,2024,TOBACCO_INDICATOR,TOBACCO_INDICATOR_Rev_govt_total_prev,,,,,,,. . .,,,,,2025-08-12T08:52:39Z,2024,2024-01-01,2024-12-31
2114351,TOBACCO_MPOWER_R_TAXREVENUEPREVIOUS,COUNTRY,PAN,AMR,Americas,YEAR,2024,TOBACCO_INDICATOR,TOBACCO_INDICATOR_Rev_curr_prev,,,,,,,PAB,,,,,2025-08-12T08:52:39Z,2024,2024-01-01,2024-12-31
2118502,TOBACCO_MPOWER_R_TAXREVENUEPREVIOUS,COUNTRY,PLW,WPR,Western Pacific,YEAR,2024,TOBACCO_INDICATOR,TOBACCO_INDICATOR_Rev_other_prev,,,,,,,. . .,,,,,2025-08-12T08:52:39Z,2024,2024-01-01,2024-12-31
2121501,TOBACCO_MPOWER_R_TAXREVENUEPREVIOUS,COUNTRY,CHN,WPR,Western Pacific,YEAR,2024,TOBACCO_INDICATOR,TOBACCO_INDICATOR_Rev_excise_prev,,,,,,,682 170 000 000,682169999999.9999,,,,2025-08-12T08:52:39Z,2024,2024-01-01,2024-12-31
2122574,TOBACCO_MPOWER_R_TAXREVENUEPREVIOUS,COUNTRY,BRB,AMR,Americas,YEAR,2024,TOBACCO_INDICATOR,TOBACCO_INDICATOR_Rev_other_prev,,,,,,,. . .,,,,,2025-08-12T08:52:39Z,2024,2024-01-01,2024-12-31
2126962,TOBACCO_MPOWER_R_TAXREVENUEPREVIOUS,COUNTRY,IRN,EMR,Eastern Mediterranean,YEAR,2024,TOBACCO_INDICATOR,TOBACCO_INDICATOR_Rev_govt_total_prev,,,,,,,60 904 000 000 000,60904000000000,,,,2025-08-12T15:11:05Z,2024,2024-01-01,2024-12-31
2127896,TOBACCO_MPOWER_R_TAXREVENUEPREVIOUS,COUNTRY,BTN,SEAR,South-East Asia,YEAR,2024,TOBACCO_INDICATOR,TOBACCO_INDICATOR_Rev_import_prev,,,,,,,177 185,177185.04,,,,2025-08-12T08:52:39Z,2024,2024-01-01,2024-12-31
2135151,TOBACCO_MPOWER_R_TAXREVENUEPREVIOUS,COUNTRY,MDA,EUR,Europe,YEAR,2024,TOBACCO_INDICATOR,TOBACCO_INDICATOR_Rev_curr_prev,,,,,,,MDL,,,,,2025-08-12T08:52:39Z,2024,2024-01-01,2024-12-31
2142170,TOBACCO_MPOWER_R_TAXREVENUEPREVIOUS,COUNTRY,NOR,EUR,Europe,YEAR,2024,TOBACCO_INDICATOR,TOBACCO_INDICATOR_Rev_type_prev,,,,,,,All Tobacco products,,,,,2025-08-12T08:52:39Z,2024,2024-01-01,2024-12-31
2149292,TOBACCO_MPOWER_R_TAXREVENUEPREVIOUS,COUNTRY,UZB,EUR,Europe,YEAR,2024,TOBACCO_INDICATOR,TOBACCO_INDICATOR_Rev_import_prev,,,,,,,. . .,,,,,2025-08-12T08:52:39Z,2024,2024-01-01,2024-12-31
2149547,TOBACCO_MPOWER_R_TAXREVENUEPREVIOUS,COUNTRY,BFA,AFR,Africa,YEAR,2024,TOBACCO_INDICATOR,TOBACCO_INDICATOR_Rev_VAT_prev,,,,,,,6 729 921 001,6729921000.999999,,,,2025-08-12T08:52:39Z,2024,2024-01-01,2024-12-31
2153771,TOBACCO_MPOWER_R_TAXREVENUEPREVIOUS,COUNTRY,TUV,WPR,Western Pacific,YEAR,2024,TOBACCO_INDICATOR,TOBACCO_INDICATOR_Rev_import_prev,,,,,,,572 100,572100,,,,2025-08-12T08:52:39Z,2024,2024-01-01,2024-12-31
2156731,TOBACCO_MPOWER_R_TAXREVENUEPREVIOUS,COUNTRY,BRA,AMR,Americas,YEAR,2024,TOBACCO_INDICATOR,TOBACCO_INDICATOR_Rev_govt_total_prev,,,,,,,. . .,,,,,2025-08-12T08:52:39Z,2024,2024-01-01,2024-12-31
2161121,TOBACCO_MPOWER_R_TAXREVENUEPREVIOUS,COUNTRY,GBR,EUR,Europe,YEAR,2024,TOBACCO_INDICATOR,TOBACCO_INDICATOR_Rev_VAT_prev,,,,,,,. . .,,,,,2025-08-12T08:52:39Z,2024,2024-01-01,2024-12-31
2165369,TOBACCO_MPOWER_R_TAXREVENUEPREVIOUS,COUNTRY,DZA,AFR,Africa,YEAR,2024,TOBACCO_INDICATOR,TOBACCO_INDICATOR_Rev_type_prev,,,,,,,All Tobacco products,,,,,2025-08-12T08:52:39Z,2024,2024-01-01,2024-12-31
2170334,TOBACCO_MPOWER_R_TAXREVENUEPREVIOUS,COUNTRY,TTO,AMR,Americas,YEAR,2024,TOBACCO_INDICATOR,TOBACCO_INDICATOR_Rev_type_prev,,,,,,,All Tobacco products,,,,,2025-08-12T08:52:39Z,2024,2024-01-01,2024-12-31
2174732,TOBACCO_MPOWER_R_TAXREVENUEPREVIOUS,COUNTRY,PRK,SEAR,South-East Asia,YEAR,2024,TOBACCO_INDICATOR,TOBACCO_INDICATOR_Rev_govt_total_prev,,,,,,,. . .,,,,,2025-08-12T08:52:39Z,2024,2024-01-01,2024-12-31
2174740,TOBACCO_MPOWER_R_TAXREVENUEPREVIOUS,COUNTRY,HND,AMR,Americas,YEAR,2024,TOBACCO_INDICATOR,TOBACCO_INDICATOR_Rev_year_prev,,,,,,,2017,,,,,2025-08-12T15:11:05Z,2024,2024-01-01,2024-12-31
2183818,TOBACCO_MPOWER_R_TAXREVENUEPREVIOUS,COUNTRY,GIN,AFR,Africa,YEAR,2024,TOBACCO_INDICATOR,TOBACCO_INDICATOR_Rev_curr_prev,,,,,,,GNF,,,,,2025-08-12T08:52:39Z,2024,2024-01-01,2024-12-31
2187603,TOBACCO_MPOWER_R_TAXREVENUEPREVIOUS,COUNTRY,SLB,WPR,Western Pacific,YEAR,2024,TOBACCO_INDICATOR,TOBACCO_INDICATOR_Rev_govt_total_prev,,,,,,,. . .,,,,,2025-08-12T08:52:39Z,2024,2024-01-01,2024-12-31
2199638,TOBACCO_MPOWER_R_TAXREVENUEPREVIOUS,COUNTRY,ITA,EUR,Europe,YEAR,2024,TOBACCO_INDICATOR,TOBACCO_INDICATOR_Rev_curr_prev,,,,,,,EUR,,,,,2025-08-12T08:52:39Z,2024,2024-01-01,2024-12-31
2204814,TOBACCO_MPOWER_R_TAXREVENUEPREVIOUS,COUNTRY,STP,AFR,Africa,YEAR,2024,TOBACCO_INDICATOR,TOBACCO_INDICATOR_Rev_curr_prev,,,,,,,STD,,,,,2025-08-12T08:52:39Z,2024,2024-01-01,2024-12-31
2208140,TOBACCO_MPOWER_R_TAXREVENUEPREVIOUS,COUNTRY,SLE,AFR,Africa,YEAR,2024,TOBACCO_INDICATOR,TOBACCO_INDICATOR_Rev_VAT_prev,,,,,,,26 276 612,26276612.04,,,,2025-08-12T08:52:39Z,2024,2024-01-01,2024-12-31
2208181,TOBACCO_MPOWER_R_TAXREVENUEPREVIOUS,COUNTRY,ARG,AMR,Americas,YEAR,2024,TOBACCO_INDICATOR,TOBACCO_INDICATOR_Rev_excise_prev,,,,,,,146 197 990 370,146197990370.16998,,,,2025-08-12T15:11:05Z,2024,2024-01-01,2024-12-31
2213820,TOBACCO_MPOWER_R_TAXREVENUEPREVIOUS,COUNTRY,LUX,EUR,Europe,YEAR,2024,TOBACCO_INDICATOR,TOBACCO_INDICATOR_Rev_other_prev,,,,,,,. . .,,,,,2025-08-12T08:52:39Z,2024,2024-01-01,2024-12-31
2213967,TOBACCO_MPOWER_R_TAXREVENUEPREVIOUS,COUNTRY,USA,AMR,Americas,YEAR,2024,TOBACCO_INDICATOR,TOBACCO_INDICATOR_Rev_type_prev,,,,,,,All Tobacco products,,,,,2025-08-12T08:52:39Z,2024,2024-01-01,2024-12-31
2221357,TOBACCO_MPOWER_R_TAXREVENUEPREVIOUS,COUNTRY,YEM,EMR,Eastern Mediterranean,YEAR,2024,TOBACCO_INDICATOR,TOBACCO_INDICATOR_Rev_import_prev,,,,,,,6 717 500,6717500,,,,2025-08-12T08:52:39Z,2024,2024-01-01,2024-12-31
2222379,TOBACCO_MPOWER_R_TAXREVENUEPREVIOUS,COUNTRY,PRY,AMR,Americas,YEAR,2024,TOBACCO_INDICATOR,TOBACCO_INDICATOR_Rev_other_prev,,,,,,,39 313 026 727,39313026727,,,,2025-08-12T08:52:39Z,2024,2024-01-01,2024-12-31
2222624,TOBACCO_MPOWER_R_TAXREVENUEPREVIOUS,COUNTRY,GNQ,AFR,Africa,YEAR,2024,TOBACCO_INDICATOR,TOBACCO_INDICATOR_Rev_govt_total_prev,,,,,,,. . .,,,,,2025-08-12T08:52:39Z,2024,2024-01-01,2024-12-31
2235997,TOBACCO_MPOWER_R_TAXREVENUEPREVIOUS,COUNTRY,PAK,EMR,Eastern Mediterranean,YEAR,2024,TOBACCO_INDICATOR,TOBACCO_INDICATOR_Rev_govt_total_prev,,,,,,,. . .,,,,,2025-08-12T08:52:39Z,2024,2024-01-01,2024-12-31
2240354,TOBACCO_MPOWER_R_TAXREVENUEPREVIOUS,COUNTRY,BIH,EUR,Europe,YEAR,2024,TOBACCO_INDICATOR,TOBACCO_INDICATOR_Rev_VAT_prev,,,,,,,. . .,,,,,2025-08-12T08:52:39Z,2024,2024-01-01,2024-12-31
2250050,TOBACCO_MPOWER_R_TAXREVENUEPREVIOUS,COUNTRY,LVA,EUR,Europe,YEAR,2024,TOBACCO_INDICATOR,TOBACCO_INDICATOR_Rev_excise_prev,,,,,,,261 888 000,261888000,,,,2025-08-12T08:52:39Z,2024,2024-01-01,2024-12-31
2257385,TOBACCO_MPOWER_R_TAXREVENUEPREVIOUS,COUNTRY,TLS,SEAR,South-East Asia,YEAR,2024,TOBACCO_INDICATOR,TOBACCO_INDICATOR_Rev_excise_prev,,,,,,,36 059 452,36059452,,,,2025-08-12T08:52:39Z,2024,2024-01-01,2024-12-31
2264331,TOBACCO_MPOWER_R_TAXREVENUEPREVIOUS,COUNTRY,JOR,EMR,Eastern Mediterranean,YEAR,2024,TOBACCO_INDICATOR,TOBACCO_INDICATOR_Rev_year_prev,,,,,,,2018,,,,,2025-08-12T15:11:05Z,2024,2024-01-01,2024-12-31
2272657,TOBACCO_MPOWER_R_TAXREVENUEPREVIOUS,COUNTRY,HTI,AMR,Americas,YEAR,2024,TOBACCO_INDICATOR,TOBACCO_INDICATOR_Rev_import_prev,,,,,,,. . .,,,,,2025-08-12T08:52:39Z,2024,2024-01-01,2024-12-31
2276185,TOBACCO_MPOWER_R_TAXREVENUEPREVIOUS,COUNTRY,SLV,AMR,Americas,YEAR,2024,TOBACCO_INDICATOR,TOBACCO_INDICATOR_Rev_excise_prev,,,,,,,26 862 220,26862220,,,,2025-08-12T08:52:39Z,2024,2024-01-01,2024-12-31
2278238,TOBACCO_MPOWER_R_TAXREVENUEPREVIOUS,COUNTRY,KWT,EMR,Eastern Mediterranean,YEAR,2024,TOBACCO_INDICATOR,TOBACCO_INDICATOR_Rev_excise_prev,,,,,,,—,,,,,2025-08-12T08:52:39Z,2024,2024-01-01,2024-12-31
2291684,TOBACCO_MPOWER_R_TAXREVENUEPREVIOUS,COUNTRY,KNA,AMR,Americas,YEAR,2024,TOBACCO_INDICATOR,TOBACCO_INDICATOR_Rev_year_prev,,,,,,,2020,,,,,2025-08-12T15:11:05Z,2024,2024-01-01,2024-12-31
2292799,TOBACCO_MPOWER_R_TAXREVENUEPREVIOUS,COUNTRY,CHE,EUR,Europe,YEAR,2024,TOBACCO_INDICATOR,TOBACCO_INDICATOR_Rev_curr_prev,,,,,,,CHF,,,,,2025-08-12T08:52:39Z,2024,2024-01-01,2024-12-31
2294727,TOBACCO_MPOWER_R_TAXREVENUEPREVIOUS,COUNTRY,AZE,EUR,Europe,YEAR,2024,TOBACCO_INDICATOR,TOBACCO_INDICATOR_Rev_type_prev,,,,,,,All tobacco products,,,,,2025-08-12T08:52:39Z,2024,2024-01-01,2024-12-31
2297901,TOBACCO_MPOWER_R_TAXREVENUEPREVIOUS,COUNTRY,GAB,AFR,Africa,YEAR,2024,TOBACCO_INDICATOR,TOBACCO_INDICATOR_Rev_type_prev,,,,,,,All Tobacco products,,,,,2025-08-12T08:52:39Z,2024,2024-01-01,2024-12-31
2303805,TOBACCO_MPOWER_R_TAXREVENUEPREVIOUS,COUNTRY,MWI,AFR,Africa,YEAR,2024,TOBACCO_INDICATOR,TOBACCO_INDICATOR_Rev_govt_total_prev,,,,,,,7 340 167 802,7340167802.259999,,,,2025-08-12T15:11:05Z,2024,2024-01-01,2024-12-31
2315243,TOBACCO_MPOWER_R_TAXREVENUEPREVIOUS,COUNTRY,OMN,EMR,Eastern Mediterranean,YEAR,2024,TOBACCO_INDICATOR,TOBACCO_INDICATOR_Rev_type_prev,,,,,,,All Tobacco products,,,,,2025-08-12T08:52:39Z,2024,2024-01-01,2024-12-31
2333851,TOBACCO_MPOWER_R_TAXREVENUEPREVIOUS,COUNTRY,PER,AMR,Americas,YEAR,2024,TOBACCO_INDICATOR,TOBACCO_INDICATOR_Rev_VAT_prev,,,,,,,69 804 403,69804403,,,,2025-08-12T08:52:39Z,2024,2024-01-01,2024-12-31
2340413,TOBACCO_MPOWER_R_TAXREVENUEPREVIOUS,COUNTRY,CHN,WPR,Western Pacific,YEAR,2024,TOBACCO_INDICATOR,TOBACCO_INDICATOR_Rev_VAT_prev,,,,,,,167 250 000 000,167250000000,,,,2025-08-12T08:52:39Z,2024,2024-01-01,2024-12-31
2343696,TOBACCO_MPOWER_R_TAXREVENUEPREVIOUS,COUNTRY,KGZ,EUR,Europe,YEAR,2024,TOBACCO_INDICATOR,TOBACCO_INDICATOR_Rev_import_prev,,,,,,,. . .,,,,,2025-08-12T08:52:39Z,2024,2024-01-01,2024-12-31
2349602,TOBACCO_MPOWER_R_TAXREVENUEPREVIOUS,COUNTRY,TUN,EMR,Eastern Mediterranean,YEAR,2024,TOBACCO_INDICATOR,TOBACCO_INDICATOR_Rev_type_prev,,,,,,,All Tobacco products,,,,,2025-08-12T08:52:39Z,2024,2024-01-01,2024-12-31
2351728,TOBACCO_MPOWER_R_TAXREVENUEPREVIOUS,COUNTRY,FRA,EUR,Europe,YEAR,2024,TOBACCO_INDICATOR,TOBACCO_INDICATOR_Rev_import_prev,,,,,,,. . .,,,,,2025-08-12T08:52:39Z,2024,2024-01-01,2024-12-31
2355545,TOBACCO_MPOWER_R_TAXREVENUEPREVIOUS,COUNTRY,DZA,AFR,Africa,YEAR,2024,TOBACCO_INDICATOR,TOBACCO_INDICATOR_Rev_excise_prev,,,,,,,66 864 879 529,66864879529,,,,2025-08-12T08:52:39Z,2024,2024-01-01,2024-12-31
2355608,TOBACCO_MPOWER_R_TAXREVENUEPREVIOUS,COUNTRY,HTI,AMR,Americas,YEAR,2024,TOBACCO_INDICATOR,TOBACCO_INDICATOR_Rev_govt_total_prev,,,,,,,. . .,,,,,2025-08-12T08:52:39Z,2024,2024-01-01,2024-12-31
2355646,TOBACCO_MPOWER_R_TAXREVENUEPREVIOUS,COUNTRY,CRI,AMR,Americas,YEAR,2024,TOBACCO_INDICATOR,TOBACCO_INDICATOR_Rev_curr_prev,,,,,,,CRC,,,,,2025-08-12T08:52:39Z,2024,2024-01-01,2024-12-31
2358986,TOBACCO_MPOWER_R_TAXREVENUEPREVIOUS,COUNTRY,AGO,AFR,Africa,YEAR,2024,TOBACCO_INDICATOR,TOBACCO_INDICATOR_Rev_curr_prev,,,,,,,AOA,,,,,2025-08-12T08:52:39Z,2024,2024-01-01,2024-12-31
2362039,TOBACCO_MPOWER_R_TAXREVENUEPREVIOUS,COUNTRY,COK,WPR,Western Pacific,YEAR,2024,TOBACCO_INDICATOR,TOBACCO_INDICATOR_Rev_type_prev,,,,,,,All Tobacco products,,,,,2025-08-12T08:52:39Z,2024,2024-01-01,2024-12-31
2362860,TOBACCO_MPOWER_R_TAXREVENUEPREVIOUS,COUNTRY,ROU,EUR,Europe,YEAR,2024,TOBACCO_INDICATOR,TOBACCO_INDICATOR_Rev_VAT_prev,,,,,,,. . .,,,,,2025-08-12T08:52:39Z,2024,2024-01-01,2024-12-31
2370415,TOBACCO_MPOWER_R_TAXREVENUEPREVIOUS,COUNTRY,EST,EUR,Europe,YEAR,2024,TOBACCO_INDICATOR,TOBACCO_INDICATOR_Rev_type_prev,,,,,,,All Tobacco products,,,,,2025-08-12T08:52:39Z,2024,2024-01-01,2024-12-31
2383316,TOBACCO_MPOWER_R_TAXREVENUEPREVIOUS,COUNTRY,COM,AFR,Africa,YEAR,2024,TOBACCO_INDICATOR,TOBACCO_INDICATOR_Rev_curr_prev,,,,,,,KMF,,,,,2025-08-12T08:52:39Z,2024,2024-01-01,2024-12-31
2384096,TOBACCO_MPOWER_R_TAXREVENUEPREVIOUS,COUNTRY,BOL,AMR,Americas,YEAR,2024,TOBACCO_INDICATOR,TOBACCO_INDICATOR_Rev_import_prev,,,,,,,16 687 773,16687773,,,,2025-08-12T08:52:39Z,2024,2024-01-01,2024-12-31
2386286,TOBACCO_MPOWER_R_TAXREVENUEPREVIOUS,COUNTRY,CMR,AFR,Africa,YEAR,2024,TOBACCO_INDICATOR,TOBACCO_INDICATOR_Rev_curr_prev,,,,,,,XAF,,,,,2025-08-12T08:52:39Z,2024,2024-01-01,2024-12-31
2387586,TOBACCO_MPOWER_R_TAXREVENUEPREVIOUS,COUNTRY,SWE,EUR,Europe,YEAR,2024,TOBACCO_INDICATOR,TOBACCO_INDICATOR_Rev_type_prev,,,,,,,All Tobacco products,,,,,2025-08-12T08:52:39Z,2024,2024-01-01,2024-12-31
2389787,TOBACCO_MPOWER_R_TAXREVENUEPREVIOUS,COUNTRY,ARM,EUR,Europe,YEAR,2024,TOBACCO_INDICATOR,TOBACCO_INDICATOR_Rev_year_prev,,,,,,,2020,,,,,2025-08-12T15:11:05Z,2024,2024-01-01,2024-12-31
2392444,TOBACCO_MPOWER_R_TAXREVENUEPREVIOUS,COUNTRY,SLE,AFR,Africa,YEAR,2024,TOBACCO_INDICATOR,TOBACCO_INDICATOR_Rev_year_prev,,,,,,,2020,,,,,2025-08-12T15:11:05Z,2024,2024-01-01,2024-12-31
2392841,TOBACCO_MPOWER_R_TAXREVENUEPREVIOUS,COUNTRY,ZMB,AFR,Africa,YEAR,2024,TOBACCO_INDICATOR,TOBACCO_INDICATOR_Rev_import_prev,,,,,,,51 898,51898,,,,2025-08-12T08:52:39Z,2024,2024-01-01,2024-12-31
2409580,TOBACCO_MPOWER_R_TAXREVENUEPREVIOUS,COUNTRY,CIV,AFR,Africa,YEAR,2024,TOBACCO_INDICATOR,TOBACCO_INDICATOR_Rev_year_prev,,,,,,,2021,,,,,2025-08-12T15:11:05Z,2024,2024-01-01,2024-12-31
2412139,TOBACCO_MPOWER_R_TAXREVENUEPREVIOUS,COUNTRY,CAF,AFR,Africa,YEAR,2024,TOBACCO_INDICATOR,TOBACCO_INDICATOR_Rev_govt_total_prev,,,,,,,. . .,,,,,2025-08-12T08:52:39Z,2024,2024-01-01,2024-12-31
2414961,TOBACCO_MPOWER_R_TAXREVENUEPREVIOUS,COUNTRY,GIN,AFR,Africa,YEAR,2024,TOBACCO_INDICATOR,TOBACCO_INDICATOR_Rev_excise_prev,,,,,,,132 806 514 540,132806514540,,,,2025-08-12T15:11:05Z,2024,2024-01-01,2024-12-31
2416191,TOBACCO_MPOWER_R_TAXREVENUEPREVIOUS,COUNTRY,NPL,SEAR,South-East Asia,YEAR,2024,TOBACCO_INDICATOR,TOBACCO_INDICATOR_Rev_curr_prev,,,,,,,NPR,,,,,2025-08-12T08:52:39Z,2024,2024-01-01,2024-12-31
2423325,TOBACCO_MPOWER_R_TAXREVENUEPREVIOUS,COUNTRY,COM,AFR,Africa,YEAR,2024,TOBACCO_INDICATOR,TOBACCO_INDICATOR_Rev_import_prev,,,,,,,241 802 988,241802988,,,,2025-08-12T08:52:39Z,2024,2024-01-01,2024-12-31
2425125,TOBACCO_MPOWER_R_TAXREVENUEPREVIOUS,COUNTRY,MCO,EUR,Europe,YEAR,2024,TOBACCO_INDICATOR,TOBACCO_INDICATOR_Rev_curr_prev,,,,,,,. .,,,,,2025-08-12T08:52:39Z,2024,2024-01-01,2024-12-31
2452156,TOBACCO_MPOWER_R_TAXREVENUEPREVIOUS,COUNTRY,ZMB,AFR,Africa,YEAR,2024,TOBACCO_INDICATOR,TOBACCO_INDICATOR_Rev_excise_prev,,,,,,,114 412 754,114412754.37,,,,2025-08-12T15:11:05Z,2024,2024-01-01,2024-12-31
2453681,TOBACCO_MPOWER_R_TAXREVENUEPREVIOUS,COUNTRY,SYR,EMR,Eastern Mediterranean,YEAR,2024,TOBACCO_INDICATOR,TOBACCO_INDICATOR_Rev_import_prev,,,,,,,. . .,,,,,2025-08-12T08:52:39Z,2024,2024-01-01,2024-12-31
2459240,TOBACCO_MPOWER_R_TAXREVENUEPREVIOUS,COUNTRY,PAK,EMR,Eastern Mediterranean,YEAR,2024,TOBACCO_INDICATOR,TOBACCO_INDICATOR_Rev_year_prev,,,,,,,2022,,,,,2025-08-12T15:11:05Z,2024,2024-01-01,2024-12-31
2460788,TOBACCO_MPOWER_R_TAXREVENUEPREVIOUS,COUNTRY,SVK,EUR,Europe,YEAR,2024,TOBACCO_INDICATOR,TOBACCO_INDICATOR_Rev_import_prev,,,,,,,. . .,,,,,2025-08-12T08:52:39Z,2024,2024-01-01,2024-12-31
2464840,TOBACCO_MPOWER_R_TAXREVENUEPREVIOUS,COUNTRY,NIC,AMR,Americas,YEAR,2024,TOBACCO_INDICATOR,TOBACCO_INDICATOR_Rev_VAT_prev,,,,,,,. . .,,,,,2025-08-12T08:52:39Z,2024,2024-01-01,2024-12-31
2492562,TOBACCO_MPOWER_R_TAXREVENUEPREVIOUS,COUNTRY,ARE,EMR,Eastern Mediterranean,YEAR,2024,TOBACCO_INDICATOR,TOBACCO_INDICATOR_Rev_govt_total_prev,,,,,,,. . .,,,,,2025-08-12T08:52:39Z,2024,2024-01-01,2024-12-31
2502900,TOBACCO_MPOWER_R_TAXREVENUEPREVIOUS,COUNTRY,STP,AFR,Africa,YEAR,2024,TOBACCO_INDICATOR,TOBACCO_INDICATOR_Rev_type_prev,,,,,,,. . .,,,,,2025-08-12T08:52:39Z,2024,2024-01-01,2024-12-31
2513487,TOBACCO_MPOWER_R_TAXREVENUEPREVIOUS,COUNTRY,POL,EUR,Europe,YEAR,2024,TOBACCO_INDICATOR,TOBACCO_INDICATOR_Rev_year_prev,,,,,,,2022,,,,,2025-08-12T15:11:05Z,2024,2024-01-01,2024-12-31
2519727,TOBACCO_MPOWER_R_TAXREVENUEPREVIOUS,COUNTRY,WSM,WPR,Western Pacific,YEAR,2024,TOBACCO_INDICATOR,TOBACCO_INDICATOR_Rev_import_prev,,,,,,,. . .,,,,,2025-08-12T08:52:39Z,2024,2024-01-01,2024-12-31
2533331,TOBACCO_MPOWER_R_TAXREVENUEPREVIOUS,COUNTRY,AGO,AFR,Africa,YEAR,2024,TOBACCO_INDICATOR,TOBACCO_INDICATOR_Rev_VAT_prev,,,,,,,1 568 847 865,1568847865,,,,2025-08-12T08:52:39Z,2024,2024-01-01,2024-12-31
2536948,TOBACCO_MPOWER_R_TAXREVENUEPREVIOUS,COUNTRY,PHL,WPR,Western Pacific,YEAR,2024,TOBACCO_INDICATOR,TOBACCO_INDICATOR_Rev_year_prev,,,,,,,2022,,,,,2025-08-12T15:11:05Z,2024,2024-01-01,2024-12-31
2544946,TOBACCO_MPOWER_R_TAXREVENUEPREVIOUS,COUNTRY,EGY,EMR,Eastern Mediterranean,YEAR,2024,TOBACCO_INDICATOR,TOBACCO_INDICATOR_Rev_other_prev,,,,,,,. . .,,,,,2025-08-12T08:52:39Z,2024,2024-01-01,2024-12-31
2546543,TOBACCO_MPOWER_R_TAXREVENUEPREVIOUS,COUNTRY,ALB,EUR,Europe,YEAR,2024,TOBACCO_INDICATOR,TOBACCO_INDICATOR_Rev_type_prev,,,,,,,Cigarettes only,,,,,2025-08-12T08:52:39Z,2024,2024-01-01,2024-12-31
2558699,TOBACCO_MPOWER_R_TAXREVENUEPREVIOUS,COUNTRY,BRB,AMR,Americas,YEAR,2024,TOBACCO_INDICATOR,TOBACCO_INDICATOR_Rev_type_prev,,,,,,,. . .,,,,,2025-08-12T08:52:39Z,2024,2024-01-01,2024-12-31
2572553,TOBACCO_MPOWER_R_TAXREVENUEPREVIOUS,COUNTRY,MHL,WPR,Western Pacific,YEAR,2024,TOBACCO_INDICATOR,TOBACCO_INDICATOR_Rev_type_prev,,,,,,,Cigarettes,,,,,2025-08-12T08:52:39Z,2024,2024-01-01,2024-12-31
2577850,TOBACCO_MPOWER_R_TAXREVENUEPREVIOUS,COUNTRY,IRL,EUR,Europe,YEAR,2024,TOBACCO_INDICATOR,TOBACCO_INDICATOR_Rev_other_prev,,,,,,,. . .,,,,,2025-08-12T08:52:39Z,2024,2024-01-01,2024-12-31
2578769,TOBACCO_MPOWER_R_TAXREVENUEPREVIOUS,COUNTRY,URY,AMR,Americas,YEAR,2024,TOBACCO_INDICATOR,TOBACCO_INDICATOR_Rev_VAT_prev,,,,,,,2 947 603 194,2947603194.3,,,,2025-08-12T15:11:05Z,2024,2024-01-01,2024-12-31
2579890,TOBACCO_MPOWER_R_TAXREVENUEPREVIOUS,COUNTRY,KOR,WPR,Western Pacific,YEAR,2024,TOBACCO_INDICATOR,TOBACCO_INDICATOR_Rev_import_prev,,,,,,,0,0,,,,2025-08-12T08:52:39Z,2024,2024-01-01,2024-12-31
2588721,TOBACCO_MPOWER_R_TAXREVENUEPREVIOUS,COUNTRY,EGY,EMR,Eastern Mediterranean,YEAR,2024,TOBACCO_INDICATOR,TOBACCO_INDICATOR_Rev_govt_total_prev,,,,,,,. . .,,,,,2025-08-12T08:52:39Z,2024,2024-01-01,2024-12-31
2591815,TOBACCO_MPOWER_R_TAXREVENUEPREVIOUS,COUNTRY,VCT,AMR,Americas,YEAR,2024,TOBACCO_INDICATOR,TOBACCO_INDICATOR_Rev_other_prev,,,,,,,247 427,247427.34,,,,2025-08-12T08:52:39Z,2024,2024-01-01,2024-12-31
2592358,TOBACCO_MPOWER_R_TAXREVENUEPREVIOUS,COUNTRY,RWA,AFR,Africa,YEAR,2024,TOBACCO_INDICATOR,TOBACCO_INDICATOR_Rev_excise_prev,,,,,,,14 706 021 946,14706021945.999998,,,,2025-08-12T08:52:39Z,2024,2024-01-01,2024-12-31
2607333,TOBACCO_MPOWER_R_TAXREVENUEPREVIOUS,COUNTRY,MNG,WPR,Western Pacific,YEAR,2024,TOBACCO_INDICATOR,TOBACCO_INDICATOR_Rev_type_prev,,,,,,,Cigarettes only,,,,,2025-08-12T08:52:39Z,2024,2024-01-01,2024-12-31
2627142,TOBACCO_MPOWER_R_TAXREVENUEPREVIOUS,COUNTRY,SVN,EUR,Europe,YEAR,2024,TOBACCO_INDICATOR,TOBACCO_INDICATOR_Rev_import_prev,,,,,,,. . .,,,,,2025-08-12T08:52:39Z,2024,2024-01-01,2024-12-31
2631294,TOBACCO_MPOWER_R_TAXREVENUEPREVIOUS,COUNTRY,SLE,AFR,Africa,YEAR,2024,TOBACCO_INDICATOR,TOBACCO_INDICATOR_Rev_import_prev,,,,,,,37 158 845,37158845.31,,,,2025-08-12T08:52:39Z,2024,2024-01-01,2024-12-31
2635877,TOBACCO_MPOWER_R_TAXREVENUEPREVIOUS,COUNTRY,UKR,EUR,Europe,YEAR,2024,TOBACCO_INDICATOR,TOBACCO_INDICATOR_Rev_import_prev,,,,,,,. . .,,,,,2025-08-12T08:52:39Z,2024,2024-01-01,2024-12-31
2656899,TOBACCO_MPOWER_R_TAXREVENUEPREVIOUS,COUNTRY,TUN,EMR,Eastern Mediterranean,YEAR,2024,TOBACCO_INDICATOR,TOBACCO_INDICATOR_Rev_govt_total_prev,,,,,,,2 029 131 395,2029131395.15,,,,2025-08-12T15:11:05Z,2024,2024-01-01,2024-12-31
2657909,TOBACCO_MPOWER_R_TAXREVENUEPREVIOUS,COUNTRY,DMA,AMR,Americas,YEAR,2024,TOBACCO_INDICATOR,TOBACCO_INDICATOR_Rev_excise_prev,,,,,,,131 318,131318.16,,,,2025-08-12T08:52:39Z,2024,2024-01-01,2024-12-31
2663722,TOBACCO_MPOWER_R_TAXREVENUEPREVIOUS,COUNTRY,TCD,AFR,Africa,YEAR,2024,TOBACCO_INDICATOR,TOBACCO_INDICATOR_Rev_type_prev,,,,,,,All Tobacco products,,,,,2025-08-12T08:52:39Z,2024,2024-01-01,2024-12-31
2665588,TOBACCO_MPOWER_R_TAXREVENUEPREVIOUS,COUNTRY,CYP,EUR,Europe,YEAR,2024,TOBACCO_INDICATOR,TOBACCO_INDICATOR_Rev_year_prev,,,,,,,2022,,,,,2025-08-12T15:11:05Z,2024,2024-01-01,2024-12-31
2666977,TOBACCO_MPOWER_R_TAXREVENUEPREVIOUS,COUNTRY,TJK,EUR,Europe,YEAR,2024,TOBACCO_INDICATOR,TOBACCO_INDICATOR_Rev_VAT_prev,,,,,,,. . .,,,,,2025-08-12T08:52:39Z,2024,2024-01-01,2024-12-31
2675291,TOBACCO_MPOWER_R_TAXREVENUEPREVIOUS,COUNTRY,TCD,AFR,Africa,YEAR,2024,TOBACCO_INDICATOR,TOBACCO_INDICATOR_Rev_excise_prev,,,,,,,3 931 343 255,3931343255,,,,2025-08-12T08:52:39Z,2024,2024-01-01,2024-12-31
2694563,TOBACCO_MPOWER_R_TAXREVENUEPREVIOUS,COUNTRY,SVN,EUR,Europe,YEAR,2024,TOBACCO_INDICATOR,TOBACCO_INDICATOR_Rev_year_prev,,,,,,,2022,,,,,2025-08-12T15:11:05Z,2024,2024-01-01,2024-12-31
2716173,TOBACCO_MPOWER_R_TAXREVENUEPREVIOUS,COUNTRY,SRB,EUR,Europe,YEAR,2024,TOBACCO_INDICATOR,TOBACCO_INDICATOR_Rev_VAT_prev,,,,,,,. . .,,,,,2025-08-12T08:52:39Z,2024,2024-01-01,2024-12-31
2733702,TOBACCO_MPOWER_R_TAXREVENUEPREVIOUS,COUNTRY,RWA,AFR,Africa,YEAR,2024,TOBACCO_INDICATOR,TOBACCO_INDICATOR_Rev_VAT_prev,,,,,,,2 985 334 620,2985334620,,,,2025-08-12T08:52:39Z,2024,2024-01-01,2024-12-31
2735102,TOBACCO_MPOWER_R_TAXREVENUEPREVIOUS,COUNTRY,LUX,EUR,Europe,YEAR,2024,TOBACCO_INDICATOR,TOBACCO_INDICATOR_Rev_type_prev,,,,,,,All Tobacco products,,,,,2025-08-12T08:52:39Z,2024,2024-01-01,2024-12-31
2738323,TOBACCO_MPOWER_R_TAXREVENUEPREVIOUS,COUNTRY,TTO,AMR,Americas,YEAR,2024,TOBACCO_INDICATOR,TOBACCO_INDICATOR_Rev_excise_prev,,,,,,,227 132 908,227132908.4,,,,2025-08-12T08:52:39Z,2024,2024-01-01,2024-12-31
2744429,TOBACCO_MPOWER_R_TAXREVENUEPREVIOUS,COUNTRY,AFG,EMR,Eastern Mediterranean,YEAR,2024,TOBACCO_INDICATOR,TOBACCO_INDICATOR_Rev_excise_prev,,,,,,,—,,,,,2025-08-12T08:52:39Z,2024,2024-01-01,2024-12-31
2750772,TOBACCO_MPOWER_R_TAXREVENUEPREVIOUS,COUNTRY,CZE,EUR,Europe,YEAR,2024,TOBACCO_INDICATOR,TOBACCO_INDICATOR_Rev_govt_total_prev,,,,,,,. . .,,,,,2025-08-12T08:52:39Z,2024,2024-01-01,2024-12-31
2756664,TOBACCO_MPOWER_R_TAXREVENUEPREVIOUS,COUNTRY,TZA,AFR,Africa,YEAR,2024,TOBACCO_INDICATOR,TOBACCO_INDICATOR_Rev_year_prev,,,,,,,2016/2017,,,,,2025-08-12T08:52:39Z,2024,2024-01-01,2024-12-31
2759262,TOBACCO_MPOWER_R_TAXREVENUEPREVIOUS,COUNTRY,NOR,EUR,Europe,YEAR,2024,TOBACCO_INDICATOR,TOBACCO_INDICATOR_Rev_govt_total_prev,,,,,,,. . .,,,,,2025-08-12T08:52:39Z,2024,2024-01-01,2024-12-31
2760341,TOBACCO_MPOWER_R_TAXREVENUEPREVIOUS,COUNTRY,POL,EUR,Europe,YEAR,2024,TOBACCO_INDICATOR,TOBACCO_INDICATOR_Rev_excise_prev,,,,,,,5 537 653 900,5537653900,,,,2025-08-12T08:52:39Z,2024,2024-01-01,2024-12-31
2763980,TOBACCO_MPOWER_R_TAXREVENUEPREVIOUS,COUNTRY,BGR,EUR,Europe,YEAR,2024,TOBACCO_INDICATOR,TOBACCO_INDICATOR_Rev_excise_prev,,,,,,,1 516 678 600,1516678600,,,,2025-08-12T08:52:39Z,2024,2024-01-01,2024-12-31
2765528,TOBACCO_MPOWER_R_TAXREVENUEPREVIOUS,COUNTRY,ZAF,AFR,Africa,YEAR,2024,TOBACCO_INDICATOR,TOBACCO_INDICATOR_Rev_other_prev,,,,,,,0,0,,,,2025-08-12T08:52:39Z,2024,2024-01-01,2024-12-31
2768773,TOBACCO_MPOWER_R_TAXREVENUEPREVIOUS,COUNTRY,ISL,EUR,Europe,YEAR,2024,TOBACCO_INDICATOR,TOBACCO_INDICATOR_Rev_other_prev,,,,,,,. . .,,,,,2025-08-12T08:52:39Z,2024,2024-01-01,2024-12-31
2771639,TOBACCO_MPOWER_R_TAXREVENUEPREVIOUS,COUNTRY,KNA,AMR,Americas,YEAR,2024,TOBACCO_INDICATOR,TOBACCO_INDICATOR_Rev_curr_prev,,,,,,,XCD,,,,,2025-08-12T08:52:39Z,2024,2024-01-01,2024-12-31
2776944,TOBACCO_MPOWER_R_TAXREVENUEPREVIOUS,COUNTRY,MLI,AFR,Africa,YEAR,2024,TOBACCO_INDICATOR,TOBACCO_INDICATOR_Rev_other_prev,,,,,,,. . .,,,,,2025-08-12T08:52:39Z,2024,2024-01-01,2024-12-31
2781419,TOBACCO_MPOWER_R_TAXREVENUEPREVIOUS,COUNTRY,PRY,AMR,Americas,YEAR,2024,TOBACCO_INDICATOR,TOBACCO_INDICATOR_Rev_excise_prev,,,,,,,309 524 804 435,309524804434.99994,,,,2025-08-12T15:11:05Z,2024,2024-01-01,2024-12-31
2785108,TOBACCO_MPOWER_R_TAXREVENUEPREVIOUS,COUNTRY,SEN,AFR,Africa,YEAR,2024,TOBACCO_INDICATOR,TOBACCO_INDICATOR_Rev_import_prev,,,,,,,. . .,,,,,2025-08-12T08:52:39Z,2024,2024-01-01,2024-12-31
2786199,TOBACCO_MPOWER_R_TAXREVENUEPREVIOUS,COUNTRY,COL,AMR,Americas,YEAR,2024,TOBACCO_INDICATOR,TOBACCO_INDICATOR_Rev_excise_prev,,,,,,,1 187 965 000,1187965000,,,,2025-08-12T08:52:39Z,2024,2024-01-01,2024-12-31
2786728,TOBACCO_MPOWER_R_TAXREVENUEPREVIOUS,COUNTRY,BEN,AFR,Africa,YEAR,2024,TOBACCO_INDICATOR,TOBACCO_INDICATOR_Rev_curr_prev,,,,,,,XOF,,,,,2025-08-12T08:52:39Z,2024,2024-01-01,2024-12-31
2805238,TOBACCO_MPOWER_R_TAXREVENUEPREVIOUS,COUNTRY,MNG,WPR,Western Pacific,YEAR,2024,TOBACCO_INDICATOR,TOBACCO_INDICATOR_Rev_other_prev,,,,,,,. . .,,,,,2025-08-12T08:52:39Z,2024,2024-01-01,2024-12-31
2814346,TOBACCO_MPOWER_R_TAXREVENUEPREVIOUS,COUNTRY,DZA,AFR,Africa,YEAR,2024,TOBACCO_INDICATOR,TOBACCO_INDICATOR_Rev_curr_prev,,,,,,,DZD,,,,,2025-08-12T08:52:39Z,2024,2024-01-01,2024-12-31
2817135,TOBACCO_MPOWER_R_TAXREVENUEPREVIOUS,COUNTRY,IRL,EUR,Europe,YEAR,2024,TOBACCO_INDICATOR,TOBACCO_INDICATOR_Rev_curr_prev,,,,,,,EUR,,,,,2025-08-12T08:52:39Z,2024,2024-01-01,2024-12-31
2819272,TOBACCO_MPOWER_R_TAXREVENUEPREVIOUS,COUNTRY,GNQ,AFR,Africa,YEAR,2024,TOBACCO_INDICATOR,TOBACCO_INDICATOR_Rev_year_prev,,,,,,,. . .,,,,,2025-08-12T08:52:39Z,2024,2024-01-01,2024-12-31
2821548,TOBACCO_MPOWER_R_TAXREVENUEPREVIOUS,COUNTRY,CAF,AFR,Africa,YEAR,2024,TOBACCO_INDICATOR,TOBACCO_INDICATOR_Rev_excise_prev,,,,,,,296 799 752,296799752,,,,2025-08-12T08:52:39Z,2024,2024-01-01,2024-12-31
2829797,TOBACCO_MPOWER_R_TAXREVENUEPREVIOUS,COUNTRY,NIC,AMR,Americas,YEAR,2024,TOBACCO_INDICATOR,TOBACCO_INDICATOR_Rev_import_prev,,,,,,,. . .,,,,,2025-08-12T08:52:39Z,2024,2024-01-01,2024-12-31
2847055,TOBACCO_MPOWER_R_TAXREVENUEPREVIOUS,COUNTRY,TUN,EMR,Eastern Mediterranean,YEAR,2024,TOBACCO_INDICATOR,TOBACCO_INDICATOR_Rev_import_prev,,,,,,,66 829 717,66829716.65,,,,2025-08-12T08:52:39Z,2024,2024-01-01,2024-12-31
2847134,TOBACCO_MPOWER_R_TAXREVENUEPREVIOUS,COUNTRY,GRC,EUR,Europe,YEAR,2024,TOBACCO_INDICATOR,TOBACCO_INDICATOR_Rev_excise_prev,,,,,,,2 179 000 000,2179000000,,,,2025-08-12T08:52:39Z,2024,2024-01-01,2024-12-31
2850475,TOBACCO_MPOWER_R_TAXREVENUEPREVIOUS,COUNTRY,LBN,EMR,Eastern Mediterranean,YEAR,2024,TOBACCO_INDICATOR,TOBACCO_INDICATOR_Rev_VAT_prev,,,,,,,77 494 000 000,77494000000,,,,2025-08-12T08:52:39Z,2024,2024-01-01,2024-12-31
2861844,TOBACCO_MPOWER_R_TAXREVENUEPREVIOUS,COUNTRY,HTI,AMR,Americas,YEAR,2024,TOBACCO_INDICATOR,TOBACCO_INDICATOR_Rev_other_prev,,,,,,,. . .,,,,,2025-08-12T08:52:39Z,2024,2024-01-01,2024-12-31
2867836,TOBACCO_MPOWER_R_TAXREVENUEPREVIOUS,COUNTRY,JAM,AMR,Americas,YEAR,2024,TOBACCO_INDICATOR,TOBACCO_INDICATOR_Rev_type_prev,,,,,,,Cigarettes only,,,,Data not validated by the national authorities.,2025-08-12T08:52:39Z,2024,2024-01-01,2024-12-31
2882207,TOBACCO_MPOWER_R_TAXREVENUEPREVIOUS,COUNTRY,LBY,EMR,Eastern Mediterranean,YEAR,2024,TOBACCO_INDICATOR,TOBACCO_INDICATOR_Rev_VAT_prev,,,,,,,. . .,,,,,2025-08-12T08:52:39Z,2024,2024-01-01,2024-12-31
2891173,TOBACCO_MPOWER_R_TAXREVENUEPREVIOUS,COUNTRY,AND,EUR,Europe,YEAR,2024,TOBACCO_INDICATOR,TOBACCO_INDICATOR_Rev_govt_total_prev,,,,,,,109 801 249,109801249,,,,2025-08-12T08:52:39Z,2024,2024-01-01,2024-12-31
2897032,TOBACCO_MPOWER_R_TAXREVENUEPREVIOUS,COUNTRY,ERI,AFR,Africa,YEAR,2024,TOBACCO_INDICATOR,TOBACCO_INDICATOR_Rev_type_prev,,,,,,,Cigarettes only,,,,,2025-08-12T08:52:39Z,2024,2024-01-01,2024-12-31
2898913,TOBACCO_MPOWER_R_TAXREVENUEPREVIOUS,COUNTRY,FJI,WPR,Western Pacific,YEAR,2024,TOBACCO_INDICATOR,TOBACCO_INDICATOR_Rev_govt_total_prev,,,,,,,56 694 209,56694209,,,,2025-08-12T08:52:39Z,2024,2024-01-01,2024-12-31
2903400,TOBACCO_MPOWER_R_TAXREVENUEPREVIOUS,COUNTRY,HUN,EUR,Europe,YEAR,2024,TOBACCO_INDICATOR,TOBACCO_INDICATOR_Rev_type_prev,,,,,,,All Tobacco products,,,,,2025-08-12T08:52:39Z,2024,2024-01-01,2024-12-31
2907601,TOBACCO_MPOWER_R_TAXREVENUEPREVIOUS,COUNTRY,HND,AMR,Americas,YEAR,2024,TOBACCO_INDICATOR,TOBACCO_INDICATOR_Rev_curr_prev,,,,,,,HNL,,,,,2025-08-12T08:52:39Z,2024,2024-01-01,2024-12-31
2908068,TOBACCO_MPOWER_R_TAXREVENUEPREVIOUS,COUNTRY,JAM,AMR,Americas,YEAR,2024,TOBACCO_INDICATOR,TOBACCO_INDICATOR_Rev_other_prev,,,,,,,26 280 485,26280485.09,,,Data not validated by the national authorities.,2025-08-12T08:52:39Z,2024,2024-01-01,2024-12-31
2908991,TOBACCO_MPOWER_R_TAXREVENUEPREVIOUS,COUNTRY,TON,WPR,Western Pacific,YEAR,2024,TOBACCO_INDICATOR,TOBACCO_INDICATOR_Rev_curr_prev,,,,,,,TOP,,,,,2025-08-12T08:52:39Z,2024,2024-01-01,2024-12-31
2913900,TOBACCO_MPOWER_R_TAXREVENUEPREVIOUS,COUNTRY,PNG,WPR,Western Pacific,YEAR,2024,TOBACCO_INDICATOR,TOBACCO_INDICATOR_Rev_year_prev,,,,,,,2017,,,,,2025-08-12T15:11:05Z,2024,2024-01-01,2024-12-31
2917666,TOBACCO_MPOWER_R_TAXREVENUEPREVIOUS,COUNTRY,AND,EUR,Europe,YEAR,2024,TOBACCO_INDICATOR,TOBACCO_INDICATOR_Rev_import_prev,,,,,,,102 090 207,102090207,,,,2025-08-12T08:52:39Z,2024,2024-01-01,2024-12-31
2941124,TOBACCO_MPOWER_R_TAXREVENUEPREVIOUS,COUNTRY,LAO,WPR,Western Pacific,YEAR,2024,TOBACCO_INDICATOR,TOBACCO_INDICATOR_Rev_year_prev,,,,,,,2018,,,,,2025-08-12T15:11:05Z,2024,2024-01-01,2024-12-31
3949779,TOBACCO_MPOWER_R_TAXREVENUEPREVIOUS,COUNTRY,HND,AMR,Americas,YEAR,2024,TOBACCO_INDICATOR,TOBACCO_INDICATOR_Rev_VAT_prev,,,,,,,13 648 357,13648356.98,,,,2025-08-12T08:52:39Z,2024,2024-01-01,2024-12-31
3951397,TOBACCO_MPOWER_R_TAXREVENUEPREVIOUS,COUNTRY,MEX,AMR,Americas,YEAR,2024,TOBACCO_INDICATOR,TOBACCO_INDICATOR_Rev_curr_prev,,,,,,,MXN,,,,,2025-08-12T08:52:39Z,2024,2024-01-01,2024-12-31
3951962,TOBACCO_MPOWER_R_TAXREVENUEPREVIOUS,COUNTRY,SMR,EUR,Europe,YEAR,2024,TOBACCO_INDICATOR,TOBACCO_INDICATOR_Rev_other_prev,,,,,,,. . .,,,,,2025-08-12T08:52:39Z,2024,2024-01-01,2024-12-31
3961121,TOBACCO_MPOWER_R_TAXREVENUEPREVIOUS,COUNTRY,BGD,SEAR,South-East Asia,YEAR,2024,TOBACCO_INDICATOR,TOBACCO_INDICATOR_Rev_import_prev,,,,,,,. . .,,,,,2025-08-12T08:52:39Z,2024,2024-01-01,2024-12-31
3980674,TOBACCO_MPOWER_R_TAXREVENUEPREVIOUS,COUNTRY,PNG,WPR,Western Pacific,YEAR,2024,TOBACCO_INDICATOR,TOBACCO_INDICATOR_Rev_VAT_prev,,,,,,,. . .,,,,,2025-08-12T08:52:39Z,2024,2024-01-01,2024-12-31
3995236,TOBACCO_MPOWER_R_TAXREVENUEPREVIOUS,COUNTRY,VCT,AMR,Americas,YEAR,2024,TOBACCO_INDICATOR,TOBACCO_INDICATOR_Rev_VAT_prev,,,,,,,966 735,966734.73,,,,2025-08-12T08:52:39Z,2024,2024-01-01,2024-12-31
3997238,TOBACCO_MPOWER_R_TAXREVENUEPREVIOUS,COUNTRY,DOM,AMR,Americas,YEAR,2024,TOBACCO_INDICATOR,TOBACCO_INDICATOR_Rev_excise_prev,,,,,,,3 310 000 000,3310000000,,,,2025-08-12T08:52:39Z,2024,2024-01-01,2024-12-31
3999843,TOBACCO_MPOWER_R_TAXREVENUEPREVIOUS,COUNTRY,BWA,AFR,Africa,YEAR,2024,TOBACCO_INDICATOR,TOBACCO_INDICATOR_Rev_govt_total_prev,,,,,,,38 050 958,38050958.15,,,,2025-08-12T08:52:39Z,2024,2024-01-01,2024-12-31
4000622,TOBACCO_MPOWER_R_TAXREVENUEPREVIOUS,COUNTRY,KEN,AFR,Africa,YEAR,2024,TOBACCO_INDICATOR,TOBACCO_INDICATOR_Rev_VAT_prev,,,,,,,. . .,,,,,2025-08-12T08:52:39Z,2024,2024-01-01,2024-12-31
4012010,TOBACCO_MPOWER_R_TAXREVENUEPREVIOUS,COUNTRY,SWZ,AFR,Africa,YEAR,2024,TOBACCO_INDICATOR,TOBACCO_INDICATOR_Rev_year_prev,,,,,,,2020,,,,,2025-08-12T15:11:05Z,2024,2024-01-01,2024-12-31
4016012,TOBACCO_MPOWER_R_TAXREVENUEPREVIOUS,COUNTRY,HTI,AMR,Americas,YEAR,2024,TOBACCO_INDICATOR,TOBACCO_INDICATOR_Rev_type_prev,,,,,,,. . .,,,,,2025-08-12T08:52:39Z,2024,2024-01-01,2024-12-31
4025338,TOBACCO_MPOWER_R_TAXREVENUEPREVIOUS,COUNTRY,BFA,AFR,Africa,YEAR,2024,TOBACCO_INDICATOR,TOBACCO_INDICATOR_Rev_other_prev,,,,,,,372 621 432,372621432,,,,2025-08-12T08:52:39Z,2024,2024-01-01,2024-12-31
4050902,TOBACCO_MPOWER_R_TAXREVENUEPREVIOUS,COUNTRY,JPN,WPR,Western Pacific,YEAR,2024,TOBACCO_INDICATOR,TOBACCO_INDICATOR_Rev_govt_total_prev,,,,,,,. . .,,,,,2025-08-12T08:52:39Z,2024,2024-01-01,2024-12-31
4052095,TOBACCO_MPOWER_R_TAXREVENUEPREVIOUS,COUNTRY,KWT,EMR,Eastern Mediterranean,YEAR,2024,TOBACCO_INDICATOR,TOBACCO_INDICATOR_Rev_VAT_prev,,,,,,,—,,,,,2025-08-12T08:52:39Z,2024,2024-01-01,2024-12-31
4061211,TOBACCO_MPOWER_R_TAXREVENUEPREVIOUS,COUNTRY,DJI,EMR,Eastern Mediterranean,YEAR,2024,TOBACCO_INDICATOR,TOBACCO_INDICATOR_Rev_curr_prev,,,,,,,DJF,,,,,2025-08-12T08:52:39Z,2024,2024-01-01,2024-12-31
4066903,TOBACCO_MPOWER_R_TAXREVENUEPREVIOUS,COUNTRY,MDV,SEAR,South-East Asia,YEAR,2024,TOBACCO_INDICATOR,TOBACCO_INDICATOR_Rev_type_prev,,,,,,,All Tobacco products,,,,,2025-08-12T08:52:39Z,2024,2024-01-01,2024-12-31
4071668,TOBACCO_MPOWER_R_TAXREVENUEPREVIOUS,COUNTRY,EST,EUR,Europe,YEAR,2024,TOBACCO_INDICATOR,TOBACCO_INDICATOR_Rev_govt_total_prev,,,,,,,. . .,,,,,2025-08-12T08:52:39Z,2024,2024-01-01,2024-12-31
4076509,TOBACCO_MPOWER_R_TAXREVENUEPREVIOUS,COUNTRY,PLW,WPR,Western Pacific,YEAR,2024,TOBACCO_INDICATOR,TOBACCO_INDICATOR_Rev_type_prev,,,,,,,All Tobacco products,,,,,2025-08-12T08:52:39Z,2024,2024-01-01,2024-12-31
4077181,TOBACCO_MPOWER_R_TAXREVENUEPREVIOUS,COUNTRY,EGY,EMR,Eastern Mediterranean,YEAR,2024,TOBACCO_INDICATOR,TOBACCO_INDICATOR_Rev_year_prev,,,,,,,2021/2022,,,,,2025-08-12T08:52:39Z,2024,2024-01-01,2024-12-31
4084133,TOBACCO_MPOWER_R_TAXREVENUEPREVIOUS,COUNTRY,AZE,EUR,Europe,YEAR,2024,TOBACCO_INDICATOR,TOBACCO_INDICATOR_Rev_curr_prev,,,,,,,AZN,,,,,2025-08-12T08:52:39Z,2024,2024-01-01,2024-12-31
4084849,TOBACCO_MPOWER_R_TAXREVENUEPREVIOUS,COUNTRY,LAO,WPR,Western Pacific,YEAR,2024,TOBACCO_INDICATOR,TOBACCO_INDICATOR_Rev_import_prev,,,,,,,. . .,,,,,2025-08-12T08:52:39Z,2024,2024-01-01,2024-12-31
4093689,TOBACCO_MPOWER_R_TAXREVENUEPREVIOUS,COUNTRY,GTM,AMR,Americas,YEAR,2024,TOBACCO_INDICATOR,TOBACCO_INDICATOR_Rev_other_prev,,,,,,,13 878 023,13878022.62,,,,2025-08-12T08:52:39Z,2024,2024-01-01,2024-12-31
4108922,TOBACCO_MPOWER_R_TAXREVENUEPREVIOUS,COUNTRY,DMA,AMR,Americas,YEAR,2024,TOBACCO_INDICATOR,TOBACCO_INDICATOR_Rev_import_prev,,,,,,,48 977,48977.11,,,,2025-08-12T08:52:39Z,2024,2024-01-01,2024-12-31
4114473,TOBACCO_MPOWER_R_TAXREVENUEPREVIOUS,COUNTRY,GEO,EUR,Europe,YEAR,2024,TOBACCO_INDICATOR,TOBACCO_INDICATOR_Rev_other_prev,,,,,,,. . .,,,,,2025-08-12T08:52:39Z,2024,2024-01-01,2024-12-31
4119608,TOBACCO_MPOWER_R_TAXREVENUEPREVIOUS,COUNTRY,AUS,WPR,Western Pacific,YEAR,2024,TOBACCO_INDICATOR,TOBACCO_INDICATOR_Rev_other_prev,,,,,,,. . .,,,,,2025-08-12T08:52:39Z,2024,2024-01-01,2024-12-31
4123072,TOBACCO_MPOWER_R_TAXREVENUEPREVIOUS,COUNTRY,ZWE,AFR,Africa,YEAR,2024,TOBACCO_INDICATOR,TOBACCO_INDICATOR_Rev_import_prev,,,,,,,.  .  .,,,,,2025-08-12T08:52:39Z,2024,2024-01-01,2024-12-31
4134068,TOBACCO_MPOWER_R_TAXREVENUEPREVIOUS,COUNTRY,COG,AFR,Africa,YEAR,2024,TOBACCO_INDICATOR,TOBACCO_INDICATOR_Rev_excise_prev,,,,,,,3 195 873,3195873,,,,2025-08-12T08:52:39Z,2024,2024-01-01,2024-12-31
4160877,TOBACCO_MPOWER_R_TAXREVENUEPREVIOUS,COUNTRY,CPV,AFR,Africa,YEAR,2024,TOBACCO_INDICATOR,TOBACCO_INDICATOR_Rev_curr_prev,,,,,,,CVE,,,,,2025-08-12T08:52:39Z,2024,2024-01-01,2024-12-31
4167387,TOBACCO_MPOWER_R_TAXREVENUEPREVIOUS,COUNTRY,COM,AFR,Africa,YEAR,2024,TOBACCO_INDICATOR,TOBACCO_INDICATOR_Rev_govt_total_prev,,,,,,,414 142 458,414142458,,,,2025-08-12T08:52:39Z,2024,2024-01-01,2024-12-31
4172200,TOBACCO_MPOWER_R_TAXREVENUEPREVIOUS,COUNTRY,HUN,EUR,Europe,YEAR,2024,TOBACCO_INDICATOR,TOBACCO_INDICATOR_Rev_VAT_prev,,,,,,,154 821 970 858,154821970858,,,,2025-08-12T15:11:05Z,2024,2024-01-01,2024-12-31
4174899,TOBACCO_MPOWER_R_TAXREVENUEPREVIOUS,COUNTRY,SAU,EMR,Eastern Mediterranean,YEAR,2024,TOBACCO_INDICATOR,TOBACCO_INDICATOR_Rev_import_prev,,,,,,,4 198 720 027,4198720027,,,,2025-08-12T08:52:39Z,2024,2024-01-01,2024-12-31
4181478,TOBACCO_MPOWER_R_TAXREVENUEPREVIOUS,COUNTRY,TLS,SEAR,South-East Asia,YEAR,2024,TOBACCO_INDICATOR,TOBACCO_INDICATOR_Rev_VAT_prev,,,,,,,1 318 102,1318102,,,,2025-08-12T08:52:39Z,2024,2024-01-01,2024-12-31
4188359,TOBACCO_MPOWER_R_TAXREVENUEPREVIOUS,COUNTRY,MDG,AFR,Africa,YEAR,2024,TOBACCO_INDICATOR,TOBACCO_INDICATOR_Rev_govt_total_prev,,,,,,,. . .,,,,,2025-08-12T08:52:39Z,2024,2024-01-01,2024-12-31
4210593,TOBACCO_MPOWER_R_TAXREVENUEPREVIOUS,COUNTRY,GRD,AMR,Americas,YEAR,2024,TOBACCO_INDICATOR,TOBACCO_INDICATOR_Rev_VAT_prev,,,,,,,2 223 131,2223131.23,,,,2025-08-12T08:52:39Z,2024,2024-01-01,2024-12-31
4211768,TOBACCO_MPOWER_R_TAXREVENUEPREVIOUS,COUNTRY,SLE,AFR,Africa,YEAR,2024,TOBACCO_INDICATOR,TOBACCO_INDICATOR_Rev_other_prev,,,,,,,5 839 247,5839247.12,,,,2025-08-12T08:52:39Z,2024,2024-01-01,2024-12-31
4211955,TOBACCO_MPOWER_R_TAXREVENUEPREVIOUS,COUNTRY,LAO,WPR,Western Pacific,YEAR,2024,TOBACCO_INDICATOR,TOBACCO_INDICATOR_Rev_curr_prev,,,,,,,LAK,,,,,2025-08-12T08:52:39Z,2024,2024-01-01,2024-12-31
4215478,TOBACCO_MPOWER_R_TAXREVENUEPREVIOUS,COUNTRY,FJI,WPR,Western Pacific,YEAR,2024,TOBACCO_INDICATOR,TOBACCO_INDICATOR_Rev_type_prev,,,,,,,All Tobacco products,,,,,2025-08-12T08:52:39Z,2024,2024-01-01,2024-12-31
4232407,TOBACCO_MPOWER_R_TAXREVENUEPREVIOUS,COUNTRY,KNA,AMR,Americas,YEAR,2024,TOBACCO_INDICATOR,TOBACCO_INDICATOR_Rev_govt_total_prev,,,,,,,236 875,236874.93,,,,2025-08-12T08:52:39Z,2024,2024-01-01,2024-12-31
4253395,TOBACCO_MPOWER_R_TAXREVENUEPREVIOUS,COUNTRY,MRT,AFR,Africa,YEAR,2024,TOBACCO_INDICATOR,TOBACCO_INDICATOR_Rev_type_prev,,,,,,,All Tobacco products,,,,,2025-08-12T08:52:39Z,2024,2024-01-01,2024-12-31
4260184,TOBACCO_MPOWER_R_TAXREVENUEPREVIOUS,COUNTRY,TGO,AFR,Africa,YEAR,2024,TOBACCO_INDICATOR,TOBACCO_INDICATOR_Rev_other_prev,,,,,,,. . .,,,,,2025-08-12T08:52:39Z,2024,2024-01-01,2024-12-31
4272680,TOBACCO_MPOWER_R_TAXREVENUEPREVIOUS,COUNTRY,TUR,EUR,Europe,YEAR,2024,TOBACCO_INDICATOR,TOBACCO_INDICATOR_Rev_type_prev,,,,,,,All Tobacco products,,,,,2025-08-12T08:52:39Z,2024,2024-01-01,2024-12-31
4287524,TOBACCO_MPOWER_R_TAXREVENUEPREVIOUS,COUNTRY,BHS,AMR,Americas,YEAR,2024,TOBACCO_INDICATOR,TOBACCO_INDICATOR_Rev_curr_prev,,,,,,,BSD,,,,,2025-08-12T08:52:39Z,2024,2024-01-01,2024-12-31
4291424,TOBACCO_MPOWER_R_TAXREVENUEPREVIOUS,COUNTRY,MNE,EUR,Europe,YEAR,2024,TOBACCO_INDICATOR,TOBACCO_INDICATOR_Rev_excise_prev,,,,,,,92 080 000,92080000,,,,2025-08-12T08:52:39Z,2024,2024-01-01,2024-12-31
4292290,TOBACCO_MPOWER_R_TAXREVENUEPREVIOUS,COUNTRY,FJI,WPR,Western Pacific,YEAR,2024,TOBACCO_INDICATOR,TOBACCO_INDICATOR_Rev_year_prev,,,,,,,2022,,,,,2025-08-12T15:11:05Z,2024,2024-01-01,2024-12-31
4293958,TOBACCO_MPOWER_R_TAXREVENUEPREVIOUS,COUNTRY,CAN,AMR,Americas,YEAR,2024,TOBACCO_INDICATOR,TOBACCO_INDICATOR_Rev_govt_total_prev,,,,,,,. . .,,,,,2025-08-12T08:52:39Z,2024,2024-01-01,2024-12-31
4310435,TOBACCO_MPOWER_R_TAXREVENUEPREVIOUS,COUNTRY,LUX,EUR,Europe,YEAR,2024,TOBACCO_INDICATOR,TOBACCO_INDICATOR_Rev_curr_prev,,,,,,,EUR,,,,,2025-08-12T08:52:39Z,2024,2024-01-01,2024-12-31
4318379,TOBACCO_MPOWER_R_TAXREVENUEPREVIOUS,COUNTRY,ITA,EUR,Europe,YEAR,2024,TOBACCO_INDICATOR,TOBACCO_INDICATOR_Rev_VAT_prev,,,,,,,. . .,,,,,2025-08-12T08:52:39Z,2024,2024-01-01,2024-12-31
4321390,TOBACCO_MPOWER_R_TAXREVENUEPREVIOUS,COUNTRY,GIN,AFR,Africa,YEAR,2024,TOBACCO_INDICATOR,TOBACCO_INDICATOR_Rev_other_prev,,,,,,,2 072 823 565,2072823565,,,,2025-08-12T08:52:39Z,2024,2024-01-01,2024-12-31
4324799,TOBACCO_MPOWER_R_TAXREVENUEPREVIOUS,COUNTRY,BDI,AFR,Africa,YEAR,2024,TOBACCO_INDICATOR,TOBACCO_INDICATOR_Rev_VAT_prev,,,,,,,. . .,,,,,2025-08-12T08:52:39Z,2024,2024-01-01,2024-12-31
4325426,TOBACCO_MPOWER_R_TAXREVENUEPREVIOUS,COUNTRY,MKD,EUR,Europe,YEAR,2024,TOBACCO_INDICATOR,TOBACCO_INDICATOR_Rev_curr_prev,,,,,,,MKD,,,,,2025-08-12T08:52:39Z,2024,2024-01-01,2024-12-31
4338546,TOBACCO_MPOWER_R_TAXREVENUEPREVIOUS,COUNTRY,SLE,AFR,Africa,YEAR,2024,TOBACCO_INDICATOR,TOBACCO_INDICATOR_Rev_govt_total_prev,,,,,,,101 125 143,101125143.31,,,,2025-08-12T15:11:05Z,2024,2024-01-01,2024-12-31
4344260,TOBACCO_MPOWER_R_TAXREVENUEPREVIOUS,COUNTRY,BEN,AFR,Africa,YEAR,2024,TOBACCO_INDICATOR,TOBACCO_INDICATOR_Rev_import_prev,,,,,,,119 655 543,119655543,,,,2025-08-12T08:52:39Z,2024,2024-01-01,2024-12-31
4359630,TOBACCO_MPOWER_R_TAXREVENUEPREVIOUS,COUNTRY,LKA,SEAR,South-East Asia,YEAR,2024,TOBACCO_INDICATOR,TOBACCO_INDICATOR_Rev_type_prev,,,,,,,Cigarettes only,,,,,2025-08-12T08:52:39Z,2024,2024-01-01,2024-12-31
4368636,TOBACCO_MPOWER_R_TAXREVENUEPREVIOUS,COUNTRY,BRN,WPR,Western Pacific,YEAR,2024,TOBACCO_INDICATOR,TOBACCO_INDICATOR_Rev_govt_total_prev,,,,,,,214 269,214269,,,,2025-08-12T08:52:39Z,2024,2024-01-01,2024-12-31
4369781,TOBACCO_MPOWER_R_TAXREVENUEPREVIOUS,COUNTRY,FSM,WPR,Western Pacific,YEAR,2024,TOBACCO_INDICATOR,TOBACCO_INDICATOR_Rev_curr_prev,,,,,,,USD,,,,,2025-08-12T08:52:39Z,2024,2024-01-01,2024-12-31
4381645,TOBACCO_MPOWER_R_TAXREVENUEPREVIOUS,COUNTRY,SRB,EUR,Europe,YEAR,2024,TOBACCO_INDICATOR,TOBACCO_INDICATOR_Rev_govt_total_prev,,,,,,,. . .,,,,,2025-08-12T08:52:39Z,2024,2024-01-01,2024-12-31
4392394,TOBACCO_MPOWER_R_TAXREVENUEPREVIOUS,COUNTRY,IRL,EUR,Europe,YEAR,2024,TOBACCO_INDICATOR,TOBACCO_INDICATOR_Rev_year_prev,,,,,,,2023,,,,,2025-08-12T15:11:05Z,2024,2024-01-01,2024-12-31
4398495,TOBACCO_MPOWER_R_TAXREVENUEPREVIOUS,COUNTRY,GIN,AFR,Africa,YEAR,2024,TOBACCO_INDICATOR,TOBACCO_INDICATOR_Rev_type_prev,,,,,,,Cigarettes only,,,,,2025-08-12T08:52:39Z,2024,2024-01-01,2024-12-31
4399747,TOBACCO_MPOWER_R_TAXREVENUEPREVIOUS,COUNTRY,NZL,WPR,Western Pacific,YEAR,2024,TOBACCO_INDICATOR,TOBACCO_INDICATOR_Rev_curr_prev,,,,,,,NZD,,,,,2025-08-12T08:52:39Z,2024,2024-01-01,2024-12-31
4400843,TOBACCO_MPOWER_R_TAXREVENUEPREVIOUS,COUNTRY,FSM,WPR,Western Pacific,YEAR,2024,TOBACCO_INDICATOR,TOBACCO_INDICATOR_Rev_type_prev,,,,,,,Cigarettes only,,,,,2025-08-12T08:52:39Z,2024,2024-01-01,2024-12-31
4418874,TOBACCO_MPOWER_R_TAXREVENUEPREVIOUS,COUNTRY,ATG,AMR,Americas,YEAR,2024,TOBACCO_INDICATOR,TOBACCO_INDICATOR_Rev_type_prev,,,,,,,All Tobacco products,,,,,2025-08-12T08:52:39Z,2024,2024-01-01,2024-12-31
4421806,TOBACCO_MPOWER_R_TAXREVENUEPREVIOUS,COUNTRY,BLR,EUR,Europe,YEAR,2024,TOBACCO_INDICATOR,TOBACCO_INDICATOR_Rev_other_prev,,,,,,,0,0,,,,2025-08-12T08:52:39Z,2024,2024-01-01,2024-12-31
4437633,TOBACCO_MPOWER_R_TAXREVENUEPREVIOUS,COUNTRY,TUR,EUR,Europe,YEAR,2024,TOBACCO_INDICATOR,TOBACCO_INDICATOR_Rev_year_prev,,,,,,,2022,,,,,2025-08-12T15:11:05Z,2024,2024-01-01,2024-12-31
4440601,TOBACCO_MPOWER_R_TAXREVENUEPREVIOUS,COUNTRY,SAU,EMR,Eastern Mediterranean,YEAR,2024,TOBACCO_INDICATOR,TOBACCO_INDICATOR_Rev_curr_prev,,,,,,,SAR,,,,,2025-08-12T08:52:39Z,2024,2024-01-01,2024-12-31
4449626,TOBACCO_MPOWER_R_TAXREVENUEPREVIOUS,COUNTRY,JOR,EMR,Eastern Mediterranean,YEAR,2024,TOBACCO_INDICATOR,TOBACCO_INDICATOR_Rev_excise_prev,,,,,,,708 794 516,708794516,,,,2025-08-12T08:52:39Z,2024,2024-01-01,2024-12-31
4456001,TOBACCO_MPOWER_R_TAXREVENUEPREVIOUS,COUNTRY,PRK,SEAR,South-East Asia,YEAR,2024,TOBACCO_INDICATOR,TOBACCO_INDICATOR_Rev_excise_prev,,,,,,,. . .,,,,,2025-08-12T08:52:39Z,2024,2024-01-01,2024-12-31
4462251,TOBACCO_MPOWER_R_TAXREVENUEPREVIOUS,COUNTRY,ALB,EUR,Europe,YEAR,2024,TOBACCO_INDICATOR,TOBACCO_INDICATOR_Rev_year_prev,,,,,,,2022,,,,,2025-08-12T15:11:05Z,2024,2024-01-01,2024-12-31
4472965,TOBACCO_MPOWER_R_TAXREVENUEPREVIOUS,COUNTRY,NGA,AFR,Africa,YEAR,2024,TOBACCO_INDICATOR,TOBACCO_INDICATOR_Rev_curr_prev,,,,,,,NGN,,,,,2025-08-12T08:52:39Z,2024,2024-01-01,2024-12-31
4476728,TOBACCO_MPOWER_R_TAXREVENUEPREVIOUS,COUNTRY,KOR,WPR,Western Pacific,YEAR,2024,TOBACCO_INDICATOR,TOBACCO_INDICATOR_Rev_year_prev,,,,,,,2020,,,,,2025-08-12T15:11:05Z,2024,2024-01-01,2024-12-31
4479338,TOBACCO_MPOWER_R_TAXREVENUEPREVIOUS,COUNTRY,BLR,EUR,Europe,YEAR,2024,TOBACCO_INDICATOR,TOBACCO_INDICATOR_Rev_excise_prev,,,,,,,571 445 511,571445510.8,,,,2025-08-12T08:52:39Z,2024,2024-01-01,2024-12-31
4488741,TOBACCO_MPOWER_R_TAXREVENUEPREVIOUS,COUNTRY,WSM,WPR,Western Pacific,YEAR,2024,TOBACCO_INDICATOR,TOBACCO_INDICATOR_Rev_type_prev,,,,,,,All Tobacco Products,,,,,2025-08-12T08:52:39Z,2024,2024-01-01,2024-12-31
4494199,TOBACCO_MPOWER_R_TAXREVENUEPREVIOUS,COUNTRY,MRT,AFR,Africa,YEAR,2024,TOBACCO_INDICATOR,TOBACCO_INDICATOR_Rev_import_prev,,,,,,,. . .,,,,,2025-08-12T08:52:39Z,2024,2024-01-01,2024-12-31
4497018,TOBACCO_MPOWER_R_TAXREVENUEPREVIOUS,COUNTRY,SLB,WPR,Western Pacific,YEAR,2024,TOBACCO_INDICATOR,TOBACCO_INDICATOR_Rev_excise_prev,,,,,,,94 731 276,94731276,,,,2025-08-12T08:52:39Z,2024,2024-01-01,2024-12-31
4519899,TOBACCO_MPOWER_R_TAXREVENUEPREVIOUS,COUNTRY,COD,AFR,Africa,YEAR,2024,TOBACCO_INDICATOR,TOBACCO_INDICATOR_Rev_year_prev,,,,,,,2018,,,,,2025-08-12T15:11:05Z,2024,2024-01-01,2024-12-31
4523775,TOBACCO_MPOWER_R_TAXREVENUEPREVIOUS,COUNTRY,LKA,SEAR,South-East Asia,YEAR,2024,TOBACCO_INDICATOR,TOBACCO_INDICATOR_Rev_year_prev,,,,,,,2022,,,,,2025-08-12T15:11:05Z,2024,2024-01-01,2024-12-31
4527142,TOBACCO_MPOWER_R_TAXREVENUEPREVIOUS,COUNTRY,TUN,EMR,Eastern Mediterranean,YEAR,2024,TOBACCO_INDICATOR,TOBACCO_INDICATOR_Rev_excise_prev,,,,,,,1 221 061 619,1221061619.43,,,,2025-08-12T15:11:05Z,2024,2024-01-01,2024-12-31
4531107,TOBACCO_MPOWER_R_TAXREVENUEPREVIOUS,COUNTRY,MDG,AFR,Africa,YEAR,2024,TOBACCO_INDICATOR,TOBACCO_INDICATOR_Rev_excise_prev,,,,,,,231 881 862 644,231881862644,,,,2025-08-12T15:11:05Z,2024,2024-01-01,2024-12-31
4533006,TOBACCO_MPOWER_R_TAXREVENUEPREVIOUS,COUNTRY,BHR,EMR,Eastern Mediterranean,YEAR,2024,TOBACCO_INDICATOR,TOBACCO_INDICATOR_Rev_import_prev,,,,,,,63 866 309,63866309,,,,2025-08-12T08:52:39Z,2024,2024-01-01,2024-12-31
4536509,TOBACCO_MPOWER_R_TAXREVENUEPREVIOUS,COUNTRY,LVA,EUR,Europe,YEAR,2024,TOBACCO_INDICATOR,TOBACCO_INDICATOR_Rev_type_prev,,,,,,,All Tobacco products,,,,,2025-08-12T08:52:39Z,2024,2024-01-01,2024-12-31
4544271,TOBACCO_MPOWER_R_TAXREVENUEPREVIOUS,COUNTRY,HND,AMR,Americas,YEAR,2024,TOBACCO_INDICATOR,TOBACCO_INDICATOR_Rev_excise_prev,,,,,,,29 798 210,29798209.5,,,,2025-08-12T08:52:39Z,2024,2024-01-01,2024-12-31
4548365,TOBACCO_MPOWER_R_TAXREVENUEPREVIOUS,COUNTRY,NRU,WPR,Western Pacific,YEAR,2024,TOBACCO_INDICATOR,TOBACCO_INDICATOR_Rev_type_prev,,,,,,,All Tobacco products,,,,,2025-08-12T08:52:39Z,2024,2024-01-01,2024-12-31
4551971,TOBACCO_MPOWER_R_TAXREVENUEPREVIOUS,COUNTRY,GHA,AFR,Africa,YEAR,2024,TOBACCO_INDICATOR,TOBACCO_INDICATOR_Rev_VAT_prev,,,,,,,38 390 110,38390110.41,,,,2025-08-12T08:52:39Z,2024,2024-01-01,2024-12-31
4554578,TOBACCO_MPOWER_R_TAXREVENUEPREVIOUS,COUNTRY,TKM,EUR,Europe,YEAR,2024,TOBACCO_INDICATOR,TOBACCO_INDICATOR_Rev_VAT_prev,,,,,,,. . .,,,,,2025-08-12T08:52:39Z,2024,2024-01-01,2024-12-31
4555002,TOBACCO_MPOWER_R_TAXREVENUEPREVIOUS,COUNTRY,BEL,EUR,Europe,YEAR,2024,TOBACCO_INDICATOR,TOBACCO_INDICATOR_Rev_VAT_prev,,,,,,,. . .,,,,,2025-08-12T08:52:39Z,2024,2024-01-01,2024-12-31
4563410,TOBACCO_MPOWER_R_TAXREVENUEPREVIOUS,COUNTRY,LUX,EUR,Europe,YEAR,2024,TOBACCO_INDICATOR,TOBACCO_INDICATOR_Rev_import_prev,,,,,,,. . .,,,,,2025-08-12T08:52:39Z,2024,2024-01-01,2024-12-31
4564055,TOBACCO_MPOWER_R_TAXREVENUEPREVIOUS,COUNTRY,SLB,WPR,Western Pacific,YEAR,2024,TOBACCO_INDICATOR,TOBACCO_INDICATOR_Rev_other_prev,,,,,,,0,0,,,,2025-08-12T08:52:39Z,2024,2024-01-01,2024-12-31
4566639,TOBACCO_MPOWER_R_TAXREVENUEPREVIOUS,COUNTRY,MHL,WPR,Western Pacific,YEAR,2024,TOBACCO_INDICATOR,TOBACCO_INDICATOR_Rev_govt_total_prev,,,,,,,. . .,,,,,2025-08-12T08:52:39Z,2024,2024-01-01,2024-12-31
4582216,TOBACCO_MPOWER_R_TAXREVENUEPREVIOUS,COUNTRY,TON,WPR,Western Pacific,YEAR,2024,TOBACCO_INDICATOR,TOBACCO_INDICATOR_Rev_excise_prev,,,,,,,8 935 036,8935036,,,,2025-08-12T08:52:39Z,2024,2024-01-01,2024-12-31
4602751,TOBACCO_MPOWER_R_TAXREVENUEPREVIOUS,COUNTRY,ECU,AMR,Americas,YEAR,2024,TOBACCO_INDICATOR,TOBACCO_INDICATOR_Rev_curr_prev,,,,,,,USD,,,,,2025-08-12T08:52:39Z,2024,2024-01-01,2024-12-31
4606357,TOBACCO_MPOWER_R_TAXREVENUEPREVIOUS,COUNTRY,ETH,AFR,Africa,YEAR,2024,TOBACCO_INDICATOR,TOBACCO_INDICATOR_Rev_year_prev,,,,,,,2022,,,,,2025-08-12T15:11:05Z,2024,2024-01-01,2024-12-31
4609633,TOBACCO_MPOWER_R_TAXREVENUEPREVIOUS,COUNTRY,FSM,WPR,Western Pacific,YEAR,2024,TOBACCO_INDICATOR,TOBACCO_INDICATOR_Rev_govt_total_prev,,,,,,,. . .,,,,,2025-08-12T08:52:39Z,2024,2024-01-01,2024-12-31
4609780,TOBACCO_MPOWER_R_TAXREVENUEPREVIOUS,COUNTRY,BRN,WPR,Western Pacific,YEAR,2024,TOBACCO_INDICATOR,TOBACCO_INDICATOR_Rev_type_prev,,,,,,,All Tobacco products,,,,,2025-08-12T08:52:39Z,2024,2024-01-01,2024-12-31
4613870,TOBACCO_MPOWER_R_TAXREVENUEPREVIOUS,COUNTRY,ZAF,AFR,Africa,YEAR,2024,TOBACCO_INDICATOR,TOBACCO_INDICATOR_Rev_type_prev,,,,,,,All Tobacco products,,,,,2025-08-12T08:52:39Z,2024,2024-01-01,2024-12-31
4620752,TOBACCO_MPOWER_R_TAXREVENUEPREVIOUS,COUNTRY,TUV,WPR,Western Pacific,YEAR,2024,TOBACCO_INDICATOR,TOBACCO_INDICATOR_Rev_excise_prev,,,,,,,453 901,453901.2,,,,2025-08-12T08:52:39Z,2024,2024-01-01,2024-12-31
4622585,TOBACCO_MPOWER_R_TAXREVENUEPREVIOUS,COUNTRY,KNA,AMR,Americas,YEAR,2024,TOBACCO_INDICATOR,TOBACCO_INDICATOR_Rev_other_prev,,,,,,,131 531,131530.72,,,,2025-08-12T08:52:39Z,2024,2024-01-01,2024-12-31
4636031,TOBACCO_MPOWER_R_TAXREVENUEPREVIOUS,COUNTRY,COG,AFR,Africa,YEAR,2024,TOBACCO_INDICATOR,TOBACCO_INDICATOR_Rev_VAT_prev,,,,,,,. . .,,,,,2025-08-12T08:52:39Z,2024,2024-01-01,2024-12-31
4652564,TOBACCO_MPOWER_R_TAXREVENUEPREVIOUS,COUNTRY,BRA,AMR,Americas,YEAR,2024,TOBACCO_INDICATOR,TOBACCO_INDICATOR_Rev_other_prev,,,,,,,1 791 200 000,1791200000,,,,2025-08-12T08:52:39Z,2024,2024-01-01,2024-12-31
4659534,TOBACCO_MPOWER_R_TAXREVENUEPREVIOUS,COUNTRY,PNG,WPR,Western Pacific,YEAR,2024,TOBACCO_INDICATOR,TOBACCO_INDICATOR_Rev_type_prev,,,,,,,All Tobacco products,,,,,2025-08-12T08:52:39Z,2024,2024-01-01,2024-12-31
4674251,TOBACCO_MPOWER_R_TAXREVENUEPREVIOUS,COUNTRY,BHR,EMR,Eastern Mediterranean,YEAR,2024,TOBACCO_INDICATOR,TOBACCO_INDICATOR_Rev_govt_total_prev,,,,,,,63 866 309,63866309,,,,2025-08-12T08:52:39Z,2024,2024-01-01,2024-12-31
4681672,TOBACCO_MPOWER_R_TAXREVENUEPREVIOUS,COUNTRY,BRN,WPR,Western Pacific,YEAR,2024,TOBACCO_INDICATOR,TOBACCO_INDICATOR_Rev_VAT_prev,,,,,,,0,0,,,,2025-08-12T08:52:39Z,2024,2024-01-01,2024-12-31
4690317,TOBACCO_MPOWER_R_TAXREVENUEPREVIOUS,COUNTRY,ZAF,AFR,Africa,YEAR,2024,TOBACCO_INDICATOR,TOBACCO_INDICATOR_Rev_govt_total_prev,,,,,,,12 180 124 954,12180124954.470001,,,,2025-08-12T15:11:05Z,2024,2024-01-01,2024-12-31
4690409,TOBACCO_MPOWER_R_TAXREVENUEPREVIOUS,COUNTRY,CAF,AFR,Africa,YEAR,2024,TOBACCO_INDICATOR,TOBACCO_INDICATOR_Rev_VAT_prev,,,,,,,. . .,,,,,2025-08-12T08:52:39Z,2024,2024-01-01,2024-12-31
4699313,TOBACCO_MPOWER_R_TAXREVENUEPREVIOUS,COUNTRY,BOL,AMR,Americas,YEAR,2024,TOBACCO_INDICATOR,TOBACCO_INDICATOR_Rev_VAT_prev,,,,,,,54 873 883,54873883,,,,2025-08-12T08:52:39Z,2024,2024-01-01,2024-12-31
4700905,TOBACCO_MPOWER_R_TAXREVENUEPREVIOUS,COUNTRY,RUS,EUR,Europe,YEAR,2024,TOBACCO_INDICATOR,TOBACCO_INDICATOR_Rev_type_prev,,,,,,,All Tobacco products,,,,,2025-08-12T08:52:39Z,2024,2024-01-01,2024-12-31
4713168,TOBACCO_MPOWER_R_TAXREVENUEPREVIOUS,COUNTRY,SSD,AFR,Africa,YEAR,2024,TOBACCO_INDICATOR,TOBACCO_INDICATOR_Rev_excise_prev,,,,,,,. . .,,,,,2025-08-12T08:52:39Z,2024,2024-01-01,2024-12-31
4717149,TOBACCO_MPOWER_R_TAXREVENUEPREVIOUS,COUNTRY,CYP,EUR,Europe,YEAR,2024,TOBACCO_INDICATOR,TOBACCO_INDICATOR_Rev_import_prev,,,,,,,. . .,,,,,2025-08-12T08:52:39Z,2024,2024-01-01,2024-12-31
4717556,TOBACCO_MPOWER_R_TAXREVENUEPREVIOUS,COUNTRY,BWA,AFR,Africa,YEAR,2024,TOBACCO_INDICATOR,TOBACCO_INDICATOR_Rev_year_prev,,,,,,,2018,,,,,2025-08-12T15:11:05Z,2024,2024-01-01,2024-12-31
4725142,TOBACCO_MPOWER_R_TAXREVENUEPREVIOUS,COUNTRY,CHE,EUR,Europe,YEAR,2024,TOBACCO_INDICATOR,TOBACCO_INDICATOR_Rev_govt_total_prev,,,,,,,2 450 175 000,2450175000,,,,2025-08-12T08:52:39Z,2024,2024-01-01,2024-12-31
4734982,TOBACCO_MPOWER_R_TAXREVENUEPREVIOUS,COUNTRY,SLB,WPR,Western Pacific,YEAR,2024,TOBACCO_INDICATOR,TOBACCO_INDICATOR_Rev_type_prev,,,,,,,All Tobacco products,,,,,2025-08-12T08:52:39Z,2024,2024-01-01,2024-12-31
4739769,TOBACCO_MPOWER_R_TAXREVENUEPREVIOUS,COUNTRY,FIN,EUR,Europe,YEAR,2024,TOBACCO_INDICATOR,TOBACCO_INDICATOR_Rev_type_prev,,,,,,,All Tobacco products,,,,,2025-08-12T08:52:39Z,2024,2024-01-01,2024-12-31
4747437,TOBACCO_MPOWER_R_TAXREVENUEPREVIOUS,COUNTRY,NZL,WPR,Western Pacific,YEAR,2024,TOBACCO_INDICATOR,TOBACCO_INDICATOR_Rev_type_prev,,,,,,,All Tobacco products,,,,,2025-08-12T08:52:39Z,2024,2024-01-01,2024-12-31
4751751,TOBACCO_MPOWER_R_TAXREVENUEPREVIOUS,COUNTRY,MMR,SEAR,South-East Asia,YEAR,2024,TOBACCO_INDICATOR,TOBACCO_INDICATOR_Rev_other_prev,,,,,,,. . .,,,,,2025-08-12T08:52:39Z,2024,2024-01-01,2024-12-31
4755143,TOBACCO_MPOWER_R_TAXREVENUEPREVIOUS,COUNTRY,EGY,EMR,Eastern Mediterranean,YEAR,2024,TOBACCO_INDICATOR,TOBACCO_INDICATOR_Rev_VAT_prev,,,,,,,. . .,,,,,2025-08-12T08:52:39Z,2024,2024-01-01,2024-12-31
4766685,TOBACCO_MPOWER_R_TAXREVENUEPREVIOUS,COUNTRY,ISL,EUR,Europe,YEAR,2024,TOBACCO_INDICATOR,TOBACCO_INDICATOR_Rev_year_prev,,,,,,,2022,,,,,2025-08-12T15:11:05Z,2024,2024-01-01,2024-12-31
4769259,TOBACCO_MPOWER_R_TAXREVENUEPREVIOUS,COUNTRY,KWT,EMR,Eastern Mediterranean,YEAR,2024,TOBACCO_INDICATOR,TOBACCO_INDICATOR_Rev_year_prev,,,,,,,2017,,,,,2025-08-12T15:11:05Z,2024,2024-01-01,2024-12-31
4771994,TOBACCO_MPOWER_R_TAXREVENUEPREVIOUS,COUNTRY,KIR,WPR,Western Pacific,YEAR,2024,TOBACCO_INDICATOR,TOBACCO_INDICATOR_Rev_type_prev,,,,,,,Cigarettes only,,,,,2025-08-12T08:52:39Z,2024,2024-01-01,2024-12-31
4772261,TOBACCO_MPOWER_R_TAXREVENUEPREVIOUS,COUNTRY,MRT,AFR,Africa,YEAR,2024,TOBACCO_INDICATOR,TOBACCO_INDICATOR_Rev_govt_total_prev,,,,,,,. . .,,,,,2025-08-12T08:52:39Z,2024,2024-01-01,2024-12-31
4790037,TOBACCO_MPOWER_R_TAXREVENUEPREVIOUS,COUNTRY,PRT,EUR,Europe,YEAR,2024,TOBACCO_INDICATOR,TOBACCO_INDICATOR_Rev_other_prev,,,,,,,. . .,,,,,2025-08-12T08:52:39Z,2024,2024-01-01,2024-12-31
4793000,TOBACCO_MPOWER_R_TAXREVENUEPREVIOUS,COUNTRY,MAR,EMR,Eastern Mediterranean,YEAR,2024,TOBACCO_INDICATOR,TOBACCO_INDICATOR_Rev_curr_prev,,,,,,,MAD,,,,,2025-08-12T08:52:39Z,2024,2024-01-01,2024-12-31
4795165,TOBACCO_MPOWER_R_TAXREVENUEPREVIOUS,COUNTRY,BRB,AMR,Americas,YEAR,2024,TOBACCO_INDICATOR,TOBACCO_INDICATOR_Rev_govt_total_prev,,,,,,,. . .,,,,,2025-08-12T08:52:39Z,2024,2024-01-01,2024-12-31
4801279,TOBACCO_MPOWER_R_TAXREVENUEPREVIOUS,COUNTRY,SLE,AFR,Africa,YEAR,2024,TOBACCO_INDICATOR,TOBACCO_INDICATOR_Rev_curr_prev,,,,,,,SLL,,,,,2025-08-12T08:52:39Z,2024,2024-01-01,2024-12-31
4815189,TOBACCO_MPOWER_R_TAXREVENUEPREVIOUS,COUNTRY,AUT,EUR,Europe,YEAR,2024,TOBACCO_INDICATOR,TOBACCO_INDICATOR_Rev_year_prev,,,,,,,2022,,,,,2025-08-12T15:11:05Z,2024,2024-01-01,2024-12-31
4822516,TOBACCO_MPOWER_R_TAXREVENUEPREVIOUS,COUNTRY,MCO,EUR,Europe,YEAR,2024,TOBACCO_INDICATOR,TOBACCO_INDICATOR_Rev_VAT_prev,,,,,,,. . .,,,,,2025-08-12T08:52:39Z,2024,2024-01-01,2024-12-31
4822929,TOBACCO_MPOWER_R_TAXREVENUEPREVIOUS,COUNTRY,GBR,EUR,Europe,YEAR,2024,TOBACCO_INDICATOR,TOBACCO_INDICATOR_Rev_curr_prev,,,,,,,GBP,,,,,2025-08-12T08:52:39Z,2024,2024-01-01,2024-12-31
4835728,TOBACCO_MPOWER_R_TAXREVENUEPREVIOUS,COUNTRY,SEN,AFR,Africa,YEAR,2024,TOBACCO_INDICATOR,TOBACCO_INDICATOR_Rev_other_prev,,,,,,,. . .,,,,,2025-08-12T08:52:39Z,2024,2024-01-01,2024-12-31
4840983,TOBACCO_MPOWER_R_TAXREVENUEPREVIOUS,COUNTRY,COG,AFR,Africa,YEAR,2024,TOBACCO_INDICATOR,TOBACCO_INDICATOR_Rev_import_prev,,,,,,,. . .,,,,,2025-08-12T08:52:39Z,2024,2024-01-01,2024-12-31
4847061,TOBACCO_MPOWER_R_TAXREVENUEPREVIOUS,COUNTRY,MWI,AFR,Africa,YEAR,2024,TOBACCO_INDICATOR,TOBACCO_INDICATOR_Rev_year_prev,,,,,,,2021,,,,,2025-08-12T15:11:05Z,2024,2024-01-01,2024-12-31
4849844,TOBACCO_MPOWER_R_TAXREVENUEPREVIOUS,COUNTRY,IRQ,EMR,Eastern Mediterranean,YEAR,2024,TOBACCO_INDICATOR,TOBACCO_INDICATOR_Rev_other_prev,,,,,,,. . .,,,,,2025-08-12T08:52:39Z,2024,2024-01-01,2024-12-31
4857719,TOBACCO_MPOWER_R_TAXREVENUEPREVIOUS,COUNTRY,COD,AFR,Africa,YEAR,2024,TOBACCO_INDICATOR,TOBACCO_INDICATOR_Rev_VAT_prev,,,,,,,23 040 633 396,23040633395.999996,,,,2025-08-12T08:52:39Z,2024,2024-01-01,2024-12-31
4865654,TOBACCO_MPOWER_R_TAXREVENUEPREVIOUS,COUNTRY,GIN,AFR,Africa,YEAR,2024,TOBACCO_INDICATOR,TOBACCO_INDICATOR_Rev_year_prev,,,,,,,2022,,,,,2025-08-12T15:11:05Z,2024,2024-01-01,2024-12-31
4868745,TOBACCO_MPOWER_R_TAXREVENUEPREVIOUS,COUNTRY,CMR,AFR,Africa,YEAR,2024,TOBACCO_INDICATOR,TOBACCO_INDICATOR_Rev_import_prev,,,,,,,8 506 662 156,8506662156,,,,2025-08-12T08:52:39Z,2024,2024-01-01,2024-12-31
4869841,TOBACCO_MPOWER_R_TAXREVENUEPREVIOUS,COUNTRY,MDV,SEAR,South-East Asia,YEAR,2024,TOBACCO_INDICATOR,TOBACCO_INDICATOR_Rev_other_prev,,,,,,,. . .,,,,,2025-08-12T08:52:39Z,2024,2024-01-01,2024-12-31
4880238,TOBACCO_MPOWER_R_TAXREVENUEPREVIOUS,COUNTRY,KEN,AFR,Africa,YEAR,2024,TOBACCO_INDICATOR,TOBACCO_INDICATOR_Rev_excise_prev,,,,,,,12 692 635 797,12692635797,,,,2025-08-12T08:52:39Z,2024,2024-01-01,2024-12-31
4889804,TOBACCO_MPOWER_R_TAXREVENUEPREVIOUS,COUNTRY,MDA,EUR,Europe,YEAR,2024,TOBACCO_INDICATOR,TOBACCO_INDICATOR_Rev_import_prev,,,,,,,. . .,,,,,2025-08-12T08:52:39Z,2024,2024-01-01,2024-12-31
4897292,TOBACCO_MPOWER_R_TAXREVENUEPREVIOUS,COUNTRY,LCA,AMR,Americas,YEAR,2024,TOBACCO_INDICATOR,TOBACCO_INDICATOR_Rev_curr_prev,,,,,,,XCD,,,,,2025-08-12T08:52:39Z,2024,2024-01-01,2024-12-31
4908084,TOBACCO_MPOWER_R_TAXREVENUEPREVIOUS,COUNTRY,THA,SEAR,South-East Asia,YEAR,2024,TOBACCO_INDICATOR,TOBACCO_INDICATOR_Rev_VAT_prev,,,,,,,. . .,,,,,2025-08-12T08:52:39Z,2024,2024-01-01,2024-12-31
4913548,TOBACCO_MPOWER_R_TAXREVENUEPREVIOUS,COUNTRY,ZWE,AFR,Africa,YEAR,2024,TOBACCO_INDICATOR,TOBACCO_INDICATOR_Rev_curr_prev,,,,,,,ZWL,,,,,2025-08-12T08:52:39Z,2024,2024-01-01,2024-12-31
4913640,TOBACCO_MPOWER_R_TAXREVENUEPREVIOUS,COUNTRY,ZAF,AFR,Africa,YEAR,2024,TOBACCO_INDICATOR,TOBACCO_INDICATOR_Rev_excise_prev,,,,,,,10 591 413 004,10591413004.47,,,,2025-08-12T15:11:05Z,2024,2024-01-01,2024-12-31
4921274,TOBACCO_MPOWER_R_TAXREVENUEPREVIOUS,COUNTRY,AND,EUR,Europe,YEAR,2024,TOBACCO_INDICATOR,TOBACCO_INDICATOR_Rev_excise_prev,,,,,,,1 447 432,1447432,,,,2025-08-12T08:52:39Z,2024,2024-01-01,2024-12-31
4924089,TOBACCO_MPOWER_R_TAXREVENUEPREVIOUS,COUNTRY,SAU,EMR,Eastern Mediterranean,YEAR,2024,TOBACCO_INDICATOR,TOBACCO_INDICATOR_Rev_type_prev,,,,,,,All Tobacco products,,,,,2025-08-12T08:52:39Z,2024,2024-01-01,2024-12-31
4927046,TOBACCO_MPOWER_R_TAXREVENUEPREVIOUS,COUNTRY,USA,AMR,Americas,YEAR,2024,TOBACCO_INDICATOR,TOBACCO_INDICATOR_Rev_excise_prev,,,,,,,28 874 000 000,28874000000,,,,2025-08-12T08:52:39Z,2024,2024-01-01,2024-12-31
4927320,TOBACCO_MPOWER_R_TAXREVENUEPREVIOUS,COUNTRY,FIN,EUR,Europe,YEAR,2024,TOBACCO_INDICATOR,TOBACCO_INDICATOR_Rev_VAT_prev,,,,,,,. . .,,,,,2025-08-12T08:52:39Z,2024,2024-01-01,2024-12-31
4937376,TOBACCO_MPOWER_R_TAXREVENUEPREVIOUS,COUNTRY,NGA,AFR,Africa,YEAR,2024,TOBACCO_INDICATOR,TOBACCO_INDICATOR_Rev_govt_total_prev,,,,,,,. . .,,,,,2025-08-12T08:52:39Z,2024,2024-01-01,2024-12-31
4956910,TOBACCO_MPOWER_R_TAXREVENUEPREVIOUS,COUNTRY,FJI,WPR,Western Pacific,YEAR,2024,TOBACCO_INDICATOR,TOBACCO_INDICATOR_Rev_other_prev,,,,,,,42 195,42195,,,,2025-08-12T08:52:39Z,2024,2024-01-01,2024-12-31
4962965,TOBACCO_MPOWER_R_TAXREVENUEPREVIOUS,COUNTRY,AND,EUR,Europe,YEAR,2024,TOBACCO_INDICATOR,TOBACCO_INDICATOR_Rev_VAT_prev,,,,,,,6 263 610,6263610,,,,2025-08-12T08:52:39Z,2024,2024-01-01,2024-12-31
4968278,TOBACCO_MPOWER_R_TAXREVENUEPREVIOUS,COUNTRY,CHL,AMR,Americas,YEAR,2024,TOBACCO_INDICATOR,TOBACCO_INDICATOR_Rev_type_prev,,,,,,,All Tobacco products,,,,,2025-08-12T08:52:39Z,2024,2024-01-01,2024-12-31
4975192,TOBACCO_MPOWER_R_TAXREVENUEPREVIOUS,COUNTRY,SSD,AFR,Africa,YEAR,2024,TOBACCO_INDICATOR,TOBACCO_INDICATOR_Rev_type_prev,,,,,,,. . .,,,,,2025-08-12T08:52:39Z,2024,2024-01-01,2024-12-31
4978173,TOBACCO_MPOWER_R_TAXREVENUEPREVIOUS,COUNTRY,HRV,EUR,Europe,YEAR,2024,TOBACCO_INDICATOR,TOBACCO_INDICATOR_Rev_other_prev,,,,,,,. . .,,,,,2025-08-12T08:52:39Z,2024,2024-01-01,2024-12-31
4981696,TOBACCO_MPOWER_R_TAXREVENUEPREVIOUS,COUNTRY,CRI,AMR,Americas,YEAR,2024,TOBACCO_INDICATOR,TOBACCO_INDICATOR_Rev_other_prev,,,,,,,653 959 965,653959965,,,,2025-08-12T08:52:39Z,2024,2024-01-01,2024-12-31
4986376,TOBACCO_MPOWER_R_TAXREVENUEPREVIOUS,COUNTRY,GAB,AFR,Africa,YEAR,2024,TOBACCO_INDICATOR,TOBACCO_INDICATOR_Rev_year_prev,,,,,,,2021,,,,,2025-08-12T15:11:05Z,2024,2024-01-01,2024-12-31
4990409,TOBACCO_MPOWER_R_TAXREVENUEPREVIOUS,COUNTRY,ERI,AFR,Africa,YEAR,2024,TOBACCO_INDICATOR,TOBACCO_INDICATOR_Rev_import_prev,,,,,,,. . .,,,,,2025-08-12T08:52:39Z,2024,2024-01-01,2024-12-31
4994413,TOBACCO_MPOWER_R_TAXREVENUEPREVIOUS,COUNTRY,STP,AFR,Africa,YEAR,2024,TOBACCO_INDICATOR,TOBACCO_INDICATOR_Rev_govt_total_prev,,,,,,,1 467 622 253,1467622253,,,,2025-08-12T08:52:39Z,2024,2024-01-01,2024-12-31
4996848,TOBACCO_MPOWER_R_TAXREVENUEPREVIOUS,COUNTRY,BLZ,AMR,Americas,YEAR,2024,TOBACCO_INDICATOR,TOBACCO_INDICATOR_Rev_other_prev,,,,,,,9515.25,9515.25,,,,2025-08-12T08:52:39Z,2024,2024-01-01,2024-12-31
4997691,TOBACCO_MPOWER_R_TAXREVENUEPREVIOUS,COUNTRY,FIN,EUR,Europe,YEAR,2024,TOBACCO_INDICATOR,TOBACCO_INDICATOR_Rev_year_prev,,,,,,,2022,,,,,2025-08-12T15:11:05Z,2024,2024-01-01,2024-12-31
5017701,TOBACCO_MPOWER_R_TAXREVENUEPREVIOUS,COUNTRY,GMB,AFR,Africa,YEAR,2024,TOBACCO_INDICATOR,TOBACCO_INDICATOR_Rev_type_prev,,,,,,,All Tobacco products,,,,,2025-08-12T08:52:39Z,2024,2024-01-01,2024-12-31
5026870,TOBACCO_MPOWER_R_TAXREVENUEPREVIOUS,COUNTRY,LBN,EMR,Eastern Mediterranean,YEAR,2024,TOBACCO_INDICATOR,TOBACCO_INDICATOR_Rev_curr_prev,,,,,,,LBP,,,,,2025-08-12T08:52:39Z,2024,2024-01-01,2024-12-31
5036451,TOBACCO_MPOWER_R_TAXREVENUEPREVIOUS,COUNTRY,DOM,AMR,Americas,YEAR,2024,TOBACCO_INDICATOR,TOBACCO_INDICATOR_Rev_curr_prev,,,,,,,DOP,,,,,2025-08-12T08:52:39Z,2024,2024-01-01,2024-12-31
5038185,TOBACCO_MPOWER_R_TAXREVENUEPREVIOUS,COUNTRY,ITA,EUR,Europe,YEAR,2024,TOBACCO_INDICATOR,TOBACCO_INDICATOR_Rev_excise_prev,,,,,,,11 001 000 000,11001000000,,,,2025-08-12T08:52:39Z,2024,2024-01-01,2024-12-31
5042444,TOBACCO_MPOWER_R_TAXREVENUEPREVIOUS,COUNTRY,CMR,AFR,Africa,YEAR,2024,TOBACCO_INDICATOR,TOBACCO_INDICATOR_Rev_VAT_prev,,,,,,,. . .,,,,,2025-08-12T08:52:39Z,2024,2024-01-01,2024-12-31
5056457,TOBACCO_MPOWER_R_TAXREVENUEPREVIOUS,COUNTRY,GBR,EUR,Europe,YEAR,2024,TOBACCO_INDICATOR,TOBACCO_INDICATOR_Rev_year_prev,,,,,,,2022/2023,,,,,2025-08-12T08:52:39Z,2024,2024-01-01,2024-12-31
5058291,TOBACCO_MPOWER_R_TAXREVENUEPREVIOUS,COUNTRY,KOR,WPR,Western Pacific,YEAR,2024,TOBACCO_INDICATOR,TOBACCO_INDICATOR_Rev_govt_total_prev,,,,,,,11 834 000 000 000,11834000000000,,,,2025-08-12T15:11:05Z,2024,2024-01-01,2024-12-31
5060236,TOBACCO_MPOWER_R_TAXREVENUEPREVIOUS,COUNTRY,CPV,AFR,Africa,YEAR,2024,TOBACCO_INDICATOR,TOBACCO_INDICATOR_Rev_type_prev,,,,,,,All Tobacco products,,,,,2025-08-12T08:52:39Z,2024,2024-01-01,2024-12-31
5087470,TOBACCO_MPOWER_R_TAXREVENUEPREVIOUS,COUNTRY,BLZ,AMR,Americas,YEAR,2024,TOBACCO_INDICATOR,TOBACCO_INDICATOR_Rev_excise_prev,,,,,,,5 679 662,5679661.65,,,,2025-08-12T08:52:39Z,2024,2024-01-01,2024-12-31
5087474,TOBACCO_MPOWER_R_TAXREVENUEPREVIOUS,COUNTRY,BLZ,AMR,Americas,YEAR,2024,TOBACCO_INDICATOR,TOBACCO_INDICATOR_Rev_curr_prev,,,,,,,BZD,,,,,2025-08-12T08:52:39Z,2024,2024-01-01,2024-12-31
5117303,TOBACCO_MPOWER_R_TAXREVENUEPREVIOUS,COUNTRY,GIN,AFR,Africa,YEAR,2024,TOBACCO_INDICATOR,TOBACCO_INDICATOR_Rev_VAT_prev,,,,,,,84 597 446 906,84597446906,,,,2025-08-12T08:52:39Z,2024,2024-01-01,2024-12-31
5122063,TOBACCO_MPOWER_R_TAXREVENUEPREVIOUS,COUNTRY,VCT,AMR,Americas,YEAR,2024,TOBACCO_INDICATOR,TOBACCO_INDICATOR_Rev_excise_prev,,,,,,,700 500,700499.71,,,,2025-08-12T08:52:39Z,2024,2024-01-01,2024-12-31
5124696,TOBACCO_MPOWER_R_TAXREVENUEPREVIOUS,COUNTRY,PSE,EMR,Eastern Mediterranean,YEAR,2024,TOBACCO_INDICATOR,TOBACCO_INDICATOR_Rev_curr_prev,,,,,,,ILS,,,,,2025-08-12T08:52:39Z,2024,2024-01-01,2024-12-31
5124913,TOBACCO_MPOWER_R_TAXREVENUEPREVIOUS,COUNTRY,IRQ,EMR,Eastern Mediterranean,YEAR,2024,TOBACCO_INDICATOR,TOBACCO_INDICATOR_Rev_year_prev,,,,,,,. . .,,,,,2025-08-12T08:52:39Z,2024,2024-01-01,2024-12-31
5134263,TOBACCO_MPOWER_R_TAXREVENUEPREVIOUS,COUNTRY,STP,AFR,Africa,YEAR,2024,TOBACCO_INDICATOR,TOBACCO_INDICATOR_Rev_other_prev,,,,,,,. . .,,,,,2025-08-12T08:52:39Z,2024,2024-01-01,2024-12-31
5138466,TOBACCO_MPOWER_R_TAXREVENUEPREVIOUS,COUNTRY,AZE,EUR,Europe,YEAR,2024,TOBACCO_INDICATOR,TOBACCO_INDICATOR_Rev_year_prev,,,,,,,2008,,,,,2025-08-12T15:11:05Z,2024,2024-01-01,2024-12-31
5149917,TOBACCO_MPOWER_R_TAXREVENUEPREVIOUS,COUNTRY,TGO,AFR,Africa,YEAR,2024,TOBACCO_INDICATOR,TOBACCO_INDICATOR_Rev_VAT_prev,,,,,,,1 870 974 630,1870974630,,,,2025-08-12T08:52:39Z,2024,2024-01-01,2024-12-31
5150024,TOBACCO_MPOWER_R_TAXREVENUEPREVIOUS,COUNTRY,AUS,WPR,Western Pacific,YEAR,2024,TOBACCO_INDICATOR,TOBACCO_INDICATOR_Rev_year_prev,,,,,,,2021/2022,,,,,2025-08-12T08:52:39Z,2024,2024-01-01,2024-12-31
5152215,TOBACCO_MPOWER_R_TAXREVENUEPREVIOUS,COUNTRY,WSM,WPR,Western Pacific,YEAR,2024,TOBACCO_INDICATOR,TOBACCO_INDICATOR_Rev_VAT_prev,,,,,,,. . .,,,,,2025-08-12T08:52:39Z,2024,2024-01-01,2024-12-31
5162925,TOBACCO_MPOWER_R_TAXREVENUEPREVIOUS,COUNTRY,COL,AMR,Americas,YEAR,2024,TOBACCO_INDICATOR,TOBACCO_INDICATOR_Rev_govt_total_prev,,,,,,,. . .,,,,,2025-08-12T08:52:39Z,2024,2024-01-01,2024-12-31
5165159,TOBACCO_MPOWER_R_TAXREVENUEPREVIOUS,COUNTRY,ARG,AMR,Americas,YEAR,2024,TOBACCO_INDICATOR,TOBACCO_INDICATOR_Rev_curr_prev,,,,,,,ARS,,,,,2025-08-12T08:52:39Z,2024,2024-01-01,2024-12-31
5166700,TOBACCO_MPOWER_R_TAXREVENUEPREVIOUS,COUNTRY,MLT,EUR,Europe,YEAR,2024,TOBACCO_INDICATOR,TOBACCO_INDICATOR_Rev_curr_prev,,,,,,,EUR,,,,,2025-08-12T08:52:39Z,2024,2024-01-01,2024-12-31
5168540,TOBACCO_MPOWER_R_TAXREVENUEPREVIOUS,COUNTRY,GRC,EUR,Europe,YEAR,2024,TOBACCO_INDICATOR,TOBACCO_INDICATOR_Rev_VAT_prev,,,,,,,. . .,,,,,2025-08-12T08:52:39Z,2024,2024-01-01,2024-12-31
5168875,TOBACCO_MPOWER_R_TAXREVENUEPREVIOUS,COUNTRY,DJI,EMR,Eastern Mediterranean,YEAR,2024,TOBACCO_INDICATOR,TOBACCO_INDICATOR_Rev_other_prev,,,,,,,0,0,,,,2025-08-12T08:52:39Z,2024,2024-01-01,2024-12-31
5171685,TOBACCO_MPOWER_R_TAXREVENUEPREVIOUS,COUNTRY,HRV,EUR,Europe,YEAR,2024,TOBACCO_INDICATOR,TOBACCO_INDICATOR_Rev_curr_prev,,,,,,,EUR,,,,,2025-08-12T08:52:39Z,2024,2024-01-01,2024-12-31
5177800,TOBACCO_MPOWER_R_TAXREVENUEPREVIOUS,COUNTRY,PHL,WPR,Western Pacific,YEAR,2024,TOBACCO_INDICATOR,TOBACCO_INDICATOR_Rev_other_prev,,,,,,,. . .,,,,,2025-08-12T08:52:39Z,2024,2024-01-01,2024-12-31
5181461,TOBACCO_MPOWER_R_TAXREVENUEPREVIOUS,COUNTRY,HRV,EUR,Europe,YEAR,2024,TOBACCO_INDICATOR,TOBACCO_INDICATOR_Rev_govt_total_prev,,,,,,,. . .,,,,,2025-08-12T08:52:39Z,2024,2024-01-01,2024-12-31
5183435,TOBACCO_MPOWER_R_TAXREVENUEPREVIOUS,COUNTRY,ISR,EUR,Europe,YEAR,2024,TOBACCO_INDICATOR,TOBACCO_INDICATOR_Rev_import_prev,,,,,,,6 975 000 000,6975000000,,,,2025-08-12T08:52:39Z,2024,2024-01-01,2024-12-31
5194011,TOBACCO_MPOWER_R_TAXREVENUEPREVIOUS,COUNTRY,TZA,AFR,Africa,YEAR,2024,TOBACCO_INDICATOR,TOBACCO_INDICATOR_Rev_curr_prev,,,,,,,TZS,,,,,2025-08-12T08:52:39Z,2024,2024-01-01,2024-12-31
5203945,TOBACCO_MPOWER_R_TAXREVENUEPREVIOUS,COUNTRY,MAR,EMR,Eastern Mediterranean,YEAR,2024,TOBACCO_INDICATOR,TOBACCO_INDICATOR_Rev_VAT_prev,,,,,,,1 587 891 239,1587891239,,,,2025-08-12T08:52:39Z,2024,2024-01-01,2024-12-31
5212161,TOBACCO_MPOWER_R_TAXREVENUEPREVIOUS,COUNTRY,SOM,EMR,Eastern Mediterranean,YEAR,2024,TOBACCO_INDICATOR,TOBACCO_INDICATOR_Rev_import_prev,,,,,,,. . .,,,,,2025-08-12T08:52:39Z,2024,2024-01-01,2024-12-31
5217334,TOBACCO_MPOWER_R_TAXREVENUEPREVIOUS,COUNTRY,IRQ,EMR,Eastern Mediterranean,YEAR,2024,TOBACCO_INDICATOR,TOBACCO_INDICATOR_Rev_VAT_prev,,,,,,,. . .,,,,,2025-08-12T08:52:39Z,2024,2024-01-01,2024-12-31
5219269,TOBACCO_MPOWER_R_TAXREVENUEPREVIOUS,COUNTRY,SEN,AFR,Africa,YEAR,2024,TOBACCO_INDICATOR,TOBACCO_INDICATOR_Rev_curr_prev,,,,,,,XOF,,,,,2025-08-12T08:52:39Z,2024,2024-01-01,2024-12-31
5236481,TOBACCO_MPOWER_R_TAXREVENUEPREVIOUS,COUNTRY,ARG,AMR,Americas,YEAR,2024,TOBACCO_INDICATOR,TOBACCO_INDICATOR_Rev_govt_total_prev,,,,,,,. . .,,,,,2025-08-12T08:52:39Z,2024,2024-01-01,2024-12-31
5237356,TOBACCO_MPOWER_R_TAXREVENUEPREVIOUS,COUNTRY,MDG,AFR,Africa,YEAR,2024,TOBACCO_INDICATOR,TOBACCO_INDICATOR_Rev_import_prev,,,,,,,1 007 496 960,1007496960,,,,2025-08-12T08:52:39Z,2024,2024-01-01,2024-12-31
5244798,TOBACCO_MPOWER_R_TAXREVENUEPREVIOUS,COUNTRY,SWZ,AFR,Africa,YEAR,2024,TOBACCO_INDICATOR,TOBACCO_INDICATOR_Rev_type_prev,,,,,,,All Tobacco products,,,,,2025-08-12T08:52:39Z,2024,2024-01-01,2024-12-31
5246275,TOBACCO_MPOWER_R_TAXREVENUEPREVIOUS,COUNTRY,RWA,AFR,Africa,YEAR,2024,TOBACCO_INDICATOR,TOBACCO_INDICATOR_Rev_year_prev,,,,,,,2022,,,,,2025-08-12T15:11:05Z,2024,2024-01-01,2024-12-31
5246582,TOBACCO_MPOWER_R_TAXREVENUEPREVIOUS,COUNTRY,NRU,WPR,Western Pacific,YEAR,2024,TOBACCO_INDICATOR,TOBACCO_INDICATOR_Rev_curr_prev,,,,,,,AUD,,,,,2025-08-12T08:52:39Z,2024,2024-01-01,2024-12-31
5254709,TOBACCO_MPOWER_R_TAXREVENUEPREVIOUS,COUNTRY,VUT,WPR,Western Pacific,YEAR,2024,TOBACCO_INDICATOR,TOBACCO_INDICATOR_Rev_govt_total_prev,,,,,,,1 402 851 805,1402851805,,,,2025-08-12T08:52:39Z,2024,2024-01-01,2024-12-31
5255824,TOBACCO_MPOWER_R_TAXREVENUEPREVIOUS,COUNTRY,MYS,WPR,Western Pacific,YEAR,2024,TOBACCO_INDICATOR,TOBACCO_INDICATOR_Rev_import_prev,,,,,,,46 297 485,46297485,,,,2025-08-12T08:52:39Z,2024,2024-01-01,2024-12-31
5264747,TOBACCO_MPOWER_R_TAXREVENUEPREVIOUS,COUNTRY,ITA,EUR,Europe,YEAR,2024,TOBACCO_INDICATOR,TOBACCO_INDICATOR_Rev_type_prev,,,,,,,All Tobacco products,,,,,2025-08-12T08:52:39Z,2024,2024-01-01,2024-12-31
5265376,TOBACCO_MPOWER_R_TAXREVENUEPREVIOUS,COUNTRY,SGP,WPR,Western Pacific,YEAR,2024,TOBACCO_INDICATOR,TOBACCO_INDICATOR_Rev_import_prev,,,,,,,. . .,,,,,2025-08-12T08:52:39Z,2024,2024-01-01,2024-12-31
5270976,TOBACCO_MPOWER_R_TAXREVENUEPREVIOUS,COUNTRY,MLI,AFR,Africa,YEAR,2024,TOBACCO_INDICATOR,TOBACCO_INDICATOR_Rev_govt_total_prev,,,,,,,18 072 551 835,18072551835,,,,2025-08-12T08:52:39Z,2024,2024-01-01,2024-12-31
5278602,TOBACCO_MPOWER_R_TAXREVENUEPREVIOUS,COUNTRY,LSO,AFR,Africa,YEAR,2024,TOBACCO_INDICATOR,TOBACCO_INDICATOR_Rev_year_prev,,,,,,,2016,,,,,2025-08-12T15:11:05Z,2024,2024-01-01,2024-12-31
5294267,TOBACCO_MPOWER_R_TAXREVENUEPREVIOUS,COUNTRY,GMB,AFR,Africa,YEAR,2024,TOBACCO_INDICATOR,TOBACCO_INDICATOR_Rev_year_prev,,,,,,,2021,,,,,2025-08-12T15:11:05Z,2024,2024-01-01,2024-12-31
5296588,TOBACCO_MPOWER_R_TAXREVENUEPREVIOUS,COUNTRY,CMR,AFR,Africa,YEAR,2024,TOBACCO_INDICATOR,TOBACCO_INDICATOR_Rev_govt_total_prev,,,,,,,. . .,,,,,2025-08-12T08:52:39Z,2024,2024-01-01,2024-12-31
5316707,TOBACCO_MPOWER_R_TAXREVENUEPREVIOUS,COUNTRY,NER,AFR,Africa,YEAR,2024,TOBACCO_INDICATOR,TOBACCO_INDICATOR_Rev_other_prev,,,,,,,17 536 827 144,17536827144,,,,2025-08-12T08:52:39Z,2024,2024-01-01,2024-12-31
5328631,TOBACCO_MPOWER_R_TAXREVENUEPREVIOUS,COUNTRY,GUY,AMR,Americas,YEAR,2024,TOBACCO_INDICATOR,TOBACCO_INDICATOR_Rev_other_prev,,,,,,,90 622 582,90622582,,,,2025-08-12T08:52:39Z,2024,2024-01-01,2024-12-31
5330261,TOBACCO_MPOWER_R_TAXREVENUEPREVIOUS,COUNTRY,LCA,AMR,Americas,YEAR,2024,TOBACCO_INDICATOR,TOBACCO_INDICATOR_Rev_excise_prev,,,,,,,8 370 430,8370430,,,,2025-08-12T08:52:39Z,2024,2024-01-01,2024-12-31
5335921,TOBACCO_MPOWER_R_TAXREVENUEPREVIOUS,COUNTRY,IRL,EUR,Europe,YEAR,2024,TOBACCO_INDICATOR,TOBACCO_INDICATOR_Rev_type_prev,,,,,,,All Tobacco products,,,,,2025-08-12T08:52:39Z,2024,2024-01-01,2024-12-31
5338890,TOBACCO_MPOWER_R_TAXREVENUEPREVIOUS,COUNTRY,BFA,AFR,Africa,YEAR,2024,TOBACCO_INDICATOR,TOBACCO_INDICATOR_Rev_curr_prev,,,,,,,XOF,,,,,2025-08-12T08:52:39Z,2024,2024-01-01,2024-12-31
5351754,TOBACCO_MPOWER_R_TAXREVENUEPREVIOUS,COUNTRY,GAB,AFR,Africa,YEAR,2024,TOBACCO_INDICATOR,TOBACCO_INDICATOR_Rev_other_prev,,,,,,,226 841 473,226841473,,,,2025-08-12T08:52:39Z,2024,2024-01-01,2024-12-31
5351890,TOBACCO_MPOWER_R_TAXREVENUEPREVIOUS,COUNTRY,UKR,EUR,Europe,YEAR,2024,TOBACCO_INDICATOR,TOBACCO_INDICATOR_Rev_year_prev,,,,,,,2020,,,,,2025-08-12T15:11:05Z,2024,2024-01-01,2024-12-31
5362905,TOBACCO_MPOWER_R_TAXREVENUEPREVIOUS,COUNTRY,GRD,AMR,Americas,YEAR,2024,TOBACCO_INDICATOR,TOBACCO_INDICATOR_Rev_import_prev,,,,,,,856 086,856085.65,,,,2025-08-12T08:52:39Z,2024,2024-01-01,2024-12-31
5367191,TOBACCO_MPOWER_R_TAXREVENUEPREVIOUS,COUNTRY,DZA,AFR,Africa,YEAR,2024,TOBACCO_INDICATOR,TOBACCO_INDICATOR_Rev_govt_total_prev,,,,,,,161 535 314 548,161535314548,,,,2025-08-12T15:11:05Z,2024,2024-01-01,2024-12-31
5367197,TOBACCO_MPOWER_R_TAXREVENUEPREVIOUS,COUNTRY,QAT,EMR,Eastern Mediterranean,YEAR,2024,TOBACCO_INDICATOR,TOBACCO_INDICATOR_Rev_type_prev,,,,,,,All Tobacco products,,,,,2025-08-12T08:52:39Z,2024,2024-01-01,2024-12-31
5369967,TOBACCO_MPOWER_R_TAXREVENUEPREVIOUS,COUNTRY,ETH,AFR,Africa,YEAR,2024,TOBACCO_INDICATOR,TOBACCO_INDICATOR_Rev_govt_total_prev,,,,,,,2 635 331 000,2635331000,,,,2025-08-12T08:52:39Z,2024,2024-01-01,2024-12-31
5370358,TOBACCO_MPOWER_R_TAXREVENUEPREVIOUS,COUNTRY,SUR,AMR,Americas,YEAR,2024,TOBACCO_INDICATOR,TOBACCO_INDICATOR_Rev_excise_prev,,,,,,,67 624 696,67624696.13,,,,2025-08-12T08:52:39Z,2024,2024-01-01,2024-12-31
5380634,TOBACCO_MPOWER_R_TAXREVENUEPREVIOUS,COUNTRY,JPN,WPR,Western Pacific,YEAR,2024,TOBACCO_INDICATOR,TOBACCO_INDICATOR_Rev_excise_prev,,,,,,,1 902 497 000 000,1902497000000,,,,2025-08-12T15:11:05Z,2024,2024-01-01,2024-12-31
5383626,TOBACCO_MPOWER_R_TAXREVENUEPREVIOUS,COUNTRY,MWI,AFR,Africa,YEAR,2024,TOBACCO_INDICATOR,TOBACCO_INDICATOR_Rev_other_prev,,,,,,,1 080 798 306,1080798306.03,,,,2025-08-12T15:11:05Z,2024,2024-01-01,2024-12-31
5384537,TOBACCO_MPOWER_R_TAXREVENUEPREVIOUS,COUNTRY,GBR,EUR,Europe,YEAR,2024,TOBACCO_INDICATOR,TOBACCO_INDICATOR_Rev_excise_prev,,,,,,,10 004 000 000,10004000000,,,,2025-08-12T08:52:39Z,2024,2024-01-01,2024-12-31
5396965,TOBACCO_MPOWER_R_TAXREVENUEPREVIOUS,COUNTRY,POL,EUR,Europe,YEAR,2024,TOBACCO_INDICATOR,TOBACCO_INDICATOR_Rev_import_prev,,,,,,,. . .,,,,,2025-08-12T08:52:39Z,2024,2024-01-01,2024-12-31
5397879,TOBACCO_MPOWER_R_TAXREVENUEPREVIOUS,COUNTRY,UKR,EUR,Europe,YEAR,2024,TOBACCO_INDICATOR,TOBACCO_INDICATOR_Rev_VAT_prev,,,,,,,. . .,,,,,2025-08-12T08:52:39Z,2024,2024-01-01,2024-12-31
5400619,TOBACCO_MPOWER_R_TAXREVENUEPREVIOUS,COUNTRY,EST,EUR,Europe,YEAR,2024,TOBACCO_INDICATOR,TOBACCO_INDICATOR_Rev_excise_prev,,,,,,,246 330 000,246330000,,,,2025-08-12T08:52:39Z,2024,2024-01-01,2024-12-31
5405330,TOBACCO_MPOWER_R_TAXREVENUEPREVIOUS,COUNTRY,MWI,AFR,Africa,YEAR,2024,TOBACCO_INDICATOR,TOBACCO_INDICATOR_Rev_VAT_prev,,,,,,,848 251 508,848251508.2,,,,2025-08-12T08:52:39Z,2024,2024-01-01,2024-12-31
5420963,TOBACCO_MPOWER_R_TAXREVENUEPREVIOUS,COUNTRY,SOM,EMR,Eastern Mediterranean,YEAR,2024,TOBACCO_INDICATOR,TOBACCO_INDICATOR_Rev_year_prev,,,,,,,2011,,,,,2025-08-12T15:11:05Z,2024,2024-01-01,2024-12-31
5429544,TOBACCO_MPOWER_R_TAXREVENUEPREVIOUS,COUNTRY,SVN,EUR,Europe,YEAR,2024,TOBACCO_INDICATOR,TOBACCO_INDICATOR_Rev_VAT_prev,,,,,,,. . .,,,,,2025-08-12T08:52:39Z,2024,2024-01-01,2024-12-31
5435681,TOBACCO_MPOWER_R_TAXREVENUEPREVIOUS,COUNTRY,CYP,EUR,Europe,YEAR,2024,TOBACCO_INDICATOR,TOBACCO_INDICATOR_Rev_curr_prev,,,,,,,EUR,,,,,2025-08-12T08:52:39Z,2024,2024-01-01,2024-12-31
5444292,TOBACCO_MPOWER_R_TAXREVENUEPREVIOUS,COUNTRY,UZB,EUR,Europe,YEAR,2024,TOBACCO_INDICATOR,TOBACCO_INDICATOR_Rev_other_prev,,,,,,,. . .,,,,,2025-08-12T08:52:39Z,2024,2024-01-01,2024-12-31
5460705,TOBACCO_MPOWER_R_TAXREVENUEPREVIOUS,COUNTRY,JOR,EMR,Eastern Mediterranean,YEAR,2024,TOBACCO_INDICATOR,TOBACCO_INDICATOR_Rev_govt_total_prev,,,,,,,. . .,,,,,2025-08-12T08:52:39Z,2024,2024-01-01,2024-12-31
5461438,TOBACCO_MPOWER_R_TAXREVENUEPREVIOUS,COUNTRY,PLW,WPR,Western Pacific,YEAR,2024,TOBACCO_INDICATOR,TOBACCO_INDICATOR_Rev_year_prev,,,,,,,2021,,,,,2025-08-12T15:11:05Z,2024,2024-01-01,2024-12-31
5464573,TOBACCO_MPOWER_R_TAXREVENUEPREVIOUS,COUNTRY,CMR,AFR,Africa,YEAR,2024,TOBACCO_INDICATOR,TOBACCO_INDICATOR_Rev_excise_prev,,,,,,,. . .,,,,,2025-08-12T08:52:39Z,2024,2024-01-01,2024-12-31
5469488,TOBACCO_MPOWER_R_TAXREVENUEPREVIOUS,COUNTRY,CAF,AFR,Africa,YEAR,2024,TOBACCO_INDICATOR,TOBACCO_INDICATOR_Rev_other_prev,,,,,,,. . .,,,,,2025-08-12T08:52:39Z,2024,2024-01-01,2024-12-31
5470124,TOBACCO_MPOWER_R_TAXREVENUEPREVIOUS,COUNTRY,CZE,EUR,Europe,YEAR,2024,TOBACCO_INDICATOR,TOBACCO_INDICATOR_Rev_type_prev,,,,,,,All Tobacco products,,,,,2025-08-12T08:52:39Z,2024,2024-01-01,2024-12-31
5478192,TOBACCO_MPOWER_R_TAXREVENUEPREVIOUS,COUNTRY,NLD,EUR,Europe,YEAR,2024,TOBACCO_INDICATOR,TOBACCO_INDICATOR_Rev_VAT_prev,,,,,,,. . .,,,,,2025-08-12T08:52:39Z,2024,2024-01-01,2024-12-31
5480800,TOBACCO_MPOWER_R_TAXREVENUEPREVIOUS,COUNTRY,CYP,EUR,Europe,YEAR,2024,TOBACCO_INDICATOR,TOBACCO_INDICATOR_Rev_excise_prev,,,,,,,142 300 000,142300000,,,,2025-08-12T08:52:39Z,2024,2024-01-01,2024-12-31
5486726,TOBACCO_MPOWER_R_TAXREVENUEPREVIOUS,COUNTRY,SLV,AMR,Americas,YEAR,2024,TOBACCO_INDICATOR,TOBACCO_INDICATOR_Rev_curr_prev,,,,,,,USD,,,,,2025-08-12T08:52:39Z,2024,2024-01-01,2024-12-31
5494513,TOBACCO_MPOWER_R_TAXREVENUEPREVIOUS,COUNTRY,SVK,EUR,Europe,YEAR,2024,TOBACCO_INDICATOR,TOBACCO_INDICATOR_Rev_other_prev,,,,,,,. . .,,,,,2025-08-12T08:52:39Z,2024,2024-01-01,2024-12-31
5506442,TOBACCO_MPOWER_R_TAXREVENUEPREVIOUS,COUNTRY,DNK,EUR,Europe,YEAR,2024,TOBACCO_INDICATOR,TOBACCO_INDICATOR_Rev_govt_total_prev,,,,,,,. . .,,,,,2025-08-12T08:52:39Z,2024,2024-01-01,2024-12-31
5514987,TOBACCO_MPOWER_R_TAXREVENUEPREVIOUS,COUNTRY,BTN,SEAR,South-East Asia,YEAR,2024,TOBACCO_INDICATOR,TOBACCO_INDICATOR_Rev_type_prev,,,,,,,All Tobacco products,,,,,2025-08-12T08:52:39Z,2024,2024-01-01,2024-12-31
5532761,TOBACCO_MPOWER_R_TAXREVENUEPREVIOUS,COUNTRY,DEU,EUR,Europe,YEAR,2024,TOBACCO_INDICATOR,TOBACCO_INDICATOR_Rev_curr_prev,,,,,,,EUR,,,,,2025-08-12T08:52:39Z,2024,2024-01-01,2024-12-31
5535042,TOBACCO_MPOWER_R_TAXREVENUEPREVIOUS,COUNTRY,VEN,AMR,Americas,YEAR,2024,TOBACCO_INDICATOR,TOBACCO_INDICATOR_Rev_year_prev,,,,,,,2020,,,,Data not validated by the national authorities.,2025-08-12T15:11:05Z,2024,2024-01-01,2024-12-31
5542619,TOBACCO_MPOWER_R_TAXREVENUEPREVIOUS,COUNTRY,ZWE,AFR,Africa,YEAR,2024,TOBACCO_INDICATOR,TOBACCO_INDICATOR_Rev_year_prev,,,,,,,2018,,,,,2025-08-12T15:11:05Z,2024,2024-01-01,2024-12-31
5553184,TOBACCO_MPOWER_R_TAXREVENUEPREVIOUS,COUNTRY,KEN,AFR,Africa,YEAR,2024,TOBACCO_INDICATOR,TOBACCO_INDICATOR_Rev_other_prev,,,,,,,. . .,,,,,2025-08-12T08:52:39Z,2024,2024-01-01,2024-12-31
5557905,TOBACCO_MPOWER_R_TAXREVENUEPREVIOUS,COUNTRY,GNQ,AFR,Africa,YEAR,2024,TOBACCO_INDICATOR,TOBACCO_INDICATOR_Rev_import_prev,,,,,,,. . .,,,,,2025-08-12T08:52:39Z,2024,2024-01-01,2024-12-31
5561588,TOBACCO_MPOWER_R_TAXREVENUEPREVIOUS,COUNTRY,VNM,WPR,Western Pacific,YEAR,2024,TOBACCO_INDICATOR,TOBACCO_INDICATOR_Rev_year_prev,,,,,,,2021,,,,,2025-08-12T15:11:05Z,2024,2024-01-01,2024-12-31
5566808,TOBACCO_MPOWER_R_TAXREVENUEPREVIOUS,COUNTRY,SGP,WPR,Western Pacific,YEAR,2024,TOBACCO_INDICATOR,TOBACCO_INDICATOR_Rev_other_prev,,,,,,,. . .,,,,,2025-08-12T08:52:39Z,2024,2024-01-01,2024-12-31
5576157,TOBACCO_MPOWER_R_TAXREVENUEPREVIOUS,COUNTRY,CRI,AMR,Americas,YEAR,2024,TOBACCO_INDICATOR,TOBACCO_INDICATOR_Rev_import_prev,,,,,,,127 759 940,127759940,,,,2025-08-12T08:52:39Z,2024,2024-01-01,2024-12-31
5579661,TOBACCO_MPOWER_R_TAXREVENUEPREVIOUS,COUNTRY,STP,AFR,Africa,YEAR,2024,TOBACCO_INDICATOR,TOBACCO_INDICATOR_Rev_VAT_prev,,,,,,,. . .,,,,,2025-08-12T08:52:39Z,2024,2024-01-01,2024-12-31
5584448,TOBACCO_MPOWER_R_TAXREVENUEPREVIOUS,COUNTRY,LKA,SEAR,South-East Asia,YEAR,2024,TOBACCO_INDICATOR,TOBACCO_INDICATOR_Rev_VAT_prev,,,,,,,. . .,,,,,2025-08-12T08:52:39Z,2024,2024-01-01,2024-12-31
5589122,TOBACCO_MPOWER_R_TAXREVENUEPREVIOUS,COUNTRY,MAR,EMR,Eastern Mediterranean,YEAR,2024,TOBACCO_INDICATOR,TOBACCO_INDICATOR_Rev_excise_prev,,,,,,,12 674 112 707,12674112707,,,,2025-08-12T08:52:39Z,2024,2024-01-01,2024-12-31
5592973,TOBACCO_MPOWER_R_TAXREVENUEPREVIOUS,COUNTRY,PSE,EMR,Eastern Mediterranean,YEAR,2024,TOBACCO_INDICATOR,TOBACCO_INDICATOR_Rev_excise_prev,,,,,,,996 452 321,996452321,,,,2025-08-12T08:52:39Z,2024,2024-01-01,2024-12-31
5600292,TOBACCO_MPOWER_R_TAXREVENUEPREVIOUS,COUNTRY,CAN,AMR,Americas,YEAR,2024,TOBACCO_INDICATOR,TOBACCO_INDICATOR_Rev_year_prev,,,,,,,2022,,,,,2025-08-12T15:11:05Z,2024,2024-01-01,2024-12-31
5606645,TOBACCO_MPOWER_R_TAXREVENUEPREVIOUS,COUNTRY,VNM,WPR,Western Pacific,YEAR,2024,TOBACCO_INDICATOR,TOBACCO_INDICATOR_Rev_other_prev,,,,,,,. . .,,,,,2025-08-12T08:52:39Z,2024,2024-01-01,2024-12-31
5608984,TOBACCO_MPOWER_R_TAXREVENUEPREVIOUS,COUNTRY,UKR,EUR,Europe,YEAR,2024,TOBACCO_INDICATOR,TOBACCO_INDICATOR_Rev_excise_prev,,,,,,,52 377 043 700,52377043700,,,,2025-08-12T08:52:39Z,2024,2024-01-01,2024-12-31
5612923,TOBACCO_MPOWER_R_TAXREVENUEPREVIOUS,COUNTRY,IND,SEAR,South-East Asia,YEAR,2024,TOBACCO_INDICATOR,TOBACCO_INDICATOR_Rev_curr_prev,,,,,,,INR,,,,,2025-08-12T08:52:39Z,2024,2024-01-01,2024-12-31
5617940,TOBACCO_MPOWER_R_TAXREVENUEPREVIOUS,COUNTRY,TJK,EUR,Europe,YEAR,2024,TOBACCO_INDICATOR,TOBACCO_INDICATOR_Rev_import_prev,,,,,,,. . .,,,,,2025-08-12T08:52:39Z,2024,2024-01-01,2024-12-31
5621647,TOBACCO_MPOWER_R_TAXREVENUEPREVIOUS,COUNTRY,UKR,EUR,Europe,YEAR,2024,TOBACCO_INDICATOR,TOBACCO_INDICATOR_Rev_type_prev,,,,,,,All Tobacco products,,,,,2025-08-12T08:52:39Z,2024,2024-01-01,2024-12-31
5631584,TOBACCO_MPOWER_R_TAXREVENUEPREVIOUS,COUNTRY,ARM,EUR,Europe,YEAR,2024,TOBACCO_INDICATOR,TOBACCO_INDICATOR_Rev_type_prev,,,,,,,All Tobacco products,,,,,2025-08-12T08:52:39Z,2024,2024-01-01,2024-12-31
5634246,TOBACCO_MPOWER_R_TAXREVENUEPREVIOUS,COUNTRY,MDV,SEAR,South-East Asia,YEAR,2024,TOBACCO_INDICATOR,TOBACCO_INDICATOR_Rev_year_prev,,,,,,,2022,,,,,2025-08-12T15:11:05Z,2024,2024-01-01,2024-12-31
5644198,TOBACCO_MPOWER_R_TAXREVENUEPREVIOUS,COUNTRY,TLS,SEAR,South-East Asia,YEAR,2024,TOBACCO_INDICATOR,TOBACCO_INDICATOR_Rev_other_prev,,,,,,,. . .,,,,,2025-08-12T08:52:39Z,2024,2024-01-01,2024-12-31
5644471,TOBACCO_MPOWER_R_TAXREVENUEPREVIOUS,COUNTRY,PLW,WPR,Western Pacific,YEAR,2024,TOBACCO_INDICATOR,TOBACCO_INDICATOR_Rev_import_prev,,,,,,,. . .,,,,,2025-08-12T08:52:39Z,2024,2024-01-01,2024-12-31
5646774,TOBACCO_MPOWER_R_TAXREVENUEPREVIOUS,COUNTRY,CIV,AFR,Africa,YEAR,2024,TOBACCO_INDICATOR,TOBACCO_INDICATOR_Rev_other_prev,,,,,,,. . .,,,,,2025-08-12T08:52:39Z,2024,2024-01-01,2024-12-31
5648912,TOBACCO_MPOWER_R_TAXREVENUEPREVIOUS,COUNTRY,EST,EUR,Europe,YEAR,2024,TOBACCO_INDICATOR,TOBACCO_INDICATOR_Rev_curr_prev,,,,,,,EUR,,,,,2025-08-12T08:52:39Z,2024,2024-01-01,2024-12-31
5668185,TOBACCO_MPOWER_R_TAXREVENUEPREVIOUS,COUNTRY,BRB,AMR,Americas,YEAR,2024,TOBACCO_INDICATOR,TOBACCO_INDICATOR_Rev_curr_prev,,,,,,,. .,,,,,2025-08-12T08:52:39Z,2024,2024-01-01,2024-12-31
5670828,TOBACCO_MPOWER_R_TAXREVENUEPREVIOUS,COUNTRY,ITA,EUR,Europe,YEAR,2024,TOBACCO_INDICATOR,TOBACCO_INDICATOR_Rev_govt_total_prev,,,,,,,. . .,,,,,2025-08-12T08:52:39Z,2024,2024-01-01,2024-12-31
5678241,TOBACCO_MPOWER_R_TAXREVENUEPREVIOUS,COUNTRY,ARM,EUR,Europe,YEAR,2024,TOBACCO_INDICATOR,TOBACCO_INDICATOR_Rev_excise_prev,,,,,,,25 411 116 744,25411116744,,,,2025-08-12T08:52:39Z,2024,2024-01-01,2024-12-31
5686584,TOBACCO_MPOWER_R_TAXREVENUEPREVIOUS,COUNTRY,SWZ,AFR,Africa,YEAR,2024,TOBACCO_INDICATOR,TOBACCO_INDICATOR_Rev_curr_prev,,,,,,,SZL,,,,,2025-08-12T08:52:39Z,2024,2024-01-01,2024-12-31
5691264,TOBACCO_MPOWER_R_TAXREVENUEPREVIOUS,COUNTRY,NER,AFR,Africa,YEAR,2024,TOBACCO_INDICATOR,TOBACCO_INDICATOR_Rev_excise_prev,,,,,,,27 268 081 501,27268081501,,,,2025-08-12T08:52:39Z,2024,2024-01-01,2024-12-31
5692543,TOBACCO_MPOWER_R_TAXREVENUEPREVIOUS,COUNTRY,LVA,EUR,Europe,YEAR,2024,TOBACCO_INDICATOR,TOBACCO_INDICATOR_Rev_curr_prev,,,,,,,EUR,,,,,2025-08-12T08:52:39Z,2024,2024-01-01,2024-12-31
5701313,TOBACCO_MPOWER_R_TAXREVENUEPREVIOUS,COUNTRY,UGA,AFR,Africa,YEAR,2024,TOBACCO_INDICATOR,TOBACCO_INDICATOR_Rev_excise_prev,,,,,,,21 390 000 000,21390000000,,,,2025-08-12T08:52:39Z,2024,2024-01-01,2024-12-31
5704411,TOBACCO_MPOWER_R_TAXREVENUEPREVIOUS,COUNTRY,UZB,EUR,Europe,YEAR,2024,TOBACCO_INDICATOR,TOBACCO_INDICATOR_Rev_excise_prev,,,,,,,1 544 943 200,1544943200,,,,2025-08-12T08:52:39Z,2024,2024-01-01,2024-12-31
5726824,TOBACCO_MPOWER_R_TAXREVENUEPREVIOUS,COUNTRY,AFG,EMR,Eastern Mediterranean,YEAR,2024,TOBACCO_INDICATOR,TOBACCO_INDICATOR_Rev_govt_total_prev,,,,,,,693 750 000,693750000,,,,2025-08-12T08:52:39Z,2024,2024-01-01,2024-12-31
5726897,TOBACCO_MPOWER_R_TAXREVENUEPREVIOUS,COUNTRY,SOM,EMR,Eastern Mediterranean,YEAR,2024,TOBACCO_INDICATOR,TOBACCO_INDICATOR_Rev_excise_prev,,,,,,,. . .,,,,,2025-08-12T08:52:39Z,2024,2024-01-01,2024-12-31
5738984,TOBACCO_MPOWER_R_TAXREVENUEPREVIOUS,COUNTRY,GNQ,AFR,Africa,YEAR,2024,TOBACCO_INDICATOR,TOBACCO_INDICATOR_Rev_type_prev,,,,,,,. . .,,,,,2025-08-12T08:52:39Z,2024,2024-01-01,2024-12-31
5739050,TOBACCO_MPOWER_R_TAXREVENUEPREVIOUS,COUNTRY,PNG,WPR,Western Pacific,YEAR,2024,TOBACCO_INDICATOR,TOBACCO_INDICATOR_Rev_other_prev,,,,,,,. . .,,,,,2025-08-12T08:52:39Z,2024,2024-01-01,2024-12-31
5744465,TOBACCO_MPOWER_R_TAXREVENUEPREVIOUS,COUNTRY,DNK,EUR,Europe,YEAR,2024,TOBACCO_INDICATOR,TOBACCO_INDICATOR_Rev_import_prev,,,,,,,. . .,,,,,2025-08-12T08:52:39Z,2024,2024-01-01,2024-12-31
5745153,TOBACCO_MPOWER_R_TAXREVENUEPREVIOUS,COUNTRY,MLT,EUR,Europe,YEAR,2024,TOBACCO_INDICATOR,TOBACCO_INDICATOR_Rev_year_prev,,,,,,,2022,,,,,2025-08-12T15:11:05Z,2024,2024-01-01,2024-12-31
5750207,TOBACCO_MPOWER_R_TAXREVENUEPREVIOUS,COUNTRY,JPN,WPR,Western Pacific,YEAR,2024,TOBACCO_INDICATOR,TOBACCO_INDICATOR_Rev_VAT_prev,,,,,,,. . .,,,,,2025-08-12T08:52:39Z,2024,2024-01-01,2024-12-31
5753819,TOBACCO_MPOWER_R_TAXREVENUEPREVIOUS,COUNTRY,MMR,SEAR,South-East Asia,YEAR,2024,TOBACCO_INDICATOR,TOBACCO_INDICATOR_Rev_excise_prev,,,,,,,102 980 406 000,102980406000.00002,,,,2025-08-12T15:11:05Z,2024,2024-01-01,2024-12-31
5768925,TOBACCO_MPOWER_R_TAXREVENUEPREVIOUS,COUNTRY,PHL,WPR,Western Pacific,YEAR,2024,TOBACCO_INDICATOR,TOBACCO_INDICATOR_Rev_curr_prev,,,,,,,PHP,,,,,2025-08-12T08:52:39Z,2024,2024-01-01,2024-12-31
5784219,TOBACCO_MPOWER_R_TAXREVENUEPREVIOUS,COUNTRY,IDN,WPR,Western Pacific,YEAR,2024,TOBACCO_INDICATOR,TOBACCO_INDICATOR_Rev_import_prev,,,,,,,. . .,,,,,2025-08-12T08:52:39Z,2024,2024-01-01,2024-12-31
5785029,TOBACCO_MPOWER_R_TAXREVENUEPREVIOUS,COUNTRY,MAR,EMR,Eastern Mediterranean,YEAR,2024,TOBACCO_INDICATOR,TOBACCO_INDICATOR_Rev_other_prev,,,,,,,. . .,,,,,2025-08-12T08:52:39Z,2024,2024-01-01,2024-12-31
5785573,TOBACCO_MPOWER_R_TAXREVENUEPREVIOUS,COUNTRY,GAB,AFR,Africa,YEAR,2024,TOBACCO_INDICATOR,TOBACCO_INDICATOR_Rev_VAT_prev,,,,,,,2 545 621 863,2545621863,,,,2025-08-12T08:52:39Z,2024,2024-01-01,2024-12-31
5794389,TOBACCO_MPOWER_R_TAXREVENUEPREVIOUS,COUNTRY,AFG,EMR,Eastern Mediterranean,YEAR,2024,TOBACCO_INDICATOR,TOBACCO_INDICATOR_Rev_other_prev,,,,,,,0,0,,,,2025-08-12T08:52:39Z,2024,2024-01-01,2024-12-31
5814169,TOBACCO_MPOWER_R_TAXREVENUEPREVIOUS,COUNTRY,NIU,WPR,Western Pacific,YEAR,2024,TOBACCO_INDICATOR,TOBACCO_INDICATOR_Rev_year_prev,,,,,,,2018,,,,,2025-08-12T15:11:05Z,2024,2024-01-01,2024-12-31
5816503,TOBACCO_MPOWER_R_TAXREVENUEPREVIOUS,COUNTRY,SLV,AMR,Americas,YEAR,2024,TOBACCO_INDICATOR,TOBACCO_INDICATOR_Rev_VAT_prev,,,,,,,7 344 484,7344483.55,,,,2025-08-12T08:52:39Z,2024,2024-01-01,2024-12-31
5818165,TOBACCO_MPOWER_R_TAXREVENUEPREVIOUS,COUNTRY,SUR,AMR,Americas,YEAR,2024,TOBACCO_INDICATOR,TOBACCO_INDICATOR_Rev_VAT_prev,,,,,,,15 320 719,15320719.1,,,,2025-08-12T08:52:39Z,2024,2024-01-01,2024-12-31
5820271,TOBACCO_MPOWER_R_TAXREVENUEPREVIOUS,COUNTRY,YEM,EMR,Eastern Mediterranean,YEAR,2024,TOBACCO_INDICATOR,TOBACCO_INDICATOR_Rev_other_prev,,,,,,,. . .,,,,,2025-08-12T08:52:39Z,2024,2024-01-01,2024-12-31
5821659,TOBACCO_MPOWER_R_TAXREVENUEPREVIOUS,COUNTRY,KAZ,EUR,Europe,YEAR,2024,TOBACCO_INDICATOR,TOBACCO_INDICATOR_Rev_VAT_prev,,,,,,,. . .,,,,,2025-08-12T08:52:39Z,2024,2024-01-01,2024-12-31
5825488,TOBACCO_MPOWER_R_TAXREVENUEPREVIOUS,COUNTRY,VCT,AMR,Americas,YEAR,2024,TOBACCO_INDICATOR,TOBACCO_INDICATOR_Rev_curr_prev,,,,,,,XCD,,,,,2025-08-12T08:52:39Z,2024,2024-01-01,2024-12-31
5843722,TOBACCO_MPOWER_R_TAXREVENUEPREVIOUS,COUNTRY,TCD,AFR,Africa,YEAR,2024,TOBACCO_INDICATOR,TOBACCO_INDICATOR_Rev_curr_prev,,,,,,,XAF,,,,,2025-08-12T08:52:39Z,2024,2024-01-01,2024-12-31
5845628,TOBACCO_MPOWER_R_TAXREVENUEPREVIOUS,COUNTRY,ISR,EUR,Europe,YEAR,2024,TOBACCO_INDICATOR,TOBACCO_INDICATOR_Rev_excise_prev,,,,,,,7 500 000 000,7500000000,,,,2025-08-12T08:52:39Z,2024,2024-01-01,2024-12-31
5848008,TOBACCO_MPOWER_R_TAXREVENUEPREVIOUS,COUNTRY,SYC,AFR,Africa,YEAR,2024,TOBACCO_INDICATOR,TOBACCO_INDICATOR_Rev_import_prev,,,,,,,3 237 594,3237594.09,,,,2025-08-12T08:52:39Z,2024,2024-01-01,2024-12-31
5851180,TOBACCO_MPOWER_R_TAXREVENUEPREVIOUS,COUNTRY,BHR,EMR,Eastern Mediterranean,YEAR,2024,TOBACCO_INDICATOR,TOBACCO_INDICATOR_Rev_type_prev,,,,,,,Cigarettes only,,,,,2025-08-12T08:52:39Z,2024,2024-01-01,2024-12-31
5860600,TOBACCO_MPOWER_R_TAXREVENUEPREVIOUS,COUNTRY,KIR,WPR,Western Pacific,YEAR,2024,TOBACCO_INDICATOR,TOBACCO_INDICATOR_Rev_excise_prev,,,,,,,891 911,891910.69,,,,2025-08-12T08:52:39Z,2024,2024-01-01,2024-12-31
5862673,TOBACCO_MPOWER_R_TAXREVENUEPREVIOUS,COUNTRY,TTO,AMR,Americas,YEAR,2024,TOBACCO_INDICATOR,TOBACCO_INDICATOR_Rev_VAT_prev,,,,,,,. . .,,,,,2025-08-12T08:52:39Z,2024,2024-01-01,2024-12-31
5864046,TOBACCO_MPOWER_R_TAXREVENUEPREVIOUS,COUNTRY,AZE,EUR,Europe,YEAR,2024,TOBACCO_INDICATOR,TOBACCO_INDICATOR_Rev_import_prev,,,,,,,. . .,,,,,2025-08-12T08:52:39Z,2024,2024-01-01,2024-12-31
5873728,TOBACCO_MPOWER_R_TAXREVENUEPREVIOUS,COUNTRY,MOZ,AFR,Africa,YEAR,2024,TOBACCO_INDICATOR,TOBACCO_INDICATOR_Rev_VAT_prev,,,,,,,2 571 207 518,2571207518.2599998,,,,2025-08-12T15:11:05Z,2024,2024-01-01,2024-12-31
5874421,TOBACCO_MPOWER_R_TAXREVENUEPREVIOUS,COUNTRY,GNQ,AFR,Africa,YEAR,2024,TOBACCO_INDICATOR,TOBACCO_INDICATOR_Rev_excise_prev,,,,,,,. . .,,,,,2025-08-12T08:52:39Z,2024,2024-01-01,2024-12-31
5880453,TOBACCO_MPOWER_R_TAXREVENUEPREVIOUS,COUNTRY,ISL,EUR,Europe,YEAR,2024,TOBACCO_INDICATOR,TOBACCO_INDICATOR_Rev_import_prev,,,,,,,. . .,,,,,2025-08-12T08:52:39Z,2024,2024-01-01,2024-12-31
5881938,TOBACCO_MPOWER_R_TAXREVENUEPREVIOUS,COUNTRY,MRT,AFR,Africa,YEAR,2024,TOBACCO_INDICATOR,TOBACCO_INDICATOR_Rev_excise_prev,,,,,,,629 830 446,629830446,,,,2025-08-12T08:52:39Z,2024,2024-01-01,2024-12-31
5882320,TOBACCO_MPOWER_R_TAXREVENUEPREVIOUS,COUNTRY,SUR,AMR,Americas,YEAR,2024,TOBACCO_INDICATOR,TOBACCO_INDICATOR_Rev_year_prev,,,,,,,2020,,,,,2025-08-12T15:11:05Z,2024,2024-01-01,2024-12-31
5883245,TOBACCO_MPOWER_R_TAXREVENUEPREVIOUS,COUNTRY,MLI,AFR,Africa,YEAR,2024,TOBACCO_INDICATOR,TOBACCO_INDICATOR_Rev_type_prev,,,,,,,Cigarettes,,,,,2025-08-12T08:52:39Z,2024,2024-01-01,2024-12-31
5895213,TOBACCO_MPOWER_R_TAXREVENUEPREVIOUS,COUNTRY,TLS,SEAR,South-East Asia,YEAR,2024,TOBACCO_INDICATOR,TOBACCO_INDICATOR_Rev_import_prev,,,,,,,406 455,406455.14,,,,2025-08-12T08:52:39Z,2024,2024-01-01,2024-12-31
5898537,TOBACCO_MPOWER_R_TAXREVENUEPREVIOUS,COUNTRY,NZL,WPR,Western Pacific,YEAR,2024,TOBACCO_INDICATOR,TOBACCO_INDICATOR_Rev_other_prev,,,,,,,. . .,,,,,2025-08-12T08:52:39Z,2024,2024-01-01,2024-12-31
5905188,TOBACCO_MPOWER_R_TAXREVENUEPREVIOUS,COUNTRY,CAF,AFR,Africa,YEAR,2024,TOBACCO_INDICATOR,TOBACCO_INDICATOR_Rev_curr_prev,,,,,,,XAF,,,,,2025-08-12T08:52:39Z,2024,2024-01-01,2024-12-31
5914542,TOBACCO_MPOWER_R_TAXREVENUEPREVIOUS,COUNTRY,CRI,AMR,Americas,YEAR,2024,TOBACCO_INDICATOR,TOBACCO_INDICATOR_Rev_excise_prev,,,,,,,22 311 870 261,22311870261,,,,2025-08-12T08:52:39Z,2024,2024-01-01,2024-12-31
5928764,TOBACCO_MPOWER_R_TAXREVENUEPREVIOUS,COUNTRY,AZE,EUR,Europe,YEAR,2024,TOBACCO_INDICATOR,TOBACCO_INDICATOR_Rev_VAT_prev,,,,,,,. . .,,,,,2025-08-12T08:52:39Z,2024,2024-01-01,2024-12-31
5928814,TOBACCO_MPOWER_R_TAXREVENUEPREVIOUS,COUNTRY,PAN,AMR,Americas,YEAR,2024,TOBACCO_INDICATOR,TOBACCO_INDICATOR_Rev_import_prev,,,,,,,. . .,,,,,2025-08-12T08:52:39Z,2024,2024-01-01,2024-12-31
5942871,TOBACCO_MPOWER_R_TAXREVENUEPREVIOUS,COUNTRY,PNG,WPR,Western Pacific,YEAR,2024,TOBACCO_INDICATOR,TOBACCO_INDICATOR_Rev_excise_prev,,,,,,,412 089 862,412089862.35,,,,2025-08-12T15:11:05Z,2024,2024-01-01,2024-12-31
5956889,TOBACCO_MPOWER_R_TAXREVENUEPREVIOUS,COUNTRY,MNE,EUR,Europe,YEAR,2024,TOBACCO_INDICATOR,TOBACCO_INDICATOR_Rev_curr_prev,,,,,,,EUR,,,,,2025-08-12T08:52:39Z,2024,2024-01-01,2024-12-31
5958405,TOBACCO_MPOWER_R_TAXREVENUEPREVIOUS,COUNTRY,PRT,EUR,Europe,YEAR,2024,TOBACCO_INDICATOR,TOBACCO_INDICATOR_Rev_year_prev,,,,,,,2022,,,,,2025-08-12T15:11:05Z,2024,2024-01-01,2024-12-31
5962463,TOBACCO_MPOWER_R_TAXREVENUEPREVIOUS,COUNTRY,SLV,AMR,Americas,YEAR,2024,TOBACCO_INDICATOR,TOBACCO_INDICATOR_Rev_import_prev,,,,,,,1358.91,1358.91,,,,2025-08-12T08:52:39Z,2024,2024-01-01,2024-12-31
5974760,TOBACCO_MPOWER_R_TAXREVENUEPREVIOUS,COUNTRY,TON,WPR,Western Pacific,YEAR,2024,TOBACCO_INDICATOR,TOBACCO_INDICATOR_Rev_import_prev,,,,,,,3 156 345,3156345.39,,,,2025-08-12T08:52:39Z,2024,2024-01-01,2024-12-31
5987534,TOBACCO_MPOWER_R_TAXREVENUEPREVIOUS,COUNTRY,ATG,AMR,Americas,YEAR,2024,TOBACCO_INDICATOR,TOBACCO_INDICATOR_Rev_govt_total_prev,,,,,,,609 991,609990.95,,,,2025-08-12T08:52:39Z,2024,2024-01-01,2024-12-31
5989045,TOBACCO_MPOWER_R_TAXREVENUEPREVIOUS,COUNTRY,PER,AMR,Americas,YEAR,2024,TOBACCO_INDICATOR,TOBACCO_INDICATOR_Rev_curr_prev,,,,,,,PEN,,,,,2025-08-12T08:52:39Z,2024,2024-01-01,2024-12-31
6001347,TOBACCO_MPOWER_R_TAXREVENUEPREVIOUS,COUNTRY,ARE,EMR,Eastern Mediterranean,YEAR,2024,TOBACCO_INDICATOR,TOBACCO_INDICATOR_Rev_other_prev,,,,,,,. . .,,,,,2025-08-12T08:52:39Z,2024,2024-01-01,2024-12-31
6033184,TOBACCO_MPOWER_R_TAXREVENUEPREVIOUS,COUNTRY,USA,AMR,Americas,YEAR,2024,TOBACCO_INDICATOR,TOBACCO_INDICATOR_Rev_import_prev,,,,,,,. . .,,,,,2025-08-12T08:52:39Z,2024,2024-01-01,2024-12-31
6033626,TOBACCO_MPOWER_R_TAXREVENUEPREVIOUS,COUNTRY,PRY,AMR,Americas,YEAR,2024,TOBACCO_INDICATOR,TOBACCO_INDICATOR_Rev_import_prev,,,,,,,5 695 977 742,5695977742,,,,2025-08-12T08:52:39Z,2024,2024-01-01,2024-12-31
6034887,TOBACCO_MPOWER_R_TAXREVENUEPREVIOUS,COUNTRY,LBN,EMR,Eastern Mediterranean,YEAR,2024,TOBACCO_INDICATOR,TOBACCO_INDICATOR_Rev_excise_prev,,,,,,,208 180 233 000,208180233000,,,,2025-08-12T15:11:05Z,2024,2024-01-01,2024-12-31
6037893,TOBACCO_MPOWER_R_TAXREVENUEPREVIOUS,COUNTRY,BLR,EUR,Europe,YEAR,2024,TOBACCO_INDICATOR,TOBACCO_INDICATOR_Rev_import_prev,,,,,,,. . .,,,,,2025-08-12T08:52:39Z,2024,2024-01-01,2024-12-31
6038373,TOBACCO_MPOWER_R_TAXREVENUEPREVIOUS,COUNTRY,SYR,EMR,Eastern Mediterranean,YEAR,2024,TOBACCO_INDICATOR,TOBACCO_INDICATOR_Rev_year_prev,,,,,,,. . .,,,,,2025-08-12T08:52:39Z,2024,2024-01-01,2024-12-31
6052610,TOBACCO_MPOWER_R_TAXREVENUEPREVIOUS,COUNTRY,DJI,EMR,Eastern Mediterranean,YEAR,2024,TOBACCO_INDICATOR,TOBACCO_INDICATOR_Rev_year_prev,,,,,,,2006,,,,,2025-08-12T15:11:05Z,2024,2024-01-01,2024-12-31
6057364,TOBACCO_MPOWER_R_TAXREVENUEPREVIOUS,COUNTRY,LSO,AFR,Africa,YEAR,2024,TOBACCO_INDICATOR,TOBACCO_INDICATOR_Rev_VAT_prev,,,,,,,. . .,,,,,2025-08-12T08:52:39Z,2024,2024-01-01,2024-12-31
6065243,TOBACCO_MPOWER_R_TAXREVENUEPREVIOUS,COUNTRY,FJI,WPR,Western Pacific,YEAR,2024,TOBACCO_INDICATOR,TOBACCO_INDICATOR_Rev_import_prev,,,,,,,45 036,45036,,,,2025-08-12T08:52:39Z,2024,2024-01-01,2024-12-31
6065826,TOBACCO_MPOWER_R_TAXREVENUEPREVIOUS,COUNTRY,ATG,AMR,Americas,YEAR,2024,TOBACCO_INDICATOR,TOBACCO_INDICATOR_Rev_import_prev,,,,,,,130 268,130268.23,,,,2025-08-12T08:52:39Z,2024,2024-01-01,2024-12-31
6066000,TOBACCO_MPOWER_R_TAXREVENUEPREVIOUS,COUNTRY,UGA,AFR,Africa,YEAR,2024,TOBACCO_INDICATOR,TOBACCO_INDICATOR_Rev_year_prev,,,,,,,FY 2021/22,,,,,2025-08-12T08:52:39Z,2024,2024-01-01,2024-12-31
6072243,TOBACCO_MPOWER_R_TAXREVENUEPREVIOUS,COUNTRY,MAR,EMR,Eastern Mediterranean,YEAR,2024,TOBACCO_INDICATOR,TOBACCO_INDICATOR_Rev_import_prev,,,,,,,. . .,,,,,2025-08-12T08:52:39Z,2024,2024-01-01,2024-12-31
6072545,TOBACCO_MPOWER_R_TAXREVENUEPREVIOUS,COUNTRY,OMN,EMR,Eastern Mediterranean,YEAR,2024,TOBACCO_INDICATOR,TOBACCO_INDICATOR_Rev_curr_prev,,,,,,,OMR,,,,,2025-08-12T08:52:39Z,2024,2024-01-01,2024-12-31
6073662,TOBACCO_MPOWER_R_TAXREVENUEPREVIOUS,COUNTRY,SYC,AFR,Africa,YEAR,2024,TOBACCO_INDICATOR,TOBACCO_INDICATOR_Rev_curr_prev,,,,,,,SCR,,,,,2025-08-12T08:52:39Z,2024,2024-01-01,2024-12-31
6076921,TOBACCO_MPOWER_R_TAXREVENUEPREVIOUS,COUNTRY,FIN,EUR,Europe,YEAR,2024,TOBACCO_INDICATOR,TOBACCO_INDICATOR_Rev_excise_prev,,,,,,,1 115 000 000,1115000000,,,,2025-08-12T08:52:39Z,2024,2024-01-01,2024-12-31
6087548,TOBACCO_MPOWER_R_TAXREVENUEPREVIOUS,COUNTRY,CIV,AFR,Africa,YEAR,2024,TOBACCO_INDICATOR,TOBACCO_INDICATOR_Rev_type_prev,,,,,,,Cigarettes only,,,,,2025-08-12T08:52:39Z,2024,2024-01-01,2024-12-31
6095606,TOBACCO_MPOWER_R_TAXREVENUEPREVIOUS,COUNTRY,UZB,EUR,Europe,YEAR,2024,TOBACCO_INDICATOR,TOBACCO_INDICATOR_Rev_curr_prev,,,,,,,UZS,,,,,2025-08-12T08:52:39Z,2024,2024-01-01,2024-12-31
6098493,TOBACCO_MPOWER_R_TAXREVENUEPREVIOUS,COUNTRY,LUX,EUR,Europe,YEAR,2024,TOBACCO_INDICATOR,TOBACCO_INDICATOR_Rev_excise_prev,,,,,,,892 241 300,892241300,,,,2025-08-12T08:52:39Z,2024,2024-01-01,2024-12-31
6106111,TOBACCO_MPOWER_R_TAXREVENUEPREVIOUS,COUNTRY,CYP,EUR,Europe,YEAR,2024,TOBACCO_INDICATOR,TOBACCO_INDICATOR_Rev_VAT_prev,,,,,,,. . .,,,,,2025-08-12T08:52:39Z,2024,2024-01-01,2024-12-31
6111470,TOBACCO_MPOWER_R_TAXREVENUEPREVIOUS,COUNTRY,SVK,EUR,Europe,YEAR,2024,TOBACCO_INDICATOR,TOBACCO_INDICATOR_Rev_year_prev,,,,,,,2022,,,,,2025-08-12T15:11:05Z,2024,2024-01-01,2024-12-31
6134563,TOBACCO_MPOWER_R_TAXREVENUEPREVIOUS,COUNTRY,TCD,AFR,Africa,YEAR,2024,TOBACCO_INDICATOR,TOBACCO_INDICATOR_Rev_import_prev,,,,,,,4 901 620 596,4901620596,,,,2025-08-12T08:52:39Z,2024,2024-01-01,2024-12-31
6141554,TOBACCO_MPOWER_R_TAXREVENUEPREVIOUS,COUNTRY,NIC,AMR,Americas,YEAR,2024,TOBACCO_INDICATOR,TOBACCO_INDICATOR_Rev_curr_prev,,,,,,,. . .,,,,,2025-08-12T08:52:39Z,2024,2024-01-01,2024-12-31
6143148,TOBACCO_MPOWER_R_TAXREVENUEPREVIOUS,COUNTRY,ARG,AMR,Americas,YEAR,2024,TOBACCO_INDICATOR,TOBACCO_INDICATOR_Rev_year_prev,,,,,,,2021,,,,,2025-08-12T15:11:05Z,2024,2024-01-01,2024-12-31
6166358,TOBACCO_MPOWER_R_TAXREVENUEPREVIOUS,COUNTRY,AUS,WPR,Western Pacific,YEAR,2024,TOBACCO_INDICATOR,TOBACCO_INDICATOR_Rev_excise_prev,,,,,,,12 604 000 000,12604000000,,,,2025-08-12T08:52:39Z,2024,2024-01-01,2024-12-31
6169411,TOBACCO_MPOWER_R_TAXREVENUEPREVIOUS,COUNTRY,ETH,AFR,Africa,YEAR,2024,TOBACCO_INDICATOR,TOBACCO_INDICATOR_Rev_VAT_prev,,,,,,,444 870 000,444870000,,,,2025-08-12T08:52:39Z,2024,2024-01-01,2024-12-31
6184493,TOBACCO_MPOWER_R_TAXREVENUEPREVIOUS,COUNTRY,ECU,AMR,Americas,YEAR,2024,TOBACCO_INDICATOR,TOBACCO_INDICATOR_Rev_import_prev,,,,,,,. . .,,,,,2025-08-12T08:52:39Z,2024,2024-01-01,2024-12-31
6196701,TOBACCO_MPOWER_R_TAXREVENUEPREVIOUS,COUNTRY,THA,SEAR,South-East Asia,YEAR,2024,TOBACCO_INDICATOR,TOBACCO_INDICATOR_Rev_excise_prev,,,,,,,59 784 300 000,59784300000,,,,2025-08-12T08:52:39Z,2024,2024-01-01,2024-12-31
6198311,TOBACCO_MPOWER_R_TAXREVENUEPREVIOUS,COUNTRY,IRL,EUR,Europe,YEAR,2024,TOBACCO_INDICATOR,TOBACCO_INDICATOR_Rev_VAT_prev,,,,,,,. . .,,,,,2025-08-12T08:52:39Z,2024,2024-01-01,2024-12-31
6200935,TOBACCO_MPOWER_R_TAXREVENUEPREVIOUS,COUNTRY,GNB,AFR,Africa,YEAR,2024,TOBACCO_INDICATOR,TOBACCO_INDICATOR_Rev_import_prev,,,,,,,. . .,,,,,2025-08-12T08:52:39Z,2024,2024-01-01,2024-12-31
6201662,TOBACCO_MPOWER_R_TAXREVENUEPREVIOUS,COUNTRY,MMR,SEAR,South-East Asia,YEAR,2024,TOBACCO_INDICATOR,TOBACCO_INDICATOR_Rev_curr_prev,,,,,,,MMK,,,,,2025-08-12T08:52:39Z,2024,2024-01-01,2024-12-31
6201704,TOBACCO_MPOWER_R_TAXREVENUEPREVIOUS,COUNTRY,KHM,WPR,Western Pacific,YEAR,2024,TOBACCO_INDICATOR,TOBACCO_INDICATOR_Rev_excise_prev,,,,,,,260 079 000 000,260079000000,,,,2025-08-12T08:52:39Z,2024,2024-01-01,2024-12-31
6202316,TOBACCO_MPOWER_R_TAXREVENUEPREVIOUS,COUNTRY,BEL,EUR,Europe,YEAR,2024,TOBACCO_INDICATOR,TOBACCO_INDICATOR_Rev_import_prev,,,,,,,. . .,,,,,2025-08-12T08:52:39Z,2024,2024-01-01,2024-12-31
6206414,TOBACCO_MPOWER_R_TAXREVENUEPREVIOUS,COUNTRY,MWI,AFR,Africa,YEAR,2024,TOBACCO_INDICATOR,TOBACCO_INDICATOR_Rev_curr_prev,,,,,,,MWK,,,,,2025-08-12T08:52:39Z,2024,2024-01-01,2024-12-31
6213469,TOBACCO_MPOWER_R_TAXREVENUEPREVIOUS,COUNTRY,WSM,WPR,Western Pacific,YEAR,2024,TOBACCO_INDICATOR,TOBACCO_INDICATOR_Rev_year_prev,,,,,,,2015,,,,,2025-08-12T15:11:05Z,2024,2024-01-01,2024-12-31
6215975,TOBACCO_MPOWER_R_TAXREVENUEPREVIOUS,COUNTRY,MDG,AFR,Africa,YEAR,2024,TOBACCO_INDICATOR,TOBACCO_INDICATOR_Rev_year_prev,,,,,,,2022,,,,,2025-08-12T15:11:05Z,2024,2024-01-01,2024-12-31
6217137,TOBACCO_MPOWER_R_TAXREVENUEPREVIOUS,COUNTRY,SDN,EMR,Eastern Mediterranean,YEAR,2024,TOBACCO_INDICATOR,TOBACCO_INDICATOR_Rev_curr_prev,,,,,,,SDG,,,,,2025-08-12T08:52:39Z,2024,2024-01-01,2024-12-31
6222215,TOBACCO_MPOWER_R_TAXREVENUEPREVIOUS,COUNTRY,TUV,WPR,Western Pacific,YEAR,2024,TOBACCO_INDICATOR,TOBACCO_INDICATOR_Rev_VAT_prev,,,,,,,84 730,84730.24,,,,2025-08-12T08:52:39Z,2024,2024-01-01,2024-12-31
6226759,TOBACCO_MPOWER_R_TAXREVENUEPREVIOUS,COUNTRY,SDN,EMR,Eastern Mediterranean,YEAR,2024,TOBACCO_INDICATOR,TOBACCO_INDICATOR_Rev_type_prev,,,,,,,Cigarettes only,,,,,2025-08-12T08:52:39Z,2024,2024-01-01,2024-12-31
6236919,TOBACCO_MPOWER_R_TAXREVENUEPREVIOUS,COUNTRY,MYS,WPR,Western Pacific,YEAR,2024,TOBACCO_INDICATOR,TOBACCO_INDICATOR_Rev_govt_total_prev,,,,,,,2 798 326 078,2798326078,,,,2025-08-12T08:52:39Z,2024,2024-01-01,2024-12-31
6241973,TOBACCO_MPOWER_R_TAXREVENUEPREVIOUS,COUNTRY,SUR,AMR,Americas,YEAR,2024,TOBACCO_INDICATOR,TOBACCO_INDICATOR_Rev_govt_total_prev,,,,,,,86 830 206,86830206.21,,,,2025-08-12T08:52:39Z,2024,2024-01-01,2024-12-31
6242185,TOBACCO_MPOWER_R_TAXREVENUEPREVIOUS,COUNTRY,NPL,SEAR,South-East Asia,YEAR,2024,TOBACCO_INDICATOR,TOBACCO_INDICATOR_Rev_year_prev,,,,,,,2022/23,,,,,2025-08-12T08:52:39Z,2024,2024-01-01,2024-12-31
6244800,TOBACCO_MPOWER_R_TAXREVENUEPREVIOUS,COUNTRY,COG,AFR,Africa,YEAR,2024,TOBACCO_INDICATOR,TOBACCO_INDICATOR_Rev_year_prev,,,,,,,2022,,,,,2025-08-12T15:11:05Z,2024,2024-01-01,2024-12-31
6253166,TOBACCO_MPOWER_R_TAXREVENUEPREVIOUS,COUNTRY,LTU,EUR,Europe,YEAR,2024,TOBACCO_INDICATOR,TOBACCO_INDICATOR_Rev_curr_prev,,,,,,,EUR,,,,,2025-08-12T08:52:39Z,2024,2024-01-01,2024-12-31
6255932,TOBACCO_MPOWER_R_TAXREVENUEPREVIOUS,COUNTRY,NIC,AMR,Americas,YEAR,2024,TOBACCO_INDICATOR,TOBACCO_INDICATOR_Rev_other_prev,,,,,,,. . .,,,,,2025-08-12T08:52:39Z,2024,2024-01-01,2024-12-31
6264638,TOBACCO_MPOWER_R_TAXREVENUEPREVIOUS,COUNTRY,NER,AFR,Africa,YEAR,2024,TOBACCO_INDICATOR,TOBACCO_INDICATOR_Rev_VAT_prev,,,,,,,9 711 780 609,9711780609,,,,2025-08-12T08:52:39Z,2024,2024-01-01,2024-12-31
6277384,TOBACCO_MPOWER_R_TAXREVENUEPREVIOUS,COUNTRY,BDI,AFR,Africa,YEAR,2024,TOBACCO_INDICATOR,TOBACCO_INDICATOR_Rev_govt_total_prev,,,,,,,. . .,,,,,2025-08-12T08:52:39Z,2024,2024-01-01,2024-12-31
6278638,TOBACCO_MPOWER_R_TAXREVENUEPREVIOUS,COUNTRY,SAU,EMR,Eastern Mediterranean,YEAR,2024,TOBACCO_INDICATOR,TOBACCO_INDICATOR_Rev_year_prev,,,,,,,2022,,,,,2025-08-12T15:11:05Z,2024,2024-01-01,2024-12-31
6284195,TOBACCO_MPOWER_R_TAXREVENUEPREVIOUS,COUNTRY,JPN,WPR,Western Pacific,YEAR,2024,TOBACCO_INDICATOR,TOBACCO_INDICATOR_Rev_curr_prev,,,,,,,JPY,,,,,2025-08-12T08:52:39Z,2024,2024-01-01,2024-12-31
6286260,TOBACCO_MPOWER_R_TAXREVENUEPREVIOUS,COUNTRY,COK,WPR,Western Pacific,YEAR,2024,TOBACCO_INDICATOR,TOBACCO_INDICATOR_Rev_year_prev,,,,,,,2016,,,,,2025-08-12T15:11:05Z,2024,2024-01-01,2024-12-31
6310777,TOBACCO_MPOWER_R_TAXREVENUEPREVIOUS,COUNTRY,GNB,AFR,Africa,YEAR,2024,TOBACCO_INDICATOR,TOBACCO_INDICATOR_Rev_year_prev,,,,,,,2018,,,,,2025-08-12T15:11:05Z,2024,2024-01-01,2024-12-31
6315706,TOBACCO_MPOWER_R_TAXREVENUEPREVIOUS,COUNTRY,RUS,EUR,Europe,YEAR,2024,TOBACCO_INDICATOR,TOBACCO_INDICATOR_Rev_import_prev,,,,,,,. . .,,,,,2025-08-12T08:52:39Z,2024,2024-01-01,2024-12-31
6317985,TOBACCO_MPOWER_R_TAXREVENUEPREVIOUS,COUNTRY,ETH,AFR,Africa,YEAR,2024,TOBACCO_INDICATOR,TOBACCO_INDICATOR_Rev_import_prev,,,,,,,28 960 000,28960000,,,,2025-08-12T08:52:39Z,2024,2024-01-01,2024-12-31
6318864,TOBACCO_MPOWER_R_TAXREVENUEPREVIOUS,COUNTRY,LSO,AFR,Africa,YEAR,2024,TOBACCO_INDICATOR,TOBACCO_INDICATOR_Rev_govt_total_prev,,,,,,,. . .,,,,,2025-08-12T08:52:39Z,2024,2024-01-01,2024-12-31
6325812,TOBACCO_MPOWER_R_TAXREVENUEPREVIOUS,COUNTRY,SLV,AMR,Americas,YEAR,2024,TOBACCO_INDICATOR,TOBACCO_INDICATOR_Rev_year_prev,,,,,,,2022,,,,,2025-08-12T15:11:05Z,2024,2024-01-01,2024-12-31
6330669,TOBACCO_MPOWER_R_TAXREVENUEPREVIOUS,COUNTRY,EGY,EMR,Eastern Mediterranean,YEAR,2024,TOBACCO_INDICATOR,TOBACCO_INDICATOR_Rev_import_prev,,,,,,,. . .,,,,,2025-08-12T08:52:39Z,2024,2024-01-01,2024-12-31
6337034,TOBACCO_MPOWER_R_TAXREVENUEPREVIOUS,COUNTRY,IRQ,EMR,Eastern Mediterranean,YEAR,2024,TOBACCO_INDICATOR,TOBACCO_INDICATOR_Rev_import_prev,,,,,,,. . .,,,,,2025-08-12T08:52:39Z,2024,2024-01-01,2024-12-31
6338768,TOBACCO_MPOWER_R_TAXREVENUEPREVIOUS,COUNTRY,MRT,AFR,Africa,YEAR,2024,TOBACCO_INDICATOR,TOBACCO_INDICATOR_Rev_curr_prev,,,,,,,MRO,,,,,2025-08-12T08:52:39Z,2024,2024-01-01,2024-12-31
6357203,TOBACCO_MPOWER_R_TAXREVENUEPREVIOUS,COUNTRY,MKD,EUR,Europe,YEAR,2024,TOBACCO_INDICATOR,TOBACCO_INDICATOR_Rev_other_prev,,,,,,,. . .,,,,,2025-08-12T08:52:39Z,2024,2024-01-01,2024-12-31
6358188,TOBACCO_MPOWER_R_TAXREVENUEPREVIOUS,COUNTRY,TUN,EMR,Eastern Mediterranean,YEAR,2024,TOBACCO_INDICATOR,TOBACCO_INDICATOR_Rev_year_prev,,,,,,,2020,,,,,2025-08-12T15:11:05Z,2024,2024-01-01,2024-12-31
6364197,TOBACCO_MPOWER_R_TAXREVENUEPREVIOUS,COUNTRY,BLR,EUR,Europe,YEAR,2024,TOBACCO_INDICATOR,TOBACCO_INDICATOR_Rev_type_prev,,,,,,,All Tobacco Products,,,,,2025-08-12T08:52:39Z,2024,2024-01-01,2024-12-31
6373808,TOBACCO_MPOWER_R_TAXREVENUEPREVIOUS,COUNTRY,TLS,SEAR,South-East Asia,YEAR,2024,TOBACCO_INDICATOR,TOBACCO_INDICATOR_Rev_curr_prev,,,,,,,USD,,,,,2025-08-12T08:52:39Z,2024,2024-01-01,2024-12-31
6381407,TOBACCO_MPOWER_R_TAXREVENUEPREVIOUS,COUNTRY,CHE,EUR,Europe,YEAR,2024,TOBACCO_INDICATOR,TOBACCO_INDICATOR_Rev_other_prev,,,,,,,25 760 000,25760000,,,,2025-08-12T08:52:39Z,2024,2024-01-01,2024-12-31
6382084,TOBACCO_MPOWER_R_TAXREVENUEPREVIOUS,COUNTRY,BOL,AMR,Americas,YEAR,2024,TOBACCO_INDICATOR,TOBACCO_INDICATOR_Rev_govt_total_prev,,,,,,,357 133 966,357133966,,,,2025-08-12T08:52:39Z,2024,2024-01-01,2024-12-31
6385914,TOBACCO_MPOWER_R_TAXREVENUEPREVIOUS,COUNTRY,KOR,WPR,Western Pacific,YEAR,2024,TOBACCO_INDICATOR,TOBACCO_INDICATOR_Rev_type_prev,,,,,,,All Tobacco products,,,,,2025-08-12T08:52:39Z,2024,2024-01-01,2024-12-31
6386702,TOBACCO_MPOWER_R_TAXREVENUEPREVIOUS,COUNTRY,MNG,WPR,Western Pacific,YEAR,2024,TOBACCO_INDICATOR,TOBACCO_INDICATOR_Rev_year_prev,,,,,,,2019,,,,,2025-08-12T15:11:05Z,2024,2024-01-01,2024-12-31
6391237,TOBACCO_MPOWER_R_TAXREVENUEPREVIOUS,COUNTRY,VEN,AMR,Americas,YEAR,2024,TOBACCO_INDICATOR,TOBACCO_INDICATOR_Rev_excise_prev,,,,,,,33 267 486 405 295,33267486405295,,,Data not validated by the national authorities.,2025-08-12T15:11:05Z,2024,2024-01-01,2024-12-31
6397105,TOBACCO_MPOWER_R_TAXREVENUEPREVIOUS,COUNTRY,VUT,WPR,Western Pacific,YEAR,2024,TOBACCO_INDICATOR,TOBACCO_INDICATOR_Rev_year_prev,,,,,,,2020,,,,,2025-08-12T15:11:05Z,2024,2024-01-01,2024-12-31
6400885,TOBACCO_MPOWER_R_TAXREVENUEPREVIOUS,COUNTRY,BDI,AFR,Africa,YEAR,2024,TOBACCO_INDICATOR,TOBACCO_INDICATOR_Rev_year_prev,,,,,,,2022/2023,,,,,2025-08-12T08:52:39Z,2024,2024-01-01,2024-12-31
6411330,TOBACCO_MPOWER_R_TAXREVENUEPREVIOUS,COUNTRY,FRA,EUR,Europe,YEAR,2024,TOBACCO_INDICATOR,TOBACCO_INDICATOR_Rev_excise_prev,,,,,,,13 632 000 000,13632000000,,,,2025-08-12T08:52:39Z,2024,2024-01-01,2024-12-31
6411587,TOBACCO_MPOWER_R_TAXREVENUEPREVIOUS,COUNTRY,TUN,EMR,Eastern Mediterranean,YEAR,2024,TOBACCO_INDICATOR,TOBACCO_INDICATOR_Rev_curr_prev,,,,,,,TND,,,,,2025-08-12T08:52:39Z,2024,2024-01-01,2024-12-31
6421261,TOBACCO_MPOWER_R_TAXREVENUEPREVIOUS,COUNTRY,GEO,EUR,Europe,YEAR,2024,TOBACCO_INDICATOR,TOBACCO_INDICATOR_Rev_excise_prev,,,,,,,941 814 698,941814697.96,,,,2025-08-12T15:11:05Z,2024,2024-01-01,2024-12-31
6422338,TOBACCO_MPOWER_R_TAXREVENUEPREVIOUS,COUNTRY,SDN,EMR,Eastern Mediterranean,YEAR,2024,TOBACCO_INDICATOR,TOBACCO_INDICATOR_Rev_VAT_prev,,,,,,,. . .,,,,,2025-08-12T08:52:39Z,2024,2024-01-01,2024-12-31
6427864,TOBACCO_MPOWER_R_TAXREVENUEPREVIOUS,COUNTRY,LBR,AFR,Africa,YEAR,2024,TOBACCO_INDICATOR,TOBACCO_INDICATOR_Rev_type_prev,,,,,,,All Tobacco products,,,,,2025-08-12T08:52:39Z,2024,2024-01-01,2024-12-31
6433629,TOBACCO_MPOWER_R_TAXREVENUEPREVIOUS,COUNTRY,PAK,EMR,Eastern Mediterranean,YEAR,2024,TOBACCO_INDICATOR,TOBACCO_INDICATOR_Rev_curr_prev,,,,,,,PKR,,,,,2025-08-12T08:52:39Z,2024,2024-01-01,2024-12-31
6438200,TOBACCO_MPOWER_R_TAXREVENUEPREVIOUS,COUNTRY,CPV,AFR,Africa,YEAR,2024,TOBACCO_INDICATOR,TOBACCO_INDICATOR_Rev_import_prev,,,,,,,37 150 031,37150031,,,,2025-08-12T08:52:39Z,2024,2024-01-01,2024-12-31
6441390,TOBACCO_MPOWER_R_TAXREVENUEPREVIOUS,COUNTRY,TGO,AFR,Africa,YEAR,2024,TOBACCO_INDICATOR,TOBACCO_INDICATOR_Rev_year_prev,,,,,,,2021,,,,,2025-08-12T15:11:05Z,2024,2024-01-01,2024-12-31
6451654,TOBACCO_MPOWER_R_TAXREVENUEPREVIOUS,COUNTRY,MNG,WPR,Western Pacific,YEAR,2024,TOBACCO_INDICATOR,TOBACCO_INDICATOR_Rev_curr_prev,,,,,,,MNT,,,,,2025-08-12T08:52:39Z,2024,2024-01-01,2024-12-31
6458905,TOBACCO_MPOWER_R_TAXREVENUEPREVIOUS,COUNTRY,KIR,WPR,Western Pacific,YEAR,2024,TOBACCO_INDICATOR,TOBACCO_INDICATOR_Rev_year_prev,,,,,,,2018,,,,,2025-08-12T15:11:05Z,2024,2024-01-01,2024-12-31
6482317,TOBACCO_MPOWER_R_TAXREVENUEPREVIOUS,COUNTRY,FRA,EUR,Europe,YEAR,2024,TOBACCO_INDICATOR,TOBACCO_INDICATOR_Rev_curr_prev,,,,,,,EUR,,,,,2025-08-12T08:52:39Z,2024,2024-01-01,2024-12-31
6486080,TOBACCO_MPOWER_R_TAXREVENUEPREVIOUS,COUNTRY,GRC,EUR,Europe,YEAR,2024,TOBACCO_INDICATOR,TOBACCO_INDICATOR_Rev_curr_prev,,,,,,,EUR,,,,,2025-08-12T08:52:39Z,2024,2024-01-01,2024-12-31
6504596,TOBACCO_MPOWER_R_TAXREVENUEPREVIOUS,COUNTRY,CPV,AFR,Africa,YEAR,2024,TOBACCO_INDICATOR,TOBACCO_INDICATOR_Rev_VAT_prev,,,,,,,61 991 659,61991659,,,,2025-08-12T08:52:39Z,2024,2024-01-01,2024-12-31
6506402,TOBACCO_MPOWER_R_TAXREVENUEPREVIOUS,COUNTRY,NER,AFR,Africa,YEAR,2024,TOBACCO_INDICATOR,TOBACCO_INDICATOR_Rev_import_prev,,,,,,,2 740 495,2740495,,,,2025-08-12T08:52:39Z,2024,2024-01-01,2024-12-31
6517100,TOBACCO_MPOWER_R_TAXREVENUEPREVIOUS,COUNTRY,DNK,EUR,Europe,YEAR,2024,TOBACCO_INDICATOR,TOBACCO_INDICATOR_Rev_other_prev,,,,,,,. . .,,,,,2025-08-12T08:52:39Z,2024,2024-01-01,2024-12-31
6520246,TOBACCO_MPOWER_R_TAXREVENUEPREVIOUS,COUNTRY,LAO,WPR,Western Pacific,YEAR,2024,TOBACCO_INDICATOR,TOBACCO_INDICATOR_Rev_VAT_prev,,,,,,,52 963 007 910,52963007910,,,,2025-08-12T08:52:39Z,2024,2024-01-01,2024-12-31
6536018,TOBACCO_MPOWER_R_TAXREVENUEPREVIOUS,COUNTRY,SYC,AFR,Africa,YEAR,2024,TOBACCO_INDICATOR,TOBACCO_INDICATOR_Rev_excise_prev,,,,,,,181 336 168,181336168,,,,2025-08-12T08:52:39Z,2024,2024-01-01,2024-12-31
6550949,TOBACCO_MPOWER_R_TAXREVENUEPREVIOUS,COUNTRY,LSO,AFR,Africa,YEAR,2024,TOBACCO_INDICATOR,TOBACCO_INDICATOR_Rev_import_prev,,,,,,,. . .,,,,,2025-08-12T08:52:39Z,2024,2024-01-01,2024-12-31
6551020,TOBACCO_MPOWER_R_TAXREVENUEPREVIOUS,COUNTRY,SYR,EMR,Eastern Mediterranean,YEAR,2024,TOBACCO_INDICATOR,TOBACCO_INDICATOR_Rev_type_prev,,,,,,,. . .,,,,,2025-08-12T08:52:39Z,2024,2024-01-01,2024-12-31
6555260,TOBACCO_MPOWER_R_TAXREVENUEPREVIOUS,COUNTRY,HRV,EUR,Europe,YEAR,2024,TOBACCO_INDICATOR,TOBACCO_INDICATOR_Rev_year_prev,,,,,,,2022,,,,,2025-08-12T15:11:05Z,2024,2024-01-01,2024-12-31
6576622,TOBACCO_MPOWER_R_TAXREVENUEPREVIOUS,COUNTRY,TLS,SEAR,South-East Asia,YEAR,2024,TOBACCO_INDICATOR,TOBACCO_INDICATOR_Rev_year_prev,,,,,,,2022,,,,,2025-08-12T15:11:05Z,2024,2024-01-01,2024-12-31
6577922,TOBACCO_MPOWER_R_TAXREVENUEPREVIOUS,COUNTRY,PRT,EUR,Europe,YEAR,2024,TOBACCO_INDICATOR,TOBACCO_INDICATOR_Rev_excise_prev,,,,,,,1 595 597 000,1595597000,,,,2025-08-12T08:52:39Z,2024,2024-01-01,2024-12-31
6596402,TOBACCO_MPOWER_R_TAXREVENUEPREVIOUS,COUNTRY,VUT,WPR,Western Pacific,YEAR,2024,TOBACCO_INDICATOR,TOBACCO_INDICATOR_Rev_excise_prev,,,,,,,1 007 155 105,1007155105,,,,2025-08-12T08:52:39Z,2024,2024-01-01,2024-12-31
6601925,TOBACCO_MPOWER_R_TAXREVENUEPREVIOUS,COUNTRY,ROU,EUR,Europe,YEAR,2024,TOBACCO_INDICATOR,TOBACCO_INDICATOR_Rev_type_prev,,,,,,,All Tobacco products,,,,,2025-08-12T08:52:39Z,2024,2024-01-01,2024-12-31
6606546,TOBACCO_MPOWER_R_TAXREVENUEPREVIOUS,COUNTRY,GHA,AFR,Africa,YEAR,2024,TOBACCO_INDICATOR,TOBACCO_INDICATOR_Rev_govt_total_prev,,,,,,,247 020 745,247020744.77,,,,2025-08-12T15:11:05Z,2024,2024-01-01,2024-12-31
6618101,TOBACCO_MPOWER_R_TAXREVENUEPREVIOUS,COUNTRY,GRD,AMR,Americas,YEAR,2024,TOBACCO_INDICATOR,TOBACCO_INDICATOR_Rev_excise_prev,,,,,,,7 591 312,7591312.32,,,,2025-08-12T08:52:39Z,2024,2024-01-01,2024-12-31
6618330,TOBACCO_MPOWER_R_TAXREVENUEPREVIOUS,COUNTRY,SDN,EMR,Eastern Mediterranean,YEAR,2024,TOBACCO_INDICATOR,TOBACCO_INDICATOR_Rev_import_prev,,,,,,,. . .,,,,,2025-08-12T08:52:39Z,2024,2024-01-01,2024-12-31
6620154,TOBACCO_MPOWER_R_TAXREVENUEPREVIOUS,COUNTRY,SVN,EUR,Europe,YEAR,2024,TOBACCO_INDICATOR,TOBACCO_INDICATOR_Rev_other_prev,,,,,,,. . .,,,,,2025-08-12T08:52:39Z,2024,2024-01-01,2024-12-31
6622727,TOBACCO_MPOWER_R_TAXREVENUEPREVIOUS,COUNTRY,ZWE,AFR,Africa,YEAR,2024,TOBACCO_INDICATOR,TOBACCO_INDICATOR_Rev_excise_prev,,,,,,,32 319 431,32319431.05,,,,2025-08-12T08:52:39Z,2024,2024-01-01,2024-12-31
6638293,TOBACCO_MPOWER_R_TAXREVENUEPREVIOUS,COUNTRY,BEL,EUR,Europe,YEAR,2024,TOBACCO_INDICATOR,TOBACCO_INDICATOR_Rev_other_prev,,,,,,,. . .,,,,,2025-08-12T08:52:39Z,2024,2024-01-01,2024-12-31
6646669,TOBACCO_MPOWER_R_TAXREVENUEPREVIOUS,COUNTRY,CAN,AMR,Americas,YEAR,2024,TOBACCO_INDICATOR,TOBACCO_INDICATOR_Rev_other_prev,,,,,,,. . .,,,,,2025-08-12T08:52:39Z,2024,2024-01-01,2024-12-31
6665639,TOBACCO_MPOWER_R_TAXREVENUEPREVIOUS,COUNTRY,CUB,AMR,Americas,YEAR,2024,TOBACCO_INDICATOR,TOBACCO_INDICATOR_Rev_type_prev,,,,,,,All Tobacco products,,,,,2025-08-12T08:52:39Z,2024,2024-01-01,2024-12-31
6668452,TOBACCO_MPOWER_R_TAXREVENUEPREVIOUS,COUNTRY,ESP,EUR,Europe,YEAR,2024,TOBACCO_INDICATOR,TOBACCO_INDICATOR_Rev_excise_prev,,,,,,,7 216 000 000,7216000000,,,,2025-08-12T08:52:39Z,2024,2024-01-01,2024-12-31
6674153,TOBACCO_MPOWER_R_TAXREVENUEPREVIOUS,COUNTRY,NAM,AFR,Africa,YEAR,2024,TOBACCO_INDICATOR,TOBACCO_INDICATOR_Rev_govt_total_prev,,,,,,,55 262 331 019,55262331018.88,,,,2025-08-12T15:11:05Z,2024,2024-01-01,2024-12-31
6686418,TOBACCO_MPOWER_R_TAXREVENUEPREVIOUS,COUNTRY,SGP,WPR,Western Pacific,YEAR,2024,TOBACCO_INDICATOR,TOBACCO_INDICATOR_Rev_curr_prev,,,,,,,SGD,,,,,2025-08-12T08:52:39Z,2024,2024-01-01,2024-12-31
6693149,TOBACCO_MPOWER_R_TAXREVENUEPREVIOUS,COUNTRY,LUX,EUR,Europe,YEAR,2024,TOBACCO_INDICATOR,TOBACCO_INDICATOR_Rev_govt_total_prev,,,,,,,. . .,,,,,2025-08-12T08:52:39Z,2024,2024-01-01,2024-12-31
6700779,TOBACCO_MPOWER_R_TAXREVENUEPREVIOUS,COUNTRY,GEO,EUR,Europe,YEAR,2024,TOBACCO_INDICATOR,TOBACCO_INDICATOR_Rev_curr_prev,,,,,,,GEL,,,,,2025-08-12T08:52:39Z,2024,2024-01-01,2024-12-31
6702489,TOBACCO_MPOWER_R_TAXREVENUEPREVIOUS,COUNTRY,DMA,AMR,Americas,YEAR,2024,TOBACCO_INDICATOR,TOBACCO_INDICATOR_Rev_govt_total_prev,,,,,,,346 192,346192.33,,,,2025-08-12T08:52:39Z,2024,2024-01-01,2024-12-31
6712437,TOBACCO_MPOWER_R_TAXREVENUEPREVIOUS,COUNTRY,MUS,AFR,Africa,YEAR,2024,TOBACCO_INDICATOR,TOBACCO_INDICATOR_Rev_curr_prev,,,,,,,MUR,,,,,2025-08-12T08:52:39Z,2024,2024-01-01,2024-12-31
6715319,TOBACCO_MPOWER_R_TAXREVENUEPREVIOUS,COUNTRY,KGZ,EUR,Europe,YEAR,2024,TOBACCO_INDICATOR,TOBACCO_INDICATOR_Rev_govt_total_prev,,,,,,,. . .,,,,,2025-08-12T08:52:39Z,2024,2024-01-01,2024-12-31
6718246,TOBACCO_MPOWER_R_TAXREVENUEPREVIOUS,COUNTRY,GBR,EUR,Europe,YEAR,2024,TOBACCO_INDICATOR,TOBACCO_INDICATOR_Rev_import_prev,,,,,,,. . .,,,,,2025-08-12T08:52:39Z,2024,2024-01-01,2024-12-31
6725513,TOBACCO_MPOWER_R_TAXREVENUEPREVIOUS,COUNTRY,QAT,EMR,Eastern Mediterranean,YEAR,2024,TOBACCO_INDICATOR,TOBACCO_INDICATOR_Rev_curr_prev,,,,,,,QAR,,,,,2025-08-12T08:52:39Z,2024,2024-01-01,2024-12-31
6726039,TOBACCO_MPOWER_R_TAXREVENUEPREVIOUS,COUNTRY,FRA,EUR,Europe,YEAR,2024,TOBACCO_INDICATOR,TOBACCO_INDICATOR_Rev_year_prev,,,,,,,2022,,,,,2025-08-12T15:11:05Z,2024,2024-01-01,2024-12-31
6730479,TOBACCO_MPOWER_R_TAXREVENUEPREVIOUS,COUNTRY,UGA,AFR,Africa,YEAR,2024,TOBACCO_INDICATOR,TOBACCO_INDICATOR_Rev_curr_prev,,,,,,,UGX,,,,,2025-08-12T08:52:39Z,2024,2024-01-01,2024-12-31
6738390,TOBACCO_MPOWER_R_TAXREVENUEPREVIOUS,COUNTRY,JPN,WPR,Western Pacific,YEAR,2024,TOBACCO_INDICATOR,TOBACCO_INDICATOR_Rev_import_prev,,,,,,,. . .,,,,,2025-08-12T08:52:39Z,2024,2024-01-01,2024-12-31
6747252,TOBACCO_MPOWER_R_TAXREVENUEPREVIOUS,COUNTRY,CRI,AMR,Americas,YEAR,2024,TOBACCO_INDICATOR,TOBACCO_INDICATOR_Rev_year_prev,,,,,,,2022,,,,,2025-08-12T15:11:05Z,2024,2024-01-01,2024-12-31
6760480,TOBACCO_MPOWER_R_TAXREVENUEPREVIOUS,COUNTRY,SMR,EUR,Europe,YEAR,2024,TOBACCO_INDICATOR,TOBACCO_INDICATOR_Rev_govt_total_prev,,,,,,,. . .,,,,,2025-08-12T08:52:39Z,2024,2024-01-01,2024-12-31
6770050,TOBACCO_MPOWER_R_TAXREVENUEPREVIOUS,COUNTRY,SYR,EMR,Eastern Mediterranean,YEAR,2024,TOBACCO_INDICATOR,TOBACCO_INDICATOR_Rev_VAT_prev,,,,,,,. . .,,,,,2025-08-12T08:52:39Z,2024,2024-01-01,2024-12-31
6771610,TOBACCO_MPOWER_R_TAXREVENUEPREVIOUS,COUNTRY,BGD,SEAR,South-East Asia,YEAR,2024,TOBACCO_INDICATOR,TOBACCO_INDICATOR_Rev_govt_total_prev,,,,,,,. . .,,,,,2025-08-12T08:52:39Z,2024,2024-01-01,2024-12-31
6773188,TOBACCO_MPOWER_R_TAXREVENUEPREVIOUS,COUNTRY,LKA,SEAR,South-East Asia,YEAR,2024,TOBACCO_INDICATOR,TOBACCO_INDICATOR_Rev_govt_total_prev,,,,,,,. . .,,,,,2025-08-12T08:52:39Z,2024,2024-01-01,2024-12-31
6773465,TOBACCO_MPOWER_R_TAXREVENUEPREVIOUS,COUNTRY,OMN,EMR,Eastern Mediterranean,YEAR,2024,TOBACCO_INDICATOR,TOBACCO_INDICATOR_Rev_year_prev,,,,,,,2021,,,,,2025-08-12T15:11:05Z,2024,2024-01-01,2024-12-31
6774871,TOBACCO_MPOWER_R_TAXREVENUEPREVIOUS,COUNTRY,ARG,AMR,Americas,YEAR,2024,TOBACCO_INDICATOR,TOBACCO_INDICATOR_Rev_import_prev,,,,,,,. . .,,,,,2025-08-12T08:52:39Z,2024,2024-01-01,2024-12-31
6782306,TOBACCO_MPOWER_R_TAXREVENUEPREVIOUS,COUNTRY,MRT,AFR,Africa,YEAR,2024,TOBACCO_INDICATOR,TOBACCO_INDICATOR_Rev_other_prev,,,,,,,. . .,,,,,2025-08-12T08:52:39Z,2024,2024-01-01,2024-12-31
6788209,TOBACCO_MPOWER_R_TAXREVENUEPREVIOUS,COUNTRY,VNM,WPR,Western Pacific,YEAR,2024,TOBACCO_INDICATOR,TOBACCO_INDICATOR_Rev_type_prev,,,,,,,Cigarettes only,,,,,2025-08-12T08:52:39Z,2024,2024-01-01,2024-12-31
6796910,TOBACCO_MPOWER_R_TAXREVENUEPREVIOUS,COUNTRY,IRQ,EMR,Eastern Mediterranean,YEAR,2024,TOBACCO_INDICATOR,TOBACCO_INDICATOR_Rev_curr_prev,,,,,,,. .,,,,,2025-08-12T08:52:39Z,2024,2024-01-01,2024-12-31
6797905,TOBACCO_MPOWER_R_TAXREVENUEPREVIOUS,COUNTRY,GBR,EUR,Europe,YEAR,2024,TOBACCO_INDICATOR,TOBACCO_INDICATOR_Rev_type_prev,,,,,,,All Tobacco products,,,,,2025-08-12T08:52:39Z,2024,2024-01-01,2024-12-31
6799223,TOBACCO_MPOWER_R_TAXREVENUEPREVIOUS,COUNTRY,IRQ,EMR,Eastern Mediterranean,YEAR,2024,TOBACCO_INDICATOR,TOBACCO_INDICATOR_Rev_type_prev,,,,,,,. . .,,,,,2025-08-12T08:52:39Z,2024,2024-01-01,2024-12-31
6800143,TOBACCO_MPOWER_R_TAXREVENUEPREVIOUS,COUNTRY,BGD,SEAR,South-East Asia,YEAR,2024,TOBACCO_INDICATOR,TOBACCO_INDICATOR_Rev_curr_prev,,,,,,,BDT,,,,,2025-08-12T08:52:39Z,2024,2024-01-01,2024-12-31
6821539,TOBACCO_MPOWER_R_TAXREVENUEPREVIOUS,COUNTRY,GRD,AMR,Americas,YEAR,2024,TOBACCO_INDICATOR,TOBACCO_INDICATOR_Rev_year_prev,,,,,,,2022,,,,,2025-08-12T15:11:05Z,2024,2024-01-01,2024-12-31
6823096,TOBACCO_MPOWER_R_TAXREVENUEPREVIOUS,COUNTRY,GBR,EUR,Europe,YEAR,2024,TOBACCO_INDICATOR,TOBACCO_INDICATOR_Rev_govt_total_prev,,,,,,,. . .,,,,,2025-08-12T08:52:39Z,2024,2024-01-01,2024-12-31
6838125,TOBACCO_MPOWER_R_TAXREVENUEPREVIOUS,COUNTRY,VNM,WPR,Western Pacific,YEAR,2024,TOBACCO_INDICATOR,TOBACCO_INDICATOR_Rev_excise_prev,,,,,,,16 277 988 895 607,16277988895607,,,,2025-08-12T15:11:05Z,2024,2024-01-01,2024-12-31
6843976,TOBACCO_MPOWER_R_TAXREVENUEPREVIOUS,COUNTRY,LKA,SEAR,South-East Asia,YEAR,2024,TOBACCO_INDICATOR,TOBACCO_INDICATOR_Rev_excise_prev,,,,,,,104 160 000 000,104160000000,,,,2025-08-12T08:52:39Z,2024,2024-01-01,2024-12-31
6845021,TOBACCO_MPOWER_R_TAXREVENUEPREVIOUS,COUNTRY,YEM,EMR,Eastern Mediterranean,YEAR,2024,TOBACCO_INDICATOR,TOBACCO_INDICATOR_Rev_excise_prev,,,,,,,3 814 496 000,3814496000,,,,2025-08-12T08:52:39Z,2024,2024-01-01,2024-12-31
6850573,TOBACCO_MPOWER_R_TAXREVENUEPREVIOUS,COUNTRY,CYP,EUR,Europe,YEAR,2024,TOBACCO_INDICATOR,TOBACCO_INDICATOR_Rev_other_prev,,,,,,,. . .,,,,,2025-08-12T08:52:39Z,2024,2024-01-01,2024-12-31
6851309,TOBACCO_MPOWER_R_TAXREVENUEPREVIOUS,COUNTRY,RUS,EUR,Europe,YEAR,2024,TOBACCO_INDICATOR,TOBACCO_INDICATOR_Rev_excise_prev,,,,,,,680 202 971 612,680202971612,,,,2025-08-12T15:11:05Z,2024,2024-01-01,2024-12-31
6851791,TOBACCO_MPOWER_R_TAXREVENUEPREVIOUS,COUNTRY,IND,SEAR,South-East Asia,YEAR,2024,TOBACCO_INDICATOR,TOBACCO_INDICATOR_Rev_govt_total_prev,,,,,,,. . .,,,,,2025-08-12T08:52:39Z,2024,2024-01-01,2024-12-31
6863421,TOBACCO_MPOWER_R_TAXREVENUEPREVIOUS,COUNTRY,ERI,AFR,Africa,YEAR,2024,TOBACCO_INDICATOR,TOBACCO_INDICATOR_Rev_other_prev,,,,,,,. . .,,,,,2025-08-12T08:52:39Z,2024,2024-01-01,2024-12-31
6869022,TOBACCO_MPOWER_R_TAXREVENUEPREVIOUS,COUNTRY,BFA,AFR,Africa,YEAR,2024,TOBACCO_INDICATOR,TOBACCO_INDICATOR_Rev_type_prev,,,,,,,All Tobacco products,,,,,2025-08-12T08:52:39Z,2024,2024-01-01,2024-12-31
6889956,TOBACCO_MPOWER_R_TAXREVENUEPREVIOUS,COUNTRY,MEX,AMR,Americas,YEAR,2024,TOBACCO_INDICATOR,TOBACCO_INDICATOR_Rev_govt_total_prev,,,,,,,. . .,,,,,2025-08-12T08:52:39Z,2024,2024-01-01,2024-12-31
6910503,TOBACCO_MPOWER_R_TAXREVENUEPREVIOUS,COUNTRY,BEL,EUR,Europe,YEAR,2024,TOBACCO_INDICATOR,TOBACCO_INDICATOR_Rev_year_prev,,,,,,,2023,,,,,2025-08-12T15:11:05Z,2024,2024-01-01,2024-12-31
6917763,TOBACCO_MPOWER_R_TAXREVENUEPREVIOUS,COUNTRY,TZA,AFR,Africa,YEAR,2024,TOBACCO_INDICATOR,TOBACCO_INDICATOR_Rev_import_prev,,,,,,,. . .,,,,,2025-08-12T08:52:39Z,2024,2024-01-01,2024-12-31
6919686,TOBACCO_MPOWER_R_TAXREVENUEPREVIOUS,COUNTRY,LBN,EMR,Eastern Mediterranean,YEAR,2024,TOBACCO_INDICATOR,TOBACCO_INDICATOR_Rev_type_prev,,,,,,,All Tobacco Products,,,,,2025-08-12T08:52:39Z,2024,2024-01-01,2024-12-31
6921904,TOBACCO_MPOWER_R_TAXREVENUEPREVIOUS,COUNTRY,SRB,EUR,Europe,YEAR,2024,TOBACCO_INDICATOR,TOBACCO_INDICATOR_Rev_import_prev,,,,,,,. . .,,,,,2025-08-12T08:52:39Z,2024,2024-01-01,2024-12-31
6923256,TOBACCO_MPOWER_R_TAXREVENUEPREVIOUS,COUNTRY,GRD,AMR,Americas,YEAR,2024,TOBACCO_INDICATOR,TOBACCO_INDICATOR_Rev_govt_total_prev,,,,,,,11 266 648,11266647.81,,,,2025-08-12T08:52:39Z,2024,2024-01-01,2024-12-31
6929231,TOBACCO_MPOWER_R_TAXREVENUEPREVIOUS,COUNTRY,NOR,EUR,Europe,YEAR,2024,TOBACCO_INDICATOR,TOBACCO_INDICATOR_Rev_other_prev,,,,,,,. . .,,,,,2025-08-12T08:52:39Z,2024,2024-01-01,2024-12-31
6937765,TOBACCO_MPOWER_R_TAXREVENUEPREVIOUS,COUNTRY,CHN,WPR,Western Pacific,YEAR,2024,TOBACCO_INDICATOR,TOBACCO_INDICATOR_Rev_curr_prev,,,,,,,CNY,,,,,2025-08-12T08:52:39Z,2024,2024-01-01,2024-12-31
6968399,TOBACCO_MPOWER_R_TAXREVENUEPREVIOUS,COUNTRY,KWT,EMR,Eastern Mediterranean,YEAR,2024,TOBACCO_INDICATOR,TOBACCO_INDICATOR_Rev_type_prev,,,,,,,All Tobacco products,,,,,2025-08-12T08:52:39Z,2024,2024-01-01,2024-12-31
6976212,TOBACCO_MPOWER_R_TAXREVENUEPREVIOUS,COUNTRY,PAN,AMR,Americas,YEAR,2024,TOBACCO_INDICATOR,TOBACCO_INDICATOR_Rev_excise_prev,,,,,,,16 834 523,16834522.53,,,,2025-08-12T08:52:39Z,2024,2024-01-01,2024-12-31
6980326,TOBACCO_MPOWER_R_TAXREVENUEPREVIOUS,COUNTRY,ZMB,AFR,Africa,YEAR,2024,TOBACCO_INDICATOR,TOBACCO_INDICATOR_Rev_other_prev,,,,,,,809 072,809072,,,,2025-08-12T08:52:39Z,2024,2024-01-01,2024-12-31
6982257,TOBACCO_MPOWER_R_TAXREVENUEPREVIOUS,COUNTRY,AND,EUR,Europe,YEAR,2024,TOBACCO_INDICATOR,TOBACCO_INDICATOR_Rev_year_prev,,,,,,,2022,,,,,2025-08-12T15:11:05Z,2024,2024-01-01,2024-12-31
6990870,TOBACCO_MPOWER_R_TAXREVENUEPREVIOUS,COUNTRY,JPN,WPR,Western Pacific,YEAR,2024,TOBACCO_INDICATOR,TOBACCO_INDICATOR_Rev_year_prev,,,,,,,2020/2021,,,,,2025-08-12T08:52:39Z,2024,2024-01-01,2024-12-31
7013053,TOBACCO_MPOWER_R_TAXREVENUEPREVIOUS,COUNTRY,BHS,AMR,Americas,YEAR,2024,TOBACCO_INDICATOR,TOBACCO_INDICATOR_Rev_VAT_prev,,,,,,,2 282 547,2282546.6,,,,2025-08-12T08:52:39Z,2024,2024-01-01,2024-12-31
7021411,TOBACCO_MPOWER_R_TAXREVENUEPREVIOUS,COUNTRY,PNG,WPR,Western Pacific,YEAR,2024,TOBACCO_INDICATOR,TOBACCO_INDICATOR_Rev_import_prev,,,,,,,. . .,,,,,2025-08-12T08:52:39Z,2024,2024-01-01,2024-12-31
7026854,TOBACCO_MPOWER_R_TAXREVENUEPREVIOUS,COUNTRY,BHR,EMR,Eastern Mediterranean,YEAR,2024,TOBACCO_INDICATOR,TOBACCO_INDICATOR_Rev_VAT_prev,,,,,,,—,,,,,2025-08-12T08:52:39Z,2024,2024-01-01,2024-12-31
7030149,TOBACCO_MPOWER_R_TAXREVENUEPREVIOUS,COUNTRY,IRN,EMR,Eastern Mediterranean,YEAR,2024,TOBACCO_INDICATOR,TOBACCO_INDICATOR_Rev_import_prev,,,,,,,0,0,,,,2025-08-12T08:52:39Z,2024,2024-01-01,2024-12-31
7031101,TOBACCO_MPOWER_R_TAXREVENUEPREVIOUS,COUNTRY,BTN,SEAR,South-East Asia,YEAR,2024,TOBACCO_INDICATOR,TOBACCO_INDICATOR_Rev_curr_prev,,,,,,,BTN,,,,,2025-08-12T08:52:39Z,2024,2024-01-01,2024-12-31
7060309,TOBACCO_MPOWER_R_TAXREVENUEPREVIOUS,COUNTRY,SWZ,AFR,Africa,YEAR,2024,TOBACCO_INDICATOR,TOBACCO_INDICATOR_Rev_govt_total_prev,,,,,,,30 654 960,30654959.97,,,,2025-08-12T08:52:39Z,2024,2024-01-01,2024-12-31
7084424,TOBACCO_MPOWER_R_TAXREVENUEPREVIOUS,COUNTRY,SUR,AMR,Americas,YEAR,2024,TOBACCO_INDICATOR,TOBACCO_INDICATOR_Rev_other_prev,,,,,,,168 266,168266.48,,,,2025-08-12T08:52:39Z,2024,2024-01-01,2024-12-31
7107319,TOBACCO_MPOWER_R_TAXREVENUEPREVIOUS,COUNTRY,HND,AMR,Americas,YEAR,2024,TOBACCO_INDICATOR,TOBACCO_INDICATOR_Rev_govt_total_prev,,,,,,,44 774 390,44774390.16,,,,2025-08-12T08:52:39Z,2024,2024-01-01,2024-12-31
7120062,TOBACCO_MPOWER_R_TAXREVENUEPREVIOUS,COUNTRY,SOM,EMR,Eastern Mediterranean,YEAR,2024,TOBACCO_INDICATOR,TOBACCO_INDICATOR_Rev_type_prev,,,,,,,Cigarettes,,,,,2025-08-12T08:52:39Z,2024,2024-01-01,2024-12-31
7122321,TOBACCO_MPOWER_R_TAXREVENUEPREVIOUS,COUNTRY,NIU,WPR,Western Pacific,YEAR,2024,TOBACCO_INDICATOR,TOBACCO_INDICATOR_Rev_curr_prev,,,,,,,NZD,,,,,2025-08-12T08:52:39Z,2024,2024-01-01,2024-12-31
7125099,TOBACCO_MPOWER_R_TAXREVENUEPREVIOUS,COUNTRY,NOR,EUR,Europe,YEAR,2024,TOBACCO_INDICATOR,TOBACCO_INDICATOR_Rev_curr_prev,,,,,,,NOK,,,,,2025-08-12T08:52:39Z,2024,2024-01-01,2024-12-31
7137686,TOBACCO_MPOWER_R_TAXREVENUEPREVIOUS,COUNTRY,IND,SEAR,South-East Asia,YEAR,2024,TOBACCO_INDICATOR,TOBACCO_INDICATOR_Rev_other_prev,,,,,,,. . .,,,,,2025-08-12T08:52:39Z,2024,2024-01-01,2024-12-31
7143818,TOBACCO_MPOWER_R_TAXREVENUEPREVIOUS,COUNTRY,UGA,AFR,Africa,YEAR,2024,TOBACCO_INDICATOR,TOBACCO_INDICATOR_Rev_other_prev,,,,,,,. . .,,,,,2025-08-12T08:52:39Z,2024,2024-01-01,2024-12-31
7144004,TOBACCO_MPOWER_R_TAXREVENUEPREVIOUS,COUNTRY,ISR,EUR,Europe,YEAR,2024,TOBACCO_INDICATOR,TOBACCO_INDICATOR_Rev_VAT_prev,,,,,,,. . .,,,,,2025-08-12T08:52:39Z,2024,2024-01-01,2024-12-31
7151477,TOBACCO_MPOWER_R_TAXREVENUEPREVIOUS,COUNTRY,PHL,WPR,Western Pacific,YEAR,2024,TOBACCO_INDICATOR,TOBACCO_INDICATOR_Rev_VAT_prev,,,,,,,. . .,,,,,2025-08-12T08:52:39Z,2024,2024-01-01,2024-12-31
7154939,TOBACCO_MPOWER_R_TAXREVENUEPREVIOUS,COUNTRY,UGA,AFR,Africa,YEAR,2024,TOBACCO_INDICATOR,TOBACCO_INDICATOR_Rev_import_prev,,,,,,,. . .,,,,,2025-08-12T08:52:39Z,2024,2024-01-01,2024-12-31
7163047,TOBACCO_MPOWER_R_TAXREVENUEPREVIOUS,COUNTRY,CIV,AFR,Africa,YEAR,2024,TOBACCO_INDICATOR,TOBACCO_INDICATOR_Rev_curr_prev,,,,,,,XOF,,,,,2025-08-12T08:52:39Z,2024,2024-01-01,2024-12-31
7165799,TOBACCO_MPOWER_R_TAXREVENUEPREVIOUS,COUNTRY,BLZ,AMR,Americas,YEAR,2024,TOBACCO_INDICATOR,TOBACCO_INDICATOR_Rev_type_prev,,,,,,,All Tobacco products,,,,,2025-08-12T08:52:39Z,2024,2024-01-01,2024-12-31
7175002,TOBACCO_MPOWER_R_TAXREVENUEPREVIOUS,COUNTRY,BWA,AFR,Africa,YEAR,2024,TOBACCO_INDICATOR,TOBACCO_INDICATOR_Rev_curr_prev,,,,,,,BWP,,,,,2025-08-12T08:52:39Z,2024,2024-01-01,2024-12-31
7183167,TOBACCO_MPOWER_R_TAXREVENUEPREVIOUS,COUNTRY,GUY,AMR,Americas,YEAR,2024,TOBACCO_INDICATOR,TOBACCO_INDICATOR_Rev_excise_prev,,,,,,,1 118 034 895,1118034895,,,,2025-08-12T08:52:39Z,2024,2024-01-01,2024-12-31
7183317,TOBACCO_MPOWER_R_TAXREVENUEPREVIOUS,COUNTRY,SDN,EMR,Eastern Mediterranean,YEAR,2024,TOBACCO_INDICATOR,TOBACCO_INDICATOR_Rev_other_prev,,,,,,,. . .,,,,,2025-08-12T08:52:39Z,2024,2024-01-01,2024-12-31
7189463,TOBACCO_MPOWER_R_TAXREVENUEPREVIOUS,COUNTRY,LTU,EUR,Europe,YEAR,2024,TOBACCO_INDICATOR,TOBACCO_INDICATOR_Rev_year_prev,,,,,,,2022,,,,,2025-08-12T15:11:05Z,2024,2024-01-01,2024-12-31
7196415,TOBACCO_MPOWER_R_TAXREVENUEPREVIOUS,COUNTRY,CIV,AFR,Africa,YEAR,2024,TOBACCO_INDICATOR,TOBACCO_INDICATOR_Rev_excise_prev,,,,,,,. . .,,,,,2025-08-12T08:52:39Z,2024,2024-01-01,2024-12-31
7209495,TOBACCO_MPOWER_R_TAXREVENUEPREVIOUS,COUNTRY,BOL,AMR,Americas,YEAR,2024,TOBACCO_INDICATOR,TOBACCO_INDICATOR_Rev_type_prev,,,,,,,All Tobacco products,,,,,2025-08-12T08:52:39Z,2024,2024-01-01,2024-12-31
7217689,TOBACCO_MPOWER_R_TAXREVENUEPREVIOUS,COUNTRY,PRT,EUR,Europe,YEAR,2024,TOBACCO_INDICATOR,TOBACCO_INDICATOR_Rev_curr_prev,,,,,,,EUR,,,,,2025-08-12T08:52:39Z,2024,2024-01-01,2024-12-31
7224860,TOBACCO_MPOWER_R_TAXREVENUEPREVIOUS,COUNTRY,NLD,EUR,Europe,YEAR,2024,TOBACCO_INDICATOR,TOBACCO_INDICATOR_Rev_import_prev,,,,,,,. . .,,,,,2025-08-12T08:52:39Z,2024,2024-01-01,2024-12-31
7231139,TOBACCO_MPOWER_R_TAXREVENUEPREVIOUS,COUNTRY,LKA,SEAR,South-East Asia,YEAR,2024,TOBACCO_INDICATOR,TOBACCO_INDICATOR_Rev_other_prev,,,,,,,. . .,,,,,2025-08-12T08:52:39Z,2024,2024-01-01,2024-12-31
7231361,TOBACCO_MPOWER_R_TAXREVENUEPREVIOUS,COUNTRY,MCO,EUR,Europe,YEAR,2024,TOBACCO_INDICATOR,TOBACCO_INDICATOR_Rev_excise_prev,,,,,,,. . .,,,,,2025-08-12T08:52:39Z,2024,2024-01-01,2024-12-31
7238953,TOBACCO_MPOWER_R_TAXREVENUEPREVIOUS,COUNTRY,MLI,AFR,Africa,YEAR,2024,TOBACCO_INDICATOR,TOBACCO_INDICATOR_Rev_import_prev,,,,,,,5 243 851 354,5243851354,,,,2025-08-12T08:52:39Z,2024,2024-01-01,2024-12-31
7245249,TOBACCO_MPOWER_R_TAXREVENUEPREVIOUS,COUNTRY,HRV,EUR,Europe,YEAR,2024,TOBACCO_INDICATOR,TOBACCO_INDICATOR_Rev_VAT_prev,,,,,,,. . .,,,,,2025-08-12T08:52:39Z,2024,2024-01-01,2024-12-31
7248440,TOBACCO_MPOWER_R_TAXREVENUEPREVIOUS,COUNTRY,TTO,AMR,Americas,YEAR,2024,TOBACCO_INDICATOR,TOBACCO_INDICATOR_Rev_import_prev,,,,,,,16 961 078,16961077.55,,,,2025-08-12T08:52:39Z,2024,2024-01-01,2024-12-31
7248507,TOBACCO_MPOWER_R_TAXREVENUEPREVIOUS,COUNTRY,SSD,AFR,Africa,YEAR,2024,TOBACCO_INDICATOR,TOBACCO_INDICATOR_Rev_import_prev,,,,,,,. . .,,,,,2025-08-12T08:52:39Z,2024,2024-01-01,2024-12-31
7259430,TOBACCO_MPOWER_R_TAXREVENUEPREVIOUS,COUNTRY,FSM,WPR,Western Pacific,YEAR,2024,TOBACCO_INDICATOR,TOBACCO_INDICATOR_Rev_VAT_prev,,,,,,,. . .,,,,,2025-08-12T08:52:39Z,2024,2024-01-01,2024-12-31
7276052,TOBACCO_MPOWER_R_TAXREVENUEPREVIOUS,COUNTRY,BTN,SEAR,South-East Asia,YEAR,2024,TOBACCO_INDICATOR,TOBACCO_INDICATOR_Rev_year_prev,,,,,,,2022,,,,,2025-08-12T15:11:05Z,2024,2024-01-01,2024-12-31
7278138,TOBACCO_MPOWER_R_TAXREVENUEPREVIOUS,COUNTRY,BLZ,AMR,Americas,YEAR,2024,TOBACCO_INDICATOR,TOBACCO_INDICATOR_Rev_VAT_prev,,,,,,,2 269 720,2269719.5,,,,2025-08-12T08:52:39Z,2024,2024-01-01,2024-12-31
7280646,TOBACCO_MPOWER_R_TAXREVENUEPREVIOUS,COUNTRY,GNB,AFR,Africa,YEAR,2024,TOBACCO_INDICATOR,TOBACCO_INDICATOR_Rev_govt_total_prev,,,,,,,510 581 964,510581964,,,,2025-08-12T08:52:39Z,2024,2024-01-01,2024-12-31
7283352,TOBACCO_MPOWER_R_TAXREVENUEPREVIOUS,COUNTRY,COK,WPR,Western Pacific,YEAR,2024,TOBACCO_INDICATOR,TOBACCO_INDICATOR_Rev_govt_total_prev,,,,,,,. . .,,,,,2025-08-12T08:52:39Z,2024,2024-01-01,2024-12-31
7284294,TOBACCO_MPOWER_R_TAXREVENUEPREVIOUS,COUNTRY,TKM,EUR,Europe,YEAR,2024,TOBACCO_INDICATOR,TOBACCO_INDICATOR_Rev_curr_prev,,,,,,,. .,,,,,2025-08-12T08:52:39Z,2024,2024-01-01,2024-12-31
7290895,TOBACCO_MPOWER_R_TAXREVENUEPREVIOUS,COUNTRY,ITA,EUR,Europe,YEAR,2024,TOBACCO_INDICATOR,TOBACCO_INDICATOR_Rev_year_prev,,,,,,,2023,,,,,2025-08-12T15:11:05Z,2024,2024-01-01,2024-12-31
7291502,TOBACCO_MPOWER_R_TAXREVENUEPREVIOUS,COUNTRY,KAZ,EUR,Europe,YEAR,2024,TOBACCO_INDICATOR,TOBACCO_INDICATOR_Rev_curr_prev,,,,,,,KZT,,,,,2025-08-12T08:52:39Z,2024,2024-01-01,2024-12-31
7296238,TOBACCO_MPOWER_R_TAXREVENUEPREVIOUS,COUNTRY,KNA,AMR,Americas,YEAR,2024,TOBACCO_INDICATOR,TOBACCO_INDICATOR_Rev_import_prev,,,,,,,7093.94,7093.94,,,,2025-08-12T08:52:39Z,2024,2024-01-01,2024-12-31
7304349,TOBACCO_MPOWER_R_TAXREVENUEPREVIOUS,COUNTRY,CAN,AMR,Americas,YEAR,2024,TOBACCO_INDICATOR,TOBACCO_INDICATOR_Rev_curr_prev,,,,,,,CAD,,,,,2025-08-12T08:52:39Z,2024,2024-01-01,2024-12-31
7319200,TOBACCO_MPOWER_R_TAXREVENUEPREVIOUS,COUNTRY,FIN,EUR,Europe,YEAR,2024,TOBACCO_INDICATOR,TOBACCO_INDICATOR_Rev_import_prev,,,,,,,. . .,,,,,2025-08-12T08:52:39Z,2024,2024-01-01,2024-12-31
7320944,TOBACCO_MPOWER_R_TAXREVENUEPREVIOUS,COUNTRY,CHN,WPR,Western Pacific,YEAR,2024,TOBACCO_INDICATOR,TOBACCO_INDICATOR_Rev_govt_total_prev,,,,,,,1 102 420 000 000,1102420000000,,,,2025-08-12T15:11:05Z,2024,2024-01-01,2024-12-31
7356922,TOBACCO_MPOWER_R_TAXREVENUEPREVIOUS,COUNTRY,KAZ,EUR,Europe,YEAR,2024,TOBACCO_INDICATOR,TOBACCO_INDICATOR_Rev_excise_prev,,,,,,,274 080 000 000,274080000000,,,,2025-08-12T08:52:39Z,2024,2024-01-01,2024-12-31
7364246,TOBACCO_MPOWER_R_TAXREVENUEPREVIOUS,COUNTRY,BEN,AFR,Africa,YEAR,2024,TOBACCO_INDICATOR,TOBACCO_INDICATOR_Rev_VAT_prev,,,,,,,1 017 562 210,1017562210,,,,2025-08-12T08:52:39Z,2024,2024-01-01,2024-12-31
7368403,TOBACCO_MPOWER_R_TAXREVENUEPREVIOUS,COUNTRY,KEN,AFR,Africa,YEAR,2024,TOBACCO_INDICATOR,TOBACCO_INDICATOR_Rev_year_prev,,,,,,,2016/2017,,,,,2025-08-12T08:52:39Z,2024,2024-01-01,2024-12-31
7370431,TOBACCO_MPOWER_R_TAXREVENUEPREVIOUS,COUNTRY,COL,AMR,Americas,YEAR,2024,TOBACCO_INDICATOR,TOBACCO_INDICATOR_Rev_import_prev,,,,,,,. . .,,,,,2025-08-12T08:52:39Z,2024,2024-01-01,2024-12-31
7371009,TOBACCO_MPOWER_R_TAXREVENUEPREVIOUS,COUNTRY,LBN,EMR,Eastern Mediterranean,YEAR,2024,TOBACCO_INDICATOR,TOBACCO_INDICATOR_Rev_year_prev,,,,,,,2016,,,,,2025-08-12T15:11:05Z,2024,2024-01-01,2024-12-31
7371615,TOBACCO_MPOWER_R_TAXREVENUEPREVIOUS,COUNTRY,ARM,EUR,Europe,YEAR,2024,TOBACCO_INDICATOR,TOBACCO_INDICATOR_Rev_curr_prev,,,,,,,AMD,,,,,2025-08-12T08:52:39Z,2024,2024-01-01,2024-12-31
7373480,TOBACCO_MPOWER_R_TAXREVENUEPREVIOUS,COUNTRY,VEN,AMR,Americas,YEAR,2024,TOBACCO_INDICATOR,TOBACCO_INDICATOR_Rev_type_prev,,,,,,,Cigarettes only,,,,Data not validated by the national authorities.,2025-08-12T08:52:39Z,2024,2024-01-01,2024-12-31
7377265,TOBACCO_MPOWER_R_TAXREVENUEPREVIOUS,COUNTRY,CHL,AMR,Americas,YEAR,2024,TOBACCO_INDICATOR,TOBACCO_INDICATOR_Rev_curr_prev,,,,,,,CLP,,,,,2025-08-12T08:52:39Z,2024,2024-01-01,2024-12-31
7392109,TOBACCO_MPOWER_R_TAXREVENUEPREVIOUS,COUNTRY,ITA,EUR,Europe,YEAR,2024,TOBACCO_INDICATOR,TOBACCO_INDICATOR_Rev_import_prev,,,,,,,. . .,,,,,2025-08-12T08:52:39Z,2024,2024-01-01,2024-12-31
7399439,TOBACCO_MPOWER_R_TAXREVENUEPREVIOUS,COUNTRY,BHS,AMR,Americas,YEAR,2024,TOBACCO_INDICATOR,TOBACCO_INDICATOR_Rev_year_prev,,,,,,,2018,,,,,2025-08-12T15:11:05Z,2024,2024-01-01,2024-12-31
7403262,TOBACCO_MPOWER_R_TAXREVENUEPREVIOUS,COUNTRY,RWA,AFR,Africa,YEAR,2024,TOBACCO_INDICATOR,TOBACCO_INDICATOR_Rev_govt_total_prev,,,,,,,17 696 102 261,17696102261,,,,2025-08-12T08:52:39Z,2024,2024-01-01,2024-12-31
7415132,TOBACCO_MPOWER_R_TAXREVENUEPREVIOUS,COUNTRY,FSM,WPR,Western Pacific,YEAR,2024,TOBACCO_INDICATOR,TOBACCO_INDICATOR_Rev_year_prev,,,,,,,2017,,,,,2025-08-12T15:11:05Z,2024,2024-01-01,2024-12-31
7441359,TOBACCO_MPOWER_R_TAXREVENUEPREVIOUS,COUNTRY,TON,WPR,Western Pacific,YEAR,2024,TOBACCO_INDICATOR,TOBACCO_INDICATOR_Rev_type_prev,,,,,,,All Tobacco products,,,,,2025-08-12T08:52:39Z,2024,2024-01-01,2024-12-31
7441911,TOBACCO_MPOWER_R_TAXREVENUEPREVIOUS,COUNTRY,GNB,AFR,Africa,YEAR,2024,TOBACCO_INDICATOR,TOBACCO_INDICATOR_Rev_other_prev,,,,,,,0,0,,,,2025-08-12T08:52:39Z,2024,2024-01-01,2024-12-31
7443717,TOBACCO_MPOWER_R_TAXREVENUEPREVIOUS,COUNTRY,AUS,WPR,Western Pacific,YEAR,2024,TOBACCO_INDICATOR,TOBACCO_INDICATOR_Rev_VAT_prev,,,,,,,1 988 500 000,1988500000,,,,2025-08-12T08:52:39Z,2024,2024-01-01,2024-12-31
7450255,TOBACCO_MPOWER_R_TAXREVENUEPREVIOUS,COUNTRY,MLT,EUR,Europe,YEAR,2024,TOBACCO_INDICATOR,TOBACCO_INDICATOR_Rev_govt_total_prev,,,,,,,. . .,,,,,2025-08-12T08:52:39Z,2024,2024-01-01,2024-12-31
7455024,TOBACCO_MPOWER_R_TAXREVENUEPREVIOUS,COUNTRY,AZE,EUR,Europe,YEAR,2024,TOBACCO_INDICATOR,TOBACCO_INDICATOR_Rev_other_prev,,,,,,,. . .,,,,,2025-08-12T08:52:39Z,2024,2024-01-01,2024-12-31
7480663,TOBACCO_MPOWER_R_TAXREVENUEPREVIOUS,COUNTRY,BGR,EUR,Europe,YEAR,2024,TOBACCO_INDICATOR,TOBACCO_INDICATOR_Rev_import_prev,,,,,,,. . .,,,,,2025-08-12T08:52:39Z,2024,2024-01-01,2024-12-31
7487666,TOBACCO_MPOWER_R_TAXREVENUEPREVIOUS,COUNTRY,MCO,EUR,Europe,YEAR,2024,TOBACCO_INDICATOR,TOBACCO_INDICATOR_Rev_year_prev,,,,,,,. . .,,,,,2025-08-12T08:52:39Z,2024,2024-01-01,2024-12-31
7489650,TOBACCO_MPOWER_R_TAXREVENUEPREVIOUS,COUNTRY,NPL,SEAR,South-East Asia,YEAR,2024,TOBACCO_INDICATOR,TOBACCO_INDICATOR_Rev_VAT_prev,,,,,,,. . .,,,,,2025-08-12T08:52:39Z,2024,2024-01-01,2024-12-31
7490197,TOBACCO_MPOWER_R_TAXREVENUEPREVIOUS,COUNTRY,PAN,AMR,Americas,YEAR,2024,TOBACCO_INDICATOR,TOBACCO_INDICATOR_Rev_year_prev,,,,,,,2021,,,,,2025-08-12T15:11:05Z,2024,2024-01-01,2024-12-31
7515926,TOBACCO_MPOWER_R_TAXREVENUEPREVIOUS,COUNTRY,OMN,EMR,Eastern Mediterranean,YEAR,2024,TOBACCO_INDICATOR,TOBACCO_INDICATOR_Rev_other_prev,,,,,,,0,0,,,,2025-08-12T08:52:39Z,2024,2024-01-01,2024-12-31
7535371,TOBACCO_MPOWER_R_TAXREVENUEPREVIOUS,COUNTRY,DNK,EUR,Europe,YEAR,2024,TOBACCO_INDICATOR,TOBACCO_INDICATOR_Rev_type_prev,,,,,,,All Tobacco products,,,,,2025-08-12T08:52:39Z,2024,2024-01-01,2024-12-31
7538026,TOBACCO_MPOWER_R_TAXREVENUEPREVIOUS,COUNTRY,KNA,AMR,Americas,YEAR,2024,TOBACCO_INDICATOR,TOBACCO_INDICATOR_Rev_excise_prev,,,,,,,48 108,48108.35,,,,2025-08-12T08:52:39Z,2024,2024-01-01,2024-12-31
7539585,TOBACCO_MPOWER_R_TAXREVENUEPREVIOUS,COUNTRY,ARM,EUR,Europe,YEAR,2024,TOBACCO_INDICATOR,TOBACCO_INDICATOR_Rev_import_prev,,,,,,,121 013 243,121013243,,,,2025-08-12T08:52:39Z,2024,2024-01-01,2024-12-31
7552087,TOBACCO_MPOWER_R_TAXREVENUEPREVIOUS,COUNTRY,QAT,EMR,Eastern Mediterranean,YEAR,2024,TOBACCO_INDICATOR,TOBACCO_INDICATOR_Rev_year_prev,,,,,,,2022,,,,,2025-08-12T15:11:05Z,2024,2024-01-01,2024-12-31
7553024,TOBACCO_MPOWER_R_TAXREVENUEPREVIOUS,COUNTRY,PER,AMR,Americas,YEAR,2024,TOBACCO_INDICATOR,TOBACCO_INDICATOR_Rev_import_prev,,,,,,,202 572,202572,,,,2025-08-12T08:52:39Z,2024,2024-01-01,2024-12-31
7565669,TOBACCO_MPOWER_R_TAXREVENUEPREVIOUS,COUNTRY,BIH,EUR,Europe,YEAR,2024,TOBACCO_INDICATOR,TOBACCO_INDICATOR_Rev_curr_prev,,,,,,,BAM,,,,,2025-08-12T08:52:39Z,2024,2024-01-01,2024-12-31
7566933,TOBACCO_MPOWER_R_TAXREVENUEPREVIOUS,COUNTRY,BHR,EMR,Eastern Mediterranean,YEAR,2024,TOBACCO_INDICATOR,TOBACCO_INDICATOR_Rev_other_prev,,,,,,,0,0,,,,2025-08-12T08:52:39Z,2024,2024-01-01,2024-12-31
7570875,TOBACCO_MPOWER_R_TAXREVENUEPREVIOUS,COUNTRY,COK,WPR,Western Pacific,YEAR,2024,TOBACCO_INDICATOR,TOBACCO_INDICATOR_Rev_excise_prev,,,,,,,5 996 337,5996337,,,,2025-08-12T08:52:39Z,2024,2024-01-01,2024-12-31
7585324,TOBACCO_MPOWER_R_TAXREVENUEPREVIOUS,COUNTRY,HUN,EUR,Europe,YEAR,2024,TOBACCO_INDICATOR,TOBACCO_INDICATOR_Rev_other_prev,,,,,,,. . .,,,,,2025-08-12T08:52:39Z,2024,2024-01-01,2024-12-31
7588343,TOBACCO_MPOWER_R_TAXREVENUEPREVIOUS,COUNTRY,BHS,AMR,Americas,YEAR,2024,TOBACCO_INDICATOR,TOBACCO_INDICATOR_Rev_other_prev,,,,,,,—,,,,,2025-08-12T08:52:39Z,2024,2024-01-01,2024-12-31
7593315,TOBACCO_MPOWER_R_TAXREVENUEPREVIOUS,COUNTRY,CHN,WPR,Western Pacific,YEAR,2024,TOBACCO_INDICATOR,TOBACCO_INDICATOR_Rev_other_prev,,,,,,,252 630 000 000,252630000000,,,,2025-08-12T08:52:39Z,2024,2024-01-01,2024-12-31
7605371,TOBACCO_MPOWER_R_TAXREVENUEPREVIOUS,COUNTRY,GMB,AFR,Africa,YEAR,2024,TOBACCO_INDICATOR,TOBACCO_INDICATOR_Rev_VAT_prev,,,,,,,42 806 804,42806804,,,,2025-08-12T08:52:39Z,2024,2024-01-01,2024-12-31
7624505,TOBACCO_MPOWER_R_TAXREVENUEPREVIOUS,COUNTRY,BRN,WPR,Western Pacific,YEAR,2024,TOBACCO_INDICATOR,TOBACCO_INDICATOR_Rev_import_prev,,,,,,,0,0,,,,2025-08-12T08:52:39Z,2024,2024-01-01,2024-12-31
7627938,TOBACCO_MPOWER_R_TAXREVENUEPREVIOUS,COUNTRY,IRL,EUR,Europe,YEAR,2024,TOBACCO_INDICATOR,TOBACCO_INDICATOR_Rev_excise_prev,,,,,,,1 005 000 000,1005000000,,,,2025-08-12T08:52:39Z,2024,2024-01-01,2024-12-31
7634925,TOBACCO_MPOWER_R_TAXREVENUEPREVIOUS,COUNTRY,SMR,EUR,Europe,YEAR,2024,TOBACCO_INDICATOR,TOBACCO_INDICATOR_Rev_VAT_prev,,,,,,,. . .,,,,,2025-08-12T08:52:39Z,2024,2024-01-01,2024-12-31
7638398,TOBACCO_MPOWER_R_TAXREVENUEPREVIOUS,COUNTRY,SLV,AMR,Americas,YEAR,2024,TOBACCO_INDICATOR,TOBACCO_INDICATOR_Rev_other_prev,,,,,,,0,0,,,,2025-08-12T08:52:39Z,2024,2024-01-01,2024-12-31
7638654,TOBACCO_MPOWER_R_TAXREVENUEPREVIOUS,COUNTRY,LCA,AMR,Americas,YEAR,2024,TOBACCO_INDICATOR,TOBACCO_INDICATOR_Rev_type_prev,,,,,,,All Tobacco products,,,,,2025-08-12T08:52:39Z,2024,2024-01-01,2024-12-31
7642369,TOBACCO_MPOWER_R_TAXREVENUEPREVIOUS,COUNTRY,COG,AFR,Africa,YEAR,2024,TOBACCO_INDICATOR,TOBACCO_INDICATOR_Rev_curr_prev,,,,,,,XAF,,,,,2025-08-12T08:52:39Z,2024,2024-01-01,2024-12-31
7647116,TOBACCO_MPOWER_R_TAXREVENUEPREVIOUS,COUNTRY,BEN,AFR,Africa,YEAR,2024,TOBACCO_INDICATOR,TOBACCO_INDICATOR_Rev_year_prev,,,,,,,2019,,,,,2025-08-12T15:11:05Z,2024,2024-01-01,2024-12-31
7658201,TOBACCO_MPOWER_R_TAXREVENUEPREVIOUS,COUNTRY,MYS,WPR,Western Pacific,YEAR,2024,TOBACCO_INDICATOR,TOBACCO_INDICATOR_Rev_year_prev,,,,,,,2022,,,,,2025-08-12T15:11:05Z,2024,2024-01-01,2024-12-31
7661922,TOBACCO_MPOWER_R_TAXREVENUEPREVIOUS,COUNTRY,URY,AMR,Americas,YEAR,2024,TOBACCO_INDICATOR,TOBACCO_INDICATOR_Rev_other_prev,,,,,,,. . .,,,,,2025-08-12T08:52:39Z,2024,2024-01-01,2024-12-31
7673986,TOBACCO_MPOWER_R_TAXREVENUEPREVIOUS,COUNTRY,KGZ,EUR,Europe,YEAR,2024,TOBACCO_INDICATOR,TOBACCO_INDICATOR_Rev_year_prev,,,,,,,2018,,,,,2025-08-12T15:11:05Z,2024,2024-01-01,2024-12-31
7682415,TOBACCO_MPOWER_R_TAXREVENUEPREVIOUS,COUNTRY,UGA,AFR,Africa,YEAR,2024,TOBACCO_INDICATOR,TOBACCO_INDICATOR_Rev_type_prev,,,,,,,Cigarettes only,,,,,2025-08-12T08:52:39Z,2024,2024-01-01,2024-12-31
7683275,TOBACCO_MPOWER_R_TAXREVENUEPREVIOUS,COUNTRY,BIH,EUR,Europe,YEAR,2024,TOBACCO_INDICATOR,TOBACCO_INDICATOR_Rev_govt_total_prev,,,,,,,. . .,,,,,2025-08-12T08:52:39Z,2024,2024-01-01,2024-12-31
7684031,TOBACCO_MPOWER_R_TAXREVENUEPREVIOUS,COUNTRY,CMR,AFR,Africa,YEAR,2024,TOBACCO_INDICATOR,TOBACCO_INDICATOR_Rev_year_prev,,,,,,,2015,,,,,2025-08-12T15:11:05Z,2024,2024-01-01,2024-12-31
7686971,TOBACCO_MPOWER_R_TAXREVENUEPREVIOUS,COUNTRY,NLD,EUR,Europe,YEAR,2024,TOBACCO_INDICATOR,TOBACCO_INDICATOR_Rev_type_prev,,,,,,,All Tobacco products,,,,,2025-08-12T08:52:39Z,2024,2024-01-01,2024-12-31
7688390,TOBACCO_MPOWER_R_TAXREVENUEPREVIOUS,COUNTRY,PSE,EMR,Eastern Mediterranean,YEAR,2024,TOBACCO_INDICATOR,TOBACCO_INDICATOR_Rev_year_prev,,,,,,,2014,,,,,2025-08-12T15:11:05Z,2024,2024-01-01,2024-12-31
7695322,TOBACCO_MPOWER_R_TAXREVENUEPREVIOUS,COUNTRY,AUS,WPR,Western Pacific,YEAR,2024,TOBACCO_INDICATOR,TOBACCO_INDICATOR_Rev_curr_prev,,,,,,,AUD,,,,,2025-08-12T08:52:39Z,2024,2024-01-01,2024-12-31
7696893,TOBACCO_MPOWER_R_TAXREVENUEPREVIOUS,COUNTRY,SYR,EMR,Eastern Mediterranean,YEAR,2024,TOBACCO_INDICATOR,TOBACCO_INDICATOR_Rev_excise_prev,,,,,,,. . .,,,,,2025-08-12T08:52:39Z,2024,2024-01-01,2024-12-31
7707465,TOBACCO_MPOWER_R_TAXREVENUEPREVIOUS,COUNTRY,MUS,AFR,Africa,YEAR,2024,TOBACCO_INDICATOR,TOBACCO_INDICATOR_Rev_other_prev,,,,,,,0,0,,,,2025-08-12T08:52:39Z,2024,2024-01-01,2024-12-31
7713043,TOBACCO_MPOWER_R_TAXREVENUEPREVIOUS,COUNTRY,ISR,EUR,Europe,YEAR,2024,TOBACCO_INDICATOR,TOBACCO_INDICATOR_Rev_type_prev,,,,,,,All Tobacco products,,,,,2025-08-12T08:52:39Z,2024,2024-01-01,2024-12-31
7716261,TOBACCO_MPOWER_R_TAXREVENUEPREVIOUS,COUNTRY,EST,EUR,Europe,YEAR,2024,TOBACCO_INDICATOR,TOBACCO_INDICATOR_Rev_year_prev,,,,,,,2022,,,,,2025-08-12T15:11:05Z,2024,2024-01-01,2024-12-31
7722314,TOBACCO_MPOWER_R_TAXREVENUEPREVIOUS,COUNTRY,MAR,EMR,Eastern Mediterranean,YEAR,2024,TOBACCO_INDICATOR,TOBACCO_INDICATOR_Rev_year_prev,,,,,,,2022,,,,,2025-08-12T15:11:05Z,2024,2024-01-01,2024-12-31
7737030,TOBACCO_MPOWER_R_TAXREVENUEPREVIOUS,COUNTRY,JAM,AMR,Americas,YEAR,2024,TOBACCO_INDICATOR,TOBACCO_INDICATOR_Rev_import_prev,,,,,,,20 024 774,20024774.38,,,Data not validated by the national authorities.,2025-08-12T08:52:39Z,2024,2024-01-01,2024-12-31
7749849,TOBACCO_MPOWER_R_TAXREVENUEPREVIOUS,COUNTRY,COG,AFR,Africa,YEAR,2024,TOBACCO_INDICATOR,TOBACCO_INDICATOR_Rev_govt_total_prev,,,,,,,. . .,,,,,2025-08-12T08:52:39Z,2024,2024-01-01,2024-12-31
7752912,TOBACCO_MPOWER_R_TAXREVENUEPREVIOUS,COUNTRY,LVA,EUR,Europe,YEAR,2024,TOBACCO_INDICATOR,TOBACCO_INDICATOR_Rev_year_prev,,,,,,,2022,,,,,2025-08-12T15:11:05Z,2024,2024-01-01,2024-12-31
7761592,TOBACCO_MPOWER_R_TAXREVENUEPREVIOUS,COUNTRY,HND,AMR,Americas,YEAR,2024,TOBACCO_INDICATOR,TOBACCO_INDICATOR_Rev_import_prev,,,,,,,1 327 824,1327823.68,,,,2025-08-12T08:52:39Z,2024,2024-01-01,2024-12-31
7762996,TOBACCO_MPOWER_R_TAXREVENUEPREVIOUS,COUNTRY,KHM,WPR,Western Pacific,YEAR,2024,TOBACCO_INDICATOR,TOBACCO_INDICATOR_Rev_govt_total_prev,,,,,,,486 103 922 712,486103922712,,,,2025-08-12T15:11:05Z,2024,2024-01-01,2024-12-31
7765383,TOBACCO_MPOWER_R_TAXREVENUEPREVIOUS,COUNTRY,BRA,AMR,Americas,YEAR,2024,TOBACCO_INDICATOR,TOBACCO_INDICATOR_Rev_excise_prev,,,,,,,6 691 100 000,6691100000,,,,2025-08-12T08:52:39Z,2024,2024-01-01,2024-12-31
7768399,TOBACCO_MPOWER_R_TAXREVENUEPREVIOUS,COUNTRY,BLZ,AMR,Americas,YEAR,2024,TOBACCO_INDICATOR,TOBACCO_INDICATOR_Rev_govt_total_prev,,,,,,,8 156 006,8156005.77,,,,2025-08-12T08:52:39Z,2024,2024-01-01,2024-12-31
7772861,TOBACCO_MPOWER_R_TAXREVENUEPREVIOUS,COUNTRY,RUS,EUR,Europe,YEAR,2024,TOBACCO_INDICATOR,TOBACCO_INDICATOR_Rev_curr_prev,,,,,,,RUB,,,,,2025-08-12T08:52:39Z,2024,2024-01-01,2024-12-31
7773698,TOBACCO_MPOWER_R_TAXREVENUEPREVIOUS,COUNTRY,BRB,AMR,Americas,YEAR,2024,TOBACCO_INDICATOR,TOBACCO_INDICATOR_Rev_VAT_prev,,,,,,,. . .,,,,,2025-08-12T08:52:39Z,2024,2024-01-01,2024-12-31
7778710,TOBACCO_MPOWER_R_TAXREVENUEPREVIOUS,COUNTRY,NPL,SEAR,South-East Asia,YEAR,2024,TOBACCO_INDICATOR,TOBACCO_INDICATOR_Rev_type_prev,,,,,,,All Tobacco products,,,,,2025-08-12T08:52:39Z,2024,2024-01-01,2024-12-31
7790917,TOBACCO_MPOWER_R_TAXREVENUEPREVIOUS,COUNTRY,ZAF,AFR,Africa,YEAR,2024,TOBACCO_INDICATOR,TOBACCO_INDICATOR_Rev_import_prev,,,,,,,0,0,,,,2025-08-12T08:52:39Z,2024,2024-01-01,2024-12-31
7794539,TOBACCO_MPOWER_R_TAXREVENUEPREVIOUS,COUNTRY,NER,AFR,Africa,YEAR,2024,TOBACCO_INDICATOR,TOBACCO_INDICATOR_Rev_govt_total_prev,,,,,,,54 519 429 749,54519429749,,,,2025-08-12T08:52:39Z,2024,2024-01-01,2024-12-31
7824689,TOBACCO_MPOWER_R_TAXREVENUEPREVIOUS,COUNTRY,ESP,EUR,Europe,YEAR,2024,TOBACCO_INDICATOR,TOBACCO_INDICATOR_Rev_other_prev,,,,,,,. . .,,,,,2025-08-12T08:52:39Z,2024,2024-01-01,2024-12-31
7825210,TOBACCO_MPOWER_R_TAXREVENUEPREVIOUS,COUNTRY,IND,SEAR,South-East Asia,YEAR,2024,TOBACCO_INDICATOR,TOBACCO_INDICATOR_Rev_year_prev,,,,,,,2013/2014,,,,,2025-08-12T08:52:39Z,2024,2024-01-01,2024-12-31
7834951,TOBACCO_MPOWER_R_TAXREVENUEPREVIOUS,COUNTRY,MCO,EUR,Europe,YEAR,2024,TOBACCO_INDICATOR,TOBACCO_INDICATOR_Rev_import_prev,,,,,,,. . .,,,,,2025-08-12T08:52:39Z,2024,2024-01-01,2024-12-31
7844048,TOBACCO_MPOWER_R_TAXREVENUEPREVIOUS,COUNTRY,CUB,AMR,Americas,YEAR,2024,TOBACCO_INDICATOR,TOBACCO_INDICATOR_Rev_import_prev,,,,,,,. . .,,,,,2025-08-12T08:52:39Z,2024,2024-01-01,2024-12-31
7846748,TOBACCO_MPOWER_R_TAXREVENUEPREVIOUS,COUNTRY,TKM,EUR,Europe,YEAR,2024,TOBACCO_INDICATOR,TOBACCO_INDICATOR_Rev_import_prev,,,,,,,. . .,,,,,2025-08-12T08:52:39Z,2024,2024-01-01,2024-12-31
7850225,TOBACCO_MPOWER_R_TAXREVENUEPREVIOUS,COUNTRY,LBY,EMR,Eastern Mediterranean,YEAR,2024,TOBACCO_INDICATOR,TOBACCO_INDICATOR_Rev_type_prev,,,,,,,All Tobacco Products,,,,,2025-08-12T08:52:39Z,2024,2024-01-01,2024-12-31
7850493,TOBACCO_MPOWER_R_TAXREVENUEPREVIOUS,COUNTRY,CRI,AMR,Americas,YEAR,2024,TOBACCO_INDICATOR,TOBACCO_INDICATOR_Rev_govt_total_prev,,,,,,,48 723 413 541,48723413541,,,,2025-08-12T08:52:39Z,2024,2024-01-01,2024-12-31
7861492,TOBACCO_MPOWER_R_TAXREVENUEPREVIOUS,COUNTRY,PSE,EMR,Eastern Mediterranean,YEAR,2024,TOBACCO_INDICATOR,TOBACCO_INDICATOR_Rev_VAT_prev,,,,,,,181 495 119,181495119,,,,2025-08-12T08:52:39Z,2024,2024-01-01,2024-12-31
7862419,TOBACCO_MPOWER_R_TAXREVENUEPREVIOUS,COUNTRY,FIN,EUR,Europe,YEAR,2024,TOBACCO_INDICATOR,TOBACCO_INDICATOR_Rev_govt_total_prev,,,,,,,. . .,,,,,2025-08-12T08:52:39Z,2024,2024-01-01,2024-12-31
7874905,TOBACCO_MPOWER_R_TAXREVENUEPREVIOUS,COUNTRY,NGA,AFR,Africa,YEAR,2024,TOBACCO_INDICATOR,TOBACCO_INDICATOR_Rev_year_prev,,,,,,,2022,,,,,2025-08-12T15:11:05Z,2024,2024-01-01,2024-12-31
7879984,TOBACCO_MPOWER_R_TAXREVENUEPREVIOUS,COUNTRY,KHM,WPR,Western Pacific,YEAR,2024,TOBACCO_INDICATOR,TOBACCO_INDICATOR_Rev_curr_prev,,,,,,,KHR,,,,,2025-08-12T08:52:39Z,2024,2024-01-01,2024-12-31
7885420,TOBACCO_MPOWER_R_TAXREVENUEPREVIOUS,COUNTRY,KGZ,EUR,Europe,YEAR,2024,TOBACCO_INDICATOR,TOBACCO_INDICATOR_Rev_other_prev,,,,,,,. . .,,,,,2025-08-12T08:52:39Z,2024,2024-01-01,2024-12-31
7889522,TOBACCO_MPOWER_R_TAXREVENUEPREVIOUS,COUNTRY,GTM,AMR,Americas,YEAR,2024,TOBACCO_INDICATOR,TOBACCO_INDICATOR_Rev_curr_prev,,,,,,,GTQ,,,,,2025-08-12T08:52:39Z,2024,2024-01-01,2024-12-31
7889661,TOBACCO_MPOWER_R_TAXREVENUEPREVIOUS,COUNTRY,CAF,AFR,Africa,YEAR,2024,TOBACCO_INDICATOR,TOBACCO_INDICATOR_Rev_import_prev,,,,,,,. . .,,,,,2025-08-12T08:52:39Z,2024,2024-01-01,2024-12-31
7892023,TOBACCO_MPOWER_R_TAXREVENUEPREVIOUS,COUNTRY,LCA,AMR,Americas,YEAR,2024,TOBACCO_INDICATOR,TOBACCO_INDICATOR_Rev_year_prev,,,,,,,2022,,,,,2025-08-12T15:11:05Z,2024,2024-01-01,2024-12-31
7898603,TOBACCO_MPOWER_R_TAXREVENUEPREVIOUS,COUNTRY,QAT,EMR,Eastern Mediterranean,YEAR,2024,TOBACCO_INDICATOR,TOBACCO_INDICATOR_Rev_VAT_prev,,,,,,,0,0,,,,2025-08-12T08:52:39Z,2024,2024-01-01,2024-12-31
7900966,TOBACCO_MPOWER_R_TAXREVENUEPREVIOUS,COUNTRY,LBR,AFR,Africa,YEAR,2024,TOBACCO_INDICATOR,TOBACCO_INDICATOR_Rev_year_prev,,,,,,,2021,,,,,2025-08-12T15:11:05Z,2024,2024-01-01,2024-12-31
7916538,TOBACCO_MPOWER_R_TAXREVENUEPREVIOUS,COUNTRY,GMB,AFR,Africa,YEAR,2024,TOBACCO_INDICATOR,TOBACCO_INDICATOR_Rev_govt_total_prev,,,,,,,312 247 126,312247126,,,,2025-08-12T08:52:39Z,2024,2024-01-01,2024-12-31
7916685,TOBACCO_MPOWER_R_TAXREVENUEPREVIOUS,COUNTRY,POL,EUR,Europe,YEAR,2024,TOBACCO_INDICATOR,TOBACCO_INDICATOR_Rev_VAT_prev,,,,,,,. . .,,,,,2025-08-12T08:52:39Z,2024,2024-01-01,2024-12-31
7927775,TOBACCO_MPOWER_R_TAXREVENUEPREVIOUS,COUNTRY,CPV,AFR,Africa,YEAR,2024,TOBACCO_INDICATOR,TOBACCO_INDICATOR_Rev_other_prev,,,,,,,0,0,,,,2025-08-12T08:52:39Z,2024,2024-01-01,2024-12-31
7940842,TOBACCO_MPOWER_R_TAXREVENUEPREVIOUS,COUNTRY,DMA,AMR,Americas,YEAR,2024,TOBACCO_INDICATOR,TOBACCO_INDICATOR_Rev_other_prev,,,,,,,35 695,35694.92,,,,2025-08-12T08:52:39Z,2024,2024-01-01,2024-12-31
7942909,TOBACCO_MPOWER_R_TAXREVENUEPREVIOUS,COUNTRY,NLD,EUR,Europe,YEAR,2024,TOBACCO_INDICATOR,TOBACCO_INDICATOR_Rev_govt_total_prev,,,,,,,. . .,,,,,2025-08-12T08:52:39Z,2024,2024-01-01,2024-12-31
7950671,TOBACCO_MPOWER_R_TAXREVENUEPREVIOUS,COUNTRY,SAU,EMR,Eastern Mediterranean,YEAR,2024,TOBACCO_INDICATOR,TOBACCO_INDICATOR_Rev_govt_total_prev,,,,,,,. . .,,,,,2025-08-12T08:52:39Z,2024,2024-01-01,2024-12-31
7958892,TOBACCO_MPOWER_R_TAXREVENUEPREVIOUS,COUNTRY,ITA,EUR,Europe,YEAR,2024,TOBACCO_INDICATOR,TOBACCO_INDICATOR_Rev_other_prev,,,,,,,. . .,,,,,2025-08-12T08:52:39Z,2024,2024-01-01,2024-12-31
7966206,TOBACCO_MPOWER_R_TAXREVENUEPREVIOUS,COUNTRY,ESP,EUR,Europe,YEAR,2024,TOBACCO_INDICATOR,TOBACCO_INDICATOR_Rev_VAT_prev,,,,,,,. . .,,,,,2025-08-12T08:52:39Z,2024,2024-01-01,2024-12-31
7973631,TOBACCO_MPOWER_R_TAXREVENUEPREVIOUS,COUNTRY,MLI,AFR,Africa,YEAR,2024,TOBACCO_INDICATOR,TOBACCO_INDICATOR_Rev_VAT_prev,,,,,,,5 929 751 045,5929751044.999999,,,,2025-08-12T08:52:39Z,2024,2024-01-01,2024-12-31
7980247,TOBACCO_MPOWER_R_TAXREVENUEPREVIOUS,COUNTRY,PER,AMR,Americas,YEAR,2024,TOBACCO_INDICATOR,TOBACCO_INDICATOR_Rev_type_prev,,,,,,,All Tobacco products,,,,,2025-08-12T08:52:39Z,2024,2024-01-01,2024-12-31
7980474,TOBACCO_MPOWER_R_TAXREVENUEPREVIOUS,COUNTRY,CUB,AMR,Americas,YEAR,2024,TOBACCO_INDICATOR,TOBACCO_INDICATOR_Rev_VAT_prev,,,,,,,. . .,,,,,2025-08-12T08:52:39Z,2024,2024-01-01,2024-12-31
7980904,TOBACCO_MPOWER_R_TAXREVENUEPREVIOUS,COUNTRY,WSM,WPR,Western Pacific,YEAR,2024,TOBACCO_INDICATOR,TOBACCO_INDICATOR_Rev_curr_prev,,,,,,,WST,,,,,2025-08-12T08:52:39Z,2024,2024-01-01,2024-12-31
7984239,TOBACCO_MPOWER_R_TAXREVENUEPREVIOUS,COUNTRY,SLB,WPR,Western Pacific,YEAR,2024,TOBACCO_INDICATOR,TOBACCO_INDICATOR_Rev_curr_prev,,,,,,,SBD,,,,,2025-08-12T08:52:39Z,2024,2024-01-01,2024-12-31
7984474,TOBACCO_MPOWER_R_TAXREVENUEPREVIOUS,COUNTRY,KHM,WPR,Western Pacific,YEAR,2024,TOBACCO_INDICATOR,TOBACCO_INDICATOR_Rev_other_prev,,,,,,,10 750 006 205,10750006205,,,,2025-08-12T08:52:39Z,2024,2024-01-01,2024-12-31
7986236,TOBACCO_MPOWER_R_TAXREVENUEPREVIOUS,COUNTRY,AGO,AFR,Africa,YEAR,2024,TOBACCO_INDICATOR,TOBACCO_INDICATOR_Rev_excise_prev,,,,,,,1 538 730 053,1538730053,,,,2025-08-12T08:52:39Z,2024,2024-01-01,2024-12-31
8005833,TOBACCO_MPOWER_R_TAXREVENUEPREVIOUS,COUNTRY,SEN,AFR,Africa,YEAR,2024,TOBACCO_INDICATOR,TOBACCO_INDICATOR_Rev_VAT_prev,,,,,,,. . .,,,,,2025-08-12T08:52:39Z,2024,2024-01-01,2024-12-31
8024039,TOBACCO_MPOWER_R_TAXREVENUEPREVIOUS,COUNTRY,PAK,EMR,Eastern Mediterranean,YEAR,2024,TOBACCO_INDICATOR,TOBACCO_INDICATOR_Rev_other_prev,,,,,,,. . .,,,,,2025-08-12T08:52:39Z,2024,2024-01-01,2024-12-31
8026128,TOBACCO_MPOWER_R_TAXREVENUEPREVIOUS,COUNTRY,BHR,EMR,Eastern Mediterranean,YEAR,2024,TOBACCO_INDICATOR,TOBACCO_INDICATOR_Rev_excise_prev,,,,,,,—,,,,,2025-08-12T08:52:39Z,2024,2024-01-01,2024-12-31
8029866,TOBACCO_MPOWER_R_TAXREVENUEPREVIOUS,COUNTRY,KHM,WPR,Western Pacific,YEAR,2024,TOBACCO_INDICATOR,TOBACCO_INDICATOR_Rev_import_prev,,,,,,,69 052 000 000,69052000000,,,,2025-08-12T08:52:39Z,2024,2024-01-01,2024-12-31
8035882,TOBACCO_MPOWER_R_TAXREVENUEPREVIOUS,COUNTRY,NIU,WPR,Western Pacific,YEAR,2024,TOBACCO_INDICATOR,TOBACCO_INDICATOR_Rev_excise_prev,,,,,,,—,,,,,2025-08-12T08:52:39Z,2024,2024-01-01,2024-12-31
8036807,TOBACCO_MPOWER_R_TAXREVENUEPREVIOUS,COUNTRY,SWZ,AFR,Africa,YEAR,2024,TOBACCO_INDICATOR,TOBACCO_INDICATOR_Rev_import_prev,,,,,,,10 249,10248.81,,,,2025-08-12T08:52:39Z,2024,2024-01-01,2024-12-31
8039925,TOBACCO_MPOWER_R_TAXREVENUEPREVIOUS,COUNTRY,MNG,WPR,Western Pacific,YEAR,2024,TOBACCO_INDICATOR,TOBACCO_INDICATOR_Rev_govt_total_prev,,,,,,,. . .,,,,,2025-08-12T08:52:39Z,2024,2024-01-01,2024-12-31
8053447,TOBACCO_MPOWER_R_TAXREVENUEPREVIOUS,COUNTRY,BTN,SEAR,South-East Asia,YEAR,2024,TOBACCO_INDICATOR,TOBACCO_INDICATOR_Rev_VAT_prev,,,,,,,0,0,,,,2025-08-12T08:52:39Z,2024,2024-01-01,2024-12-31
8054698,TOBACCO_MPOWER_R_TAXREVENUEPREVIOUS,COUNTRY,IRQ,EMR,Eastern Mediterranean,YEAR,2024,TOBACCO_INDICATOR,TOBACCO_INDICATOR_Rev_excise_prev,,,,,,,. . .,,,,,2025-08-12T08:52:39Z,2024,2024-01-01,2024-12-31
8059945,TOBACCO_MPOWER_R_TAXREVENUEPREVIOUS,COUNTRY,SLB,WPR,Western Pacific,YEAR,2024,TOBACCO_INDICATOR,TOBACCO_INDICATOR_Rev_import_prev,,,,,,,44 165 522,44165522,,,,2025-08-12T08:52:39Z,2024,2024-01-01,2024-12-31
8063205,TOBACCO_MPOWER_R_TAXREVENUEPREVIOUS,COUNTRY,BLR,EUR,Europe,YEAR,2024,TOBACCO_INDICATOR,TOBACCO_INDICATOR_Rev_govt_total_prev,,,,,,,. . .,,,,,2025-08-12T08:52:39Z,2024,2024-01-01,2024-12-31
8066999,TOBACCO_MPOWER_R_TAXREVENUEPREVIOUS,COUNTRY,TUV,WPR,Western Pacific,YEAR,2024,TOBACCO_INDICATOR,TOBACCO_INDICATOR_Rev_curr_prev,,,,,,,AUD,,,,,2025-08-12T08:52:39Z,2024,2024-01-01,2024-12-31
8073980,TOBACCO_MPOWER_R_TAXREVENUEPREVIOUS,COUNTRY,GNB,AFR,Africa,YEAR,2024,TOBACCO_INDICATOR,TOBACCO_INDICATOR_Rev_excise_prev,,,,,,,. . .,,,,,2025-08-12T08:52:39Z,2024,2024-01-01,2024-12-31
8083052,TOBACCO_MPOWER_R_TAXREVENUEPREVIOUS,COUNTRY,BDI,AFR,Africa,YEAR,2024,TOBACCO_INDICATOR,TOBACCO_INDICATOR_Rev_excise_prev,,,,,,,4 291 453 680,4291453680,,,,2025-08-12T08:52:39Z,2024,2024-01-01,2024-12-31
8090768,TOBACCO_MPOWER_R_TAXREVENUEPREVIOUS,COUNTRY,PLW,WPR,Western Pacific,YEAR,2024,TOBACCO_INDICATOR,TOBACCO_INDICATOR_Rev_VAT_prev,,,,,,,. . .,,,,,2025-08-12T08:52:39Z,2024,2024-01-01,2024-12-31
8097489,TOBACCO_MPOWER_R_TAXREVENUEPREVIOUS,COUNTRY,ISR,EUR,Europe,YEAR,2024,TOBACCO_INDICATOR,TOBACCO_INDICATOR_Rev_other_prev,,,,,,,. . .,,,,,2025-08-12T08:52:39Z,2024,2024-01-01,2024-12-31
8104725,TOBACCO_MPOWER_R_TAXREVENUEPREVIOUS,COUNTRY,BRA,AMR,Americas,YEAR,2024,TOBACCO_INDICATOR,TOBACCO_INDICATOR_Rev_curr_prev,,,,,,,BRL,,,,,2025-08-12T08:52:39Z,2024,2024-01-01,2024-12-31
8107890,TOBACCO_MPOWER_R_TAXREVENUEPREVIOUS,COUNTRY,ARM,EUR,Europe,YEAR,2024,TOBACCO_INDICATOR,TOBACCO_INDICATOR_Rev_VAT_prev,,,,,,,14 061 210 666,14061210665.999998,,,,2025-08-12T08:52:39Z,2024,2024-01-01,2024-12-31
8112519,TOBACCO_MPOWER_R_TAXREVENUEPREVIOUS,COUNTRY,ATG,AMR,Americas,YEAR,2024,TOBACCO_INDICATOR,TOBACCO_INDICATOR_Rev_other_prev,,,,,,,173 654,173653.82,,,,2025-08-12T08:52:39Z,2024,2024-01-01,2024-12-31
8112944,TOBACCO_MPOWER_R_TAXREVENUEPREVIOUS,COUNTRY,FSM,WPR,Western Pacific,YEAR,2024,TOBACCO_INDICATOR,TOBACCO_INDICATOR_Rev_excise_prev,,,,,,,. . .,,,,,2025-08-12T08:52:39Z,2024,2024-01-01,2024-12-31
8112986,TOBACCO_MPOWER_R_TAXREVENUEPREVIOUS,COUNTRY,KAZ,EUR,Europe,YEAR,2024,TOBACCO_INDICATOR,TOBACCO_INDICATOR_Rev_other_prev,,,,,,,. . .,,,,,2025-08-12T08:52:39Z,2024,2024-01-01,2024-12-31
8115060,TOBACCO_MPOWER_R_TAXREVENUEPREVIOUS,COUNTRY,ARE,EMR,Eastern Mediterranean,YEAR,2024,TOBACCO_INDICATOR,TOBACCO_INDICATOR_Rev_import_prev,,,,,,,. . .,,,,,2025-08-12T08:52:39Z,2024,2024-01-01,2024-12-31
8119786,TOBACCO_MPOWER_R_TAXREVENUEPREVIOUS,COUNTRY,KEN,AFR,Africa,YEAR,2024,TOBACCO_INDICATOR,TOBACCO_INDICATOR_Rev_curr_prev,,,,,,,KES,,,,,2025-08-12T08:52:39Z,2024,2024-01-01,2024-12-31
8123921,TOBACCO_MPOWER_R_TAXREVENUEPREVIOUS,COUNTRY,DNK,EUR,Europe,YEAR,2024,TOBACCO_INDICATOR,TOBACCO_INDICATOR_Rev_curr_prev,,,,,,,EUR,,,,,2025-08-12T08:52:39Z,2024,2024-01-01,2024-12-31
8126864,TOBACCO_MPOWER_R_TAXREVENUEPREVIOUS,COUNTRY,PLW,WPR,Western Pacific,YEAR,2024,TOBACCO_INDICATOR,TOBACCO_INDICATOR_Rev_curr_prev,,,,,,,USD,,,,,2025-08-12T08:52:39Z,2024,2024-01-01,2024-12-31
8127483,TOBACCO_MPOWER_R_TAXREVENUEPREVIOUS,COUNTRY,NER,AFR,Africa,YEAR,2024,TOBACCO_INDICATOR,TOBACCO_INDICATOR_Rev_type_prev,,,,,,,All Tobacco products,,,,,2025-08-12T08:52:39Z,2024,2024-01-01,2024-12-31
8131973,TOBACCO_MPOWER_R_TAXREVENUEPREVIOUS,COUNTRY,KOR,WPR,Western Pacific,YEAR,2024,TOBACCO_INDICATOR,TOBACCO_INDICATOR_Rev_other_prev,,,,,,,0,0,,,,2025-08-12T08:52:39Z,2024,2024-01-01,2024-12-31
8150085,TOBACCO_MPOWER_R_TAXREVENUEPREVIOUS,COUNTRY,SYR,EMR,Eastern Mediterranean,YEAR,2024,TOBACCO_INDICATOR,TOBACCO_INDICATOR_Rev_other_prev,,,,,,,. . .,,,,,2025-08-12T08:52:39Z,2024,2024-01-01,2024-12-31
8150976,TOBACCO_MPOWER_R_TAXREVENUEPREVIOUS,COUNTRY,SUR,AMR,Americas,YEAR,2024,TOBACCO_INDICATOR,TOBACCO_INDICATOR_Rev_type_prev,,,,,,,All Tobacco products,,,,,2025-08-12T08:52:39Z,2024,2024-01-01,2024-12-31
8151977,TOBACCO_MPOWER_R_TAXREVENUEPREVIOUS,COUNTRY,BWA,AFR,Africa,YEAR,2024,TOBACCO_INDICATOR,TOBACCO_INDICATOR_Rev_import_prev,,,,,,,88.75,88.75,,,,2025-08-12T08:52:39Z,2024,2024-01-01,2024-12-31
8155982,TOBACCO_MPOWER_R_TAXREVENUEPREVIOUS,COUNTRY,BHS,AMR,Americas,YEAR,2024,TOBACCO_INDICATOR,TOBACCO_INDICATOR_Rev_excise_prev,,,,,,,14 931 555,14931555.2,,,,2025-08-12T08:52:39Z,2024,2024-01-01,2024-12-31
8156120,TOBACCO_MPOWER_R_TAXREVENUEPREVIOUS,COUNTRY,ARM,EUR,Europe,YEAR,2024,TOBACCO_INDICATOR,TOBACCO_INDICATOR_Rev_other_prev,,,,,,,0,0,,,,2025-08-12T08:52:39Z,2024,2024-01-01,2024-12-31
8168200,TOBACCO_MPOWER_R_TAXREVENUEPREVIOUS,COUNTRY,PRY,AMR,Americas,YEAR,2024,TOBACCO_INDICATOR,TOBACCO_INDICATOR_Rev_govt_total_prev,,,,,,,393 846 835 631,393846835631,,,,2025-08-12T15:11:05Z,2024,2024-01-01,2024-12-31
8181479,TOBACCO_MPOWER_R_TAXREVENUEPREVIOUS,COUNTRY,LBR,AFR,Africa,YEAR,2024,TOBACCO_INDICATOR,TOBACCO_INDICATOR_Rev_import_prev,,,,,,,12 783,12783,,,,2025-08-12T08:52:39Z,2024,2024-01-01,2024-12-31
8186574,TOBACCO_MPOWER_R_TAXREVENUEPREVIOUS,COUNTRY,ROU,EUR,Europe,YEAR,2024,TOBACCO_INDICATOR,TOBACCO_INDICATOR_Rev_govt_total_prev,,,,,,,. . .,,,,,2025-08-12T08:52:39Z,2024,2024-01-01,2024-12-31
8207231,TOBACCO_MPOWER_R_TAXREVENUEPREVIOUS,COUNTRY,KAZ,EUR,Europe,YEAR,2024,TOBACCO_INDICATOR,TOBACCO_INDICATOR_Rev_year_prev,,,,,,,2022,,,,,2025-08-12T15:11:05Z,2024,2024-01-01,2024-12-31
8210464,TOBACCO_MPOWER_R_TAXREVENUEPREVIOUS,COUNTRY,TJK,EUR,Europe,YEAR,2024,TOBACCO_INDICATOR,TOBACCO_INDICATOR_Rev_type_prev,,,,,,,All tobacco products,,,,,2025-08-12T08:52:39Z,2024,2024-01-01,2024-12-31
8218848,TOBACCO_MPOWER_R_TAXREVENUEPREVIOUS,COUNTRY,BDI,AFR,Africa,YEAR,2024,TOBACCO_INDICATOR,TOBACCO_INDICATOR_Rev_type_prev,,,,,,,All Tobacco products,,,,,2025-08-12T08:52:39Z,2024,2024-01-01,2024-12-31
8221080,TOBACCO_MPOWER_R_TAXREVENUEPREVIOUS,COUNTRY,PLW,WPR,Western Pacific,YEAR,2024,TOBACCO_INDICATOR,TOBACCO_INDICATOR_Rev_govt_total_prev,,,,,,,. . .,,,,,2025-08-12T08:52:39Z,2024,2024-01-01,2024-12-31
8222460,TOBACCO_MPOWER_R_TAXREVENUEPREVIOUS,COUNTRY,VNM,WPR,Western Pacific,YEAR,2024,TOBACCO_INDICATOR,TOBACCO_INDICATOR_Rev_import_prev,,,,,,,55 280 243 678,55280243678,,,,2025-08-12T08:52:39Z,2024,2024-01-01,2024-12-31
8223778,TOBACCO_MPOWER_R_TAXREVENUEPREVIOUS,COUNTRY,DEU,EUR,Europe,YEAR,2024,TOBACCO_INDICATOR,TOBACCO_INDICATOR_Rev_govt_total_prev,,,,,,,. . .,,,,,2025-08-12T08:52:39Z,2024,2024-01-01,2024-12-31
8224019,TOBACCO_MPOWER_R_TAXREVENUEPREVIOUS,COUNTRY,ECU,AMR,Americas,YEAR,2024,TOBACCO_INDICATOR,TOBACCO_INDICATOR_Rev_govt_total_prev,,,,,,,. . .,,,,,2025-08-12T08:52:39Z,2024,2024-01-01,2024-12-31
8243013,TOBACCO_MPOWER_R_TAXREVENUEPREVIOUS,COUNTRY,GNB,AFR,Africa,YEAR,2024,TOBACCO_INDICATOR,TOBACCO_INDICATOR_Rev_curr_prev,,,,,,,XOF,,,,,2025-08-12T08:52:39Z,2024,2024-01-01,2024-12-31
8245828,TOBACCO_MPOWER_R_TAXREVENUEPREVIOUS,COUNTRY,KEN,AFR,Africa,YEAR,2024,TOBACCO_INDICATOR,TOBACCO_INDICATOR_Rev_type_prev,,,,,,,Cigarettes only,,,,,2025-08-12T08:52:39Z,2024,2024-01-01,2024-12-31
8253267,TOBACCO_MPOWER_R_TAXREVENUEPREVIOUS,COUNTRY,NGA,AFR,Africa,YEAR,2024,TOBACCO_INDICATOR,TOBACCO_INDICATOR_Rev_VAT_prev,,,,,,,. . .,,,,,2025-08-12T08:52:39Z,2024,2024-01-01,2024-12-31
8254742,TOBACCO_MPOWER_R_TAXREVENUEPREVIOUS,COUNTRY,GIN,AFR,Africa,YEAR,2024,TOBACCO_INDICATOR,TOBACCO_INDICATOR_Rev_govt_total_prev,,,,,,,274 752 080 361,274752080361,,,,2025-08-12T15:11:05Z,2024,2024-01-01,2024-12-31
8255086,TOBACCO_MPOWER_R_TAXREVENUEPREVIOUS,COUNTRY,UKR,EUR,Europe,YEAR,2024,TOBACCO_INDICATOR,TOBACCO_INDICATOR_Rev_curr_prev,,,,,,,UAH,,,,,2025-08-12T08:52:39Z,2024,2024-01-01,2024-12-31
8256505,TOBACCO_MPOWER_R_TAXREVENUEPREVIOUS,COUNTRY,NPL,SEAR,South-East Asia,YEAR,2024,TOBACCO_INDICATOR,TOBACCO_INDICATOR_Rev_import_prev,,,,,,,. . .,,,,,2025-08-12T08:52:39Z,2024,2024-01-01,2024-12-31
8262037,TOBACCO_MPOWER_R_TAXREVENUEPREVIOUS,COUNTRY,HRV,EUR,Europe,YEAR,2024,TOBACCO_INDICATOR,TOBACCO_INDICATOR_Rev_excise_prev,,,,,,,852 489 000,852489000,,,,2025-08-12T08:52:39Z,2024,2024-01-01,2024-12-31
8263854,TOBACCO_MPOWER_R_TAXREVENUEPREVIOUS,COUNTRY,SRB,EUR,Europe,YEAR,2024,TOBACCO_INDICATOR,TOBACCO_INDICATOR_Rev_excise_prev,,,,,,,105 932 000 000,105932000000,,,,2025-08-12T08:52:39Z,2024,2024-01-01,2024-12-31
8266809,TOBACCO_MPOWER_R_TAXREVENUEPREVIOUS,COUNTRY,BHS,AMR,Americas,YEAR,2024,TOBACCO_INDICATOR,TOBACCO_INDICATOR_Rev_import_prev,,,,,,,—,,,,,2025-08-12T08:52:39Z,2024,2024-01-01,2024-12-31
8271976,TOBACCO_MPOWER_R_TAXREVENUEPREVIOUS,COUNTRY,MMR,SEAR,South-East Asia,YEAR,2024,TOBACCO_INDICATOR,TOBACCO_INDICATOR_Rev_year_prev,,,,,,,2021,,,,,2025-08-12T15:11:05Z,2024,2024-01-01,2024-12-31
8277274,TOBACCO_MPOWER_R_TAXREVENUEPREVIOUS,COUNTRY,SVK,EUR,Europe,YEAR,2024,TOBACCO_INDICATOR,TOBACCO_INDICATOR_Rev_type_prev,,,,,,,All Tobacco products,,,,,2025-08-12T08:52:39Z,2024,2024-01-01,2024-12-31
8289289,TOBACCO_MPOWER_R_TAXREVENUEPREVIOUS,COUNTRY,ISL,EUR,Europe,YEAR,2024,TOBACCO_INDICATOR,TOBACCO_INDICATOR_Rev_type_prev,,,,,,,All Tobacco products,,,,,2025-08-12T08:52:39Z,2024,2024-01-01,2024-12-31
8294290,TOBACCO_MPOWER_R_TAXREVENUEPREVIOUS,COUNTRY,MDV,SEAR,South-East Asia,YEAR,2024,TOBACCO_INDICATOR,TOBACCO_INDICATOR_Rev_excise_prev,,,,,,,. . .,,,,,2025-08-12T08:52:39Z,2024,2024-01-01,2024-12-31
8296667,TOBACCO_MPOWER_R_TAXREVENUEPREVIOUS,COUNTRY,NLD,EUR,Europe,YEAR,2024,TOBACCO_INDICATOR,TOBACCO_INDICATOR_Rev_excise_prev,,,,,,,3 980 000 000,3980000000,,,,2025-08-12T08:52:39Z,2024,2024-01-01,2024-12-31
8299890,TOBACCO_MPOWER_R_TAXREVENUEPREVIOUS,COUNTRY,DOM,AMR,Americas,YEAR,2024,TOBACCO_INDICATOR,TOBACCO_INDICATOR_Rev_govt_total_prev,,,,,,,. . .,,,,,2025-08-12T08:52:39Z,2024,2024-01-01,2024-12-31
8301050,TOBACCO_MPOWER_R_TAXREVENUEPREVIOUS,COUNTRY,TCD,AFR,Africa,YEAR,2024,TOBACCO_INDICATOR,TOBACCO_INDICATOR_Rev_other_prev,,,,,,,. . .,,,,,2025-08-12T08:52:39Z,2024,2024-01-01,2024-12-31
8301434,TOBACCO_MPOWER_R_TAXREVENUEPREVIOUS,COUNTRY,NGA,AFR,Africa,YEAR,2024,TOBACCO_INDICATOR,TOBACCO_INDICATOR_Rev_import_prev,,,,,,,6 514 112 528,6514112528,,,,2025-08-12T08:52:39Z,2024,2024-01-01,2024-12-31
8304577,TOBACCO_MPOWER_R_TAXREVENUEPREVIOUS,COUNTRY,QAT,EMR,Eastern Mediterranean,YEAR,2024,TOBACCO_INDICATOR,TOBACCO_INDICATOR_Rev_excise_prev,,,,,,,846 014 381,846014381,,,,2025-08-12T08:52:39Z,2024,2024-01-01,2024-12-31
8321756,TOBACCO_MPOWER_R_TAXREVENUEPREVIOUS,COUNTRY,CHL,AMR,Americas,YEAR,2024,TOBACCO_INDICATOR,TOBACCO_INDICATOR_Rev_govt_total_prev,,,,,,,. . .,,,,,2025-08-12T08:52:39Z,2024,2024-01-01,2024-12-31
8331510,TOBACCO_MPOWER_R_TAXREVENUEPREVIOUS,COUNTRY,MCO,EUR,Europe,YEAR,2024,TOBACCO_INDICATOR,TOBACCO_INDICATOR_Rev_govt_total_prev,,,,,,,. . .,,,,,2025-08-12T08:52:39Z,2024,2024-01-01,2024-12-31
8331905,TOBACCO_MPOWER_R_TAXREVENUEPREVIOUS,COUNTRY,ISR,EUR,Europe,YEAR,2024,TOBACCO_INDICATOR,TOBACCO_INDICATOR_Rev_curr_prev,,,,,,,ILS,,,,,2025-08-12T08:52:39Z,2024,2024-01-01,2024-12-31
8335919,TOBACCO_MPOWER_R_TAXREVENUEPREVIOUS,COUNTRY,COM,AFR,Africa,YEAR,2024,TOBACCO_INDICATOR,TOBACCO_INDICATOR_Rev_type_prev,,,,,,,Cigarettes only,,,,,2025-08-12T08:52:39Z,2024,2024-01-01,2024-12-31
8337980,TOBACCO_MPOWER_R_TAXREVENUEPREVIOUS,COUNTRY,BHS,AMR,Americas,YEAR,2024,TOBACCO_INDICATOR,TOBACCO_INDICATOR_Rev_govt_total_prev,,,,,,,17 214 102,17214101.8,,,,2025-08-12T08:52:39Z,2024,2024-01-01,2024-12-31
8341443,TOBACCO_MPOWER_R_TAXREVENUEPREVIOUS,COUNTRY,YEM,EMR,Eastern Mediterranean,YEAR,2024,TOBACCO_INDICATOR,TOBACCO_INDICATOR_Rev_govt_total_prev,,,,,,,. . .,,,,,2025-08-12T08:52:39Z,2024,2024-01-01,2024-12-31
8349005,TOBACCO_MPOWER_R_TAXREVENUEPREVIOUS,COUNTRY,GUY,AMR,Americas,YEAR,2024,TOBACCO_INDICATOR,TOBACCO_INDICATOR_Rev_curr_prev,,,,,,,GYD,,,,,2025-08-12T08:52:39Z,2024,2024-01-01,2024-12-31
8396798,TOBACCO_MPOWER_R_TAXREVENUEPREVIOUS,COUNTRY,COD,AFR,Africa,YEAR,2024,TOBACCO_INDICATOR,TOBACCO_INDICATOR_Rev_import_prev,,,,,,,14 873 723 523,14873723523,,,,2025-08-12T08:52:39Z,2024,2024-01-01,2024-12-31
8400990,TOBACCO_MPOWER_R_TAXREVENUEPREVIOUS,COUNTRY,USA,AMR,Americas,YEAR,2024,TOBACCO_INDICATOR,TOBACCO_INDICATOR_Rev_curr_prev,,,,,,,USD,,,,,2025-08-12T08:52:39Z,2024,2024-01-01,2024-12-31
8403659,TOBACCO_MPOWER_R_TAXREVENUEPREVIOUS,COUNTRY,UZB,EUR,Europe,YEAR,2024,TOBACCO_INDICATOR,TOBACCO_INDICATOR_Rev_year_prev,,,,,,,2020,,,,,2025-08-12T15:11:05Z,2024,2024-01-01,2024-12-31
8409658,TOBACCO_MPOWER_R_TAXREVENUEPREVIOUS,COUNTRY,BOL,AMR,Americas,YEAR,2024,TOBACCO_INDICATOR,TOBACCO_INDICATOR_Rev_year_prev,,,,,,,2022,,,,,2025-08-12T15:11:05Z,2024,2024-01-01,2024-12-31
8436880,TOBACCO_MPOWER_R_TAXREVENUEPREVIOUS,COUNTRY,LKA,SEAR,South-East Asia,YEAR,2024,TOBACCO_INDICATOR,TOBACCO_INDICATOR_Rev_import_prev,,,,,,,. . .,,,,,2025-08-12T08:52:39Z,2024,2024-01-01,2024-12-31
8437054,TOBACCO_MPOWER_R_TAXREVENUEPREVIOUS,COUNTRY,GNQ,AFR,Africa,YEAR,2024,TOBACCO_INDICATOR,TOBACCO_INDICATOR_Rev_curr_prev,,,,,,,. .,,,,,2025-08-12T08:52:39Z,2024,2024-01-01,2024-12-31
8446975,TOBACCO_MPOWER_R_TAXREVENUEPREVIOUS,COUNTRY,PER,AMR,Americas,YEAR,2024,TOBACCO_INDICATOR,TOBACCO_INDICATOR_Rev_year_prev,,,,,,,2022,,,,,2025-08-12T15:11:05Z,2024,2024-01-01,2024-12-31
8452645,TOBACCO_MPOWER_R_TAXREVENUEPREVIOUS,COUNTRY,TJK,EUR,Europe,YEAR,2024,TOBACCO_INDICATOR,TOBACCO_INDICATOR_Rev_year_prev,,,,,,,2011,,,,,2025-08-12T15:11:05Z,2024,2024-01-01,2024-12-31
8453666,TOBACCO_MPOWER_R_TAXREVENUEPREVIOUS,COUNTRY,IDN,WPR,Western Pacific,YEAR,2024,TOBACCO_INDICATOR,TOBACCO_INDICATOR_Rev_VAT_prev,,,,,,,. . .,,,,,2025-08-12T08:52:39Z,2024,2024-01-01,2024-12-31
8460054,TOBACCO_MPOWER_R_TAXREVENUEPREVIOUS,COUNTRY,BGD,SEAR,South-East Asia,YEAR,2024,TOBACCO_INDICATOR,TOBACCO_INDICATOR_Rev_excise_prev,,,,,,,269 543 637 000,269543637000,,,,2025-08-12T15:11:05Z,2024,2024-01-01,2024-12-31
8461021,TOBACCO_MPOWER_R_TAXREVENUEPREVIOUS,COUNTRY,URY,AMR,Americas,YEAR,2024,TOBACCO_INDICATOR,TOBACCO_INDICATOR_Rev_excise_prev,,,,,,,8 303 082 496,8303082496,,,,2025-08-12T08:52:39Z,2024,2024-01-01,2024-12-31
8465193,TOBACCO_MPOWER_R_TAXREVENUEPREVIOUS,COUNTRY,NAM,AFR,Africa,YEAR,2024,TOBACCO_INDICATOR,TOBACCO_INDICATOR_Rev_other_prev,,,,,,,101 941 906,101941906.28,,,,2025-08-12T15:11:05Z,2024,2024-01-01,2024-12-31
8471560,TOBACCO_MPOWER_R_TAXREVENUEPREVIOUS,COUNTRY,LTU,EUR,Europe,YEAR,2024,TOBACCO_INDICATOR,TOBACCO_INDICATOR_Rev_type_prev,,,,,,,All Tobacco products,,,,,2025-08-12T08:52:39Z,2024,2024-01-01,2024-12-31
8503440,TOBACCO_MPOWER_R_TAXREVENUEPREVIOUS,COUNTRY,ARE,EMR,Eastern Mediterranean,YEAR,2024,TOBACCO_INDICATOR,TOBACCO_INDICATOR_Rev_excise_prev,,,,,,,1 207 556 173,1207556172.91,,,,2025-08-12T15:11:05Z,2024,2024-01-01,2024-12-31
8516594,TOBACCO_MPOWER_R_TAXREVENUEPREVIOUS,COUNTRY,URY,AMR,Americas,YEAR,2024,TOBACCO_INDICATOR,TOBACCO_INDICATOR_Rev_import_prev,,,,,,,. . .,,,,,2025-08-12T08:52:39Z,2024,2024-01-01,2024-12-31
8541600,TOBACCO_MPOWER_R_TAXREVENUEPREVIOUS,COUNTRY,SUR,AMR,Americas,YEAR,2024,TOBACCO_INDICATOR,TOBACCO_INDICATOR_Rev_curr_prev,,,,,,,SRD,,,,,2025-08-12T08:52:39Z,2024,2024-01-01,2024-12-31
8559857,TOBACCO_MPOWER_R_TAXREVENUEPREVIOUS,COUNTRY,GMB,AFR,Africa,YEAR,2024,TOBACCO_INDICATOR,TOBACCO_INDICATOR_Rev_other_prev,,,,,,,26 279 518,26279518,,,,2025-08-12T08:52:39Z,2024,2024-01-01,2024-12-31
8567726,TOBACCO_MPOWER_R_TAXREVENUEPREVIOUS,COUNTRY,TKM,EUR,Europe,YEAR,2024,TOBACCO_INDICATOR,TOBACCO_INDICATOR_Rev_other_prev,,,,,,,. . .,,,,,2025-08-12T08:52:39Z,2024,2024-01-01,2024-12-31
8571407,TOBACCO_MPOWER_R_TAXREVENUEPREVIOUS,COUNTRY,MDA,EUR,Europe,YEAR,2024,TOBACCO_INDICATOR,TOBACCO_INDICATOR_Rev_year_prev,,,,,,,2019,,,,,2025-08-12T15:11:05Z,2024,2024-01-01,2024-12-31
8573178,TOBACCO_MPOWER_R_TAXREVENUEPREVIOUS,COUNTRY,PRK,SEAR,South-East Asia,YEAR,2024,TOBACCO_INDICATOR,TOBACCO_INDICATOR_Rev_curr_prev,,,,,,,. .,,,,,2025-08-12T08:52:39Z,2024,2024-01-01,2024-12-31
8575266,TOBACCO_MPOWER_R_TAXREVENUEPREVIOUS,COUNTRY,DMA,AMR,Americas,YEAR,2024,TOBACCO_INDICATOR,TOBACCO_INDICATOR_Rev_year_prev,,,,,,,2020,,,,,2025-08-12T15:11:05Z,2024,2024-01-01,2024-12-31
8580348,TOBACCO_MPOWER_R_TAXREVENUEPREVIOUS,COUNTRY,KIR,WPR,Western Pacific,YEAR,2024,TOBACCO_INDICATOR,TOBACCO_INDICATOR_Rev_VAT_prev,,,,,,,134 823,134823.26,,,,2025-08-12T08:52:39Z,2024,2024-01-01,2024-12-31
8583027,TOBACCO_MPOWER_R_TAXREVENUEPREVIOUS,COUNTRY,GTM,AMR,Americas,YEAR,2024,TOBACCO_INDICATOR,TOBACCO_INDICATOR_Rev_VAT_prev,,,,,,,40 863 406,40863406.27,,,,2025-08-12T08:52:39Z,2024,2024-01-01,2024-12-31
8586175,TOBACCO_MPOWER_R_TAXREVENUEPREVIOUS,COUNTRY,MLT,EUR,Europe,YEAR,2024,TOBACCO_INDICATOR,TOBACCO_INDICATOR_Rev_excise_prev,,,,,,,96 880 800,96880800,,,,2025-08-12T08:52:39Z,2024,2024-01-01,2024-12-31
8590617,TOBACCO_MPOWER_R_TAXREVENUEPREVIOUS,COUNTRY,BGR,EUR,Europe,YEAR,2024,TOBACCO_INDICATOR,TOBACCO_INDICATOR_Rev_type_prev,,,,,,,All Tobacco products,,,,,2025-08-12T08:52:39Z,2024,2024-01-01,2024-12-31
8591032,TOBACCO_MPOWER_R_TAXREVENUEPREVIOUS,COUNTRY,GUY,AMR,Americas,YEAR,2024,TOBACCO_INDICATOR,TOBACCO_INDICATOR_Rev_govt_total_prev,,,,,,,1 558 651 059,1558651059,,,,2025-08-12T08:52:39Z,2024,2024-01-01,2024-12-31
8595858,TOBACCO_MPOWER_R_TAXREVENUEPREVIOUS,COUNTRY,TON,WPR,Western Pacific,YEAR,2024,TOBACCO_INDICATOR,TOBACCO_INDICATOR_Rev_govt_total_prev,,,,,,,13 936 592,13936591.84,,,,2025-08-12T08:52:39Z,2024,2024-01-01,2024-12-31
8619408,TOBACCO_MPOWER_R_TAXREVENUEPREVIOUS,COUNTRY,VNM,WPR,Western Pacific,YEAR,2024,TOBACCO_INDICATOR,TOBACCO_INDICATOR_Rev_VAT_prev,,,,,,,. . .,,,,,2025-08-12T08:52:39Z,2024,2024-01-01,2024-12-31
8621993,TOBACCO_MPOWER_R_TAXREVENUEPREVIOUS,COUNTRY,LBR,AFR,Africa,YEAR,2024,TOBACCO_INDICATOR,TOBACCO_INDICATOR_Rev_excise_prev,,,,,,,223 758,223758,,,,2025-08-12T08:52:39Z,2024,2024-01-01,2024-12-31
8627244,TOBACCO_MPOWER_R_TAXREVENUEPREVIOUS,COUNTRY,EGY,EMR,Eastern Mediterranean,YEAR,2024,TOBACCO_INDICATOR,TOBACCO_INDICATOR_Rev_curr_prev,,,,,,,EGP,,,,,2025-08-12T08:52:39Z,2024,2024-01-01,2024-12-31
8628304,TOBACCO_MPOWER_R_TAXREVENUEPREVIOUS,COUNTRY,LCA,AMR,Americas,YEAR,2024,TOBACCO_INDICATOR,TOBACCO_INDICATOR_Rev_govt_total_prev,,,,,,,10 982 315,10982315,,,,2025-08-12T08:52:39Z,2024,2024-01-01,2024-12-31
8634846,TOBACCO_MPOWER_R_TAXREVENUEPREVIOUS,COUNTRY,LTU,EUR,Europe,YEAR,2024,TOBACCO_INDICATOR,TOBACCO_INDICATOR_Rev_excise_prev,,,,,,,348 071 100,348071100,,,,2025-08-12T08:52:39Z,2024,2024-01-01,2024-12-31
8637649,TOBACCO_MPOWER_R_TAXREVENUEPREVIOUS,COUNTRY,ALB,EUR,Europe,YEAR,2024,TOBACCO_INDICATOR,TOBACCO_INDICATOR_Rev_curr_prev,,,,,,,ALL,,,,,2025-08-12T08:52:39Z,2024,2024-01-01,2024-12-31
8644609,TOBACCO_MPOWER_R_TAXREVENUEPREVIOUS,COUNTRY,MNE,EUR,Europe,YEAR,2024,TOBACCO_INDICATOR,TOBACCO_INDICATOR_Rev_govt_total_prev,,,,,,,. . .,,,,,2025-08-12T08:52:39Z,2024,2024-01-01,2024-12-31
8647185,TOBACCO_MPOWER_R_TAXREVENUEPREVIOUS,COUNTRY,DJI,EMR,Eastern Mediterranean,YEAR,2024,TOBACCO_INDICATOR,TOBACCO_INDICATOR_Rev_excise_prev,,,,,,,. . .,,,,,2025-08-12T08:52:39Z,2024,2024-01-01,2024-12-31
8652658,TOBACCO_MPOWER_R_TAXREVENUEPREVIOUS,COUNTRY,BRB,AMR,Americas,YEAR,2024,TOBACCO_INDICATOR,TOBACCO_INDICATOR_Rev_excise_prev,,,,,,,. . .,,,,,2025-08-12T08:52:39Z,2024,2024-01-01,2024-12-31
8660416,TOBACCO_MPOWER_R_TAXREVENUEPREVIOUS,COUNTRY,ZWE,AFR,Africa,YEAR,2024,TOBACCO_INDICATOR,TOBACCO_INDICATOR_Rev_other_prev,,,,,,,.  .  .,,,,,2025-08-12T08:52:39Z,2024,2024-01-01,2024-12-31
8669777,TOBACCO_MPOWER_R_TAXREVENUEPREVIOUS,COUNTRY,TON,WPR,Western Pacific,YEAR,2024,TOBACCO_INDICATOR,TOBACCO_INDICATOR_Rev_VAT_prev,,,,,,,1 845 210,1845210.45,,,,2025-08-12T08:52:39Z,2024,2024-01-01,2024-12-31
8671839,TOBACCO_MPOWER_R_TAXREVENUEPREVIOUS,COUNTRY,MWI,AFR,Africa,YEAR,2024,TOBACCO_INDICATOR,TOBACCO_INDICATOR_Rev_import_prev,,,,,,,270 199 757,270199756.51,,,,2025-08-12T15:11:05Z,2024,2024-01-01,2024-12-31
8675282,TOBACCO_MPOWER_R_TAXREVENUEPREVIOUS,COUNTRY,ZMB,AFR,Africa,YEAR,2024,TOBACCO_INDICATOR,TOBACCO_INDICATOR_Rev_curr_prev,,,,,,,ZMW,,,,,2025-08-12T08:52:39Z,2024,2024-01-01,2024-12-31
8683697,TOBACCO_MPOWER_R_TAXREVENUEPREVIOUS,COUNTRY,MAR,EMR,Eastern Mediterranean,YEAR,2024,TOBACCO_INDICATOR,TOBACCO_INDICATOR_Rev_govt_total_prev,,,,,,,. . .,,,,,2025-08-12T08:52:39Z,2024,2024-01-01,2024-12-31
8685766,TOBACCO_MPOWER_R_TAXREVENUEPREVIOUS,COUNTRY,GIN,AFR,Africa,YEAR,2024,TOBACCO_INDICATOR,TOBACCO_INDICATOR_Rev_import_prev,,,,,,,55 275 295 350,55275295350,,,,2025-08-12T08:52:39Z,2024,2024-01-01,2024-12-31
8686451,TOBACCO_MPOWER_R_TAXREVENUEPREVIOUS,COUNTRY,TCD,AFR,Africa,YEAR,2024,TOBACCO_INDICATOR,TOBACCO_INDICATOR_Rev_VAT_prev,,,,,,,57 090 257 220,57090257220,,,,2025-08-12T08:52:39Z,2024,2024-01-01,2024-12-31
8688237,TOBACCO_MPOWER_R_TAXREVENUEPREVIOUS,COUNTRY,CHL,AMR,Americas,YEAR,2024,TOBACCO_INDICATOR,TOBACCO_INDICATOR_Rev_excise_prev,,,,,,,1 206 376 387 945,1206376387945,,,,2025-08-12T15:11:05Z,2024,2024-01-01,2024-12-31
8697999,TOBACCO_MPOWER_R_TAXREVENUEPREVIOUS,COUNTRY,VEN,AMR,Americas,YEAR,2024,TOBACCO_INDICATOR,TOBACCO_INDICATOR_Rev_other_prev,,,,,,,. . .,,,,,2025-08-12T08:52:39Z,2024,2024-01-01,2024-12-31
8699958,TOBACCO_MPOWER_R_TAXREVENUEPREVIOUS,COUNTRY,MHL,WPR,Western Pacific,YEAR,2024,TOBACCO_INDICATOR,TOBACCO_INDICATOR_Rev_excise_prev,,,,,,,—,,,,,2025-08-12T08:52:39Z,2024,2024-01-01,2024-12-31
8704791,TOBACCO_MPOWER_R_TAXREVENUEPREVIOUS,COUNTRY,MKD,EUR,Europe,YEAR,2024,TOBACCO_INDICATOR,TOBACCO_INDICATOR_Rev_excise_prev,,,,,,,9 664 000 000,9664000000,,,,2025-08-12T08:52:39Z,2024,2024-01-01,2024-12-31
8711767,TOBACCO_MPOWER_R_TAXREVENUEPREVIOUS,COUNTRY,SEN,AFR,Africa,YEAR,2024,TOBACCO_INDICATOR,TOBACCO_INDICATOR_Rev_excise_prev,,,,,,,20 685 702 726,20685702726,,,,2025-08-12T08:52:39Z,2024,2024-01-01,2024-12-31
8712265,TOBACCO_MPOWER_R_TAXREVENUEPREVIOUS,COUNTRY,CAF,AFR,Africa,YEAR,2024,TOBACCO_INDICATOR,TOBACCO_INDICATOR_Rev_type_prev,,,,,,,All Tobacco products,,,,,2025-08-12T08:52:39Z,2024,2024-01-01,2024-12-31
8724130,TOBACCO_MPOWER_R_TAXREVENUEPREVIOUS,COUNTRY,ALB,EUR,Europe,YEAR,2024,TOBACCO_INDICATOR,TOBACCO_INDICATOR_Rev_excise_prev,,,,,,,. . .,,,,,2025-08-12T08:52:39Z,2024,2024-01-01,2024-12-31
8726155,TOBACCO_MPOWER_R_TAXREVENUEPREVIOUS,COUNTRY,SUR,AMR,Americas,YEAR,2024,TOBACCO_INDICATOR,TOBACCO_INDICATOR_Rev_import_prev,,,,,,,3 716 525,3716524.5,,,,2025-08-12T08:52:39Z,2024,2024-01-01,2024-12-31
8727089,TOBACCO_MPOWER_R_TAXREVENUEPREVIOUS,COUNTRY,HTI,AMR,Americas,YEAR,2024,TOBACCO_INDICATOR,TOBACCO_INDICATOR_Rev_VAT_prev,,,,,,,. . .,,,,,2025-08-12T08:52:39Z,2024,2024-01-01,2024-12-31
8735281,TOBACCO_MPOWER_R_TAXREVENUEPREVIOUS,COUNTRY,CAN,AMR,Americas,YEAR,2024,TOBACCO_INDICATOR,TOBACCO_INDICATOR_Rev_excise_prev,,,,,,,7 156 920 015,7156920015.000001,,,,2025-08-12T08:52:39Z,2024,2024-01-01,2024-12-31
8740556,TOBACCO_MPOWER_R_TAXREVENUEPREVIOUS,COUNTRY,SLV,AMR,Americas,YEAR,2024,TOBACCO_INDICATOR,TOBACCO_INDICATOR_Rev_type_prev,,,,,,,Cigarettes only,,,,,2025-08-12T08:52:39Z,2024,2024-01-01,2024-12-31
8744904,TOBACCO_MPOWER_R_TAXREVENUEPREVIOUS,COUNTRY,CUB,AMR,Americas,YEAR,2024,TOBACCO_INDICATOR,TOBACCO_INDICATOR_Rev_year_prev,,,,,,,2017,,,,,2025-08-12T15:11:05Z,2024,2024-01-01,2024-12-31
8744970,TOBACCO_MPOWER_R_TAXREVENUEPREVIOUS,COUNTRY,LKA,SEAR,South-East Asia,YEAR,2024,TOBACCO_INDICATOR,TOBACCO_INDICATOR_Rev_curr_prev,,,,,,,LKR,,,,,2025-08-12T08:52:39Z,2024,2024-01-01,2024-12-31
8747168,TOBACCO_MPOWER_R_TAXREVENUEPREVIOUS,COUNTRY,ROU,EUR,Europe,YEAR,2024,TOBACCO_INDICATOR,TOBACCO_INDICATOR_Rev_curr_prev,,,,,,,EUR,,,,,2025-08-12T08:52:39Z,2024,2024-01-01,2024-12-31
8750479,TOBACCO_MPOWER_R_TAXREVENUEPREVIOUS,COUNTRY,GAB,AFR,Africa,YEAR,2024,TOBACCO_INDICATOR,TOBACCO_INDICATOR_Rev_govt_total_prev,,,,,,,14 547 498 600,14547498600,,,,2025-08-12T08:52:39Z,2024,2024-01-01,2024-12-31
8761553,TOBACCO_MPOWER_R_TAXREVENUEPREVIOUS,COUNTRY,DMA,AMR,Americas,YEAR,2024,TOBACCO_INDICATOR,TOBACCO_INDICATOR_Rev_curr_prev,,,,,,,XCD,,,,,2025-08-12T08:52:39Z,2024,2024-01-01,2024-12-31
8766471,TOBACCO_MPOWER_R_TAXREVENUEPREVIOUS,COUNTRY,JAM,AMR,Americas,YEAR,2024,TOBACCO_INDICATOR,TOBACCO_INDICATOR_Rev_VAT_prev,,,,,,,1 413 266 514,1413266513.5900002,,,Data not validated by the national authorities.,2025-08-12T15:11:05Z,2024,2024-01-01,2024-12-31
8774233,TOBACCO_MPOWER_R_TAXREVENUEPREVIOUS,COUNTRY,SGP,WPR,Western Pacific,YEAR,2024,TOBACCO_INDICATOR,TOBACCO_INDICATOR_Rev_year_prev,,,,,,,FY 2022,,,,,2025-08-12T08:52:39Z,2024,2024-01-01,2024-12-31
8779967,TOBACCO_MPOWER_R_TAXREVENUEPREVIOUS,COUNTRY,MYS,WPR,Western Pacific,YEAR,2024,TOBACCO_INDICATOR,TOBACCO_INDICATOR_Rev_excise_prev,,,,,,,2 457 691 116,2457691116,,,,2025-08-12T08:52:39Z,2024,2024-01-01,2024-12-31
8780462,TOBACCO_MPOWER_R_TAXREVENUEPREVIOUS,COUNTRY,GRC,EUR,Europe,YEAR,2024,TOBACCO_INDICATOR,TOBACCO_INDICATOR_Rev_year_prev,,,,,,,2022,,,,,2025-08-12T15:11:05Z,2024,2024-01-01,2024-12-31
8787936,TOBACCO_MPOWER_R_TAXREVENUEPREVIOUS,COUNTRY,CUB,AMR,Americas,YEAR,2024,TOBACCO_INDICATOR,TOBACCO_INDICATOR_Rev_excise_prev,,,,,,,. . .,,,,,2025-08-12T08:52:39Z,2024,2024-01-01,2024-12-31
8798053,TOBACCO_MPOWER_R_TAXREVENUEPREVIOUS,COUNTRY,MUS,AFR,Africa,YEAR,2024,TOBACCO_INDICATOR,TOBACCO_INDICATOR_Rev_type_prev,,,,,,,All Tobacco products,,,,,2025-08-12T08:52:39Z,2024,2024-01-01,2024-12-31
8802828,TOBACCO_MPOWER_R_TAXREVENUEPREVIOUS,COUNTRY,BRB,AMR,Americas,YEAR,2024,TOBACCO_INDICATOR,TOBACCO_INDICATOR_Rev_year_prev,,,,,,,. . .,,,,,2025-08-12T08:52:39Z,2024,2024-01-01,2024-12-31
8805522,TOBACCO_MPOWER_R_TAXREVENUEPREVIOUS,COUNTRY,DJI,EMR,Eastern Mediterranean,YEAR,2024,TOBACCO_INDICATOR,TOBACCO_INDICATOR_Rev_VAT_prev,,,,,,,. . .,,,,,2025-08-12T08:52:39Z,2024,2024-01-01,2024-12-31
8806002,TOBACCO_MPOWER_R_TAXREVENUEPREVIOUS,COUNTRY,MUS,AFR,Africa,YEAR,2024,TOBACCO_INDICATOR,TOBACCO_INDICATOR_Rev_import_prev,,,,,,,0,0,,,,2025-08-12T08:52:39Z,2024,2024-01-01,2024-12-31
8806946,TOBACCO_MPOWER_R_TAXREVENUEPREVIOUS,COUNTRY,USA,AMR,Americas,YEAR,2024,TOBACCO_INDICATOR,TOBACCO_INDICATOR_Rev_year_prev,,,,,,,2019/2020,,,,,2025-08-12T08:52:39Z,2024,2024-01-01,2024-12-31
8811490,TOBACCO_MPOWER_R_TAXREVENUEPREVIOUS,COUNTRY,CUB,AMR,Americas,YEAR,2024,TOBACCO_INDICATOR,TOBACCO_INDICATOR_Rev_curr_prev,,,,,,,CUP,,,,,2025-08-12T08:52:39Z,2024,2024-01-01,2024-12-31
8812161,TOBACCO_MPOWER_R_TAXREVENUEPREVIOUS,COUNTRY,SYC,AFR,Africa,YEAR,2024,TOBACCO_INDICATOR,TOBACCO_INDICATOR_Rev_other_prev,,,,,,,7 091 046,7091046.17,,,,2025-08-12T08:52:39Z,2024,2024-01-01,2024-12-31
8821172,TOBACCO_MPOWER_R_TAXREVENUEPREVIOUS,COUNTRY,PHL,WPR,Western Pacific,YEAR,2024,TOBACCO_INDICATOR,TOBACCO_INDICATOR_Rev_import_prev,,,,,,,. . .,,,,,2025-08-12T08:52:39Z,2024,2024-01-01,2024-12-31
8834171,TOBACCO_MPOWER_R_TAXREVENUEPREVIOUS,COUNTRY,MEX,AMR,Americas,YEAR,2024,TOBACCO_INDICATOR,TOBACCO_INDICATOR_Rev_other_prev,,,,,,,. . .,,,,,2025-08-12T08:52:39Z,2024,2024-01-01,2024-12-31
8836662,TOBACCO_MPOWER_R_TAXREVENUEPREVIOUS,COUNTRY,NAM,AFR,Africa,YEAR,2024,TOBACCO_INDICATOR,TOBACCO_INDICATOR_Rev_VAT_prev,,,,,,,49 866 131 525,49866131525.200005,,,,2025-08-12T15:11:05Z,2024,2024-01-01,2024-12-31
8840226,TOBACCO_MPOWER_R_TAXREVENUEPREVIOUS,COUNTRY,CIV,AFR,Africa,YEAR,2024,TOBACCO_INDICATOR,TOBACCO_INDICATOR_Rev_govt_total_prev,,,,,,,14 551 188 869,14551188869,,,,2025-08-12T08:52:39Z,2024,2024-01-01,2024-12-31
8840301,TOBACCO_MPOWER_R_TAXREVENUEPREVIOUS,COUNTRY,MDA,EUR,Europe,YEAR,2024,TOBACCO_INDICATOR,TOBACCO_INDICATOR_Rev_VAT_prev,,,,,,,. . .,,,,,2025-08-12T08:52:39Z,2024,2024-01-01,2024-12-31
8845838,TOBACCO_MPOWER_R_TAXREVENUEPREVIOUS,COUNTRY,BFA,AFR,Africa,YEAR,2024,TOBACCO_INDICATOR,TOBACCO_INDICATOR_Rev_import_prev,,,,,,,62 566 788,62566788,,,,2025-08-12T08:52:39Z,2024,2024-01-01,2024-12-31
8847201,TOBACCO_MPOWER_R_TAXREVENUEPREVIOUS,COUNTRY,SYC,AFR,Africa,YEAR,2024,TOBACCO_INDICATOR,TOBACCO_INDICATOR_Rev_VAT_prev,,,,,,,33 887 415,33887415.3,,,,2025-08-12T08:52:39Z,2024,2024-01-01,2024-12-31
8855364,TOBACCO_MPOWER_R_TAXREVENUEPREVIOUS,COUNTRY,MUS,AFR,Africa,YEAR,2024,TOBACCO_INDICATOR,TOBACCO_INDICATOR_Rev_govt_total_prev,,,,,,,8 042 869 498,8042869498,,,,2025-08-12T08:52:39Z,2024,2024-01-01,2024-12-31
8864814,TOBACCO_MPOWER_R_TAXREVENUEPREVIOUS,COUNTRY,AZE,EUR,Europe,YEAR,2024,TOBACCO_INDICATOR,TOBACCO_INDICATOR_Rev_govt_total_prev,,,,,,,. . .,,,,,2025-08-12T08:52:39Z,2024,2024-01-01,2024-12-31
8865199,TOBACCO_MPOWER_R_TAXREVENUEPREVIOUS,COUNTRY,NIU,WPR,Western Pacific,YEAR,2024,TOBACCO_INDICATOR,TOBACCO_INDICATOR_Rev_other_prev,,,,,,,90 565,90564.72,,,,2025-08-12T08:52:39Z,2024,2024-01-01,2024-12-31
8870202,TOBACCO_MPOWER_R_TAXREVENUEPREVIOUS,COUNTRY,ETH,AFR,Africa,YEAR,2024,TOBACCO_INDICATOR,TOBACCO_INDICATOR_Rev_excise_prev,,,,,,,2 141 390 000,2141390000,,,,2025-08-12T08:52:39Z,2024,2024-01-01,2024-12-31
8888654,TOBACCO_MPOWER_R_TAXREVENUEPREVIOUS,COUNTRY,ARE,EMR,Eastern Mediterranean,YEAR,2024,TOBACCO_INDICATOR,TOBACCO_INDICATOR_Rev_VAT_prev,,,,,,,. . .,,,,,2025-08-12T08:52:39Z,2024,2024-01-01,2024-12-31
8894917,TOBACCO_MPOWER_R_TAXREVENUEPREVIOUS,COUNTRY,GHA,AFR,Africa,YEAR,2024,TOBACCO_INDICATOR,TOBACCO_INDICATOR_Rev_excise_prev,,,,,,,182 885 053,182885052.72,,,,2025-08-12T15:11:05Z,2024,2024-01-01,2024-12-31
8896265,TOBACCO_MPOWER_R_TAXREVENUEPREVIOUS,COUNTRY,CUB,AMR,Americas,YEAR,2024,TOBACCO_INDICATOR,TOBACCO_INDICATOR_Rev_other_prev,,,,,,,. . .,,,,,2025-08-12T08:52:39Z,2024,2024-01-01,2024-12-31
8901672,TOBACCO_MPOWER_R_TAXREVENUEPREVIOUS,COUNTRY,MUS,AFR,Africa,YEAR,2024,TOBACCO_INDICATOR,TOBACCO_INDICATOR_Rev_year_prev,,,,,,,2022,,,,,2025-08-12T15:11:05Z,2024,2024-01-01,2024-12-31
8905113,TOBACCO_MPOWER_R_TAXREVENUEPREVIOUS,COUNTRY,ESP,EUR,Europe,YEAR,2024,TOBACCO_INDICATOR,TOBACCO_INDICATOR_Rev_type_prev,,,,,,,All Tobacco products,,,,,2025-08-12T08:52:39Z,2024,2024-01-01,2024-12-31
8908006,TOBACCO_MPOWER_R_TAXREVENUEPREVIOUS,COUNTRY,GHA,AFR,Africa,YEAR,2024,TOBACCO_INDICATOR,TOBACCO_INDICATOR_Rev_import_prev,,,,,,,1 298 750,1298750.13,,,,2025-08-12T08:52:39Z,2024,2024-01-01,2024-12-31
8909648,TOBACCO_MPOWER_R_TAXREVENUEPREVIOUS,COUNTRY,PAN,AMR,Americas,YEAR,2024,TOBACCO_INDICATOR,TOBACCO_INDICATOR_Rev_type_prev,,,,,,,All Tobacco products,,,,,2025-08-12T08:52:39Z,2024,2024-01-01,2024-12-31
8913244,TOBACCO_MPOWER_R_TAXREVENUEPREVIOUS,COUNTRY,MWI,AFR,Africa,YEAR,2024,TOBACCO_INDICATOR,TOBACCO_INDICATOR_Rev_excise_prev,,,,,,,5 140 918 232,5140918231.52,,,,2025-08-12T15:11:05Z,2024,2024-01-01,2024-12-31
8920148,TOBACCO_MPOWER_R_TAXREVENUEPREVIOUS,COUNTRY,MDV,SEAR,South-East Asia,YEAR,2024,TOBACCO_INDICATOR,TOBACCO_INDICATOR_Rev_govt_total_prev,,,,,,,. . .,,,,,2025-08-12T08:52:39Z,2024,2024-01-01,2024-12-31
8923361,TOBACCO_MPOWER_R_TAXREVENUEPREVIOUS,COUNTRY,KEN,AFR,Africa,YEAR,2024,TOBACCO_INDICATOR,TOBACCO_INDICATOR_Rev_import_prev,,,,,,,. . .,,,,,2025-08-12T08:52:39Z,2024,2024-01-01,2024-12-31
8923910,TOBACCO_MPOWER_R_TAXREVENUEPREVIOUS,COUNTRY,MLT,EUR,Europe,YEAR,2024,TOBACCO_INDICATOR,TOBACCO_INDICATOR_Rev_type_prev,,,,,,,All Tobacco products,,,,,2025-08-12T08:52:39Z,2024,2024-01-01,2024-12-31
8932175,TOBACCO_MPOWER_R_TAXREVENUEPREVIOUS,COUNTRY,MHL,WPR,Western Pacific,YEAR,2024,TOBACCO_INDICATOR,TOBACCO_INDICATOR_Rev_year_prev,,,,,,,2011,,,,,2025-08-12T15:11:05Z,2024,2024-01-01,2024-12-31
8939137,TOBACCO_MPOWER_R_TAXREVENUEPREVIOUS,COUNTRY,FRA,EUR,Europe,YEAR,2024,TOBACCO_INDICATOR,TOBACCO_INDICATOR_Rev_other_prev,,,,,,,. . .,,,,,2025-08-12T08:52:39Z,2024,2024-01-01,2024-12-31
8946235,TOBACCO_MPOWER_R_TAXREVENUEPREVIOUS,COUNTRY,TZA,AFR,Africa,YEAR,2024,TOBACCO_INDICATOR,TOBACCO_INDICATOR_Rev_type_prev,,,,,,,Cigarettes only,,,,,2025-08-12T08:52:39Z,2024,2024-01-01,2024-12-31
8958582,TOBACCO_MPOWER_R_TAXREVENUEPREVIOUS,COUNTRY,VEN,AMR,Americas,YEAR,2024,TOBACCO_INDICATOR,TOBACCO_INDICATOR_Rev_VAT_prev,,,,,,,2 278 157 448 490,2278157448490,,,Data not validated by the national authorities.,2025-08-12T15:11:05Z,2024,2024-01-01,2024-12-31
8958940,TOBACCO_MPOWER_R_TAXREVENUEPREVIOUS,COUNTRY,BFA,AFR,Africa,YEAR,2024,TOBACCO_INDICATOR,TOBACCO_INDICATOR_Rev_excise_prev,,,,,,,25 260 758 128,25260758128,,,,2025-08-12T08:52:39Z,2024,2024-01-01,2024-12-31
8959313,TOBACCO_MPOWER_R_TAXREVENUEPREVIOUS,COUNTRY,NLD,EUR,Europe,YEAR,2024,TOBACCO_INDICATOR,TOBACCO_INDICATOR_Rev_other_prev,,,,,,,. . .,,,,,2025-08-12T08:52:39Z,2024,2024-01-01,2024-12-31
8977824,TOBACCO_MPOWER_R_TAXREVENUEPREVIOUS,COUNTRY,ESP,EUR,Europe,YEAR,2024,TOBACCO_INDICATOR,TOBACCO_INDICATOR_Rev_import_prev,,,,,,,. . .,,,,,2025-08-12T08:52:39Z,2024,2024-01-01,2024-12-31
8980478,TOBACCO_MPOWER_R_TAXREVENUEPREVIOUS,COUNTRY,MNG,WPR,Western Pacific,YEAR,2024,TOBACCO_INDICATOR,TOBACCO_INDICATOR_Rev_VAT_prev,,,,,,,. . .,,,,,2025-08-12T08:52:39Z,2024,2024-01-01,2024-12-31
8987163,TOBACCO_MPOWER_R_TAXREVENUEPREVIOUS,COUNTRY,PHL,WPR,Western Pacific,YEAR,2024,TOBACCO_INDICATOR,TOBACCO_INDICATOR_Rev_type_prev,,,,,,,Cigarettes only,,,,,2025-08-12T08:52:39Z,2024,2024-01-01,2024-12-31
8994202,TOBACCO_MPOWER_R_TAXREVENUEPREVIOUS,COUNTRY,CPV,AFR,Africa,YEAR,2024,TOBACCO_INDICATOR,TOBACCO_INDICATOR_Rev_govt_total_prev,,,,,,,618 197 834,618197834,,,,2025-08-12T08:52:39Z,2024,2024-01-01,2024-12-31
8994891,TOBACCO_MPOWER_R_TAXREVENUEPREVIOUS,COUNTRY,HUN,EUR,Europe,YEAR,2024,TOBACCO_INDICATOR,TOBACCO_INDICATOR_Rev_curr_prev,,,,,,,HUF,,,,,2025-08-12T08:52:39Z,2024,2024-01-01,2024-12-31
9000186,TOBACCO_MPOWER_R_TAXREVENUEPREVIOUS,COUNTRY,COK,WPR,Western Pacific,YEAR,2024,TOBACCO_INDICATOR,TOBACCO_INDICATOR_Rev_other_prev,,,,,,,. . .,,,,,2025-08-12T08:52:39Z,2024,2024-01-01,2024-12-31
9002541,TOBACCO_MPOWER_R_TAXREVENUEPREVIOUS,COUNTRY,JAM,AMR,Americas,YEAR,2024,TOBACCO_INDICATOR,TOBACCO_INDICATOR_Rev_year_prev,,,,,,,2019,,,,Data not validated by the national authorities.,2025-08-12T15:11:05Z,2024,2024-01-01,2024-12-31
9003590,TOBACCO_MPOWER_R_TAXREVENUEPREVIOUS,COUNTRY,VNM,WPR,Western Pacific,YEAR,2024,TOBACCO_INDICATOR,TOBACCO_INDICATOR_Rev_curr_prev,,,,,,,VND,,,,,2025-08-12T08:52:39Z,2024,2024-01-01,2024-12-31
9013750,TOBACCO_MPOWER_R_TAXREVENUEPREVIOUS,COUNTRY,GEO,EUR,Europe,YEAR,2024,TOBACCO_INDICATOR,TOBACCO_INDICATOR_Rev_import_prev,,,,,,,18 806 336,18806336,,,,2025-08-12T08:52:39Z,2024,2024-01-01,2024-12-31
9025916,TOBACCO_MPOWER_R_TAXREVENUEPREVIOUS,COUNTRY,PSE,EMR,Eastern Mediterranean,YEAR,2024,TOBACCO_INDICATOR,TOBACCO_INDICATOR_Rev_other_prev,,,,,,,0,0,,,,2025-08-12T08:52:39Z,2024,2024-01-01,2024-12-31
9041152,TOBACCO_MPOWER_R_TAXREVENUEPREVIOUS,COUNTRY,GNQ,AFR,Africa,YEAR,2024,TOBACCO_INDICATOR,TOBACCO_INDICATOR_Rev_other_prev,,,,,,,. . .,,,,,2025-08-12T08:52:39Z,2024,2024-01-01,2024-12-31
9050478,TOBACCO_MPOWER_R_TAXREVENUEPREVIOUS,COUNTRY,ARE,EMR,Eastern Mediterranean,YEAR,2024,TOBACCO_INDICATOR,TOBACCO_INDICATOR_Rev_curr_prev,,,,,,,AED,,,,,2025-08-12T08:52:39Z,2024,2024-01-01,2024-12-31
9060390,TOBACCO_MPOWER_R_TAXREVENUEPREVIOUS,COUNTRY,DEU,EUR,Europe,YEAR,2024,TOBACCO_INDICATOR,TOBACCO_INDICATOR_Rev_other_prev,,,,,,,. . .,,,,,2025-08-12T08:52:39Z,2024,2024-01-01,2024-12-31
9062823,TOBACCO_MPOWER_R_TAXREVENUEPREVIOUS,COUNTRY,BOL,AMR,Americas,YEAR,2024,TOBACCO_INDICATOR,TOBACCO_INDICATOR_Rev_other_prev,,,,,,,41 274 704,41274704,,,,2025-08-12T08:52:39Z,2024,2024-01-01,2024-12-31
9067183,TOBACCO_MPOWER_R_TAXREVENUEPREVIOUS,COUNTRY,CPV,AFR,Africa,YEAR,2024,TOBACCO_INDICATOR,TOBACCO_INDICATOR_Rev_excise_prev,,,,,,,519 056 144,519056144,,,,2025-08-12T08:52:39Z,2024,2024-01-01,2024-12-31
9070028,TOBACCO_MPOWER_R_TAXREVENUEPREVIOUS,COUNTRY,FJI,WPR,Western Pacific,YEAR,2024,TOBACCO_INDICATOR,TOBACCO_INDICATOR_Rev_VAT_prev,,,,,,,283 404,283404,,,,2025-08-12T08:52:39Z,2024,2024-01-01,2024-12-31
9072003,TOBACCO_MPOWER_R_TAXREVENUEPREVIOUS,COUNTRY,TKM,EUR,Europe,YEAR,2024,TOBACCO_INDICATOR,TOBACCO_INDICATOR_Rev_govt_total_prev,,,,,,,. . .,,,,,2025-08-12T08:52:39Z,2024,2024-01-01,2024-12-31
9076131,TOBACCO_MPOWER_R_TAXREVENUEPREVIOUS,COUNTRY,PHL,WPR,Western Pacific,YEAR,2024,TOBACCO_INDICATOR,TOBACCO_INDICATOR_Rev_govt_total_prev,,,,,,,. . .,,,,,2025-08-12T08:52:39Z,2024,2024-01-01,2024-12-31
9078580,TOBACCO_MPOWER_R_TAXREVENUEPREVIOUS,COUNTRY,FIN,EUR,Europe,YEAR,2024,TOBACCO_INDICATOR,TOBACCO_INDICATOR_Rev_curr_prev,,,,,,,EUR,,,,,2025-08-12T08:52:39Z,2024,2024-01-01,2024-12-31
9088478,TOBACCO_MPOWER_R_TAXREVENUEPREVIOUS,COUNTRY,POL,EUR,Europe,YEAR,2024,TOBACCO_INDICATOR,TOBACCO_INDICATOR_Rev_govt_total_prev,,,,,,,. . .,,,,,2025-08-12T08:52:39Z,2024,2024-01-01,2024-12-31
9092426,TOBACCO_MPOWER_R_TAXREVENUEPREVIOUS,COUNTRY,TTO,AMR,Americas,YEAR,2024,TOBACCO_INDICATOR,TOBACCO_INDICATOR_Rev_govt_total_prev,,,,,,,. . .,,,,,2025-08-12T08:52:39Z,2024,2024-01-01,2024-12-31
9094436,TOBACCO_MPOWER_R_TAXREVENUEPREVIOUS,COUNTRY,CHN,WPR,Western Pacific,YEAR,2024,TOBACCO_INDICATOR,TOBACCO_INDICATOR_Rev_import_prev,,,,,,,370 000 000,370000000,,,,2025-08-12T08:52:39Z,2024,2024-01-01,2024-12-31
9095426,TOBACCO_MPOWER_R_TAXREVENUEPREVIOUS,COUNTRY,IRN,EMR,Eastern Mediterranean,YEAR,2024,TOBACCO_INDICATOR,TOBACCO_INDICATOR_Rev_other_prev,,,,,,,0,0,,,,2025-08-12T08:52:39Z,2024,2024-01-01,2024-12-31
9097646,TOBACCO_MPOWER_R_TAXREVENUEPREVIOUS,COUNTRY,TUV,WPR,Western Pacific,YEAR,2024,TOBACCO_INDICATOR,TOBACCO_INDICATOR_Rev_type_prev,,,,,,,All Tobacco products,,,,,2025-08-12T08:52:39Z,2024,2024-01-01,2024-12-31
9098147,TOBACCO_MPOWER_R_TAXREVENUEPREVIOUS,COUNTRY,MOZ,AFR,Africa,YEAR,2024,TOBACCO_INDICATOR,TOBACCO_INDICATOR_Rev_excise_prev,,,,,,,1 089 000 509,1089000509.02,,,,2025-08-12T15:11:05Z,2024,2024-01-01,2024-12-31
9106932,TOBACCO_MPOWER_R_TAXREVENUEPREVIOUS,COUNTRY,NRU,WPR,Western Pacific,YEAR,2024,TOBACCO_INDICATOR,TOBACCO_INDICATOR_Rev_year_prev,,,,,,,2022,,,,,2025-08-12T15:11:05Z,2024,2024-01-01,2024-12-31
9114041,TOBACCO_MPOWER_R_TAXREVENUEPREVIOUS,COUNTRY,TLS,SEAR,South-East Asia,YEAR,2024,TOBACCO_INDICATOR,TOBACCO_INDICATOR_Rev_govt_total_prev,,,,,,,37 784 009,37784009.14,,,,2025-08-12T08:52:39Z,2024,2024-01-01,2024-12-31
9122767,TOBACCO_MPOWER_R_TAXREVENUEPREVIOUS,COUNTRY,MNG,WPR,Western Pacific,YEAR,2024,TOBACCO_INDICATOR,TOBACCO_INDICATOR_Rev_import_prev,,,,,,,. . .,,,,,2025-08-12T08:52:39Z,2024,2024-01-01,2024-12-31
9123793,TOBACCO_MPOWER_R_TAXREVENUEPREVIOUS,COUNTRY,RWA,AFR,Africa,YEAR,2024,TOBACCO_INDICATOR,TOBACCO_INDICATOR_Rev_type_prev,,,,,,,All Tobacco products,,,,,2025-08-12T08:52:39Z,2024,2024-01-01,2024-12-31
9141480,TOBACCO_MPOWER_R_TAXREVENUEPREVIOUS,COUNTRY,TLS,SEAR,South-East Asia,YEAR,2024,TOBACCO_INDICATOR,TOBACCO_INDICATOR_Rev_type_prev,,,,,,,Cigarettes only,,,,,2025-08-12T08:52:39Z,2024,2024-01-01,2024-12-31
9152543,TOBACCO_MPOWER_R_TAXREVENUEPREVIOUS,COUNTRY,URY,AMR,Americas,YEAR,2024,TOBACCO_INDICATOR,TOBACCO_INDICATOR_Rev_type_prev,,,,,,,All Tobacco products,,,,,2025-08-12T08:52:39Z,2024,2024-01-01,2024-12-31
9155136,TOBACCO_MPOWER_R_TAXREVENUEPREVIOUS,COUNTRY,YEM,EMR,Eastern Mediterranean,YEAR,2024,TOBACCO_INDICATOR,TOBACCO_INDICATOR_Rev_year_prev,,,,,,,2017,,,,,2025-08-12T15:11:05Z,2024,2024-01-01,2024-12-31
9160623,TOBACCO_MPOWER_R_TAXREVENUEPREVIOUS,COUNTRY,GUY,AMR,Americas,YEAR,2024,TOBACCO_INDICATOR,TOBACCO_INDICATOR_Rev_import_prev,,,,,,,28 862 353,28862353,,,,2025-08-12T08:52:39Z,2024,2024-01-01,2024-12-31
9163062,TOBACCO_MPOWER_R_TAXREVENUEPREVIOUS,COUNTRY,DOM,AMR,Americas,YEAR,2024,TOBACCO_INDICATOR,TOBACCO_INDICATOR_Rev_other_prev,,,,,,,. . .,,,,,2025-08-12T08:52:39Z,2024,2024-01-01,2024-12-31
9165144,TOBACCO_MPOWER_R_TAXREVENUEPREVIOUS,COUNTRY,LBY,EMR,Eastern Mediterranean,YEAR,2024,TOBACCO_INDICATOR,TOBACCO_INDICATOR_Rev_curr_prev,,,,,,,LYD,,,,,2025-08-12T08:52:39Z,2024,2024-01-01,2024-12-31
9166335,TOBACCO_MPOWER_R_TAXREVENUEPREVIOUS,COUNTRY,BRN,WPR,Western Pacific,YEAR,2024,TOBACCO_INDICATOR,TOBACCO_INDICATOR_Rev_other_prev,,,,,,,0,0,,,,2025-08-12T08:52:39Z,2024,2024-01-01,2024-12-31
9171419,TOBACCO_MPOWER_R_TAXREVENUEPREVIOUS,COUNTRY,GNQ,AFR,Africa,YEAR,2024,TOBACCO_INDICATOR,TOBACCO_INDICATOR_Rev_VAT_prev,,,,,,,. . .,,,,,2025-08-12T08:52:39Z,2024,2024-01-01,2024-12-31
9174445,TOBACCO_MPOWER_R_TAXREVENUEPREVIOUS,COUNTRY,KOR,WPR,Western Pacific,YEAR,2024,TOBACCO_INDICATOR,TOBACCO_INDICATOR_Rev_VAT_prev,,,,,,,1 468 500 000 000,1468499999999.9998,,,,2025-08-12T15:11:05Z,2024,2024-01-01,2024-12-31
9180510,TOBACCO_MPOWER_R_TAXREVENUEPREVIOUS,COUNTRY,TKM,EUR,Europe,YEAR,2024,TOBACCO_INDICATOR,TOBACCO_INDICATOR_Rev_year_prev,,,,,,,. . .,,,,,2025-08-12T08:52:39Z,2024,2024-01-01,2024-12-31
9192722,TOBACCO_MPOWER_R_TAXREVENUEPREVIOUS,COUNTRY,CHN,WPR,Western Pacific,YEAR,2024,TOBACCO_INDICATOR,TOBACCO_INDICATOR_Rev_year_prev,,,,,,,2020,,,,,2025-08-12T15:11:05Z,2024,2024-01-01,2024-12-31
9195046,TOBACCO_MPOWER_R_TAXREVENUEPREVIOUS,COUNTRY,PSE,EMR,Eastern Mediterranean,YEAR,2024,TOBACCO_INDICATOR,TOBACCO_INDICATOR_Rev_govt_total_prev,,,,,,,1 177 947 440,1177947440,,,,2025-08-12T08:52:39Z,2024,2024-01-01,2024-12-31
9200384,TOBACCO_MPOWER_R_TAXREVENUEPREVIOUS,COUNTRY,SLB,WPR,Western Pacific,YEAR,2024,TOBACCO_INDICATOR,TOBACCO_INDICATOR_Rev_VAT_prev,,,,,,,. . .,,,,,2025-08-12T08:52:39Z,2024,2024-01-01,2024-12-31
9200745,TOBACCO_MPOWER_R_TAXREVENUEPREVIOUS,COUNTRY,TGO,AFR,Africa,YEAR,2024,TOBACCO_INDICATOR,TOBACCO_INDICATOR_Rev_excise_prev,,,,,,,6 387 318 053,6387318052.999999,,,,2025-08-12T08:52:39Z,2024,2024-01-01,2024-12-31
9203186,TOBACCO_MPOWER_R_TAXREVENUEPREVIOUS,COUNTRY,BRN,WPR,Western Pacific,YEAR,2024,TOBACCO_INDICATOR,TOBACCO_INDICATOR_Rev_year_prev,,,,,,,2022,,,,,2025-08-12T15:11:05Z,2024,2024-01-01,2024-12-31
9211100,TOBACCO_MPOWER_R_TAXREVENUEPREVIOUS,COUNTRY,BGR,EUR,Europe,YEAR,2024,TOBACCO_INDICATOR,TOBACCO_INDICATOR_Rev_govt_total_prev,,,,,,,. . .,,,,,2025-08-12T08:52:39Z,2024,2024-01-01,2024-12-31
9211319,TOBACCO_MPOWER_R_TAXREVENUEPREVIOUS,COUNTRY,CZE,EUR,Europe,YEAR,2024,TOBACCO_INDICATOR,TOBACCO_INDICATOR_Rev_year_prev,,,,,,,2022,,,,,2025-08-12T15:11:05Z,2024,2024-01-01,2024-12-31
9212393,TOBACCO_MPOWER_R_TAXREVENUEPREVIOUS,COUNTRY,ISR,EUR,Europe,YEAR,2024,TOBACCO_INDICATOR,TOBACCO_INDICATOR_Rev_govt_total_prev,,,,,,,. . .,,,,,2025-08-12T08:52:39Z,2024,2024-01-01,2024-12-31
9218180,TOBACCO_MPOWER_R_TAXREVENUEPREVIOUS,COUNTRY,SVN,EUR,Europe,YEAR,2024,TOBACCO_INDICATOR,TOBACCO_INDICATOR_Rev_curr_prev,,,,,,,EUR,,,,,2025-08-12T08:52:39Z,2024,2024-01-01,2024-12-31
9218505,TOBACCO_MPOWER_R_TAXREVENUEPREVIOUS,COUNTRY,TJK,EUR,Europe,YEAR,2024,TOBACCO_INDICATOR,TOBACCO_INDICATOR_Rev_govt_total_prev,,,,,,,. . .,,,,,2025-08-12T08:52:39Z,2024,2024-01-01,2024-12-31
9220715,TOBACCO_MPOWER_R_TAXREVENUEPREVIOUS,COUNTRY,SWE,EUR,Europe,YEAR,2024,TOBACCO_INDICATOR,TOBACCO_INDICATOR_Rev_VAT_prev,,,,,,,. . .,,,,,2025-08-12T08:52:39Z,2024,2024-01-01,2024-12-31
9235813,TOBACCO_MPOWER_R_TAXREVENUEPREVIOUS,COUNTRY,NIC,AMR,Americas,YEAR,2024,TOBACCO_INDICATOR,TOBACCO_INDICATOR_Rev_type_prev,,,,,,,. . .,,,,,2025-08-12T08:52:39Z,2024,2024-01-01,2024-12-31
9250822,TOBACCO_MPOWER_R_TAXREVENUEPREVIOUS,COUNTRY,ERI,AFR,Africa,YEAR,2024,TOBACCO_INDICATOR,TOBACCO_INDICATOR_Rev_year_prev,,,,,,,2014,,,,,2025-08-12T15:11:05Z,2024,2024-01-01,2024-12-31
9257546,TOBACCO_MPOWER_R_TAXREVENUEPREVIOUS,COUNTRY,COL,AMR,Americas,YEAR,2024,TOBACCO_INDICATOR,TOBACCO_INDICATOR_Rev_year_prev,,,,,,,2020,,,,,2025-08-12T15:11:05Z,2024,2024-01-01,2024-12-31
9261526,TOBACCO_MPOWER_R_TAXREVENUEPREVIOUS,COUNTRY,CHL,AMR,Americas,YEAR,2024,TOBACCO_INDICATOR,TOBACCO_INDICATOR_Rev_year_prev,,,,,,,2022,,,,,2025-08-12T15:11:05Z,2024,2024-01-01,2024-12-31
9266407,TOBACCO_MPOWER_R_TAXREVENUEPREVIOUS,COUNTRY,SSD,AFR,Africa,YEAR,2024,TOBACCO_INDICATOR,TOBACCO_INDICATOR_Rev_year_prev,,,,,,,. . .,,,,,2025-08-12T08:52:39Z,2024,2024-01-01,2024-12-31
9299287,TOBACCO_MPOWER_R_TAXREVENUEPREVIOUS,COUNTRY,SWE,EUR,Europe,YEAR,2024,TOBACCO_INDICATOR,TOBACCO_INDICATOR_Rev_other_prev,,,,,,,. . .,,,,,2025-08-12T08:52:39Z,2024,2024-01-01,2024-12-31
9301259,TOBACCO_MPOWER_R_TAXREVENUEPREVIOUS,COUNTRY,KHM,WPR,Western Pacific,YEAR,2024,TOBACCO_INDICATOR,TOBACCO_INDICATOR_Rev_type_prev,,,,,,,Cigarettes only,,,,,2025-08-12T08:52:39Z,2024,2024-01-01,2024-12-31
9302354,TOBACCO_MPOWER_R_TAXREVENUEPREVIOUS,COUNTRY,MNE,EUR,Europe,YEAR,2024,TOBACCO_INDICATOR,TOBACCO_INDICATOR_Rev_import_prev,,,,,,,. . .,,,,,2025-08-12T08:52:39Z,2024,2024-01-01,2024-12-31
9316584,TOBACCO_MPOWER_R_TAXREVENUEPREVIOUS,COUNTRY,ROU,EUR,Europe,YEAR,2024,TOBACCO_INDICATOR,TOBACCO_INDICATOR_Rev_excise_prev,,,,,,,3 854 367 600,3854367600,,,,2025-08-12T08:52:39Z,2024,2024-01-01,2024-12-31
9319157,TOBACCO_MPOWER_R_TAXREVENUEPREVIOUS,COUNTRY,PRK,SEAR,South-East Asia,YEAR,2024,TOBACCO_INDICATOR,TOBACCO_INDICATOR_Rev_year_prev,,,,,,,. . .,,,,,2025-08-12T08:52:39Z,2024,2024-01-01,2024-12-31
9319640,TOBACCO_MPOWER_R_TAXREVENUEPREVIOUS,COUNTRY,PAN,AMR,Americas,YEAR,2024,TOBACCO_INDICATOR,TOBACCO_INDICATOR_Rev_VAT_prev,,,,,,,3 089 769,3089768.94,,,,2025-08-12T08:52:39Z,2024,2024-01-01,2024-12-31
9321265,TOBACCO_MPOWER_R_TAXREVENUEPREVIOUS,COUNTRY,CHE,EUR,Europe,YEAR,2024,TOBACCO_INDICATOR,TOBACCO_INDICATOR_Rev_type_prev,,,,,,,All Tobacco products,,,,,2025-08-12T08:52:39Z,2024,2024-01-01,2024-12-31
9327004,TOBACCO_MPOWER_R_TAXREVENUEPREVIOUS,COUNTRY,GRC,EUR,Europe,YEAR,2024,TOBACCO_INDICATOR,TOBACCO_INDICATOR_Rev_type_prev,,,,,,,All Tobacco products,,,,,2025-08-12T08:52:39Z,2024,2024-01-01,2024-12-31
9329081,TOBACCO_MPOWER_R_TAXREVENUEPREVIOUS,COUNTRY,STP,AFR,Africa,YEAR,2024,TOBACCO_INDICATOR,TOBACCO_INDICATOR_Rev_year_prev,,,,,,,2006,,,,,2025-08-12T15:11:05Z,2024,2024-01-01,2024-12-31
9337920,TOBACCO_MPOWER_R_TAXREVENUEPREVIOUS,COUNTRY,SSD,AFR,Africa,YEAR,2024,TOBACCO_INDICATOR,TOBACCO_INDICATOR_Rev_other_prev,,,,,,,. . .,,,,,2025-08-12T08:52:39Z,2024,2024-01-01,2024-12-31
9347805,TOBACCO_MPOWER_R_TAXREVENUEPREVIOUS,COUNTRY,CHE,EUR,Europe,YEAR,2024,TOBACCO_INDICATOR,TOBACCO_INDICATOR_Rev_year_prev,,,,,,,2022,,,,,2025-08-12T15:11:05Z,2024,2024-01-01,2024-12-31
9348453,TOBACCO_MPOWER_R_TAXREVENUEPREVIOUS,COUNTRY,UGA,AFR,Africa,YEAR,2024,TOBACCO_INDICATOR,TOBACCO_INDICATOR_Rev_govt_total_prev,,,,,,,. . .,,,,,2025-08-12T08:52:39Z,2024,2024-01-01,2024-12-31
9351860,TOBACCO_MPOWER_R_TAXREVENUEPREVIOUS,COUNTRY,DEU,EUR,Europe,YEAR,2024,TOBACCO_INDICATOR,TOBACCO_INDICATOR_Rev_excise_prev,,,,,,,14 125 973 767,14125973767,,,,2025-08-12T08:52:39Z,2024,2024-01-01,2024-12-31
9358758,TOBACCO_MPOWER_R_TAXREVENUEPREVIOUS,COUNTRY,NRU,WPR,Western Pacific,YEAR,2024,TOBACCO_INDICATOR,TOBACCO_INDICATOR_Rev_govt_total_prev,,,,,,,6 500 000,6500000,,,,2025-08-12T08:52:39Z,2024,2024-01-01,2024-12-31
9366733,TOBACCO_MPOWER_R_TAXREVENUEPREVIOUS,COUNTRY,MLT,EUR,Europe,YEAR,2024,TOBACCO_INDICATOR,TOBACCO_INDICATOR_Rev_import_prev,,,,,,,. . .,,,,,2025-08-12T08:52:39Z,2024,2024-01-01,2024-12-31
9367635,TOBACCO_MPOWER_R_TAXREVENUEPREVIOUS,COUNTRY,ZAF,AFR,Africa,YEAR,2024,TOBACCO_INDICATOR,TOBACCO_INDICATOR_Rev_curr_prev,,,,,,,ZAR,,,,,2025-08-12T08:52:39Z,2024,2024-01-01,2024-12-31
9389829,TOBACCO_MPOWER_R_TAXREVENUEPREVIOUS,COUNTRY,ARG,AMR,Americas,YEAR,2024,TOBACCO_INDICATOR,TOBACCO_INDICATOR_Rev_type_prev,,,,,,,All Tobacco products,,,,,2025-08-12T08:52:39Z,2024,2024-01-01,2024-12-31
9399792,TOBACCO_MPOWER_R_TAXREVENUEPREVIOUS,COUNTRY,IRN,EMR,Eastern Mediterranean,YEAR,2024,TOBACCO_INDICATOR,TOBACCO_INDICATOR_Rev_curr_prev,,,,,,,IRR,,,,,2025-08-12T08:52:39Z,2024,2024-01-01,2024-12-31
9401461,TOBACCO_MPOWER_R_TAXREVENUEPREVIOUS,COUNTRY,NIU,WPR,Western Pacific,YEAR,2024,TOBACCO_INDICATOR,TOBACCO_INDICATOR_Rev_import_prev,,,,,,,438 427,438427.23,,,,2025-08-12T08:52:39Z,2024,2024-01-01,2024-12-31
9409662,TOBACCO_MPOWER_R_TAXREVENUEPREVIOUS,COUNTRY,ISL,EUR,Europe,YEAR,2024,TOBACCO_INDICATOR,TOBACCO_INDICATOR_Rev_VAT_prev,,,,,,,1 201 680 000,1201680000,,,,2025-08-12T08:52:39Z,2024,2024-01-01,2024-12-31
9414598,TOBACCO_MPOWER_R_TAXREVENUEPREVIOUS,COUNTRY,CZE,EUR,Europe,YEAR,2024,TOBACCO_INDICATOR,TOBACCO_INDICATOR_Rev_curr_prev,,,,,,,CZK,,,,,2025-08-12T08:52:39Z,2024,2024-01-01,2024-12-31
9423701,TOBACCO_MPOWER_R_TAXREVENUEPREVIOUS,COUNTRY,MOZ,AFR,Africa,YEAR,2024,TOBACCO_INDICATOR,TOBACCO_INDICATOR_Rev_year_prev,,,,,,,2018,,,,,2025-08-12T15:11:05Z,2024,2024-01-01,2024-12-31
9429976,TOBACCO_MPOWER_R_TAXREVENUEPREVIOUS,COUNTRY,IDN,WPR,Western Pacific,YEAR,2024,TOBACCO_INDICATOR,TOBACCO_INDICATOR_Rev_year_prev,,,,,,,2022,,,,,2025-08-12T15:11:05Z,2024,2024-01-01,2024-12-31
9430259,TOBACCO_MPOWER_R_TAXREVENUEPREVIOUS,COUNTRY,TTO,AMR,Americas,YEAR,2024,TOBACCO_INDICATOR,TOBACCO_INDICATOR_Rev_year_prev,,,,,,,2020,,,,,2025-08-12T15:11:05Z,2024,2024-01-01,2024-12-31
9437619,TOBACCO_MPOWER_R_TAXREVENUEPREVIOUS,COUNTRY,ZWE,AFR,Africa,YEAR,2024,TOBACCO_INDICATOR,TOBACCO_INDICATOR_Rev_VAT_prev,,,,,,,.  .  .,,,,,2025-08-12T08:52:39Z,2024,2024-01-01,2024-12-31
9438307,TOBACCO_MPOWER_R_TAXREVENUEPREVIOUS,COUNTRY,NGA,AFR,Africa,YEAR,2024,TOBACCO_INDICATOR,TOBACCO_INDICATOR_Rev_type_prev,,,,,,,All Tobacco products,,,,,2025-08-12T08:52:39Z,2024,2024-01-01,2024-12-31
9453499,TOBACCO_MPOWER_R_TAXREVENUEPREVIOUS,COUNTRY,SYC,AFR,Africa,YEAR,2024,TOBACCO_INDICATOR,TOBACCO_INDICATOR_Rev_year_prev,,,,,,,2022,,,,,2025-08-12T15:11:05Z,2024,2024-01-01,2024-12-31
9454091,TOBACCO_MPOWER_R_TAXREVENUEPREVIOUS,COUNTRY,THA,SEAR,South-East Asia,YEAR,2024,TOBACCO_INDICATOR,TOBACCO_INDICATOR_Rev_year_prev,,,,,,,2022,,,,,2025-08-12T15:11:05Z,2024,2024-01-01,2024-12-31
9456252,TOBACCO_MPOWER_R_TAXREVENUEPREVIOUS,COUNTRY,JOR,EMR,Eastern Mediterranean,YEAR,2024,TOBACCO_INDICATOR,TOBACCO_INDICATOR_Rev_type_prev,,,,,,,Cigarettes only,,,,,2025-08-12T08:52:39Z,2024,2024-01-01,2024-12-31
9457757,TOBACCO_MPOWER_R_TAXREVENUEPREVIOUS,COUNTRY,CAN,AMR,Americas,YEAR,2024,TOBACCO_INDICATOR,TOBACCO_INDICATOR_Rev_type_prev,,,,,,,All Tobacco products,,,,,2025-08-12T08:52:39Z,2024,2024-01-01,2024-12-31
9466095,TOBACCO_MPOWER_R_TAXREVENUEPREVIOUS,COUNTRY,AGO,AFR,Africa,YEAR,2024,TOBACCO_INDICATOR,TOBACCO_INDICATOR_Rev_type_prev,,,,,,,Cigarettes only,,,,,2025-08-12T08:52:39Z,2024,2024-01-01,2024-12-31
9466568,TOBACCO_MPOWER_R_TAXREVENUEPREVIOUS,COUNTRY,PRY,AMR,Americas,YEAR,2024,TOBACCO_INDICATOR,TOBACCO_INDICATOR_Rev_VAT_prev,,,,,,,39 313 026 727,39313026727,,,,2025-08-12T08:52:39Z,2024,2024-01-01,2024-12-31
9479891,TOBACCO_MPOWER_R_TAXREVENUEPREVIOUS,COUNTRY,TCD,AFR,Africa,YEAR,2024,TOBACCO_INDICATOR,TOBACCO_INDICATOR_Rev_govt_total_prev,,,,,,,. . .,,,,,2025-08-12T08:52:39Z,2024,2024-01-01,2024-12-31
9483961,TOBACCO_MPOWER_R_TAXREVENUEPREVIOUS,COUNTRY,MMR,SEAR,South-East Asia,YEAR,2024,TOBACCO_INDICATOR,TOBACCO_INDICATOR_Rev_type_prev,,,,,,,All Tobacco products,,,,,2025-08-12T08:52:39Z,2024,2024-01-01,2024-12-31
9488875,TOBACCO_MPOWER_R_TAXREVENUEPREVIOUS,COUNTRY,NZL,WPR,Western Pacific,YEAR,2024,TOBACCO_INDICATOR,TOBACCO_INDICATOR_Rev_import_prev,,,,,,,. . .,,,,,2025-08-12T08:52:39Z,2024,2024-01-01,2024-12-31
9491556,TOBACCO_MPOWER_R_TAXREVENUEPREVIOUS,COUNTRY,KHM,WPR,Western Pacific,YEAR,2024,TOBACCO_INDICATOR,TOBACCO_INDICATOR_Rev_VAT_prev,,,,,,,146 223 000 000,146223000000,,,,2025-08-12T08:52:39Z,2024,2024-01-01,2024-12-31
9498728,TOBACCO_MPOWER_R_TAXREVENUEPREVIOUS,COUNTRY,TUN,EMR,Eastern Mediterranean,YEAR,2024,TOBACCO_INDICATOR,TOBACCO_INDICATOR_Rev_other_prev,,,,,,,465 397 281,465397280.58,,,,2025-08-12T15:11:05Z,2024,2024-01-01,2024-12-31
9503573,TOBACCO_MPOWER_R_TAXREVENUEPREVIOUS,COUNTRY,MRT,AFR,Africa,YEAR,2024,TOBACCO_INDICATOR,TOBACCO_INDICATOR_Rev_VAT_prev,,,,,,,. . .,,,,,2025-08-12T08:52:39Z,2024,2024-01-01,2024-12-31
9504995,TOBACCO_MPOWER_R_TAXREVENUEPREVIOUS,COUNTRY,STP,AFR,Africa,YEAR,2024,TOBACCO_INDICATOR,TOBACCO_INDICATOR_Rev_excise_prev,,,,,,,. . .,,,,,2025-08-12T08:52:39Z,2024,2024-01-01,2024-12-31
9522211,TOBACCO_MPOWER_R_TAXREVENUEPREVIOUS,COUNTRY,PRY,AMR,Americas,YEAR,2024,TOBACCO_INDICATOR,TOBACCO_INDICATOR_Rev_type_prev,,,,,,,All Tobacco products,,,,,2025-08-12T08:52:39Z,2024,2024-01-01,2024-12-31
9523494,TOBACCO_MPOWER_R_TAXREVENUEPREVIOUS,COUNTRY,AUT,EUR,Europe,YEAR,2024,TOBACCO_INDICATOR,TOBACCO_INDICATOR_Rev_VAT_prev,,,,,,,. . .,,,,,2025-08-12T08:52:39Z,2024,2024-01-01,2024-12-31
9542327,TOBACCO_MPOWER_R_TAXREVENUEPREVIOUS,COUNTRY,DOM,AMR,Americas,YEAR,2024,TOBACCO_INDICATOR,TOBACCO_INDICATOR_Rev_type_prev,,,,,,,All Tobacco products,,,,,2025-08-12T08:52:39Z,2024,2024-01-01,2024-12-31
9545609,TOBACCO_MPOWER_R_TAXREVENUEPREVIOUS,COUNTRY,ETH,AFR,Africa,YEAR,2024,TOBACCO_INDICATOR,TOBACCO_INDICATOR_Rev_curr_prev,,,,,,,ETB,,,,,2025-08-12T08:52:39Z,2024,2024-01-01,2024-12-31
9545649,TOBACCO_MPOWER_R_TAXREVENUEPREVIOUS,COUNTRY,GEO,EUR,Europe,YEAR,2024,TOBACCO_INDICATOR,TOBACCO_INDICATOR_Rev_year_prev,,,,,,,2022,,,,,2025-08-12T15:11:05Z,2024,2024-01-01,2024-12-31
9553655,TOBACCO_MPOWER_R_TAXREVENUEPREVIOUS,COUNTRY,AND,EUR,Europe,YEAR,2024,TOBACCO_INDICATOR,TOBACCO_INDICATOR_Rev_type_prev,,,,,,,All Tobacco products,,,,,2025-08-12T08:52:39Z,2024,2024-01-01,2024-12-31
9556967,TOBACCO_MPOWER_R_TAXREVENUEPREVIOUS,COUNTRY,GRC,EUR,Europe,YEAR,2024,TOBACCO_INDICATOR,TOBACCO_INDICATOR_Rev_other_prev,,,,,,,. . .,,,,,2025-08-12T08:52:39Z,2024,2024-01-01,2024-12-31
9577307,TOBACCO_MPOWER_R_TAXREVENUEPREVIOUS,COUNTRY,HTI,AMR,Americas,YEAR,2024,TOBACCO_INDICATOR,TOBACCO_INDICATOR_Rev_curr_prev,,,,,,,. .,,,,,2025-08-12T08:52:39Z,2024,2024-01-01,2024-12-31
9591119,TOBACCO_MPOWER_R_TAXREVENUEPREVIOUS,COUNTRY,SSD,AFR,Africa,YEAR,2024,TOBACCO_INDICATOR,TOBACCO_INDICATOR_Rev_VAT_prev,,,,,,,. . .,,,,,2025-08-12T08:52:39Z,2024,2024-01-01,2024-12-31
9593324,TOBACCO_MPOWER_R_TAXREVENUEPREVIOUS,COUNTRY,ISL,EUR,Europe,YEAR,2024,TOBACCO_INDICATOR,TOBACCO_INDICATOR_Rev_curr_prev,,,,,,,ISK,,,,,2025-08-12T08:52:39Z,2024,2024-01-01,2024-12-31
9616074,TOBACCO_MPOWER_R_TAXREVENUEPREVIOUS,COUNTRY,IRL,EUR,Europe,YEAR,2024,TOBACCO_INDICATOR,TOBACCO_INDICATOR_Rev_import_prev,,,,,,,. . .,,,,,2025-08-12T08:52:39Z,2024,2024-01-01,2024-12-31
9616667,TOBACCO_MPOWER_R_TAXREVENUEPREVIOUS,COUNTRY,LSO,AFR,Africa,YEAR,2024,TOBACCO_INDICATOR,TOBACCO_INDICATOR_Rev_excise_prev,,,,,,,10 114 269,10114268.93,,,,2025-08-12T08:52:39Z,2024,2024-01-01,2024-12-31
9623254,TOBACCO_MPOWER_R_TAXREVENUEPREVIOUS,COUNTRY,VUT,WPR,Western Pacific,YEAR,2024,TOBACCO_INDICATOR,TOBACCO_INDICATOR_Rev_import_prev,,,,,,,171 926 370,171926370,,,,2025-08-12T08:52:39Z,2024,2024-01-01,2024-12-31
9633717,TOBACCO_MPOWER_R_TAXREVENUEPREVIOUS,COUNTRY,NAM,AFR,Africa,YEAR,2024,TOBACCO_INDICATOR,TOBACCO_INDICATOR_Rev_curr_prev,,,,,,,NAD,,,,,2025-08-12T08:52:39Z,2024,2024-01-01,2024-12-31
9642663,TOBACCO_MPOWER_R_TAXREVENUEPREVIOUS,COUNTRY,POL,EUR,Europe,YEAR,2024,TOBACCO_INDICATOR,TOBACCO_INDICATOR_Rev_curr_prev,,,,,,,EUR,,,,,2025-08-12T08:52:39Z,2024,2024-01-01,2024-12-31
9649612,TOBACCO_MPOWER_R_TAXREVENUEPREVIOUS,COUNTRY,PAK,EMR,Eastern Mediterranean,YEAR,2024,TOBACCO_INDICATOR,TOBACCO_INDICATOR_Rev_VAT_prev,,,,,,,31 407 000 000,31407000000,,,,2025-08-12T08:52:39Z,2024,2024-01-01,2024-12-31
9650770,TOBACCO_MPOWER_R_TAXREVENUEPREVIOUS,COUNTRY,AUS,WPR,Western Pacific,YEAR,2024,TOBACCO_INDICATOR,TOBACCO_INDICATOR_Rev_type_prev,,,,,,,All Tobacco products,,,,,2025-08-12T08:52:39Z,2024,2024-01-01,2024-12-31
9651453,TOBACCO_MPOWER_R_TAXREVENUEPREVIOUS,COUNTRY,GAB,AFR,Africa,YEAR,2024,TOBACCO_INDICATOR,TOBACCO_INDICATOR_Rev_curr_prev,,,,,,,XAF,,,,,2025-08-12T08:52:39Z,2024,2024-01-01,2024-12-31
9659029,TOBACCO_MPOWER_R_TAXREVENUEPREVIOUS,COUNTRY,SYC,AFR,Africa,YEAR,2024,TOBACCO_INDICATOR,TOBACCO_INDICATOR_Rev_type_prev,,,,,,,All Tobacco products,,,,,2025-08-12T08:52:39Z,2024,2024-01-01,2024-12-31
9674157,TOBACCO_MPOWER_R_TAXREVENUEPREVIOUS,COUNTRY,PAK,EMR,Eastern Mediterranean,YEAR,2024,TOBACCO_INDICATOR,TOBACCO_INDICATOR_Rev_type_prev,,,,,,,Cigarettes only,,,,,2025-08-12T08:52:39Z,2024,2024-01-01,2024-12-31
9681877,TOBACCO_MPOWER_R_TAXREVENUEPREVIOUS,COUNTRY,WSM,WPR,Western Pacific,YEAR,2024,TOBACCO_INDICATOR,TOBACCO_INDICATOR_Rev_govt_total_prev,,,,,,,. . .,,,,,2025-08-12T08:52:39Z,2024,2024-01-01,2024-12-31
9684297,TOBACCO_MPOWER_R_TAXREVENUEPREVIOUS,COUNTRY,COK,WPR,Western Pacific,YEAR,2024,TOBACCO_INDICATOR,TOBACCO_INDICATOR_Rev_curr_prev,,,,,,,NZD,,,,,2025-08-12T08:52:39Z,2024,2024-01-01,2024-12-31
9690407,TOBACCO_MPOWER_R_TAXREVENUEPREVIOUS,COUNTRY,LUX,EUR,Europe,YEAR,2024,TOBACCO_INDICATOR,TOBACCO_INDICATOR_Rev_VAT_prev,,,,,,,. . .,,,,,2025-08-12T08:52:39Z,2024,2024-01-01,2024-12-31
9691976,TOBACCO_MPOWER_R_TAXREVENUEPREVIOUS,COUNTRY,PNG,WPR,Western Pacific,YEAR,2024,TOBACCO_INDICATOR,TOBACCO_INDICATOR_Rev_govt_total_prev,,,,,,,. . .,,,,,2025-08-12T08:52:39Z,2024,2024-01-01,2024-12-31
9693492,TOBACCO_MPOWER_R_TAXREVENUEPREVIOUS,COUNTRY,ZWE,AFR,Africa,YEAR,2024,TOBACCO_INDICATOR,TOBACCO_INDICATOR_Rev_type_prev,,,,,,,Cigarettes only,,,,,2025-08-12T08:52:39Z,2024,2024-01-01,2024-12-31
9697425,TOBACCO_MPOWER_R_TAXREVENUEPREVIOUS,COUNTRY,COD,AFR,Africa,YEAR,2024,TOBACCO_INDICATOR,TOBACCO_INDICATOR_Rev_curr_prev,,,,,,,CDF,,,,,2025-08-12T08:52:39Z,2024,2024-01-01,2024-12-31
9709702,TOBACCO_MPOWER_R_TAXREVENUEPREVIOUS,COUNTRY,MOZ,AFR,Africa,YEAR,2024,TOBACCO_INDICATOR,TOBACCO_INDICATOR_Rev_import_prev,,,,,,,3 612 160,3612160.04,,,,2025-08-12T08:52:39Z,2024,2024-01-01,2024-12-31
9719182,TOBACCO_MPOWER_R_TAXREVENUEPREVIOUS,COUNTRY,THA,SEAR,South-East Asia,YEAR,2024,TOBACCO_INDICATOR,TOBACCO_INDICATOR_Rev_other_prev,,,,,,,. . .,,,,,2025-08-12T08:52:39Z,2024,2024-01-01,2024-12-31
9721801,TOBACCO_MPOWER_R_TAXREVENUEPREVIOUS,COUNTRY,NRU,WPR,Western Pacific,YEAR,2024,TOBACCO_INDICATOR,TOBACCO_INDICATOR_Rev_VAT_prev,,,,,,,0,0,,,,2025-08-12T08:52:39Z,2024,2024-01-01,2024-12-31
9729906,TOBACCO_MPOWER_R_TAXREVENUEPREVIOUS,COUNTRY,ARE,EMR,Eastern Mediterranean,YEAR,2024,TOBACCO_INDICATOR,TOBACCO_INDICATOR_Rev_type_prev,,,,,,,All Tobacco products,,,,,2025-08-12T08:52:39Z,2024,2024-01-01,2024-12-31
9731886,TOBACCO_MPOWER_R_TAXREVENUEPREVIOUS,COUNTRY,VCT,AMR,Americas,YEAR,2024,TOBACCO_INDICATOR,TOBACCO_INDICATOR_Rev_import_prev,,,,,,,145 618,145618.49,,,,2025-08-12T08:52:39Z,2024,2024-01-01,2024-12-31
9731942,TOBACCO_MPOWER_R_TAXREVENUEPREVIOUS,COUNTRY,ECU,AMR,Americas,YEAR,2024,TOBACCO_INDICATOR,TOBACCO_INDICATOR_Rev_year_prev,,,,,,,2021,,,,,2025-08-12T15:11:05Z,2024,2024-01-01,2024-12-31
9735024,TOBACCO_MPOWER_R_TAXREVENUEPREVIOUS,COUNTRY,GRC,EUR,Europe,YEAR,2024,TOBACCO_INDICATOR,TOBACCO_INDICATOR_Rev_govt_total_prev,,,,,,,. . .,,,,,2025-08-12T08:52:39Z,2024,2024-01-01,2024-12-31
9742326,TOBACCO_MPOWER_R_TAXREVENUEPREVIOUS,COUNTRY,SWE,EUR,Europe,YEAR,2024,TOBACCO_INDICATOR,TOBACCO_INDICATOR_Rev_excise_prev,,,,,,,1 202 303 000,1202303000,,,,2025-08-12T08:52:39Z,2024,2024-01-01,2024-12-31
9757374,TOBACCO_MPOWER_R_TAXREVENUEPREVIOUS,COUNTRY,LVA,EUR,Europe,YEAR,2024,TOBACCO_INDICATOR,TOBACCO_INDICATOR_Rev_VAT_prev,,,,,,,. . .,,,,,2025-08-12T08:52:39Z,2024,2024-01-01,2024-12-31
9764822,TOBACCO_MPOWER_R_TAXREVENUEPREVIOUS,COUNTRY,JOR,EMR,Eastern Mediterranean,YEAR,2024,TOBACCO_INDICATOR,TOBACCO_INDICATOR_Rev_import_prev,,,,,,,. . .,,,,,2025-08-12T08:52:39Z,2024,2024-01-01,2024-12-31
9769900,TOBACCO_MPOWER_R_TAXREVENUEPREVIOUS,COUNTRY,AUT,EUR,Europe,YEAR,2024,TOBACCO_INDICATOR,TOBACCO_INDICATOR_Rev_import_prev,,,,,,,. . .,,,,,2025-08-12T08:52:39Z,2024,2024-01-01,2024-12-31
9770046,TOBACCO_MPOWER_R_TAXREVENUEPREVIOUS,COUNTRY,BEL,EUR,Europe,YEAR,2024,TOBACCO_INDICATOR,TOBACCO_INDICATOR_Rev_excise_prev,,,,,,,2 771 779 892,2771779892,,,,2025-08-12T08:52:39Z,2024,2024-01-01,2024-12-31
9771312,TOBACCO_MPOWER_R_TAXREVENUEPREVIOUS,COUNTRY,CHE,EUR,Europe,YEAR,2024,TOBACCO_INDICATOR,TOBACCO_INDICATOR_Rev_excise_prev,,,,,,,2 029 000 000,2029000000,,,,2025-08-12T08:52:39Z,2024,2024-01-01,2024-12-31
9778158,TOBACCO_MPOWER_R_TAXREVENUEPREVIOUS,COUNTRY,DOM,AMR,Americas,YEAR,2024,TOBACCO_INDICATOR,TOBACCO_INDICATOR_Rev_import_prev,,,,,,,. . .,,,,,2025-08-12T08:52:39Z,2024,2024-01-01,2024-12-31
9790873,TOBACCO_MPOWER_R_TAXREVENUEPREVIOUS,COUNTRY,BRA,AMR,Americas,YEAR,2024,TOBACCO_INDICATOR,TOBACCO_INDICATOR_Rev_year_prev,,,,,,,2022,,,,,2025-08-12T15:11:05Z,2024,2024-01-01,2024-12-31
9802976,TOBACCO_MPOWER_R_TAXREVENUEPREVIOUS,COUNTRY,MNE,EUR,Europe,YEAR,2024,TOBACCO_INDICATOR,TOBACCO_INDICATOR_Rev_VAT_prev,,,,,,,. . .,,,,,2025-08-12T08:52:39Z,2024,2024-01-01,2024-12-31
9808310,TOBACCO_MPOWER_R_TAXREVENUEPREVIOUS,COUNTRY,GTM,AMR,Americas,YEAR,2024,TOBACCO_INDICATOR,TOBACCO_INDICATOR_Rev_year_prev,,,,,,,2020,,,,,2025-08-12T15:11:05Z,2024,2024-01-01,2024-12-31
9811660,TOBACCO_MPOWER_R_TAXREVENUEPREVIOUS,COUNTRY,AUS,WPR,Western Pacific,YEAR,2024,TOBACCO_INDICATOR,TOBACCO_INDICATOR_Rev_govt_total_prev,,,,,,,. . .,,,,,2025-08-12T08:52:39Z,2024,2024-01-01,2024-12-31
9817011,TOBACCO_MPOWER_R_TAXREVENUEPREVIOUS,COUNTRY,MUS,AFR,Africa,YEAR,2024,TOBACCO_INDICATOR,TOBACCO_INDICATOR_Rev_excise_prev,,,,,,,6 654 178 415,6654178415.000001,,,,2025-08-12T08:52:39Z,2024,2024-01-01,2024-12-31
9818143,TOBACCO_MPOWER_R_TAXREVENUEPREVIOUS,COUNTRY,HND,AMR,Americas,YEAR,2024,TOBACCO_INDICATOR,TOBACCO_INDICATOR_Rev_type_prev,,,,,,,Cigarettes only,,,,,2025-08-12T08:52:39Z,2024,2024-01-01,2024-12-31
9822313,TOBACCO_MPOWER_R_TAXREVENUEPREVIOUS,COUNTRY,AUT,EUR,Europe,YEAR,2024,TOBACCO_INDICATOR,TOBACCO_INDICATOR_Rev_type_prev,,,,,,,All Tobacco products,,,,,2025-08-12T08:52:39Z,2024,2024-01-01,2024-12-31
9827971,TOBACCO_MPOWER_R_TAXREVENUEPREVIOUS,COUNTRY,GMB,AFR,Africa,YEAR,2024,TOBACCO_INDICATOR,TOBACCO_INDICATOR_Rev_import_prev,,,,,,,8 457 017,8457017,,,,2025-08-12T08:52:39Z,2024,2024-01-01,2024-12-31
9841474,TOBACCO_MPOWER_R_TAXREVENUEPREVIOUS,COUNTRY,ZMB,AFR,Africa,YEAR,2024,TOBACCO_INDICATOR,TOBACCO_INDICATOR_Rev_VAT_prev,,,,,,,16 617 977,16617976.6,,,,2025-08-12T08:52:39Z,2024,2024-01-01,2024-12-31
9850842,TOBACCO_MPOWER_R_TAXREVENUEPREVIOUS,COUNTRY,AUT,EUR,Europe,YEAR,2024,TOBACCO_INDICATOR,TOBACCO_INDICATOR_Rev_excise_prev,,,,,,,2 075 397 100,2075397100,,,,2025-08-12T08:52:39Z,2024,2024-01-01,2024-12-31
9851631,TOBACCO_MPOWER_R_TAXREVENUEPREVIOUS,COUNTRY,BLZ,AMR,Americas,YEAR,2024,TOBACCO_INDICATOR,TOBACCO_INDICATOR_Rev_import_prev,,,,,,,197 109,197109.37,,,,2025-08-12T08:52:39Z,2024,2024-01-01,2024-12-31
9855876,TOBACCO_MPOWER_R_TAXREVENUEPREVIOUS,COUNTRY,AUT,EUR,Europe,YEAR,2024,TOBACCO_INDICATOR,TOBACCO_INDICATOR_Rev_curr_prev,,,,,,,EUR,,,,,2025-08-12T08:52:39Z,2024,2024-01-01,2024-12-31
9858454,TOBACCO_MPOWER_R_TAXREVENUEPREVIOUS,COUNTRY,UKR,EUR,Europe,YEAR,2024,TOBACCO_INDICATOR,TOBACCO_INDICATOR_Rev_other_prev,,,,,,,. . .,,,,,2025-08-12T08:52:39Z,2024,2024-01-01,2024-12-31
9868386,TOBACCO_MPOWER_R_TAXREVENUEPREVIOUS,COUNTRY,BTN,SEAR,South-East Asia,YEAR,2024,TOBACCO_INDICATOR,TOBACCO_INDICATOR_Rev_govt_total_prev,,,,,,,20 309 260,20309260,,,,2025-08-12T08:52:39Z,2024,2024-01-01,2024-12-31
9872114,TOBACCO_MPOWER_R_TAXREVENUEPREVIOUS,COUNTRY,SWE,EUR,Europe,YEAR,2024,TOBACCO_INDICATOR,TOBACCO_INDICATOR_Rev_year_prev,,,,,,,2022,,,,,2025-08-12T15:11:05Z,2024,2024-01-01,2024-12-31
9880325,TOBACCO_MPOWER_R_TAXREVENUEPREVIOUS,COUNTRY,GTM,AMR,Americas,YEAR,2024,TOBACCO_INDICATOR,TOBACCO_INDICATOR_Rev_type_prev,,,,,,,All Tobacco products,,,,,2025-08-12T08:52:39Z,2024,2024-01-01,2024-12-31
9899427,TOBACCO_MPOWER_R_TAXREVENUEPREVIOUS,COUNTRY,MRT,AFR,Africa,YEAR,2024,TOBACCO_INDICATOR,TOBACCO_INDICATOR_Rev_year_prev,,,,,,,2019,,,,,2025-08-12T15:11:05Z,2024,2024-01-01,2024-12-31
9909415,TOBACCO_MPOWER_R_TAXREVENUEPREVIOUS,COUNTRY,NGA,AFR,Africa,YEAR,2024,TOBACCO_INDICATOR,TOBACCO_INDICATOR_Rev_excise_prev,,,,,,,56 923 213 973,56923213973.28,,,,2025-08-12T15:11:05Z,2024,2024-01-01,2024-12-31
9910528,TOBACCO_MPOWER_R_TAXREVENUEPREVIOUS,COUNTRY,MNE,EUR,Europe,YEAR,2024,TOBACCO_INDICATOR,TOBACCO_INDICATOR_Rev_year_prev,,,,,,,2022,,,,,2025-08-12T15:11:05Z,2024,2024-01-01,2024-12-31
9931243,TOBACCO_MPOWER_R_TAXREVENUEPREVIOUS,COUNTRY,LSO,AFR,Africa,YEAR,2024,TOBACCO_INDICATOR,TOBACCO_INDICATOR_Rev_curr_prev,,,,,,,LSL,,,,,2025-08-12T08:52:39Z,2024,2024-01-01,2024-12-31
9933216,TOBACCO_MPOWER_R_TAXREVENUEPREVIOUS,COUNTRY,GUY,AMR,Americas,YEAR,2024,TOBACCO_INDICATOR,TOBACCO_INDICATOR_Rev_year_prev,,,,,,,2018,,,,,2025-08-12T15:11:05Z,2024,2024-01-01,2024-12-31
9934030,TOBACCO_MPOWER_R_TAXREVENUEPREVIOUS,COUNTRY,COL,AMR,Americas,YEAR,2024,TOBACCO_INDICATOR,TOBACCO_INDICATOR_Rev_curr_prev,,,,,,,COP,,,,,2025-08-12T08:52:39Z,2024,2024-01-01,2024-12-31
9956549,TOBACCO_MPOWER_R_TAXREVENUEPREVIOUS,COUNTRY,COG,AFR,Africa,YEAR,2024,TOBACCO_INDICATOR,TOBACCO_INDICATOR_Rev_type_prev,,,,,,,All Tobacco products,,,,,2025-08-12T08:52:39Z,2024,2024-01-01,2024-12-31
9957749,TOBACCO_MPOWER_R_TAXREVENUEPREVIOUS,COUNTRY,KIR,WPR,Western Pacific,YEAR,2024,TOBACCO_INDICATOR,TOBACCO_INDICATOR_Rev_other_prev,,,,,,,. . .,,,,,2025-08-12T08:52:39Z,2024,2024-01-01,2024-12-31
9971165,TOBACCO_MPOWER_R_TAXREVENUEPREVIOUS,COUNTRY,NPL,SEAR,South-East Asia,YEAR,2024,TOBACCO_INDICATOR,TOBACCO_INDICATOR_Rev_other_prev,,,,,,,. . .,,,,,2025-08-12T08:52:39Z,2024,2024-01-01,2024-12-31
9977123,TOBACCO_MPOWER_R_TAXREVENUEPREVIOUS,COUNTRY,QAT,EMR,Eastern Mediterranean,YEAR,2024,TOBACCO_INDICATOR,TOBACCO_INDICATOR_Rev_other_prev,,,,,,,0,0,,,,2025-08-12T08:52:39Z,2024,2024-01-01,2024-12-31
9983440,TOBACCO_MPOWER_R_TAXREVENUEPREVIOUS,COUNTRY,TGO,AFR,Africa,YEAR,2024,TOBACCO_INDICATOR,TOBACCO_INDICATOR_Rev_type_prev,,,,,,,Cigarettes only,,,,,2025-08-12T08:52:39Z,2024,2024-01-01,2024-12-31
9994927,TOBACCO_MPOWER_R_TAXREVENUEPREVIOUS,COUNTRY,KWT,EMR,Eastern Mediterranean,YEAR,2024,TOBACCO_INDICATOR,TOBACCO_INDICATOR_Rev_govt_total_prev,,,,,,,61 819 406,61819406.23,,,,2025-08-12T08:52:39Z,2024,2024-01-01,2024-12-31
9996868,TOBACCO_MPOWER_R_TAXREVENUEPREVIOUS,COUNTRY,GMB,AFR,Africa,YEAR,2024,TOBACCO_INDICATOR,TOBACCO_INDICATOR_Rev_curr_prev,,,,,,,GMD,,,,,2025-08-12T08:52:39Z,2024,2024-01-01,2024-12-31
10008644,TOBACCO_MPOWER_R_TAXREVENUEPREVIOUS,COUNTRY,MMR,SEAR,South-East Asia,YEAR,2024,TOBACCO_INDICATOR,TOBACCO_INDICATOR_Rev_import_prev,,,,,,,. . .,,,,,2025-08-12T08:52:39Z,2024,2024-01-01,2024-12-31
10012926,TOBACCO_MPOWER_R_TAXREVENUEPREVIOUS,COUNTRY,SMR,EUR,Europe,YEAR,2024,TOBACCO_INDICATOR,TOBACCO_INDICATOR_Rev_year_prev,,,,,,,. . .,,,,,2025-08-12T08:52:39Z,2024,2024-01-01,2024-12-31
10016290,TOBACCO_MPOWER_R_TAXREVENUEPREVIOUS,COUNTRY,SVK,EUR,Europe,YEAR,2024,TOBACCO_INDICATOR,TOBACCO_INDICATOR_Rev_excise_prev,,,,,,,901 200 000,901200000,,,,2025-08-12T08:52:39Z,2024,2024-01-01,2024-12-31
10025674,TOBACCO_MPOWER_R_TAXREVENUEPREVIOUS,COUNTRY,DMA,AMR,Americas,YEAR,2024,TOBACCO_INDICATOR,TOBACCO_INDICATOR_Rev_VAT_prev,,,,,,,130 202,130202.14,,,,2025-08-12T08:52:39Z,2024,2024-01-01,2024-12-31
10035361,TOBACCO_MPOWER_R_TAXREVENUEPREVIOUS,COUNTRY,TUR,EUR,Europe,YEAR,2024,TOBACCO_INDICATOR,TOBACCO_INDICATOR_Rev_curr_prev,,,,,,,TRY,,,,,2025-08-12T08:52:39Z,2024,2024-01-01,2024-12-31
10045243,TOBACCO_MPOWER_R_TAXREVENUEPREVIOUS,COUNTRY,ARG,AMR,Americas,YEAR,2024,TOBACCO_INDICATOR,TOBACCO_INDICATOR_Rev_other_prev,,,,,,,42 165 769 388,42165769387.92,,,,2025-08-12T15:11:05Z,2024,2024-01-01,2024-12-31
10064548,TOBACCO_MPOWER_R_TAXREVENUEPREVIOUS,COUNTRY,GHA,AFR,Africa,YEAR,2024,TOBACCO_INDICATOR,TOBACCO_INDICATOR_Rev_year_prev,,,,,,,2022,,,,,2025-08-12T15:11:05Z,2024,2024-01-01,2024-12-31
10066653,TOBACCO_MPOWER_R_TAXREVENUEPREVIOUS,COUNTRY,ZWE,AFR,Africa,YEAR,2024,TOBACCO_INDICATOR,TOBACCO_INDICATOR_Rev_govt_total_prev,,,,,,,.  .  .,,,,,2025-08-12T08:52:39Z,2024,2024-01-01,2024-12-31
10071918,TOBACCO_MPOWER_R_TAXREVENUEPREVIOUS,COUNTRY,DJI,EMR,Eastern Mediterranean,YEAR,2024,TOBACCO_INDICATOR,TOBACCO_INDICATOR_Rev_type_prev,,,,,,,. . .,,,,,2025-08-12T08:52:39Z,2024,2024-01-01,2024-12-31
10102831,TOBACCO_MPOWER_R_TAXREVENUEPREVIOUS,COUNTRY,GEO,EUR,Europe,YEAR,2024,TOBACCO_INDICATOR,TOBACCO_INDICATOR_Rev_govt_total_prev,,,,,,,. . .,,,,,2025-08-12T08:52:39Z,2024,2024-01-01,2024-12-31
10104929,TOBACCO_MPOWER_R_TAXREVENUEPREVIOUS,COUNTRY,PRT,EUR,Europe,YEAR,2024,TOBACCO_INDICATOR,TOBACCO_INDICATOR_Rev_govt_total_prev,,,,,,,. . .,,,,,2025-08-12T08:52:39Z,2024,2024-01-01,2024-12-31
10123642,TOBACCO_MPOWER_R_TAXREVENUEPREVIOUS,COUNTRY,UKR,EUR,Europe,YEAR,2024,TOBACCO_INDICATOR,TOBACCO_INDICATOR_Rev_govt_total_prev,,,,,,,. . .,,,,,2025-08-12T08:52:39Z,2024,2024-01-01,2024-12-31
10124366,TOBACCO_MPOWER_R_TAXREVENUEPREVIOUS,COUNTRY,TTO,AMR,Americas,YEAR,2024,TOBACCO_INDICATOR,TOBACCO_INDICATOR_Rev_other_prev,,,,,,,50 177 452,50177452.08,,,,2025-08-12T08:52:39Z,2024,2024-01-01,2024-12-31
10126351,TOBACCO_MPOWER_R_TAXREVENUEPREVIOUS,COUNTRY,BTN,SEAR,South-East Asia,YEAR,2024,TOBACCO_INDICATOR,TOBACCO_INDICATOR_Rev_excise_prev,,,,,,,. . .,,,,,2025-08-12T08:52:39Z,2024,2024-01-01,2024-12-31
10138877,TOBACCO_MPOWER_R_TAXREVENUEPREVIOUS,COUNTRY,EGY,EMR,Eastern Mediterranean,YEAR,2024,TOBACCO_INDICATOR,TOBACCO_INDICATOR_Rev_type_prev,,,,,,,All Tobacco products,,,,,2025-08-12T08:52:39Z,2024,2024-01-01,2024-12-31
10157812,TOBACCO_MPOWER_R_TAXREVENUEPREVIOUS,COUNTRY,COD,AFR,Africa,YEAR,2024,TOBACCO_INDICATOR,TOBACCO_INDICATOR_Rev_type_prev,,,,,,,Cigarettes only,,,,,2025-08-12T08:52:39Z,2024,2024-01-01,2024-12-31
10160371,TOBACCO_MPOWER_R_TAXREVENUEPREVIOUS,COUNTRY,FRA,EUR,Europe,YEAR,2024,TOBACCO_INDICATOR,TOBACCO_INDICATOR_Rev_govt_total_prev,,,,,,,. . .,,,,,2025-08-12T08:52:39Z,2024,2024-01-01,2024-12-31
10167127,TOBACCO_MPOWER_R_TAXREVENUEPREVIOUS,COUNTRY,LTU,EUR,Europe,YEAR,2024,TOBACCO_INDICATOR,TOBACCO_INDICATOR_Rev_VAT_prev,,,,,,,. . .,,,,,2025-08-12T08:52:39Z,2024,2024-01-01,2024-12-31
10171915,TOBACCO_MPOWER_R_TAXREVENUEPREVIOUS,COUNTRY,ATG,AMR,Americas,YEAR,2024,TOBACCO_INDICATOR,TOBACCO_INDICATOR_Rev_VAT_prev,,,,,,,306 069,306068.9,,,,2025-08-12T08:52:39Z,2024,2024-01-01,2024-12-31
10189358,TOBACCO_MPOWER_R_TAXREVENUEPREVIOUS,COUNTRY,DZA,AFR,Africa,YEAR,2024,TOBACCO_INDICATOR,TOBACCO_INDICATOR_Rev_other_prev,,,,,,,67 207 022 651,67207022651,,,,2025-08-12T08:52:39Z,2024,2024-01-01,2024-12-31
10190280,TOBACCO_MPOWER_R_TAXREVENUEPREVIOUS,COUNTRY,TZA,AFR,Africa,YEAR,2024,TOBACCO_INDICATOR,TOBACCO_INDICATOR_Rev_excise_prev,,,,,,,145 257 680 000,145257680000,,,,2025-08-12T15:11:05Z,2024,2024-01-01,2024-12-31
10195561,TOBACCO_MPOWER_R_TAXREVENUEPREVIOUS,COUNTRY,LSO,AFR,Africa,YEAR,2024,TOBACCO_INDICATOR,TOBACCO_INDICATOR_Rev_other_prev,,,,,,,. . .,,,,,2025-08-12T08:52:39Z,2024,2024-01-01,2024-12-31
10201809,TOBACCO_MPOWER_R_TAXREVENUEPREVIOUS,COUNTRY,CMR,AFR,Africa,YEAR,2024,TOBACCO_INDICATOR,TOBACCO_INDICATOR_Rev_type_prev,,,,,,,Cigarettes only,,,,,2025-08-12T08:52:39Z,2024,2024-01-01,2024-12-31
10212524,TOBACCO_MPOWER_R_TAXREVENUEPREVIOUS,COUNTRY,MEX,AMR,Americas,YEAR,2024,TOBACCO_INDICATOR,TOBACCO_INDICATOR_Rev_import_prev,,,,,,,. . .,,,,,2025-08-12T08:52:39Z,2024,2024-01-01,2024-12-31
10219261,TOBACCO_MPOWER_R_TAXREVENUEPREVIOUS,COUNTRY,SYR,EMR,Eastern Mediterranean,YEAR,2024,TOBACCO_INDICATOR,TOBACCO_INDICATOR_Rev_curr_prev,,,,,,,. .,,,,,2025-08-12T08:52:39Z,2024,2024-01-01,2024-12-31
10236100,TOBACCO_MPOWER_R_TAXREVENUEPREVIOUS,COUNTRY,EST,EUR,Europe,YEAR,2024,TOBACCO_INDICATOR,TOBACCO_INDICATOR_Rev_import_prev,,,,,,,. . .,,,,,2025-08-12T08:52:39Z,2024,2024-01-01,2024-12-31
10249435,TOBACCO_MPOWER_R_TAXREVENUEPREVIOUS,COUNTRY,JOR,EMR,Eastern Mediterranean,YEAR,2024,TOBACCO_INDICATOR,TOBACCO_INDICATOR_Rev_other_prev,,,,,,,. . .,,,,,2025-08-12T08:52:39Z,2024,2024-01-01,2024-12-31
10254718,TOBACCO_MPOWER_R_TAXREVENUEPREVIOUS,COUNTRY,NER,AFR,Africa,YEAR,2024,TOBACCO_INDICATOR,TOBACCO_INDICATOR_Rev_year_prev,,,,,,,2021,,,,,2025-08-12T15:11:05Z,2024,2024-01-01,2024-12-31
10269984,TOBACCO_MPOWER_R_TAXREVENUEPREVIOUS,COUNTRY,JPN,WPR,Western Pacific,YEAR,2024,TOBACCO_INDICATOR,TOBACCO_INDICATOR_Rev_type_prev,,,,,,,All Tobacco products,,,,,2025-08-12T08:52:39Z,2024,2024-01-01,2024-12-31
10276672,TOBACCO_MPOWER_R_TAXREVENUEPREVIOUS,COUNTRY,GUY,AMR,Americas,YEAR,2024,TOBACCO_INDICATOR,TOBACCO_INDICATOR_Rev_VAT_prev,,,,,,,321 131 229,321131229,,,,2025-08-12T08:52:39Z,2024,2024-01-01,2024-12-31
10277495,TOBACCO_MPOWER_R_TAXREVENUEPREVIOUS,COUNTRY,ALB,EUR,Europe,YEAR,2024,TOBACCO_INDICATOR,TOBACCO_INDICATOR_Rev_import_prev,,,,,,,. . .,,,,,2025-08-12T08:52:39Z,2024,2024-01-01,2024-12-31
