Id,IndicatorCode,SpatialDimension,SpatialDimensionValueCode,ParentLocationCode,ParentLocation,TimeDimension,TimeDim,DisaggregatingDimension1,DisaggregatingDimension1ValueCode,DisaggregatingDimension2,DisaggregatingDimension2ValueCode,DisaggregatingDimension3,DisaggregatingDimension3ValueCode,DataSourceDimension,DataSourceDimensionValueCode,Value,NumericValue,Low,High,Comments,Date,TimeDimensionValue,TimeDimensionBegin,TimeDimensionEnd
2949578,TOBACCO_MPOWER_R_TAXSTRUCTURE,COUNTRY,COG,AFR,Africa,YEAR,2024,TOBACCO_INDICATOR,TOBACCO_INDICATOR_R_afford_price_gap_decreased,,,,,,,Yes,,,,,2025-08-20T09:41:26Z,2024,2024-01-01,2024-12-31
2958143,TOBACCO_MPOWER_R_TAXSTRUCTURE,COUNTRY,FIN,EUR,Europe,YEAR,2024,TOBACCO_INDICATOR,TOBACCO_INDICATOR_R_excise_specific_reliance,,,,,,,No,,,,,2025-08-20T09:41:26Z,2024,2024-01-01,2024-12-31
2961522,TOBACCO_MPOWER_R_TAXSTRUCTURE,COUNTRY,USA,AMR,Americas,YEAR,2024,TOBACCO_INDICATOR,TOBACCO_INDICATOR_R_excise_min_specific,,,,,,,—,,,,,2025-08-20T09:41:26Z,2024,2024-01-01,2024-12-31
2968189,TOBACCO_MPOWER_R_TAXSTRUCTURE,COUNTRY,AZE,EUR,Europe,YEAR,2024,TOBACCO_INDICATOR,TOBACCO_INDICATOR_R_afford_price_dispersion,,,,,,,48.89,48.89,,,,2025-08-20T09:41:26Z,2024,2024-01-01,2024-12-31
2970749,TOBACCO_MPOWER_R_TAXSTRUCTURE,COUNTRY,KWT,EMR,Eastern Mediterranean,YEAR,2024,TOBACCO_INDICATOR,TOBACCO_INDICATOR_R_htp_excise_device,,,,,,,—,,,,,2025-08-20T09:41:26Z,2024,2024-01-01,2024-12-31
2971823,TOBACCO_MPOWER_R_TAXSTRUCTURE,COUNTRY,TKM,EUR,Europe,YEAR,2024,TOBACCO_INDICATOR,TOBACCO_INDICATOR_R_min_price_policy,,,,,,,Yes,,,,,2025-08-20T09:41:26Z,2024,2024-01-01,2024-12-31
2976119,TOBACCO_MPOWER_R_TAXSTRUCTURE,COUNTRY,LAO,WPR,Western Pacific,YEAR,2024,TOBACCO_INDICATOR,TOBACCO_INDICATOR_R_eliquid_excise_type,,,,,,,—,,,,,2025-08-20T09:41:26Z,2024,2024-01-01,2024-12-31
2983806,TOBACCO_MPOWER_R_TAXSTRUCTURE,COUNTRY,MNE,EUR,Europe,YEAR,2024,TOBACCO_INDICATOR,TOBACCO_INDICATOR_R_afford_price_dispersion,,,,,,,71.79,71.79,,,,2025-08-20T09:41:26Z,2024,2024-01-01,2024-12-31
2997274,TOBACCO_MPOWER_R_TAXSTRUCTURE,COUNTRY,CRI,AMR,Americas,YEAR,2024,TOBACCO_INDICATOR,TOBACCO_INDICATOR_R_afford_price_gap_decreased,,,,,,,No,,,,,2025-08-20T09:41:26Z,2024,2024-01-01,2024-12-31
2999998,TOBACCO_MPOWER_R_TAXSTRUCTURE,COUNTRY,ZMB,AFR,Africa,YEAR,2024,TOBACCO_INDICATOR,TOBACCO_INDICATOR_R_afford_tax_auto_adjust,,,,,,,Yes,,,,Automatic adjustment of the excise operational as of 2025.,2025-08-20T09:41:26Z,2024,2024-01-01,2024-12-31
3004466,TOBACCO_MPOWER_R_TAXSTRUCTURE,COUNTRY,SWE,EUR,Europe,YEAR,2024,TOBACCO_INDICATOR,TOBACCO_INDICATOR_R_min_price_policy,,,,,,,No,,,,,2025-08-20T09:41:26Z,2024,2024-01-01,2024-12-31
3005460,TOBACCO_MPOWER_R_TAXSTRUCTURE,COUNTRY,BLZ,AMR,Americas,YEAR,2024,TOBACCO_INDICATOR,TOBACCO_INDICATOR_R_htp_excise_device,,,,,,,—,,,,,2025-08-20T09:41:26Z,2024,2024-01-01,2024-12-31
3010331,TOBACCO_MPOWER_R_TAXSTRUCTURE,COUNTRY,IDN,WPR,Western Pacific,YEAR,2024,TOBACCO_INDICATOR,TOBACCO_INDICATOR_R_htp_excise_device,,,,,,,No,,,,,2025-08-20T09:41:26Z,2024,2024-01-01,2024-12-31
3012664,TOBACCO_MPOWER_R_TAXSTRUCTURE,COUNTRY,GMB,AFR,Africa,YEAR,2024,TOBACCO_INDICATOR,TOBACCO_INDICATOR_R_excise_specific_reliance,,,,,,,Yes,,,,,2025-08-20T09:41:26Z,2024,2024-01-01,2024-12-31
3013626,TOBACCO_MPOWER_R_TAXSTRUCTURE,COUNTRY,BRN,WPR,Western Pacific,YEAR,2024,TOBACCO_INDICATOR,TOBACCO_INDICATOR_R_htp_excise_type_sticks,,,,,,,Specific,,,,,2025-08-20T09:41:26Z,2024,2024-01-01,2024-12-31
3014538,TOBACCO_MPOWER_R_TAXSTRUCTURE,COUNTRY,GMB,AFR,Africa,YEAR,2024,TOBACCO_INDICATOR,TOBACCO_INDICATOR_R_htp_excise_type_sticks,,,,,,,—,,,,,2025-08-20T09:41:26Z,2024,2024-01-01,2024-12-31
3029434,TOBACCO_MPOWER_R_TAXSTRUCTURE,COUNTRY,MNE,EUR,Europe,YEAR,2024,TOBACCO_INDICATOR,TOBACCO_INDICATOR_R_afford_price_gap_decreased,,,,,,,No,,,,,2025-08-20T09:41:26Z,2024,2024-01-01,2024-12-31
3034145,TOBACCO_MPOWER_R_TAXSTRUCTURE,COUNTRY,SLV,AMR,Americas,YEAR,2024,TOBACCO_INDICATOR,TOBACCO_INDICATOR_R_eliquid_excise_nicotine,,,,,,,—,,,,,2025-08-20T09:41:26Z,2024,2024-01-01,2024-12-31
3034597,TOBACCO_MPOWER_R_TAXSTRUCTURE,COUNTRY,COD,AFR,Africa,YEAR,2024,TOBACCO_INDICATOR,TOBACCO_INDICATOR_R_htp_excise_device,,,,,,,. . .,,,,,2025-08-20T09:41:26Z,2024,2024-01-01,2024-12-31
3036515,TOBACCO_MPOWER_R_TAXSTRUCTURE,COUNTRY,LSO,AFR,Africa,YEAR,2024,TOBACCO_INDICATOR,TOBACCO_INDICATOR_R_excise_specific_reliance,,,,,,,—,,,,,2025-08-20T09:41:26Z,2024,2024-01-01,2024-12-31
3040240,TOBACCO_MPOWER_R_TAXSTRUCTURE,COUNTRY,MLI,AFR,Africa,YEAR,2024,TOBACCO_INDICATOR,TOBACCO_INDICATOR_R_eliquid_excise_nicotine,,,,,,,. . .,,,,,2025-08-20T09:41:26Z,2024,2024-01-01,2024-12-31
3041091,TOBACCO_MPOWER_R_TAXSTRUCTURE,COUNTRY,MDG,AFR,Africa,YEAR,2024,TOBACCO_INDICATOR,TOBACCO_INDICATOR_R_eliquid_excise_device,,,,,,,. . .,,,,,2025-08-20T09:41:26Z,2024,2024-01-01,2024-12-31
3045832,TOBACCO_MPOWER_R_TAXSTRUCTURE,COUNTRY,TON,WPR,Western Pacific,YEAR,2024,TOBACCO_INDICATOR,TOBACCO_INDICATOR_R_excise_retail_price_base,,,,,,,—,,,,,2025-08-20T09:41:26Z,2024,2024-01-01,2024-12-31
3049467,TOBACCO_MPOWER_R_TAXSTRUCTURE,COUNTRY,GRD,AMR,Americas,YEAR,2024,TOBACCO_INDICATOR,TOBACCO_INDICATOR_R_eliquid_excise_device,,,,,,,. . .,,,,,2025-08-20T09:41:26Z,2024,2024-01-01,2024-12-31
3053047,TOBACCO_MPOWER_R_TAXSTRUCTURE,COUNTRY,KNA,AMR,Americas,YEAR,2024,TOBACCO_INDICATOR,TOBACCO_INDICATOR_R_excise_min_specific,,,,,,,No,,,,,2025-08-20T09:41:26Z,2024,2024-01-01,2024-12-31
3080781,TOBACCO_MPOWER_R_TAXSTRUCTURE,COUNTRY,ESP,EUR,Europe,YEAR,2024,TOBACCO_INDICATOR,TOBACCO_INDICATOR_R_excise_retail_price_base,,,,,,,Yes,,,,,2025-08-20T09:41:26Z,2024,2024-01-01,2024-12-31
3080896,TOBACCO_MPOWER_R_TAXSTRUCTURE,COUNTRY,FRA,EUR,Europe,YEAR,2024,TOBACCO_INDICATOR,TOBACCO_INDICATOR_R_eliquid_excise_nicotine,,,,,,,—,,,,,2025-08-20T09:41:26Z,2024,2024-01-01,2024-12-31
3100510,TOBACCO_MPOWER_R_TAXSTRUCTURE,COUNTRY,KWT,EMR,Eastern Mediterranean,YEAR,2024,TOBACCO_INDICATOR,TOBACCO_INDICATOR_R_afford_price_dispersion,,,,,,,35.29,35.29,,,,2025-08-20T09:41:26Z,2024,2024-01-01,2024-12-31
3101100,TOBACCO_MPOWER_R_TAXSTRUCTURE,COUNTRY,BOL,AMR,Americas,YEAR,2024,TOBACCO_INDICATOR,TOBACCO_INDICATOR_R_excise_type,,,,,,,Specific,,,,,2025-08-20T09:41:26Z,2024,2024-01-01,2024-12-31
3117394,TOBACCO_MPOWER_R_TAXSTRUCTURE,COUNTRY,HTI,AMR,Americas,YEAR,2024,TOBACCO_INDICATOR,TOBACCO_INDICATOR_R_min_price_policy,,,,,,,No,,,,,2025-08-20T09:41:26Z,2024,2024-01-01,2024-12-31
3117529,TOBACCO_MPOWER_R_TAXSTRUCTURE,COUNTRY,MNE,EUR,Europe,YEAR,2024,TOBACCO_INDICATOR,TOBACCO_INDICATOR_R_eliquid_excise_type,,,,,,,Specific,,,,,2025-08-20T09:41:26Z,2024,2024-01-01,2024-12-31
3122585,TOBACCO_MPOWER_R_TAXSTRUCTURE,COUNTRY,LSO,AFR,Africa,YEAR,2024,TOBACCO_INDICATOR,TOBACCO_INDICATOR_R_afford_tax_auto_adjust,,,,,,,Yes,,,,,2025-08-20T09:41:26Z,2024,2024-01-01,2024-12-31
3127350,TOBACCO_MPOWER_R_TAXSTRUCTURE,COUNTRY,GEO,EUR,Europe,YEAR,2024,TOBACCO_INDICATOR,TOBACCO_INDICATOR_R_excise_uniform_varied,,,,,,,Yes,,,,,2025-08-20T09:41:26Z,2024,2024-01-01,2024-12-31
3128888,TOBACCO_MPOWER_R_TAXSTRUCTURE,COUNTRY,BEN,AFR,Africa,YEAR,2024,TOBACCO_INDICATOR,TOBACCO_INDICATOR_R_excise_retail_price_base,,,,,,,No,,,,,2025-08-20T09:41:26Z,2024,2024-01-01,2024-12-31
3133937,TOBACCO_MPOWER_R_TAXSTRUCTURE,COUNTRY,MCO,EUR,Europe,YEAR,2024,TOBACCO_INDICATOR,TOBACCO_INDICATOR_R_eliquid_excise_device,,,,,,,—,,,,,2025-08-20T09:41:26Z,2024,2024-01-01,2024-12-31
3137831,TOBACCO_MPOWER_R_TAXSTRUCTURE,COUNTRY,CIV,AFR,Africa,YEAR,2024,TOBACCO_INDICATOR,TOBACCO_INDICATOR_R_excise_retail_price_base,,,,,,,No,,,,,2025-08-20T09:41:26Z,2024,2024-01-01,2024-12-31
3139170,TOBACCO_MPOWER_R_TAXSTRUCTURE,COUNTRY,MLI,AFR,Africa,YEAR,2024,TOBACCO_INDICATOR,TOBACCO_INDICATOR_R_excise_retail_price_base,,,,,,,No,,,,,2025-08-20T09:41:26Z,2024,2024-01-01,2024-12-31
3139893,TOBACCO_MPOWER_R_TAXSTRUCTURE,COUNTRY,PAK,EMR,Eastern Mediterranean,YEAR,2024,TOBACCO_INDICATOR,TOBACCO_INDICATOR_R_htp_excise_type_sticks,,,,,,,Specific,,,,,2025-08-20T09:41:26Z,2024,2024-01-01,2024-12-31
3140504,TOBACCO_MPOWER_R_TAXSTRUCTURE,COUNTRY,PHL,WPR,Western Pacific,YEAR,2024,TOBACCO_INDICATOR,TOBACCO_INDICATOR_R_excise_min_specific,,,,,,,—,,,,,2025-08-20T09:41:26Z,2024,2024-01-01,2024-12-31
3143588,TOBACCO_MPOWER_R_TAXSTRUCTURE,COUNTRY,MDV,SEAR,South-East Asia,YEAR,2024,TOBACCO_INDICATOR,TOBACCO_INDICATOR_R_min_price_policy,,,,,,,No,,,,,2025-08-20T09:41:26Z,2024,2024-01-01,2024-12-31
3146138,TOBACCO_MPOWER_R_TAXSTRUCTURE,COUNTRY,BIH,EUR,Europe,YEAR,2024,TOBACCO_INDICATOR,TOBACCO_INDICATOR_R_eliquid_excise_type,,,,,,,No excise,,,,,2025-08-20T09:41:26Z,2024,2024-01-01,2024-12-31
3148534,TOBACCO_MPOWER_R_TAXSTRUCTURE,COUNTRY,GAB,AFR,Africa,YEAR,2024,TOBACCO_INDICATOR,TOBACCO_INDICATOR_R_excise_type,,,,,,,Mixed,,,,,2025-08-20T09:41:26Z,2024,2024-01-01,2024-12-31
3149970,TOBACCO_MPOWER_R_TAXSTRUCTURE,COUNTRY,LSO,AFR,Africa,YEAR,2024,TOBACCO_INDICATOR,TOBACCO_INDICATOR_R_excise_uniform_varied,,,,,,,Yes,,,,,2025-08-20T09:41:26Z,2024,2024-01-01,2024-12-31
3155195,TOBACCO_MPOWER_R_TAXSTRUCTURE,COUNTRY,HND,AMR,Americas,YEAR,2024,TOBACCO_INDICATOR,TOBACCO_INDICATOR_R_htp_excise_type_sticks,,,,,,,. . .,,,,,2025-08-20T09:41:26Z,2024,2024-01-01,2024-12-31
3163392,TOBACCO_MPOWER_R_TAXSTRUCTURE,COUNTRY,BWA,AFR,Africa,YEAR,2024,TOBACCO_INDICATOR,TOBACCO_INDICATOR_R_htp_excise_device,,,,,,,. . .,,,,,2025-08-20T09:41:26Z,2024,2024-01-01,2024-12-31
3165488,TOBACCO_MPOWER_R_TAXSTRUCTURE,COUNTRY,NRU,WPR,Western Pacific,YEAR,2024,TOBACCO_INDICATOR,TOBACCO_INDICATOR_R_eliquid_excise_device,,,,,,,—,,,,,2025-08-20T09:41:26Z,2024,2024-01-01,2024-12-31
3168808,TOBACCO_MPOWER_R_TAXSTRUCTURE,COUNTRY,PLW,WPR,Western Pacific,YEAR,2024,TOBACCO_INDICATOR,TOBACCO_INDICATOR_R_excise_min_specific,,,,,,,—,,,,,2025-08-20T09:41:26Z,2024,2024-01-01,2024-12-31
3169845,TOBACCO_MPOWER_R_TAXSTRUCTURE,COUNTRY,PSE,EMR,Eastern Mediterranean,YEAR,2024,TOBACCO_INDICATOR,TOBACCO_INDICATOR_R_afford_price_gap_decreased,,,,,,,. . .,,,,,2025-08-20T09:41:26Z,2024,2024-01-01,2024-12-31
3171488,TOBACCO_MPOWER_R_TAXSTRUCTURE,COUNTRY,SOM,EMR,Eastern Mediterranean,YEAR,2024,TOBACCO_INDICATOR,TOBACCO_INDICATOR_R_afford_price_gap_decreased,,,,,,,. . .,,,,,2025-08-20T09:41:26Z,2024,2024-01-01,2024-12-31
3175925,TOBACCO_MPOWER_R_TAXSTRUCTURE,COUNTRY,AFG,EMR,Eastern Mediterranean,YEAR,2024,TOBACCO_INDICATOR,TOBACCO_INDICATOR_R_min_price_policy,,,,,,,. . .,,,,,2025-08-20T09:41:26Z,2024,2024-01-01,2024-12-31
3185468,TOBACCO_MPOWER_R_TAXSTRUCTURE,COUNTRY,ERI,AFR,Africa,YEAR,2024,TOBACCO_INDICATOR,TOBACCO_INDICATOR_R_excise_retail_price_base,,,,,,,No,,,,,2025-08-20T09:41:26Z,2024,2024-01-01,2024-12-31
3186943,TOBACCO_MPOWER_R_TAXSTRUCTURE,COUNTRY,FSM,WPR,Western Pacific,YEAR,2024,TOBACCO_INDICATOR,TOBACCO_INDICATOR_R_htp_excise_device,,,,,,,. . .,,,,,2025-08-20T09:41:26Z,2024,2024-01-01,2024-12-31
3187497,TOBACCO_MPOWER_R_TAXSTRUCTURE,COUNTRY,HTI,AMR,Americas,YEAR,2024,TOBACCO_INDICATOR,TOBACCO_INDICATOR_R_afford_tax_auto_adjust,,,,,,,—,,,,,2025-08-20T09:41:26Z,2024,2024-01-01,2024-12-31
3187736,TOBACCO_MPOWER_R_TAXSTRUCTURE,COUNTRY,TJK,EUR,Europe,YEAR,2024,TOBACCO_INDICATOR,TOBACCO_INDICATOR_R_eliquid_excise_type,,,,,,,. . .,,,,,2025-08-20T09:41:26Z,2024,2024-01-01,2024-12-31
3190188,TOBACCO_MPOWER_R_TAXSTRUCTURE,COUNTRY,SWE,EUR,Europe,YEAR,2024,TOBACCO_INDICATOR,TOBACCO_INDICATOR_R_excise_retail_price_base,,,,,,,Yes,,,,,2025-08-20T09:41:26Z,2024,2024-01-01,2024-12-31
3190240,TOBACCO_MPOWER_R_TAXSTRUCTURE,COUNTRY,PRY,AMR,Americas,YEAR,2024,TOBACCO_INDICATOR,TOBACCO_INDICATOR_R_excise_retail_price_base,,,,,,,No,,,,,2025-08-20T09:41:26Z,2024,2024-01-01,2024-12-31
3193415,TOBACCO_MPOWER_R_TAXSTRUCTURE,COUNTRY,SYR,EMR,Eastern Mediterranean,YEAR,2024,TOBACCO_INDICATOR,TOBACCO_INDICATOR_R_excise_specific_reliance,,,,,,,—,,,,,2025-08-20T09:41:26Z,2024,2024-01-01,2024-12-31
3193919,TOBACCO_MPOWER_R_TAXSTRUCTURE,COUNTRY,UGA,AFR,Africa,YEAR,2024,TOBACCO_INDICATOR,TOBACCO_INDICATOR_R_htp_excise_device,,,,,,,. . .,,,,,2025-08-20T09:41:26Z,2024,2024-01-01,2024-12-31
3194677,TOBACCO_MPOWER_R_TAXSTRUCTURE,COUNTRY,SLE,AFR,Africa,YEAR,2024,TOBACCO_INDICATOR,TOBACCO_INDICATOR_R_eliquid_excise_nicotine,,,,,,,. . .,,,,,2025-08-20T09:41:26Z,2024,2024-01-01,2024-12-31
3194820,TOBACCO_MPOWER_R_TAXSTRUCTURE,COUNTRY,JAM,AMR,Americas,YEAR,2024,TOBACCO_INDICATOR,TOBACCO_INDICATOR_R_afford_price_dispersion,,,,,,,90.75,90.75,,,Data not validated by the national authorities.,2025-08-20T09:41:26Z,2024,2024-01-01,2024-12-31
3196735,TOBACCO_MPOWER_R_TAXSTRUCTURE,COUNTRY,GEO,EUR,Europe,YEAR,2024,TOBACCO_INDICATOR,TOBACCO_INDICATOR_R_excise_min_specific,,,,,,,No,,,,,2025-08-20T09:41:26Z,2024,2024-01-01,2024-12-31
3201836,TOBACCO_MPOWER_R_TAXSTRUCTURE,COUNTRY,SVK,EUR,Europe,YEAR,2024,TOBACCO_INDICATOR,TOBACCO_INDICATOR_R_htp_excise_device,,,,,,,. . .,,,,,2025-08-20T09:41:26Z,2024,2024-01-01,2024-12-31
3203232,TOBACCO_MPOWER_R_TAXSTRUCTURE,COUNTRY,LTU,EUR,Europe,YEAR,2024,TOBACCO_INDICATOR,TOBACCO_INDICATOR_R_excise_retail_price_base,,,,,,,Yes,,,,,2025-08-20T09:41:26Z,2024,2024-01-01,2024-12-31
3216445,TOBACCO_MPOWER_R_TAXSTRUCTURE,COUNTRY,JPN,WPR,Western Pacific,YEAR,2024,TOBACCO_INDICATOR,TOBACCO_INDICATOR_R_excise_min_specific,,,,,,,—,,,,,2025-08-20T09:41:26Z,2024,2024-01-01,2024-12-31
3219128,TOBACCO_MPOWER_R_TAXSTRUCTURE,COUNTRY,JOR,EMR,Eastern Mediterranean,YEAR,2024,TOBACCO_INDICATOR,TOBACCO_INDICATOR_R_eliquid_excise_device,,,,,,,Yes,,,,,2025-08-20T09:41:26Z,2024,2024-01-01,2024-12-31
3222133,TOBACCO_MPOWER_R_TAXSTRUCTURE,COUNTRY,SVN,EUR,Europe,YEAR,2024,TOBACCO_INDICATOR,TOBACCO_INDICATOR_R_eliquid_excise_nicotine,,,,,,,all e-liquids,,,,,2025-08-20T09:41:26Z,2024,2024-01-01,2024-12-31
3226848,TOBACCO_MPOWER_R_TAXSTRUCTURE,COUNTRY,JPN,WPR,Western Pacific,YEAR,2024,TOBACCO_INDICATOR,TOBACCO_INDICATOR_R_eliquid_excise_nicotine,,,,,,,—,,,,,2025-08-20T09:41:26Z,2024,2024-01-01,2024-12-31
3229177,TOBACCO_MPOWER_R_TAXSTRUCTURE,COUNTRY,YEM,EMR,Eastern Mediterranean,YEAR,2024,TOBACCO_INDICATOR,TOBACCO_INDICATOR_R_eliquid_excise_nicotine,,,,,,,. . .,,,,,2025-08-20T09:41:26Z,2024,2024-01-01,2024-12-31
3229383,TOBACCO_MPOWER_R_TAXSTRUCTURE,COUNTRY,MRT,AFR,Africa,YEAR,2024,TOBACCO_INDICATOR,TOBACCO_INDICATOR_R_afford_tax_auto_adjust,,,,,,,—,,,,,2025-08-20T09:41:26Z,2024,2024-01-01,2024-12-31
3230074,TOBACCO_MPOWER_R_TAXSTRUCTURE,COUNTRY,NIU,WPR,Western Pacific,YEAR,2024,TOBACCO_INDICATOR,TOBACCO_INDICATOR_R_min_price_policy,,,,,,,. . .,,,,,2025-08-20T09:41:26Z,2024,2024-01-01,2024-12-31
3231493,TOBACCO_MPOWER_R_TAXSTRUCTURE,COUNTRY,SAU,EMR,Eastern Mediterranean,YEAR,2024,TOBACCO_INDICATOR,TOBACCO_INDICATOR_R_htp_excise_device,,,,,,,Yes,,,,,2025-08-20T09:41:26Z,2024,2024-01-01,2024-12-31
3231510,TOBACCO_MPOWER_R_TAXSTRUCTURE,COUNTRY,EGY,EMR,Eastern Mediterranean,YEAR,2024,TOBACCO_INDICATOR,TOBACCO_INDICATOR_R_eliquid_excise_nicotine,,,,,,,all e-liquids,,,,,2025-08-20T09:41:26Z,2024,2024-01-01,2024-12-31
3235067,TOBACCO_MPOWER_R_TAXSTRUCTURE,COUNTRY,LSO,AFR,Africa,YEAR,2024,TOBACCO_INDICATOR,TOBACCO_INDICATOR_R_excise_retail_price_base,,,,,,,—,,,,,2025-08-20T09:41:26Z,2024,2024-01-01,2024-12-31
3240499,TOBACCO_MPOWER_R_TAXSTRUCTURE,COUNTRY,MDG,AFR,Africa,YEAR,2024,TOBACCO_INDICATOR,TOBACCO_INDICATOR_R_afford_tax_auto_adjust,,,,,,,No,,,,,2025-08-20T09:41:26Z,2024,2024-01-01,2024-12-31
3244483,TOBACCO_MPOWER_R_TAXSTRUCTURE,COUNTRY,TON,WPR,Western Pacific,YEAR,2024,TOBACCO_INDICATOR,TOBACCO_INDICATOR_R_excise_specific_reliance,,,,,,,—,,,,,2025-08-20T09:41:26Z,2024,2024-01-01,2024-12-31
3248647,TOBACCO_MPOWER_R_TAXSTRUCTURE,COUNTRY,ISL,EUR,Europe,YEAR,2024,TOBACCO_INDICATOR,TOBACCO_INDICATOR_R_eliquid_excise_device,,,,,,,—,,,,,2025-08-20T09:41:26Z,2024,2024-01-01,2024-12-31
3250568,TOBACCO_MPOWER_R_TAXSTRUCTURE,COUNTRY,COL,AMR,Americas,YEAR,2024,TOBACCO_INDICATOR,TOBACCO_INDICATOR_R_excise_retail_price_base,,,,,,,Yes,,,,,2025-08-20T09:41:26Z,2024,2024-01-01,2024-12-31
3257611,TOBACCO_MPOWER_R_TAXSTRUCTURE,COUNTRY,BHR,EMR,Eastern Mediterranean,YEAR,2024,TOBACCO_INDICATOR,TOBACCO_INDICATOR_R_excise_specific_reliance,,,,,,,—,,,,,2025-08-20T09:41:26Z,2024,2024-01-01,2024-12-31
3263015,TOBACCO_MPOWER_R_TAXSTRUCTURE,COUNTRY,MRT,AFR,Africa,YEAR,2024,TOBACCO_INDICATOR,TOBACCO_INDICATOR_R_min_price_policy,,,,,,,No,,,,,2025-08-20T09:41:26Z,2024,2024-01-01,2024-12-31
3279354,TOBACCO_MPOWER_R_TAXSTRUCTURE,COUNTRY,BGR,EUR,Europe,YEAR,2024,TOBACCO_INDICATOR,TOBACCO_INDICATOR_R_htp_excise_type_sticks,,,,,,,Specific,,,,,2025-08-20T09:41:26Z,2024,2024-01-01,2024-12-31
3283070,TOBACCO_MPOWER_R_TAXSTRUCTURE,COUNTRY,SYC,AFR,Africa,YEAR,2024,TOBACCO_INDICATOR,TOBACCO_INDICATOR_R_htp_excise_type_sticks,,,,,,,. . .,,,,,2025-08-20T09:41:26Z,2024,2024-01-01,2024-12-31
3287091,TOBACCO_MPOWER_R_TAXSTRUCTURE,COUNTRY,SYR,EMR,Eastern Mediterranean,YEAR,2024,TOBACCO_INDICATOR,TOBACCO_INDICATOR_R_afford_tax_auto_adjust,,,,,,,—,,,,,2025-08-20T09:41:26Z,2024,2024-01-01,2024-12-31
3292772,TOBACCO_MPOWER_R_TAXSTRUCTURE,COUNTRY,LTU,EUR,Europe,YEAR,2024,TOBACCO_INDICATOR,TOBACCO_INDICATOR_R_afford_price_dispersion,,,,,,,83.5,83.5,,,,2025-08-20T09:41:26Z,2024,2024-01-01,2024-12-31
3294604,TOBACCO_MPOWER_R_TAXSTRUCTURE,COUNTRY,DMA,AMR,Americas,YEAR,2024,TOBACCO_INDICATOR,TOBACCO_INDICATOR_R_eliquid_excise_nicotine,,,,,,,. . .,,,,,2025-08-20T09:41:26Z,2024,2024-01-01,2024-12-31
3296823,TOBACCO_MPOWER_R_TAXSTRUCTURE,COUNTRY,BLZ,AMR,Americas,YEAR,2024,TOBACCO_INDICATOR,TOBACCO_INDICATOR_R_excise_retail_price_base,,,,,,,—,,,,,2025-08-20T09:41:26Z,2024,2024-01-01,2024-12-31
3299230,TOBACCO_MPOWER_R_TAXSTRUCTURE,COUNTRY,TZA,AFR,Africa,YEAR,2024,TOBACCO_INDICATOR,TOBACCO_INDICATOR_R_eliquid_excise_type,,,,,,,. . .,,,,,2025-08-20T09:41:26Z,2024,2024-01-01,2024-12-31
3300756,TOBACCO_MPOWER_R_TAXSTRUCTURE,COUNTRY,SYR,EMR,Eastern Mediterranean,YEAR,2024,TOBACCO_INDICATOR,TOBACCO_INDICATOR_R_afford_price_gap_decreased,,,,,,,. . .,,,,,2025-08-20T09:41:26Z,2024,2024-01-01,2024-12-31
3301059,TOBACCO_MPOWER_R_TAXSTRUCTURE,COUNTRY,MUS,AFR,Africa,YEAR,2024,TOBACCO_INDICATOR,TOBACCO_INDICATOR_R_afford_price_dispersion,,,,,,,61.02,61.02,,,,2025-08-20T09:41:26Z,2024,2024-01-01,2024-12-31
3305702,TOBACCO_MPOWER_R_TAXSTRUCTURE,COUNTRY,GBR,EUR,Europe,YEAR,2024,TOBACCO_INDICATOR,TOBACCO_INDICATOR_R_htp_excise_device,,,,,,,No,,,,,2025-08-20T09:41:26Z,2024,2024-01-01,2024-12-31
3308701,TOBACCO_MPOWER_R_TAXSTRUCTURE,COUNTRY,PAK,EMR,Eastern Mediterranean,YEAR,2024,TOBACCO_INDICATOR,TOBACCO_INDICATOR_R_eliquid_excise_nicotine,,,,,,,all e-liquids,,,,,2025-08-20T09:41:26Z,2024,2024-01-01,2024-12-31
3317430,TOBACCO_MPOWER_R_TAXSTRUCTURE,COUNTRY,NRU,WPR,Western Pacific,YEAR,2024,TOBACCO_INDICATOR,TOBACCO_INDICATOR_R_eliquid_excise_type,,,,,,,—,,,,,2025-08-20T09:41:26Z,2024,2024-01-01,2024-12-31
3319016,TOBACCO_MPOWER_R_TAXSTRUCTURE,COUNTRY,DMA,AMR,Americas,YEAR,2024,TOBACCO_INDICATOR,TOBACCO_INDICATOR_R_afford_price_dispersion,,,,,,,37.5,37.5,,,,2025-08-20T09:41:26Z,2024,2024-01-01,2024-12-31
3320277,TOBACCO_MPOWER_R_TAXSTRUCTURE,COUNTRY,BEL,EUR,Europe,YEAR,2024,TOBACCO_INDICATOR,TOBACCO_INDICATOR_R_eliquid_excise_nicotine,,,,,,,all e-liquids,,,,,2025-08-20T09:41:26Z,2024,2024-01-01,2024-12-31
3323265,TOBACCO_MPOWER_R_TAXSTRUCTURE,COUNTRY,MNE,EUR,Europe,YEAR,2024,TOBACCO_INDICATOR,TOBACCO_INDICATOR_R_min_price_policy,,,,,,,No,,,,,2025-08-20T09:41:26Z,2024,2024-01-01,2024-12-31
3325605,TOBACCO_MPOWER_R_TAXSTRUCTURE,COUNTRY,SLE,AFR,Africa,YEAR,2024,TOBACCO_INDICATOR,TOBACCO_INDICATOR_R_afford_price_dispersion,,,,,,,. . .,,,,,2025-08-20T09:41:26Z,2024,2024-01-01,2024-12-31
3328855,TOBACCO_MPOWER_R_TAXSTRUCTURE,COUNTRY,SRB,EUR,Europe,YEAR,2024,TOBACCO_INDICATOR,TOBACCO_INDICATOR_R_eliquid_excise_type,,,,,,,Specific,,,,,2025-08-20T09:41:26Z,2024,2024-01-01,2024-12-31
3328996,TOBACCO_MPOWER_R_TAXSTRUCTURE,COUNTRY,JOR,EMR,Eastern Mediterranean,YEAR,2024,TOBACCO_INDICATOR,TOBACCO_INDICATOR_R_eliquid_excise_type,,,,,,,Specific,,,,,2025-08-20T09:41:26Z,2024,2024-01-01,2024-12-31
3336229,TOBACCO_MPOWER_R_TAXSTRUCTURE,COUNTRY,ETH,AFR,Africa,YEAR,2024,TOBACCO_INDICATOR,TOBACCO_INDICATOR_R_excise_type,,,,,,,Mixed,,,,,2025-08-20T09:41:26Z,2024,2024-01-01,2024-12-31
3336580,TOBACCO_MPOWER_R_TAXSTRUCTURE,COUNTRY,AGO,AFR,Africa,YEAR,2024,TOBACCO_INDICATOR,TOBACCO_INDICATOR_R_eliquid_excise_device,,,,,,,. . .,,,,,2025-08-20T09:41:26Z,2024,2024-01-01,2024-12-31
3337313,TOBACCO_MPOWER_R_TAXSTRUCTURE,COUNTRY,GBR,EUR,Europe,YEAR,2024,TOBACCO_INDICATOR,TOBACCO_INDICATOR_R_excise_type,,,,,,,Mixed,,,,,2025-08-20T09:41:26Z,2024,2024-01-01,2024-12-31
3342496,TOBACCO_MPOWER_R_TAXSTRUCTURE,COUNTRY,SWE,EUR,Europe,YEAR,2024,TOBACCO_INDICATOR,TOBACCO_INDICATOR_R_eliquid_excise_type,,,,,,,Specific,,,,,2025-08-20T09:41:26Z,2024,2024-01-01,2024-12-31
3346641,TOBACCO_MPOWER_R_TAXSTRUCTURE,COUNTRY,BRN,WPR,Western Pacific,YEAR,2024,TOBACCO_INDICATOR,TOBACCO_INDICATOR_R_excise_uniform_varied,,,,,,,Yes,,,,,2025-08-20T09:41:26Z,2024,2024-01-01,2024-12-31
3348831,TOBACCO_MPOWER_R_TAXSTRUCTURE,COUNTRY,GAB,AFR,Africa,YEAR,2024,TOBACCO_INDICATOR,TOBACCO_INDICATOR_R_excise_uniform_varied,,,,,,,Yes,,,,,2025-08-20T09:41:26Z,2024,2024-01-01,2024-12-31
3350162,TOBACCO_MPOWER_R_TAXSTRUCTURE,COUNTRY,TUR,EUR,Europe,YEAR,2024,TOBACCO_INDICATOR,TOBACCO_INDICATOR_R_htp_excise_type_sticks,,,,,,,—,,,,,2025-08-20T09:41:26Z,2024,2024-01-01,2024-12-31
3350175,TOBACCO_MPOWER_R_TAXSTRUCTURE,COUNTRY,ARM,EUR,Europe,YEAR,2024,TOBACCO_INDICATOR,TOBACCO_INDICATOR_R_afford_tax_auto_adjust,,,,,,,Yes,,,,,2025-08-20T09:41:26Z,2024,2024-01-01,2024-12-31
3352739,TOBACCO_MPOWER_R_TAXSTRUCTURE,COUNTRY,DJI,EMR,Eastern Mediterranean,YEAR,2024,TOBACCO_INDICATOR,TOBACCO_INDICATOR_R_afford_price_dispersion,,,,,,,37.5,37.5,,,,2025-08-20T09:41:26Z,2024,2024-01-01,2024-12-31
3355188,TOBACCO_MPOWER_R_TAXSTRUCTURE,COUNTRY,BTN,SEAR,South-East Asia,YEAR,2024,TOBACCO_INDICATOR,TOBACCO_INDICATOR_R_afford_price_dispersion,,,,,,,. . .,,,,,2025-08-20T09:41:26Z,2024,2024-01-01,2024-12-31
3358704,TOBACCO_MPOWER_R_TAXSTRUCTURE,COUNTRY,LTU,EUR,Europe,YEAR,2024,TOBACCO_INDICATOR,TOBACCO_INDICATOR_R_excise_min_specific,,,,,,,Yes,,,,,2025-08-20T09:41:26Z,2024,2024-01-01,2024-12-31
3368140,TOBACCO_MPOWER_R_TAXSTRUCTURE,COUNTRY,BEL,EUR,Europe,YEAR,2024,TOBACCO_INDICATOR,TOBACCO_INDICATOR_R_min_price_policy,,,,,,,No,,,,,2025-08-20T09:41:26Z,2024,2024-01-01,2024-12-31
3375580,TOBACCO_MPOWER_R_TAXSTRUCTURE,COUNTRY,PRY,AMR,Americas,YEAR,2024,TOBACCO_INDICATOR,TOBACCO_INDICATOR_R_excise_uniform_varied,,,,,,,Yes,,,,,2025-08-20T09:41:26Z,2024,2024-01-01,2024-12-31
3378127,TOBACCO_MPOWER_R_TAXSTRUCTURE,COUNTRY,BOL,AMR,Americas,YEAR,2024,TOBACCO_INDICATOR,TOBACCO_INDICATOR_R_afford_price_gap_decreased,,,,,,,No,,,,,2025-08-20T09:41:26Z,2024,2024-01-01,2024-12-31
3378935,TOBACCO_MPOWER_R_TAXSTRUCTURE,COUNTRY,BHS,AMR,Americas,YEAR,2024,TOBACCO_INDICATOR,TOBACCO_INDICATOR_R_afford_price_dispersion,,,,,,,81.76,81.76,,,,2025-08-20T09:41:26Z,2024,2024-01-01,2024-12-31
3380302,TOBACCO_MPOWER_R_TAXSTRUCTURE,COUNTRY,MOZ,AFR,Africa,YEAR,2024,TOBACCO_INDICATOR,TOBACCO_INDICATOR_R_afford_tax_auto_adjust,,,,,,,Yes,,,,,2025-08-20T09:41:26Z,2024,2024-01-01,2024-12-31
3383346,TOBACCO_MPOWER_R_TAXSTRUCTURE,COUNTRY,LCA,AMR,Americas,YEAR,2024,TOBACCO_INDICATOR,TOBACCO_INDICATOR_R_afford_price_gap_decreased,,,,,,,Yes,,,,,2025-08-20T09:41:26Z,2024,2024-01-01,2024-12-31
3387161,TOBACCO_MPOWER_R_TAXSTRUCTURE,COUNTRY,NAM,AFR,Africa,YEAR,2024,TOBACCO_INDICATOR,TOBACCO_INDICATOR_R_afford_price_gap_decreased,,,,,,,. . .,,,,,2025-08-20T09:41:26Z,2024,2024-01-01,2024-12-31
3388300,TOBACCO_MPOWER_R_TAXSTRUCTURE,COUNTRY,PHL,WPR,Western Pacific,YEAR,2024,TOBACCO_INDICATOR,TOBACCO_INDICATOR_R_excise_uniform_varied,,,,,,,Yes,,,,,2025-08-20T09:41:26Z,2024,2024-01-01,2024-12-31
3389005,TOBACCO_MPOWER_R_TAXSTRUCTURE,COUNTRY,SVN,EUR,Europe,YEAR,2024,TOBACCO_INDICATOR,TOBACCO_INDICATOR_R_excise_min_specific,,,,,,,Yes,,,,,2025-08-20T09:41:26Z,2024,2024-01-01,2024-12-31
3390498,TOBACCO_MPOWER_R_TAXSTRUCTURE,COUNTRY,GRC,EUR,Europe,YEAR,2024,TOBACCO_INDICATOR,TOBACCO_INDICATOR_R_excise_min_specific,,,,,,,Yes,,,,,2025-08-20T09:41:26Z,2024,2024-01-01,2024-12-31
3390532,TOBACCO_MPOWER_R_TAXSTRUCTURE,COUNTRY,DEU,EUR,Europe,YEAR,2024,TOBACCO_INDICATOR,TOBACCO_INDICATOR_R_eliquid_excise_type,,,,,,,Specific,,,,,2025-08-20T09:41:26Z,2024,2024-01-01,2024-12-31
3394085,TOBACCO_MPOWER_R_TAXSTRUCTURE,COUNTRY,ALB,EUR,Europe,YEAR,2024,TOBACCO_INDICATOR,TOBACCO_INDICATOR_R_excise_specific_reliance,,,,,,,—,,,,,2025-08-20T09:41:26Z,2024,2024-01-01,2024-12-31
3396852,TOBACCO_MPOWER_R_TAXSTRUCTURE,COUNTRY,TCD,AFR,Africa,YEAR,2024,TOBACCO_INDICATOR,TOBACCO_INDICATOR_R_min_price_policy,,,,,,,No,,,,,2025-08-20T09:41:26Z,2024,2024-01-01,2024-12-31
3399299,TOBACCO_MPOWER_R_TAXSTRUCTURE,COUNTRY,CHL,AMR,Americas,YEAR,2024,TOBACCO_INDICATOR,TOBACCO_INDICATOR_R_eliquid_excise_nicotine,,,,,,,. . .,,,,,2025-08-20T09:41:26Z,2024,2024-01-01,2024-12-31
3406348,TOBACCO_MPOWER_R_TAXSTRUCTURE,COUNTRY,OMN,EMR,Eastern Mediterranean,YEAR,2024,TOBACCO_INDICATOR,TOBACCO_INDICATOR_R_excise_uniform_varied,,,,,,,Yes,,,,,2025-08-20T09:41:26Z,2024,2024-01-01,2024-12-31
3407665,TOBACCO_MPOWER_R_TAXSTRUCTURE,COUNTRY,YEM,EMR,Eastern Mediterranean,YEAR,2024,TOBACCO_INDICATOR,TOBACCO_INDICATOR_R_min_price_policy,,,,,,,No,,,,,2025-08-20T09:41:26Z,2024,2024-01-01,2024-12-31
3407891,TOBACCO_MPOWER_R_TAXSTRUCTURE,COUNTRY,CRI,AMR,Americas,YEAR,2024,TOBACCO_INDICATOR,TOBACCO_INDICATOR_R_htp_excise_type_sticks,,,,,,,. . .,,,,,2025-08-20T09:41:26Z,2024,2024-01-01,2024-12-31
3427081,TOBACCO_MPOWER_R_TAXSTRUCTURE,COUNTRY,GUY,AMR,Americas,YEAR,2024,TOBACCO_INDICATOR,TOBACCO_INDICATOR_R_excise_type,,,,,,,Specific,,,,,2025-08-20T09:41:26Z,2024,2024-01-01,2024-12-31
3431151,TOBACCO_MPOWER_R_TAXSTRUCTURE,COUNTRY,GMB,AFR,Africa,YEAR,2024,TOBACCO_INDICATOR,TOBACCO_INDICATOR_R_eliquid_excise_type,,,,,,,—,,,,,2025-08-20T09:41:26Z,2024,2024-01-01,2024-12-31
3432814,TOBACCO_MPOWER_R_TAXSTRUCTURE,COUNTRY,ZAF,AFR,Africa,YEAR,2024,TOBACCO_INDICATOR,TOBACCO_INDICATOR_R_htp_excise_type_sticks,,,,,,,Specific,,,,,2025-08-20T09:41:26Z,2024,2024-01-01,2024-12-31
3434090,TOBACCO_MPOWER_R_TAXSTRUCTURE,COUNTRY,LBY,EMR,Eastern Mediterranean,YEAR,2024,TOBACCO_INDICATOR,TOBACCO_INDICATOR_R_eliquid_excise_device,,,,,,,. . .,,,,,2025-08-20T09:41:26Z,2024,2024-01-01,2024-12-31
3438163,TOBACCO_MPOWER_R_TAXSTRUCTURE,COUNTRY,SGP,WPR,Western Pacific,YEAR,2024,TOBACCO_INDICATOR,TOBACCO_INDICATOR_R_excise_type,,,,,,,Specific,,,,,2025-08-20T09:41:26Z,2024,2024-01-01,2024-12-31
3439693,TOBACCO_MPOWER_R_TAXSTRUCTURE,COUNTRY,ETH,AFR,Africa,YEAR,2024,TOBACCO_INDICATOR,TOBACCO_INDICATOR_R_afford_price_gap_decreased,,,,,,,Yes,,,,,2025-08-20T09:41:26Z,2024,2024-01-01,2024-12-31
3447279,TOBACCO_MPOWER_R_TAXSTRUCTURE,COUNTRY,MOZ,AFR,Africa,YEAR,2024,TOBACCO_INDICATOR,TOBACCO_INDICATOR_R_excise_type,,,,,,,Specific,,,,,2025-08-20T09:41:26Z,2024,2024-01-01,2024-12-31
3453517,TOBACCO_MPOWER_R_TAXSTRUCTURE,COUNTRY,LAO,WPR,Western Pacific,YEAR,2024,TOBACCO_INDICATOR,TOBACCO_INDICATOR_R_htp_excise_device,,,,,,,—,,,,,2025-08-20T09:41:26Z,2024,2024-01-01,2024-12-31
3455188,TOBACCO_MPOWER_R_TAXSTRUCTURE,COUNTRY,PRY,AMR,Americas,YEAR,2024,TOBACCO_INDICATOR,TOBACCO_INDICATOR_R_excise_type,,,,,,,Ad valorem,,,,,2025-08-20T09:41:26Z,2024,2024-01-01,2024-12-31
3456156,TOBACCO_MPOWER_R_TAXSTRUCTURE,COUNTRY,CUB,AMR,Americas,YEAR,2024,TOBACCO_INDICATOR,TOBACCO_INDICATOR_R_excise_min_specific,,,,,,,No,,,,,2025-08-20T09:41:26Z,2024,2024-01-01,2024-12-31
3458020,TOBACCO_MPOWER_R_TAXSTRUCTURE,COUNTRY,CYP,EUR,Europe,YEAR,2024,TOBACCO_INDICATOR,TOBACCO_INDICATOR_R_eliquid_excise_type,,,,,,,Specific,,,,,2025-08-20T09:41:26Z,2024,2024-01-01,2024-12-31
3459283,TOBACCO_MPOWER_R_TAXSTRUCTURE,COUNTRY,FSM,WPR,Western Pacific,YEAR,2024,TOBACCO_INDICATOR,TOBACCO_INDICATOR_R_excise_type,,,,,,,No excise,,,,,2025-08-20T09:41:26Z,2024,2024-01-01,2024-12-31
3462880,TOBACCO_MPOWER_R_TAXSTRUCTURE,COUNTRY,CAF,AFR,Africa,YEAR,2024,TOBACCO_INDICATOR,TOBACCO_INDICATOR_R_excise_min_specific,,,,,,,Yes,,,,,2025-08-20T09:41:26Z,2024,2024-01-01,2024-12-31
3469660,TOBACCO_MPOWER_R_TAXSTRUCTURE,COUNTRY,DMA,AMR,Americas,YEAR,2024,TOBACCO_INDICATOR,TOBACCO_INDICATOR_R_afford_tax_auto_adjust,,,,,,,No,,,,,2025-08-20T09:41:26Z,2024,2024-01-01,2024-12-31
3470770,TOBACCO_MPOWER_R_TAXSTRUCTURE,COUNTRY,ECU,AMR,Americas,YEAR,2024,TOBACCO_INDICATOR,TOBACCO_INDICATOR_R_min_price_policy,,,,,,,No,,,,,2025-08-20T09:41:26Z,2024,2024-01-01,2024-12-31
3472158,TOBACCO_MPOWER_R_TAXSTRUCTURE,COUNTRY,AFG,EMR,Eastern Mediterranean,YEAR,2024,TOBACCO_INDICATOR,TOBACCO_INDICATOR_R_excise_type,,,,,,,. . .,,,,,2025-08-20T09:41:26Z,2024,2024-01-01,2024-12-31
3475029,TOBACCO_MPOWER_R_TAXSTRUCTURE,COUNTRY,BHS,AMR,Americas,YEAR,2024,TOBACCO_INDICATOR,TOBACCO_INDICATOR_R_afford_price_gap_decreased,,,,,,,. . .,,,,,2025-08-20T09:41:26Z,2024,2024-01-01,2024-12-31
3478812,TOBACCO_MPOWER_R_TAXSTRUCTURE,COUNTRY,POL,EUR,Europe,YEAR,2024,TOBACCO_INDICATOR,TOBACCO_INDICATOR_R_eliquid_excise_nicotine,,,,,,,all e-liquids,,,,,2025-08-20T09:41:26Z,2024,2024-01-01,2024-12-31
3482421,TOBACCO_MPOWER_R_TAXSTRUCTURE,COUNTRY,GMB,AFR,Africa,YEAR,2024,TOBACCO_INDICATOR,TOBACCO_INDICATOR_R_eliquid_excise_device,,,,,,,—,,,,,2025-08-20T09:41:26Z,2024,2024-01-01,2024-12-31
3484954,TOBACCO_MPOWER_R_TAXSTRUCTURE,COUNTRY,AGO,AFR,Africa,YEAR,2024,TOBACCO_INDICATOR,TOBACCO_INDICATOR_R_excise_specific_reliance,,,,,,,—,,,,,2025-08-20T09:41:26Z,2024,2024-01-01,2024-12-31
3487629,TOBACCO_MPOWER_R_TAXSTRUCTURE,COUNTRY,ARE,EMR,Eastern Mediterranean,YEAR,2024,TOBACCO_INDICATOR,TOBACCO_INDICATOR_R_afford_price_dispersion,,,,,,,38.64,38.64,,,,2025-08-20T09:41:26Z,2024,2024-01-01,2024-12-31
3489066,TOBACCO_MPOWER_R_TAXSTRUCTURE,COUNTRY,THA,SEAR,South-East Asia,YEAR,2024,TOBACCO_INDICATOR,TOBACCO_INDICATOR_R_afford_price_dispersion,,,,,,,39.39,39.39,,,,2025-08-20T09:41:26Z,2024,2024-01-01,2024-12-31
3491642,TOBACCO_MPOWER_R_TAXSTRUCTURE,COUNTRY,PNG,WPR,Western Pacific,YEAR,2024,TOBACCO_INDICATOR,TOBACCO_INDICATOR_R_afford_tax_auto_adjust,,,,,,,Yes,,,,,2025-08-20T09:41:26Z,2024,2024-01-01,2024-12-31
3491666,TOBACCO_MPOWER_R_TAXSTRUCTURE,COUNTRY,ZWE,AFR,Africa,YEAR,2024,TOBACCO_INDICATOR,TOBACCO_INDICATOR_R_htp_excise_device,,,,,,,. . .,,,,,2025-08-20T09:41:26Z,2024,2024-01-01,2024-12-31
3496696,TOBACCO_MPOWER_R_TAXSTRUCTURE,COUNTRY,GBR,EUR,Europe,YEAR,2024,TOBACCO_INDICATOR,TOBACCO_INDICATOR_R_excise_specific_reliance,,,,,,,Yes,,,,,2025-08-20T09:41:26Z,2024,2024-01-01,2024-12-31
3497585,TOBACCO_MPOWER_R_TAXSTRUCTURE,COUNTRY,EST,EUR,Europe,YEAR,2024,TOBACCO_INDICATOR,TOBACCO_INDICATOR_R_eliquid_excise_nicotine,,,,,,,all e-liquids,,,,,2025-08-20T09:41:26Z,2024,2024-01-01,2024-12-31
3501482,TOBACCO_MPOWER_R_TAXSTRUCTURE,COUNTRY,TON,WPR,Western Pacific,YEAR,2024,TOBACCO_INDICATOR,TOBACCO_INDICATOR_R_eliquid_excise_type,,,,,,,No excise,,,,,2025-08-20T09:41:26Z,2024,2024-01-01,2024-12-31
3503794,TOBACCO_MPOWER_R_TAXSTRUCTURE,COUNTRY,MNG,WPR,Western Pacific,YEAR,2024,TOBACCO_INDICATOR,TOBACCO_INDICATOR_R_afford_tax_auto_adjust,,,,,,,No,,,,,2025-08-20T09:41:26Z,2024,2024-01-01,2024-12-31
3504963,TOBACCO_MPOWER_R_TAXSTRUCTURE,COUNTRY,CRI,AMR,Americas,YEAR,2024,TOBACCO_INDICATOR,TOBACCO_INDICATOR_R_eliquid_excise_device,,,,,,,Yes,,,,,2025-08-20T09:41:26Z,2024,2024-01-01,2024-12-31
3505499,TOBACCO_MPOWER_R_TAXSTRUCTURE,COUNTRY,IDN,WPR,Western Pacific,YEAR,2024,TOBACCO_INDICATOR,TOBACCO_INDICATOR_R_eliquid_excise_nicotine,,,,,,,nicotine only,,,,,2025-08-20T09:41:26Z,2024,2024-01-01,2024-12-31
3511073,TOBACCO_MPOWER_R_TAXSTRUCTURE,COUNTRY,JOR,EMR,Eastern Mediterranean,YEAR,2024,TOBACCO_INDICATOR,TOBACCO_INDICATOR_R_excise_uniform_varied,,,,,,,No,,,,,2025-08-20T09:41:26Z,2024,2024-01-01,2024-12-31
3520897,TOBACCO_MPOWER_R_TAXSTRUCTURE,COUNTRY,EST,EUR,Europe,YEAR,2024,TOBACCO_INDICATOR,TOBACCO_INDICATOR_R_excise_specific_reliance,,,,,,,Yes,,,,,2025-08-20T09:41:26Z,2024,2024-01-01,2024-12-31
3532085,TOBACCO_MPOWER_R_TAXSTRUCTURE,COUNTRY,PRK,SEAR,South-East Asia,YEAR,2024,TOBACCO_INDICATOR,TOBACCO_INDICATOR_R_excise_type,,,,,,,—,,,,,2025-08-20T09:41:26Z,2024,2024-01-01,2024-12-31
3533040,TOBACCO_MPOWER_R_TAXSTRUCTURE,COUNTRY,PAK,EMR,Eastern Mediterranean,YEAR,2024,TOBACCO_INDICATOR,TOBACCO_INDICATOR_R_htp_excise_device,,,,,,,No,,,,,2025-08-20T09:41:26Z,2024,2024-01-01,2024-12-31
3533888,TOBACCO_MPOWER_R_TAXSTRUCTURE,COUNTRY,MNG,WPR,Western Pacific,YEAR,2024,TOBACCO_INDICATOR,TOBACCO_INDICATOR_R_eliquid_excise_device,,,,,,,. . .,,,,,2025-08-20T09:41:26Z,2024,2024-01-01,2024-12-31
3534315,TOBACCO_MPOWER_R_TAXSTRUCTURE,COUNTRY,SLV,AMR,Americas,YEAR,2024,TOBACCO_INDICATOR,TOBACCO_INDICATOR_R_eliquid_excise_type,,,,,,,No excise,,,,,2025-08-20T09:41:26Z,2024,2024-01-01,2024-12-31
3535550,TOBACCO_MPOWER_R_TAXSTRUCTURE,COUNTRY,PNG,WPR,Western Pacific,YEAR,2024,TOBACCO_INDICATOR,TOBACCO_INDICATOR_R_eliquid_excise_device,,,,,,,. . .,,,,,2025-08-20T09:41:26Z,2024,2024-01-01,2024-12-31
3542980,TOBACCO_MPOWER_R_TAXSTRUCTURE,COUNTRY,MLT,EUR,Europe,YEAR,2024,TOBACCO_INDICATOR,TOBACCO_INDICATOR_R_excise_retail_price_base,,,,,,,Yes,,,,,2025-08-20T09:41:26Z,2024,2024-01-01,2024-12-31
3559870,TOBACCO_MPOWER_R_TAXSTRUCTURE,COUNTRY,PLW,WPR,Western Pacific,YEAR,2024,TOBACCO_INDICATOR,TOBACCO_INDICATOR_R_eliquid_excise_device,,,,,,,. . .,,,,,2025-08-20T09:41:26Z,2024,2024-01-01,2024-12-31
3559886,TOBACCO_MPOWER_R_TAXSTRUCTURE,COUNTRY,AUS,WPR,Western Pacific,YEAR,2024,TOBACCO_INDICATOR,TOBACCO_INDICATOR_R_excise_uniform_varied,,,,,,,No,,,,,2025-08-20T09:41:26Z,2024,2024-01-01,2024-12-31
3562835,TOBACCO_MPOWER_R_TAXSTRUCTURE,COUNTRY,LCA,AMR,Americas,YEAR,2024,TOBACCO_INDICATOR,TOBACCO_INDICATOR_R_afford_price_dispersion,,,,,,,67.09,67.09,,,,2025-08-20T09:41:26Z,2024,2024-01-01,2024-12-31
3564037,TOBACCO_MPOWER_R_TAXSTRUCTURE,COUNTRY,TZA,AFR,Africa,YEAR,2024,TOBACCO_INDICATOR,TOBACCO_INDICATOR_R_excise_min_specific,,,,,,,—,,,,,2025-08-20T09:41:26Z,2024,2024-01-01,2024-12-31
3573159,TOBACCO_MPOWER_R_TAXSTRUCTURE,COUNTRY,BOL,AMR,Americas,YEAR,2024,TOBACCO_INDICATOR,TOBACCO_INDICATOR_R_min_price_policy,,,,,,,No,,,,,2025-08-20T09:41:26Z,2024,2024-01-01,2024-12-31
3577181,TOBACCO_MPOWER_R_TAXSTRUCTURE,COUNTRY,COK,WPR,Western Pacific,YEAR,2024,TOBACCO_INDICATOR,TOBACCO_INDICATOR_R_excise_uniform_varied,,,,,,,Yes,,,,,2025-08-20T09:41:26Z,2024,2024-01-01,2024-12-31
3578562,TOBACCO_MPOWER_R_TAXSTRUCTURE,COUNTRY,CAN,AMR,Americas,YEAR,2024,TOBACCO_INDICATOR,TOBACCO_INDICATOR_R_excise_retail_price_base,,,,,,,—,,,,,2025-08-20T09:41:26Z,2024,2024-01-01,2024-12-31
3580061,TOBACCO_MPOWER_R_TAXSTRUCTURE,COUNTRY,CHE,EUR,Europe,YEAR,2024,TOBACCO_INDICATOR,TOBACCO_INDICATOR_R_excise_type,,,,,,,Mixed,,,,,2025-08-20T09:41:26Z,2024,2024-01-01,2024-12-31
3580250,TOBACCO_MPOWER_R_TAXSTRUCTURE,COUNTRY,UKR,EUR,Europe,YEAR,2024,TOBACCO_INDICATOR,TOBACCO_INDICATOR_R_excise_specific_reliance,,,,,,,Yes,,,,,2025-08-20T09:41:26Z,2024,2024-01-01,2024-12-31
3581947,TOBACCO_MPOWER_R_TAXSTRUCTURE,COUNTRY,LUX,EUR,Europe,YEAR,2024,TOBACCO_INDICATOR,TOBACCO_INDICATOR_R_excise_type,,,,,,,Mixed,,,,,2025-08-20T09:41:26Z,2024,2024-01-01,2024-12-31
3582530,TOBACCO_MPOWER_R_TAXSTRUCTURE,COUNTRY,ESP,EUR,Europe,YEAR,2024,TOBACCO_INDICATOR,TOBACCO_INDICATOR_R_afford_price_gap_decreased,,,,,,,No,,,,,2025-08-20T09:41:26Z,2024,2024-01-01,2024-12-31
3584203,TOBACCO_MPOWER_R_TAXSTRUCTURE,COUNTRY,GBR,EUR,Europe,YEAR,2024,TOBACCO_INDICATOR,TOBACCO_INDICATOR_R_min_price_policy,,,,,,,No,,,,,2025-08-20T09:41:26Z,2024,2024-01-01,2024-12-31
3593384,TOBACCO_MPOWER_R_TAXSTRUCTURE,COUNTRY,KHM,WPR,Western Pacific,YEAR,2024,TOBACCO_INDICATOR,TOBACCO_INDICATOR_R_excise_min_specific,,,,,,,No,,,,,2025-08-20T09:41:26Z,2024,2024-01-01,2024-12-31
3608688,TOBACCO_MPOWER_R_TAXSTRUCTURE,COUNTRY,IRL,EUR,Europe,YEAR,2024,TOBACCO_INDICATOR,TOBACCO_INDICATOR_R_eliquid_excise_device,,,,,,,—,,,,,2025-08-20T09:41:26Z,2024,2024-01-01,2024-12-31
3612875,TOBACCO_MPOWER_R_TAXSTRUCTURE,COUNTRY,GRC,EUR,Europe,YEAR,2024,TOBACCO_INDICATOR,TOBACCO_INDICATOR_R_excise_uniform_varied,,,,,,,Yes,,,,,2025-08-20T09:41:26Z,2024,2024-01-01,2024-12-31
3613510,TOBACCO_MPOWER_R_TAXSTRUCTURE,COUNTRY,PER,AMR,Americas,YEAR,2024,TOBACCO_INDICATOR,TOBACCO_INDICATOR_R_eliquid_excise_nicotine,,,,,,,—,,,,,2025-08-20T09:41:26Z,2024,2024-01-01,2024-12-31
3614672,TOBACCO_MPOWER_R_TAXSTRUCTURE,COUNTRY,CAF,AFR,Africa,YEAR,2024,TOBACCO_INDICATOR,TOBACCO_INDICATOR_R_htp_excise_device,,,,,,,. . .,,,,,2025-08-20T09:41:26Z,2024,2024-01-01,2024-12-31
3616040,TOBACCO_MPOWER_R_TAXSTRUCTURE,COUNTRY,AZE,EUR,Europe,YEAR,2024,TOBACCO_INDICATOR,TOBACCO_INDICATOR_R_eliquid_excise_nicotine,,,,,,,all e-liquids,,,,,2025-08-20T09:41:26Z,2024,2024-01-01,2024-12-31
3616865,TOBACCO_MPOWER_R_TAXSTRUCTURE,COUNTRY,MEX,AMR,Americas,YEAR,2024,TOBACCO_INDICATOR,TOBACCO_INDICATOR_R_min_price_policy,,,,,,,No,,,,,2025-08-20T09:41:26Z,2024,2024-01-01,2024-12-31
3618156,TOBACCO_MPOWER_R_TAXSTRUCTURE,COUNTRY,SLB,WPR,Western Pacific,YEAR,2024,TOBACCO_INDICATOR,TOBACCO_INDICATOR_R_min_price_policy,,,,,,,No,,,,,2025-08-20T09:41:26Z,2024,2024-01-01,2024-12-31
3619504,TOBACCO_MPOWER_R_TAXSTRUCTURE,COUNTRY,SYC,AFR,Africa,YEAR,2024,TOBACCO_INDICATOR,TOBACCO_INDICATOR_R_eliquid_excise_nicotine,,,,,,,. . .,,,,,2025-08-20T09:41:26Z,2024,2024-01-01,2024-12-31
3620534,TOBACCO_MPOWER_R_TAXSTRUCTURE,COUNTRY,SVK,EUR,Europe,YEAR,2024,TOBACCO_INDICATOR,TOBACCO_INDICATOR_R_afford_tax_auto_adjust,,,,,,,No,,,,,2025-08-20T09:41:26Z,2024,2024-01-01,2024-12-31
3623032,TOBACCO_MPOWER_R_TAXSTRUCTURE,COUNTRY,BEN,AFR,Africa,YEAR,2024,TOBACCO_INDICATOR,TOBACCO_INDICATOR_R_eliquid_excise_type,,,,,,,. . .,,,,,2025-08-20T09:41:26Z,2024,2024-01-01,2024-12-31
3624452,TOBACCO_MPOWER_R_TAXSTRUCTURE,COUNTRY,ARM,EUR,Europe,YEAR,2024,TOBACCO_INDICATOR,TOBACCO_INDICATOR_R_excise_type,,,,,,,Specific,,,,,2025-08-20T09:41:26Z,2024,2024-01-01,2024-12-31
3627619,TOBACCO_MPOWER_R_TAXSTRUCTURE,COUNTRY,RUS,EUR,Europe,YEAR,2024,TOBACCO_INDICATOR,TOBACCO_INDICATOR_R_eliquid_excise_device,,,,,,,No,,,,,2025-08-20T09:41:26Z,2024,2024-01-01,2024-12-31
3630028,TOBACCO_MPOWER_R_TAXSTRUCTURE,COUNTRY,WSM,WPR,Western Pacific,YEAR,2024,TOBACCO_INDICATOR,TOBACCO_INDICATOR_R_htp_excise_device,,,,,,,. . .,,,,,2025-08-20T09:41:26Z,2024,2024-01-01,2024-12-31
3630843,TOBACCO_MPOWER_R_TAXSTRUCTURE,COUNTRY,AFG,EMR,Eastern Mediterranean,YEAR,2024,TOBACCO_INDICATOR,TOBACCO_INDICATOR_R_afford_price_gap_decreased,,,,,,,. . .,,,,,2025-08-20T09:41:26Z,2024,2024-01-01,2024-12-31
3632316,TOBACCO_MPOWER_R_TAXSTRUCTURE,COUNTRY,ROU,EUR,Europe,YEAR,2024,TOBACCO_INDICATOR,TOBACCO_INDICATOR_R_htp_excise_type_sticks,,,,,,,Specific,,,,,2025-08-20T09:41:26Z,2024,2024-01-01,2024-12-31
3633658,TOBACCO_MPOWER_R_TAXSTRUCTURE,COUNTRY,TON,WPR,Western Pacific,YEAR,2024,TOBACCO_INDICATOR,TOBACCO_INDICATOR_R_excise_uniform_varied,,,,,,,No,,,,,2025-08-20T09:41:26Z,2024,2024-01-01,2024-12-31
3641037,TOBACCO_MPOWER_R_TAXSTRUCTURE,COUNTRY,LUX,EUR,Europe,YEAR,2024,TOBACCO_INDICATOR,TOBACCO_INDICATOR_R_eliquid_excise_type,,,,,,,No excise,,,,"A tax on e-liquids took effect from Oct 1, 2024.",2025-08-20T09:41:26Z,2024,2024-01-01,2024-12-31
3646124,TOBACCO_MPOWER_R_TAXSTRUCTURE,COUNTRY,CHN,WPR,Western Pacific,YEAR,2024,TOBACCO_INDICATOR,TOBACCO_INDICATOR_R_afford_tax_auto_adjust,,,,,,,No,,,,,2025-08-20T09:41:26Z,2024,2024-01-01,2024-12-31
3649571,TOBACCO_MPOWER_R_TAXSTRUCTURE,COUNTRY,SVK,EUR,Europe,YEAR,2024,TOBACCO_INDICATOR,TOBACCO_INDICATOR_R_afford_price_gap_decreased,,,,,,,Yes,,,,,2025-08-20T09:41:26Z,2024,2024-01-01,2024-12-31
3654129,TOBACCO_MPOWER_R_TAXSTRUCTURE,COUNTRY,FSM,WPR,Western Pacific,YEAR,2024,TOBACCO_INDICATOR,TOBACCO_INDICATOR_R_excise_uniform_varied,,,,,,,—,,,,,2025-08-20T09:41:26Z,2024,2024-01-01,2024-12-31
3654676,TOBACCO_MPOWER_R_TAXSTRUCTURE,COUNTRY,HTI,AMR,Americas,YEAR,2024,TOBACCO_INDICATOR,TOBACCO_INDICATOR_R_excise_uniform_varied,,,,,,,No,,,,,2025-08-20T09:41:26Z,2024,2024-01-01,2024-12-31
3669511,TOBACCO_MPOWER_R_TAXSTRUCTURE,COUNTRY,MMR,SEAR,South-East Asia,YEAR,2024,TOBACCO_INDICATOR,TOBACCO_INDICATOR_R_eliquid_excise_type,,,,,,,. . .,,,,,2025-08-20T09:41:26Z,2024,2024-01-01,2024-12-31
3674407,TOBACCO_MPOWER_R_TAXSTRUCTURE,COUNTRY,UZB,EUR,Europe,YEAR,2024,TOBACCO_INDICATOR,TOBACCO_INDICATOR_R_excise_retail_price_base,,,,,,,No,,,,,2025-08-20T09:41:26Z,2024,2024-01-01,2024-12-31
3676077,TOBACCO_MPOWER_R_TAXSTRUCTURE,COUNTRY,COM,AFR,Africa,YEAR,2024,TOBACCO_INDICATOR,TOBACCO_INDICATOR_R_eliquid_excise_nicotine,,,,,,,. . .,,,,,2025-08-20T09:41:26Z,2024,2024-01-01,2024-12-31
3681476,TOBACCO_MPOWER_R_TAXSTRUCTURE,COUNTRY,ISR,EUR,Europe,YEAR,2024,TOBACCO_INDICATOR,TOBACCO_INDICATOR_R_min_price_policy,,,,,,,No,,,,,2025-08-20T09:41:26Z,2024,2024-01-01,2024-12-31
3681548,TOBACCO_MPOWER_R_TAXSTRUCTURE,COUNTRY,MAR,EMR,Eastern Mediterranean,YEAR,2024,TOBACCO_INDICATOR,TOBACCO_INDICATOR_R_excise_specific_reliance,,,,,,,No,,,,,2025-08-20T09:41:26Z,2024,2024-01-01,2024-12-31
3685471,TOBACCO_MPOWER_R_TAXSTRUCTURE,COUNTRY,SYR,EMR,Eastern Mediterranean,YEAR,2024,TOBACCO_INDICATOR,TOBACCO_INDICATOR_R_eliquid_excise_nicotine,,,,,,,—,,,,,2025-08-20T09:41:26Z,2024,2024-01-01,2024-12-31
3685835,TOBACCO_MPOWER_R_TAXSTRUCTURE,COUNTRY,UGA,AFR,Africa,YEAR,2024,TOBACCO_INDICATOR,TOBACCO_INDICATOR_R_min_price_policy,,,,,,,No,,,,,2025-08-20T09:41:26Z,2024,2024-01-01,2024-12-31
3704771,TOBACCO_MPOWER_R_TAXSTRUCTURE,COUNTRY,LBR,AFR,Africa,YEAR,2024,TOBACCO_INDICATOR,TOBACCO_INDICATOR_R_excise_type,,,,,,,Specific,,,,,2025-08-20T09:41:26Z,2024,2024-01-01,2024-12-31
3704807,TOBACCO_MPOWER_R_TAXSTRUCTURE,COUNTRY,BHR,EMR,Eastern Mediterranean,YEAR,2024,TOBACCO_INDICATOR,TOBACCO_INDICATOR_R_excise_retail_price_base,,,,,,,Yes,,,,,2025-08-20T09:41:26Z,2024,2024-01-01,2024-12-31
3705039,TOBACCO_MPOWER_R_TAXSTRUCTURE,COUNTRY,URY,AMR,Americas,YEAR,2024,TOBACCO_INDICATOR,TOBACCO_INDICATOR_R_afford_tax_auto_adjust,,,,,,,No,,,,,2025-08-20T09:41:26Z,2024,2024-01-01,2024-12-31
3709013,TOBACCO_MPOWER_R_TAXSTRUCTURE,COUNTRY,CAN,AMR,Americas,YEAR,2024,TOBACCO_INDICATOR,TOBACCO_INDICATOR_R_afford_tax_auto_adjust,,,,,,,Yes,,,,,2025-08-20T09:41:26Z,2024,2024-01-01,2024-12-31
3712925,TOBACCO_MPOWER_R_TAXSTRUCTURE,COUNTRY,TUR,EUR,Europe,YEAR,2024,TOBACCO_INDICATOR,TOBACCO_INDICATOR_R_afford_price_dispersion,,,,,,,78.08,78.08,,,,2025-08-20T09:41:26Z,2024,2024-01-01,2024-12-31
3713492,TOBACCO_MPOWER_R_TAXSTRUCTURE,COUNTRY,UZB,EUR,Europe,YEAR,2024,TOBACCO_INDICATOR,TOBACCO_INDICATOR_R_min_price_policy,,,,,,,No,,,,,2025-08-20T09:41:26Z,2024,2024-01-01,2024-12-31
3731265,TOBACCO_MPOWER_R_TAXSTRUCTURE,COUNTRY,AFG,EMR,Eastern Mediterranean,YEAR,2024,TOBACCO_INDICATOR,TOBACCO_INDICATOR_R_eliquid_excise_type,,,,,,,. . .,,,,,2025-08-20T09:41:26Z,2024,2024-01-01,2024-12-31
3731817,TOBACCO_MPOWER_R_TAXSTRUCTURE,COUNTRY,TGO,AFR,Africa,YEAR,2024,TOBACCO_INDICATOR,TOBACCO_INDICATOR_R_htp_excise_device,,,,,,,. . .,,,,,2025-08-20T09:41:26Z,2024,2024-01-01,2024-12-31
3736362,TOBACCO_MPOWER_R_TAXSTRUCTURE,COUNTRY,NIU,WPR,Western Pacific,YEAR,2024,TOBACCO_INDICATOR,TOBACCO_INDICATOR_R_htp_excise_type_sticks,,,,,,,. . .,,,,,2025-08-20T09:41:26Z,2024,2024-01-01,2024-12-31
3744114,TOBACCO_MPOWER_R_TAXSTRUCTURE,COUNTRY,AGO,AFR,Africa,YEAR,2024,TOBACCO_INDICATOR,TOBACCO_INDICATOR_R_min_price_policy,,,,,,,No,,,,,2025-08-20T09:41:26Z,2024,2024-01-01,2024-12-31
3748269,TOBACCO_MPOWER_R_TAXSTRUCTURE,COUNTRY,ETH,AFR,Africa,YEAR,2024,TOBACCO_INDICATOR,TOBACCO_INDICATOR_R_afford_tax_auto_adjust,,,,,,,Yes,,,,Automatic adjustment is not always implemented.,2025-08-20T09:41:26Z,2024,2024-01-01,2024-12-31
3748281,TOBACCO_MPOWER_R_TAXSTRUCTURE,COUNTRY,TON,WPR,Western Pacific,YEAR,2024,TOBACCO_INDICATOR,TOBACCO_INDICATOR_R_afford_tax_auto_adjust,,,,,,,No,,,,,2025-08-20T09:41:26Z,2024,2024-01-01,2024-12-31
3749026,TOBACCO_MPOWER_R_TAXSTRUCTURE,COUNTRY,GNQ,AFR,Africa,YEAR,2024,TOBACCO_INDICATOR,TOBACCO_INDICATOR_R_excise_uniform_varied,,,,,,,Yes,,,,,2025-08-20T09:41:26Z,2024,2024-01-01,2024-12-31
3753185,TOBACCO_MPOWER_R_TAXSTRUCTURE,COUNTRY,AUS,WPR,Western Pacific,YEAR,2024,TOBACCO_INDICATOR,TOBACCO_INDICATOR_R_eliquid_excise_device,,,,,,,—,,,,,2025-08-20T09:41:26Z,2024,2024-01-01,2024-12-31
3756070,TOBACCO_MPOWER_R_TAXSTRUCTURE,COUNTRY,NIC,AMR,Americas,YEAR,2024,TOBACCO_INDICATOR,TOBACCO_INDICATOR_R_excise_type,,,,,,,. . .,,,,,2025-08-20T09:41:26Z,2024,2024-01-01,2024-12-31
3760772,TOBACCO_MPOWER_R_TAXSTRUCTURE,COUNTRY,KGZ,EUR,Europe,YEAR,2024,TOBACCO_INDICATOR,TOBACCO_INDICATOR_R_excise_retail_price_base,,,,,,,—,,,,,2025-08-20T09:41:26Z,2024,2024-01-01,2024-12-31
3770207,TOBACCO_MPOWER_R_TAXSTRUCTURE,COUNTRY,DZA,AFR,Africa,YEAR,2024,TOBACCO_INDICATOR,TOBACCO_INDICATOR_R_excise_specific_reliance,,,,,,,Yes,,,,,2025-08-20T09:41:26Z,2024,2024-01-01,2024-12-31
3774738,TOBACCO_MPOWER_R_TAXSTRUCTURE,COUNTRY,PER,AMR,Americas,YEAR,2024,TOBACCO_INDICATOR,TOBACCO_INDICATOR_R_htp_excise_device,,,,,,,No,,,,,2025-08-20T09:41:26Z,2024,2024-01-01,2024-12-31
3776344,TOBACCO_MPOWER_R_TAXSTRUCTURE,COUNTRY,PRK,SEAR,South-East Asia,YEAR,2024,TOBACCO_INDICATOR,TOBACCO_INDICATOR_R_eliquid_excise_device,,,,,,,. . .,,,,,2025-08-20T09:41:26Z,2024,2024-01-01,2024-12-31
3784513,TOBACCO_MPOWER_R_TAXSTRUCTURE,COUNTRY,BTN,SEAR,South-East Asia,YEAR,2024,TOBACCO_INDICATOR,TOBACCO_INDICATOR_R_afford_tax_auto_adjust,,,,,,,—,,,,,2025-08-20T09:41:26Z,2024,2024-01-01,2024-12-31
3785319,TOBACCO_MPOWER_R_TAXSTRUCTURE,COUNTRY,LCA,AMR,Americas,YEAR,2024,TOBACCO_INDICATOR,TOBACCO_INDICATOR_R_htp_excise_type_sticks,,,,,,,. . .,,,,,2025-08-20T09:41:26Z,2024,2024-01-01,2024-12-31
3785513,TOBACCO_MPOWER_R_TAXSTRUCTURE,COUNTRY,MCO,EUR,Europe,YEAR,2024,TOBACCO_INDICATOR,TOBACCO_INDICATOR_R_eliquid_excise_type,,,,,,,No excise,,,,,2025-08-20T09:41:26Z,2024,2024-01-01,2024-12-31
3788914,TOBACCO_MPOWER_R_TAXSTRUCTURE,COUNTRY,UKR,EUR,Europe,YEAR,2024,TOBACCO_INDICATOR,TOBACCO_INDICATOR_R_htp_excise_type_sticks,,,,,,,Specific,,,,,2025-08-20T09:41:26Z,2024,2024-01-01,2024-12-31
3789131,TOBACCO_MPOWER_R_TAXSTRUCTURE,COUNTRY,TGO,AFR,Africa,YEAR,2024,TOBACCO_INDICATOR,TOBACCO_INDICATOR_R_excise_retail_price_base,,,,,,,No,,,,,2025-08-20T09:41:26Z,2024,2024-01-01,2024-12-31
3794143,TOBACCO_MPOWER_R_TAXSTRUCTURE,COUNTRY,DOM,AMR,Americas,YEAR,2024,TOBACCO_INDICATOR,TOBACCO_INDICATOR_R_eliquid_excise_nicotine,,,,,,,. . .,,,,,2025-08-20T09:41:26Z,2024,2024-01-01,2024-12-31
3796746,TOBACCO_MPOWER_R_TAXSTRUCTURE,COUNTRY,RWA,AFR,Africa,YEAR,2024,TOBACCO_INDICATOR,TOBACCO_INDICATOR_R_excise_specific_reliance,,,,,,,No,,,,,2025-08-20T09:41:26Z,2024,2024-01-01,2024-12-31
3797252,TOBACCO_MPOWER_R_TAXSTRUCTURE,COUNTRY,GBR,EUR,Europe,YEAR,2024,TOBACCO_INDICATOR,TOBACCO_INDICATOR_R_afford_price_dispersion,,,,,,,75.07,75.07,,,,2025-08-20T09:41:26Z,2024,2024-01-01,2024-12-31
3798461,TOBACCO_MPOWER_R_TAXSTRUCTURE,COUNTRY,COG,AFR,Africa,YEAR,2024,TOBACCO_INDICATOR,TOBACCO_INDICATOR_R_excise_specific_reliance,,,,,,,No,,,,,2025-08-20T09:41:26Z,2024,2024-01-01,2024-12-31
3806453,TOBACCO_MPOWER_R_TAXSTRUCTURE,COUNTRY,SVN,EUR,Europe,YEAR,2024,TOBACCO_INDICATOR,TOBACCO_INDICATOR_R_afford_tax_auto_adjust,,,,,,,No,,,,,2025-08-20T09:41:26Z,2024,2024-01-01,2024-12-31
3809816,TOBACCO_MPOWER_R_TAXSTRUCTURE,COUNTRY,LBN,EMR,Eastern Mediterranean,YEAR,2024,TOBACCO_INDICATOR,TOBACCO_INDICATOR_R_excise_retail_price_base,,,,,,,No,,,,,2025-08-20T09:41:26Z,2024,2024-01-01,2024-12-31
3811050,TOBACCO_MPOWER_R_TAXSTRUCTURE,COUNTRY,KOR,WPR,Western Pacific,YEAR,2024,TOBACCO_INDICATOR,TOBACCO_INDICATOR_R_min_price_policy,,,,,,,No,,,,,2025-08-20T09:41:26Z,2024,2024-01-01,2024-12-31
3816767,TOBACCO_MPOWER_R_TAXSTRUCTURE,COUNTRY,TUN,EMR,Eastern Mediterranean,YEAR,2024,TOBACCO_INDICATOR,TOBACCO_INDICATOR_R_afford_tax_auto_adjust,,,,,,,No,,,,,2025-08-20T09:41:26Z,2024,2024-01-01,2024-12-31
3817346,TOBACCO_MPOWER_R_TAXSTRUCTURE,COUNTRY,JPN,WPR,Western Pacific,YEAR,2024,TOBACCO_INDICATOR,TOBACCO_INDICATOR_R_eliquid_excise_device,,,,,,,—,,,,,2025-08-20T09:41:26Z,2024,2024-01-01,2024-12-31
3828230,TOBACCO_MPOWER_R_TAXSTRUCTURE,COUNTRY,VNM,WPR,Western Pacific,YEAR,2024,TOBACCO_INDICATOR,TOBACCO_INDICATOR_R_excise_type,,,,,,,Ad valorem,,,,,2025-08-20T09:41:26Z,2024,2024-01-01,2024-12-31
3831181,TOBACCO_MPOWER_R_TAXSTRUCTURE,COUNTRY,GTM,AMR,Americas,YEAR,2024,TOBACCO_INDICATOR,TOBACCO_INDICATOR_R_htp_excise_device,,,,,,,No,,,,,2025-08-20T09:41:26Z,2024,2024-01-01,2024-12-31
3832640,TOBACCO_MPOWER_R_TAXSTRUCTURE,COUNTRY,LVA,EUR,Europe,YEAR,2024,TOBACCO_INDICATOR,TOBACCO_INDICATOR_R_excise_uniform_varied,,,,,,,Yes,,,,,2025-08-20T09:41:26Z,2024,2024-01-01,2024-12-31
3833097,TOBACCO_MPOWER_R_TAXSTRUCTURE,COUNTRY,CAF,AFR,Africa,YEAR,2024,TOBACCO_INDICATOR,TOBACCO_INDICATOR_R_excise_uniform_varied,,,,,,,Yes,,,,,2025-08-20T09:41:26Z,2024,2024-01-01,2024-12-31
3833572,TOBACCO_MPOWER_R_TAXSTRUCTURE,COUNTRY,CYP,EUR,Europe,YEAR,2024,TOBACCO_INDICATOR,TOBACCO_INDICATOR_R_excise_specific_reliance,,,,,,,No,,,,,2025-08-20T09:41:26Z,2024,2024-01-01,2024-12-31
3834338,TOBACCO_MPOWER_R_TAXSTRUCTURE,COUNTRY,LAO,WPR,Western Pacific,YEAR,2024,TOBACCO_INDICATOR,TOBACCO_INDICATOR_R_excise_type,,,,,,,Ad valorem,,,,The 2013 decree on tobacco control fund was not in operation as at 2024.,2025-08-20T09:41:26Z,2024,2024-01-01,2024-12-31
3835309,TOBACCO_MPOWER_R_TAXSTRUCTURE,COUNTRY,PHL,WPR,Western Pacific,YEAR,2024,TOBACCO_INDICATOR,TOBACCO_INDICATOR_R_afford_tax_auto_adjust,,,,,,,Yes,,,,,2025-08-20T09:41:26Z,2024,2024-01-01,2024-12-31
3842328,TOBACCO_MPOWER_R_TAXSTRUCTURE,COUNTRY,MNE,EUR,Europe,YEAR,2024,TOBACCO_INDICATOR,TOBACCO_INDICATOR_R_excise_min_specific,,,,,,,Yes,,,,,2025-08-20T09:41:26Z,2024,2024-01-01,2024-12-31
3846236,TOBACCO_MPOWER_R_TAXSTRUCTURE,COUNTRY,AZE,EUR,Europe,YEAR,2024,TOBACCO_INDICATOR,TOBACCO_INDICATOR_R_htp_excise_type_sticks,,,,,,,Specific,,,,,2025-08-20T09:41:26Z,2024,2024-01-01,2024-12-31
3856728,TOBACCO_MPOWER_R_TAXSTRUCTURE,COUNTRY,VCT,AMR,Americas,YEAR,2024,TOBACCO_INDICATOR,TOBACCO_INDICATOR_R_eliquid_excise_device,,,,,,,. . .,,,,,2025-08-20T09:41:26Z,2024,2024-01-01,2024-12-31
3857297,TOBACCO_MPOWER_R_TAXSTRUCTURE,COUNTRY,LBN,EMR,Eastern Mediterranean,YEAR,2024,TOBACCO_INDICATOR,TOBACCO_INDICATOR_R_afford_price_gap_decreased,,,,,,,Yes,,,,,2025-08-20T09:41:26Z,2024,2024-01-01,2024-12-31
3857391,TOBACCO_MPOWER_R_TAXSTRUCTURE,COUNTRY,NIC,AMR,Americas,YEAR,2024,TOBACCO_INDICATOR,TOBACCO_INDICATOR_R_excise_specific_reliance,,,,,,,. . .,,,,,2025-08-20T09:41:26Z,2024,2024-01-01,2024-12-31
3862244,TOBACCO_MPOWER_R_TAXSTRUCTURE,COUNTRY,BRN,WPR,Western Pacific,YEAR,2024,TOBACCO_INDICATOR,TOBACCO_INDICATOR_R_eliquid_excise_type,,,,,,,Specific,,,,,2025-08-20T09:41:26Z,2024,2024-01-01,2024-12-31
3862995,TOBACCO_MPOWER_R_TAXSTRUCTURE,COUNTRY,URY,AMR,Americas,YEAR,2024,TOBACCO_INDICATOR,TOBACCO_INDICATOR_R_htp_excise_type_sticks,,,,,,,. . .,,,,,2025-08-20T09:41:26Z,2024,2024-01-01,2024-12-31
3864780,TOBACCO_MPOWER_R_TAXSTRUCTURE,COUNTRY,NIC,AMR,Americas,YEAR,2024,TOBACCO_INDICATOR,TOBACCO_INDICATOR_R_excise_retail_price_base,,,,,,,. . .,,,,,2025-08-20T09:41:26Z,2024,2024-01-01,2024-12-31
3866188,TOBACCO_MPOWER_R_TAXSTRUCTURE,COUNTRY,BFA,AFR,Africa,YEAR,2024,TOBACCO_INDICATOR,TOBACCO_INDICATOR_R_min_price_policy,,,,,,,No,,,,,2025-08-20T09:41:26Z,2024,2024-01-01,2024-12-31
3869160,TOBACCO_MPOWER_R_TAXSTRUCTURE,COUNTRY,TUR,EUR,Europe,YEAR,2024,TOBACCO_INDICATOR,TOBACCO_INDICATOR_R_eliquid_excise_type,,,,,,,—,,,,,2025-08-20T09:41:26Z,2024,2024-01-01,2024-12-31
3887035,TOBACCO_MPOWER_R_TAXSTRUCTURE,COUNTRY,TTO,AMR,Americas,YEAR,2024,TOBACCO_INDICATOR,TOBACCO_INDICATOR_R_afford_price_gap_decreased,,,,,,,. . .,,,,,2025-08-20T09:41:26Z,2024,2024-01-01,2024-12-31
3890356,TOBACCO_MPOWER_R_TAXSTRUCTURE,COUNTRY,ARM,EUR,Europe,YEAR,2024,TOBACCO_INDICATOR,TOBACCO_INDICATOR_R_excise_uniform_varied,,,,,,,Yes,,,,,2025-08-20T09:41:26Z,2024,2024-01-01,2024-12-31
3893904,TOBACCO_MPOWER_R_TAXSTRUCTURE,COUNTRY,AUT,EUR,Europe,YEAR,2024,TOBACCO_INDICATOR,TOBACCO_INDICATOR_R_excise_specific_reliance,,,,,,,No,,,,,2025-08-20T09:41:26Z,2024,2024-01-01,2024-12-31
3894927,TOBACCO_MPOWER_R_TAXSTRUCTURE,COUNTRY,SLE,AFR,Africa,YEAR,2024,TOBACCO_INDICATOR,TOBACCO_INDICATOR_R_afford_tax_auto_adjust,,,,,,,No,,,,,2025-08-20T09:41:26Z,2024,2024-01-01,2024-12-31
3895179,TOBACCO_MPOWER_R_TAXSTRUCTURE,COUNTRY,KHM,WPR,Western Pacific,YEAR,2024,TOBACCO_INDICATOR,TOBACCO_INDICATOR_R_eliquid_excise_type,,,,,,,—,,,,,2025-08-20T09:41:26Z,2024,2024-01-01,2024-12-31
3900220,TOBACCO_MPOWER_R_TAXSTRUCTURE,COUNTRY,COG,AFR,Africa,YEAR,2024,TOBACCO_INDICATOR,TOBACCO_INDICATOR_R_eliquid_excise_nicotine,,,,,,,. . .,,,,,2025-08-20T09:41:26Z,2024,2024-01-01,2024-12-31
3902937,TOBACCO_MPOWER_R_TAXSTRUCTURE,COUNTRY,CAF,AFR,Africa,YEAR,2024,TOBACCO_INDICATOR,TOBACCO_INDICATOR_R_afford_price_gap_decreased,,,,,,,. . .,,,,,2025-08-20T09:41:26Z,2024,2024-01-01,2024-12-31
3911955,TOBACCO_MPOWER_R_TAXSTRUCTURE,COUNTRY,MDG,AFR,Africa,YEAR,2024,TOBACCO_INDICATOR,TOBACCO_INDICATOR_R_min_price_policy,,,,,,,No,,,,,2025-08-20T09:41:26Z,2024,2024-01-01,2024-12-31
3914602,TOBACCO_MPOWER_R_TAXSTRUCTURE,COUNTRY,FRA,EUR,Europe,YEAR,2024,TOBACCO_INDICATOR,TOBACCO_INDICATOR_R_excise_min_specific,,,,,,,Yes,,,,,2025-08-20T09:41:26Z,2024,2024-01-01,2024-12-31
3921025,TOBACCO_MPOWER_R_TAXSTRUCTURE,COUNTRY,BDI,AFR,Africa,YEAR,2024,TOBACCO_INDICATOR,TOBACCO_INDICATOR_R_eliquid_excise_device,,,,,,,. . .,,,,,2025-08-20T09:41:26Z,2024,2024-01-01,2024-12-31
3921310,TOBACCO_MPOWER_R_TAXSTRUCTURE,COUNTRY,USA,AMR,Americas,YEAR,2024,TOBACCO_INDICATOR,TOBACCO_INDICATOR_R_htp_excise_type_sticks,,,,,,,. . .,,,,,2025-08-20T09:41:26Z,2024,2024-01-01,2024-12-31
3928159,TOBACCO_MPOWER_R_TAXSTRUCTURE,COUNTRY,TTO,AMR,Americas,YEAR,2024,TOBACCO_INDICATOR,TOBACCO_INDICATOR_R_min_price_policy,,,,,,,No,,,,,2025-08-20T09:41:26Z,2024,2024-01-01,2024-12-31
3930625,TOBACCO_MPOWER_R_TAXSTRUCTURE,COUNTRY,GNB,AFR,Africa,YEAR,2024,TOBACCO_INDICATOR,TOBACCO_INDICATOR_R_htp_excise_device,,,,,,,. . .,,,,,2025-08-20T09:41:26Z,2024,2024-01-01,2024-12-31
3935634,TOBACCO_MPOWER_R_TAXSTRUCTURE,COUNTRY,CUB,AMR,Americas,YEAR,2024,TOBACCO_INDICATOR,TOBACCO_INDICATOR_R_eliquid_excise_device,,,,,,,. . .,,,,,2025-08-20T09:41:26Z,2024,2024-01-01,2024-12-31
3937040,TOBACCO_MPOWER_R_TAXSTRUCTURE,COUNTRY,CHE,EUR,Europe,YEAR,2024,TOBACCO_INDICATOR,TOBACCO_INDICATOR_R_excise_min_specific,,,,,,,Yes,,,,,2025-08-20T09:41:26Z,2024,2024-01-01,2024-12-31
3939319,TOBACCO_MPOWER_R_TAXSTRUCTURE,COUNTRY,CYP,EUR,Europe,YEAR,2024,TOBACCO_INDICATOR,TOBACCO_INDICATOR_R_afford_price_dispersion,,,,,,,80,80,,,,2025-08-20T09:41:26Z,2024,2024-01-01,2024-12-31
3939396,TOBACCO_MPOWER_R_TAXSTRUCTURE,COUNTRY,MWI,AFR,Africa,YEAR,2024,TOBACCO_INDICATOR,TOBACCO_INDICATOR_R_afford_price_dispersion,,,,,,,47.5,47.5,,,,2025-08-20T09:41:26Z,2024,2024-01-01,2024-12-31
3944314,TOBACCO_MPOWER_R_TAXSTRUCTURE,COUNTRY,HRV,EUR,Europe,YEAR,2024,TOBACCO_INDICATOR,TOBACCO_INDICATOR_R_afford_price_gap_decreased,,,,,,,No,,,,,2025-08-20T09:41:26Z,2024,2024-01-01,2024-12-31
4505,TOBACCO_MPOWER_R_TAXSTRUCTURE,COUNTRY,HND,AMR,Americas,YEAR,2024,TOBACCO_INDICATOR,TOBACCO_INDICATOR_R_afford_price_gap_decreased,,,,,,,. . .,,,,,2025-08-20T09:41:26Z,2024,2024-01-01,2024-12-31
6472,TOBACCO_MPOWER_R_TAXSTRUCTURE,COUNTRY,SRB,EUR,Europe,YEAR,2024,TOBACCO_INDICATOR,TOBACCO_INDICATOR_R_eliquid_excise_device,,,,,,,. . .,,,,,2025-08-20T09:41:26Z,2024,2024-01-01,2024-12-31
8562,TOBACCO_MPOWER_R_TAXSTRUCTURE,COUNTRY,DEU,EUR,Europe,YEAR,2024,TOBACCO_INDICATOR,TOBACCO_INDICATOR_R_excise_min_specific,,,,,,,Yes,,,,,2025-08-20T09:41:26Z,2024,2024-01-01,2024-12-31
11728,TOBACCO_MPOWER_R_TAXSTRUCTURE,COUNTRY,THA,SEAR,South-East Asia,YEAR,2024,TOBACCO_INDICATOR,TOBACCO_INDICATOR_R_htp_excise_device,,,,,,,—,,,,,2025-08-20T09:41:26Z,2024,2024-01-01,2024-12-31
12585,TOBACCO_MPOWER_R_TAXSTRUCTURE,COUNTRY,CAN,AMR,Americas,YEAR,2024,TOBACCO_INDICATOR,TOBACCO_INDICATOR_R_min_price_policy,,,,,,,No,,,,,2025-08-20T09:41:26Z,2024,2024-01-01,2024-12-31
14230,TOBACCO_MPOWER_R_TAXSTRUCTURE,COUNTRY,BDI,AFR,Africa,YEAR,2024,TOBACCO_INDICATOR,TOBACCO_INDICATOR_R_excise_type,,,,,,,Specific,,,,,2025-08-20T09:41:26Z,2024,2024-01-01,2024-12-31
17714,TOBACCO_MPOWER_R_TAXSTRUCTURE,COUNTRY,COG,AFR,Africa,YEAR,2024,TOBACCO_INDICATOR,TOBACCO_INDICATOR_R_afford_tax_auto_adjust,,,,,,,No,,,,,2025-08-20T09:41:26Z,2024,2024-01-01,2024-12-31
19001,TOBACCO_MPOWER_R_TAXSTRUCTURE,COUNTRY,UGA,AFR,Africa,YEAR,2024,TOBACCO_INDICATOR,TOBACCO_INDICATOR_R_excise_specific_reliance,,,,,,,—,,,,,2025-08-20T09:41:26Z,2024,2024-01-01,2024-12-31
29679,TOBACCO_MPOWER_R_TAXSTRUCTURE,COUNTRY,EST,EUR,Europe,YEAR,2024,TOBACCO_INDICATOR,TOBACCO_INDICATOR_R_eliquid_excise_device,,,,,,,No,,,,,2025-08-20T09:41:26Z,2024,2024-01-01,2024-12-31
31979,TOBACCO_MPOWER_R_TAXSTRUCTURE,COUNTRY,DNK,EUR,Europe,YEAR,2024,TOBACCO_INDICATOR,TOBACCO_INDICATOR_R_eliquid_excise_device,,,,,,,. . .,,,,,2025-08-20T09:41:26Z,2024,2024-01-01,2024-12-31
36301,TOBACCO_MPOWER_R_TAXSTRUCTURE,COUNTRY,ROU,EUR,Europe,YEAR,2024,TOBACCO_INDICATOR,TOBACCO_INDICATOR_R_htp_excise_device,,,,,,,. . .,,,,,2025-08-20T09:41:26Z,2024,2024-01-01,2024-12-31
39888,TOBACCO_MPOWER_R_TAXSTRUCTURE,COUNTRY,VCT,AMR,Americas,YEAR,2024,TOBACCO_INDICATOR,TOBACCO_INDICATOR_R_afford_price_gap_decreased,,,,,,,. . .,,,,,2025-08-20T09:41:26Z,2024,2024-01-01,2024-12-31
44707,TOBACCO_MPOWER_R_TAXSTRUCTURE,COUNTRY,CMR,AFR,Africa,YEAR,2024,TOBACCO_INDICATOR,TOBACCO_INDICATOR_R_min_price_policy,,,,,,,No,,,,,2025-08-20T09:41:26Z,2024,2024-01-01,2024-12-31
49237,TOBACCO_MPOWER_R_TAXSTRUCTURE,COUNTRY,ITA,EUR,Europe,YEAR,2024,TOBACCO_INDICATOR,TOBACCO_INDICATOR_R_eliquid_excise_device,,,,,,,. . .,,,,,2025-08-20T09:41:26Z,2024,2024-01-01,2024-12-31
55708,TOBACCO_MPOWER_R_TAXSTRUCTURE,COUNTRY,MHL,WPR,Western Pacific,YEAR,2024,TOBACCO_INDICATOR,TOBACCO_INDICATOR_R_eliquid_excise_type,,,,,,,. . .,,,,,2025-08-20T09:41:26Z,2024,2024-01-01,2024-12-31
58907,TOBACCO_MPOWER_R_TAXSTRUCTURE,COUNTRY,CRI,AMR,Americas,YEAR,2024,TOBACCO_INDICATOR,TOBACCO_INDICATOR_R_eliquid_excise_type,,,,,,,. . .,,,,,2025-08-20T09:41:26Z,2024,2024-01-01,2024-12-31
62648,TOBACCO_MPOWER_R_TAXSTRUCTURE,COUNTRY,IRQ,EMR,Eastern Mediterranean,YEAR,2024,TOBACCO_INDICATOR,TOBACCO_INDICATOR_R_min_price_policy,,,,,,,No,,,,,2025-08-20T09:41:26Z,2024,2024-01-01,2024-12-31
63997,TOBACCO_MPOWER_R_TAXSTRUCTURE,COUNTRY,QAT,EMR,Eastern Mediterranean,YEAR,2024,TOBACCO_INDICATOR,TOBACCO_INDICATOR_R_htp_excise_type_sticks,,,,,,,—,,,,,2025-08-20T09:41:26Z,2024,2024-01-01,2024-12-31
68650,TOBACCO_MPOWER_R_TAXSTRUCTURE,COUNTRY,LVA,EUR,Europe,YEAR,2024,TOBACCO_INDICATOR,TOBACCO_INDICATOR_R_excise_type,,,,,,,Mixed,,,,,2025-08-20T09:41:26Z,2024,2024-01-01,2024-12-31
68867,TOBACCO_MPOWER_R_TAXSTRUCTURE,COUNTRY,MKD,EUR,Europe,YEAR,2024,TOBACCO_INDICATOR,TOBACCO_INDICATOR_R_excise_specific_reliance,,,,,,,Yes,,,,,2025-08-20T09:41:26Z,2024,2024-01-01,2024-12-31
69728,TOBACCO_MPOWER_R_TAXSTRUCTURE,COUNTRY,BGD,SEAR,South-East Asia,YEAR,2024,TOBACCO_INDICATOR,TOBACCO_INDICATOR_R_min_price_policy,,,,,,,Yes,,,,,2025-08-20T09:41:26Z,2024,2024-01-01,2024-12-31
77126,TOBACCO_MPOWER_R_TAXSTRUCTURE,COUNTRY,LCA,AMR,Americas,YEAR,2024,TOBACCO_INDICATOR,TOBACCO_INDICATOR_R_min_price_policy,,,,,,,No,,,,,2025-08-20T09:41:26Z,2024,2024-01-01,2024-12-31
81690,TOBACCO_MPOWER_R_TAXSTRUCTURE,COUNTRY,VNM,WPR,Western Pacific,YEAR,2024,TOBACCO_INDICATOR,TOBACCO_INDICATOR_R_eliquid_excise_device,,,,,,,—,,,,,2025-08-20T09:41:26Z,2024,2024-01-01,2024-12-31
83586,TOBACCO_MPOWER_R_TAXSTRUCTURE,COUNTRY,LTU,EUR,Europe,YEAR,2024,TOBACCO_INDICATOR,TOBACCO_INDICATOR_R_afford_tax_auto_adjust,,,,,,,No,,,,,2025-08-20T09:41:26Z,2024,2024-01-01,2024-12-31
83802,TOBACCO_MPOWER_R_TAXSTRUCTURE,COUNTRY,HUN,EUR,Europe,YEAR,2024,TOBACCO_INDICATOR,TOBACCO_INDICATOR_R_eliquid_excise_type,,,,,,,Specific,,,,,2025-08-20T09:41:26Z,2024,2024-01-01,2024-12-31
84595,TOBACCO_MPOWER_R_TAXSTRUCTURE,COUNTRY,GHA,AFR,Africa,YEAR,2024,TOBACCO_INDICATOR,TOBACCO_INDICATOR_R_htp_excise_type_sticks,,,,,,,. . .,,,,,2025-08-20T09:41:26Z,2024,2024-01-01,2024-12-31
85810,TOBACCO_MPOWER_R_TAXSTRUCTURE,COUNTRY,TJK,EUR,Europe,YEAR,2024,TOBACCO_INDICATOR,TOBACCO_INDICATOR_R_eliquid_excise_nicotine,,,,,,,. . .,,,,,2025-08-20T09:41:26Z,2024,2024-01-01,2024-12-31
93949,TOBACCO_MPOWER_R_TAXSTRUCTURE,COUNTRY,LBR,AFR,Africa,YEAR,2024,TOBACCO_INDICATOR,TOBACCO_INDICATOR_R_eliquid_excise_nicotine,,,,,,,. . .,,,,,2025-08-20T09:41:26Z,2024,2024-01-01,2024-12-31
94309,TOBACCO_MPOWER_R_TAXSTRUCTURE,COUNTRY,HND,AMR,Americas,YEAR,2024,TOBACCO_INDICATOR,TOBACCO_INDICATOR_R_excise_specific_reliance,,,,,,,—,,,,,2025-08-20T09:41:26Z,2024,2024-01-01,2024-12-31
94695,TOBACCO_MPOWER_R_TAXSTRUCTURE,COUNTRY,EGY,EMR,Eastern Mediterranean,YEAR,2024,TOBACCO_INDICATOR,TOBACCO_INDICATOR_R_excise_retail_price_base,,,,,,,Yes,,,,,2025-08-20T09:41:26Z,2024,2024-01-01,2024-12-31
98160,TOBACCO_MPOWER_R_TAXSTRUCTURE,COUNTRY,SMR,EUR,Europe,YEAR,2024,TOBACCO_INDICATOR,TOBACCO_INDICATOR_R_excise_retail_price_base,,,,,,,No,,,,,2025-08-20T09:41:26Z,2024,2024-01-01,2024-12-31
100765,TOBACCO_MPOWER_R_TAXSTRUCTURE,COUNTRY,FRA,EUR,Europe,YEAR,2024,TOBACCO_INDICATOR,TOBACCO_INDICATOR_R_excise_retail_price_base,,,,,,,Yes,,,,,2025-08-20T09:41:26Z,2024,2024-01-01,2024-12-31
102356,TOBACCO_MPOWER_R_TAXSTRUCTURE,COUNTRY,STP,AFR,Africa,YEAR,2024,TOBACCO_INDICATOR,TOBACCO_INDICATOR_R_min_price_policy,,,,,,,No,,,,,2025-08-20T09:41:26Z,2024,2024-01-01,2024-12-31
103323,TOBACCO_MPOWER_R_TAXSTRUCTURE,COUNTRY,SLE,AFR,Africa,YEAR,2024,TOBACCO_INDICATOR,TOBACCO_INDICATOR_R_excise_type,,,,,,,Specific,,,,,2025-08-20T09:41:26Z,2024,2024-01-01,2024-12-31
107094,TOBACCO_MPOWER_R_TAXSTRUCTURE,COUNTRY,EGY,EMR,Eastern Mediterranean,YEAR,2024,TOBACCO_INDICATOR,TOBACCO_INDICATOR_R_excise_specific_reliance,,,,,,,No,,,,,2025-08-20T09:41:26Z,2024,2024-01-01,2024-12-31
114203,TOBACCO_MPOWER_R_TAXSTRUCTURE,COUNTRY,VUT,WPR,Western Pacific,YEAR,2024,TOBACCO_INDICATOR,TOBACCO_INDICATOR_R_excise_retail_price_base,,,,,,,—,,,,,2025-08-20T09:41:26Z,2024,2024-01-01,2024-12-31
116902,TOBACCO_MPOWER_R_TAXSTRUCTURE,COUNTRY,PRK,SEAR,South-East Asia,YEAR,2024,TOBACCO_INDICATOR,TOBACCO_INDICATOR_R_eliquid_excise_nicotine,,,,,,,. . .,,,,,2025-08-20T09:41:26Z,2024,2024-01-01,2024-12-31
118422,TOBACCO_MPOWER_R_TAXSTRUCTURE,COUNTRY,LBN,EMR,Eastern Mediterranean,YEAR,2024,TOBACCO_INDICATOR,TOBACCO_INDICATOR_R_htp_excise_type_sticks,,,,,,,Ad valorem,,,,,2025-08-20T09:41:26Z,2024,2024-01-01,2024-12-31
119591,TOBACCO_MPOWER_R_TAXSTRUCTURE,COUNTRY,MDA,EUR,Europe,YEAR,2024,TOBACCO_INDICATOR,TOBACCO_INDICATOR_R_min_price_policy,,,,,,,Yes,,,,,2025-08-20T09:41:26Z,2024,2024-01-01,2024-12-31
128074,TOBACCO_MPOWER_R_TAXSTRUCTURE,COUNTRY,UZB,EUR,Europe,YEAR,2024,TOBACCO_INDICATOR,TOBACCO_INDICATOR_R_excise_specific_reliance,,,,,,,Yes,,,,,2025-08-20T09:41:26Z,2024,2024-01-01,2024-12-31
128410,TOBACCO_MPOWER_R_TAXSTRUCTURE,COUNTRY,ARM,EUR,Europe,YEAR,2024,TOBACCO_INDICATOR,TOBACCO_INDICATOR_R_excise_min_specific,,,,,,,—,,,,,2025-08-20T09:41:26Z,2024,2024-01-01,2024-12-31
131866,TOBACCO_MPOWER_R_TAXSTRUCTURE,COUNTRY,FRA,EUR,Europe,YEAR,2024,TOBACCO_INDICATOR,TOBACCO_INDICATOR_R_min_price_policy,,,,,,,No,,,,,2025-08-20T09:41:26Z,2024,2024-01-01,2024-12-31
134899,TOBACCO_MPOWER_R_TAXSTRUCTURE,COUNTRY,CPV,AFR,Africa,YEAR,2024,TOBACCO_INDICATOR,TOBACCO_INDICATOR_R_excise_uniform_varied,,,,,,,Yes,,,,,2025-08-20T09:41:26Z,2024,2024-01-01,2024-12-31
136975,TOBACCO_MPOWER_R_TAXSTRUCTURE,COUNTRY,BIH,EUR,Europe,YEAR,2024,TOBACCO_INDICATOR,TOBACCO_INDICATOR_R_afford_price_dispersion,,,,,,,87.69,87.69,,,,2025-08-20T09:41:26Z,2024,2024-01-01,2024-12-31
138459,TOBACCO_MPOWER_R_TAXSTRUCTURE,COUNTRY,MYS,WPR,Western Pacific,YEAR,2024,TOBACCO_INDICATOR,TOBACCO_INDICATOR_R_min_price_policy,,,,,,,Yes,,,,,2025-08-20T09:41:26Z,2024,2024-01-01,2024-12-31
143868,TOBACCO_MPOWER_R_TAXSTRUCTURE,COUNTRY,RUS,EUR,Europe,YEAR,2024,TOBACCO_INDICATOR,TOBACCO_INDICATOR_R_eliquid_excise_type,,,,,,,Specific,,,,,2025-08-20T09:41:26Z,2024,2024-01-01,2024-12-31
145970,TOBACCO_MPOWER_R_TAXSTRUCTURE,COUNTRY,RWA,AFR,Africa,YEAR,2024,TOBACCO_INDICATOR,TOBACCO_INDICATOR_R_min_price_policy,,,,,,,No,,,,,2025-08-20T09:41:26Z,2024,2024-01-01,2024-12-31
148962,TOBACCO_MPOWER_R_TAXSTRUCTURE,COUNTRY,BHS,AMR,Americas,YEAR,2024,TOBACCO_INDICATOR,TOBACCO_INDICATOR_R_afford_tax_auto_adjust,,,,,,,No,,,,,2025-08-20T09:41:26Z,2024,2024-01-01,2024-12-31
149964,TOBACCO_MPOWER_R_TAXSTRUCTURE,COUNTRY,POL,EUR,Europe,YEAR,2024,TOBACCO_INDICATOR,TOBACCO_INDICATOR_R_afford_tax_auto_adjust,,,,,,,Yes,,,,,2025-08-20T09:41:26Z,2024,2024-01-01,2024-12-31
154145,TOBACCO_MPOWER_R_TAXSTRUCTURE,COUNTRY,UGA,AFR,Africa,YEAR,2024,TOBACCO_INDICATOR,TOBACCO_INDICATOR_R_htp_excise_type_sticks,,,,,,,. . .,,,,,2025-08-20T09:41:26Z,2024,2024-01-01,2024-12-31
162733,TOBACCO_MPOWER_R_TAXSTRUCTURE,COUNTRY,LBR,AFR,Africa,YEAR,2024,TOBACCO_INDICATOR,TOBACCO_INDICATOR_R_afford_price_dispersion,,,,,,,. . .,,,,,2025-08-20T09:41:26Z,2024,2024-01-01,2024-12-31
171336,TOBACCO_MPOWER_R_TAXSTRUCTURE,COUNTRY,MNE,EUR,Europe,YEAR,2024,TOBACCO_INDICATOR,TOBACCO_INDICATOR_R_htp_excise_type_sticks,,,,,,,Specific,,,,,2025-08-20T09:41:26Z,2024,2024-01-01,2024-12-31
171763,TOBACCO_MPOWER_R_TAXSTRUCTURE,COUNTRY,MCO,EUR,Europe,YEAR,2024,TOBACCO_INDICATOR,TOBACCO_INDICATOR_R_excise_specific_reliance,,,,,,,—,,,,,2025-08-20T09:41:26Z,2024,2024-01-01,2024-12-31
175522,TOBACCO_MPOWER_R_TAXSTRUCTURE,COUNTRY,PSE,EMR,Eastern Mediterranean,YEAR,2024,TOBACCO_INDICATOR,TOBACCO_INDICATOR_R_min_price_policy,,,,,,,No,,,,,2025-08-20T09:41:26Z,2024,2024-01-01,2024-12-31
177710,TOBACCO_MPOWER_R_TAXSTRUCTURE,COUNTRY,FJI,WPR,Western Pacific,YEAR,2024,TOBACCO_INDICATOR,TOBACCO_INDICATOR_R_excise_min_specific,,,,,,,—,,,,,2025-08-20T09:41:26Z,2024,2024-01-01,2024-12-31
178020,TOBACCO_MPOWER_R_TAXSTRUCTURE,COUNTRY,AUS,WPR,Western Pacific,YEAR,2024,TOBACCO_INDICATOR,TOBACCO_INDICATOR_R_afford_price_gap_decreased,,,,,,,No,,,,,2025-08-20T09:41:26Z,2024,2024-01-01,2024-12-31
178406,TOBACCO_MPOWER_R_TAXSTRUCTURE,COUNTRY,SLB,WPR,Western Pacific,YEAR,2024,TOBACCO_INDICATOR,TOBACCO_INDICATOR_R_afford_price_dispersion,,,,,,,78.13,78.13,,,,2025-08-20T09:41:26Z,2024,2024-01-01,2024-12-31
184140,TOBACCO_MPOWER_R_TAXSTRUCTURE,COUNTRY,GNB,AFR,Africa,YEAR,2024,TOBACCO_INDICATOR,TOBACCO_INDICATOR_R_eliquid_excise_nicotine,,,,,,,. . .,,,,,2025-08-20T09:41:26Z,2024,2024-01-01,2024-12-31
190543,TOBACCO_MPOWER_R_TAXSTRUCTURE,COUNTRY,ITA,EUR,Europe,YEAR,2024,TOBACCO_INDICATOR,TOBACCO_INDICATOR_R_min_price_policy,,,,,,,No,,,,,2025-08-20T09:41:26Z,2024,2024-01-01,2024-12-31
202233,TOBACCO_MPOWER_R_TAXSTRUCTURE,COUNTRY,SDN,EMR,Eastern Mediterranean,YEAR,2024,TOBACCO_INDICATOR,TOBACCO_INDICATOR_R_htp_excise_type_sticks,,,,,,,. . .,,,,,2025-08-20T09:41:26Z,2024,2024-01-01,2024-12-31
203169,TOBACCO_MPOWER_R_TAXSTRUCTURE,COUNTRY,SVN,EUR,Europe,YEAR,2024,TOBACCO_INDICATOR,TOBACCO_INDICATOR_R_min_price_policy,,,,,,,No,,,,,2025-08-20T09:41:26Z,2024,2024-01-01,2024-12-31
206674,TOBACCO_MPOWER_R_TAXSTRUCTURE,COUNTRY,GTM,AMR,Americas,YEAR,2024,TOBACCO_INDICATOR,TOBACCO_INDICATOR_R_excise_uniform_varied,,,,,,,Yes,,,,,2025-08-20T09:41:26Z,2024,2024-01-01,2024-12-31
208972,TOBACCO_MPOWER_R_TAXSTRUCTURE,COUNTRY,NZL,WPR,Western Pacific,YEAR,2024,TOBACCO_INDICATOR,TOBACCO_INDICATOR_R_eliquid_excise_type,,,,,,,No excise,,,,,2025-08-20T09:41:26Z,2024,2024-01-01,2024-12-31
211720,TOBACCO_MPOWER_R_TAXSTRUCTURE,COUNTRY,POL,EUR,Europe,YEAR,2024,TOBACCO_INDICATOR,TOBACCO_INDICATOR_R_excise_min_specific,,,,,,,Yes,,,,,2025-08-20T09:41:26Z,2024,2024-01-01,2024-12-31
211753,TOBACCO_MPOWER_R_TAXSTRUCTURE,COUNTRY,PRT,EUR,Europe,YEAR,2024,TOBACCO_INDICATOR,TOBACCO_INDICATOR_R_excise_uniform_varied,,,,,,,Yes,,,,,2025-08-20T09:41:26Z,2024,2024-01-01,2024-12-31
213806,TOBACCO_MPOWER_R_TAXSTRUCTURE,COUNTRY,ITA,EUR,Europe,YEAR,2024,TOBACCO_INDICATOR,TOBACCO_INDICATOR_R_excise_specific_reliance,,,,,,,No,,,,,2025-08-20T09:41:26Z,2024,2024-01-01,2024-12-31
216955,TOBACCO_MPOWER_R_TAXSTRUCTURE,COUNTRY,MLI,AFR,Africa,YEAR,2024,TOBACCO_INDICATOR,TOBACCO_INDICATOR_R_afford_tax_auto_adjust,,,,,,,—,,,,,2025-08-20T09:41:26Z,2024,2024-01-01,2024-12-31
224150,TOBACCO_MPOWER_R_TAXSTRUCTURE,COUNTRY,ECU,AMR,Americas,YEAR,2024,TOBACCO_INDICATOR,TOBACCO_INDICATOR_R_excise_type,,,,,,,Specific,,,,,2025-08-20T09:41:26Z,2024,2024-01-01,2024-12-31
225396,TOBACCO_MPOWER_R_TAXSTRUCTURE,COUNTRY,SVK,EUR,Europe,YEAR,2024,TOBACCO_INDICATOR,TOBACCO_INDICATOR_R_excise_min_specific,,,,,,,Yes,,,,,2025-08-20T09:41:26Z,2024,2024-01-01,2024-12-31
225890,TOBACCO_MPOWER_R_TAXSTRUCTURE,COUNTRY,MLT,EUR,Europe,YEAR,2024,TOBACCO_INDICATOR,TOBACCO_INDICATOR_R_excise_min_specific,,,,,,,Yes,,,,,2025-08-20T09:41:26Z,2024,2024-01-01,2024-12-31
237351,TOBACCO_MPOWER_R_TAXSTRUCTURE,COUNTRY,NIC,AMR,Americas,YEAR,2024,TOBACCO_INDICATOR,TOBACCO_INDICATOR_R_min_price_policy,,,,,,,. . .,,,,,2025-08-20T09:41:26Z,2024,2024-01-01,2024-12-31
238223,TOBACCO_MPOWER_R_TAXSTRUCTURE,COUNTRY,CPV,AFR,Africa,YEAR,2024,TOBACCO_INDICATOR,TOBACCO_INDICATOR_R_excise_specific_reliance,,,,,,,Yes,,,,,2025-08-20T09:41:26Z,2024,2024-01-01,2024-12-31
238541,TOBACCO_MPOWER_R_TAXSTRUCTURE,COUNTRY,ALB,EUR,Europe,YEAR,2024,TOBACCO_INDICATOR,TOBACCO_INDICATOR_R_excise_min_specific,,,,,,,—,,,,,2025-08-20T09:41:26Z,2024,2024-01-01,2024-12-31
239502,TOBACCO_MPOWER_R_TAXSTRUCTURE,COUNTRY,NZL,WPR,Western Pacific,YEAR,2024,TOBACCO_INDICATOR,TOBACCO_INDICATOR_R_htp_excise_type_sticks,,,,,,,Specific,,,,,2025-08-20T09:41:26Z,2024,2024-01-01,2024-12-31
247694,TOBACCO_MPOWER_R_TAXSTRUCTURE,COUNTRY,UKR,EUR,Europe,YEAR,2024,TOBACCO_INDICATOR,TOBACCO_INDICATOR_R_excise_min_specific,,,,,,,Yes,,,,,2025-08-20T09:41:26Z,2024,2024-01-01,2024-12-31
252726,TOBACCO_MPOWER_R_TAXSTRUCTURE,COUNTRY,SUR,AMR,Americas,YEAR,2024,TOBACCO_INDICATOR,TOBACCO_INDICATOR_R_excise_uniform_varied,,,,,,,Yes,,,,,2025-08-20T09:41:26Z,2024,2024-01-01,2024-12-31
257200,TOBACCO_MPOWER_R_TAXSTRUCTURE,COUNTRY,ERI,AFR,Africa,YEAR,2024,TOBACCO_INDICATOR,TOBACCO_INDICATOR_R_afford_price_dispersion,,,,,,,. . .,,,,,2025-08-20T09:41:26Z,2024,2024-01-01,2024-12-31
264002,TOBACCO_MPOWER_R_TAXSTRUCTURE,COUNTRY,AZE,EUR,Europe,YEAR,2024,TOBACCO_INDICATOR,TOBACCO_INDICATOR_R_excise_uniform_varied,,,,,,,Yes,,,,,2025-08-20T09:41:26Z,2024,2024-01-01,2024-12-31
267732,TOBACCO_MPOWER_R_TAXSTRUCTURE,COUNTRY,FIN,EUR,Europe,YEAR,2024,TOBACCO_INDICATOR,TOBACCO_INDICATOR_R_eliquid_excise_type,,,,,,,Specific,,,,,2025-08-20T09:41:26Z,2024,2024-01-01,2024-12-31
270238,TOBACCO_MPOWER_R_TAXSTRUCTURE,COUNTRY,VUT,WPR,Western Pacific,YEAR,2024,TOBACCO_INDICATOR,TOBACCO_INDICATOR_R_eliquid_excise_type,,,,,,,—,,,,,2025-08-20T09:41:26Z,2024,2024-01-01,2024-12-31
276898,TOBACCO_MPOWER_R_TAXSTRUCTURE,COUNTRY,CMR,AFR,Africa,YEAR,2024,TOBACCO_INDICATOR,TOBACCO_INDICATOR_R_eliquid_excise_device,,,,,,,. . .,,,,,2025-08-20T09:41:26Z,2024,2024-01-01,2024-12-31
281751,TOBACCO_MPOWER_R_TAXSTRUCTURE,COUNTRY,SVN,EUR,Europe,YEAR,2024,TOBACCO_INDICATOR,TOBACCO_INDICATOR_R_htp_excise_device,,,,,,,. . .,,,,,2025-08-20T09:41:26Z,2024,2024-01-01,2024-12-31
281849,TOBACCO_MPOWER_R_TAXSTRUCTURE,COUNTRY,JOR,EMR,Eastern Mediterranean,YEAR,2024,TOBACCO_INDICATOR,TOBACCO_INDICATOR_R_min_price_policy,,,,,,,Yes,,,,,2025-08-20T09:41:26Z,2024,2024-01-01,2024-12-31
286224,TOBACCO_MPOWER_R_TAXSTRUCTURE,COUNTRY,BEN,AFR,Africa,YEAR,2024,TOBACCO_INDICATOR,TOBACCO_INDICATOR_R_afford_price_dispersion,,,,,,,50,50,,,,2025-08-20T09:41:26Z,2024,2024-01-01,2024-12-31
289117,TOBACCO_MPOWER_R_TAXSTRUCTURE,COUNTRY,MDA,EUR,Europe,YEAR,2024,TOBACCO_INDICATOR,TOBACCO_INDICATOR_R_eliquid_excise_type,,,,,,,Specific,,,,,2025-08-20T09:41:26Z,2024,2024-01-01,2024-12-31
291886,TOBACCO_MPOWER_R_TAXSTRUCTURE,COUNTRY,KGZ,EUR,Europe,YEAR,2024,TOBACCO_INDICATOR,TOBACCO_INDICATOR_R_excise_uniform_varied,,,,,,,Yes,,,,,2025-08-20T09:41:26Z,2024,2024-01-01,2024-12-31
294542,TOBACCO_MPOWER_R_TAXSTRUCTURE,COUNTRY,PRT,EUR,Europe,YEAR,2024,TOBACCO_INDICATOR,TOBACCO_INDICATOR_R_excise_retail_price_base,,,,,,,Yes,,,,,2025-08-20T09:41:26Z,2024,2024-01-01,2024-12-31
294737,TOBACCO_MPOWER_R_TAXSTRUCTURE,COUNTRY,PRT,EUR,Europe,YEAR,2024,TOBACCO_INDICATOR,TOBACCO_INDICATOR_R_excise_specific_reliance,,,,,,,Yes,,,,,2025-08-20T09:41:26Z,2024,2024-01-01,2024-12-31
298126,TOBACCO_MPOWER_R_TAXSTRUCTURE,COUNTRY,ECU,AMR,Americas,YEAR,2024,TOBACCO_INDICATOR,TOBACCO_INDICATOR_R_afford_price_dispersion,,,,,,,92.31,92.31,,,,2025-08-20T09:41:26Z,2024,2024-01-01,2024-12-31
298477,TOBACCO_MPOWER_R_TAXSTRUCTURE,COUNTRY,ESP,EUR,Europe,YEAR,2024,TOBACCO_INDICATOR,TOBACCO_INDICATOR_R_excise_specific_reliance,,,,,,,No,,,,,2025-08-20T09:41:26Z,2024,2024-01-01,2024-12-31
298720,TOBACCO_MPOWER_R_TAXSTRUCTURE,COUNTRY,BWA,AFR,Africa,YEAR,2024,TOBACCO_INDICATOR,TOBACCO_INDICATOR_R_afford_price_gap_decreased,,,,,,,. . .,,,,,2025-08-20T09:41:26Z,2024,2024-01-01,2024-12-31
301821,TOBACCO_MPOWER_R_TAXSTRUCTURE,COUNTRY,COG,AFR,Africa,YEAR,2024,TOBACCO_INDICATOR,TOBACCO_INDICATOR_R_afford_price_dispersion,,,,,,,75,75,,,,2025-08-20T09:41:26Z,2024,2024-01-01,2024-12-31
304196,TOBACCO_MPOWER_R_TAXSTRUCTURE,COUNTRY,LBN,EMR,Eastern Mediterranean,YEAR,2024,TOBACCO_INDICATOR,TOBACCO_INDICATOR_R_afford_price_dispersion,,,,,,,26.58,26.58,,,,2025-08-20T09:41:26Z,2024,2024-01-01,2024-12-31
309000,TOBACCO_MPOWER_R_TAXSTRUCTURE,COUNTRY,DOM,AMR,Americas,YEAR,2024,TOBACCO_INDICATOR,TOBACCO_INDICATOR_R_afford_tax_auto_adjust,,,,,,,Yes,,,,,2025-08-20T09:41:26Z,2024,2024-01-01,2024-12-31
319145,TOBACCO_MPOWER_R_TAXSTRUCTURE,COUNTRY,MKD,EUR,Europe,YEAR,2024,TOBACCO_INDICATOR,TOBACCO_INDICATOR_R_htp_excise_device,,,,,,,No,,,,,2025-08-20T09:41:26Z,2024,2024-01-01,2024-12-31
322768,TOBACCO_MPOWER_R_TAXSTRUCTURE,COUNTRY,RUS,EUR,Europe,YEAR,2024,TOBACCO_INDICATOR,TOBACCO_INDICATOR_R_excise_min_specific,,,,,,,Yes,,,,,2025-08-20T09:41:26Z,2024,2024-01-01,2024-12-31
323376,TOBACCO_MPOWER_R_TAXSTRUCTURE,COUNTRY,VCT,AMR,Americas,YEAR,2024,TOBACCO_INDICATOR,TOBACCO_INDICATOR_R_htp_excise_device,,,,,,,. . .,,,,,2025-08-20T09:41:26Z,2024,2024-01-01,2024-12-31
323661,TOBACCO_MPOWER_R_TAXSTRUCTURE,COUNTRY,SDN,EMR,Eastern Mediterranean,YEAR,2024,TOBACCO_INDICATOR,TOBACCO_INDICATOR_R_eliquid_excise_nicotine,,,,,,,. . .,,,,,2025-08-20T09:41:26Z,2024,2024-01-01,2024-12-31
325450,TOBACCO_MPOWER_R_TAXSTRUCTURE,COUNTRY,COM,AFR,Africa,YEAR,2024,TOBACCO_INDICATOR,TOBACCO_INDICATOR_R_excise_specific_reliance,,,,,,,—,,,,,2025-08-20T09:41:26Z,2024,2024-01-01,2024-12-31
325501,TOBACCO_MPOWER_R_TAXSTRUCTURE,COUNTRY,EST,EUR,Europe,YEAR,2024,TOBACCO_INDICATOR,TOBACCO_INDICATOR_R_excise_retail_price_base,,,,,,,Yes,,,,,2025-08-20T09:41:26Z,2024,2024-01-01,2024-12-31
330558,TOBACCO_MPOWER_R_TAXSTRUCTURE,COUNTRY,CPV,AFR,Africa,YEAR,2024,TOBACCO_INDICATOR,TOBACCO_INDICATOR_R_min_price_policy,,,,,,,No,,,,,2025-08-20T09:41:26Z,2024,2024-01-01,2024-12-31
338412,TOBACCO_MPOWER_R_TAXSTRUCTURE,COUNTRY,LUX,EUR,Europe,YEAR,2024,TOBACCO_INDICATOR,TOBACCO_INDICATOR_R_excise_specific_reliance,,,,,,,No,,,,,2025-08-20T09:41:26Z,2024,2024-01-01,2024-12-31
343066,TOBACCO_MPOWER_R_TAXSTRUCTURE,COUNTRY,RUS,EUR,Europe,YEAR,2024,TOBACCO_INDICATOR,TOBACCO_INDICATOR_R_excise_specific_reliance,,,,,,,Yes,,,,,2025-08-20T09:41:26Z,2024,2024-01-01,2024-12-31
343593,TOBACCO_MPOWER_R_TAXSTRUCTURE,COUNTRY,CHN,WPR,Western Pacific,YEAR,2024,TOBACCO_INDICATOR,TOBACCO_INDICATOR_R_eliquid_excise_nicotine,,,,,,,. . .,,,,,2025-08-20T09:41:26Z,2024,2024-01-01,2024-12-31
344977,TOBACCO_MPOWER_R_TAXSTRUCTURE,COUNTRY,NIC,AMR,Americas,YEAR,2024,TOBACCO_INDICATOR,TOBACCO_INDICATOR_R_eliquid_excise_type,,,,,,,. . .,,,,,2025-08-20T09:41:26Z,2024,2024-01-01,2024-12-31
345331,TOBACCO_MPOWER_R_TAXSTRUCTURE,COUNTRY,AFG,EMR,Eastern Mediterranean,YEAR,2024,TOBACCO_INDICATOR,TOBACCO_INDICATOR_R_eliquid_excise_device,,,,,,,. . .,,,,,2025-08-20T09:41:26Z,2024,2024-01-01,2024-12-31
352041,TOBACCO_MPOWER_R_TAXSTRUCTURE,COUNTRY,AFG,EMR,Eastern Mediterranean,YEAR,2024,TOBACCO_INDICATOR,TOBACCO_INDICATOR_R_afford_tax_auto_adjust,,,,,,,. . .,,,,,2025-08-20T09:41:26Z,2024,2024-01-01,2024-12-31
357225,TOBACCO_MPOWER_R_TAXSTRUCTURE,COUNTRY,GHA,AFR,Africa,YEAR,2024,TOBACCO_INDICATOR,TOBACCO_INDICATOR_R_afford_price_gap_decreased,,,,,,,Yes,,,,,2025-08-20T09:41:26Z,2024,2024-01-01,2024-12-31
358637,TOBACCO_MPOWER_R_TAXSTRUCTURE,COUNTRY,MAR,EMR,Eastern Mediterranean,YEAR,2024,TOBACCO_INDICATOR,TOBACCO_INDICATOR_R_afford_price_gap_decreased,,,,,,,Yes,,,,,2025-08-20T09:41:26Z,2024,2024-01-01,2024-12-31
359779,TOBACCO_MPOWER_R_TAXSTRUCTURE,COUNTRY,SRB,EUR,Europe,YEAR,2024,TOBACCO_INDICATOR,TOBACCO_INDICATOR_R_htp_excise_type_sticks,,,,,,,Specific,,,,,2025-08-20T09:41:26Z,2024,2024-01-01,2024-12-31
361633,TOBACCO_MPOWER_R_TAXSTRUCTURE,COUNTRY,EST,EUR,Europe,YEAR,2024,TOBACCO_INDICATOR,TOBACCO_INDICATOR_R_eliquid_excise_type,,,,,,,Specific,,,,,2025-08-20T09:41:26Z,2024,2024-01-01,2024-12-31
361824,TOBACCO_MPOWER_R_TAXSTRUCTURE,COUNTRY,SUR,AMR,Americas,YEAR,2024,TOBACCO_INDICATOR,TOBACCO_INDICATOR_R_eliquid_excise_type,,,,,,,—,,,,,2025-08-20T09:41:26Z,2024,2024-01-01,2024-12-31
362847,TOBACCO_MPOWER_R_TAXSTRUCTURE,COUNTRY,BGR,EUR,Europe,YEAR,2024,TOBACCO_INDICATOR,TOBACCO_INDICATOR_R_afford_price_gap_decreased,,,,,,,No,,,,,2025-08-20T09:41:26Z,2024,2024-01-01,2024-12-31
363221,TOBACCO_MPOWER_R_TAXSTRUCTURE,COUNTRY,SEN,AFR,Africa,YEAR,2024,TOBACCO_INDICATOR,TOBACCO_INDICATOR_R_afford_price_gap_decreased,,,,,,,No,,,,,2025-08-20T09:41:26Z,2024,2024-01-01,2024-12-31
366703,TOBACCO_MPOWER_R_TAXSTRUCTURE,COUNTRY,LBY,EMR,Eastern Mediterranean,YEAR,2024,TOBACCO_INDICATOR,TOBACCO_INDICATOR_R_min_price_policy,,,,,,,No,,,,,2025-08-20T09:41:26Z,2024,2024-01-01,2024-12-31
368736,TOBACCO_MPOWER_R_TAXSTRUCTURE,COUNTRY,COM,AFR,Africa,YEAR,2024,TOBACCO_INDICATOR,TOBACCO_INDICATOR_R_excise_min_specific,,,,,,,No,,,,,2025-08-20T09:41:26Z,2024,2024-01-01,2024-12-31
373905,TOBACCO_MPOWER_R_TAXSTRUCTURE,COUNTRY,BRA,AMR,Americas,YEAR,2024,TOBACCO_INDICATOR,TOBACCO_INDICATOR_R_eliquid_excise_nicotine,,,,,,,—,,,,,2025-08-20T09:41:26Z,2024,2024-01-01,2024-12-31
375101,TOBACCO_MPOWER_R_TAXSTRUCTURE,COUNTRY,NZL,WPR,Western Pacific,YEAR,2024,TOBACCO_INDICATOR,TOBACCO_INDICATOR_R_eliquid_excise_nicotine,,,,,,,—,,,,,2025-08-20T09:41:26Z,2024,2024-01-01,2024-12-31
388778,TOBACCO_MPOWER_R_TAXSTRUCTURE,COUNTRY,MMR,SEAR,South-East Asia,YEAR,2024,TOBACCO_INDICATOR,TOBACCO_INDICATOR_R_excise_retail_price_base,,,,,,,—,,,,,2025-08-20T09:41:26Z,2024,2024-01-01,2024-12-31
388991,TOBACCO_MPOWER_R_TAXSTRUCTURE,COUNTRY,CPV,AFR,Africa,YEAR,2024,TOBACCO_INDICATOR,TOBACCO_INDICATOR_R_htp_excise_device,,,,,,,. . .,,,,,2025-08-20T09:41:26Z,2024,2024-01-01,2024-12-31
397783,TOBACCO_MPOWER_R_TAXSTRUCTURE,COUNTRY,JAM,AMR,Americas,YEAR,2024,TOBACCO_INDICATOR,TOBACCO_INDICATOR_R_eliquid_excise_nicotine,,,,,,,. . .,,,,,2025-08-20T09:41:26Z,2024,2024-01-01,2024-12-31
405455,TOBACCO_MPOWER_R_TAXSTRUCTURE,COUNTRY,MWI,AFR,Africa,YEAR,2024,TOBACCO_INDICATOR,TOBACCO_INDICATOR_R_eliquid_excise_nicotine,,,,,,,—,,,,,2025-08-20T09:41:26Z,2024,2024-01-01,2024-12-31
408425,TOBACCO_MPOWER_R_TAXSTRUCTURE,COUNTRY,HTI,AMR,Americas,YEAR,2024,TOBACCO_INDICATOR,TOBACCO_INDICATOR_R_excise_specific_reliance,,,,,,,—,,,,,2025-08-20T09:41:26Z,2024,2024-01-01,2024-12-31
411530,TOBACCO_MPOWER_R_TAXSTRUCTURE,COUNTRY,KIR,WPR,Western Pacific,YEAR,2024,TOBACCO_INDICATOR,TOBACCO_INDICATOR_R_eliquid_excise_device,,,,,,,. . .,,,,,2025-08-20T09:41:26Z,2024,2024-01-01,2024-12-31
412887,TOBACCO_MPOWER_R_TAXSTRUCTURE,COUNTRY,CYP,EUR,Europe,YEAR,2024,TOBACCO_INDICATOR,TOBACCO_INDICATOR_R_excise_retail_price_base,,,,,,,Yes,,,,,2025-08-20T09:41:26Z,2024,2024-01-01,2024-12-31
413792,TOBACCO_MPOWER_R_TAXSTRUCTURE,COUNTRY,DZA,AFR,Africa,YEAR,2024,TOBACCO_INDICATOR,TOBACCO_INDICATOR_R_eliquid_excise_type,,,,,,,. . .,,,,,2025-08-20T09:41:26Z,2024,2024-01-01,2024-12-31
414435,TOBACCO_MPOWER_R_TAXSTRUCTURE,COUNTRY,IDN,WPR,Western Pacific,YEAR,2024,TOBACCO_INDICATOR,TOBACCO_INDICATOR_R_afford_price_gap_decreased,,,,,,,. . .,,,,,2025-08-20T09:41:26Z,2024,2024-01-01,2024-12-31
415554,TOBACCO_MPOWER_R_TAXSTRUCTURE,COUNTRY,ARG,AMR,Americas,YEAR,2024,TOBACCO_INDICATOR,TOBACCO_INDICATOR_R_htp_excise_type_sticks,,,,,,,—,,,,,2025-08-20T09:41:26Z,2024,2024-01-01,2024-12-31
415819,TOBACCO_MPOWER_R_TAXSTRUCTURE,COUNTRY,CYP,EUR,Europe,YEAR,2024,TOBACCO_INDICATOR,TOBACCO_INDICATOR_R_eliquid_excise_device,,,,,,,. . .,,,,,2025-08-20T09:41:26Z,2024,2024-01-01,2024-12-31
416375,TOBACCO_MPOWER_R_TAXSTRUCTURE,COUNTRY,MAR,EMR,Eastern Mediterranean,YEAR,2024,TOBACCO_INDICATOR,TOBACCO_INDICATOR_R_min_price_policy,,,,,,,No,,,,,2025-08-20T09:41:26Z,2024,2024-01-01,2024-12-31
418383,TOBACCO_MPOWER_R_TAXSTRUCTURE,COUNTRY,ITA,EUR,Europe,YEAR,2024,TOBACCO_INDICATOR,TOBACCO_INDICATOR_R_eliquid_excise_type,,,,,,,Specific,,,,,2025-08-20T09:41:26Z,2024,2024-01-01,2024-12-31
423500,TOBACCO_MPOWER_R_TAXSTRUCTURE,COUNTRY,LBN,EMR,Eastern Mediterranean,YEAR,2024,TOBACCO_INDICATOR,TOBACCO_INDICATOR_R_excise_uniform_varied,,,,,,,No,,,,,2025-08-20T09:41:26Z,2024,2024-01-01,2024-12-31
434753,TOBACCO_MPOWER_R_TAXSTRUCTURE,COUNTRY,NGA,AFR,Africa,YEAR,2024,TOBACCO_INDICATOR,TOBACCO_INDICATOR_R_htp_excise_device,,,,,,,No,,,,,2025-08-20T09:41:26Z,2024,2024-01-01,2024-12-31
438940,TOBACCO_MPOWER_R_TAXSTRUCTURE,COUNTRY,CHN,WPR,Western Pacific,YEAR,2024,TOBACCO_INDICATOR,TOBACCO_INDICATOR_R_afford_price_dispersion,,,,,,,8.89,8.89,,,,2025-08-20T09:41:26Z,2024,2024-01-01,2024-12-31
455420,TOBACCO_MPOWER_R_TAXSTRUCTURE,COUNTRY,BEN,AFR,Africa,YEAR,2024,TOBACCO_INDICATOR,TOBACCO_INDICATOR_R_min_price_policy,,,,,,,No,,,,,2025-08-20T09:41:26Z,2024,2024-01-01,2024-12-31
458047,TOBACCO_MPOWER_R_TAXSTRUCTURE,COUNTRY,SWE,EUR,Europe,YEAR,2024,TOBACCO_INDICATOR,TOBACCO_INDICATOR_R_afford_tax_auto_adjust,,,,,,,No,,,,,2025-08-20T09:41:26Z,2024,2024-01-01,2024-12-31
463219,TOBACCO_MPOWER_R_TAXSTRUCTURE,COUNTRY,BRA,AMR,Americas,YEAR,2024,TOBACCO_INDICATOR,TOBACCO_INDICATOR_R_excise_type,,,,,,,Mixed,,,,,2025-08-20T09:41:26Z,2024,2024-01-01,2024-12-31
465642,TOBACCO_MPOWER_R_TAXSTRUCTURE,COUNTRY,CAN,AMR,Americas,YEAR,2024,TOBACCO_INDICATOR,TOBACCO_INDICATOR_R_htp_excise_type_sticks,,,,,,,. . .,,,,,2025-08-20T09:41:26Z,2024,2024-01-01,2024-12-31
469666,TOBACCO_MPOWER_R_TAXSTRUCTURE,COUNTRY,LBR,AFR,Africa,YEAR,2024,TOBACCO_INDICATOR,TOBACCO_INDICATOR_R_excise_uniform_varied,,,,,,,Yes,,,,,2025-08-20T09:41:26Z,2024,2024-01-01,2024-12-31
471150,TOBACCO_MPOWER_R_TAXSTRUCTURE,COUNTRY,BRB,AMR,Americas,YEAR,2024,TOBACCO_INDICATOR,TOBACCO_INDICATOR_R_excise_specific_reliance,,,,,,,—,,,,,2025-08-20T09:41:26Z,2024,2024-01-01,2024-12-31
471744,TOBACCO_MPOWER_R_TAXSTRUCTURE,COUNTRY,AFG,EMR,Eastern Mediterranean,YEAR,2024,TOBACCO_INDICATOR,TOBACCO_INDICATOR_R_afford_price_dispersion,,,,,,,. . .,,,,,2025-08-20T09:41:26Z,2024,2024-01-01,2024-12-31
475091,TOBACCO_MPOWER_R_TAXSTRUCTURE,COUNTRY,CMR,AFR,Africa,YEAR,2024,TOBACCO_INDICATOR,TOBACCO_INDICATOR_R_afford_price_dispersion,,,,,,,50,50,,,,2025-08-20T09:41:26Z,2024,2024-01-01,2024-12-31
475463,TOBACCO_MPOWER_R_TAXSTRUCTURE,COUNTRY,COM,AFR,Africa,YEAR,2024,TOBACCO_INDICATOR,TOBACCO_INDICATOR_R_htp_excise_type_sticks,,,,,,,. . .,,,,,2025-08-20T09:41:26Z,2024,2024-01-01,2024-12-31
475558,TOBACCO_MPOWER_R_TAXSTRUCTURE,COUNTRY,LSO,AFR,Africa,YEAR,2024,TOBACCO_INDICATOR,TOBACCO_INDICATOR_R_htp_excise_type_sticks,,,,,,,. . .,,,,,2025-08-20T09:41:26Z,2024,2024-01-01,2024-12-31
476960,TOBACCO_MPOWER_R_TAXSTRUCTURE,COUNTRY,MNG,WPR,Western Pacific,YEAR,2024,TOBACCO_INDICATOR,TOBACCO_INDICATOR_R_afford_price_dispersion,,,,,,,32.86,32.86,,,,2025-08-20T09:41:26Z,2024,2024-01-01,2024-12-31
477667,TOBACCO_MPOWER_R_TAXSTRUCTURE,COUNTRY,KNA,AMR,Americas,YEAR,2024,TOBACCO_INDICATOR,TOBACCO_INDICATOR_R_eliquid_excise_device,,,,,,,. . .,,,,,2025-08-20T09:41:26Z,2024,2024-01-01,2024-12-31
484172,TOBACCO_MPOWER_R_TAXSTRUCTURE,COUNTRY,PAK,EMR,Eastern Mediterranean,YEAR,2024,TOBACCO_INDICATOR,TOBACCO_INDICATOR_R_excise_specific_reliance,,,,,,,—,,,,,2025-08-20T09:41:26Z,2024,2024-01-01,2024-12-31
487997,TOBACCO_MPOWER_R_TAXSTRUCTURE,COUNTRY,BLR,EUR,Europe,YEAR,2024,TOBACCO_INDICATOR,TOBACCO_INDICATOR_R_afford_price_dispersion,,,,,,,47.26,47.26,,,,2025-08-20T09:41:26Z,2024,2024-01-01,2024-12-31
488381,TOBACCO_MPOWER_R_TAXSTRUCTURE,COUNTRY,SLB,WPR,Western Pacific,YEAR,2024,TOBACCO_INDICATOR,TOBACCO_INDICATOR_R_afford_tax_auto_adjust,,,,,,,No,,,,,2025-08-20T09:41:26Z,2024,2024-01-01,2024-12-31
497966,TOBACCO_MPOWER_R_TAXSTRUCTURE,COUNTRY,NPL,SEAR,South-East Asia,YEAR,2024,TOBACCO_INDICATOR,TOBACCO_INDICATOR_R_excise_min_specific,,,,,,,—,,,,,2025-08-20T09:41:26Z,2024,2024-01-01,2024-12-31
500268,TOBACCO_MPOWER_R_TAXSTRUCTURE,COUNTRY,CHN,WPR,Western Pacific,YEAR,2024,TOBACCO_INDICATOR,TOBACCO_INDICATOR_R_htp_excise_type_sticks,,,,,,,. . .,,,,,2025-08-20T09:41:26Z,2024,2024-01-01,2024-12-31
501049,TOBACCO_MPOWER_R_TAXSTRUCTURE,COUNTRY,ALB,EUR,Europe,YEAR,2024,TOBACCO_INDICATOR,TOBACCO_INDICATOR_R_afford_price_dispersion,,,,,,,50,50,,,,2025-08-20T09:41:26Z,2024,2024-01-01,2024-12-31
501186,TOBACCO_MPOWER_R_TAXSTRUCTURE,COUNTRY,GBR,EUR,Europe,YEAR,2024,TOBACCO_INDICATOR,TOBACCO_INDICATOR_R_excise_min_specific,,,,,,,Yes,,,,,2025-08-20T09:41:26Z,2024,2024-01-01,2024-12-31
505936,TOBACCO_MPOWER_R_TAXSTRUCTURE,COUNTRY,COK,WPR,Western Pacific,YEAR,2024,TOBACCO_INDICATOR,TOBACCO_INDICATOR_R_excise_min_specific,,,,,,,—,,,,,2025-08-20T09:41:26Z,2024,2024-01-01,2024-12-31
506537,TOBACCO_MPOWER_R_TAXSTRUCTURE,COUNTRY,SVK,EUR,Europe,YEAR,2024,TOBACCO_INDICATOR,TOBACCO_INDICATOR_R_eliquid_excise_type,,,,,,,No excise,,,,,2025-08-20T09:41:26Z,2024,2024-01-01,2024-12-31
507442,TOBACCO_MPOWER_R_TAXSTRUCTURE,COUNTRY,PER,AMR,Americas,YEAR,2024,TOBACCO_INDICATOR,TOBACCO_INDICATOR_R_excise_uniform_varied,,,,,,,Yes,,,,,2025-08-20T09:41:26Z,2024,2024-01-01,2024-12-31
516563,TOBACCO_MPOWER_R_TAXSTRUCTURE,COUNTRY,PAN,AMR,Americas,YEAR,2024,TOBACCO_INDICATOR,TOBACCO_INDICATOR_R_htp_excise_type_sticks,,,,,,,—,,,,,2025-08-20T09:41:26Z,2024,2024-01-01,2024-12-31
518172,TOBACCO_MPOWER_R_TAXSTRUCTURE,COUNTRY,JPN,WPR,Western Pacific,YEAR,2024,TOBACCO_INDICATOR,TOBACCO_INDICATOR_R_htp_excise_device,,,,,,,. . .,,,,,2025-08-20T09:41:26Z,2024,2024-01-01,2024-12-31
520746,TOBACCO_MPOWER_R_TAXSTRUCTURE,COUNTRY,MDV,SEAR,South-East Asia,YEAR,2024,TOBACCO_INDICATOR,TOBACCO_INDICATOR_R_excise_min_specific,,,,,,,—,,,,,2025-08-20T09:41:26Z,2024,2024-01-01,2024-12-31
522786,TOBACCO_MPOWER_R_TAXSTRUCTURE,COUNTRY,LAO,WPR,Western Pacific,YEAR,2024,TOBACCO_INDICATOR,TOBACCO_INDICATOR_R_min_price_policy,,,,,,,No,,,,,2025-08-20T09:41:26Z,2024,2024-01-01,2024-12-31
525040,TOBACCO_MPOWER_R_TAXSTRUCTURE,COUNTRY,NZL,WPR,Western Pacific,YEAR,2024,TOBACCO_INDICATOR,TOBACCO_INDICATOR_R_afford_price_dispersion,,,,,,,73.27,73.27,,,,2025-08-20T09:41:26Z,2024,2024-01-01,2024-12-31
530018,TOBACCO_MPOWER_R_TAXSTRUCTURE,COUNTRY,KWT,EMR,Eastern Mediterranean,YEAR,2024,TOBACCO_INDICATOR,TOBACCO_INDICATOR_R_excise_retail_price_base,,,,,,,—,,,,,2025-08-20T09:41:26Z,2024,2024-01-01,2024-12-31
530285,TOBACCO_MPOWER_R_TAXSTRUCTURE,COUNTRY,BIH,EUR,Europe,YEAR,2024,TOBACCO_INDICATOR,TOBACCO_INDICATOR_R_eliquid_excise_device,,,,,,,—,,,,,2025-08-20T09:41:26Z,2024,2024-01-01,2024-12-31
538701,TOBACCO_MPOWER_R_TAXSTRUCTURE,COUNTRY,TZA,AFR,Africa,YEAR,2024,TOBACCO_INDICATOR,TOBACCO_INDICATOR_R_eliquid_excise_device,,,,,,,. . .,,,,,2025-08-20T09:41:26Z,2024,2024-01-01,2024-12-31
541257,TOBACCO_MPOWER_R_TAXSTRUCTURE,COUNTRY,TUR,EUR,Europe,YEAR,2024,TOBACCO_INDICATOR,TOBACCO_INDICATOR_R_excise_type,,,,,,,Mixed,,,,,2025-08-20T09:41:26Z,2024,2024-01-01,2024-12-31
541462,TOBACCO_MPOWER_R_TAXSTRUCTURE,COUNTRY,DNK,EUR,Europe,YEAR,2024,TOBACCO_INDICATOR,TOBACCO_INDICATOR_R_htp_excise_device,,,,,,,. . .,,,,,2025-08-20T09:41:26Z,2024,2024-01-01,2024-12-31
544307,TOBACCO_MPOWER_R_TAXSTRUCTURE,COUNTRY,SRB,EUR,Europe,YEAR,2024,TOBACCO_INDICATOR,TOBACCO_INDICATOR_R_eliquid_excise_nicotine,,,,,,,all e-liquids,,,,,2025-08-20T09:41:26Z,2024,2024-01-01,2024-12-31
546987,TOBACCO_MPOWER_R_TAXSTRUCTURE,COUNTRY,SEN,AFR,Africa,YEAR,2024,TOBACCO_INDICATOR,TOBACCO_INDICATOR_R_htp_excise_device,,,,,,,. . .,,,,,2025-08-20T09:41:26Z,2024,2024-01-01,2024-12-31
551692,TOBACCO_MPOWER_R_TAXSTRUCTURE,COUNTRY,SVN,EUR,Europe,YEAR,2024,TOBACCO_INDICATOR,TOBACCO_INDICATOR_R_afford_price_dispersion,,,,,,,79.63,79.63,,,,2025-08-20T09:41:26Z,2024,2024-01-01,2024-12-31
552870,TOBACCO_MPOWER_R_TAXSTRUCTURE,COUNTRY,KOR,WPR,Western Pacific,YEAR,2024,TOBACCO_INDICATOR,TOBACCO_INDICATOR_R_excise_specific_reliance,,,,,,,—,,,,,2025-08-20T09:41:26Z,2024,2024-01-01,2024-12-31
556362,TOBACCO_MPOWER_R_TAXSTRUCTURE,COUNTRY,ZMB,AFR,Africa,YEAR,2024,TOBACCO_INDICATOR,TOBACCO_INDICATOR_R_eliquid_excise_type,,,,,,,. . .,,,,,2025-08-20T09:41:26Z,2024,2024-01-01,2024-12-31
563448,TOBACCO_MPOWER_R_TAXSTRUCTURE,COUNTRY,BTN,SEAR,South-East Asia,YEAR,2024,TOBACCO_INDICATOR,TOBACCO_INDICATOR_R_htp_excise_device,,,,,,,. . .,,,,,2025-08-20T09:41:26Z,2024,2024-01-01,2024-12-31
569511,TOBACCO_MPOWER_R_TAXSTRUCTURE,COUNTRY,NER,AFR,Africa,YEAR,2024,TOBACCO_INDICATOR,TOBACCO_INDICATOR_R_min_price_policy,,,,,,,No,,,,,2025-08-20T09:41:26Z,2024,2024-01-01,2024-12-31
570549,TOBACCO_MPOWER_R_TAXSTRUCTURE,COUNTRY,BHR,EMR,Eastern Mediterranean,YEAR,2024,TOBACCO_INDICATOR,TOBACCO_INDICATOR_R_eliquid_excise_nicotine,,,,,,,. . .,,,,,2025-08-20T09:41:26Z,2024,2024-01-01,2024-12-31
571236,TOBACCO_MPOWER_R_TAXSTRUCTURE,COUNTRY,DMA,AMR,Americas,YEAR,2024,TOBACCO_INDICATOR,TOBACCO_INDICATOR_R_min_price_policy,,,,,,,No,,,,,2025-08-20T09:41:26Z,2024,2024-01-01,2024-12-31
579810,TOBACCO_MPOWER_R_TAXSTRUCTURE,COUNTRY,NOR,EUR,Europe,YEAR,2024,TOBACCO_INDICATOR,TOBACCO_INDICATOR_R_eliquid_excise_nicotine,,,,,,,—,,,,,2025-08-20T09:41:26Z,2024,2024-01-01,2024-12-31
583471,TOBACCO_MPOWER_R_TAXSTRUCTURE,COUNTRY,IND,SEAR,South-East Asia,YEAR,2024,TOBACCO_INDICATOR,TOBACCO_INDICATOR_R_excise_retail_price_base,,,,,,,No,,,,,2025-08-20T09:41:26Z,2024,2024-01-01,2024-12-31
586397,TOBACCO_MPOWER_R_TAXSTRUCTURE,COUNTRY,STP,AFR,Africa,YEAR,2024,TOBACCO_INDICATOR,TOBACCO_INDICATOR_R_eliquid_excise_device,,,,,,,No,,,,,2025-08-20T09:41:26Z,2024,2024-01-01,2024-12-31
593816,TOBACCO_MPOWER_R_TAXSTRUCTURE,COUNTRY,VEN,AMR,Americas,YEAR,2024,TOBACCO_INDICATOR,TOBACCO_INDICATOR_R_min_price_policy,,,,,,,. . .,,,,Data not validated by the national authorities.,2025-08-20T09:41:26Z,2024,2024-01-01,2024-12-31
596754,TOBACCO_MPOWER_R_TAXSTRUCTURE,COUNTRY,GTM,AMR,Americas,YEAR,2024,TOBACCO_INDICATOR,TOBACCO_INDICATOR_R_afford_price_gap_decreased,,,,,,,No,,,,,2025-08-20T09:41:26Z,2024,2024-01-01,2024-12-31
615849,TOBACCO_MPOWER_R_TAXSTRUCTURE,COUNTRY,SLV,AMR,Americas,YEAR,2024,TOBACCO_INDICATOR,TOBACCO_INDICATOR_R_min_price_policy,,,,,,,No,,,,,2025-08-20T09:41:26Z,2024,2024-01-01,2024-12-31
619872,TOBACCO_MPOWER_R_TAXSTRUCTURE,COUNTRY,PAK,EMR,Eastern Mediterranean,YEAR,2024,TOBACCO_INDICATOR,TOBACCO_INDICATOR_R_afford_tax_auto_adjust,,,,,,,No,,,,,2025-08-20T09:41:26Z,2024,2024-01-01,2024-12-31
626796,TOBACCO_MPOWER_R_TAXSTRUCTURE,COUNTRY,TLS,SEAR,South-East Asia,YEAR,2024,TOBACCO_INDICATOR,TOBACCO_INDICATOR_R_min_price_policy,,,,,,,No,,,,,2025-08-20T09:41:26Z,2024,2024-01-01,2024-12-31
629024,TOBACCO_MPOWER_R_TAXSTRUCTURE,COUNTRY,DJI,EMR,Eastern Mediterranean,YEAR,2024,TOBACCO_INDICATOR,TOBACCO_INDICATOR_R_min_price_policy,,,,,,,No,,,,,2025-08-20T09:41:26Z,2024,2024-01-01,2024-12-31
629456,TOBACCO_MPOWER_R_TAXSTRUCTURE,COUNTRY,GIN,AFR,Africa,YEAR,2024,TOBACCO_INDICATOR,TOBACCO_INDICATOR_R_eliquid_excise_device,,,,,,,. . .,,,,,2025-08-20T09:41:26Z,2024,2024-01-01,2024-12-31
646075,TOBACCO_MPOWER_R_TAXSTRUCTURE,COUNTRY,KWT,EMR,Eastern Mediterranean,YEAR,2024,TOBACCO_INDICATOR,TOBACCO_INDICATOR_R_excise_min_specific,,,,,,,—,,,,,2025-08-20T09:41:26Z,2024,2024-01-01,2024-12-31
648192,TOBACCO_MPOWER_R_TAXSTRUCTURE,COUNTRY,PER,AMR,Americas,YEAR,2024,TOBACCO_INDICATOR,TOBACCO_INDICATOR_R_eliquid_excise_type,,,,,,,No excise,,,,,2025-08-20T09:41:26Z,2024,2024-01-01,2024-12-31
651878,TOBACCO_MPOWER_R_TAXSTRUCTURE,COUNTRY,SDN,EMR,Eastern Mediterranean,YEAR,2024,TOBACCO_INDICATOR,TOBACCO_INDICATOR_R_excise_min_specific,,,,,,,No,,,,,2025-08-20T09:41:26Z,2024,2024-01-01,2024-12-31
653228,TOBACCO_MPOWER_R_TAXSTRUCTURE,COUNTRY,UZB,EUR,Europe,YEAR,2024,TOBACCO_INDICATOR,TOBACCO_INDICATOR_R_excise_uniform_varied,,,,,,,No,,,,,2025-08-20T09:41:26Z,2024,2024-01-01,2024-12-31
655046,TOBACCO_MPOWER_R_TAXSTRUCTURE,COUNTRY,THA,SEAR,South-East Asia,YEAR,2024,TOBACCO_INDICATOR,TOBACCO_INDICATOR_R_excise_retail_price_base,,,,,,,Yes,,,,,2025-08-20T09:41:26Z,2024,2024-01-01,2024-12-31
663922,TOBACCO_MPOWER_R_TAXSTRUCTURE,COUNTRY,KOR,WPR,Western Pacific,YEAR,2024,TOBACCO_INDICATOR,TOBACCO_INDICATOR_R_excise_type,,,,,,,Specific,,,,,2025-08-20T09:41:26Z,2024,2024-01-01,2024-12-31
665401,TOBACCO_MPOWER_R_TAXSTRUCTURE,COUNTRY,NRU,WPR,Western Pacific,YEAR,2024,TOBACCO_INDICATOR,TOBACCO_INDICATOR_R_afford_tax_auto_adjust,,,,,,,—,,,,,2025-08-20T09:41:26Z,2024,2024-01-01,2024-12-31
665897,TOBACCO_MPOWER_R_TAXSTRUCTURE,COUNTRY,MOZ,AFR,Africa,YEAR,2024,TOBACCO_INDICATOR,TOBACCO_INDICATOR_R_excise_retail_price_base,,,,,,,—,,,,,2025-08-20T09:41:26Z,2024,2024-01-01,2024-12-31
666354,TOBACCO_MPOWER_R_TAXSTRUCTURE,COUNTRY,TLS,SEAR,South-East Asia,YEAR,2024,TOBACCO_INDICATOR,TOBACCO_INDICATOR_R_eliquid_excise_type,,,,,,,—,,,,,2025-08-20T09:41:26Z,2024,2024-01-01,2024-12-31
673956,TOBACCO_MPOWER_R_TAXSTRUCTURE,COUNTRY,NLD,EUR,Europe,YEAR,2024,TOBACCO_INDICATOR,TOBACCO_INDICATOR_R_eliquid_excise_type,,,,,,,No excise,,,,,2025-08-20T09:41:26Z,2024,2024-01-01,2024-12-31
677554,TOBACCO_MPOWER_R_TAXSTRUCTURE,COUNTRY,KWT,EMR,Eastern Mediterranean,YEAR,2024,TOBACCO_INDICATOR,TOBACCO_INDICATOR_R_eliquid_excise_type,,,,,,,No excise,,,,,2025-08-20T09:41:26Z,2024,2024-01-01,2024-12-31
685254,TOBACCO_MPOWER_R_TAXSTRUCTURE,COUNTRY,BGR,EUR,Europe,YEAR,2024,TOBACCO_INDICATOR,TOBACCO_INDICATOR_R_eliquid_excise_device,,,,,,,. . .,,,,,2025-08-20T09:41:26Z,2024,2024-01-01,2024-12-31
701846,TOBACCO_MPOWER_R_TAXSTRUCTURE,COUNTRY,YEM,EMR,Eastern Mediterranean,YEAR,2024,TOBACCO_INDICATOR,TOBACCO_INDICATOR_R_eliquid_excise_type,,,,,,,. . .,,,,,2025-08-20T09:41:26Z,2024,2024-01-01,2024-12-31
705397,TOBACCO_MPOWER_R_TAXSTRUCTURE,COUNTRY,SAU,EMR,Eastern Mediterranean,YEAR,2024,TOBACCO_INDICATOR,TOBACCO_INDICATOR_R_htp_excise_type_sticks,,,,,,,. . .,,,,,2025-08-20T09:41:26Z,2024,2024-01-01,2024-12-31
707362,TOBACCO_MPOWER_R_TAXSTRUCTURE,COUNTRY,NER,AFR,Africa,YEAR,2024,TOBACCO_INDICATOR,TOBACCO_INDICATOR_R_excise_type,,,,,,,Ad valorem,,,,,2025-08-20T09:41:26Z,2024,2024-01-01,2024-12-31
709853,TOBACCO_MPOWER_R_TAXSTRUCTURE,COUNTRY,ESP,EUR,Europe,YEAR,2024,TOBACCO_INDICATOR,TOBACCO_INDICATOR_R_eliquid_excise_type,,,,,,,No excise,,,,,2025-08-20T09:41:26Z,2024,2024-01-01,2024-12-31
713770,TOBACCO_MPOWER_R_TAXSTRUCTURE,COUNTRY,CHE,EUR,Europe,YEAR,2024,TOBACCO_INDICATOR,TOBACCO_INDICATOR_R_htp_excise_type_sticks,,,,,,,Ad valorem,,,,,2025-08-20T09:41:26Z,2024,2024-01-01,2024-12-31
714110,TOBACCO_MPOWER_R_TAXSTRUCTURE,COUNTRY,ESP,EUR,Europe,YEAR,2024,TOBACCO_INDICATOR,TOBACCO_INDICATOR_R_afford_price_dispersion,,,,,,,71.43,71.43,,,,2025-08-20T09:41:26Z,2024,2024-01-01,2024-12-31
719455,TOBACCO_MPOWER_R_TAXSTRUCTURE,COUNTRY,ECU,AMR,Americas,YEAR,2024,TOBACCO_INDICATOR,TOBACCO_INDICATOR_R_afford_tax_auto_adjust,,,,,,,Yes,,,,,2025-08-20T09:41:26Z,2024,2024-01-01,2024-12-31
720150,TOBACCO_MPOWER_R_TAXSTRUCTURE,COUNTRY,HUN,EUR,Europe,YEAR,2024,TOBACCO_INDICATOR,TOBACCO_INDICATOR_R_excise_uniform_varied,,,,,,,Yes,,,,,2025-08-20T09:41:26Z,2024,2024-01-01,2024-12-31
723440,TOBACCO_MPOWER_R_TAXSTRUCTURE,COUNTRY,MWI,AFR,Africa,YEAR,2024,TOBACCO_INDICATOR,TOBACCO_INDICATOR_R_afford_price_gap_decreased,,,,,,,Yes,,,,,2025-08-20T09:41:26Z,2024,2024-01-01,2024-12-31
728910,TOBACCO_MPOWER_R_TAXSTRUCTURE,COUNTRY,ARE,EMR,Eastern Mediterranean,YEAR,2024,TOBACCO_INDICATOR,TOBACCO_INDICATOR_R_excise_uniform_varied,,,,,,,Yes,,,,,2025-08-20T09:41:26Z,2024,2024-01-01,2024-12-31
729000,TOBACCO_MPOWER_R_TAXSTRUCTURE,COUNTRY,FRA,EUR,Europe,YEAR,2024,TOBACCO_INDICATOR,TOBACCO_INDICATOR_R_excise_uniform_varied,,,,,,,Yes,,,,,2025-08-20T09:41:26Z,2024,2024-01-01,2024-12-31
734174,TOBACCO_MPOWER_R_TAXSTRUCTURE,COUNTRY,DJI,EMR,Eastern Mediterranean,YEAR,2024,TOBACCO_INDICATOR,TOBACCO_INDICATOR_R_excise_specific_reliance,,,,,,,—,,,,,2025-08-20T09:41:26Z,2024,2024-01-01,2024-12-31
734864,TOBACCO_MPOWER_R_TAXSTRUCTURE,COUNTRY,NOR,EUR,Europe,YEAR,2024,TOBACCO_INDICATOR,TOBACCO_INDICATOR_R_excise_retail_price_base,,,,,,,—,,,,,2025-08-20T09:41:26Z,2024,2024-01-01,2024-12-31
743138,TOBACCO_MPOWER_R_TAXSTRUCTURE,COUNTRY,GBR,EUR,Europe,YEAR,2024,TOBACCO_INDICATOR,TOBACCO_INDICATOR_R_afford_tax_auto_adjust,,,,,,,No,,,,,2025-08-20T09:41:26Z,2024,2024-01-01,2024-12-31
745706,TOBACCO_MPOWER_R_TAXSTRUCTURE,COUNTRY,AUS,WPR,Western Pacific,YEAR,2024,TOBACCO_INDICATOR,TOBACCO_INDICATOR_R_afford_price_dispersion,,,,,,,60.58,60.58,,,,2025-08-20T09:41:26Z,2024,2024-01-01,2024-12-31
748475,TOBACCO_MPOWER_R_TAXSTRUCTURE,COUNTRY,KIR,WPR,Western Pacific,YEAR,2024,TOBACCO_INDICATOR,TOBACCO_INDICATOR_R_afford_price_dispersion,,,,,,,100,100,,,,2025-08-20T09:41:26Z,2024,2024-01-01,2024-12-31
752575,TOBACCO_MPOWER_R_TAXSTRUCTURE,COUNTRY,LVA,EUR,Europe,YEAR,2024,TOBACCO_INDICATOR,TOBACCO_INDICATOR_R_htp_excise_type_sticks,,,,,,,Specific,,,,,2025-08-20T09:41:26Z,2024,2024-01-01,2024-12-31
753170,TOBACCO_MPOWER_R_TAXSTRUCTURE,COUNTRY,FJI,WPR,Western Pacific,YEAR,2024,TOBACCO_INDICATOR,TOBACCO_INDICATOR_R_excise_uniform_varied,,,,,,,No,,,,,2025-08-20T09:41:26Z,2024,2024-01-01,2024-12-31
753449,TOBACCO_MPOWER_R_TAXSTRUCTURE,COUNTRY,SWZ,AFR,Africa,YEAR,2024,TOBACCO_INDICATOR,TOBACCO_INDICATOR_R_excise_uniform_varied,,,,,,,Yes,,,,,2025-08-20T09:41:26Z,2024,2024-01-01,2024-12-31
756386,TOBACCO_MPOWER_R_TAXSTRUCTURE,COUNTRY,AFG,EMR,Eastern Mediterranean,YEAR,2024,TOBACCO_INDICATOR,TOBACCO_INDICATOR_R_htp_excise_device,,,,,,,. . .,,,,,2025-08-20T09:41:26Z,2024,2024-01-01,2024-12-31
757755,TOBACCO_MPOWER_R_TAXSTRUCTURE,COUNTRY,BHS,AMR,Americas,YEAR,2024,TOBACCO_INDICATOR,TOBACCO_INDICATOR_R_excise_specific_reliance,,,,,,,—,,,,,2025-08-20T09:41:26Z,2024,2024-01-01,2024-12-31
760515,TOBACCO_MPOWER_R_TAXSTRUCTURE,COUNTRY,DZA,AFR,Africa,YEAR,2024,TOBACCO_INDICATOR,TOBACCO_INDICATOR_R_excise_min_specific,,,,,,,No,,,,,2025-08-20T09:41:26Z,2024,2024-01-01,2024-12-31
778683,TOBACCO_MPOWER_R_TAXSTRUCTURE,COUNTRY,ECU,AMR,Americas,YEAR,2024,TOBACCO_INDICATOR,TOBACCO_INDICATOR_R_excise_min_specific,,,,,,,—,,,,,2025-08-20T09:41:26Z,2024,2024-01-01,2024-12-31
783324,TOBACCO_MPOWER_R_TAXSTRUCTURE,COUNTRY,SVK,EUR,Europe,YEAR,2024,TOBACCO_INDICATOR,TOBACCO_INDICATOR_R_excise_type,,,,,,,Mixed,,,,,2025-08-20T09:41:26Z,2024,2024-01-01,2024-12-31
784079,TOBACCO_MPOWER_R_TAXSTRUCTURE,COUNTRY,ISR,EUR,Europe,YEAR,2024,TOBACCO_INDICATOR,TOBACCO_INDICATOR_R_excise_min_specific,,,,,,,Yes,,,,,2025-08-20T09:41:26Z,2024,2024-01-01,2024-12-31
786064,TOBACCO_MPOWER_R_TAXSTRUCTURE,COUNTRY,SUR,AMR,Americas,YEAR,2024,TOBACCO_INDICATOR,TOBACCO_INDICATOR_R_excise_retail_price_base,,,,,,,—,,,,,2025-08-20T09:41:26Z,2024,2024-01-01,2024-12-31
791165,TOBACCO_MPOWER_R_TAXSTRUCTURE,COUNTRY,PSE,EMR,Eastern Mediterranean,YEAR,2024,TOBACCO_INDICATOR,TOBACCO_INDICATOR_R_htp_excise_device,,,,,,,. . .,,,,,2025-08-20T09:41:26Z,2024,2024-01-01,2024-12-31
792534,TOBACCO_MPOWER_R_TAXSTRUCTURE,COUNTRY,GAB,AFR,Africa,YEAR,2024,TOBACCO_INDICATOR,TOBACCO_INDICATOR_R_min_price_policy,,,,,,,No,,,,,2025-08-20T09:41:26Z,2024,2024-01-01,2024-12-31
793170,TOBACCO_MPOWER_R_TAXSTRUCTURE,COUNTRY,ISR,EUR,Europe,YEAR,2024,TOBACCO_INDICATOR,TOBACCO_INDICATOR_R_afford_price_gap_decreased,,,,,,,Yes,,,,,2025-08-20T09:41:26Z,2024,2024-01-01,2024-12-31
796335,TOBACCO_MPOWER_R_TAXSTRUCTURE,COUNTRY,SOM,EMR,Eastern Mediterranean,YEAR,2024,TOBACCO_INDICATOR,TOBACCO_INDICATOR_R_excise_retail_price_base,,,,,,,—,,,,,2025-08-20T09:41:26Z,2024,2024-01-01,2024-12-31
803463,TOBACCO_MPOWER_R_TAXSTRUCTURE,COUNTRY,NZL,WPR,Western Pacific,YEAR,2024,TOBACCO_INDICATOR,TOBACCO_INDICATOR_R_excise_retail_price_base,,,,,,,—,,,,,2025-08-20T09:41:26Z,2024,2024-01-01,2024-12-31
808261,TOBACCO_MPOWER_R_TAXSTRUCTURE,COUNTRY,PHL,WPR,Western Pacific,YEAR,2024,TOBACCO_INDICATOR,TOBACCO_INDICATOR_R_afford_price_gap_decreased,,,,,,,No,,,,,2025-08-20T09:41:26Z,2024,2024-01-01,2024-12-31
809552,TOBACCO_MPOWER_R_TAXSTRUCTURE,COUNTRY,ISR,EUR,Europe,YEAR,2024,TOBACCO_INDICATOR,TOBACCO_INDICATOR_R_eliquid_excise_device,,,,,,,No,,,,,2025-08-20T09:41:26Z,2024,2024-01-01,2024-12-31
815783,TOBACCO_MPOWER_R_TAXSTRUCTURE,COUNTRY,SEN,AFR,Africa,YEAR,2024,TOBACCO_INDICATOR,TOBACCO_INDICATOR_R_afford_price_dispersion,,,,,,,50,50,,,,2025-08-20T09:41:26Z,2024,2024-01-01,2024-12-31
819224,TOBACCO_MPOWER_R_TAXSTRUCTURE,COUNTRY,SLE,AFR,Africa,YEAR,2024,TOBACCO_INDICATOR,TOBACCO_INDICATOR_R_excise_min_specific,,,,,,,—,,,,,2025-08-20T09:41:26Z,2024,2024-01-01,2024-12-31
827054,TOBACCO_MPOWER_R_TAXSTRUCTURE,COUNTRY,ZWE,AFR,Africa,YEAR,2024,TOBACCO_INDICATOR,TOBACCO_INDICATOR_R_excise_uniform_varied,,,,,,,Yes,,,,,2025-08-20T09:41:26Z,2024,2024-01-01,2024-12-31
833562,TOBACCO_MPOWER_R_TAXSTRUCTURE,COUNTRY,IRL,EUR,Europe,YEAR,2024,TOBACCO_INDICATOR,TOBACCO_INDICATOR_R_excise_min_specific,,,,,,,Yes,,,,,2025-08-20T09:41:26Z,2024,2024-01-01,2024-12-31
835037,TOBACCO_MPOWER_R_TAXSTRUCTURE,COUNTRY,MDV,SEAR,South-East Asia,YEAR,2024,TOBACCO_INDICATOR,TOBACCO_INDICATOR_R_afford_price_gap_decreased,,,,,,,. . .,,,,,2025-08-20T09:41:26Z,2024,2024-01-01,2024-12-31
849237,TOBACCO_MPOWER_R_TAXSTRUCTURE,COUNTRY,IND,SEAR,South-East Asia,YEAR,2024,TOBACCO_INDICATOR,TOBACCO_INDICATOR_R_eliquid_excise_nicotine,,,,,,,—,,,,,2025-08-20T09:41:26Z,2024,2024-01-01,2024-12-31
850674,TOBACCO_MPOWER_R_TAXSTRUCTURE,COUNTRY,SGP,WPR,Western Pacific,YEAR,2024,TOBACCO_INDICATOR,TOBACCO_INDICATOR_R_eliquid_excise_type,,,,,,,—,,,,,2025-08-20T09:41:26Z,2024,2024-01-01,2024-12-31
856874,TOBACCO_MPOWER_R_TAXSTRUCTURE,COUNTRY,HUN,EUR,Europe,YEAR,2024,TOBACCO_INDICATOR,TOBACCO_INDICATOR_R_min_price_policy,,,,,,,No,,,,,2025-08-20T09:41:26Z,2024,2024-01-01,2024-12-31
856995,TOBACCO_MPOWER_R_TAXSTRUCTURE,COUNTRY,CAN,AMR,Americas,YEAR,2024,TOBACCO_INDICATOR,TOBACCO_INDICATOR_R_excise_specific_reliance,,,,,,,—,,,,,2025-08-20T09:41:26Z,2024,2024-01-01,2024-12-31
859915,TOBACCO_MPOWER_R_TAXSTRUCTURE,COUNTRY,JOR,EMR,Eastern Mediterranean,YEAR,2024,TOBACCO_INDICATOR,TOBACCO_INDICATOR_R_excise_specific_reliance,,,,,,,—,,,,,2025-08-20T09:41:26Z,2024,2024-01-01,2024-12-31
862012,TOBACCO_MPOWER_R_TAXSTRUCTURE,COUNTRY,TTO,AMR,Americas,YEAR,2024,TOBACCO_INDICATOR,TOBACCO_INDICATOR_R_afford_tax_auto_adjust,,,,,,,No,,,,,2025-08-20T09:41:26Z,2024,2024-01-01,2024-12-31
870829,TOBACCO_MPOWER_R_TAXSTRUCTURE,COUNTRY,THA,SEAR,South-East Asia,YEAR,2024,TOBACCO_INDICATOR,TOBACCO_INDICATOR_R_excise_uniform_varied,,,,,,,No,,,,,2025-08-20T09:41:26Z,2024,2024-01-01,2024-12-31
871897,TOBACCO_MPOWER_R_TAXSTRUCTURE,COUNTRY,GEO,EUR,Europe,YEAR,2024,TOBACCO_INDICATOR,TOBACCO_INDICATOR_R_afford_tax_auto_adjust,,,,,,,No,,,,,2025-08-20T09:41:26Z,2024,2024-01-01,2024-12-31
874246,TOBACCO_MPOWER_R_TAXSTRUCTURE,COUNTRY,IDN,WPR,Western Pacific,YEAR,2024,TOBACCO_INDICATOR,TOBACCO_INDICATOR_R_eliquid_excise_type,,,,,,,Specific,,,,,2025-08-20T09:41:26Z,2024,2024-01-01,2024-12-31
882775,TOBACCO_MPOWER_R_TAXSTRUCTURE,COUNTRY,MMR,SEAR,South-East Asia,YEAR,2024,TOBACCO_INDICATOR,TOBACCO_INDICATOR_R_excise_uniform_varied,,,,,,,No,,,,,2025-08-20T09:41:26Z,2024,2024-01-01,2024-12-31
885741,TOBACCO_MPOWER_R_TAXSTRUCTURE,COUNTRY,SMR,EUR,Europe,YEAR,2024,TOBACCO_INDICATOR,TOBACCO_INDICATOR_R_excise_type,,,,,,,Ad valorem,,,,,2025-08-20T09:41:26Z,2024,2024-01-01,2024-12-31
889268,TOBACCO_MPOWER_R_TAXSTRUCTURE,COUNTRY,DZA,AFR,Africa,YEAR,2024,TOBACCO_INDICATOR,TOBACCO_INDICATOR_R_htp_excise_device,,,,,,,. . .,,,,,2025-08-20T09:41:26Z,2024,2024-01-01,2024-12-31
892277,TOBACCO_MPOWER_R_TAXSTRUCTURE,COUNTRY,POL,EUR,Europe,YEAR,2024,TOBACCO_INDICATOR,TOBACCO_INDICATOR_R_afford_price_dispersion,,,,,,,72.09,72.09,,,,2025-08-20T09:41:26Z,2024,2024-01-01,2024-12-31
893812,TOBACCO_MPOWER_R_TAXSTRUCTURE,COUNTRY,CHE,EUR,Europe,YEAR,2024,TOBACCO_INDICATOR,TOBACCO_INDICATOR_R_excise_specific_reliance,,,,,,,Yes,,,,,2025-08-20T09:41:26Z,2024,2024-01-01,2024-12-31
894562,TOBACCO_MPOWER_R_TAXSTRUCTURE,COUNTRY,AGO,AFR,Africa,YEAR,2024,TOBACCO_INDICATOR,TOBACCO_INDICATOR_R_excise_uniform_varied,,,,,,,Yes,,,,,2025-08-20T09:41:26Z,2024,2024-01-01,2024-12-31
895868,TOBACCO_MPOWER_R_TAXSTRUCTURE,COUNTRY,KEN,AFR,Africa,YEAR,2024,TOBACCO_INDICATOR,TOBACCO_INDICATOR_R_excise_retail_price_base,,,,,,,—,,,,,2025-08-20T09:41:26Z,2024,2024-01-01,2024-12-31
903899,TOBACCO_MPOWER_R_TAXSTRUCTURE,COUNTRY,USA,AMR,Americas,YEAR,2024,TOBACCO_INDICATOR,TOBACCO_INDICATOR_R_htp_excise_device,,,,,,,. . .,,,,,2025-08-20T09:41:26Z,2024,2024-01-01,2024-12-31
907968,TOBACCO_MPOWER_R_TAXSTRUCTURE,COUNTRY,VEN,AMR,Americas,YEAR,2024,TOBACCO_INDICATOR,TOBACCO_INDICATOR_R_htp_excise_type_sticks,,,,,,,—,,,,,2025-08-20T09:41:26Z,2024,2024-01-01,2024-12-31
913096,TOBACCO_MPOWER_R_TAXSTRUCTURE,COUNTRY,VUT,WPR,Western Pacific,YEAR,2024,TOBACCO_INDICATOR,TOBACCO_INDICATOR_R_eliquid_excise_nicotine,,,,,,,—,,,,,2025-08-20T09:41:26Z,2024,2024-01-01,2024-12-31
922870,TOBACCO_MPOWER_R_TAXSTRUCTURE,COUNTRY,GIN,AFR,Africa,YEAR,2024,TOBACCO_INDICATOR,TOBACCO_INDICATOR_R_afford_price_gap_decreased,,,,,,,. . .,,,,,2025-08-20T09:41:26Z,2024,2024-01-01,2024-12-31
928259,TOBACCO_MPOWER_R_TAXSTRUCTURE,COUNTRY,POL,EUR,Europe,YEAR,2024,TOBACCO_INDICATOR,TOBACCO_INDICATOR_R_eliquid_excise_type,,,,,,,Specific,,,,,2025-08-20T09:41:26Z,2024,2024-01-01,2024-12-31
940116,TOBACCO_MPOWER_R_TAXSTRUCTURE,COUNTRY,TKM,EUR,Europe,YEAR,2024,TOBACCO_INDICATOR,TOBACCO_INDICATOR_R_htp_excise_type_sticks,,,,,,,. . .,,,,,2025-08-20T09:41:26Z,2024,2024-01-01,2024-12-31
945226,TOBACCO_MPOWER_R_TAXSTRUCTURE,COUNTRY,KAZ,EUR,Europe,YEAR,2024,TOBACCO_INDICATOR,TOBACCO_INDICATOR_R_afford_tax_auto_adjust,,,,,,,Yes,,,,,2025-08-20T09:41:26Z,2024,2024-01-01,2024-12-31
952261,TOBACCO_MPOWER_R_TAXSTRUCTURE,COUNTRY,COD,AFR,Africa,YEAR,2024,TOBACCO_INDICATOR,TOBACCO_INDICATOR_R_excise_retail_price_base,,,,,,,No,,,,,2025-08-20T09:41:26Z,2024,2024-01-01,2024-12-31
955428,TOBACCO_MPOWER_R_TAXSTRUCTURE,COUNTRY,NAM,AFR,Africa,YEAR,2024,TOBACCO_INDICATOR,TOBACCO_INDICATOR_R_excise_specific_reliance,,,,,,,—,,,,,2025-08-20T09:41:26Z,2024,2024-01-01,2024-12-31
956222,TOBACCO_MPOWER_R_TAXSTRUCTURE,COUNTRY,HUN,EUR,Europe,YEAR,2024,TOBACCO_INDICATOR,TOBACCO_INDICATOR_R_afford_price_gap_decreased,,,,,,,No,,,,,2025-08-20T09:41:26Z,2024,2024-01-01,2024-12-31
960423,TOBACCO_MPOWER_R_TAXSTRUCTURE,COUNTRY,UGA,AFR,Africa,YEAR,2024,TOBACCO_INDICATOR,TOBACCO_INDICATOR_R_excise_type,,,,,,,Specific,,,,,2025-08-20T09:41:26Z,2024,2024-01-01,2024-12-31
960557,TOBACCO_MPOWER_R_TAXSTRUCTURE,COUNTRY,BDI,AFR,Africa,YEAR,2024,TOBACCO_INDICATOR,TOBACCO_INDICATOR_R_excise_min_specific,,,,,,,—,,,,,2025-08-20T09:41:26Z,2024,2024-01-01,2024-12-31
964944,TOBACCO_MPOWER_R_TAXSTRUCTURE,COUNTRY,NIU,WPR,Western Pacific,YEAR,2024,TOBACCO_INDICATOR,TOBACCO_INDICATOR_R_eliquid_excise_device,,,,,,,. . .,,,,,2025-08-20T09:41:26Z,2024,2024-01-01,2024-12-31
967315,TOBACCO_MPOWER_R_TAXSTRUCTURE,COUNTRY,GTM,AMR,Americas,YEAR,2024,TOBACCO_INDICATOR,TOBACCO_INDICATOR_R_excise_specific_reliance,,,,,,,—,,,,,2025-08-20T09:41:26Z,2024,2024-01-01,2024-12-31
970194,TOBACCO_MPOWER_R_TAXSTRUCTURE,COUNTRY,BGD,SEAR,South-East Asia,YEAR,2024,TOBACCO_INDICATOR,TOBACCO_INDICATOR_R_afford_price_gap_decreased,,,,,,,Yes,,,,,2025-08-20T09:41:26Z,2024,2024-01-01,2024-12-31
972308,TOBACCO_MPOWER_R_TAXSTRUCTURE,COUNTRY,IND,SEAR,South-East Asia,YEAR,2024,TOBACCO_INDICATOR,TOBACCO_INDICATOR_R_excise_type,,,,,,,Mixed,,,,,2025-08-20T09:41:26Z,2024,2024-01-01,2024-12-31
976002,TOBACCO_MPOWER_R_TAXSTRUCTURE,COUNTRY,LBR,AFR,Africa,YEAR,2024,TOBACCO_INDICATOR,TOBACCO_INDICATOR_R_excise_specific_reliance,,,,,,,—,,,,,2025-08-20T09:41:26Z,2024,2024-01-01,2024-12-31
977637,TOBACCO_MPOWER_R_TAXSTRUCTURE,COUNTRY,LAO,WPR,Western Pacific,YEAR,2024,TOBACCO_INDICATOR,TOBACCO_INDICATOR_R_eliquid_excise_nicotine,,,,,,,—,,,,,2025-08-20T09:41:26Z,2024,2024-01-01,2024-12-31
979941,TOBACCO_MPOWER_R_TAXSTRUCTURE,COUNTRY,PRY,AMR,Americas,YEAR,2024,TOBACCO_INDICATOR,TOBACCO_INDICATOR_R_excise_min_specific,,,,,,,No,,,,,2025-08-20T09:41:26Z,2024,2024-01-01,2024-12-31
981540,TOBACCO_MPOWER_R_TAXSTRUCTURE,COUNTRY,NER,AFR,Africa,YEAR,2024,TOBACCO_INDICATOR,TOBACCO_INDICATOR_R_excise_uniform_varied,,,,,,,Yes,,,,,2025-08-20T09:41:26Z,2024,2024-01-01,2024-12-31
985952,TOBACCO_MPOWER_R_TAXSTRUCTURE,COUNTRY,IRQ,EMR,Eastern Mediterranean,YEAR,2024,TOBACCO_INDICATOR,TOBACCO_INDICATOR_R_excise_specific_reliance,,,,,,,—,,,,,2025-08-20T09:41:26Z,2024,2024-01-01,2024-12-31
988416,TOBACCO_MPOWER_R_TAXSTRUCTURE,COUNTRY,PAK,EMR,Eastern Mediterranean,YEAR,2024,TOBACCO_INDICATOR,TOBACCO_INDICATOR_R_eliquid_excise_type,,,,,,,Specific,,,,,2025-08-20T09:41:26Z,2024,2024-01-01,2024-12-31
988946,TOBACCO_MPOWER_R_TAXSTRUCTURE,COUNTRY,SRB,EUR,Europe,YEAR,2024,TOBACCO_INDICATOR,TOBACCO_INDICATOR_R_afford_price_gap_decreased,,,,,,,Yes,,,,,2025-08-20T09:41:26Z,2024,2024-01-01,2024-12-31
990127,TOBACCO_MPOWER_R_TAXSTRUCTURE,COUNTRY,PLW,WPR,Western Pacific,YEAR,2024,TOBACCO_INDICATOR,TOBACCO_INDICATOR_R_eliquid_excise_type,,,,,,,. . .,,,,,2025-08-20T09:41:26Z,2024,2024-01-01,2024-12-31
991852,TOBACCO_MPOWER_R_TAXSTRUCTURE,COUNTRY,SMR,EUR,Europe,YEAR,2024,TOBACCO_INDICATOR,TOBACCO_INDICATOR_R_afford_tax_auto_adjust,,,,,,,—,,,,,2025-08-20T09:41:26Z,2024,2024-01-01,2024-12-31
992946,TOBACCO_MPOWER_R_TAXSTRUCTURE,COUNTRY,MEX,AMR,Americas,YEAR,2024,TOBACCO_INDICATOR,TOBACCO_INDICATOR_R_excise_specific_reliance,,,,,,,No,,,,,2025-08-20T09:41:26Z,2024,2024-01-01,2024-12-31
993019,TOBACCO_MPOWER_R_TAXSTRUCTURE,COUNTRY,HRV,EUR,Europe,YEAR,2024,TOBACCO_INDICATOR,TOBACCO_INDICATOR_R_excise_specific_reliance,,,,,,,No,,,,,2025-08-20T09:41:26Z,2024,2024-01-01,2024-12-31
995173,TOBACCO_MPOWER_R_TAXSTRUCTURE,COUNTRY,STP,AFR,Africa,YEAR,2024,TOBACCO_INDICATOR,TOBACCO_INDICATOR_R_afford_price_gap_decreased,,,,,,,Yes,,,,,2025-08-20T09:41:26Z,2024,2024-01-01,2024-12-31
995605,TOBACCO_MPOWER_R_TAXSTRUCTURE,COUNTRY,CIV,AFR,Africa,YEAR,2024,TOBACCO_INDICATOR,TOBACCO_INDICATOR_R_eliquid_excise_device,,,,,,,. . .,,,,,2025-08-20T09:41:26Z,2024,2024-01-01,2024-12-31
996612,TOBACCO_MPOWER_R_TAXSTRUCTURE,COUNTRY,TTO,AMR,Americas,YEAR,2024,TOBACCO_INDICATOR,TOBACCO_INDICATOR_R_eliquid_excise_device,,,,,,,. . .,,,,,2025-08-20T09:41:26Z,2024,2024-01-01,2024-12-31
998902,TOBACCO_MPOWER_R_TAXSTRUCTURE,COUNTRY,MOZ,AFR,Africa,YEAR,2024,TOBACCO_INDICATOR,TOBACCO_INDICATOR_R_excise_specific_reliance,,,,,,,—,,,,,2025-08-20T09:41:26Z,2024,2024-01-01,2024-12-31
1011855,TOBACCO_MPOWER_R_TAXSTRUCTURE,COUNTRY,BGR,EUR,Europe,YEAR,2024,TOBACCO_INDICATOR,TOBACCO_INDICATOR_R_excise_type,,,,,,,Mixed,,,,,2025-08-20T09:41:26Z,2024,2024-01-01,2024-12-31
1014429,TOBACCO_MPOWER_R_TAXSTRUCTURE,COUNTRY,BTN,SEAR,South-East Asia,YEAR,2024,TOBACCO_INDICATOR,TOBACCO_INDICATOR_R_excise_specific_reliance,,,,,,,—,,,,,2025-08-20T09:41:26Z,2024,2024-01-01,2024-12-31
1015825,TOBACCO_MPOWER_R_TAXSTRUCTURE,COUNTRY,VUT,WPR,Western Pacific,YEAR,2024,TOBACCO_INDICATOR,TOBACCO_INDICATOR_R_excise_min_specific,,,,,,,—,,,,,2025-08-20T09:41:26Z,2024,2024-01-01,2024-12-31
1017755,TOBACCO_MPOWER_R_TAXSTRUCTURE,COUNTRY,PLW,WPR,Western Pacific,YEAR,2024,TOBACCO_INDICATOR,TOBACCO_INDICATOR_R_min_price_policy,,,,,,,No,,,,,2025-08-20T09:41:26Z,2024,2024-01-01,2024-12-31
1020329,TOBACCO_MPOWER_R_TAXSTRUCTURE,COUNTRY,MNG,WPR,Western Pacific,YEAR,2024,TOBACCO_INDICATOR,TOBACCO_INDICATOR_R_excise_type,,,,,,,Specific,,,,,2025-08-20T09:41:26Z,2024,2024-01-01,2024-12-31
1022278,TOBACCO_MPOWER_R_TAXSTRUCTURE,COUNTRY,CHL,AMR,Americas,YEAR,2024,TOBACCO_INDICATOR,TOBACCO_INDICATOR_R_afford_price_dispersion,,,,,,,46.99,46.99,,,,2025-08-20T09:41:26Z,2024,2024-01-01,2024-12-31
1026601,TOBACCO_MPOWER_R_TAXSTRUCTURE,COUNTRY,NLD,EUR,Europe,YEAR,2024,TOBACCO_INDICATOR,TOBACCO_INDICATOR_R_afford_tax_auto_adjust,,,,,,,No,,,,,2025-08-20T09:41:26Z,2024,2024-01-01,2024-12-31
1029500,TOBACCO_MPOWER_R_TAXSTRUCTURE,COUNTRY,TUN,EMR,Eastern Mediterranean,YEAR,2024,TOBACCO_INDICATOR,TOBACCO_INDICATOR_R_afford_price_dispersion,,,,,,,15,15,,,,2025-08-20T09:41:26Z,2024,2024-01-01,2024-12-31
1031771,TOBACCO_MPOWER_R_TAXSTRUCTURE,COUNTRY,GRC,EUR,Europe,YEAR,2024,TOBACCO_INDICATOR,TOBACCO_INDICATOR_R_afford_tax_auto_adjust,,,,,,,No,,,,,2025-08-20T09:41:26Z,2024,2024-01-01,2024-12-31
1036722,TOBACCO_MPOWER_R_TAXSTRUCTURE,COUNTRY,ZWE,AFR,Africa,YEAR,2024,TOBACCO_INDICATOR,TOBACCO_INDICATOR_R_htp_excise_type_sticks,,,,,,,. . .,,,,,2025-08-20T09:41:26Z,2024,2024-01-01,2024-12-31
1040983,TOBACCO_MPOWER_R_TAXSTRUCTURE,COUNTRY,TON,WPR,Western Pacific,YEAR,2024,TOBACCO_INDICATOR,TOBACCO_INDICATOR_R_afford_price_gap_decreased,,,,,,,No,,,,,2025-08-20T09:41:26Z,2024,2024-01-01,2024-12-31
1042103,TOBACCO_MPOWER_R_TAXSTRUCTURE,COUNTRY,NLD,EUR,Europe,YEAR,2024,TOBACCO_INDICATOR,TOBACCO_INDICATOR_R_excise_uniform_varied,,,,,,,Yes,,,,,2025-08-20T09:41:26Z,2024,2024-01-01,2024-12-31
1045797,TOBACCO_MPOWER_R_TAXSTRUCTURE,COUNTRY,KGZ,EUR,Europe,YEAR,2024,TOBACCO_INDICATOR,TOBACCO_INDICATOR_R_excise_type,,,,,,,Specific,,,,,2025-08-20T09:41:26Z,2024,2024-01-01,2024-12-31
1045923,TOBACCO_MPOWER_R_TAXSTRUCTURE,COUNTRY,MLI,AFR,Africa,YEAR,2024,TOBACCO_INDICATOR,TOBACCO_INDICATOR_R_excise_uniform_varied,,,,,,,No,,,,,2025-08-20T09:41:26Z,2024,2024-01-01,2024-12-31
1049637,TOBACCO_MPOWER_R_TAXSTRUCTURE,COUNTRY,VEN,AMR,Americas,YEAR,2024,TOBACCO_INDICATOR,TOBACCO_INDICATOR_R_eliquid_excise_nicotine,,,,,,,—,,,,,2025-08-20T09:41:26Z,2024,2024-01-01,2024-12-31
1055513,TOBACCO_MPOWER_R_TAXSTRUCTURE,COUNTRY,BWA,AFR,Africa,YEAR,2024,TOBACCO_INDICATOR,TOBACCO_INDICATOR_R_eliquid_excise_device,,,,,,,. . .,,,,,2025-08-20T09:41:26Z,2024,2024-01-01,2024-12-31
1057358,TOBACCO_MPOWER_R_TAXSTRUCTURE,COUNTRY,SDN,EMR,Eastern Mediterranean,YEAR,2024,TOBACCO_INDICATOR,TOBACCO_INDICATOR_R_excise_uniform_varied,,,,,,,Yes,,,,,2025-08-20T09:41:26Z,2024,2024-01-01,2024-12-31
1067771,TOBACCO_MPOWER_R_TAXSTRUCTURE,COUNTRY,ISL,EUR,Europe,YEAR,2024,TOBACCO_INDICATOR,TOBACCO_INDICATOR_R_excise_min_specific,,,,,,,—,,,,,2025-08-20T09:41:26Z,2024,2024-01-01,2024-12-31
1067931,TOBACCO_MPOWER_R_TAXSTRUCTURE,COUNTRY,IND,SEAR,South-East Asia,YEAR,2024,TOBACCO_INDICATOR,TOBACCO_INDICATOR_R_excise_min_specific,,,,,,,No,,,,,2025-08-20T09:41:26Z,2024,2024-01-01,2024-12-31
1070742,TOBACCO_MPOWER_R_TAXSTRUCTURE,COUNTRY,COG,AFR,Africa,YEAR,2024,TOBACCO_INDICATOR,TOBACCO_INDICATOR_R_htp_excise_device,,,,,,,. . .,,,,,2025-08-20T09:41:26Z,2024,2024-01-01,2024-12-31
1075689,TOBACCO_MPOWER_R_TAXSTRUCTURE,COUNTRY,URY,AMR,Americas,YEAR,2024,TOBACCO_INDICATOR,TOBACCO_INDICATOR_R_afford_price_gap_decreased,,,,,,,Yes,,,,,2025-08-20T09:41:26Z,2024,2024-01-01,2024-12-31
1088880,TOBACCO_MPOWER_R_TAXSTRUCTURE,COUNTRY,MWI,AFR,Africa,YEAR,2024,TOBACCO_INDICATOR,TOBACCO_INDICATOR_R_excise_specific_reliance,,,,,,,—,,,,,2025-08-20T09:41:26Z,2024,2024-01-01,2024-12-31
1090036,TOBACCO_MPOWER_R_TAXSTRUCTURE,COUNTRY,BGD,SEAR,South-East Asia,YEAR,2024,TOBACCO_INDICATOR,TOBACCO_INDICATOR_R_eliquid_excise_device,,,,,,,—,,,,,2025-08-20T09:41:26Z,2024,2024-01-01,2024-12-31
1090816,TOBACCO_MPOWER_R_TAXSTRUCTURE,COUNTRY,VNM,WPR,Western Pacific,YEAR,2024,TOBACCO_INDICATOR,TOBACCO_INDICATOR_R_min_price_policy,,,,,,,No,,,,,2025-08-20T09:41:26Z,2024,2024-01-01,2024-12-31
1093298,TOBACCO_MPOWER_R_TAXSTRUCTURE,COUNTRY,GUY,AMR,Americas,YEAR,2024,TOBACCO_INDICATOR,TOBACCO_INDICATOR_R_htp_excise_device,,,,,,,. . .,,,,,2025-08-20T09:41:26Z,2024,2024-01-01,2024-12-31
1098145,TOBACCO_MPOWER_R_TAXSTRUCTURE,COUNTRY,LSO,AFR,Africa,YEAR,2024,TOBACCO_INDICATOR,TOBACCO_INDICATOR_R_excise_min_specific,,,,,,,—,,,,,2025-08-20T09:41:26Z,2024,2024-01-01,2024-12-31
1100813,TOBACCO_MPOWER_R_TAXSTRUCTURE,COUNTRY,IRN,EMR,Eastern Mediterranean,YEAR,2024,TOBACCO_INDICATOR,TOBACCO_INDICATOR_R_htp_excise_device,,,,,,,—,,,,,2025-08-20T09:41:26Z,2024,2024-01-01,2024-12-31
1102971,TOBACCO_MPOWER_R_TAXSTRUCTURE,COUNTRY,IDN,WPR,Western Pacific,YEAR,2024,TOBACCO_INDICATOR,TOBACCO_INDICATOR_R_afford_price_dispersion,,,,,,,15.61,15.61,,,,2025-08-20T09:41:26Z,2024,2024-01-01,2024-12-31
1106684,TOBACCO_MPOWER_R_TAXSTRUCTURE,COUNTRY,VCT,AMR,Americas,YEAR,2024,TOBACCO_INDICATOR,TOBACCO_INDICATOR_R_excise_min_specific,,,,,,,—,,,,,2025-08-20T09:41:26Z,2024,2024-01-01,2024-12-31
1109761,TOBACCO_MPOWER_R_TAXSTRUCTURE,COUNTRY,PRY,AMR,Americas,YEAR,2024,TOBACCO_INDICATOR,TOBACCO_INDICATOR_R_htp_excise_device,,,,,,,No,,,,,2025-08-20T09:41:26Z,2024,2024-01-01,2024-12-31
1111252,TOBACCO_MPOWER_R_TAXSTRUCTURE,COUNTRY,UGA,AFR,Africa,YEAR,2024,TOBACCO_INDICATOR,TOBACCO_INDICATOR_R_eliquid_excise_type,,,,,,,—,,,,,2025-08-20T09:41:26Z,2024,2024-01-01,2024-12-31
1113521,TOBACCO_MPOWER_R_TAXSTRUCTURE,COUNTRY,MHL,WPR,Western Pacific,YEAR,2024,TOBACCO_INDICATOR,TOBACCO_INDICATOR_R_excise_uniform_varied,,,,,,,—,,,,,2025-08-20T09:41:26Z,2024,2024-01-01,2024-12-31
1114258,TOBACCO_MPOWER_R_TAXSTRUCTURE,COUNTRY,CZE,EUR,Europe,YEAR,2024,TOBACCO_INDICATOR,TOBACCO_INDICATOR_R_excise_min_specific,,,,,,,Yes,,,,,2025-08-20T09:41:26Z,2024,2024-01-01,2024-12-31
1120893,TOBACCO_MPOWER_R_TAXSTRUCTURE,COUNTRY,UGA,AFR,Africa,YEAR,2024,TOBACCO_INDICATOR,TOBACCO_INDICATOR_R_afford_price_dispersion,,,,,,,18.52,18.52,,,,2025-08-20T09:41:26Z,2024,2024-01-01,2024-12-31
1123385,TOBACCO_MPOWER_R_TAXSTRUCTURE,COUNTRY,ATG,AMR,Americas,YEAR,2024,TOBACCO_INDICATOR,TOBACCO_INDICATOR_R_htp_excise_type_sticks,,,,,,,. . .,,,,,2025-08-20T09:41:26Z,2024,2024-01-01,2024-12-31
1128051,TOBACCO_MPOWER_R_TAXSTRUCTURE,COUNTRY,CHL,AMR,Americas,YEAR,2024,TOBACCO_INDICATOR,TOBACCO_INDICATOR_R_min_price_policy,,,,,,,No,,,,,2025-08-20T09:41:26Z,2024,2024-01-01,2024-12-31
1131665,TOBACCO_MPOWER_R_TAXSTRUCTURE,COUNTRY,PRK,SEAR,South-East Asia,YEAR,2024,TOBACCO_INDICATOR,TOBACCO_INDICATOR_R_htp_excise_type_sticks,,,,,,,. . .,,,,,2025-08-20T09:41:26Z,2024,2024-01-01,2024-12-31
1133945,TOBACCO_MPOWER_R_TAXSTRUCTURE,COUNTRY,ALB,EUR,Europe,YEAR,2024,TOBACCO_INDICATOR,TOBACCO_INDICATOR_R_eliquid_excise_device,,,,,,,. . .,,,,,2025-08-20T09:41:26Z,2024,2024-01-01,2024-12-31
1134363,TOBACCO_MPOWER_R_TAXSTRUCTURE,COUNTRY,COD,AFR,Africa,YEAR,2024,TOBACCO_INDICATOR,TOBACCO_INDICATOR_R_afford_price_dispersion,,,,,,,22.5,22.5,,,,2025-08-20T09:41:26Z,2024,2024-01-01,2024-12-31
1138695,TOBACCO_MPOWER_R_TAXSTRUCTURE,COUNTRY,MKD,EUR,Europe,YEAR,2024,TOBACCO_INDICATOR,TOBACCO_INDICATOR_R_htp_excise_type_sticks,,,,,,,Specific,,,,,2025-08-20T09:41:26Z,2024,2024-01-01,2024-12-31
1140955,TOBACCO_MPOWER_R_TAXSTRUCTURE,COUNTRY,BHS,AMR,Americas,YEAR,2024,TOBACCO_INDICATOR,TOBACCO_INDICATOR_R_excise_type,,,,,,,Specific,,,,,2025-08-20T09:41:26Z,2024,2024-01-01,2024-12-31
1144228,TOBACCO_MPOWER_R_TAXSTRUCTURE,COUNTRY,GNB,AFR,Africa,YEAR,2024,TOBACCO_INDICATOR,TOBACCO_INDICATOR_R_excise_type,,,,,,,Ad valorem,,,,,2025-08-20T09:41:26Z,2024,2024-01-01,2024-12-31
1145406,TOBACCO_MPOWER_R_TAXSTRUCTURE,COUNTRY,NOR,EUR,Europe,YEAR,2024,TOBACCO_INDICATOR,TOBACCO_INDICATOR_R_excise_specific_reliance,,,,,,,—,,,,,2025-08-20T09:41:26Z,2024,2024-01-01,2024-12-31
1147431,TOBACCO_MPOWER_R_TAXSTRUCTURE,COUNTRY,QAT,EMR,Eastern Mediterranean,YEAR,2024,TOBACCO_INDICATOR,TOBACCO_INDICATOR_R_min_price_policy,,,,,,,Yes,,,,,2025-08-20T09:41:26Z,2024,2024-01-01,2024-12-31
1147783,TOBACCO_MPOWER_R_TAXSTRUCTURE,COUNTRY,VUT,WPR,Western Pacific,YEAR,2024,TOBACCO_INDICATOR,TOBACCO_INDICATOR_R_excise_specific_reliance,,,,,,,—,,,,,2025-08-20T09:41:26Z,2024,2024-01-01,2024-12-31
1151206,TOBACCO_MPOWER_R_TAXSTRUCTURE,COUNTRY,KAZ,EUR,Europe,YEAR,2024,TOBACCO_INDICATOR,TOBACCO_INDICATOR_R_excise_specific_reliance,,,,,,,—,,,,,2025-08-20T09:41:26Z,2024,2024-01-01,2024-12-31
1155683,TOBACCO_MPOWER_R_TAXSTRUCTURE,COUNTRY,VEN,AMR,Americas,YEAR,2024,TOBACCO_INDICATOR,TOBACCO_INDICATOR_R_htp_excise_device,,,,,,,—,,,,,2025-08-20T09:41:26Z,2024,2024-01-01,2024-12-31
1160682,TOBACCO_MPOWER_R_TAXSTRUCTURE,COUNTRY,IRN,EMR,Eastern Mediterranean,YEAR,2024,TOBACCO_INDICATOR,TOBACCO_INDICATOR_R_excise_min_specific,,,,,,,—,,,,,2025-08-20T09:41:26Z,2024,2024-01-01,2024-12-31
1164377,TOBACCO_MPOWER_R_TAXSTRUCTURE,COUNTRY,BHS,AMR,Americas,YEAR,2024,TOBACCO_INDICATOR,TOBACCO_INDICATOR_R_htp_excise_type_sticks,,,,,,,. . .,,,,,2025-08-20T09:41:26Z,2024,2024-01-01,2024-12-31
1164664,TOBACCO_MPOWER_R_TAXSTRUCTURE,COUNTRY,PLW,WPR,Western Pacific,YEAR,2024,TOBACCO_INDICATOR,TOBACCO_INDICATOR_R_excise_specific_reliance,,,,,,,—,,,,,2025-08-20T09:41:26Z,2024,2024-01-01,2024-12-31
1166969,TOBACCO_MPOWER_R_TAXSTRUCTURE,COUNTRY,GTM,AMR,Americas,YEAR,2024,TOBACCO_INDICATOR,TOBACCO_INDICATOR_R_afford_price_dispersion,,,,,,,55.77,55.77,,,,2025-08-20T09:41:26Z,2024,2024-01-01,2024-12-31
1173201,TOBACCO_MPOWER_R_TAXSTRUCTURE,COUNTRY,CHL,AMR,Americas,YEAR,2024,TOBACCO_INDICATOR,TOBACCO_INDICATOR_R_excise_min_specific,,,,,,,No,,,,,2025-08-20T09:41:26Z,2024,2024-01-01,2024-12-31
1178450,TOBACCO_MPOWER_R_TAXSTRUCTURE,COUNTRY,DMA,AMR,Americas,YEAR,2024,TOBACCO_INDICATOR,TOBACCO_INDICATOR_R_afford_price_gap_decreased,,,,,,,Yes,,,,,2025-08-20T09:41:26Z,2024,2024-01-01,2024-12-31
1179972,TOBACCO_MPOWER_R_TAXSTRUCTURE,COUNTRY,LSO,AFR,Africa,YEAR,2024,TOBACCO_INDICATOR,TOBACCO_INDICATOR_R_afford_price_gap_decreased,,,,,,,. . .,,,,,2025-08-20T09:41:26Z,2024,2024-01-01,2024-12-31
1183284,TOBACCO_MPOWER_R_TAXSTRUCTURE,COUNTRY,NAM,AFR,Africa,YEAR,2024,TOBACCO_INDICATOR,TOBACCO_INDICATOR_R_excise_uniform_varied,,,,,,,Yes,,,,,2025-08-20T09:41:26Z,2024,2024-01-01,2024-12-31
1184474,TOBACCO_MPOWER_R_TAXSTRUCTURE,COUNTRY,MNG,WPR,Western Pacific,YEAR,2024,TOBACCO_INDICATOR,TOBACCO_INDICATOR_R_eliquid_excise_nicotine,,,,,,,. . .,,,,,2025-08-20T09:41:26Z,2024,2024-01-01,2024-12-31
1184592,TOBACCO_MPOWER_R_TAXSTRUCTURE,COUNTRY,SWE,EUR,Europe,YEAR,2024,TOBACCO_INDICATOR,TOBACCO_INDICATOR_R_htp_excise_device,,,,,,,. . .,,,,,2025-08-20T09:41:26Z,2024,2024-01-01,2024-12-31
1197699,TOBACCO_MPOWER_R_TAXSTRUCTURE,COUNTRY,SOM,EMR,Eastern Mediterranean,YEAR,2024,TOBACCO_INDICATOR,TOBACCO_INDICATOR_R_afford_price_dispersion,,,,,,,. . .,,,,,2025-08-20T09:41:26Z,2024,2024-01-01,2024-12-31
1222714,TOBACCO_MPOWER_R_TAXSTRUCTURE,COUNTRY,OMN,EMR,Eastern Mediterranean,YEAR,2024,TOBACCO_INDICATOR,TOBACCO_INDICATOR_R_eliquid_excise_nicotine,,,,,,,—,,,,,2025-08-20T09:41:26Z,2024,2024-01-01,2024-12-31
1226234,TOBACCO_MPOWER_R_TAXSTRUCTURE,COUNTRY,NIU,WPR,Western Pacific,YEAR,2024,TOBACCO_INDICATOR,TOBACCO_INDICATOR_R_htp_excise_device,,,,,,,. . .,,,,,2025-08-20T09:41:26Z,2024,2024-01-01,2024-12-31
1227305,TOBACCO_MPOWER_R_TAXSTRUCTURE,COUNTRY,SMR,EUR,Europe,YEAR,2024,TOBACCO_INDICATOR,TOBACCO_INDICATOR_R_htp_excise_type_sticks,,,,,,,. . .,,,,,2025-08-20T09:41:26Z,2024,2024-01-01,2024-12-31
1236838,TOBACCO_MPOWER_R_TAXSTRUCTURE,COUNTRY,MYS,WPR,Western Pacific,YEAR,2024,TOBACCO_INDICATOR,TOBACCO_INDICATOR_R_eliquid_excise_type,,,,,,,. . .,,,,,2025-08-20T09:41:26Z,2024,2024-01-01,2024-12-31
1239073,TOBACCO_MPOWER_R_TAXSTRUCTURE,COUNTRY,BEN,AFR,Africa,YEAR,2024,TOBACCO_INDICATOR,TOBACCO_INDICATOR_R_eliquid_excise_device,,,,,,,. . .,,,,,2025-08-20T09:41:26Z,2024,2024-01-01,2024-12-31
1240390,TOBACCO_MPOWER_R_TAXSTRUCTURE,COUNTRY,WSM,WPR,Western Pacific,YEAR,2024,TOBACCO_INDICATOR,TOBACCO_INDICATOR_R_afford_price_gap_decreased,,,,,,,. . .,,,,,2025-08-20T09:41:26Z,2024,2024-01-01,2024-12-31
1245212,TOBACCO_MPOWER_R_TAXSTRUCTURE,COUNTRY,ERI,AFR,Africa,YEAR,2024,TOBACCO_INDICATOR,TOBACCO_INDICATOR_R_min_price_policy,,,,,,,No,,,,,2025-08-20T09:41:26Z,2024,2024-01-01,2024-12-31
1248728,TOBACCO_MPOWER_R_TAXSTRUCTURE,COUNTRY,MDG,AFR,Africa,YEAR,2024,TOBACCO_INDICATOR,TOBACCO_INDICATOR_R_eliquid_excise_nicotine,,,,,,,. . .,,,,,2025-08-20T09:41:26Z,2024,2024-01-01,2024-12-31
1250750,TOBACCO_MPOWER_R_TAXSTRUCTURE,COUNTRY,BFA,AFR,Africa,YEAR,2024,TOBACCO_INDICATOR,TOBACCO_INDICATOR_R_afford_price_gap_decreased,,,,,,,No,,,,,2025-08-20T09:41:26Z,2024,2024-01-01,2024-12-31
1263217,TOBACCO_MPOWER_R_TAXSTRUCTURE,COUNTRY,PNG,WPR,Western Pacific,YEAR,2024,TOBACCO_INDICATOR,TOBACCO_INDICATOR_R_eliquid_excise_nicotine,,,,,,,. . .,,,,,2025-08-20T09:41:26Z,2024,2024-01-01,2024-12-31
1267345,TOBACCO_MPOWER_R_TAXSTRUCTURE,COUNTRY,AZE,EUR,Europe,YEAR,2024,TOBACCO_INDICATOR,TOBACCO_INDICATOR_R_eliquid_excise_type,,,,,,,Specific,,,,,2025-08-20T09:41:26Z,2024,2024-01-01,2024-12-31
1281358,TOBACCO_MPOWER_R_TAXSTRUCTURE,COUNTRY,ETH,AFR,Africa,YEAR,2024,TOBACCO_INDICATOR,TOBACCO_INDICATOR_R_excise_specific_reliance,,,,,,,Yes,,,,,2025-08-20T09:41:26Z,2024,2024-01-01,2024-12-31
1293785,TOBACCO_MPOWER_R_TAXSTRUCTURE,COUNTRY,IRN,EMR,Eastern Mediterranean,YEAR,2024,TOBACCO_INDICATOR,TOBACCO_INDICATOR_R_afford_price_dispersion,,,,,,,9.68,9.68,,,,2025-08-20T09:41:26Z,2024,2024-01-01,2024-12-31
1306313,TOBACCO_MPOWER_R_TAXSTRUCTURE,COUNTRY,ALB,EUR,Europe,YEAR,2024,TOBACCO_INDICATOR,TOBACCO_INDICATOR_R_eliquid_excise_type,,,,,,,Specific,,,,,2025-08-20T09:41:26Z,2024,2024-01-01,2024-12-31
1311674,TOBACCO_MPOWER_R_TAXSTRUCTURE,COUNTRY,JAM,AMR,Americas,YEAR,2024,TOBACCO_INDICATOR,TOBACCO_INDICATOR_R_excise_type,,,,,,,Specific,,,,Data not validated by the national authorities.,2025-08-20T09:41:26Z,2024,2024-01-01,2024-12-31
1315325,TOBACCO_MPOWER_R_TAXSTRUCTURE,COUNTRY,AND,EUR,Europe,YEAR,2024,TOBACCO_INDICATOR,TOBACCO_INDICATOR_R_eliquid_excise_device,,,,,,,—,,,,,2025-08-20T09:41:26Z,2024,2024-01-01,2024-12-31
1316540,TOBACCO_MPOWER_R_TAXSTRUCTURE,COUNTRY,HND,AMR,Americas,YEAR,2024,TOBACCO_INDICATOR,TOBACCO_INDICATOR_R_min_price_policy,,,,,,,No,,,,,2025-08-20T09:41:26Z,2024,2024-01-01,2024-12-31
1318766,TOBACCO_MPOWER_R_TAXSTRUCTURE,COUNTRY,FJI,WPR,Western Pacific,YEAR,2024,TOBACCO_INDICATOR,TOBACCO_INDICATOR_R_htp_excise_type_sticks,,,,,,,. . .,,,,,2025-08-20T09:41:26Z,2024,2024-01-01,2024-12-31
1320760,TOBACCO_MPOWER_R_TAXSTRUCTURE,COUNTRY,OMN,EMR,Eastern Mediterranean,YEAR,2024,TOBACCO_INDICATOR,TOBACCO_INDICATOR_R_excise_min_specific,,,,,,,Yes,,,,,2025-08-20T09:41:26Z,2024,2024-01-01,2024-12-31
1321305,TOBACCO_MPOWER_R_TAXSTRUCTURE,COUNTRY,TZA,AFR,Africa,YEAR,2024,TOBACCO_INDICATOR,TOBACCO_INDICATOR_R_excise_type,,,,,,,Specific,,,,,2025-08-20T09:41:26Z,2024,2024-01-01,2024-12-31
1325839,TOBACCO_MPOWER_R_TAXSTRUCTURE,COUNTRY,CHE,EUR,Europe,YEAR,2024,TOBACCO_INDICATOR,TOBACCO_INDICATOR_R_excise_uniform_varied,,,,,,,Yes,,,,,2025-08-20T09:41:26Z,2024,2024-01-01,2024-12-31
1328239,TOBACCO_MPOWER_R_TAXSTRUCTURE,COUNTRY,VUT,WPR,Western Pacific,YEAR,2024,TOBACCO_INDICATOR,TOBACCO_INDICATOR_R_min_price_policy,,,,,,,No,,,,,2025-08-20T09:41:26Z,2024,2024-01-01,2024-12-31
1331889,TOBACCO_MPOWER_R_TAXSTRUCTURE,COUNTRY,SEN,AFR,Africa,YEAR,2024,TOBACCO_INDICATOR,TOBACCO_INDICATOR_R_eliquid_excise_nicotine,,,,,,,. . .,,,,,2025-08-20T09:41:26Z,2024,2024-01-01,2024-12-31
1337109,TOBACCO_MPOWER_R_TAXSTRUCTURE,COUNTRY,GBR,EUR,Europe,YEAR,2024,TOBACCO_INDICATOR,TOBACCO_INDICATOR_R_excise_retail_price_base,,,,,,,Yes,,,,,2025-08-20T09:41:26Z,2024,2024-01-01,2024-12-31
1343710,TOBACCO_MPOWER_R_TAXSTRUCTURE,COUNTRY,TUV,WPR,Western Pacific,YEAR,2024,TOBACCO_INDICATOR,TOBACCO_INDICATOR_R_excise_specific_reliance,,,,,,,—,,,,,2025-08-20T09:41:26Z,2024,2024-01-01,2024-12-31
1344590,TOBACCO_MPOWER_R_TAXSTRUCTURE,COUNTRY,MNG,WPR,Western Pacific,YEAR,2024,TOBACCO_INDICATOR,TOBACCO_INDICATOR_R_excise_min_specific,,,,,,,—,,,,,2025-08-20T09:41:26Z,2024,2024-01-01,2024-12-31
1350698,TOBACCO_MPOWER_R_TAXSTRUCTURE,COUNTRY,URY,AMR,Americas,YEAR,2024,TOBACCO_INDICATOR,TOBACCO_INDICATOR_R_eliquid_excise_nicotine,,,,,,,—,,,,,2025-08-20T09:41:26Z,2024,2024-01-01,2024-12-31
1351325,TOBACCO_MPOWER_R_TAXSTRUCTURE,COUNTRY,BDI,AFR,Africa,YEAR,2024,TOBACCO_INDICATOR,TOBACCO_INDICATOR_R_excise_retail_price_base,,,,,,,—,,,,,2025-08-20T09:41:26Z,2024,2024-01-01,2024-12-31
1354165,TOBACCO_MPOWER_R_TAXSTRUCTURE,COUNTRY,MNE,EUR,Europe,YEAR,2024,TOBACCO_INDICATOR,TOBACCO_INDICATOR_R_excise_specific_reliance,,,,,,,Yes,,,,,2025-08-20T09:41:26Z,2024,2024-01-01,2024-12-31
1354492,TOBACCO_MPOWER_R_TAXSTRUCTURE,COUNTRY,ESP,EUR,Europe,YEAR,2024,TOBACCO_INDICATOR,TOBACCO_INDICATOR_R_excise_min_specific,,,,,,,Yes,,,,,2025-08-20T09:41:26Z,2024,2024-01-01,2024-12-31
1355668,TOBACCO_MPOWER_R_TAXSTRUCTURE,COUNTRY,SMR,EUR,Europe,YEAR,2024,TOBACCO_INDICATOR,TOBACCO_INDICATOR_R_excise_min_specific,,,,,,,. . .,,,,,2025-08-20T09:41:26Z,2024,2024-01-01,2024-12-31
1356335,TOBACCO_MPOWER_R_TAXSTRUCTURE,COUNTRY,LBR,AFR,Africa,YEAR,2024,TOBACCO_INDICATOR,TOBACCO_INDICATOR_R_afford_price_gap_decreased,,,,,,,. . .,,,,,2025-08-20T09:41:26Z,2024,2024-01-01,2024-12-31
1356505,TOBACCO_MPOWER_R_TAXSTRUCTURE,COUNTRY,BRA,AMR,Americas,YEAR,2024,TOBACCO_INDICATOR,TOBACCO_INDICATOR_R_eliquid_excise_type,,,,,,,—,,,,,2025-08-20T09:41:26Z,2024,2024-01-01,2024-12-31
1356650,TOBACCO_MPOWER_R_TAXSTRUCTURE,COUNTRY,KNA,AMR,Americas,YEAR,2024,TOBACCO_INDICATOR,TOBACCO_INDICATOR_R_eliquid_excise_type,,,,,,,. . .,,,,,2025-08-20T09:41:26Z,2024,2024-01-01,2024-12-31
1365733,TOBACCO_MPOWER_R_TAXSTRUCTURE,COUNTRY,NOR,EUR,Europe,YEAR,2024,TOBACCO_INDICATOR,TOBACCO_INDICATOR_R_afford_tax_auto_adjust,,,,,,,No,,,,,2025-08-20T09:41:26Z,2024,2024-01-01,2024-12-31
1365801,TOBACCO_MPOWER_R_TAXSTRUCTURE,COUNTRY,NOR,EUR,Europe,YEAR,2024,TOBACCO_INDICATOR,TOBACCO_INDICATOR_R_eliquid_excise_type,,,,,,,—,,,,,2025-08-20T09:41:26Z,2024,2024-01-01,2024-12-31
1367422,TOBACCO_MPOWER_R_TAXSTRUCTURE,COUNTRY,IRN,EMR,Eastern Mediterranean,YEAR,2024,TOBACCO_INDICATOR,TOBACCO_INDICATOR_R_eliquid_excise_type,,,,,,,—,,,,,2025-08-20T09:41:26Z,2024,2024-01-01,2024-12-31
1370647,TOBACCO_MPOWER_R_TAXSTRUCTURE,COUNTRY,UGA,AFR,Africa,YEAR,2024,TOBACCO_INDICATOR,TOBACCO_INDICATOR_R_eliquid_excise_device,,,,,,,—,,,,,2025-08-20T09:41:26Z,2024,2024-01-01,2024-12-31
1373187,TOBACCO_MPOWER_R_TAXSTRUCTURE,COUNTRY,BLZ,AMR,Americas,YEAR,2024,TOBACCO_INDICATOR,TOBACCO_INDICATOR_R_excise_type,,,,,,,Specific,,,,,2025-08-20T09:41:26Z,2024,2024-01-01,2024-12-31
1378928,TOBACCO_MPOWER_R_TAXSTRUCTURE,COUNTRY,CHN,WPR,Western Pacific,YEAR,2024,TOBACCO_INDICATOR,TOBACCO_INDICATOR_R_excise_min_specific,,,,,,,No,,,,,2025-08-20T09:41:26Z,2024,2024-01-01,2024-12-31
1381648,TOBACCO_MPOWER_R_TAXSTRUCTURE,COUNTRY,DMA,AMR,Americas,YEAR,2024,TOBACCO_INDICATOR,TOBACCO_INDICATOR_R_excise_specific_reliance,,,,,,,—,,,,,2025-08-20T09:41:26Z,2024,2024-01-01,2024-12-31
1384755,TOBACCO_MPOWER_R_TAXSTRUCTURE,COUNTRY,AZE,EUR,Europe,YEAR,2024,TOBACCO_INDICATOR,TOBACCO_INDICATOR_R_eliquid_excise_device,,,,,,,. . .,,,,,2025-08-20T09:41:26Z,2024,2024-01-01,2024-12-31
1386472,TOBACCO_MPOWER_R_TAXSTRUCTURE,COUNTRY,MWI,AFR,Africa,YEAR,2024,TOBACCO_INDICATOR,TOBACCO_INDICATOR_R_excise_min_specific,,,,,,,—,,,,,2025-08-20T09:41:26Z,2024,2024-01-01,2024-12-31
1387420,TOBACCO_MPOWER_R_TAXSTRUCTURE,COUNTRY,BOL,AMR,Americas,YEAR,2024,TOBACCO_INDICATOR,TOBACCO_INDICATOR_R_excise_uniform_varied,,,,,,,No,,,,,2025-08-20T09:41:26Z,2024,2024-01-01,2024-12-31
1387598,TOBACCO_MPOWER_R_TAXSTRUCTURE,COUNTRY,KOR,WPR,Western Pacific,YEAR,2024,TOBACCO_INDICATOR,TOBACCO_INDICATOR_R_eliquid_excise_device,,,,,,,No,,,,,2025-08-20T09:41:26Z,2024,2024-01-01,2024-12-31
1388027,TOBACCO_MPOWER_R_TAXSTRUCTURE,COUNTRY,IRN,EMR,Eastern Mediterranean,YEAR,2024,TOBACCO_INDICATOR,TOBACCO_INDICATOR_R_excise_type,,,,,,,Specific,,,,,2025-08-20T09:41:26Z,2024,2024-01-01,2024-12-31
1388175,TOBACCO_MPOWER_R_TAXSTRUCTURE,COUNTRY,BRA,AMR,Americas,YEAR,2024,TOBACCO_INDICATOR,TOBACCO_INDICATOR_R_excise_retail_price_base,,,,,,,Yes,,,,,2025-08-20T09:41:26Z,2024,2024-01-01,2024-12-31
1393184,TOBACCO_MPOWER_R_TAXSTRUCTURE,COUNTRY,NPL,SEAR,South-East Asia,YEAR,2024,TOBACCO_INDICATOR,TOBACCO_INDICATOR_R_excise_retail_price_base,,,,,,,—,,,,,2025-08-20T09:41:26Z,2024,2024-01-01,2024-12-31
1395206,TOBACCO_MPOWER_R_TAXSTRUCTURE,COUNTRY,BEL,EUR,Europe,YEAR,2024,TOBACCO_INDICATOR,TOBACCO_INDICATOR_R_excise_uniform_varied,,,,,,,Yes,,,,,2025-08-20T09:41:26Z,2024,2024-01-01,2024-12-31
1395471,TOBACCO_MPOWER_R_TAXSTRUCTURE,COUNTRY,THA,SEAR,South-East Asia,YEAR,2024,TOBACCO_INDICATOR,TOBACCO_INDICATOR_R_htp_excise_type_sticks,,,,,,,—,,,,,2025-08-20T09:41:26Z,2024,2024-01-01,2024-12-31
1400870,TOBACCO_MPOWER_R_TAXSTRUCTURE,COUNTRY,AND,EUR,Europe,YEAR,2024,TOBACCO_INDICATOR,TOBACCO_INDICATOR_R_htp_excise_type_sticks,,,,,,,Specific,,,,,2025-08-20T09:41:26Z,2024,2024-01-01,2024-12-31
1401939,TOBACCO_MPOWER_R_TAXSTRUCTURE,COUNTRY,ALB,EUR,Europe,YEAR,2024,TOBACCO_INDICATOR,TOBACCO_INDICATOR_R_excise_type,,,,,,,Specific,,,,,2025-08-20T09:41:26Z,2024,2024-01-01,2024-12-31
1402845,TOBACCO_MPOWER_R_TAXSTRUCTURE,COUNTRY,MHL,WPR,Western Pacific,YEAR,2024,TOBACCO_INDICATOR,TOBACCO_INDICATOR_R_afford_price_dispersion,,,,,,,100,100,,,,2025-08-20T09:41:26Z,2024,2024-01-01,2024-12-31
1403662,TOBACCO_MPOWER_R_TAXSTRUCTURE,COUNTRY,YEM,EMR,Eastern Mediterranean,YEAR,2024,TOBACCO_INDICATOR,TOBACCO_INDICATOR_R_afford_price_gap_decreased,,,,,,,Yes,,,,,2025-08-20T09:41:26Z,2024,2024-01-01,2024-12-31
1406626,TOBACCO_MPOWER_R_TAXSTRUCTURE,COUNTRY,OMN,EMR,Eastern Mediterranean,YEAR,2024,TOBACCO_INDICATOR,TOBACCO_INDICATOR_R_min_price_policy,,,,,,,No,,,,,2025-08-20T09:41:26Z,2024,2024-01-01,2024-12-31
1407997,TOBACCO_MPOWER_R_TAXSTRUCTURE,COUNTRY,MLI,AFR,Africa,YEAR,2024,TOBACCO_INDICATOR,TOBACCO_INDICATOR_R_afford_price_gap_decreased,,,,,,,. . .,,,,,2025-08-20T09:41:26Z,2024,2024-01-01,2024-12-31
1414022,TOBACCO_MPOWER_R_TAXSTRUCTURE,COUNTRY,ISR,EUR,Europe,YEAR,2024,TOBACCO_INDICATOR,TOBACCO_INDICATOR_R_htp_excise_type_sticks,,,,,,,Mixed,,,,,2025-08-20T09:41:26Z,2024,2024-01-01,2024-12-31
1425602,TOBACCO_MPOWER_R_TAXSTRUCTURE,COUNTRY,GAB,AFR,Africa,YEAR,2024,TOBACCO_INDICATOR,TOBACCO_INDICATOR_R_eliquid_excise_device,,,,,,,. . .,,,,,2025-08-20T09:41:26Z,2024,2024-01-01,2024-12-31
1426004,TOBACCO_MPOWER_R_TAXSTRUCTURE,COUNTRY,NOR,EUR,Europe,YEAR,2024,TOBACCO_INDICATOR,TOBACCO_INDICATOR_R_excise_min_specific,,,,,,,—,,,,,2025-08-20T09:41:26Z,2024,2024-01-01,2024-12-31
1434337,TOBACCO_MPOWER_R_TAXSTRUCTURE,COUNTRY,AUT,EUR,Europe,YEAR,2024,TOBACCO_INDICATOR,TOBACCO_INDICATOR_R_afford_price_gap_decreased,,,,,,,Yes,,,,,2025-08-20T09:41:26Z,2024,2024-01-01,2024-12-31
1439734,TOBACCO_MPOWER_R_TAXSTRUCTURE,COUNTRY,KEN,AFR,Africa,YEAR,2024,TOBACCO_INDICATOR,TOBACCO_INDICATOR_R_eliquid_excise_type,,,,,,,Specific,,,,,2025-08-20T09:41:26Z,2024,2024-01-01,2024-12-31
1451004,TOBACCO_MPOWER_R_TAXSTRUCTURE,COUNTRY,SUR,AMR,Americas,YEAR,2024,TOBACCO_INDICATOR,TOBACCO_INDICATOR_R_excise_min_specific,,,,,,,—,,,,,2025-08-20T09:41:26Z,2024,2024-01-01,2024-12-31
1454436,TOBACCO_MPOWER_R_TAXSTRUCTURE,COUNTRY,MAR,EMR,Eastern Mediterranean,YEAR,2024,TOBACCO_INDICATOR,TOBACCO_INDICATOR_R_excise_type,,,,,,,Mixed,,,,,2025-08-20T09:41:26Z,2024,2024-01-01,2024-12-31
1454845,TOBACCO_MPOWER_R_TAXSTRUCTURE,COUNTRY,BGD,SEAR,South-East Asia,YEAR,2024,TOBACCO_INDICATOR,TOBACCO_INDICATOR_R_afford_tax_auto_adjust,,,,,,,No,,,,"Bangladesh uses prices to define tax tiers. However, these prices are not automatically adjusted to inflation.",2025-08-20T09:41:26Z,2024,2024-01-01,2024-12-31
1456303,TOBACCO_MPOWER_R_TAXSTRUCTURE,COUNTRY,LBR,AFR,Africa,YEAR,2024,TOBACCO_INDICATOR,TOBACCO_INDICATOR_R_excise_min_specific,,,,,,,—,,,,,2025-08-20T09:41:26Z,2024,2024-01-01,2024-12-31
1459600,TOBACCO_MPOWER_R_TAXSTRUCTURE,COUNTRY,SYR,EMR,Eastern Mediterranean,YEAR,2024,TOBACCO_INDICATOR,TOBACCO_INDICATOR_R_excise_uniform_varied,,,,,,,Yes,,,,,2025-08-20T09:41:26Z,2024,2024-01-01,2024-12-31
1461977,TOBACCO_MPOWER_R_TAXSTRUCTURE,COUNTRY,TTO,AMR,Americas,YEAR,2024,TOBACCO_INDICATOR,TOBACCO_INDICATOR_R_excise_min_specific,,,,,,,—,,,,,2025-08-20T09:41:26Z,2024,2024-01-01,2024-12-31
1462588,TOBACCO_MPOWER_R_TAXSTRUCTURE,COUNTRY,RUS,EUR,Europe,YEAR,2024,TOBACCO_INDICATOR,TOBACCO_INDICATOR_R_afford_tax_auto_adjust,,,,,,,Yes,,,,,2025-08-20T09:41:26Z,2024,2024-01-01,2024-12-31
1463559,TOBACCO_MPOWER_R_TAXSTRUCTURE,COUNTRY,ATG,AMR,Americas,YEAR,2024,TOBACCO_INDICATOR,TOBACCO_INDICATOR_R_eliquid_excise_device,,,,,,,—,,,,,2025-08-20T09:41:26Z,2024,2024-01-01,2024-12-31
1463890,TOBACCO_MPOWER_R_TAXSTRUCTURE,COUNTRY,FSM,WPR,Western Pacific,YEAR,2024,TOBACCO_INDICATOR,TOBACCO_INDICATOR_R_excise_specific_reliance,,,,,,,—,,,,,2025-08-20T09:41:26Z,2024,2024-01-01,2024-12-31
1465388,TOBACCO_MPOWER_R_TAXSTRUCTURE,COUNTRY,LKA,SEAR,South-East Asia,YEAR,2024,TOBACCO_INDICATOR,TOBACCO_INDICATOR_R_excise_uniform_varied,,,,,,,No,,,,,2025-08-20T09:41:26Z,2024,2024-01-01,2024-12-31
1469054,TOBACCO_MPOWER_R_TAXSTRUCTURE,COUNTRY,DEU,EUR,Europe,YEAR,2024,TOBACCO_INDICATOR,TOBACCO_INDICATOR_R_htp_excise_device,,,,,,,No,,,,,2025-08-20T09:41:26Z,2024,2024-01-01,2024-12-31
1474629,TOBACCO_MPOWER_R_TAXSTRUCTURE,COUNTRY,GAB,AFR,Africa,YEAR,2024,TOBACCO_INDICATOR,TOBACCO_INDICATOR_R_afford_price_dispersion,,,,,,,60,60,,,,2025-08-20T09:41:26Z,2024,2024-01-01,2024-12-31
1475904,TOBACCO_MPOWER_R_TAXSTRUCTURE,COUNTRY,ECU,AMR,Americas,YEAR,2024,TOBACCO_INDICATOR,TOBACCO_INDICATOR_R_excise_uniform_varied,,,,,,,Yes,,,,,2025-08-20T09:41:26Z,2024,2024-01-01,2024-12-31
1480033,TOBACCO_MPOWER_R_TAXSTRUCTURE,COUNTRY,KGZ,EUR,Europe,YEAR,2024,TOBACCO_INDICATOR,TOBACCO_INDICATOR_R_min_price_policy,,,,,,,No,,,,,2025-08-20T09:41:26Z,2024,2024-01-01,2024-12-31
1480583,TOBACCO_MPOWER_R_TAXSTRUCTURE,COUNTRY,KOR,WPR,Western Pacific,YEAR,2024,TOBACCO_INDICATOR,TOBACCO_INDICATOR_R_afford_price_dispersion,,,,,,,. . .,,,,,2025-08-20T09:41:26Z,2024,2024-01-01,2024-12-31
1486976,TOBACCO_MPOWER_R_TAXSTRUCTURE,COUNTRY,BEN,AFR,Africa,YEAR,2024,TOBACCO_INDICATOR,TOBACCO_INDICATOR_R_excise_specific_reliance,,,,,,,—,,,,,2025-08-20T09:41:26Z,2024,2024-01-01,2024-12-31
1488048,TOBACCO_MPOWER_R_TAXSTRUCTURE,COUNTRY,CHL,AMR,Americas,YEAR,2024,TOBACCO_INDICATOR,TOBACCO_INDICATOR_R_htp_excise_device,,,,,,,. . .,,,,,2025-08-20T09:41:26Z,2024,2024-01-01,2024-12-31
1488761,TOBACCO_MPOWER_R_TAXSTRUCTURE,COUNTRY,UKR,EUR,Europe,YEAR,2024,TOBACCO_INDICATOR,TOBACCO_INDICATOR_R_afford_tax_auto_adjust,,,,,,,No,,,,,2025-08-20T09:41:26Z,2024,2024-01-01,2024-12-31
1491898,TOBACCO_MPOWER_R_TAXSTRUCTURE,COUNTRY,IND,SEAR,South-East Asia,YEAR,2024,TOBACCO_INDICATOR,TOBACCO_INDICATOR_R_afford_price_gap_decreased,,,,,,,. . .,,,,,2025-08-20T09:41:26Z,2024,2024-01-01,2024-12-31
1493399,TOBACCO_MPOWER_R_TAXSTRUCTURE,COUNTRY,BIH,EUR,Europe,YEAR,2024,TOBACCO_INDICATOR,TOBACCO_INDICATOR_R_min_price_policy,,,,,,,No,,,,,2025-08-20T09:41:26Z,2024,2024-01-01,2024-12-31
1493522,TOBACCO_MPOWER_R_TAXSTRUCTURE,COUNTRY,BEN,AFR,Africa,YEAR,2024,TOBACCO_INDICATOR,TOBACCO_INDICATOR_R_htp_excise_device,,,,,,,. . .,,,,,2025-08-20T09:41:26Z,2024,2024-01-01,2024-12-31
1494865,TOBACCO_MPOWER_R_TAXSTRUCTURE,COUNTRY,FSM,WPR,Western Pacific,YEAR,2024,TOBACCO_INDICATOR,TOBACCO_INDICATOR_R_afford_tax_auto_adjust,,,,,,,—,,,,,2025-08-20T09:41:26Z,2024,2024-01-01,2024-12-31
1497172,TOBACCO_MPOWER_R_TAXSTRUCTURE,COUNTRY,NIU,WPR,Western Pacific,YEAR,2024,TOBACCO_INDICATOR,TOBACCO_INDICATOR_R_excise_specific_reliance,,,,,,,. . .,,,,,2025-08-20T09:41:26Z,2024,2024-01-01,2024-12-31
1499883,TOBACCO_MPOWER_R_TAXSTRUCTURE,COUNTRY,GHA,AFR,Africa,YEAR,2024,TOBACCO_INDICATOR,TOBACCO_INDICATOR_R_eliquid_excise_nicotine,,,,,,,. . .,,,,,2025-08-20T09:41:26Z,2024,2024-01-01,2024-12-31
1506318,TOBACCO_MPOWER_R_TAXSTRUCTURE,COUNTRY,SRB,EUR,Europe,YEAR,2024,TOBACCO_INDICATOR,TOBACCO_INDICATOR_R_excise_uniform_varied,,,,,,,Yes,,,,,2025-08-20T09:41:26Z,2024,2024-01-01,2024-12-31
1510196,TOBACCO_MPOWER_R_TAXSTRUCTURE,COUNTRY,SDN,EMR,Eastern Mediterranean,YEAR,2024,TOBACCO_INDICATOR,TOBACCO_INDICATOR_R_afford_price_dispersion,,,,,,,. . .,,,,,2025-08-20T09:41:26Z,2024,2024-01-01,2024-12-31
1511463,TOBACCO_MPOWER_R_TAXSTRUCTURE,COUNTRY,GAB,AFR,Africa,YEAR,2024,TOBACCO_INDICATOR,TOBACCO_INDICATOR_R_afford_tax_auto_adjust,,,,,,,No,,,,,2025-08-20T09:41:26Z,2024,2024-01-01,2024-12-31
1512245,TOBACCO_MPOWER_R_TAXSTRUCTURE,COUNTRY,ISR,EUR,Europe,YEAR,2024,TOBACCO_INDICATOR,TOBACCO_INDICATOR_R_excise_retail_price_base,,,,,,,No,,,,,2025-08-20T09:41:26Z,2024,2024-01-01,2024-12-31
1513006,TOBACCO_MPOWER_R_TAXSTRUCTURE,COUNTRY,CAF,AFR,Africa,YEAR,2024,TOBACCO_INDICATOR,TOBACCO_INDICATOR_R_afford_price_dispersion,,,,,,,. . .,,,,,2025-08-20T09:41:26Z,2024,2024-01-01,2024-12-31
1519212,TOBACCO_MPOWER_R_TAXSTRUCTURE,COUNTRY,PAN,AMR,Americas,YEAR,2024,TOBACCO_INDICATOR,TOBACCO_INDICATOR_R_eliquid_excise_type,,,,,,,—,,,,,2025-08-20T09:41:26Z,2024,2024-01-01,2024-12-31
1520156,TOBACCO_MPOWER_R_TAXSTRUCTURE,COUNTRY,AND,EUR,Europe,YEAR,2024,TOBACCO_INDICATOR,TOBACCO_INDICATOR_R_afford_price_dispersion,,,,,,,59.09,59.09,,,,2025-08-20T09:41:26Z,2024,2024-01-01,2024-12-31
1523098,TOBACCO_MPOWER_R_TAXSTRUCTURE,COUNTRY,LBR,AFR,Africa,YEAR,2024,TOBACCO_INDICATOR,TOBACCO_INDICATOR_R_min_price_policy,,,,,,,No,,,,,2025-08-20T09:41:26Z,2024,2024-01-01,2024-12-31
1527847,TOBACCO_MPOWER_R_TAXSTRUCTURE,COUNTRY,NIU,WPR,Western Pacific,YEAR,2024,TOBACCO_INDICATOR,TOBACCO_INDICATOR_R_excise_uniform_varied,,,,,,,. . .,,,,,2025-08-20T09:41:26Z,2024,2024-01-01,2024-12-31
1532581,TOBACCO_MPOWER_R_TAXSTRUCTURE,COUNTRY,NIU,WPR,Western Pacific,YEAR,2024,TOBACCO_INDICATOR,TOBACCO_INDICATOR_R_excise_retail_price_base,,,,,,,. . .,,,,,2025-08-20T09:41:26Z,2024,2024-01-01,2024-12-31
1541649,TOBACCO_MPOWER_R_TAXSTRUCTURE,COUNTRY,DJI,EMR,Eastern Mediterranean,YEAR,2024,TOBACCO_INDICATOR,TOBACCO_INDICATOR_R_excise_retail_price_base,,,,,,,No,,,,,2025-08-20T09:41:26Z,2024,2024-01-01,2024-12-31
1545052,TOBACCO_MPOWER_R_TAXSTRUCTURE,COUNTRY,DJI,EMR,Eastern Mediterranean,YEAR,2024,TOBACCO_INDICATOR,TOBACCO_INDICATOR_R_eliquid_excise_nicotine,,,,,,,. . .,,,,,2025-08-20T09:41:26Z,2024,2024-01-01,2024-12-31
1545574,TOBACCO_MPOWER_R_TAXSTRUCTURE,COUNTRY,SAU,EMR,Eastern Mediterranean,YEAR,2024,TOBACCO_INDICATOR,TOBACCO_INDICATOR_R_eliquid_excise_device,,,,,,,Yes,,,,,2025-08-20T09:41:26Z,2024,2024-01-01,2024-12-31
1546610,TOBACCO_MPOWER_R_TAXSTRUCTURE,COUNTRY,BRA,AMR,Americas,YEAR,2024,TOBACCO_INDICATOR,TOBACCO_INDICATOR_R_excise_specific_reliance,,,,,,,Yes,,,,,2025-08-20T09:41:26Z,2024,2024-01-01,2024-12-31
1547719,TOBACCO_MPOWER_R_TAXSTRUCTURE,COUNTRY,TTO,AMR,Americas,YEAR,2024,TOBACCO_INDICATOR,TOBACCO_INDICATOR_R_excise_retail_price_base,,,,,,,—,,,,,2025-08-20T09:41:26Z,2024,2024-01-01,2024-12-31
1547952,TOBACCO_MPOWER_R_TAXSTRUCTURE,COUNTRY,TUN,EMR,Eastern Mediterranean,YEAR,2024,TOBACCO_INDICATOR,TOBACCO_INDICATOR_R_htp_excise_type_sticks,,,,,,,Mixed,,,,,2025-08-20T09:41:26Z,2024,2024-01-01,2024-12-31
1552389,TOBACCO_MPOWER_R_TAXSTRUCTURE,COUNTRY,QAT,EMR,Eastern Mediterranean,YEAR,2024,TOBACCO_INDICATOR,TOBACCO_INDICATOR_R_afford_price_gap_decreased,,,,,,,No,,,,,2025-08-20T09:41:26Z,2024,2024-01-01,2024-12-31
1556910,TOBACCO_MPOWER_R_TAXSTRUCTURE,COUNTRY,YEM,EMR,Eastern Mediterranean,YEAR,2024,TOBACCO_INDICATOR,TOBACCO_INDICATOR_R_excise_specific_reliance,,,,,,,—,,,,,2025-08-20T09:41:26Z,2024,2024-01-01,2024-12-31
1564047,TOBACCO_MPOWER_R_TAXSTRUCTURE,COUNTRY,BDI,AFR,Africa,YEAR,2024,TOBACCO_INDICATOR,TOBACCO_INDICATOR_R_afford_price_gap_decreased,,,,,,,No,,,,,2025-08-20T09:41:26Z,2024,2024-01-01,2024-12-31
1566156,TOBACCO_MPOWER_R_TAXSTRUCTURE,COUNTRY,SGP,WPR,Western Pacific,YEAR,2024,TOBACCO_INDICATOR,TOBACCO_INDICATOR_R_htp_excise_device,,,,,,,—,,,,,2025-08-20T09:41:26Z,2024,2024-01-01,2024-12-31
1570747,TOBACCO_MPOWER_R_TAXSTRUCTURE,COUNTRY,RWA,AFR,Africa,YEAR,2024,TOBACCO_INDICATOR,TOBACCO_INDICATOR_R_htp_excise_type_sticks,,,,,,,. . .,,,,,2025-08-20T09:41:26Z,2024,2024-01-01,2024-12-31
1571833,TOBACCO_MPOWER_R_TAXSTRUCTURE,COUNTRY,NIC,AMR,Americas,YEAR,2024,TOBACCO_INDICATOR,TOBACCO_INDICATOR_R_eliquid_excise_nicotine,,,,,,,. . .,,,,,2025-08-20T09:41:26Z,2024,2024-01-01,2024-12-31
1574907,TOBACCO_MPOWER_R_TAXSTRUCTURE,COUNTRY,LBR,AFR,Africa,YEAR,2024,TOBACCO_INDICATOR,TOBACCO_INDICATOR_R_excise_retail_price_base,,,,,,,—,,,,,2025-08-20T09:41:26Z,2024,2024-01-01,2024-12-31
1584356,TOBACCO_MPOWER_R_TAXSTRUCTURE,COUNTRY,ITA,EUR,Europe,YEAR,2024,TOBACCO_INDICATOR,TOBACCO_INDICATOR_R_htp_excise_device,,,,,,,. . .,,,,,2025-08-20T09:41:26Z,2024,2024-01-01,2024-12-31
1586278,TOBACCO_MPOWER_R_TAXSTRUCTURE,COUNTRY,PSE,EMR,Eastern Mediterranean,YEAR,2024,TOBACCO_INDICATOR,TOBACCO_INDICATOR_R_excise_retail_price_base,,,,,,,No,,,,,2025-08-20T09:41:26Z,2024,2024-01-01,2024-12-31
1587889,TOBACCO_MPOWER_R_TAXSTRUCTURE,COUNTRY,ARM,EUR,Europe,YEAR,2024,TOBACCO_INDICATOR,TOBACCO_INDICATOR_R_excise_retail_price_base,,,,,,,—,,,,,2025-08-20T09:41:26Z,2024,2024-01-01,2024-12-31
1588770,TOBACCO_MPOWER_R_TAXSTRUCTURE,COUNTRY,SMR,EUR,Europe,YEAR,2024,TOBACCO_INDICATOR,TOBACCO_INDICATOR_R_excise_specific_reliance,,,,,,,—,,,,,2025-08-20T09:41:26Z,2024,2024-01-01,2024-12-31
1591333,TOBACCO_MPOWER_R_TAXSTRUCTURE,COUNTRY,COK,WPR,Western Pacific,YEAR,2024,TOBACCO_INDICATOR,TOBACCO_INDICATOR_R_eliquid_excise_nicotine,,,,,,,—,,,,,2025-08-20T09:41:26Z,2024,2024-01-01,2024-12-31
1599817,TOBACCO_MPOWER_R_TAXSTRUCTURE,COUNTRY,KHM,WPR,Western Pacific,YEAR,2024,TOBACCO_INDICATOR,TOBACCO_INDICATOR_R_htp_excise_device,,,,,,,—,,,,,2025-08-20T09:41:26Z,2024,2024-01-01,2024-12-31
1606860,TOBACCO_MPOWER_R_TAXSTRUCTURE,COUNTRY,IND,SEAR,South-East Asia,YEAR,2024,TOBACCO_INDICATOR,TOBACCO_INDICATOR_R_htp_excise_device,,,,,,,—,,,,,2025-08-20T09:41:26Z,2024,2024-01-01,2024-12-31
1607467,TOBACCO_MPOWER_R_TAXSTRUCTURE,COUNTRY,MEX,AMR,Americas,YEAR,2024,TOBACCO_INDICATOR,TOBACCO_INDICATOR_R_eliquid_excise_nicotine,,,,,,,—,,,,ENNDS and ENNDS products circulation and sale banned since 31 May 2022.,2025-08-20T09:41:26Z,2024,2024-01-01,2024-12-31
1609187,TOBACCO_MPOWER_R_TAXSTRUCTURE,COUNTRY,PNG,WPR,Western Pacific,YEAR,2024,TOBACCO_INDICATOR,TOBACCO_INDICATOR_R_excise_uniform_varied,,,,,,,No,,,,,2025-08-20T09:41:26Z,2024,2024-01-01,2024-12-31
1609726,TOBACCO_MPOWER_R_TAXSTRUCTURE,COUNTRY,SGP,WPR,Western Pacific,YEAR,2024,TOBACCO_INDICATOR,TOBACCO_INDICATOR_R_excise_min_specific,,,,,,,—,,,,,2025-08-20T09:41:26Z,2024,2024-01-01,2024-12-31
1611035,TOBACCO_MPOWER_R_TAXSTRUCTURE,COUNTRY,CHN,WPR,Western Pacific,YEAR,2024,TOBACCO_INDICATOR,TOBACCO_INDICATOR_R_eliquid_excise_device,,,,,,,. . .,,,,,2025-08-20T09:41:26Z,2024,2024-01-01,2024-12-31
1612414,TOBACCO_MPOWER_R_TAXSTRUCTURE,COUNTRY,GNQ,AFR,Africa,YEAR,2024,TOBACCO_INDICATOR,TOBACCO_INDICATOR_R_excise_retail_price_base,,,,,,,—,,,,,2025-08-20T09:41:26Z,2024,2024-01-01,2024-12-31
1612496,TOBACCO_MPOWER_R_TAXSTRUCTURE,COUNTRY,ATG,AMR,Americas,YEAR,2024,TOBACCO_INDICATOR,TOBACCO_INDICATOR_R_htp_excise_device,,,,,,,. . .,,,,,2025-08-20T09:41:26Z,2024,2024-01-01,2024-12-31
1615167,TOBACCO_MPOWER_R_TAXSTRUCTURE,COUNTRY,TUV,WPR,Western Pacific,YEAR,2024,TOBACCO_INDICATOR,TOBACCO_INDICATOR_R_htp_excise_type_sticks,,,,,,,. . .,,,,,2025-08-20T09:41:26Z,2024,2024-01-01,2024-12-31
1622212,TOBACCO_MPOWER_R_TAXSTRUCTURE,COUNTRY,NER,AFR,Africa,YEAR,2024,TOBACCO_INDICATOR,TOBACCO_INDICATOR_R_afford_price_dispersion,,,,,,,50,50,,,,2025-08-20T09:41:26Z,2024,2024-01-01,2024-12-31
1625187,TOBACCO_MPOWER_R_TAXSTRUCTURE,COUNTRY,TTO,AMR,Americas,YEAR,2024,TOBACCO_INDICATOR,TOBACCO_INDICATOR_R_excise_specific_reliance,,,,,,,—,,,,,2025-08-20T09:41:26Z,2024,2024-01-01,2024-12-31
1626538,TOBACCO_MPOWER_R_TAXSTRUCTURE,COUNTRY,MEX,AMR,Americas,YEAR,2024,TOBACCO_INDICATOR,TOBACCO_INDICATOR_R_excise_retail_price_base,,,,,,,No,,,,,2025-08-20T09:41:26Z,2024,2024-01-01,2024-12-31
1630577,TOBACCO_MPOWER_R_TAXSTRUCTURE,COUNTRY,LKA,SEAR,South-East Asia,YEAR,2024,TOBACCO_INDICATOR,TOBACCO_INDICATOR_R_eliquid_excise_nicotine,,,,,,,—,,,,,2025-08-20T09:41:26Z,2024,2024-01-01,2024-12-31
1639321,TOBACCO_MPOWER_R_TAXSTRUCTURE,COUNTRY,SWE,EUR,Europe,YEAR,2024,TOBACCO_INDICATOR,TOBACCO_INDICATOR_R_afford_price_gap_decreased,,,,,,,Yes,,,,,2025-08-20T09:41:26Z,2024,2024-01-01,2024-12-31
1642876,TOBACCO_MPOWER_R_TAXSTRUCTURE,COUNTRY,CIV,AFR,Africa,YEAR,2024,TOBACCO_INDICATOR,TOBACCO_INDICATOR_R_excise_type,,,,,,,Ad valorem,,,,,2025-08-20T09:41:26Z,2024,2024-01-01,2024-12-31
1644376,TOBACCO_MPOWER_R_TAXSTRUCTURE,COUNTRY,LTU,EUR,Europe,YEAR,2024,TOBACCO_INDICATOR,TOBACCO_INDICATOR_R_eliquid_excise_device,,,,,,,Yes,,,,,2025-08-20T09:41:26Z,2024,2024-01-01,2024-12-31
1649159,TOBACCO_MPOWER_R_TAXSTRUCTURE,COUNTRY,TZA,AFR,Africa,YEAR,2024,TOBACCO_INDICATOR,TOBACCO_INDICATOR_R_htp_excise_device,,,,,,,. . .,,,,,2025-08-20T09:41:26Z,2024,2024-01-01,2024-12-31
1651768,TOBACCO_MPOWER_R_TAXSTRUCTURE,COUNTRY,IRL,EUR,Europe,YEAR,2024,TOBACCO_INDICATOR,TOBACCO_INDICATOR_R_afford_price_gap_decreased,,,,,,,No,,,,,2025-08-20T09:41:26Z,2024,2024-01-01,2024-12-31
1656162,TOBACCO_MPOWER_R_TAXSTRUCTURE,COUNTRY,TUR,EUR,Europe,YEAR,2024,TOBACCO_INDICATOR,TOBACCO_INDICATOR_R_excise_retail_price_base,,,,,,,Yes,,,,,2025-08-20T09:41:26Z,2024,2024-01-01,2024-12-31
1658203,TOBACCO_MPOWER_R_TAXSTRUCTURE,COUNTRY,UZB,EUR,Europe,YEAR,2024,TOBACCO_INDICATOR,TOBACCO_INDICATOR_R_excise_min_specific,,,,,,,No,,,,,2025-08-20T09:41:26Z,2024,2024-01-01,2024-12-31
1659111,TOBACCO_MPOWER_R_TAXSTRUCTURE,COUNTRY,FJI,WPR,Western Pacific,YEAR,2024,TOBACCO_INDICATOR,TOBACCO_INDICATOR_R_excise_retail_price_base,,,,,,,—,,,,,2025-08-20T09:41:26Z,2024,2024-01-01,2024-12-31
1660986,TOBACCO_MPOWER_R_TAXSTRUCTURE,COUNTRY,NER,AFR,Africa,YEAR,2024,TOBACCO_INDICATOR,TOBACCO_INDICATOR_R_eliquid_excise_type,,,,,,,. . .,,,,,2025-08-20T09:41:26Z,2024,2024-01-01,2024-12-31
1666072,TOBACCO_MPOWER_R_TAXSTRUCTURE,COUNTRY,GNQ,AFR,Africa,YEAR,2024,TOBACCO_INDICATOR,TOBACCO_INDICATOR_R_excise_type,,,,,,,Specific,,,,,2025-08-20T09:41:26Z,2024,2024-01-01,2024-12-31
1678966,TOBACCO_MPOWER_R_TAXSTRUCTURE,COUNTRY,BLZ,AMR,Americas,YEAR,2024,TOBACCO_INDICATOR,TOBACCO_INDICATOR_R_eliquid_excise_device,,,,,,,—,,,,,2025-08-20T09:41:26Z,2024,2024-01-01,2024-12-31
1679067,TOBACCO_MPOWER_R_TAXSTRUCTURE,COUNTRY,SLB,WPR,Western Pacific,YEAR,2024,TOBACCO_INDICATOR,TOBACCO_INDICATOR_R_afford_price_gap_decreased,,,,,,,. . .,,,,,2025-08-20T09:41:26Z,2024,2024-01-01,2024-12-31
1682089,TOBACCO_MPOWER_R_TAXSTRUCTURE,COUNTRY,GMB,AFR,Africa,YEAR,2024,TOBACCO_INDICATOR,TOBACCO_INDICATOR_R_excise_uniform_varied,,,,,,,Yes,,,,,2025-08-20T09:41:26Z,2024,2024-01-01,2024-12-31
1682540,TOBACCO_MPOWER_R_TAXSTRUCTURE,COUNTRY,OMN,EMR,Eastern Mediterranean,YEAR,2024,TOBACCO_INDICATOR,TOBACCO_INDICATOR_R_excise_retail_price_base,,,,,,,Yes,,,,,2025-08-20T09:41:26Z,2024,2024-01-01,2024-12-31
1683281,TOBACCO_MPOWER_R_TAXSTRUCTURE,COUNTRY,DEU,EUR,Europe,YEAR,2024,TOBACCO_INDICATOR,TOBACCO_INDICATOR_R_excise_retail_price_base,,,,,,,Yes,,,,,2025-08-20T09:41:26Z,2024,2024-01-01,2024-12-31
1683393,TOBACCO_MPOWER_R_TAXSTRUCTURE,COUNTRY,SLB,WPR,Western Pacific,YEAR,2024,TOBACCO_INDICATOR,TOBACCO_INDICATOR_R_excise_specific_reliance,,,,,,,—,,,,,2025-08-20T09:41:26Z,2024,2024-01-01,2024-12-31
1688176,TOBACCO_MPOWER_R_TAXSTRUCTURE,COUNTRY,MYS,WPR,Western Pacific,YEAR,2024,TOBACCO_INDICATOR,TOBACCO_INDICATOR_R_htp_excise_type_sticks,,,,,,,. . .,,,,,2025-08-20T09:41:26Z,2024,2024-01-01,2024-12-31
1690042,TOBACCO_MPOWER_R_TAXSTRUCTURE,COUNTRY,BHS,AMR,Americas,YEAR,2024,TOBACCO_INDICATOR,TOBACCO_INDICATOR_R_eliquid_excise_nicotine,,,,,,,. . .,,,,,2025-08-20T09:41:26Z,2024,2024-01-01,2024-12-31
1695058,TOBACCO_MPOWER_R_TAXSTRUCTURE,COUNTRY,ATG,AMR,Americas,YEAR,2024,TOBACCO_INDICATOR,TOBACCO_INDICATOR_R_afford_price_dispersion,,,,,,,40,40,,,,2025-08-20T09:41:26Z,2024,2024-01-01,2024-12-31
1695187,TOBACCO_MPOWER_R_TAXSTRUCTURE,COUNTRY,RUS,EUR,Europe,YEAR,2024,TOBACCO_INDICATOR,TOBACCO_INDICATOR_R_excise_type,,,,,,,Mixed,,,,,2025-08-20T09:41:26Z,2024,2024-01-01,2024-12-31
1705780,TOBACCO_MPOWER_R_TAXSTRUCTURE,COUNTRY,NRU,WPR,Western Pacific,YEAR,2024,TOBACCO_INDICATOR,TOBACCO_INDICATOR_R_excise_uniform_varied,,,,,,,—,,,,,2025-08-20T09:41:26Z,2024,2024-01-01,2024-12-31
1705899,TOBACCO_MPOWER_R_TAXSTRUCTURE,COUNTRY,SLE,AFR,Africa,YEAR,2024,TOBACCO_INDICATOR,TOBACCO_INDICATOR_R_eliquid_excise_device,,,,,,,. . .,,,,,2025-08-20T09:41:26Z,2024,2024-01-01,2024-12-31
1709818,TOBACCO_MPOWER_R_TAXSTRUCTURE,COUNTRY,ETH,AFR,Africa,YEAR,2024,TOBACCO_INDICATOR,TOBACCO_INDICATOR_R_excise_retail_price_base,,,,,,,No,,,,,2025-08-20T09:41:26Z,2024,2024-01-01,2024-12-31
1713450,TOBACCO_MPOWER_R_TAXSTRUCTURE,COUNTRY,KIR,WPR,Western Pacific,YEAR,2024,TOBACCO_INDICATOR,TOBACCO_INDICATOR_R_excise_type,,,,,,,Specific,,,,,2025-08-20T09:41:26Z,2024,2024-01-01,2024-12-31
1716721,TOBACCO_MPOWER_R_TAXSTRUCTURE,COUNTRY,MKD,EUR,Europe,YEAR,2024,TOBACCO_INDICATOR,TOBACCO_INDICATOR_R_excise_uniform_varied,,,,,,,Yes,,,,,2025-08-20T09:41:26Z,2024,2024-01-01,2024-12-31
1720148,TOBACCO_MPOWER_R_TAXSTRUCTURE,COUNTRY,CHL,AMR,Americas,YEAR,2024,TOBACCO_INDICATOR,TOBACCO_INDICATOR_R_eliquid_excise_type,,,,,,,. . .,,,,,2025-08-20T09:41:26Z,2024,2024-01-01,2024-12-31
1720203,TOBACCO_MPOWER_R_TAXSTRUCTURE,COUNTRY,SWZ,AFR,Africa,YEAR,2024,TOBACCO_INDICATOR,TOBACCO_INDICATOR_R_excise_min_specific,,,,,,,—,,,,,2025-08-20T09:41:26Z,2024,2024-01-01,2024-12-31
1721553,TOBACCO_MPOWER_R_TAXSTRUCTURE,COUNTRY,BLR,EUR,Europe,YEAR,2024,TOBACCO_INDICATOR,TOBACCO_INDICATOR_R_excise_retail_price_base,,,,,,,—,,,,,2025-08-20T09:41:26Z,2024,2024-01-01,2024-12-31
1721858,TOBACCO_MPOWER_R_TAXSTRUCTURE,COUNTRY,PRT,EUR,Europe,YEAR,2024,TOBACCO_INDICATOR,TOBACCO_INDICATOR_R_excise_type,,,,,,,Mixed,,,,,2025-08-20T09:41:26Z,2024,2024-01-01,2024-12-31
1725226,TOBACCO_MPOWER_R_TAXSTRUCTURE,COUNTRY,MDA,EUR,Europe,YEAR,2024,TOBACCO_INDICATOR,TOBACCO_INDICATOR_R_excise_uniform_varied,,,,,,,Yes,,,,,2025-08-20T09:41:26Z,2024,2024-01-01,2024-12-31
1726216,TOBACCO_MPOWER_R_TAXSTRUCTURE,COUNTRY,PAK,EMR,Eastern Mediterranean,YEAR,2024,TOBACCO_INDICATOR,TOBACCO_INDICATOR_R_excise_min_specific,,,,,,,—,,,,,2025-08-20T09:41:26Z,2024,2024-01-01,2024-12-31
1737366,TOBACCO_MPOWER_R_TAXSTRUCTURE,COUNTRY,ZMB,AFR,Africa,YEAR,2024,TOBACCO_INDICATOR,TOBACCO_INDICATOR_R_eliquid_excise_nicotine,,,,,,,. . .,,,,,2025-08-20T09:41:26Z,2024,2024-01-01,2024-12-31
1742045,TOBACCO_MPOWER_R_TAXSTRUCTURE,COUNTRY,ESP,EUR,Europe,YEAR,2024,TOBACCO_INDICATOR,TOBACCO_INDICATOR_R_afford_tax_auto_adjust,,,,,,,No,,,,,2025-08-20T09:41:26Z,2024,2024-01-01,2024-12-31
1748253,TOBACCO_MPOWER_R_TAXSTRUCTURE,COUNTRY,LSO,AFR,Africa,YEAR,2024,TOBACCO_INDICATOR,TOBACCO_INDICATOR_R_eliquid_excise_nicotine,,,,,,,. . .,,,,,2025-08-20T09:41:26Z,2024,2024-01-01,2024-12-31
1750147,TOBACCO_MPOWER_R_TAXSTRUCTURE,COUNTRY,ERI,AFR,Africa,YEAR,2024,TOBACCO_INDICATOR,TOBACCO_INDICATOR_R_eliquid_excise_device,,,,,,,. . .,,,,,2025-08-20T09:41:26Z,2024,2024-01-01,2024-12-31
1750826,TOBACCO_MPOWER_R_TAXSTRUCTURE,COUNTRY,BOL,AMR,Americas,YEAR,2024,TOBACCO_INDICATOR,TOBACCO_INDICATOR_R_afford_tax_auto_adjust,,,,,,,No,,,,"Although there is no automatic update, the Bolivian tax authority (SIN) updates the rates for cigarettes and tobacco products based on the Housing promotion unit (UFV) through a national regulatory resolution of the board.",2025-08-20T09:41:26Z,2024,2024-01-01,2024-12-31
1752300,TOBACCO_MPOWER_R_TAXSTRUCTURE,COUNTRY,NER,AFR,Africa,YEAR,2024,TOBACCO_INDICATOR,TOBACCO_INDICATOR_R_afford_price_gap_decreased,,,,,,,Yes,,,,,2025-08-20T09:41:26Z,2024,2024-01-01,2024-12-31
1753406,TOBACCO_MPOWER_R_TAXSTRUCTURE,COUNTRY,VEN,AMR,Americas,YEAR,2024,TOBACCO_INDICATOR,TOBACCO_INDICATOR_R_excise_uniform_varied,,,,,,,Yes,,,,Data not validated by the national authorities.,2025-08-20T09:41:26Z,2024,2024-01-01,2024-12-31
1758044,TOBACCO_MPOWER_R_TAXSTRUCTURE,COUNTRY,MDV,SEAR,South-East Asia,YEAR,2024,TOBACCO_INDICATOR,TOBACCO_INDICATOR_R_afford_price_dispersion,,,,,,,. . .,,,,,2025-08-20T09:41:26Z,2024,2024-01-01,2024-12-31
1760153,TOBACCO_MPOWER_R_TAXSTRUCTURE,COUNTRY,KNA,AMR,Americas,YEAR,2024,TOBACCO_INDICATOR,TOBACCO_INDICATOR_R_excise_uniform_varied,,,,,,,Yes,,,,,2025-08-20T09:41:26Z,2024,2024-01-01,2024-12-31
1763522,TOBACCO_MPOWER_R_TAXSTRUCTURE,COUNTRY,JOR,EMR,Eastern Mediterranean,YEAR,2024,TOBACCO_INDICATOR,TOBACCO_INDICATOR_R_excise_retail_price_base,,,,,,,—,,,,,2025-08-20T09:41:26Z,2024,2024-01-01,2024-12-31
1769510,TOBACCO_MPOWER_R_TAXSTRUCTURE,COUNTRY,ETH,AFR,Africa,YEAR,2024,TOBACCO_INDICATOR,TOBACCO_INDICATOR_R_htp_excise_device,,,,,,,—,,,,,2025-08-20T09:41:26Z,2024,2024-01-01,2024-12-31
1769723,TOBACCO_MPOWER_R_TAXSTRUCTURE,COUNTRY,MDV,SEAR,South-East Asia,YEAR,2024,TOBACCO_INDICATOR,TOBACCO_INDICATOR_R_eliquid_excise_nicotine,,,,,,,—,,,,,2025-08-20T09:41:26Z,2024,2024-01-01,2024-12-31
1776993,TOBACCO_MPOWER_R_TAXSTRUCTURE,COUNTRY,LKA,SEAR,South-East Asia,YEAR,2024,TOBACCO_INDICATOR,TOBACCO_INDICATOR_R_afford_price_dispersion,,,,,,,23.33,23.33,,,,2025-08-20T09:41:26Z,2024,2024-01-01,2024-12-31
1780730,TOBACCO_MPOWER_R_TAXSTRUCTURE,COUNTRY,MCO,EUR,Europe,YEAR,2024,TOBACCO_INDICATOR,TOBACCO_INDICATOR_R_excise_type,,,,,,,No excise,,,,,2025-08-20T09:41:26Z,2024,2024-01-01,2024-12-31
1782281,TOBACCO_MPOWER_R_TAXSTRUCTURE,COUNTRY,COK,WPR,Western Pacific,YEAR,2024,TOBACCO_INDICATOR,TOBACCO_INDICATOR_R_excise_specific_reliance,,,,,,,—,,,,,2025-08-20T09:41:26Z,2024,2024-01-01,2024-12-31
1788296,TOBACCO_MPOWER_R_TAXSTRUCTURE,COUNTRY,COD,AFR,Africa,YEAR,2024,TOBACCO_INDICATOR,TOBACCO_INDICATOR_R_afford_price_gap_decreased,,,,,,,No,,,,,2025-08-20T09:41:26Z,2024,2024-01-01,2024-12-31
1788642,TOBACCO_MPOWER_R_TAXSTRUCTURE,COUNTRY,MHL,WPR,Western Pacific,YEAR,2024,TOBACCO_INDICATOR,TOBACCO_INDICATOR_R_htp_excise_type_sticks,,,,,,,. . .,,,,,2025-08-20T09:41:26Z,2024,2024-01-01,2024-12-31
1792830,TOBACCO_MPOWER_R_TAXSTRUCTURE,COUNTRY,FRA,EUR,Europe,YEAR,2024,TOBACCO_INDICATOR,TOBACCO_INDICATOR_R_eliquid_excise_device,,,,,,,—,,,,,2025-08-20T09:41:26Z,2024,2024-01-01,2024-12-31
1799135,TOBACCO_MPOWER_R_TAXSTRUCTURE,COUNTRY,NZL,WPR,Western Pacific,YEAR,2024,TOBACCO_INDICATOR,TOBACCO_INDICATOR_R_excise_uniform_varied,,,,,,,Yes,,,,,2025-08-20T09:41:26Z,2024,2024-01-01,2024-12-31
1801157,TOBACCO_MPOWER_R_TAXSTRUCTURE,COUNTRY,MRT,AFR,Africa,YEAR,2024,TOBACCO_INDICATOR,TOBACCO_INDICATOR_R_htp_excise_type_sticks,,,,,,,. . .,,,,,2025-08-20T09:41:26Z,2024,2024-01-01,2024-12-31
1803520,TOBACCO_MPOWER_R_TAXSTRUCTURE,COUNTRY,IRQ,EMR,Eastern Mediterranean,YEAR,2024,TOBACCO_INDICATOR,TOBACCO_INDICATOR_R_excise_uniform_varied,,,,,,,—,,,,,2025-08-20T09:41:26Z,2024,2024-01-01,2024-12-31
1806771,TOBACCO_MPOWER_R_TAXSTRUCTURE,COUNTRY,SUR,AMR,Americas,YEAR,2024,TOBACCO_INDICATOR,TOBACCO_INDICATOR_R_eliquid_excise_device,,,,,,,—,,,,,2025-08-20T09:41:26Z,2024,2024-01-01,2024-12-31
1812393,TOBACCO_MPOWER_R_TAXSTRUCTURE,COUNTRY,LBN,EMR,Eastern Mediterranean,YEAR,2024,TOBACCO_INDICATOR,TOBACCO_INDICATOR_R_eliquid_excise_type,,,,,,,Ad valorem,,,,,2025-08-20T09:41:26Z,2024,2024-01-01,2024-12-31
1818352,TOBACCO_MPOWER_R_TAXSTRUCTURE,COUNTRY,VNM,WPR,Western Pacific,YEAR,2024,TOBACCO_INDICATOR,TOBACCO_INDICATOR_R_excise_uniform_varied,,,,,,,Yes,,,,,2025-08-20T09:41:26Z,2024,2024-01-01,2024-12-31
1822746,TOBACCO_MPOWER_R_TAXSTRUCTURE,COUNTRY,TZA,AFR,Africa,YEAR,2024,TOBACCO_INDICATOR,TOBACCO_INDICATOR_R_excise_specific_reliance,,,,,,,—,,,,,2025-08-20T09:41:26Z,2024,2024-01-01,2024-12-31
1826646,TOBACCO_MPOWER_R_TAXSTRUCTURE,COUNTRY,SSD,AFR,Africa,YEAR,2024,TOBACCO_INDICATOR,TOBACCO_INDICATOR_R_eliquid_excise_device,,,,,,,. . .,,,,,2025-08-20T09:41:26Z,2024,2024-01-01,2024-12-31
1826820,TOBACCO_MPOWER_R_TAXSTRUCTURE,COUNTRY,KGZ,EUR,Europe,YEAR,2024,TOBACCO_INDICATOR,TOBACCO_INDICATOR_R_afford_price_gap_decreased,,,,,,,Yes,,,,,2025-08-20T09:41:26Z,2024,2024-01-01,2024-12-31
1828284,TOBACCO_MPOWER_R_TAXSTRUCTURE,COUNTRY,HRV,EUR,Europe,YEAR,2024,TOBACCO_INDICATOR,TOBACCO_INDICATOR_R_htp_excise_type_sticks,,,,,,,Specific,,,,A specific tax with value 0 HRK/ml applies to all e-liquids.,2025-08-20T09:41:26Z,2024,2024-01-01,2024-12-31
1829196,TOBACCO_MPOWER_R_TAXSTRUCTURE,COUNTRY,NIC,AMR,Americas,YEAR,2024,TOBACCO_INDICATOR,TOBACCO_INDICATOR_R_htp_excise_device,,,,,,,. . .,,,,,2025-08-20T09:41:26Z,2024,2024-01-01,2024-12-31
1830243,TOBACCO_MPOWER_R_TAXSTRUCTURE,COUNTRY,ECU,AMR,Americas,YEAR,2024,TOBACCO_INDICATOR,TOBACCO_INDICATOR_R_htp_excise_device,,,,,,,No,,,,,2025-08-20T09:41:26Z,2024,2024-01-01,2024-12-31
1831684,TOBACCO_MPOWER_R_TAXSTRUCTURE,COUNTRY,JAM,AMR,Americas,YEAR,2024,TOBACCO_INDICATOR,TOBACCO_INDICATOR_R_htp_excise_type_sticks,,,,,,,. . .,,,,,2025-08-20T09:41:26Z,2024,2024-01-01,2024-12-31
1836396,TOBACCO_MPOWER_R_TAXSTRUCTURE,COUNTRY,TGO,AFR,Africa,YEAR,2024,TOBACCO_INDICATOR,TOBACCO_INDICATOR_R_min_price_policy,,,,,,,No,,,,,2025-08-20T09:41:26Z,2024,2024-01-01,2024-12-31
1845853,TOBACCO_MPOWER_R_TAXSTRUCTURE,COUNTRY,SMR,EUR,Europe,YEAR,2024,TOBACCO_INDICATOR,TOBACCO_INDICATOR_R_htp_excise_device,,,,,,,. . .,,,,,2025-08-20T09:41:26Z,2024,2024-01-01,2024-12-31
1847537,TOBACCO_MPOWER_R_TAXSTRUCTURE,COUNTRY,KWT,EMR,Eastern Mediterranean,YEAR,2024,TOBACCO_INDICATOR,TOBACCO_INDICATOR_R_eliquid_excise_nicotine,,,,,,,—,,,,,2025-08-20T09:41:26Z,2024,2024-01-01,2024-12-31
1853308,TOBACCO_MPOWER_R_TAXSTRUCTURE,COUNTRY,PAN,AMR,Americas,YEAR,2024,TOBACCO_INDICATOR,TOBACCO_INDICATOR_R_excise_specific_reliance,,,,,,,—,,,,,2025-08-20T09:41:26Z,2024,2024-01-01,2024-12-31
1855187,TOBACCO_MPOWER_R_TAXSTRUCTURE,COUNTRY,BLR,EUR,Europe,YEAR,2024,TOBACCO_INDICATOR,TOBACCO_INDICATOR_R_excise_min_specific,,,,,,,—,,,,,2025-08-20T09:41:26Z,2024,2024-01-01,2024-12-31
1858267,TOBACCO_MPOWER_R_TAXSTRUCTURE,COUNTRY,AGO,AFR,Africa,YEAR,2024,TOBACCO_INDICATOR,TOBACCO_INDICATOR_R_afford_price_dispersion,,,,,,,28.57,28.57,,,,2025-08-20T09:41:26Z,2024,2024-01-01,2024-12-31
1858528,TOBACCO_MPOWER_R_TAXSTRUCTURE,COUNTRY,ESP,EUR,Europe,YEAR,2024,TOBACCO_INDICATOR,TOBACCO_INDICATOR_R_min_price_policy,,,,,,,No,,,,,2025-08-20T09:41:26Z,2024,2024-01-01,2024-12-31
1862029,TOBACCO_MPOWER_R_TAXSTRUCTURE,COUNTRY,PRT,EUR,Europe,YEAR,2024,TOBACCO_INDICATOR,TOBACCO_INDICATOR_R_afford_price_dispersion,,,,,,,81.36,81.36,,,,2025-08-20T09:41:26Z,2024,2024-01-01,2024-12-31
1862839,TOBACCO_MPOWER_R_TAXSTRUCTURE,COUNTRY,TUR,EUR,Europe,YEAR,2024,TOBACCO_INDICATOR,TOBACCO_INDICATOR_R_eliquid_excise_nicotine,,,,,,,—,,,,,2025-08-20T09:41:26Z,2024,2024-01-01,2024-12-31
1866212,TOBACCO_MPOWER_R_TAXSTRUCTURE,COUNTRY,TUR,EUR,Europe,YEAR,2024,TOBACCO_INDICATOR,TOBACCO_INDICATOR_R_afford_price_gap_decreased,,,,,,,Yes,,,,,2025-08-20T09:41:26Z,2024,2024-01-01,2024-12-31
1870223,TOBACCO_MPOWER_R_TAXSTRUCTURE,COUNTRY,SRB,EUR,Europe,YEAR,2024,TOBACCO_INDICATOR,TOBACCO_INDICATOR_R_afford_price_dispersion,,,,,,,73.91,73.91,,,,2025-08-20T09:41:26Z,2024,2024-01-01,2024-12-31
1874236,TOBACCO_MPOWER_R_TAXSTRUCTURE,COUNTRY,NER,AFR,Africa,YEAR,2024,TOBACCO_INDICATOR,TOBACCO_INDICATOR_R_excise_min_specific,,,,,,,No,,,,,2025-08-20T09:41:26Z,2024,2024-01-01,2024-12-31
1877334,TOBACCO_MPOWER_R_TAXSTRUCTURE,COUNTRY,SGP,WPR,Western Pacific,YEAR,2024,TOBACCO_INDICATOR,TOBACCO_INDICATOR_R_afford_tax_auto_adjust,,,,,,,No,,,,,2025-08-20T09:41:26Z,2024,2024-01-01,2024-12-31
1883670,TOBACCO_MPOWER_R_TAXSTRUCTURE,COUNTRY,TLS,SEAR,South-East Asia,YEAR,2024,TOBACCO_INDICATOR,TOBACCO_INDICATOR_R_htp_excise_device,,,,,,,—,,,,,2025-08-20T09:41:26Z,2024,2024-01-01,2024-12-31
1904185,TOBACCO_MPOWER_R_TAXSTRUCTURE,COUNTRY,SWZ,AFR,Africa,YEAR,2024,TOBACCO_INDICATOR,TOBACCO_INDICATOR_R_excise_specific_reliance,,,,,,,—,,,,,2025-08-20T09:41:26Z,2024,2024-01-01,2024-12-31
1905451,TOBACCO_MPOWER_R_TAXSTRUCTURE,COUNTRY,LSO,AFR,Africa,YEAR,2024,TOBACCO_INDICATOR,TOBACCO_INDICATOR_R_afford_price_dispersion,,,,,,,. . .,,,,,2025-08-20T09:41:26Z,2024,2024-01-01,2024-12-31
1916860,TOBACCO_MPOWER_R_TAXSTRUCTURE,COUNTRY,TKM,EUR,Europe,YEAR,2024,TOBACCO_INDICATOR,TOBACCO_INDICATOR_R_excise_min_specific,,,,,,,Yes,,,,,2025-08-20T09:41:26Z,2024,2024-01-01,2024-12-31
1921532,TOBACCO_MPOWER_R_TAXSTRUCTURE,COUNTRY,VEN,AMR,Americas,YEAR,2024,TOBACCO_INDICATOR,TOBACCO_INDICATOR_R_afford_price_dispersion,,,,,,,56.67,56.67,,,Data not validated by the national authorities.,2025-08-20T09:41:26Z,2024,2024-01-01,2024-12-31
1922562,TOBACCO_MPOWER_R_TAXSTRUCTURE,COUNTRY,LKA,SEAR,South-East Asia,YEAR,2024,TOBACCO_INDICATOR,TOBACCO_INDICATOR_R_htp_excise_device,,,,,,,—,,,,,2025-08-20T09:41:26Z,2024,2024-01-01,2024-12-31
1926503,TOBACCO_MPOWER_R_TAXSTRUCTURE,COUNTRY,SWZ,AFR,Africa,YEAR,2024,TOBACCO_INDICATOR,TOBACCO_INDICATOR_R_htp_excise_device,,,,,,,. . .,,,,,2025-08-20T09:41:26Z,2024,2024-01-01,2024-12-31
1941773,TOBACCO_MPOWER_R_TAXSTRUCTURE,COUNTRY,ATG,AMR,Americas,YEAR,2024,TOBACCO_INDICATOR,TOBACCO_INDICATOR_R_afford_price_gap_decreased,,,,,,,No,,,,,2025-08-20T09:41:26Z,2024,2024-01-01,2024-12-31
1942189,TOBACCO_MPOWER_R_TAXSTRUCTURE,COUNTRY,IRL,EUR,Europe,YEAR,2024,TOBACCO_INDICATOR,TOBACCO_INDICATOR_R_eliquid_excise_type,,,,,,,No excise,,,,,2025-08-20T09:41:26Z,2024,2024-01-01,2024-12-31
1945510,TOBACCO_MPOWER_R_TAXSTRUCTURE,COUNTRY,PRK,SEAR,South-East Asia,YEAR,2024,TOBACCO_INDICATOR,TOBACCO_INDICATOR_R_excise_uniform_varied,,,,,,,—,,,,,2025-08-20T09:41:26Z,2024,2024-01-01,2024-12-31
1952430,TOBACCO_MPOWER_R_TAXSTRUCTURE,COUNTRY,ARE,EMR,Eastern Mediterranean,YEAR,2024,TOBACCO_INDICATOR,TOBACCO_INDICATOR_R_afford_price_gap_decreased,,,,,,,Yes,,,,,2025-08-20T09:41:26Z,2024,2024-01-01,2024-12-31
1955455,TOBACCO_MPOWER_R_TAXSTRUCTURE,COUNTRY,CAF,AFR,Africa,YEAR,2024,TOBACCO_INDICATOR,TOBACCO_INDICATOR_R_htp_excise_type_sticks,,,,,,,. . .,,,,,2025-08-20T09:41:26Z,2024,2024-01-01,2024-12-31
1956217,TOBACCO_MPOWER_R_TAXSTRUCTURE,COUNTRY,USA,AMR,Americas,YEAR,2024,TOBACCO_INDICATOR,TOBACCO_INDICATOR_R_afford_tax_auto_adjust,,,,,,,No,,,,,2025-08-20T09:41:26Z,2024,2024-01-01,2024-12-31
1975173,TOBACCO_MPOWER_R_TAXSTRUCTURE,COUNTRY,TLS,SEAR,South-East Asia,YEAR,2024,TOBACCO_INDICATOR,TOBACCO_INDICATOR_R_afford_tax_auto_adjust,,,,,,,No,,,,,2025-08-20T09:41:26Z,2024,2024-01-01,2024-12-31
1982490,TOBACCO_MPOWER_R_TAXSTRUCTURE,COUNTRY,CRI,AMR,Americas,YEAR,2024,TOBACCO_INDICATOR,TOBACCO_INDICATOR_R_excise_type,,,,,,,Mixed,,,,,2025-08-20T09:41:26Z,2024,2024-01-01,2024-12-31
1983347,TOBACCO_MPOWER_R_TAXSTRUCTURE,COUNTRY,ARM,EUR,Europe,YEAR,2024,TOBACCO_INDICATOR,TOBACCO_INDICATOR_R_afford_price_dispersion,,,,,,,35,35,,,,2025-08-20T09:41:26Z,2024,2024-01-01,2024-12-31
1986034,TOBACCO_MPOWER_R_TAXSTRUCTURE,COUNTRY,AFG,EMR,Eastern Mediterranean,YEAR,2024,TOBACCO_INDICATOR,TOBACCO_INDICATOR_R_excise_min_specific,,,,,,,. . .,,,,,2025-08-20T09:41:26Z,2024,2024-01-01,2024-12-31
1990351,TOBACCO_MPOWER_R_TAXSTRUCTURE,COUNTRY,KHM,WPR,Western Pacific,YEAR,2024,TOBACCO_INDICATOR,TOBACCO_INDICATOR_R_eliquid_excise_nicotine,,,,,,,—,,,,,2025-08-20T09:41:26Z,2024,2024-01-01,2024-12-31
1992769,TOBACCO_MPOWER_R_TAXSTRUCTURE,COUNTRY,EST,EUR,Europe,YEAR,2024,TOBACCO_INDICATOR,TOBACCO_INDICATOR_R_afford_tax_auto_adjust,,,,,,,No,,,,,2025-08-20T09:41:26Z,2024,2024-01-01,2024-12-31
1993971,TOBACCO_MPOWER_R_TAXSTRUCTURE,COUNTRY,TGO,AFR,Africa,YEAR,2024,TOBACCO_INDICATOR,TOBACCO_INDICATOR_R_excise_type,,,,,,,Ad valorem,,,,,2025-08-20T09:41:26Z,2024,2024-01-01,2024-12-31
1995435,TOBACCO_MPOWER_R_TAXSTRUCTURE,COUNTRY,UZB,EUR,Europe,YEAR,2024,TOBACCO_INDICATOR,TOBACCO_INDICATOR_R_afford_price_dispersion,,,,,,,80.56,80.56,,,,2025-08-20T09:41:26Z,2024,2024-01-01,2024-12-31
1998259,TOBACCO_MPOWER_R_TAXSTRUCTURE,COUNTRY,SWZ,AFR,Africa,YEAR,2024,TOBACCO_INDICATOR,TOBACCO_INDICATOR_R_eliquid_excise_nicotine,,,,,,,. . .,,,,,2025-08-20T09:41:26Z,2024,2024-01-01,2024-12-31
2001711,TOBACCO_MPOWER_R_TAXSTRUCTURE,COUNTRY,PLW,WPR,Western Pacific,YEAR,2024,TOBACCO_INDICATOR,TOBACCO_INDICATOR_R_eliquid_excise_nicotine,,,,,,,. . .,,,,,2025-08-20T09:41:26Z,2024,2024-01-01,2024-12-31
2007915,TOBACCO_MPOWER_R_TAXSTRUCTURE,COUNTRY,COL,AMR,Americas,YEAR,2024,TOBACCO_INDICATOR,TOBACCO_INDICATOR_R_excise_specific_reliance,,,,,,,Yes,,,,,2025-08-20T09:41:26Z,2024,2024-01-01,2024-12-31
2010655,TOBACCO_MPOWER_R_TAXSTRUCTURE,COUNTRY,MAR,EMR,Eastern Mediterranean,YEAR,2024,TOBACCO_INDICATOR,TOBACCO_INDICATOR_R_excise_min_specific,,,,,,,Yes,,,,,2025-08-20T09:41:26Z,2024,2024-01-01,2024-12-31
2011038,TOBACCO_MPOWER_R_TAXSTRUCTURE,COUNTRY,SYC,AFR,Africa,YEAR,2024,TOBACCO_INDICATOR,TOBACCO_INDICATOR_R_excise_min_specific,,,,,,,—,,,,,2025-08-20T09:41:26Z,2024,2024-01-01,2024-12-31
2012406,TOBACCO_MPOWER_R_TAXSTRUCTURE,COUNTRY,GMB,AFR,Africa,YEAR,2024,TOBACCO_INDICATOR,TOBACCO_INDICATOR_R_eliquid_excise_nicotine,,,,,,,—,,,,,2025-08-20T09:41:26Z,2024,2024-01-01,2024-12-31
2013287,TOBACCO_MPOWER_R_TAXSTRUCTURE,COUNTRY,DEU,EUR,Europe,YEAR,2024,TOBACCO_INDICATOR,TOBACCO_INDICATOR_R_afford_price_gap_decreased,,,,,,,No,,,,,2025-08-20T09:41:26Z,2024,2024-01-01,2024-12-31
2013362,TOBACCO_MPOWER_R_TAXSTRUCTURE,COUNTRY,GEO,EUR,Europe,YEAR,2024,TOBACCO_INDICATOR,TOBACCO_INDICATOR_R_excise_specific_reliance,,,,,,,No,,,,,2025-08-20T09:41:26Z,2024,2024-01-01,2024-12-31
2014450,TOBACCO_MPOWER_R_TAXSTRUCTURE,COUNTRY,BRN,WPR,Western Pacific,YEAR,2024,TOBACCO_INDICATOR,TOBACCO_INDICATOR_R_excise_min_specific,,,,,,,—,,,,,2025-08-20T09:41:26Z,2024,2024-01-01,2024-12-31
2015880,TOBACCO_MPOWER_R_TAXSTRUCTURE,COUNTRY,FSM,WPR,Western Pacific,YEAR,2024,TOBACCO_INDICATOR,TOBACCO_INDICATOR_R_excise_min_specific,,,,,,,—,,,,,2025-08-20T09:41:26Z,2024,2024-01-01,2024-12-31
2016757,TOBACCO_MPOWER_R_TAXSTRUCTURE,COUNTRY,ISR,EUR,Europe,YEAR,2024,TOBACCO_INDICATOR,TOBACCO_INDICATOR_R_afford_tax_auto_adjust,,,,,,,Yes,,,,,2025-08-20T09:41:26Z,2024,2024-01-01,2024-12-31
2018144,TOBACCO_MPOWER_R_TAXSTRUCTURE,COUNTRY,PNG,WPR,Western Pacific,YEAR,2024,TOBACCO_INDICATOR,TOBACCO_INDICATOR_R_htp_excise_device,,,,,,,. . .,,,,,2025-08-20T09:41:26Z,2024,2024-01-01,2024-12-31
2020416,TOBACCO_MPOWER_R_TAXSTRUCTURE,COUNTRY,HTI,AMR,Americas,YEAR,2024,TOBACCO_INDICATOR,TOBACCO_INDICATOR_R_afford_price_gap_decreased,,,,,,,. . .,,,,,2025-08-20T09:41:26Z,2024,2024-01-01,2024-12-31
2030018,TOBACCO_MPOWER_R_TAXSTRUCTURE,COUNTRY,VNM,WPR,Western Pacific,YEAR,2024,TOBACCO_INDICATOR,TOBACCO_INDICATOR_R_eliquid_excise_type,,,,,,,—,,,,,2025-08-20T09:41:26Z,2024,2024-01-01,2024-12-31
2034482,TOBACCO_MPOWER_R_TAXSTRUCTURE,COUNTRY,PAN,AMR,Americas,YEAR,2024,TOBACCO_INDICATOR,TOBACCO_INDICATOR_R_excise_type,,,,,,,Ad valorem,,,,,2025-08-20T09:41:26Z,2024,2024-01-01,2024-12-31
2035633,TOBACCO_MPOWER_R_TAXSTRUCTURE,COUNTRY,SAU,EMR,Eastern Mediterranean,YEAR,2024,TOBACCO_INDICATOR,TOBACCO_INDICATOR_R_excise_retail_price_base,,,,,,,Yes,,,,,2025-08-20T09:41:26Z,2024,2024-01-01,2024-12-31
2039969,TOBACCO_MPOWER_R_TAXSTRUCTURE,COUNTRY,MUS,AFR,Africa,YEAR,2024,TOBACCO_INDICATOR,TOBACCO_INDICATOR_R_htp_excise_type_sticks,,,,,,,—,,,,,2025-08-20T09:41:26Z,2024,2024-01-01,2024-12-31
2042945,TOBACCO_MPOWER_R_TAXSTRUCTURE,COUNTRY,MOZ,AFR,Africa,YEAR,2024,TOBACCO_INDICATOR,TOBACCO_INDICATOR_R_htp_excise_type_sticks,,,,,,,. . .,,,,,2025-08-20T09:41:26Z,2024,2024-01-01,2024-12-31
2046263,TOBACCO_MPOWER_R_TAXSTRUCTURE,COUNTRY,NLD,EUR,Europe,YEAR,2024,TOBACCO_INDICATOR,TOBACCO_INDICATOR_R_eliquid_excise_device,,,,,,,—,,,,,2025-08-20T09:41:26Z,2024,2024-01-01,2024-12-31
2046662,TOBACCO_MPOWER_R_TAXSTRUCTURE,COUNTRY,ITA,EUR,Europe,YEAR,2024,TOBACCO_INDICATOR,TOBACCO_INDICATOR_R_excise_type,,,,,,,Mixed,,,,,2025-08-20T09:41:26Z,2024,2024-01-01,2024-12-31
2054482,TOBACCO_MPOWER_R_TAXSTRUCTURE,COUNTRY,NGA,AFR,Africa,YEAR,2024,TOBACCO_INDICATOR,TOBACCO_INDICATOR_R_eliquid_excise_device,,,,,,,—,,,,,2025-08-20T09:41:26Z,2024,2024-01-01,2024-12-31
2056009,TOBACCO_MPOWER_R_TAXSTRUCTURE,COUNTRY,MMR,SEAR,South-East Asia,YEAR,2024,TOBACCO_INDICATOR,TOBACCO_INDICATOR_R_afford_price_dispersion,,,,,,,11.76,11.76,,,,2025-08-20T09:41:26Z,2024,2024-01-01,2024-12-31
2061020,TOBACCO_MPOWER_R_TAXSTRUCTURE,COUNTRY,NER,AFR,Africa,YEAR,2024,TOBACCO_INDICATOR,TOBACCO_INDICATOR_R_excise_specific_reliance,,,,,,,—,,,,,2025-08-20T09:41:26Z,2024,2024-01-01,2024-12-31
2073254,TOBACCO_MPOWER_R_TAXSTRUCTURE,COUNTRY,BLR,EUR,Europe,YEAR,2024,TOBACCO_INDICATOR,TOBACCO_INDICATOR_R_excise_uniform_varied,,,,,,,No,,,,,2025-08-20T09:41:26Z,2024,2024-01-01,2024-12-31
2081107,TOBACCO_MPOWER_R_TAXSTRUCTURE,COUNTRY,KHM,WPR,Western Pacific,YEAR,2024,TOBACCO_INDICATOR,TOBACCO_INDICATOR_R_eliquid_excise_device,,,,,,,—,,,,,2025-08-20T09:41:26Z,2024,2024-01-01,2024-12-31
2083227,TOBACCO_MPOWER_R_TAXSTRUCTURE,COUNTRY,BLR,EUR,Europe,YEAR,2024,TOBACCO_INDICATOR,TOBACCO_INDICATOR_R_eliquid_excise_device,,,,,,,Yes,,,,,2025-08-20T09:41:26Z,2024,2024-01-01,2024-12-31
2085073,TOBACCO_MPOWER_R_TAXSTRUCTURE,COUNTRY,TZA,AFR,Africa,YEAR,2024,TOBACCO_INDICATOR,TOBACCO_INDICATOR_R_excise_uniform_varied,,,,,,,No,,,,,2025-08-20T09:41:26Z,2024,2024-01-01,2024-12-31
2101977,TOBACCO_MPOWER_R_TAXSTRUCTURE,COUNTRY,PRK,SEAR,South-East Asia,YEAR,2024,TOBACCO_INDICATOR,TOBACCO_INDICATOR_R_htp_excise_device,,,,,,,. . .,,,,,2025-08-20T09:41:26Z,2024,2024-01-01,2024-12-31
2105509,TOBACCO_MPOWER_R_TAXSTRUCTURE,COUNTRY,BFA,AFR,Africa,YEAR,2024,TOBACCO_INDICATOR,TOBACCO_INDICATOR_R_eliquid_excise_type,,,,,,,. . .,,,,,2025-08-20T09:41:26Z,2024,2024-01-01,2024-12-31
2107767,TOBACCO_MPOWER_R_TAXSTRUCTURE,COUNTRY,SUR,AMR,Americas,YEAR,2024,TOBACCO_INDICATOR,TOBACCO_INDICATOR_R_afford_price_gap_decreased,,,,,,,Yes,,,,,2025-08-20T09:41:26Z,2024,2024-01-01,2024-12-31
2111046,TOBACCO_MPOWER_R_TAXSTRUCTURE,COUNTRY,PHL,WPR,Western Pacific,YEAR,2024,TOBACCO_INDICATOR,TOBACCO_INDICATOR_R_eliquid_excise_device,,,,,,,No,,,,,2025-08-20T09:41:26Z,2024,2024-01-01,2024-12-31
2113585,TOBACCO_MPOWER_R_TAXSTRUCTURE,COUNTRY,BRN,WPR,Western Pacific,YEAR,2024,TOBACCO_INDICATOR,TOBACCO_INDICATOR_R_excise_specific_reliance,,,,,,,—,,,,,2025-08-20T09:41:26Z,2024,2024-01-01,2024-12-31
2123810,TOBACCO_MPOWER_R_TAXSTRUCTURE,COUNTRY,CMR,AFR,Africa,YEAR,2024,TOBACCO_INDICATOR,TOBACCO_INDICATOR_R_excise_type,,,,,,,Ad valorem,,,,"The country imposes an ad valorem with minimum specific excise; in the case of the most sold brand, the minimum specific excise applies.",2025-08-20T09:41:26Z,2024,2024-01-01,2024-12-31
2126454,TOBACCO_MPOWER_R_TAXSTRUCTURE,COUNTRY,SLV,AMR,Americas,YEAR,2024,TOBACCO_INDICATOR,TOBACCO_INDICATOR_R_excise_min_specific,,,,,,,No,,,,,2025-08-20T09:41:26Z,2024,2024-01-01,2024-12-31
2126995,TOBACCO_MPOWER_R_TAXSTRUCTURE,COUNTRY,PAN,AMR,Americas,YEAR,2024,TOBACCO_INDICATOR,TOBACCO_INDICATOR_R_eliquid_excise_nicotine,,,,,,,—,,,,,2025-08-20T09:41:26Z,2024,2024-01-01,2024-12-31
2136151,TOBACCO_MPOWER_R_TAXSTRUCTURE,COUNTRY,TGO,AFR,Africa,YEAR,2024,TOBACCO_INDICATOR,TOBACCO_INDICATOR_R_eliquid_excise_nicotine,,,,,,,. . .,,,,,2025-08-20T09:41:26Z,2024,2024-01-01,2024-12-31
2138420,TOBACCO_MPOWER_R_TAXSTRUCTURE,COUNTRY,BHS,AMR,Americas,YEAR,2024,TOBACCO_INDICATOR,TOBACCO_INDICATOR_R_eliquid_excise_device,,,,,,,. . .,,,,,2025-08-20T09:41:26Z,2024,2024-01-01,2024-12-31
2139795,TOBACCO_MPOWER_R_TAXSTRUCTURE,COUNTRY,COL,AMR,Americas,YEAR,2024,TOBACCO_INDICATOR,TOBACCO_INDICATOR_R_htp_excise_type_sticks,,,,,,,Mixed,,,,,2025-08-20T09:41:26Z,2024,2024-01-01,2024-12-31
2141770,TOBACCO_MPOWER_R_TAXSTRUCTURE,COUNTRY,CMR,AFR,Africa,YEAR,2024,TOBACCO_INDICATOR,TOBACCO_INDICATOR_R_excise_retail_price_base,,,,,,,No,,,,,2025-08-20T09:41:26Z,2024,2024-01-01,2024-12-31
2145507,TOBACCO_MPOWER_R_TAXSTRUCTURE,COUNTRY,USA,AMR,Americas,YEAR,2024,TOBACCO_INDICATOR,TOBACCO_INDICATOR_R_min_price_policy,,,,,,,No,,,,,2025-08-20T09:41:26Z,2024,2024-01-01,2024-12-31
2146068,TOBACCO_MPOWER_R_TAXSTRUCTURE,COUNTRY,LBY,EMR,Eastern Mediterranean,YEAR,2024,TOBACCO_INDICATOR,TOBACCO_INDICATOR_R_afford_price_dispersion,,,,,,,11.54,11.54,,,,2025-08-20T09:41:26Z,2024,2024-01-01,2024-12-31
2151569,TOBACCO_MPOWER_R_TAXSTRUCTURE,COUNTRY,GTM,AMR,Americas,YEAR,2024,TOBACCO_INDICATOR,TOBACCO_INDICATOR_R_eliquid_excise_nicotine,,,,,,,—,,,,,2025-08-20T09:41:26Z,2024,2024-01-01,2024-12-31
2153099,TOBACCO_MPOWER_R_TAXSTRUCTURE,COUNTRY,DMA,AMR,Americas,YEAR,2024,TOBACCO_INDICATOR,TOBACCO_INDICATOR_R_excise_min_specific,,,,,,,—,,,,,2025-08-20T09:41:26Z,2024,2024-01-01,2024-12-31
2155613,TOBACCO_MPOWER_R_TAXSTRUCTURE,COUNTRY,PHL,WPR,Western Pacific,YEAR,2024,TOBACCO_INDICATOR,TOBACCO_INDICATOR_R_htp_excise_device,,,,,,,No,,,,,2025-08-20T09:41:26Z,2024,2024-01-01,2024-12-31
2157459,TOBACCO_MPOWER_R_TAXSTRUCTURE,COUNTRY,JOR,EMR,Eastern Mediterranean,YEAR,2024,TOBACCO_INDICATOR,TOBACCO_INDICATOR_R_afford_price_dispersion,,,,,,,65.38,65.38,,,,2025-08-20T09:41:26Z,2024,2024-01-01,2024-12-31
2174736,TOBACCO_MPOWER_R_TAXSTRUCTURE,COUNTRY,HND,AMR,Americas,YEAR,2024,TOBACCO_INDICATOR,TOBACCO_INDICATOR_R_excise_type,,,,,,,Specific,,,,,2025-08-20T09:41:26Z,2024,2024-01-01,2024-12-31
2175978,TOBACCO_MPOWER_R_TAXSTRUCTURE,COUNTRY,MUS,AFR,Africa,YEAR,2024,TOBACCO_INDICATOR,TOBACCO_INDICATOR_R_excise_retail_price_base,,,,,,,—,,,,,2025-08-20T09:41:26Z,2024,2024-01-01,2024-12-31
2179424,TOBACCO_MPOWER_R_TAXSTRUCTURE,COUNTRY,NOR,EUR,Europe,YEAR,2024,TOBACCO_INDICATOR,TOBACCO_INDICATOR_R_eliquid_excise_device,,,,,,,—,,,,,2025-08-20T09:41:26Z,2024,2024-01-01,2024-12-31
2180176,TOBACCO_MPOWER_R_TAXSTRUCTURE,COUNTRY,BLZ,AMR,Americas,YEAR,2024,TOBACCO_INDICATOR,TOBACCO_INDICATOR_R_eliquid_excise_nicotine,,,,,,,—,,,,,2025-08-20T09:41:26Z,2024,2024-01-01,2024-12-31
2182626,TOBACCO_MPOWER_R_TAXSTRUCTURE,COUNTRY,GHA,AFR,Africa,YEAR,2024,TOBACCO_INDICATOR,TOBACCO_INDICATOR_R_htp_excise_device,,,,,,,. . .,,,,,2025-08-20T09:41:26Z,2024,2024-01-01,2024-12-31
2182822,TOBACCO_MPOWER_R_TAXSTRUCTURE,COUNTRY,COK,WPR,Western Pacific,YEAR,2024,TOBACCO_INDICATOR,TOBACCO_INDICATOR_R_afford_price_gap_decreased,,,,,,,. . .,,,,,2025-08-20T09:41:26Z,2024,2024-01-01,2024-12-31
2184288,TOBACCO_MPOWER_R_TAXSTRUCTURE,COUNTRY,UKR,EUR,Europe,YEAR,2024,TOBACCO_INDICATOR,TOBACCO_INDICATOR_R_excise_type,,,,,,,Mixed,,,,,2025-08-20T09:41:26Z,2024,2024-01-01,2024-12-31
2190263,TOBACCO_MPOWER_R_TAXSTRUCTURE,COUNTRY,KAZ,EUR,Europe,YEAR,2024,TOBACCO_INDICATOR,TOBACCO_INDICATOR_R_htp_excise_type_sticks,,,,,,,Specific,,,,,2025-08-20T09:41:26Z,2024,2024-01-01,2024-12-31
2190994,TOBACCO_MPOWER_R_TAXSTRUCTURE,COUNTRY,TUV,WPR,Western Pacific,YEAR,2024,TOBACCO_INDICATOR,TOBACCO_INDICATOR_R_afford_price_dispersion,,,,,,,. . .,,,,,2025-08-20T09:41:26Z,2024,2024-01-01,2024-12-31
2191200,TOBACCO_MPOWER_R_TAXSTRUCTURE,COUNTRY,PAN,AMR,Americas,YEAR,2024,TOBACCO_INDICATOR,TOBACCO_INDICATOR_R_eliquid_excise_device,,,,,,,—,,,,,2025-08-20T09:41:26Z,2024,2024-01-01,2024-12-31
2197101,TOBACCO_MPOWER_R_TAXSTRUCTURE,COUNTRY,ERI,AFR,Africa,YEAR,2024,TOBACCO_INDICATOR,TOBACCO_INDICATOR_R_excise_specific_reliance,,,,,,,—,,,,,2025-08-20T09:41:26Z,2024,2024-01-01,2024-12-31
2201032,TOBACCO_MPOWER_R_TAXSTRUCTURE,COUNTRY,NLD,EUR,Europe,YEAR,2024,TOBACCO_INDICATOR,TOBACCO_INDICATOR_R_htp_excise_type_sticks,,,,,,,Specific,,,,,2025-08-20T09:41:26Z,2024,2024-01-01,2024-12-31
2209161,TOBACCO_MPOWER_R_TAXSTRUCTURE,COUNTRY,GHA,AFR,Africa,YEAR,2024,TOBACCO_INDICATOR,TOBACCO_INDICATOR_R_excise_specific_reliance,,,,,,,Yes,,,,,2025-08-20T09:41:26Z,2024,2024-01-01,2024-12-31
2212462,TOBACCO_MPOWER_R_TAXSTRUCTURE,COUNTRY,BGR,EUR,Europe,YEAR,2024,TOBACCO_INDICATOR,TOBACCO_INDICATOR_R_afford_price_dispersion,,,,,,,80.3,80.3,,,,2025-08-20T09:41:26Z,2024,2024-01-01,2024-12-31
2214862,TOBACCO_MPOWER_R_TAXSTRUCTURE,COUNTRY,HRV,EUR,Europe,YEAR,2024,TOBACCO_INDICATOR,TOBACCO_INDICATOR_R_min_price_policy,,,,,,,No,,,,,2025-08-20T09:41:26Z,2024,2024-01-01,2024-12-31
2216767,TOBACCO_MPOWER_R_TAXSTRUCTURE,COUNTRY,CPV,AFR,Africa,YEAR,2024,TOBACCO_INDICATOR,TOBACCO_INDICATOR_R_eliquid_excise_type,,,,,,,. . .,,,,,2025-08-20T09:41:26Z,2024,2024-01-01,2024-12-31
2218293,TOBACCO_MPOWER_R_TAXSTRUCTURE,COUNTRY,NIC,AMR,Americas,YEAR,2024,TOBACCO_INDICATOR,TOBACCO_INDICATOR_R_afford_tax_auto_adjust,,,,,,,. . .,,,,,2025-08-20T09:41:26Z,2024,2024-01-01,2024-12-31
2221425,TOBACCO_MPOWER_R_TAXSTRUCTURE,COUNTRY,EGY,EMR,Eastern Mediterranean,YEAR,2024,TOBACCO_INDICATOR,TOBACCO_INDICATOR_R_excise_type,,,,,,,Mixed,,,,,2025-08-20T09:41:26Z,2024,2024-01-01,2024-12-31
2222909,TOBACCO_MPOWER_R_TAXSTRUCTURE,COUNTRY,GUY,AMR,Americas,YEAR,2024,TOBACCO_INDICATOR,TOBACCO_INDICATOR_R_eliquid_excise_device,,,,,,,. . .,,,,,2025-08-20T09:41:26Z,2024,2024-01-01,2024-12-31
2224998,TOBACCO_MPOWER_R_TAXSTRUCTURE,COUNTRY,USA,AMR,Americas,YEAR,2024,TOBACCO_INDICATOR,TOBACCO_INDICATOR_R_afford_price_dispersion,,,,,,,. . .,,,,,2025-08-20T09:41:26Z,2024,2024-01-01,2024-12-31
2226610,TOBACCO_MPOWER_R_TAXSTRUCTURE,COUNTRY,MNE,EUR,Europe,YEAR,2024,TOBACCO_INDICATOR,TOBACCO_INDICATOR_R_afford_tax_auto_adjust,,,,,,,Yes,,,,,2025-08-20T09:41:26Z,2024,2024-01-01,2024-12-31
2227549,TOBACCO_MPOWER_R_TAXSTRUCTURE,COUNTRY,ISR,EUR,Europe,YEAR,2024,TOBACCO_INDICATOR,TOBACCO_INDICATOR_R_eliquid_excise_type,,,,,,,Mixed,,,,,2025-08-20T09:41:26Z,2024,2024-01-01,2024-12-31
2227999,TOBACCO_MPOWER_R_TAXSTRUCTURE,COUNTRY,GHA,AFR,Africa,YEAR,2024,TOBACCO_INDICATOR,TOBACCO_INDICATOR_R_excise_min_specific,,,,,,,No,,,,,2025-08-20T09:41:26Z,2024,2024-01-01,2024-12-31
2231101,TOBACCO_MPOWER_R_TAXSTRUCTURE,COUNTRY,BRB,AMR,Americas,YEAR,2024,TOBACCO_INDICATOR,TOBACCO_INDICATOR_R_excise_retail_price_base,,,,,,,—,,,,,2025-08-20T09:41:26Z,2024,2024-01-01,2024-12-31
2236678,TOBACCO_MPOWER_R_TAXSTRUCTURE,COUNTRY,DOM,AMR,Americas,YEAR,2024,TOBACCO_INDICATOR,TOBACCO_INDICATOR_R_excise_type,,,,,,,Mixed,,,,,2025-08-20T09:41:26Z,2024,2024-01-01,2024-12-31
2238341,TOBACCO_MPOWER_R_TAXSTRUCTURE,COUNTRY,BHR,EMR,Eastern Mediterranean,YEAR,2024,TOBACCO_INDICATOR,TOBACCO_INDICATOR_R_excise_min_specific,,,,,,,Yes,,,,,2025-08-20T09:41:26Z,2024,2024-01-01,2024-12-31
2244704,TOBACCO_MPOWER_R_TAXSTRUCTURE,COUNTRY,MDA,EUR,Europe,YEAR,2024,TOBACCO_INDICATOR,TOBACCO_INDICATOR_R_afford_tax_auto_adjust,,,,,,,Yes,,,,,2025-08-20T09:41:26Z,2024,2024-01-01,2024-12-31
2247648,TOBACCO_MPOWER_R_TAXSTRUCTURE,COUNTRY,LUX,EUR,Europe,YEAR,2024,TOBACCO_INDICATOR,TOBACCO_INDICATOR_R_eliquid_excise_device,,,,,,,—,,,,,2025-08-20T09:41:26Z,2024,2024-01-01,2024-12-31
2250354,TOBACCO_MPOWER_R_TAXSTRUCTURE,COUNTRY,PRT,EUR,Europe,YEAR,2024,TOBACCO_INDICATOR,TOBACCO_INDICATOR_R_afford_price_gap_decreased,,,,,,,Yes,,,,,2025-08-20T09:41:26Z,2024,2024-01-01,2024-12-31
2251911,TOBACCO_MPOWER_R_TAXSTRUCTURE,COUNTRY,LBY,EMR,Eastern Mediterranean,YEAR,2024,TOBACCO_INDICATOR,TOBACCO_INDICATOR_R_afford_tax_auto_adjust,,,,,,,—,,,,,2025-08-20T09:41:26Z,2024,2024-01-01,2024-12-31
2258586,TOBACCO_MPOWER_R_TAXSTRUCTURE,COUNTRY,CAF,AFR,Africa,YEAR,2024,TOBACCO_INDICATOR,TOBACCO_INDICATOR_R_afford_tax_auto_adjust,,,,,,,No,,,,,2025-08-20T09:41:26Z,2024,2024-01-01,2024-12-31
2261429,TOBACCO_MPOWER_R_TAXSTRUCTURE,COUNTRY,SEN,AFR,Africa,YEAR,2024,TOBACCO_INDICATOR,TOBACCO_INDICATOR_R_excise_min_specific,,,,,,,No,,,,,2025-08-20T09:41:26Z,2024,2024-01-01,2024-12-31
2271862,TOBACCO_MPOWER_R_TAXSTRUCTURE,COUNTRY,PER,AMR,Americas,YEAR,2024,TOBACCO_INDICATOR,TOBACCO_INDICATOR_R_afford_price_gap_decreased,,,,,,,Yes,,,,,2025-08-20T09:41:26Z,2024,2024-01-01,2024-12-31
2278874,TOBACCO_MPOWER_R_TAXSTRUCTURE,COUNTRY,TUN,EMR,Eastern Mediterranean,YEAR,2024,TOBACCO_INDICATOR,TOBACCO_INDICATOR_R_afford_price_gap_decreased,,,,,,,. . .,,,,,2025-08-20T09:41:26Z,2024,2024-01-01,2024-12-31
2284735,TOBACCO_MPOWER_R_TAXSTRUCTURE,COUNTRY,USA,AMR,Americas,YEAR,2024,TOBACCO_INDICATOR,TOBACCO_INDICATOR_R_excise_retail_price_base,,,,,,,—,,,,,2025-08-20T09:41:26Z,2024,2024-01-01,2024-12-31
2284919,TOBACCO_MPOWER_R_TAXSTRUCTURE,COUNTRY,VUT,WPR,Western Pacific,YEAR,2024,TOBACCO_INDICATOR,TOBACCO_INDICATOR_R_eliquid_excise_device,,,,,,,—,,,,,2025-08-20T09:41:26Z,2024,2024-01-01,2024-12-31
2285410,TOBACCO_MPOWER_R_TAXSTRUCTURE,COUNTRY,NPL,SEAR,South-East Asia,YEAR,2024,TOBACCO_INDICATOR,TOBACCO_INDICATOR_R_afford_tax_auto_adjust,,,,,,,No,,,,,2025-08-20T09:41:26Z,2024,2024-01-01,2024-12-31
2286409,TOBACCO_MPOWER_R_TAXSTRUCTURE,COUNTRY,ARE,EMR,Eastern Mediterranean,YEAR,2024,TOBACCO_INDICATOR,TOBACCO_INDICATOR_R_htp_excise_device,,,,,,,Yes,,,,,2025-08-20T09:41:26Z,2024,2024-01-01,2024-12-31
2287691,TOBACCO_MPOWER_R_TAXSTRUCTURE,COUNTRY,COM,AFR,Africa,YEAR,2024,TOBACCO_INDICATOR,TOBACCO_INDICATOR_R_afford_price_gap_decreased,,,,,,,No,,,,,2025-08-20T09:41:26Z,2024,2024-01-01,2024-12-31
2291067,TOBACCO_MPOWER_R_TAXSTRUCTURE,COUNTRY,SOM,EMR,Eastern Mediterranean,YEAR,2024,TOBACCO_INDICATOR,TOBACCO_INDICATOR_R_htp_excise_device,,,,,,,. . .,,,,,2025-08-20T09:41:26Z,2024,2024-01-01,2024-12-31
2296836,TOBACCO_MPOWER_R_TAXSTRUCTURE,COUNTRY,SVK,EUR,Europe,YEAR,2024,TOBACCO_INDICATOR,TOBACCO_INDICATOR_R_excise_uniform_varied,,,,,,,Yes,,,,,2025-08-20T09:41:26Z,2024,2024-01-01,2024-12-31
2318077,TOBACCO_MPOWER_R_TAXSTRUCTURE,COUNTRY,NGA,AFR,Africa,YEAR,2024,TOBACCO_INDICATOR,TOBACCO_INDICATOR_R_excise_specific_reliance,,,,,,,No,,,,,2025-08-20T09:41:26Z,2024,2024-01-01,2024-12-31
2320170,TOBACCO_MPOWER_R_TAXSTRUCTURE,COUNTRY,EST,EUR,Europe,YEAR,2024,TOBACCO_INDICATOR,TOBACCO_INDICATOR_R_afford_price_dispersion,,,,,,,85.34,85.34,,,,2025-08-20T09:41:26Z,2024,2024-01-01,2024-12-31
2332411,TOBACCO_MPOWER_R_TAXSTRUCTURE,COUNTRY,LUX,EUR,Europe,YEAR,2024,TOBACCO_INDICATOR,TOBACCO_INDICATOR_R_afford_price_gap_decreased,,,,,,,No,,,,,2025-08-20T09:41:26Z,2024,2024-01-01,2024-12-31
2334319,TOBACCO_MPOWER_R_TAXSTRUCTURE,COUNTRY,TCD,AFR,Africa,YEAR,2024,TOBACCO_INDICATOR,TOBACCO_INDICATOR_R_afford_tax_auto_adjust,,,,,,,No,,,,,2025-08-20T09:41:26Z,2024,2024-01-01,2024-12-31
2336024,TOBACCO_MPOWER_R_TAXSTRUCTURE,COUNTRY,SWZ,AFR,Africa,YEAR,2024,TOBACCO_INDICATOR,TOBACCO_INDICATOR_R_min_price_policy,,,,,,,No,,,,,2025-08-20T09:41:26Z,2024,2024-01-01,2024-12-31
2339217,TOBACCO_MPOWER_R_TAXSTRUCTURE,COUNTRY,SRB,EUR,Europe,YEAR,2024,TOBACCO_INDICATOR,TOBACCO_INDICATOR_R_afford_tax_auto_adjust,,,,,,,Yes,,,,,2025-08-20T09:41:26Z,2024,2024-01-01,2024-12-31
2340684,TOBACCO_MPOWER_R_TAXSTRUCTURE,COUNTRY,AFG,EMR,Eastern Mediterranean,YEAR,2024,TOBACCO_INDICATOR,TOBACCO_INDICATOR_R_eliquid_excise_nicotine,,,,,,,. . .,,,,,2025-08-20T09:41:26Z,2024,2024-01-01,2024-12-31
2342101,TOBACCO_MPOWER_R_TAXSTRUCTURE,COUNTRY,GUY,AMR,Americas,YEAR,2024,TOBACCO_INDICATOR,TOBACCO_INDICATOR_R_eliquid_excise_type,,,,,,,. . .,,,,,2025-08-20T09:41:26Z,2024,2024-01-01,2024-12-31
2347075,TOBACCO_MPOWER_R_TAXSTRUCTURE,COUNTRY,MDV,SEAR,South-East Asia,YEAR,2024,TOBACCO_INDICATOR,TOBACCO_INDICATOR_R_afford_tax_auto_adjust,,,,,,,—,,,,,2025-08-20T09:41:26Z,2024,2024-01-01,2024-12-31
2353736,TOBACCO_MPOWER_R_TAXSTRUCTURE,COUNTRY,TLS,SEAR,South-East Asia,YEAR,2024,TOBACCO_INDICATOR,TOBACCO_INDICATOR_R_eliquid_excise_nicotine,,,,,,,—,,,,,2025-08-20T09:41:26Z,2024,2024-01-01,2024-12-31
2359861,TOBACCO_MPOWER_R_TAXSTRUCTURE,COUNTRY,LBN,EMR,Eastern Mediterranean,YEAR,2024,TOBACCO_INDICATOR,TOBACCO_INDICATOR_R_afford_tax_auto_adjust,,,,,,,No,,,,,2025-08-20T09:41:26Z,2024,2024-01-01,2024-12-31
2364428,TOBACCO_MPOWER_R_TAXSTRUCTURE,COUNTRY,VUT,WPR,Western Pacific,YEAR,2024,TOBACCO_INDICATOR,TOBACCO_INDICATOR_R_afford_tax_auto_adjust,,,,,,,No,,,,,2025-08-20T09:41:26Z,2024,2024-01-01,2024-12-31
2365572,TOBACCO_MPOWER_R_TAXSTRUCTURE,COUNTRY,DOM,AMR,Americas,YEAR,2024,TOBACCO_INDICATOR,TOBACCO_INDICATOR_R_excise_specific_reliance,,,,,,,Yes,,,,,2025-08-20T09:41:26Z,2024,2024-01-01,2024-12-31
2365878,TOBACCO_MPOWER_R_TAXSTRUCTURE,COUNTRY,TUV,WPR,Western Pacific,YEAR,2024,TOBACCO_INDICATOR,TOBACCO_INDICATOR_R_eliquid_excise_type,,,,,,,. . .,,,,,2025-08-20T09:41:26Z,2024,2024-01-01,2024-12-31
2380378,TOBACCO_MPOWER_R_TAXSTRUCTURE,COUNTRY,MUS,AFR,Africa,YEAR,2024,TOBACCO_INDICATOR,TOBACCO_INDICATOR_R_eliquid_excise_device,,,,,,,—,,,,,2025-08-20T09:41:26Z,2024,2024-01-01,2024-12-31
2393564,TOBACCO_MPOWER_R_TAXSTRUCTURE,COUNTRY,NLD,EUR,Europe,YEAR,2024,TOBACCO_INDICATOR,TOBACCO_INDICATOR_R_excise_type,,,,,,,Mixed,,,,,2025-08-20T09:41:26Z,2024,2024-01-01,2024-12-31
2394976,TOBACCO_MPOWER_R_TAXSTRUCTURE,COUNTRY,CHE,EUR,Europe,YEAR,2024,TOBACCO_INDICATOR,TOBACCO_INDICATOR_R_afford_tax_auto_adjust,,,,,,,No,,,,,2025-08-20T09:41:26Z,2024,2024-01-01,2024-12-31
2426795,TOBACCO_MPOWER_R_TAXSTRUCTURE,COUNTRY,VNM,WPR,Western Pacific,YEAR,2024,TOBACCO_INDICATOR,TOBACCO_INDICATOR_R_afford_tax_auto_adjust,,,,,,,—,,,,,2025-08-20T09:41:26Z,2024,2024-01-01,2024-12-31
2429529,TOBACCO_MPOWER_R_TAXSTRUCTURE,COUNTRY,MLT,EUR,Europe,YEAR,2024,TOBACCO_INDICATOR,TOBACCO_INDICATOR_R_htp_excise_type_sticks,,,,,,,—,,,,,2025-08-20T09:41:26Z,2024,2024-01-01,2024-12-31
2431030,TOBACCO_MPOWER_R_TAXSTRUCTURE,COUNTRY,VCT,AMR,Americas,YEAR,2024,TOBACCO_INDICATOR,TOBACCO_INDICATOR_R_excise_retail_price_base,,,,,,,—,,,,,2025-08-20T09:41:26Z,2024,2024-01-01,2024-12-31
2441626,TOBACCO_MPOWER_R_TAXSTRUCTURE,COUNTRY,GNB,AFR,Africa,YEAR,2024,TOBACCO_INDICATOR,TOBACCO_INDICATOR_R_afford_price_gap_decreased,,,,,,,. . .,,,,,2025-08-20T09:41:26Z,2024,2024-01-01,2024-12-31
2444895,TOBACCO_MPOWER_R_TAXSTRUCTURE,COUNTRY,VUT,WPR,Western Pacific,YEAR,2024,TOBACCO_INDICATOR,TOBACCO_INDICATOR_R_excise_uniform_varied,,,,,,,Yes,,,,,2025-08-20T09:41:26Z,2024,2024-01-01,2024-12-31
2452816,TOBACCO_MPOWER_R_TAXSTRUCTURE,COUNTRY,LKA,SEAR,South-East Asia,YEAR,2024,TOBACCO_INDICATOR,TOBACCO_INDICATOR_R_eliquid_excise_type,,,,,,,—,,,,,2025-08-20T09:41:26Z,2024,2024-01-01,2024-12-31
2458818,TOBACCO_MPOWER_R_TAXSTRUCTURE,COUNTRY,ECU,AMR,Americas,YEAR,2024,TOBACCO_INDICATOR,TOBACCO_INDICATOR_R_eliquid_excise_device,,,,,,,No,,,,,2025-08-20T09:41:26Z,2024,2024-01-01,2024-12-31
2460584,TOBACCO_MPOWER_R_TAXSTRUCTURE,COUNTRY,SLE,AFR,Africa,YEAR,2024,TOBACCO_INDICATOR,TOBACCO_INDICATOR_R_eliquid_excise_type,,,,,,,. . .,,,,,2025-08-20T09:41:26Z,2024,2024-01-01,2024-12-31
2463891,TOBACCO_MPOWER_R_TAXSTRUCTURE,COUNTRY,ECU,AMR,Americas,YEAR,2024,TOBACCO_INDICATOR,TOBACCO_INDICATOR_R_excise_retail_price_base,,,,,,,—,,,,,2025-08-20T09:41:26Z,2024,2024-01-01,2024-12-31
2464515,TOBACCO_MPOWER_R_TAXSTRUCTURE,COUNTRY,MRT,AFR,Africa,YEAR,2024,TOBACCO_INDICATOR,TOBACCO_INDICATOR_R_afford_price_dispersion,,,,,,,. . .,,,,,2025-08-20T09:41:26Z,2024,2024-01-01,2024-12-31
2467291,TOBACCO_MPOWER_R_TAXSTRUCTURE,COUNTRY,NIC,AMR,Americas,YEAR,2024,TOBACCO_INDICATOR,TOBACCO_INDICATOR_R_excise_min_specific,,,,,,,. . .,,,,,2025-08-20T09:41:26Z,2024,2024-01-01,2024-12-31
2471202,TOBACCO_MPOWER_R_TAXSTRUCTURE,COUNTRY,YEM,EMR,Eastern Mediterranean,YEAR,2024,TOBACCO_INDICATOR,TOBACCO_INDICATOR_R_afford_price_dispersion,,,,,,,28.79,28.79,,,,2025-08-20T09:41:26Z,2024,2024-01-01,2024-12-31
2471728,TOBACCO_MPOWER_R_TAXSTRUCTURE,COUNTRY,GMB,AFR,Africa,YEAR,2024,TOBACCO_INDICATOR,TOBACCO_INDICATOR_R_excise_retail_price_base,,,,,,,No,,,,,2025-08-20T09:41:26Z,2024,2024-01-01,2024-12-31
2484463,TOBACCO_MPOWER_R_TAXSTRUCTURE,COUNTRY,BIH,EUR,Europe,YEAR,2024,TOBACCO_INDICATOR,TOBACCO_INDICATOR_R_afford_tax_auto_adjust,,,,,,,No,,,,,2025-08-20T09:41:26Z,2024,2024-01-01,2024-12-31
2487278,TOBACCO_MPOWER_R_TAXSTRUCTURE,COUNTRY,BIH,EUR,Europe,YEAR,2024,TOBACCO_INDICATOR,TOBACCO_INDICATOR_R_eliquid_excise_nicotine,,,,,,,—,,,,,2025-08-20T09:41:26Z,2024,2024-01-01,2024-12-31
2488194,TOBACCO_MPOWER_R_TAXSTRUCTURE,COUNTRY,MOZ,AFR,Africa,YEAR,2024,TOBACCO_INDICATOR,TOBACCO_INDICATOR_R_excise_uniform_varied,,,,,,,Yes,,,,,2025-08-20T09:41:26Z,2024,2024-01-01,2024-12-31
2488553,TOBACCO_MPOWER_R_TAXSTRUCTURE,COUNTRY,SUR,AMR,Americas,YEAR,2024,TOBACCO_INDICATOR,TOBACCO_INDICATOR_R_min_price_policy,,,,,,,No,,,,,2025-08-20T09:41:26Z,2024,2024-01-01,2024-12-31
2492008,TOBACCO_MPOWER_R_TAXSTRUCTURE,COUNTRY,IRN,EMR,Eastern Mediterranean,YEAR,2024,TOBACCO_INDICATOR,TOBACCO_INDICATOR_R_excise_retail_price_base,,,,,,,—,,,,,2025-08-20T09:41:26Z,2024,2024-01-01,2024-12-31
2492229,TOBACCO_MPOWER_R_TAXSTRUCTURE,COUNTRY,AZE,EUR,Europe,YEAR,2024,TOBACCO_INDICATOR,TOBACCO_INDICATOR_R_min_price_policy,,,,,,,No,,,,,2025-08-20T09:41:26Z,2024,2024-01-01,2024-12-31
2492791,TOBACCO_MPOWER_R_TAXSTRUCTURE,COUNTRY,OMN,EMR,Eastern Mediterranean,YEAR,2024,TOBACCO_INDICATOR,TOBACCO_INDICATOR_R_afford_price_dispersion,,,,,,,58.33,58.33,,,,2025-08-20T09:41:26Z,2024,2024-01-01,2024-12-31
2497710,TOBACCO_MPOWER_R_TAXSTRUCTURE,COUNTRY,LCA,AMR,Americas,YEAR,2024,TOBACCO_INDICATOR,TOBACCO_INDICATOR_R_excise_retail_price_base,,,,,,,—,,,,,2025-08-20T09:41:26Z,2024,2024-01-01,2024-12-31
2498656,TOBACCO_MPOWER_R_TAXSTRUCTURE,COUNTRY,TKM,EUR,Europe,YEAR,2024,TOBACCO_INDICATOR,TOBACCO_INDICATOR_R_htp_excise_device,,,,,,,. . .,,,,,2025-08-20T09:41:26Z,2024,2024-01-01,2024-12-31
2501130,TOBACCO_MPOWER_R_TAXSTRUCTURE,COUNTRY,CMR,AFR,Africa,YEAR,2024,TOBACCO_INDICATOR,TOBACCO_INDICATOR_R_excise_uniform_varied,,,,,,,Yes,,,,,2025-08-20T09:41:26Z,2024,2024-01-01,2024-12-31
2504736,TOBACCO_MPOWER_R_TAXSTRUCTURE,COUNTRY,CRI,AMR,Americas,YEAR,2024,TOBACCO_INDICATOR,TOBACCO_INDICATOR_R_afford_price_dispersion,,,,,,,56,56,,,,2025-08-20T09:41:26Z,2024,2024-01-01,2024-12-31
2508095,TOBACCO_MPOWER_R_TAXSTRUCTURE,COUNTRY,ARE,EMR,Eastern Mediterranean,YEAR,2024,TOBACCO_INDICATOR,TOBACCO_INDICATOR_R_excise_specific_reliance,,,,,,,—,,,,,2025-08-20T09:41:26Z,2024,2024-01-01,2024-12-31
2509020,TOBACCO_MPOWER_R_TAXSTRUCTURE,COUNTRY,SLB,WPR,Western Pacific,YEAR,2024,TOBACCO_INDICATOR,TOBACCO_INDICATOR_R_eliquid_excise_nicotine,,,,,,,. . .,,,,,2025-08-20T09:41:26Z,2024,2024-01-01,2024-12-31
2511544,TOBACCO_MPOWER_R_TAXSTRUCTURE,COUNTRY,LUX,EUR,Europe,YEAR,2024,TOBACCO_INDICATOR,TOBACCO_INDICATOR_R_excise_min_specific,,,,,,,Yes,,,,,2025-08-20T09:41:26Z,2024,2024-01-01,2024-12-31
2520856,TOBACCO_MPOWER_R_TAXSTRUCTURE,COUNTRY,UGA,AFR,Africa,YEAR,2024,TOBACCO_INDICATOR,TOBACCO_INDICATOR_R_excise_retail_price_base,,,,,,,—,,,,,2025-08-20T09:41:26Z,2024,2024-01-01,2024-12-31
2528062,TOBACCO_MPOWER_R_TAXSTRUCTURE,COUNTRY,KAZ,EUR,Europe,YEAR,2024,TOBACCO_INDICATOR,TOBACCO_INDICATOR_R_excise_min_specific,,,,,,,—,,,,,2025-08-20T09:41:26Z,2024,2024-01-01,2024-12-31
2534517,TOBACCO_MPOWER_R_TAXSTRUCTURE,COUNTRY,GTM,AMR,Americas,YEAR,2024,TOBACCO_INDICATOR,TOBACCO_INDICATOR_R_eliquid_excise_type,,,,,,,No excise,,,,,2025-08-20T09:41:26Z,2024,2024-01-01,2024-12-31
2534873,TOBACCO_MPOWER_R_TAXSTRUCTURE,COUNTRY,BLR,EUR,Europe,YEAR,2024,TOBACCO_INDICATOR,TOBACCO_INDICATOR_R_min_price_policy,,,,,,,Yes,,,,,2025-08-20T09:41:26Z,2024,2024-01-01,2024-12-31
2537199,TOBACCO_MPOWER_R_TAXSTRUCTURE,COUNTRY,TCD,AFR,Africa,YEAR,2024,TOBACCO_INDICATOR,TOBACCO_INDICATOR_R_htp_excise_type_sticks,,,,,,,. . .,,,,,2025-08-20T09:41:26Z,2024,2024-01-01,2024-12-31
2539383,TOBACCO_MPOWER_R_TAXSTRUCTURE,COUNTRY,GIN,AFR,Africa,YEAR,2024,TOBACCO_INDICATOR,TOBACCO_INDICATOR_R_excise_min_specific,,,,,,,No,,,,,2025-08-20T09:41:26Z,2024,2024-01-01,2024-12-31
2539872,TOBACCO_MPOWER_R_TAXSTRUCTURE,COUNTRY,PHL,WPR,Western Pacific,YEAR,2024,TOBACCO_INDICATOR,TOBACCO_INDICATOR_R_htp_excise_type_sticks,,,,,,,. . .,,,,,2025-08-20T09:41:26Z,2024,2024-01-01,2024-12-31
2546607,TOBACCO_MPOWER_R_TAXSTRUCTURE,COUNTRY,THA,SEAR,South-East Asia,YEAR,2024,TOBACCO_INDICATOR,TOBACCO_INDICATOR_R_eliquid_excise_type,,,,,,,—,,,,,2025-08-20T09:41:26Z,2024,2024-01-01,2024-12-31
2554912,TOBACCO_MPOWER_R_TAXSTRUCTURE,COUNTRY,SOM,EMR,Eastern Mediterranean,YEAR,2024,TOBACCO_INDICATOR,TOBACCO_INDICATOR_R_excise_min_specific,,,,,,,—,,,,,2025-08-20T09:41:26Z,2024,2024-01-01,2024-12-31
2558878,TOBACCO_MPOWER_R_TAXSTRUCTURE,COUNTRY,LUX,EUR,Europe,YEAR,2024,TOBACCO_INDICATOR,TOBACCO_INDICATOR_R_htp_excise_device,,,,,,,. . .,,,,,2025-08-20T09:41:26Z,2024,2024-01-01,2024-12-31
2565191,TOBACCO_MPOWER_R_TAXSTRUCTURE,COUNTRY,BLR,EUR,Europe,YEAR,2024,TOBACCO_INDICATOR,TOBACCO_INDICATOR_R_eliquid_excise_type,,,,,,,Specific,,,,,2025-08-20T09:41:26Z,2024,2024-01-01,2024-12-31
2569515,TOBACCO_MPOWER_R_TAXSTRUCTURE,COUNTRY,MHL,WPR,Western Pacific,YEAR,2024,TOBACCO_INDICATOR,TOBACCO_INDICATOR_R_afford_price_gap_decreased,,,,,,,Yes,,,,,2025-08-20T09:41:26Z,2024,2024-01-01,2024-12-31
2576457,TOBACCO_MPOWER_R_TAXSTRUCTURE,COUNTRY,LBR,AFR,Africa,YEAR,2024,TOBACCO_INDICATOR,TOBACCO_INDICATOR_R_htp_excise_type_sticks,,,,,,,. . .,,,,,2025-08-20T09:41:26Z,2024,2024-01-01,2024-12-31
2579219,TOBACCO_MPOWER_R_TAXSTRUCTURE,COUNTRY,ESP,EUR,Europe,YEAR,2024,TOBACCO_INDICATOR,TOBACCO_INDICATOR_R_htp_excise_device,,,,,,,No,,,,,2025-08-20T09:41:26Z,2024,2024-01-01,2024-12-31
2581951,TOBACCO_MPOWER_R_TAXSTRUCTURE,COUNTRY,KAZ,EUR,Europe,YEAR,2024,TOBACCO_INDICATOR,TOBACCO_INDICATOR_R_eliquid_excise_nicotine,,,,,,,—,,,,,2025-08-20T09:41:26Z,2024,2024-01-01,2024-12-31
2586150,TOBACCO_MPOWER_R_TAXSTRUCTURE,COUNTRY,COG,AFR,Africa,YEAR,2024,TOBACCO_INDICATOR,TOBACCO_INDICATOR_R_excise_uniform_varied,,,,,,,Yes,,,,,2025-08-20T09:41:26Z,2024,2024-01-01,2024-12-31
2592447,TOBACCO_MPOWER_R_TAXSTRUCTURE,COUNTRY,EGY,EMR,Eastern Mediterranean,YEAR,2024,TOBACCO_INDICATOR,TOBACCO_INDICATOR_R_excise_min_specific,,,,,,,No,,,,,2025-08-20T09:41:26Z,2024,2024-01-01,2024-12-31
2596435,TOBACCO_MPOWER_R_TAXSTRUCTURE,COUNTRY,LBN,EMR,Eastern Mediterranean,YEAR,2024,TOBACCO_INDICATOR,TOBACCO_INDICATOR_R_eliquid_excise_device,,,,,,,No,,,,,2025-08-20T09:41:26Z,2024,2024-01-01,2024-12-31
2601369,TOBACCO_MPOWER_R_TAXSTRUCTURE,COUNTRY,FIN,EUR,Europe,YEAR,2024,TOBACCO_INDICATOR,TOBACCO_INDICATOR_R_afford_price_dispersion,,,,,,,69.4,69.4,,,,2025-08-20T09:41:26Z,2024,2024-01-01,2024-12-31
2603609,TOBACCO_MPOWER_R_TAXSTRUCTURE,COUNTRY,FSM,WPR,Western Pacific,YEAR,2024,TOBACCO_INDICATOR,TOBACCO_INDICATOR_R_afford_price_dispersion,,,,,,,. . .,,,,,2025-08-20T09:41:26Z,2024,2024-01-01,2024-12-31
2606084,TOBACCO_MPOWER_R_TAXSTRUCTURE,COUNTRY,CYP,EUR,Europe,YEAR,2024,TOBACCO_INDICATOR,TOBACCO_INDICATOR_R_afford_price_gap_decreased,,,,,,,No,,,,,2025-08-20T09:41:26Z,2024,2024-01-01,2024-12-31
2606537,TOBACCO_MPOWER_R_TAXSTRUCTURE,COUNTRY,COD,AFR,Africa,YEAR,2024,TOBACCO_INDICATOR,TOBACCO_INDICATOR_R_excise_min_specific,,,,,,,No,,,,,2025-08-20T09:41:26Z,2024,2024-01-01,2024-12-31
2608813,TOBACCO_MPOWER_R_TAXSTRUCTURE,COUNTRY,BEN,AFR,Africa,YEAR,2024,TOBACCO_INDICATOR,TOBACCO_INDICATOR_R_eliquid_excise_nicotine,,,,,,,. . .,,,,,2025-08-20T09:41:26Z,2024,2024-01-01,2024-12-31
2612330,TOBACCO_MPOWER_R_TAXSTRUCTURE,COUNTRY,VCT,AMR,Americas,YEAR,2024,TOBACCO_INDICATOR,TOBACCO_INDICATOR_R_excise_uniform_varied,,,,,,,Yes,,,,,2025-08-20T09:41:26Z,2024,2024-01-01,2024-12-31
2619594,TOBACCO_MPOWER_R_TAXSTRUCTURE,COUNTRY,UZB,EUR,Europe,YEAR,2024,TOBACCO_INDICATOR,TOBACCO_INDICATOR_R_htp_excise_type_sticks,,,,,,,Specific,,,,,2025-08-20T09:41:26Z,2024,2024-01-01,2024-12-31
2621324,TOBACCO_MPOWER_R_TAXSTRUCTURE,COUNTRY,IRL,EUR,Europe,YEAR,2024,TOBACCO_INDICATOR,TOBACCO_INDICATOR_R_eliquid_excise_nicotine,,,,,,,—,,,,,2025-08-20T09:41:26Z,2024,2024-01-01,2024-12-31
2624460,TOBACCO_MPOWER_R_TAXSTRUCTURE,COUNTRY,WSM,WPR,Western Pacific,YEAR,2024,TOBACCO_INDICATOR,TOBACCO_INDICATOR_R_excise_uniform_varied,,,,,,,Yes,,,,,2025-08-20T09:41:26Z,2024,2024-01-01,2024-12-31
2624910,TOBACCO_MPOWER_R_TAXSTRUCTURE,COUNTRY,KEN,AFR,Africa,YEAR,2024,TOBACCO_INDICATOR,TOBACCO_INDICATOR_R_excise_uniform_varied,,,,,,,No,,,,,2025-08-20T09:41:26Z,2024,2024-01-01,2024-12-31
2628665,TOBACCO_MPOWER_R_TAXSTRUCTURE,COUNTRY,LTU,EUR,Europe,YEAR,2024,TOBACCO_INDICATOR,TOBACCO_INDICATOR_R_htp_excise_type_sticks,,,,,,,Specific,,,,,2025-08-20T09:41:26Z,2024,2024-01-01,2024-12-31
2631814,TOBACCO_MPOWER_R_TAXSTRUCTURE,COUNTRY,GTM,AMR,Americas,YEAR,2024,TOBACCO_INDICATOR,TOBACCO_INDICATOR_R_eliquid_excise_device,,,,,,,—,,,,,2025-08-20T09:41:26Z,2024,2024-01-01,2024-12-31
2634804,TOBACCO_MPOWER_R_TAXSTRUCTURE,COUNTRY,RUS,EUR,Europe,YEAR,2024,TOBACCO_INDICATOR,TOBACCO_INDICATOR_R_eliquid_excise_nicotine,,,,,,,nicotine only,,,,,2025-08-20T09:41:26Z,2024,2024-01-01,2024-12-31
2640640,TOBACCO_MPOWER_R_TAXSTRUCTURE,COUNTRY,ATG,AMR,Americas,YEAR,2024,TOBACCO_INDICATOR,TOBACCO_INDICATOR_R_excise_uniform_varied,,,,,,,Yes,,,,,2025-08-20T09:41:26Z,2024,2024-01-01,2024-12-31
2640663,TOBACCO_MPOWER_R_TAXSTRUCTURE,COUNTRY,DZA,AFR,Africa,YEAR,2024,TOBACCO_INDICATOR,TOBACCO_INDICATOR_R_afford_price_gap_decreased,,,,,,,No,,,,,2025-08-20T09:41:26Z,2024,2024-01-01,2024-12-31
2646378,TOBACCO_MPOWER_R_TAXSTRUCTURE,COUNTRY,BEL,EUR,Europe,YEAR,2024,TOBACCO_INDICATOR,TOBACCO_INDICATOR_R_afford_price_dispersion,,,,,,,65.22,65.22,,,,2025-08-20T09:41:26Z,2024,2024-01-01,2024-12-31
2649595,TOBACCO_MPOWER_R_TAXSTRUCTURE,COUNTRY,MRT,AFR,Africa,YEAR,2024,TOBACCO_INDICATOR,TOBACCO_INDICATOR_R_excise_retail_price_base,,,,,,,No,,,,,2025-08-20T09:41:26Z,2024,2024-01-01,2024-12-31
2652303,TOBACCO_MPOWER_R_TAXSTRUCTURE,COUNTRY,ZAF,AFR,Africa,YEAR,2024,TOBACCO_INDICATOR,TOBACCO_INDICATOR_R_eliquid_excise_device,,,,,,,No,,,,,2025-08-20T09:41:26Z,2024,2024-01-01,2024-12-31
2674780,TOBACCO_MPOWER_R_TAXSTRUCTURE,COUNTRY,ZWE,AFR,Africa,YEAR,2024,TOBACCO_INDICATOR,TOBACCO_INDICATOR_R_excise_type,,,,,,,Mixed,,,,,2025-08-20T09:41:26Z,2024,2024-01-01,2024-12-31
2675590,TOBACCO_MPOWER_R_TAXSTRUCTURE,COUNTRY,PNG,WPR,Western Pacific,YEAR,2024,TOBACCO_INDICATOR,TOBACCO_INDICATOR_R_eliquid_excise_type,,,,,,,. . .,,,,,2025-08-20T09:41:26Z,2024,2024-01-01,2024-12-31
2682858,TOBACCO_MPOWER_R_TAXSTRUCTURE,COUNTRY,TTO,AMR,Americas,YEAR,2024,TOBACCO_INDICATOR,TOBACCO_INDICATOR_R_eliquid_excise_nicotine,,,,,,,. . .,,,,,2025-08-20T09:41:26Z,2024,2024-01-01,2024-12-31
2694781,TOBACCO_MPOWER_R_TAXSTRUCTURE,COUNTRY,BWA,AFR,Africa,YEAR,2024,TOBACCO_INDICATOR,TOBACCO_INDICATOR_R_htp_excise_type_sticks,,,,,,,. . .,,,,,2025-08-20T09:41:26Z,2024,2024-01-01,2024-12-31
2695167,TOBACCO_MPOWER_R_TAXSTRUCTURE,COUNTRY,LAO,WPR,Western Pacific,YEAR,2024,TOBACCO_INDICATOR,TOBACCO_INDICATOR_R_htp_excise_type_sticks,,,,,,,—,,,,,2025-08-20T09:41:26Z,2024,2024-01-01,2024-12-31
2699053,TOBACCO_MPOWER_R_TAXSTRUCTURE,COUNTRY,GTM,AMR,Americas,YEAR,2024,TOBACCO_INDICATOR,TOBACCO_INDICATOR_R_excise_retail_price_base,,,,,,,No,,,,,2025-08-20T09:41:26Z,2024,2024-01-01,2024-12-31
2701315,TOBACCO_MPOWER_R_TAXSTRUCTURE,COUNTRY,GRC,EUR,Europe,YEAR,2024,TOBACCO_INDICATOR,TOBACCO_INDICATOR_R_afford_price_dispersion,,,,,,,82.61,82.61,,,,2025-08-20T09:41:26Z,2024,2024-01-01,2024-12-31
2701830,TOBACCO_MPOWER_R_TAXSTRUCTURE,COUNTRY,COL,AMR,Americas,YEAR,2024,TOBACCO_INDICATOR,TOBACCO_INDICATOR_R_eliquid_excise_device,,,,,,,—,,,,,2025-08-20T09:41:26Z,2024,2024-01-01,2024-12-31
2703954,TOBACCO_MPOWER_R_TAXSTRUCTURE,COUNTRY,CUB,AMR,Americas,YEAR,2024,TOBACCO_INDICATOR,TOBACCO_INDICATOR_R_afford_price_dispersion,,,,,,,60,60,,,,2025-08-20T09:41:26Z,2024,2024-01-01,2024-12-31
2706503,TOBACCO_MPOWER_R_TAXSTRUCTURE,COUNTRY,JPN,WPR,Western Pacific,YEAR,2024,TOBACCO_INDICATOR,TOBACCO_INDICATOR_R_min_price_policy,,,,,,,No,,,,,2025-08-20T09:41:26Z,2024,2024-01-01,2024-12-31
2713677,TOBACCO_MPOWER_R_TAXSTRUCTURE,COUNTRY,SDN,EMR,Eastern Mediterranean,YEAR,2024,TOBACCO_INDICATOR,TOBACCO_INDICATOR_R_excise_retail_price_base,,,,,,,No,,,,,2025-08-20T09:41:26Z,2024,2024-01-01,2024-12-31
2716666,TOBACCO_MPOWER_R_TAXSTRUCTURE,COUNTRY,MWI,AFR,Africa,YEAR,2024,TOBACCO_INDICATOR,TOBACCO_INDICATOR_R_htp_excise_type_sticks,,,,,,,. . .,,,,,2025-08-20T09:41:26Z,2024,2024-01-01,2024-12-31
2725311,TOBACCO_MPOWER_R_TAXSTRUCTURE,COUNTRY,GEO,EUR,Europe,YEAR,2024,TOBACCO_INDICATOR,TOBACCO_INDICATOR_R_excise_type,,,,,,,Mixed,,,,,2025-08-20T09:41:26Z,2024,2024-01-01,2024-12-31
2725991,TOBACCO_MPOWER_R_TAXSTRUCTURE,COUNTRY,ZWE,AFR,Africa,YEAR,2024,TOBACCO_INDICATOR,TOBACCO_INDICATOR_R_excise_specific_reliance,,,,,,,No,,,,,2025-08-20T09:41:26Z,2024,2024-01-01,2024-12-31
2729874,TOBACCO_MPOWER_R_TAXSTRUCTURE,COUNTRY,CZE,EUR,Europe,YEAR,2024,TOBACCO_INDICATOR,TOBACCO_INDICATOR_R_htp_excise_device,,,,,,,No,,,,,2025-08-20T09:41:26Z,2024,2024-01-01,2024-12-31
2732914,TOBACCO_MPOWER_R_TAXSTRUCTURE,COUNTRY,BRN,WPR,Western Pacific,YEAR,2024,TOBACCO_INDICATOR,TOBACCO_INDICATOR_R_htp_excise_device,,,,,,,Yes,,,,,2025-08-20T09:41:26Z,2024,2024-01-01,2024-12-31
2733961,TOBACCO_MPOWER_R_TAXSTRUCTURE,COUNTRY,GIN,AFR,Africa,YEAR,2024,TOBACCO_INDICATOR,TOBACCO_INDICATOR_R_htp_excise_type_sticks,,,,,,,. . .,,,,,2025-08-20T09:41:26Z,2024,2024-01-01,2024-12-31
2734055,TOBACCO_MPOWER_R_TAXSTRUCTURE,COUNTRY,COL,AMR,Americas,YEAR,2024,TOBACCO_INDICATOR,TOBACCO_INDICATOR_R_excise_uniform_varied,,,,,,,Yes,,,,,2025-08-20T09:41:26Z,2024,2024-01-01,2024-12-31
2736165,TOBACCO_MPOWER_R_TAXSTRUCTURE,COUNTRY,CMR,AFR,Africa,YEAR,2024,TOBACCO_INDICATOR,TOBACCO_INDICATOR_R_excise_specific_reliance,,,,,,,—,,,,,2025-08-20T09:41:26Z,2024,2024-01-01,2024-12-31
2740942,TOBACCO_MPOWER_R_TAXSTRUCTURE,COUNTRY,VUT,WPR,Western Pacific,YEAR,2024,TOBACCO_INDICATOR,TOBACCO_INDICATOR_R_htp_excise_type_sticks,,,,,,,—,,,,,2025-08-20T09:41:26Z,2024,2024-01-01,2024-12-31
2742743,TOBACCO_MPOWER_R_TAXSTRUCTURE,COUNTRY,BIH,EUR,Europe,YEAR,2024,TOBACCO_INDICATOR,TOBACCO_INDICATOR_R_excise_specific_reliance,,,,,,,No,,,,,2025-08-20T09:41:26Z,2024,2024-01-01,2024-12-31
2743225,TOBACCO_MPOWER_R_TAXSTRUCTURE,COUNTRY,ZMB,AFR,Africa,YEAR,2024,TOBACCO_INDICATOR,TOBACCO_INDICATOR_R_excise_retail_price_base,,,,,,,—,,,,,2025-08-20T09:41:26Z,2024,2024-01-01,2024-12-31
2754370,TOBACCO_MPOWER_R_TAXSTRUCTURE,COUNTRY,KGZ,EUR,Europe,YEAR,2024,TOBACCO_INDICATOR,TOBACCO_INDICATOR_R_eliquid_excise_nicotine,,,,,,,nicotine only,,,,,2025-08-20T09:41:26Z,2024,2024-01-01,2024-12-31
2760874,TOBACCO_MPOWER_R_TAXSTRUCTURE,COUNTRY,GHA,AFR,Africa,YEAR,2024,TOBACCO_INDICATOR,TOBACCO_INDICATOR_R_excise_type,,,,,,,Mixed,,,,,2025-08-20T09:41:26Z,2024,2024-01-01,2024-12-31
2766122,TOBACCO_MPOWER_R_TAXSTRUCTURE,COUNTRY,LBR,AFR,Africa,YEAR,2024,TOBACCO_INDICATOR,TOBACCO_INDICATOR_R_eliquid_excise_device,,,,,,,. . .,,,,,2025-08-20T09:41:26Z,2024,2024-01-01,2024-12-31
2774138,TOBACCO_MPOWER_R_TAXSTRUCTURE,COUNTRY,BIH,EUR,Europe,YEAR,2024,TOBACCO_INDICATOR,TOBACCO_INDICATOR_R_excise_retail_price_base,,,,,,,Yes,,,,,2025-08-20T09:41:26Z,2024,2024-01-01,2024-12-31
2774693,TOBACCO_MPOWER_R_TAXSTRUCTURE,COUNTRY,BTN,SEAR,South-East Asia,YEAR,2024,TOBACCO_INDICATOR,TOBACCO_INDICATOR_R_excise_min_specific,,,,,,,No,,,,,2025-08-20T09:41:26Z,2024,2024-01-01,2024-12-31
2781509,TOBACCO_MPOWER_R_TAXSTRUCTURE,COUNTRY,MDG,AFR,Africa,YEAR,2024,TOBACCO_INDICATOR,TOBACCO_INDICATOR_R_htp_excise_type_sticks,,,,,,,. . .,,,,,2025-08-20T09:41:26Z,2024,2024-01-01,2024-12-31
2789490,TOBACCO_MPOWER_R_TAXSTRUCTURE,COUNTRY,SWZ,AFR,Africa,YEAR,2024,TOBACCO_INDICATOR,TOBACCO_INDICATOR_R_excise_type,,,,,,,Specific,,,,,2025-08-20T09:41:26Z,2024,2024-01-01,2024-12-31
2797690,TOBACCO_MPOWER_R_TAXSTRUCTURE,COUNTRY,KHM,WPR,Western Pacific,YEAR,2024,TOBACCO_INDICATOR,TOBACCO_INDICATOR_R_afford_price_dispersion,,,,,,,15.38,15.38,,,,2025-08-20T09:41:26Z,2024,2024-01-01,2024-12-31
2804593,TOBACCO_MPOWER_R_TAXSTRUCTURE,COUNTRY,HRV,EUR,Europe,YEAR,2024,TOBACCO_INDICATOR,TOBACCO_INDICATOR_R_eliquid_excise_device,,,,,,,No,,,,,2025-08-20T09:41:26Z,2024,2024-01-01,2024-12-31
2811023,TOBACCO_MPOWER_R_TAXSTRUCTURE,COUNTRY,GRD,AMR,Americas,YEAR,2024,TOBACCO_INDICATOR,TOBACCO_INDICATOR_R_min_price_policy,,,,,,,No,,,,,2025-08-20T09:41:26Z,2024,2024-01-01,2024-12-31
2813213,TOBACCO_MPOWER_R_TAXSTRUCTURE,COUNTRY,PNG,WPR,Western Pacific,YEAR,2024,TOBACCO_INDICATOR,TOBACCO_INDICATOR_R_excise_retail_price_base,,,,,,,—,,,,,2025-08-20T09:41:26Z,2024,2024-01-01,2024-12-31
2815755,TOBACCO_MPOWER_R_TAXSTRUCTURE,COUNTRY,IDN,WPR,Western Pacific,YEAR,2024,TOBACCO_INDICATOR,TOBACCO_INDICATOR_R_excise_specific_reliance,,,,,,,—,,,,,2025-08-20T09:41:26Z,2024,2024-01-01,2024-12-31
2815858,TOBACCO_MPOWER_R_TAXSTRUCTURE,COUNTRY,ERI,AFR,Africa,YEAR,2024,TOBACCO_INDICATOR,TOBACCO_INDICATOR_R_htp_excise_device,,,,,,,. . .,,,,,2025-08-20T09:41:26Z,2024,2024-01-01,2024-12-31
2825050,TOBACCO_MPOWER_R_TAXSTRUCTURE,COUNTRY,SGP,WPR,Western Pacific,YEAR,2024,TOBACCO_INDICATOR,TOBACCO_INDICATOR_R_excise_retail_price_base,,,,,,,—,,,,,2025-08-20T09:41:26Z,2024,2024-01-01,2024-12-31
2825744,TOBACCO_MPOWER_R_TAXSTRUCTURE,COUNTRY,KOR,WPR,Western Pacific,YEAR,2024,TOBACCO_INDICATOR,TOBACCO_INDICATOR_R_afford_tax_auto_adjust,,,,,,,No,,,,,2025-08-20T09:41:26Z,2024,2024-01-01,2024-12-31
2829700,TOBACCO_MPOWER_R_TAXSTRUCTURE,COUNTRY,COL,AMR,Americas,YEAR,2024,TOBACCO_INDICATOR,TOBACCO_INDICATOR_R_afford_price_dispersion,,,,,,,51.61,51.61,,,,2025-08-20T09:41:26Z,2024,2024-01-01,2024-12-31
2831031,TOBACCO_MPOWER_R_TAXSTRUCTURE,COUNTRY,LCA,AMR,Americas,YEAR,2024,TOBACCO_INDICATOR,TOBACCO_INDICATOR_R_excise_uniform_varied,,,,,,,Yes,,,,,2025-08-20T09:41:26Z,2024,2024-01-01,2024-12-31
2837762,TOBACCO_MPOWER_R_TAXSTRUCTURE,COUNTRY,BEN,AFR,Africa,YEAR,2024,TOBACCO_INDICATOR,TOBACCO_INDICATOR_R_htp_excise_type_sticks,,,,,,,. . .,,,,,2025-08-20T09:41:26Z,2024,2024-01-01,2024-12-31
2838332,TOBACCO_MPOWER_R_TAXSTRUCTURE,COUNTRY,COD,AFR,Africa,YEAR,2024,TOBACCO_INDICATOR,TOBACCO_INDICATOR_R_excise_specific_reliance,,,,,,,—,,,,,2025-08-20T09:41:26Z,2024,2024-01-01,2024-12-31
2838337,TOBACCO_MPOWER_R_TAXSTRUCTURE,COUNTRY,DEU,EUR,Europe,YEAR,2024,TOBACCO_INDICATOR,TOBACCO_INDICATOR_R_eliquid_excise_nicotine,,,,,,,all e-liquids,,,,,2025-08-20T09:41:26Z,2024,2024-01-01,2024-12-31
2840200,TOBACCO_MPOWER_R_TAXSTRUCTURE,COUNTRY,USA,AMR,Americas,YEAR,2024,TOBACCO_INDICATOR,TOBACCO_INDICATOR_R_eliquid_excise_device,,,,,,,. . .,,,,,2025-08-20T09:41:26Z,2024,2024-01-01,2024-12-31
2848911,TOBACCO_MPOWER_R_TAXSTRUCTURE,COUNTRY,GHA,AFR,Africa,YEAR,2024,TOBACCO_INDICATOR,TOBACCO_INDICATOR_R_eliquid_excise_device,,,,,,,Yes,,,,,2025-08-20T09:41:26Z,2024,2024-01-01,2024-12-31
2851525,TOBACCO_MPOWER_R_TAXSTRUCTURE,COUNTRY,CPV,AFR,Africa,YEAR,2024,TOBACCO_INDICATOR,TOBACCO_INDICATOR_R_afford_price_gap_decreased,,,,,,,Yes,,,,,2025-08-20T09:41:26Z,2024,2024-01-01,2024-12-31
2854186,TOBACCO_MPOWER_R_TAXSTRUCTURE,COUNTRY,ARE,EMR,Eastern Mediterranean,YEAR,2024,TOBACCO_INDICATOR,TOBACCO_INDICATOR_R_excise_type,,,,,,,Ad valorem,,,,,2025-08-20T09:41:26Z,2024,2024-01-01,2024-12-31
2855106,TOBACCO_MPOWER_R_TAXSTRUCTURE,COUNTRY,MLT,EUR,Europe,YEAR,2024,TOBACCO_INDICATOR,TOBACCO_INDICATOR_R_excise_type,,,,,,,Mixed,,,,,2025-08-20T09:41:26Z,2024,2024-01-01,2024-12-31
2855721,TOBACCO_MPOWER_R_TAXSTRUCTURE,COUNTRY,BRA,AMR,Americas,YEAR,2024,TOBACCO_INDICATOR,TOBACCO_INDICATOR_R_afford_price_dispersion,,,,,,,46.43,46.43,,,,2025-08-20T09:41:26Z,2024,2024-01-01,2024-12-31
2856593,TOBACCO_MPOWER_R_TAXSTRUCTURE,COUNTRY,BFA,AFR,Africa,YEAR,2024,TOBACCO_INDICATOR,TOBACCO_INDICATOR_R_excise_min_specific,,,,,,,Yes,,,,,2025-08-20T09:41:26Z,2024,2024-01-01,2024-12-31
2866728,TOBACCO_MPOWER_R_TAXSTRUCTURE,COUNTRY,TLS,SEAR,South-East Asia,YEAR,2024,TOBACCO_INDICATOR,TOBACCO_INDICATOR_R_excise_uniform_varied,,,,,,,Yes,,,,,2025-08-20T09:41:26Z,2024,2024-01-01,2024-12-31
2876789,TOBACCO_MPOWER_R_TAXSTRUCTURE,COUNTRY,SMR,EUR,Europe,YEAR,2024,TOBACCO_INDICATOR,TOBACCO_INDICATOR_R_eliquid_excise_device,,,,,,,. . .,,,,,2025-08-20T09:41:26Z,2024,2024-01-01,2024-12-31
2877830,TOBACCO_MPOWER_R_TAXSTRUCTURE,COUNTRY,BRB,AMR,Americas,YEAR,2024,TOBACCO_INDICATOR,TOBACCO_INDICATOR_R_afford_tax_auto_adjust,,,,,,,No,,,,,2025-08-20T09:41:26Z,2024,2024-01-01,2024-12-31
2881069,TOBACCO_MPOWER_R_TAXSTRUCTURE,COUNTRY,BGD,SEAR,South-East Asia,YEAR,2024,TOBACCO_INDICATOR,TOBACCO_INDICATOR_R_excise_type,,,,,,,Ad valorem,,,,,2025-08-20T09:41:26Z,2024,2024-01-01,2024-12-31
2881784,TOBACCO_MPOWER_R_TAXSTRUCTURE,COUNTRY,PRY,AMR,Americas,YEAR,2024,TOBACCO_INDICATOR,TOBACCO_INDICATOR_R_eliquid_excise_nicotine,,,,,,,. . .,,,,,2025-08-20T09:41:26Z,2024,2024-01-01,2024-12-31
2890067,TOBACCO_MPOWER_R_TAXSTRUCTURE,COUNTRY,LAO,WPR,Western Pacific,YEAR,2024,TOBACCO_INDICATOR,TOBACCO_INDICATOR_R_afford_price_gap_decreased,,,,,,,No,,,,,2025-08-20T09:41:26Z,2024,2024-01-01,2024-12-31
2897618,TOBACCO_MPOWER_R_TAXSTRUCTURE,COUNTRY,LCA,AMR,Americas,YEAR,2024,TOBACCO_INDICATOR,TOBACCO_INDICATOR_R_eliquid_excise_type,,,,,,,. . .,,,,,2025-08-20T09:41:26Z,2024,2024-01-01,2024-12-31
2898421,TOBACCO_MPOWER_R_TAXSTRUCTURE,COUNTRY,MHL,WPR,Western Pacific,YEAR,2024,TOBACCO_INDICATOR,TOBACCO_INDICATOR_R_excise_specific_reliance,,,,,,,—,,,,,2025-08-20T09:41:26Z,2024,2024-01-01,2024-12-31
2899570,TOBACCO_MPOWER_R_TAXSTRUCTURE,COUNTRY,ARM,EUR,Europe,YEAR,2024,TOBACCO_INDICATOR,TOBACCO_INDICATOR_R_htp_excise_type_sticks,,,,,,,Specific,,,,,2025-08-20T09:41:26Z,2024,2024-01-01,2024-12-31
2900893,TOBACCO_MPOWER_R_TAXSTRUCTURE,COUNTRY,JAM,AMR,Americas,YEAR,2024,TOBACCO_INDICATOR,TOBACCO_INDICATOR_R_excise_specific_reliance,,,,,,,—,,,,Data not validated by the national authorities.,2025-08-20T09:41:26Z,2024,2024-01-01,2024-12-31
2905829,TOBACCO_MPOWER_R_TAXSTRUCTURE,COUNTRY,STP,AFR,Africa,YEAR,2024,TOBACCO_INDICATOR,TOBACCO_INDICATOR_R_afford_tax_auto_adjust,,,,,,,No,,,,,2025-08-20T09:41:26Z,2024,2024-01-01,2024-12-31
2914738,TOBACCO_MPOWER_R_TAXSTRUCTURE,COUNTRY,GHA,AFR,Africa,YEAR,2024,TOBACCO_INDICATOR,TOBACCO_INDICATOR_R_excise_uniform_varied,,,,,,,Yes,,,,,2025-08-20T09:41:26Z,2024,2024-01-01,2024-12-31
2915205,TOBACCO_MPOWER_R_TAXSTRUCTURE,COUNTRY,BTN,SEAR,South-East Asia,YEAR,2024,TOBACCO_INDICATOR,TOBACCO_INDICATOR_R_excise_retail_price_base,,,,,,,No,,,,,2025-08-20T09:41:26Z,2024,2024-01-01,2024-12-31
2919868,TOBACCO_MPOWER_R_TAXSTRUCTURE,COUNTRY,KEN,AFR,Africa,YEAR,2024,TOBACCO_INDICATOR,TOBACCO_INDICATOR_R_afford_tax_auto_adjust,,,,,,,Yes,,,,,2025-08-20T09:41:26Z,2024,2024-01-01,2024-12-31
2929744,TOBACCO_MPOWER_R_TAXSTRUCTURE,COUNTRY,HRV,EUR,Europe,YEAR,2024,TOBACCO_INDICATOR,TOBACCO_INDICATOR_R_excise_type,,,,,,,Mixed,,,,,2025-08-20T09:41:26Z,2024,2024-01-01,2024-12-31
2943712,TOBACCO_MPOWER_R_TAXSTRUCTURE,COUNTRY,SAU,EMR,Eastern Mediterranean,YEAR,2024,TOBACCO_INDICATOR,TOBACCO_INDICATOR_R_excise_uniform_varied,,,,,,,Yes,,,,,2025-08-20T09:41:26Z,2024,2024-01-01,2024-12-31
2944763,TOBACCO_MPOWER_R_TAXSTRUCTURE,COUNTRY,CHL,AMR,Americas,YEAR,2024,TOBACCO_INDICATOR,TOBACCO_INDICATOR_R_excise_uniform_varied,,,,,,,Yes,,,,,2025-08-20T09:41:26Z,2024,2024-01-01,2024-12-31
2948005,TOBACCO_MPOWER_R_TAXSTRUCTURE,COUNTRY,SLV,AMR,Americas,YEAR,2024,TOBACCO_INDICATOR,TOBACCO_INDICATOR_R_excise_type,,,,,,,Mixed,,,,,2025-08-20T09:41:26Z,2024,2024-01-01,2024-12-31
3950298,TOBACCO_MPOWER_R_TAXSTRUCTURE,COUNTRY,BLZ,AMR,Americas,YEAR,2024,TOBACCO_INDICATOR,TOBACCO_INDICATOR_R_excise_specific_reliance,,,,,,,—,,,,,2025-08-20T09:41:26Z,2024,2024-01-01,2024-12-31
3950425,TOBACCO_MPOWER_R_TAXSTRUCTURE,COUNTRY,OMN,EMR,Eastern Mediterranean,YEAR,2024,TOBACCO_INDICATOR,TOBACCO_INDICATOR_R_eliquid_excise_type,,,,,,,—,,,,,2025-08-20T09:41:26Z,2024,2024-01-01,2024-12-31
3953081,TOBACCO_MPOWER_R_TAXSTRUCTURE,COUNTRY,PAN,AMR,Americas,YEAR,2024,TOBACCO_INDICATOR,TOBACCO_INDICATOR_R_afford_price_gap_decreased,,,,,,,No,,,,,2025-08-20T09:41:26Z,2024,2024-01-01,2024-12-31
3965975,TOBACCO_MPOWER_R_TAXSTRUCTURE,COUNTRY,MOZ,AFR,Africa,YEAR,2024,TOBACCO_INDICATOR,TOBACCO_INDICATOR_R_min_price_policy,,,,,,,No,,,,,2025-08-20T09:41:26Z,2024,2024-01-01,2024-12-31
3968922,TOBACCO_MPOWER_R_TAXSTRUCTURE,COUNTRY,TLS,SEAR,South-East Asia,YEAR,2024,TOBACCO_INDICATOR,TOBACCO_INDICATOR_R_afford_price_gap_decreased,,,,,,,. . .,,,,,2025-08-20T09:41:26Z,2024,2024-01-01,2024-12-31
3970918,TOBACCO_MPOWER_R_TAXSTRUCTURE,COUNTRY,SYC,AFR,Africa,YEAR,2024,TOBACCO_INDICATOR,TOBACCO_INDICATOR_R_eliquid_excise_device,,,,,,,. . .,,,,,2025-08-20T09:41:26Z,2024,2024-01-01,2024-12-31
3975728,TOBACCO_MPOWER_R_TAXSTRUCTURE,COUNTRY,HTI,AMR,Americas,YEAR,2024,TOBACCO_INDICATOR,TOBACCO_INDICATOR_R_excise_retail_price_base,,,,,,,No,,,,,2025-08-20T09:41:26Z,2024,2024-01-01,2024-12-31
3978275,TOBACCO_MPOWER_R_TAXSTRUCTURE,COUNTRY,ROU,EUR,Europe,YEAR,2024,TOBACCO_INDICATOR,TOBACCO_INDICATOR_R_afford_price_gap_decreased,,,,,,,No,,,,,2025-08-20T09:41:26Z,2024,2024-01-01,2024-12-31
3991730,TOBACCO_MPOWER_R_TAXSTRUCTURE,COUNTRY,PSE,EMR,Eastern Mediterranean,YEAR,2024,TOBACCO_INDICATOR,TOBACCO_INDICATOR_R_afford_price_dispersion,,,,,,,. . .,,,,,2025-08-20T09:41:26Z,2024,2024-01-01,2024-12-31
3994296,TOBACCO_MPOWER_R_TAXSTRUCTURE,COUNTRY,BFA,AFR,Africa,YEAR,2024,TOBACCO_INDICATOR,TOBACCO_INDICATOR_R_eliquid_excise_device,,,,,,,. . .,,,,,2025-08-20T09:41:26Z,2024,2024-01-01,2024-12-31
4002563,TOBACCO_MPOWER_R_TAXSTRUCTURE,COUNTRY,KNA,AMR,Americas,YEAR,2024,TOBACCO_INDICATOR,TOBACCO_INDICATOR_R_min_price_policy,,,,,,,No,,,,,2025-08-20T09:41:26Z,2024,2024-01-01,2024-12-31
4016043,TOBACCO_MPOWER_R_TAXSTRUCTURE,COUNTRY,CAN,AMR,Americas,YEAR,2024,TOBACCO_INDICATOR,TOBACCO_INDICATOR_R_excise_uniform_varied,,,,,,,Yes,,,,,2025-08-20T09:41:26Z,2024,2024-01-01,2024-12-31
4017302,TOBACCO_MPOWER_R_TAXSTRUCTURE,COUNTRY,PRT,EUR,Europe,YEAR,2024,TOBACCO_INDICATOR,TOBACCO_INDICATOR_R_afford_tax_auto_adjust,,,,,,,No,,,,,2025-08-20T09:41:26Z,2024,2024-01-01,2024-12-31
4025613,TOBACCO_MPOWER_R_TAXSTRUCTURE,COUNTRY,LVA,EUR,Europe,YEAR,2024,TOBACCO_INDICATOR,TOBACCO_INDICATOR_R_afford_price_gap_decreased,,,,,,,Yes,,,,,2025-08-20T09:41:26Z,2024,2024-01-01,2024-12-31
4028066,TOBACCO_MPOWER_R_TAXSTRUCTURE,COUNTRY,TTO,AMR,Americas,YEAR,2024,TOBACCO_INDICATOR,TOBACCO_INDICATOR_R_htp_excise_type_sticks,,,,,,,. . .,,,,,2025-08-20T09:41:26Z,2024,2024-01-01,2024-12-31
4029338,TOBACCO_MPOWER_R_TAXSTRUCTURE,COUNTRY,MCO,EUR,Europe,YEAR,2024,TOBACCO_INDICATOR,TOBACCO_INDICATOR_R_htp_excise_type_sticks,,,,,,,No excise,,,,,2025-08-20T09:41:26Z,2024,2024-01-01,2024-12-31
4030733,TOBACCO_MPOWER_R_TAXSTRUCTURE,COUNTRY,CAN,AMR,Americas,YEAR,2024,TOBACCO_INDICATOR,TOBACCO_INDICATOR_R_htp_excise_device,,,,,,,. . .,,,,,2025-08-20T09:41:26Z,2024,2024-01-01,2024-12-31
4032020,TOBACCO_MPOWER_R_TAXSTRUCTURE,COUNTRY,KNA,AMR,Americas,YEAR,2024,TOBACCO_INDICATOR,TOBACCO_INDICATOR_R_afford_price_dispersion,,,,,,,. . .,,,,,2025-08-20T09:41:26Z,2024,2024-01-01,2024-12-31
4032434,TOBACCO_MPOWER_R_TAXSTRUCTURE,COUNTRY,TTO,AMR,Americas,YEAR,2024,TOBACCO_INDICATOR,TOBACCO_INDICATOR_R_htp_excise_device,,,,,,,. . .,,,,,2025-08-20T09:41:26Z,2024,2024-01-01,2024-12-31
4033469,TOBACCO_MPOWER_R_TAXSTRUCTURE,COUNTRY,SVN,EUR,Europe,YEAR,2024,TOBACCO_INDICATOR,TOBACCO_INDICATOR_R_afford_price_gap_decreased,,,,,,,No,,,,,2025-08-20T09:41:26Z,2024,2024-01-01,2024-12-31
4037402,TOBACCO_MPOWER_R_TAXSTRUCTURE,COUNTRY,UKR,EUR,Europe,YEAR,2024,TOBACCO_INDICATOR,TOBACCO_INDICATOR_R_eliquid_excise_device,,,,,,,. . .,,,,,2025-08-20T09:41:26Z,2024,2024-01-01,2024-12-31
4040115,TOBACCO_MPOWER_R_TAXSTRUCTURE,COUNTRY,USA,AMR,Americas,YEAR,2024,TOBACCO_INDICATOR,TOBACCO_INDICATOR_R_eliquid_excise_nicotine,,,,,,,. . .,,,,,2025-08-20T09:41:26Z,2024,2024-01-01,2024-12-31
4043388,TOBACCO_MPOWER_R_TAXSTRUCTURE,COUNTRY,FSM,WPR,Western Pacific,YEAR,2024,TOBACCO_INDICATOR,TOBACCO_INDICATOR_R_eliquid_excise_device,,,,,,,. . .,,,,,2025-08-20T09:41:26Z,2024,2024-01-01,2024-12-31
4054390,TOBACCO_MPOWER_R_TAXSTRUCTURE,COUNTRY,BOL,AMR,Americas,YEAR,2024,TOBACCO_INDICATOR,TOBACCO_INDICATOR_R_afford_price_dispersion,,,,,,,36.41,36.41,,,,2025-08-20T09:41:26Z,2024,2024-01-01,2024-12-31
4063163,TOBACCO_MPOWER_R_TAXSTRUCTURE,COUNTRY,ARM,EUR,Europe,YEAR,2024,TOBACCO_INDICATOR,TOBACCO_INDICATOR_R_htp_excise_device,,,,,,,No,,,,,2025-08-20T09:41:26Z,2024,2024-01-01,2024-12-31
4065762,TOBACCO_MPOWER_R_TAXSTRUCTURE,COUNTRY,AND,EUR,Europe,YEAR,2024,TOBACCO_INDICATOR,TOBACCO_INDICATOR_R_excise_min_specific,,,,,,,—,,,,,2025-08-20T09:41:26Z,2024,2024-01-01,2024-12-31
4065968,TOBACCO_MPOWER_R_TAXSTRUCTURE,COUNTRY,SWE,EUR,Europe,YEAR,2024,TOBACCO_INDICATOR,TOBACCO_INDICATOR_R_htp_excise_type_sticks,,,,,,,Specific,,,,,2025-08-20T09:41:26Z,2024,2024-01-01,2024-12-31
4083672,TOBACCO_MPOWER_R_TAXSTRUCTURE,COUNTRY,GEO,EUR,Europe,YEAR,2024,TOBACCO_INDICATOR,TOBACCO_INDICATOR_R_min_price_policy,,,,,,,No,,,,,2025-08-20T09:41:26Z,2024,2024-01-01,2024-12-31
4084243,TOBACCO_MPOWER_R_TAXSTRUCTURE,COUNTRY,MLI,AFR,Africa,YEAR,2024,TOBACCO_INDICATOR,TOBACCO_INDICATOR_R_excise_min_specific,,,,,,,No,,,,,2025-08-20T09:41:26Z,2024,2024-01-01,2024-12-31
4086395,TOBACCO_MPOWER_R_TAXSTRUCTURE,COUNTRY,UKR,EUR,Europe,YEAR,2024,TOBACCO_INDICATOR,TOBACCO_INDICATOR_R_excise_uniform_varied,,,,,,,Yes,,,,,2025-08-20T09:41:26Z,2024,2024-01-01,2024-12-31
4090731,TOBACCO_MPOWER_R_TAXSTRUCTURE,COUNTRY,ARE,EMR,Eastern Mediterranean,YEAR,2024,TOBACCO_INDICATOR,TOBACCO_INDICATOR_R_htp_excise_type_sticks,,,,,,,Ad valorem,,,,,2025-08-20T09:41:26Z,2024,2024-01-01,2024-12-31
4097666,TOBACCO_MPOWER_R_TAXSTRUCTURE,COUNTRY,CRI,AMR,Americas,YEAR,2024,TOBACCO_INDICATOR,TOBACCO_INDICATOR_R_min_price_policy,,,,,,,No,,,,,2025-08-20T09:41:26Z,2024,2024-01-01,2024-12-31
4098742,TOBACCO_MPOWER_R_TAXSTRUCTURE,COUNTRY,AGO,AFR,Africa,YEAR,2024,TOBACCO_INDICATOR,TOBACCO_INDICATOR_R_afford_tax_auto_adjust,,,,,,,—,,,,,2025-08-20T09:41:26Z,2024,2024-01-01,2024-12-31
4118053,TOBACCO_MPOWER_R_TAXSTRUCTURE,COUNTRY,BHR,EMR,Eastern Mediterranean,YEAR,2024,TOBACCO_INDICATOR,TOBACCO_INDICATOR_R_eliquid_excise_device,,,,,,,. . .,,,,,2025-08-20T09:41:26Z,2024,2024-01-01,2024-12-31
4120422,TOBACCO_MPOWER_R_TAXSTRUCTURE,COUNTRY,HTI,AMR,Americas,YEAR,2024,TOBACCO_INDICATOR,TOBACCO_INDICATOR_R_excise_min_specific,,,,,,,No,,,,,2025-08-20T09:41:26Z,2024,2024-01-01,2024-12-31
4127781,TOBACCO_MPOWER_R_TAXSTRUCTURE,COUNTRY,MRT,AFR,Africa,YEAR,2024,TOBACCO_INDICATOR,TOBACCO_INDICATOR_R_eliquid_excise_type,,,,,,,. . .,,,,,2025-08-20T09:41:26Z,2024,2024-01-01,2024-12-31
4127831,TOBACCO_MPOWER_R_TAXSTRUCTURE,COUNTRY,ZAF,AFR,Africa,YEAR,2024,TOBACCO_INDICATOR,TOBACCO_INDICATOR_R_excise_uniform_varied,,,,,,,Yes,,,,,2025-08-20T09:41:26Z,2024,2024-01-01,2024-12-31
4128357,TOBACCO_MPOWER_R_TAXSTRUCTURE,COUNTRY,QAT,EMR,Eastern Mediterranean,YEAR,2024,TOBACCO_INDICATOR,TOBACCO_INDICATOR_R_excise_retail_price_base,,,,,,,No,,,,,2025-08-20T09:41:26Z,2024,2024-01-01,2024-12-31
4137984,TOBACCO_MPOWER_R_TAXSTRUCTURE,COUNTRY,IRN,EMR,Eastern Mediterranean,YEAR,2024,TOBACCO_INDICATOR,TOBACCO_INDICATOR_R_afford_tax_auto_adjust,,,,,,,Yes,,,,Consumption tax rates increase from the second year of law enforcement by five unit percentage points each year.,2025-08-20T09:41:26Z,2024,2024-01-01,2024-12-31
4142392,TOBACCO_MPOWER_R_TAXSTRUCTURE,COUNTRY,CPV,AFR,Africa,YEAR,2024,TOBACCO_INDICATOR,TOBACCO_INDICATOR_R_htp_excise_type_sticks,,,,,,,. . .,,,,,2025-08-20T09:41:26Z,2024,2024-01-01,2024-12-31
4146623,TOBACCO_MPOWER_R_TAXSTRUCTURE,COUNTRY,MDA,EUR,Europe,YEAR,2024,TOBACCO_INDICATOR,TOBACCO_INDICATOR_R_eliquid_excise_device,,,,,,,No,,,,,2025-08-20T09:41:26Z,2024,2024-01-01,2024-12-31
4159566,TOBACCO_MPOWER_R_TAXSTRUCTURE,COUNTRY,NAM,AFR,Africa,YEAR,2024,TOBACCO_INDICATOR,TOBACCO_INDICATOR_R_excise_type,,,,,,,Specific,,,,,2025-08-20T09:41:26Z,2024,2024-01-01,2024-12-31
4161461,TOBACCO_MPOWER_R_TAXSTRUCTURE,COUNTRY,SRB,EUR,Europe,YEAR,2024,TOBACCO_INDICATOR,TOBACCO_INDICATOR_R_excise_retail_price_base,,,,,,,Yes,,,,,2025-08-20T09:41:26Z,2024,2024-01-01,2024-12-31
4166948,TOBACCO_MPOWER_R_TAXSTRUCTURE,COUNTRY,ARG,AMR,Americas,YEAR,2024,TOBACCO_INDICATOR,TOBACCO_INDICATOR_R_htp_excise_device,,,,,,,—,,,,,2025-08-20T09:41:26Z,2024,2024-01-01,2024-12-31
4167902,TOBACCO_MPOWER_R_TAXSTRUCTURE,COUNTRY,JAM,AMR,Americas,YEAR,2024,TOBACCO_INDICATOR,TOBACCO_INDICATOR_R_htp_excise_device,,,,,,,. . .,,,,,2025-08-20T09:41:26Z,2024,2024-01-01,2024-12-31
4170313,TOBACCO_MPOWER_R_TAXSTRUCTURE,COUNTRY,HTI,AMR,Americas,YEAR,2024,TOBACCO_INDICATOR,TOBACCO_INDICATOR_R_htp_excise_device,,,,,,,. . .,,,,,2025-08-20T09:41:26Z,2024,2024-01-01,2024-12-31
4171001,TOBACCO_MPOWER_R_TAXSTRUCTURE,COUNTRY,LAO,WPR,Western Pacific,YEAR,2024,TOBACCO_INDICATOR,TOBACCO_INDICATOR_R_afford_price_dispersion,,,,,,,12.5,12.5,,,,2025-08-20T09:41:26Z,2024,2024-01-01,2024-12-31
4172934,TOBACCO_MPOWER_R_TAXSTRUCTURE,COUNTRY,ERI,AFR,Africa,YEAR,2024,TOBACCO_INDICATOR,TOBACCO_INDICATOR_R_excise_uniform_varied,,,,,,,Yes,,,,,2025-08-20T09:41:26Z,2024,2024-01-01,2024-12-31
4177558,TOBACCO_MPOWER_R_TAXSTRUCTURE,COUNTRY,LTU,EUR,Europe,YEAR,2024,TOBACCO_INDICATOR,TOBACCO_INDICATOR_R_excise_specific_reliance,,,,,,,Yes,,,,,2025-08-20T09:41:26Z,2024,2024-01-01,2024-12-31
4183580,TOBACCO_MPOWER_R_TAXSTRUCTURE,COUNTRY,RWA,AFR,Africa,YEAR,2024,TOBACCO_INDICATOR,TOBACCO_INDICATOR_R_eliquid_excise_nicotine,,,,,,,. . .,,,,,2025-08-20T09:41:26Z,2024,2024-01-01,2024-12-31
4189986,TOBACCO_MPOWER_R_TAXSTRUCTURE,COUNTRY,ARM,EUR,Europe,YEAR,2024,TOBACCO_INDICATOR,TOBACCO_INDICATOR_R_eliquid_excise_type,,,,,,,Specific,,,,,2025-08-20T09:41:26Z,2024,2024-01-01,2024-12-31
4190653,TOBACCO_MPOWER_R_TAXSTRUCTURE,COUNTRY,DJI,EMR,Eastern Mediterranean,YEAR,2024,TOBACCO_INDICATOR,TOBACCO_INDICATOR_R_excise_type,,,,,,,Ad valorem,,,,,2025-08-20T09:41:26Z,2024,2024-01-01,2024-12-31
4192262,TOBACCO_MPOWER_R_TAXSTRUCTURE,COUNTRY,ECU,AMR,Americas,YEAR,2024,TOBACCO_INDICATOR,TOBACCO_INDICATOR_R_eliquid_excise_nicotine,,,,,,,nicotine only,,,,,2025-08-20T09:41:26Z,2024,2024-01-01,2024-12-31
4195533,TOBACCO_MPOWER_R_TAXSTRUCTURE,COUNTRY,LBN,EMR,Eastern Mediterranean,YEAR,2024,TOBACCO_INDICATOR,TOBACCO_INDICATOR_R_excise_specific_reliance,,,,,,,—,,,,,2025-08-20T09:41:26Z,2024,2024-01-01,2024-12-31
4195694,TOBACCO_MPOWER_R_TAXSTRUCTURE,COUNTRY,CIV,AFR,Africa,YEAR,2024,TOBACCO_INDICATOR,TOBACCO_INDICATOR_R_htp_excise_device,,,,,,,. . .,,,,,2025-08-20T09:41:26Z,2024,2024-01-01,2024-12-31
4195869,TOBACCO_MPOWER_R_TAXSTRUCTURE,COUNTRY,KNA,AMR,Americas,YEAR,2024,TOBACCO_INDICATOR,TOBACCO_INDICATOR_R_eliquid_excise_nicotine,,,,,,,. . .,,,,,2025-08-20T09:41:26Z,2024,2024-01-01,2024-12-31
4197138,TOBACCO_MPOWER_R_TAXSTRUCTURE,COUNTRY,KIR,WPR,Western Pacific,YEAR,2024,TOBACCO_INDICATOR,TOBACCO_INDICATOR_R_excise_retail_price_base,,,,,,,—,,,,,2025-08-20T09:41:26Z,2024,2024-01-01,2024-12-31
4199107,TOBACCO_MPOWER_R_TAXSTRUCTURE,COUNTRY,TKM,EUR,Europe,YEAR,2024,TOBACCO_INDICATOR,TOBACCO_INDICATOR_R_excise_retail_price_base,,,,,,,No,,,,,2025-08-20T09:41:26Z,2024,2024-01-01,2024-12-31
4204405,TOBACCO_MPOWER_R_TAXSTRUCTURE,COUNTRY,ITA,EUR,Europe,YEAR,2024,TOBACCO_INDICATOR,TOBACCO_INDICATOR_R_excise_min_specific,,,,,,,No,,,,,2025-08-20T09:41:26Z,2024,2024-01-01,2024-12-31
4210373,TOBACCO_MPOWER_R_TAXSTRUCTURE,COUNTRY,VEN,AMR,Americas,YEAR,2024,TOBACCO_INDICATOR,TOBACCO_INDICATOR_R_eliquid_excise_device,,,,,,,—,,,,,2025-08-20T09:41:26Z,2024,2024-01-01,2024-12-31
4211940,TOBACCO_MPOWER_R_TAXSTRUCTURE,COUNTRY,MEX,AMR,Americas,YEAR,2024,TOBACCO_INDICATOR,TOBACCO_INDICATOR_R_excise_uniform_varied,,,,,,,Yes,,,,,2025-08-20T09:41:26Z,2024,2024-01-01,2024-12-31
4220342,TOBACCO_MPOWER_R_TAXSTRUCTURE,COUNTRY,MAR,EMR,Eastern Mediterranean,YEAR,2024,TOBACCO_INDICATOR,TOBACCO_INDICATOR_R_eliquid_excise_device,,,,,,,. . .,,,,,2025-08-20T09:41:26Z,2024,2024-01-01,2024-12-31
4222598,TOBACCO_MPOWER_R_TAXSTRUCTURE,COUNTRY,UKR,EUR,Europe,YEAR,2024,TOBACCO_INDICATOR,TOBACCO_INDICATOR_R_eliquid_excise_nicotine,,,,,,,all e-liquids,,,,,2025-08-20T09:41:26Z,2024,2024-01-01,2024-12-31
4227243,TOBACCO_MPOWER_R_TAXSTRUCTURE,COUNTRY,HND,AMR,Americas,YEAR,2024,TOBACCO_INDICATOR,TOBACCO_INDICATOR_R_eliquid_excise_device,,,,,,,. . .,,,,,2025-08-20T09:41:26Z,2024,2024-01-01,2024-12-31
4234173,TOBACCO_MPOWER_R_TAXSTRUCTURE,COUNTRY,NLD,EUR,Europe,YEAR,2024,TOBACCO_INDICATOR,TOBACCO_INDICATOR_R_htp_excise_device,,,,,,,. . .,,,,,2025-08-20T09:41:26Z,2024,2024-01-01,2024-12-31
4236247,TOBACCO_MPOWER_R_TAXSTRUCTURE,COUNTRY,LKA,SEAR,South-East Asia,YEAR,2024,TOBACCO_INDICATOR,TOBACCO_INDICATOR_R_htp_excise_type_sticks,,,,,,,—,,,,,2025-08-20T09:41:26Z,2024,2024-01-01,2024-12-31
4243515,TOBACCO_MPOWER_R_TAXSTRUCTURE,COUNTRY,BIH,EUR,Europe,YEAR,2024,TOBACCO_INDICATOR,TOBACCO_INDICATOR_R_htp_excise_type_sticks,,,,,,,Mixed,,,,,2025-08-20T09:41:26Z,2024,2024-01-01,2024-12-31
4243645,TOBACCO_MPOWER_R_TAXSTRUCTURE,COUNTRY,BRB,AMR,Americas,YEAR,2024,TOBACCO_INDICATOR,TOBACCO_INDICATOR_R_excise_min_specific,,,,,,,—,,,,,2025-08-20T09:41:26Z,2024,2024-01-01,2024-12-31
4243965,TOBACCO_MPOWER_R_TAXSTRUCTURE,COUNTRY,VCT,AMR,Americas,YEAR,2024,TOBACCO_INDICATOR,TOBACCO_INDICATOR_R_htp_excise_type_sticks,,,,,,,. . .,,,,,2025-08-20T09:41:26Z,2024,2024-01-01,2024-12-31
4244594,TOBACCO_MPOWER_R_TAXSTRUCTURE,COUNTRY,MUS,AFR,Africa,YEAR,2024,TOBACCO_INDICATOR,TOBACCO_INDICATOR_R_excise_min_specific,,,,,,,—,,,,,2025-08-20T09:41:26Z,2024,2024-01-01,2024-12-31
4247830,TOBACCO_MPOWER_R_TAXSTRUCTURE,COUNTRY,BHR,EMR,Eastern Mediterranean,YEAR,2024,TOBACCO_INDICATOR,TOBACCO_INDICATOR_R_afford_price_dispersion,,,,,,,58.33,58.33,,,,2025-08-20T09:41:26Z,2024,2024-01-01,2024-12-31
4249624,TOBACCO_MPOWER_R_TAXSTRUCTURE,COUNTRY,ZAF,AFR,Africa,YEAR,2024,TOBACCO_INDICATOR,TOBACCO_INDICATOR_R_afford_price_gap_decreased,,,,,,,Yes,,,,,2025-08-20T09:41:26Z,2024,2024-01-01,2024-12-31
4259322,TOBACCO_MPOWER_R_TAXSTRUCTURE,COUNTRY,GNB,AFR,Africa,YEAR,2024,TOBACCO_INDICATOR,TOBACCO_INDICATOR_R_afford_price_dispersion,,,,,,,. . .,,,,,2025-08-20T09:41:26Z,2024,2024-01-01,2024-12-31
4270788,TOBACCO_MPOWER_R_TAXSTRUCTURE,COUNTRY,COM,AFR,Africa,YEAR,2024,TOBACCO_INDICATOR,TOBACCO_INDICATOR_R_excise_retail_price_base,,,,,,,No,,,,,2025-08-20T09:41:26Z,2024,2024-01-01,2024-12-31
4275895,TOBACCO_MPOWER_R_TAXSTRUCTURE,COUNTRY,MLI,AFR,Africa,YEAR,2024,TOBACCO_INDICATOR,TOBACCO_INDICATOR_R_htp_excise_device,,,,,,,. . .,,,,,2025-08-20T09:41:26Z,2024,2024-01-01,2024-12-31
4276467,TOBACCO_MPOWER_R_TAXSTRUCTURE,COUNTRY,LKA,SEAR,South-East Asia,YEAR,2024,TOBACCO_INDICATOR,TOBACCO_INDICATOR_R_excise_retail_price_base,,,,,,,—,,,,,2025-08-20T09:41:26Z,2024,2024-01-01,2024-12-31
4288821,TOBACCO_MPOWER_R_TAXSTRUCTURE,COUNTRY,MAR,EMR,Eastern Mediterranean,YEAR,2024,TOBACCO_INDICATOR,TOBACCO_INDICATOR_R_excise_retail_price_base,,,,,,,No,,,,,2025-08-20T09:41:26Z,2024,2024-01-01,2024-12-31
4289205,TOBACCO_MPOWER_R_TAXSTRUCTURE,COUNTRY,OMN,EMR,Eastern Mediterranean,YEAR,2024,TOBACCO_INDICATOR,TOBACCO_INDICATOR_R_htp_excise_type_sticks,,,,,,,. . .,,,,,2025-08-20T09:41:26Z,2024,2024-01-01,2024-12-31
4290068,TOBACCO_MPOWER_R_TAXSTRUCTURE,COUNTRY,VUT,WPR,Western Pacific,YEAR,2024,TOBACCO_INDICATOR,TOBACCO_INDICATOR_R_afford_price_gap_decreased,,,,,,,. . .,,,,,2025-08-20T09:41:26Z,2024,2024-01-01,2024-12-31
4294004,TOBACCO_MPOWER_R_TAXSTRUCTURE,COUNTRY,HND,AMR,Americas,YEAR,2024,TOBACCO_INDICATOR,TOBACCO_INDICATOR_R_excise_min_specific,,,,,,,—,,,,,2025-08-20T09:41:26Z,2024,2024-01-01,2024-12-31
4301747,TOBACCO_MPOWER_R_TAXSTRUCTURE,COUNTRY,NRU,WPR,Western Pacific,YEAR,2024,TOBACCO_INDICATOR,TOBACCO_INDICATOR_R_excise_retail_price_base,,,,,,,—,,,,,2025-08-20T09:41:26Z,2024,2024-01-01,2024-12-31
4306395,TOBACCO_MPOWER_R_TAXSTRUCTURE,COUNTRY,UZB,EUR,Europe,YEAR,2024,TOBACCO_INDICATOR,TOBACCO_INDICATOR_R_excise_type,,,,,,,Mixed,,,,,2025-08-20T09:41:26Z,2024,2024-01-01,2024-12-31
4316284,TOBACCO_MPOWER_R_TAXSTRUCTURE,COUNTRY,HND,AMR,Americas,YEAR,2024,TOBACCO_INDICATOR,TOBACCO_INDICATOR_R_excise_uniform_varied,,,,,,,Yes,,,,,2025-08-20T09:41:26Z,2024,2024-01-01,2024-12-31
4316511,TOBACCO_MPOWER_R_TAXSTRUCTURE,COUNTRY,TGO,AFR,Africa,YEAR,2024,TOBACCO_INDICATOR,TOBACCO_INDICATOR_R_eliquid_excise_device,,,,,,,. . .,,,,,2025-08-20T09:41:26Z,2024,2024-01-01,2024-12-31
4319036,TOBACCO_MPOWER_R_TAXSTRUCTURE,COUNTRY,GRD,AMR,Americas,YEAR,2024,TOBACCO_INDICATOR,TOBACCO_INDICATOR_R_afford_price_gap_decreased,,,,,,,Yes,,,,,2025-08-20T09:41:26Z,2024,2024-01-01,2024-12-31
4319687,TOBACCO_MPOWER_R_TAXSTRUCTURE,COUNTRY,BLR,EUR,Europe,YEAR,2024,TOBACCO_INDICATOR,TOBACCO_INDICATOR_R_htp_excise_type_sticks,,,,,,,Specific,,,,,2025-08-20T09:41:26Z,2024,2024-01-01,2024-12-31
4320117,TOBACCO_MPOWER_R_TAXSTRUCTURE,COUNTRY,SYR,EMR,Eastern Mediterranean,YEAR,2024,TOBACCO_INDICATOR,TOBACCO_INDICATOR_R_afford_price_dispersion,,,,,,,20,20,,,,2025-08-20T09:41:26Z,2024,2024-01-01,2024-12-31
4321586,TOBACCO_MPOWER_R_TAXSTRUCTURE,COUNTRY,MWI,AFR,Africa,YEAR,2024,TOBACCO_INDICATOR,TOBACCO_INDICATOR_R_excise_uniform_varied,,,,,,,Yes,,,,,2025-08-20T09:41:26Z,2024,2024-01-01,2024-12-31
4322952,TOBACCO_MPOWER_R_TAXSTRUCTURE,COUNTRY,GIN,AFR,Africa,YEAR,2024,TOBACCO_INDICATOR,TOBACCO_INDICATOR_R_eliquid_excise_nicotine,,,,,,,. . .,,,,,2025-08-20T09:41:26Z,2024,2024-01-01,2024-12-31
4327149,TOBACCO_MPOWER_R_TAXSTRUCTURE,COUNTRY,GBR,EUR,Europe,YEAR,2024,TOBACCO_INDICATOR,TOBACCO_INDICATOR_R_eliquid_excise_device,,,,,,,—,,,,,2025-08-20T09:41:26Z,2024,2024-01-01,2024-12-31
4329204,TOBACCO_MPOWER_R_TAXSTRUCTURE,COUNTRY,LBY,EMR,Eastern Mediterranean,YEAR,2024,TOBACCO_INDICATOR,TOBACCO_INDICATOR_R_afford_price_gap_decreased,,,,,,,No,,,,,2025-08-20T09:41:26Z,2024,2024-01-01,2024-12-31
4331280,TOBACCO_MPOWER_R_TAXSTRUCTURE,COUNTRY,TCD,AFR,Africa,YEAR,2024,TOBACCO_INDICATOR,TOBACCO_INDICATOR_R_eliquid_excise_type,,,,,,,. . .,,,,,2025-08-20T09:41:26Z,2024,2024-01-01,2024-12-31
4331904,TOBACCO_MPOWER_R_TAXSTRUCTURE,COUNTRY,SWE,EUR,Europe,YEAR,2024,TOBACCO_INDICATOR,TOBACCO_INDICATOR_R_excise_uniform_varied,,,,,,,Yes,,,,,2025-08-20T09:41:26Z,2024,2024-01-01,2024-12-31
4336067,TOBACCO_MPOWER_R_TAXSTRUCTURE,COUNTRY,MLI,AFR,Africa,YEAR,2024,TOBACCO_INDICATOR,TOBACCO_INDICATOR_R_excise_specific_reliance,,,,,,,—,,,,,2025-08-20T09:41:26Z,2024,2024-01-01,2024-12-31
4336958,TOBACCO_MPOWER_R_TAXSTRUCTURE,COUNTRY,IND,SEAR,South-East Asia,YEAR,2024,TOBACCO_INDICATOR,TOBACCO_INDICATOR_R_min_price_policy,,,,,,,No,,,,,2025-08-20T09:41:26Z,2024,2024-01-01,2024-12-31
4341311,TOBACCO_MPOWER_R_TAXSTRUCTURE,COUNTRY,SWZ,AFR,Africa,YEAR,2024,TOBACCO_INDICATOR,TOBACCO_INDICATOR_R_afford_tax_auto_adjust,,,,,,,Yes,,,,,2025-08-20T09:41:26Z,2024,2024-01-01,2024-12-31
4341616,TOBACCO_MPOWER_R_TAXSTRUCTURE,COUNTRY,AFG,EMR,Eastern Mediterranean,YEAR,2024,TOBACCO_INDICATOR,TOBACCO_INDICATOR_R_excise_uniform_varied,,,,,,,. . .,,,,,2025-08-20T09:41:26Z,2024,2024-01-01,2024-12-31
4342792,TOBACCO_MPOWER_R_TAXSTRUCTURE,COUNTRY,LKA,SEAR,South-East Asia,YEAR,2024,TOBACCO_INDICATOR,TOBACCO_INDICATOR_R_eliquid_excise_device,,,,,,,—,,,,,2025-08-20T09:41:26Z,2024,2024-01-01,2024-12-31
4343255,TOBACCO_MPOWER_R_TAXSTRUCTURE,COUNTRY,GBR,EUR,Europe,YEAR,2024,TOBACCO_INDICATOR,TOBACCO_INDICATOR_R_htp_excise_type_sticks,,,,,,,Specific,,,,,2025-08-20T09:41:26Z,2024,2024-01-01,2024-12-31
4343857,TOBACCO_MPOWER_R_TAXSTRUCTURE,COUNTRY,BLR,EUR,Europe,YEAR,2024,TOBACCO_INDICATOR,TOBACCO_INDICATOR_R_eliquid_excise_nicotine,,,,,,,all e-liquids,,,,,2025-08-20T09:41:26Z,2024,2024-01-01,2024-12-31
4345150,TOBACCO_MPOWER_R_TAXSTRUCTURE,COUNTRY,AZE,EUR,Europe,YEAR,2024,TOBACCO_INDICATOR,TOBACCO_INDICATOR_R_afford_tax_auto_adjust,,,,,,,No,,,,,2025-08-20T09:41:26Z,2024,2024-01-01,2024-12-31
4345481,TOBACCO_MPOWER_R_TAXSTRUCTURE,COUNTRY,MEX,AMR,Americas,YEAR,2024,TOBACCO_INDICATOR,TOBACCO_INDICATOR_R_afford_price_dispersion,,,,,,,31.26,31.26,,,,2025-08-20T09:41:26Z,2024,2024-01-01,2024-12-31
4348697,TOBACCO_MPOWER_R_TAXSTRUCTURE,COUNTRY,PRK,SEAR,South-East Asia,YEAR,2024,TOBACCO_INDICATOR,TOBACCO_INDICATOR_R_eliquid_excise_type,,,,,,,. . .,,,,,2025-08-20T09:41:26Z,2024,2024-01-01,2024-12-31
4360561,TOBACCO_MPOWER_R_TAXSTRUCTURE,COUNTRY,ISL,EUR,Europe,YEAR,2024,TOBACCO_INDICATOR,TOBACCO_INDICATOR_R_afford_tax_auto_adjust,,,,,,,No,,,,,2025-08-20T09:41:26Z,2024,2024-01-01,2024-12-31
4368682,TOBACCO_MPOWER_R_TAXSTRUCTURE,COUNTRY,KEN,AFR,Africa,YEAR,2024,TOBACCO_INDICATOR,TOBACCO_INDICATOR_R_afford_price_gap_decreased,,,,,,,No,,,,,2025-08-20T09:41:26Z,2024,2024-01-01,2024-12-31
4370988,TOBACCO_MPOWER_R_TAXSTRUCTURE,COUNTRY,MLI,AFR,Africa,YEAR,2024,TOBACCO_INDICATOR,TOBACCO_INDICATOR_R_afford_price_dispersion,,,,,,,. . .,,,,,2025-08-20T09:41:26Z,2024,2024-01-01,2024-12-31
4372263,TOBACCO_MPOWER_R_TAXSTRUCTURE,COUNTRY,AND,EUR,Europe,YEAR,2024,TOBACCO_INDICATOR,TOBACCO_INDICATOR_R_htp_excise_device,,,,,,,No,,,,,2025-08-20T09:41:26Z,2024,2024-01-01,2024-12-31
4378192,TOBACCO_MPOWER_R_TAXSTRUCTURE,COUNTRY,VEN,AMR,Americas,YEAR,2024,TOBACCO_INDICATOR,TOBACCO_INDICATOR_R_excise_min_specific,,,,,,,No,,,,Data not validated by the national authorities.,2025-08-20T09:41:26Z,2024,2024-01-01,2024-12-31
4380356,TOBACCO_MPOWER_R_TAXSTRUCTURE,COUNTRY,AUT,EUR,Europe,YEAR,2024,TOBACCO_INDICATOR,TOBACCO_INDICATOR_R_htp_excise_device,,,,,,,No,,,,,2025-08-20T09:41:26Z,2024,2024-01-01,2024-12-31
4381356,TOBACCO_MPOWER_R_TAXSTRUCTURE,COUNTRY,KWT,EMR,Eastern Mediterranean,YEAR,2024,TOBACCO_INDICATOR,TOBACCO_INDICATOR_R_afford_price_gap_decreased,,,,,,,. . .,,,,,2025-08-20T09:41:26Z,2024,2024-01-01,2024-12-31
4384832,TOBACCO_MPOWER_R_TAXSTRUCTURE,COUNTRY,KWT,EMR,Eastern Mediterranean,YEAR,2024,TOBACCO_INDICATOR,TOBACCO_INDICATOR_R_excise_uniform_varied,,,,,,,—,,,,,2025-08-20T09:41:26Z,2024,2024-01-01,2024-12-31
4386777,TOBACCO_MPOWER_R_TAXSTRUCTURE,COUNTRY,AZE,EUR,Europe,YEAR,2024,TOBACCO_INDICATOR,TOBACCO_INDICATOR_R_excise_min_specific,,,,,,,—,,,,,2025-08-20T09:41:26Z,2024,2024-01-01,2024-12-31
4389242,TOBACCO_MPOWER_R_TAXSTRUCTURE,COUNTRY,QAT,EMR,Eastern Mediterranean,YEAR,2024,TOBACCO_INDICATOR,TOBACCO_INDICATOR_R_excise_uniform_varied,,,,,,,Yes,,,,,2025-08-20T09:41:26Z,2024,2024-01-01,2024-12-31
4395960,TOBACCO_MPOWER_R_TAXSTRUCTURE,COUNTRY,STP,AFR,Africa,YEAR,2024,TOBACCO_INDICATOR,TOBACCO_INDICATOR_R_excise_specific_reliance,,,,,,,—,,,,,2025-08-20T09:41:26Z,2024,2024-01-01,2024-12-31
4399100,TOBACCO_MPOWER_R_TAXSTRUCTURE,COUNTRY,FRA,EUR,Europe,YEAR,2024,TOBACCO_INDICATOR,TOBACCO_INDICATOR_R_excise_specific_reliance,,,,,,,No,,,,,2025-08-20T09:41:26Z,2024,2024-01-01,2024-12-31
4401460,TOBACCO_MPOWER_R_TAXSTRUCTURE,COUNTRY,PAN,AMR,Americas,YEAR,2024,TOBACCO_INDICATOR,TOBACCO_INDICATOR_R_afford_tax_auto_adjust,,,,,,,—,,,,,2025-08-20T09:41:26Z,2024,2024-01-01,2024-12-31
4413291,TOBACCO_MPOWER_R_TAXSTRUCTURE,COUNTRY,MYS,WPR,Western Pacific,YEAR,2024,TOBACCO_INDICATOR,TOBACCO_INDICATOR_R_afford_price_gap_decreased,,,,,,,. . .,,,,,2025-08-20T09:41:26Z,2024,2024-01-01,2024-12-31
4420819,TOBACCO_MPOWER_R_TAXSTRUCTURE,COUNTRY,IRQ,EMR,Eastern Mediterranean,YEAR,2024,TOBACCO_INDICATOR,TOBACCO_INDICATOR_R_htp_excise_type_sticks,,,,,,,. . .,,,,,2025-08-20T09:41:26Z,2024,2024-01-01,2024-12-31
4428148,TOBACCO_MPOWER_R_TAXSTRUCTURE,COUNTRY,BRB,AMR,Americas,YEAR,2024,TOBACCO_INDICATOR,TOBACCO_INDICATOR_R_htp_excise_device,,,,,,,. . .,,,,,2025-08-20T09:41:26Z,2024,2024-01-01,2024-12-31
4428864,TOBACCO_MPOWER_R_TAXSTRUCTURE,COUNTRY,MRT,AFR,Africa,YEAR,2024,TOBACCO_INDICATOR,TOBACCO_INDICATOR_R_htp_excise_device,,,,,,,. . .,,,,,2025-08-20T09:41:26Z,2024,2024-01-01,2024-12-31
4432555,TOBACCO_MPOWER_R_TAXSTRUCTURE,COUNTRY,COK,WPR,Western Pacific,YEAR,2024,TOBACCO_INDICATOR,TOBACCO_INDICATOR_R_afford_price_dispersion,,,,,,,. . .,,,,,2025-08-20T09:41:26Z,2024,2024-01-01,2024-12-31
4439013,TOBACCO_MPOWER_R_TAXSTRUCTURE,COUNTRY,NRU,WPR,Western Pacific,YEAR,2024,TOBACCO_INDICATOR,TOBACCO_INDICATOR_R_afford_price_gap_decreased,,,,,,,. . .,,,,,2025-08-20T09:41:26Z,2024,2024-01-01,2024-12-31
4439175,TOBACCO_MPOWER_R_TAXSTRUCTURE,COUNTRY,ALB,EUR,Europe,YEAR,2024,TOBACCO_INDICATOR,TOBACCO_INDICATOR_R_afford_tax_auto_adjust,,,,,,,Yes,,,,,2025-08-20T09:41:26Z,2024,2024-01-01,2024-12-31
4439813,TOBACCO_MPOWER_R_TAXSTRUCTURE,COUNTRY,KAZ,EUR,Europe,YEAR,2024,TOBACCO_INDICATOR,TOBACCO_INDICATOR_R_min_price_policy,,,,,,,Yes,,,,,2025-08-20T09:41:26Z,2024,2024-01-01,2024-12-31
4443998,TOBACCO_MPOWER_R_TAXSTRUCTURE,COUNTRY,SOM,EMR,Eastern Mediterranean,YEAR,2024,TOBACCO_INDICATOR,TOBACCO_INDICATOR_R_eliquid_excise_type,,,,,,,. . .,,,,,2025-08-20T09:41:26Z,2024,2024-01-01,2024-12-31
4444855,TOBACCO_MPOWER_R_TAXSTRUCTURE,COUNTRY,LBY,EMR,Eastern Mediterranean,YEAR,2024,TOBACCO_INDICATOR,TOBACCO_INDICATOR_R_excise_type,,,,,,,No excise,,,,,2025-08-20T09:41:26Z,2024,2024-01-01,2024-12-31
4454715,TOBACCO_MPOWER_R_TAXSTRUCTURE,COUNTRY,KHM,WPR,Western Pacific,YEAR,2024,TOBACCO_INDICATOR,TOBACCO_INDICATOR_R_excise_specific_reliance,,,,,,,—,,,,,2025-08-20T09:41:26Z,2024,2024-01-01,2024-12-31
4467060,TOBACCO_MPOWER_R_TAXSTRUCTURE,COUNTRY,NPL,SEAR,South-East Asia,YEAR,2024,TOBACCO_INDICATOR,TOBACCO_INDICATOR_R_htp_excise_device,,,,,,,. . .,,,,,2025-08-20T09:41:26Z,2024,2024-01-01,2024-12-31
4471577,TOBACCO_MPOWER_R_TAXSTRUCTURE,COUNTRY,BWA,AFR,Africa,YEAR,2024,TOBACCO_INDICATOR,TOBACCO_INDICATOR_R_excise_type,,,,,,,Specific,,,,,2025-08-20T09:41:26Z,2024,2024-01-01,2024-12-31
4473303,TOBACCO_MPOWER_R_TAXSTRUCTURE,COUNTRY,MLT,EUR,Europe,YEAR,2024,TOBACCO_INDICATOR,TOBACCO_INDICATOR_R_afford_price_dispersion,,,,,,,82.46,82.46,,,,2025-08-20T09:41:26Z,2024,2024-01-01,2024-12-31
4473834,TOBACCO_MPOWER_R_TAXSTRUCTURE,COUNTRY,ALB,EUR,Europe,YEAR,2024,TOBACCO_INDICATOR,TOBACCO_INDICATOR_R_htp_excise_device,,,,,,,. . .,,,,,2025-08-20T09:41:26Z,2024,2024-01-01,2024-12-31
4474158,TOBACCO_MPOWER_R_TAXSTRUCTURE,COUNTRY,PRY,AMR,Americas,YEAR,2024,TOBACCO_INDICATOR,TOBACCO_INDICATOR_R_htp_excise_type_sticks,,,,,,,. . .,,,,,2025-08-20T09:41:26Z,2024,2024-01-01,2024-12-31
4477397,TOBACCO_MPOWER_R_TAXSTRUCTURE,COUNTRY,FRA,EUR,Europe,YEAR,2024,TOBACCO_INDICATOR,TOBACCO_INDICATOR_R_htp_excise_type_sticks,,,,,,,Mixed,,,,,2025-08-20T09:41:26Z,2024,2024-01-01,2024-12-31
4479281,TOBACCO_MPOWER_R_TAXSTRUCTURE,COUNTRY,SGP,WPR,Western Pacific,YEAR,2024,TOBACCO_INDICATOR,TOBACCO_INDICATOR_R_min_price_policy,,,,,,,No,,,,,2025-08-20T09:41:26Z,2024,2024-01-01,2024-12-31
4484024,TOBACCO_MPOWER_R_TAXSTRUCTURE,COUNTRY,KNA,AMR,Americas,YEAR,2024,TOBACCO_INDICATOR,TOBACCO_INDICATOR_R_excise_specific_reliance,,,,,,,—,,,,,2025-08-20T09:41:26Z,2024,2024-01-01,2024-12-31
4496325,TOBACCO_MPOWER_R_TAXSTRUCTURE,COUNTRY,GRC,EUR,Europe,YEAR,2024,TOBACCO_INDICATOR,TOBACCO_INDICATOR_R_excise_retail_price_base,,,,,,,Yes,,,,,2025-08-20T09:41:26Z,2024,2024-01-01,2024-12-31
4504237,TOBACCO_MPOWER_R_TAXSTRUCTURE,COUNTRY,BGD,SEAR,South-East Asia,YEAR,2024,TOBACCO_INDICATOR,TOBACCO_INDICATOR_R_afford_price_dispersion,,,,,,,30.86,30.86,,,,2025-08-20T09:41:26Z,2024,2024-01-01,2024-12-31
4506460,TOBACCO_MPOWER_R_TAXSTRUCTURE,COUNTRY,GBR,EUR,Europe,YEAR,2024,TOBACCO_INDICATOR,TOBACCO_INDICATOR_R_eliquid_excise_type,,,,,,,No excise,,,,,2025-08-20T09:41:26Z,2024,2024-01-01,2024-12-31
4509456,TOBACCO_MPOWER_R_TAXSTRUCTURE,COUNTRY,MMR,SEAR,South-East Asia,YEAR,2024,TOBACCO_INDICATOR,TOBACCO_INDICATOR_R_excise_specific_reliance,,,,,,,—,,,,,2025-08-20T09:41:26Z,2024,2024-01-01,2024-12-31
4513358,TOBACCO_MPOWER_R_TAXSTRUCTURE,COUNTRY,COG,AFR,Africa,YEAR,2024,TOBACCO_INDICATOR,TOBACCO_INDICATOR_R_excise_min_specific,,,,,,,No,,,,,2025-08-20T09:41:26Z,2024,2024-01-01,2024-12-31
4516030,TOBACCO_MPOWER_R_TAXSTRUCTURE,COUNTRY,SDN,EMR,Eastern Mediterranean,YEAR,2024,TOBACCO_INDICATOR,TOBACCO_INDICATOR_R_eliquid_excise_type,,,,,,,. . .,,,,,2025-08-20T09:41:26Z,2024,2024-01-01,2024-12-31
4524058,TOBACCO_MPOWER_R_TAXSTRUCTURE,COUNTRY,SLV,AMR,Americas,YEAR,2024,TOBACCO_INDICATOR,TOBACCO_INDICATOR_R_eliquid_excise_device,,,,,,,—,,,,,2025-08-20T09:41:26Z,2024,2024-01-01,2024-12-31
4525530,TOBACCO_MPOWER_R_TAXSTRUCTURE,COUNTRY,TGO,AFR,Africa,YEAR,2024,TOBACCO_INDICATOR,TOBACCO_INDICATOR_R_afford_price_dispersion,,,,,,,30,30,,,,2025-08-20T09:41:26Z,2024,2024-01-01,2024-12-31
4534355,TOBACCO_MPOWER_R_TAXSTRUCTURE,COUNTRY,BDI,AFR,Africa,YEAR,2024,TOBACCO_INDICATOR,TOBACCO_INDICATOR_R_excise_specific_reliance,,,,,,,—,,,,,2025-08-20T09:41:26Z,2024,2024-01-01,2024-12-31
4539580,TOBACCO_MPOWER_R_TAXSTRUCTURE,COUNTRY,DJI,EMR,Eastern Mediterranean,YEAR,2024,TOBACCO_INDICATOR,TOBACCO_INDICATOR_R_excise_uniform_varied,,,,,,,Yes,,,,,2025-08-20T09:41:26Z,2024,2024-01-01,2024-12-31
4547155,TOBACCO_MPOWER_R_TAXSTRUCTURE,COUNTRY,STP,AFR,Africa,YEAR,2024,TOBACCO_INDICATOR,TOBACCO_INDICATOR_R_eliquid_excise_nicotine,,,,,,,nicotine only,,,,,2025-08-20T09:41:26Z,2024,2024-01-01,2024-12-31
4553558,TOBACCO_MPOWER_R_TAXSTRUCTURE,COUNTRY,NAM,AFR,Africa,YEAR,2024,TOBACCO_INDICATOR,TOBACCO_INDICATOR_R_afford_tax_auto_adjust,,,,,,,Yes,,,,,2025-08-20T09:41:26Z,2024,2024-01-01,2024-12-31
4560914,TOBACCO_MPOWER_R_TAXSTRUCTURE,COUNTRY,GIN,AFR,Africa,YEAR,2024,TOBACCO_INDICATOR,TOBACCO_INDICATOR_R_htp_excise_device,,,,,,,. . .,,,,,2025-08-20T09:41:26Z,2024,2024-01-01,2024-12-31
4564460,TOBACCO_MPOWER_R_TAXSTRUCTURE,COUNTRY,URY,AMR,Americas,YEAR,2024,TOBACCO_INDICATOR,TOBACCO_INDICATOR_R_excise_type,,,,,,,Specific,,,,,2025-08-20T09:41:26Z,2024,2024-01-01,2024-12-31
4565566,TOBACCO_MPOWER_R_TAXSTRUCTURE,COUNTRY,KIR,WPR,Western Pacific,YEAR,2024,TOBACCO_INDICATOR,TOBACCO_INDICATOR_R_excise_min_specific,,,,,,,—,,,,,2025-08-20T09:41:26Z,2024,2024-01-01,2024-12-31
4569714,TOBACCO_MPOWER_R_TAXSTRUCTURE,COUNTRY,MEX,AMR,Americas,YEAR,2024,TOBACCO_INDICATOR,TOBACCO_INDICATOR_R_htp_excise_type_sticks,,,,,,,—,,,,,2025-08-20T09:41:26Z,2024,2024-01-01,2024-12-31
4577564,TOBACCO_MPOWER_R_TAXSTRUCTURE,COUNTRY,TUN,EMR,Eastern Mediterranean,YEAR,2024,TOBACCO_INDICATOR,TOBACCO_INDICATOR_R_eliquid_excise_device,,,,,,,. . .,,,,,2025-08-20T09:41:26Z,2024,2024-01-01,2024-12-31
4578318,TOBACCO_MPOWER_R_TAXSTRUCTURE,COUNTRY,COL,AMR,Americas,YEAR,2024,TOBACCO_INDICATOR,TOBACCO_INDICATOR_R_eliquid_excise_nicotine,,,,,,,—,,,,,2025-08-20T09:41:26Z,2024,2024-01-01,2024-12-31
4579409,TOBACCO_MPOWER_R_TAXSTRUCTURE,COUNTRY,TJK,EUR,Europe,YEAR,2024,TOBACCO_INDICATOR,TOBACCO_INDICATOR_R_afford_price_gap_decreased,,,,,,,Yes,,,,,2025-08-20T09:41:26Z,2024,2024-01-01,2024-12-31
4579885,TOBACCO_MPOWER_R_TAXSTRUCTURE,COUNTRY,DZA,AFR,Africa,YEAR,2024,TOBACCO_INDICATOR,TOBACCO_INDICATOR_R_min_price_policy,,,,,,,No,,,,,2025-08-20T09:41:26Z,2024,2024-01-01,2024-12-31
4581930,TOBACCO_MPOWER_R_TAXSTRUCTURE,COUNTRY,TKM,EUR,Europe,YEAR,2024,TOBACCO_INDICATOR,TOBACCO_INDICATOR_R_eliquid_excise_nicotine,,,,,,,—,,,,,2025-08-20T09:41:26Z,2024,2024-01-01,2024-12-31
4583857,TOBACCO_MPOWER_R_TAXSTRUCTURE,COUNTRY,SYR,EMR,Eastern Mediterranean,YEAR,2024,TOBACCO_INDICATOR,TOBACCO_INDICATOR_R_excise_min_specific,,,,,,,No,,,,,2025-08-20T09:41:26Z,2024,2024-01-01,2024-12-31
4587457,TOBACCO_MPOWER_R_TAXSTRUCTURE,COUNTRY,GUY,AMR,Americas,YEAR,2024,TOBACCO_INDICATOR,TOBACCO_INDICATOR_R_htp_excise_type_sticks,,,,,,,. . .,,,,,2025-08-20T09:41:26Z,2024,2024-01-01,2024-12-31
4590010,TOBACCO_MPOWER_R_TAXSTRUCTURE,COUNTRY,BEL,EUR,Europe,YEAR,2024,TOBACCO_INDICATOR,TOBACCO_INDICATOR_R_eliquid_excise_device,,,,,,,. . .,,,,,2025-08-20T09:41:26Z,2024,2024-01-01,2024-12-31
4590399,TOBACCO_MPOWER_R_TAXSTRUCTURE,COUNTRY,ZWE,AFR,Africa,YEAR,2024,TOBACCO_INDICATOR,TOBACCO_INDICATOR_R_excise_min_specific,,,,,,,No,,,,,2025-08-20T09:41:26Z,2024,2024-01-01,2024-12-31
4593604,TOBACCO_MPOWER_R_TAXSTRUCTURE,COUNTRY,AFG,EMR,Eastern Mediterranean,YEAR,2024,TOBACCO_INDICATOR,TOBACCO_INDICATOR_R_excise_retail_price_base,,,,,,,. . .,,,,,2025-08-20T09:41:26Z,2024,2024-01-01,2024-12-31
4595475,TOBACCO_MPOWER_R_TAXSTRUCTURE,COUNTRY,RWA,AFR,Africa,YEAR,2024,TOBACCO_INDICATOR,TOBACCO_INDICATOR_R_excise_type,,,,,,,Mixed,,,,,2025-08-20T09:41:26Z,2024,2024-01-01,2024-12-31
4597313,TOBACCO_MPOWER_R_TAXSTRUCTURE,COUNTRY,MUS,AFR,Africa,YEAR,2024,TOBACCO_INDICATOR,TOBACCO_INDICATOR_R_eliquid_excise_type,,,,,,,—,,,,,2025-08-20T09:41:26Z,2024,2024-01-01,2024-12-31
4600483,TOBACCO_MPOWER_R_TAXSTRUCTURE,COUNTRY,MUS,AFR,Africa,YEAR,2024,TOBACCO_INDICATOR,TOBACCO_INDICATOR_R_eliquid_excise_nicotine,,,,,,,—,,,,,2025-08-20T09:41:26Z,2024,2024-01-01,2024-12-31
4603513,TOBACCO_MPOWER_R_TAXSTRUCTURE,COUNTRY,TGO,AFR,Africa,YEAR,2024,TOBACCO_INDICATOR,TOBACCO_INDICATOR_R_htp_excise_type_sticks,,,,,,,. . .,,,,,2025-08-20T09:41:26Z,2024,2024-01-01,2024-12-31
4605107,TOBACCO_MPOWER_R_TAXSTRUCTURE,COUNTRY,MYS,WPR,Western Pacific,YEAR,2024,TOBACCO_INDICATOR,TOBACCO_INDICATOR_R_excise_uniform_varied,,,,,,,Yes,,,,,2025-08-20T09:41:26Z,2024,2024-01-01,2024-12-31
4606649,TOBACCO_MPOWER_R_TAXSTRUCTURE,COUNTRY,BTN,SEAR,South-East Asia,YEAR,2024,TOBACCO_INDICATOR,TOBACCO_INDICATOR_R_eliquid_excise_type,,,,,,,. . .,,,,,2025-08-20T09:41:26Z,2024,2024-01-01,2024-12-31
4609700,TOBACCO_MPOWER_R_TAXSTRUCTURE,COUNTRY,MLT,EUR,Europe,YEAR,2024,TOBACCO_INDICATOR,TOBACCO_INDICATOR_R_excise_specific_reliance,,,,,,,Yes,,,,,2025-08-20T09:41:26Z,2024,2024-01-01,2024-12-31
4612813,TOBACCO_MPOWER_R_TAXSTRUCTURE,COUNTRY,PLW,WPR,Western Pacific,YEAR,2024,TOBACCO_INDICATOR,TOBACCO_INDICATOR_R_excise_type,,,,,,,Specific,,,,,2025-08-20T09:41:26Z,2024,2024-01-01,2024-12-31
4613755,TOBACCO_MPOWER_R_TAXSTRUCTURE,COUNTRY,MUS,AFR,Africa,YEAR,2024,TOBACCO_INDICATOR,TOBACCO_INDICATOR_R_htp_excise_device,,,,,,,—,,,,,2025-08-20T09:41:26Z,2024,2024-01-01,2024-12-31
4618930,TOBACCO_MPOWER_R_TAXSTRUCTURE,COUNTRY,NLD,EUR,Europe,YEAR,2024,TOBACCO_INDICATOR,TOBACCO_INDICATOR_R_afford_price_dispersion,,,,,,,86.4,86.4,,,,2025-08-20T09:41:26Z,2024,2024-01-01,2024-12-31
4626202,TOBACCO_MPOWER_R_TAXSTRUCTURE,COUNTRY,COM,AFR,Africa,YEAR,2024,TOBACCO_INDICATOR,TOBACCO_INDICATOR_R_afford_price_dispersion,,,,,,,20,20,,,,2025-08-20T09:41:26Z,2024,2024-01-01,2024-12-31
4626673,TOBACCO_MPOWER_R_TAXSTRUCTURE,COUNTRY,CAN,AMR,Americas,YEAR,2024,TOBACCO_INDICATOR,TOBACCO_INDICATOR_R_excise_min_specific,,,,,,,—,,,,,2025-08-20T09:41:26Z,2024,2024-01-01,2024-12-31
4635117,TOBACCO_MPOWER_R_TAXSTRUCTURE,COUNTRY,BGD,SEAR,South-East Asia,YEAR,2024,TOBACCO_INDICATOR,TOBACCO_INDICATOR_R_excise_uniform_varied,,,,,,,No,,,,,2025-08-20T09:41:26Z,2024,2024-01-01,2024-12-31
4639180,TOBACCO_MPOWER_R_TAXSTRUCTURE,COUNTRY,BRB,AMR,Americas,YEAR,2024,TOBACCO_INDICATOR,TOBACCO_INDICATOR_R_eliquid_excise_device,,,,,,,. . .,,,,,2025-08-20T09:41:26Z,2024,2024-01-01,2024-12-31
4641726,TOBACCO_MPOWER_R_TAXSTRUCTURE,COUNTRY,SLE,AFR,Africa,YEAR,2024,TOBACCO_INDICATOR,TOBACCO_INDICATOR_R_excise_uniform_varied,,,,,,,Yes,,,,,2025-08-20T09:41:26Z,2024,2024-01-01,2024-12-31
4641999,TOBACCO_MPOWER_R_TAXSTRUCTURE,COUNTRY,EST,EUR,Europe,YEAR,2024,TOBACCO_INDICATOR,TOBACCO_INDICATOR_R_afford_price_gap_decreased,,,,,,,Yes,,,,,2025-08-20T09:41:26Z,2024,2024-01-01,2024-12-31
4645173,TOBACCO_MPOWER_R_TAXSTRUCTURE,COUNTRY,ERI,AFR,Africa,YEAR,2024,TOBACCO_INDICATOR,TOBACCO_INDICATOR_R_afford_price_gap_decreased,,,,,,,. . .,,,,,2025-08-20T09:41:26Z,2024,2024-01-01,2024-12-31
4648417,TOBACCO_MPOWER_R_TAXSTRUCTURE,COUNTRY,HND,AMR,Americas,YEAR,2024,TOBACCO_INDICATOR,TOBACCO_INDICATOR_R_htp_excise_device,,,,,,,. . .,,,,,2025-08-20T09:41:26Z,2024,2024-01-01,2024-12-31
4654966,TOBACCO_MPOWER_R_TAXSTRUCTURE,COUNTRY,OMN,EMR,Eastern Mediterranean,YEAR,2024,TOBACCO_INDICATOR,TOBACCO_INDICATOR_R_afford_tax_auto_adjust,,,,,,,No,,,,,2025-08-20T09:41:26Z,2024,2024-01-01,2024-12-31
4658134,TOBACCO_MPOWER_R_TAXSTRUCTURE,COUNTRY,JPN,WPR,Western Pacific,YEAR,2024,TOBACCO_INDICATOR,TOBACCO_INDICATOR_R_excise_type,,,,,,,Specific,,,,,2025-08-20T09:41:26Z,2024,2024-01-01,2024-12-31
4661415,TOBACCO_MPOWER_R_TAXSTRUCTURE,COUNTRY,NPL,SEAR,South-East Asia,YEAR,2024,TOBACCO_INDICATOR,TOBACCO_INDICATOR_R_afford_price_dispersion,,,,,,,. . .,,,,,2025-08-20T09:41:26Z,2024,2024-01-01,2024-12-31
4663586,TOBACCO_MPOWER_R_TAXSTRUCTURE,COUNTRY,NIU,WPR,Western Pacific,YEAR,2024,TOBACCO_INDICATOR,TOBACCO_INDICATOR_R_afford_tax_auto_adjust,,,,,,,. . .,,,,,2025-08-20T09:41:26Z,2024,2024-01-01,2024-12-31
4665926,TOBACCO_MPOWER_R_TAXSTRUCTURE,COUNTRY,AGO,AFR,Africa,YEAR,2024,TOBACCO_INDICATOR,TOBACCO_INDICATOR_R_eliquid_excise_nicotine,,,,,,,. . .,,,,,2025-08-20T09:41:26Z,2024,2024-01-01,2024-12-31
4666958,TOBACCO_MPOWER_R_TAXSTRUCTURE,COUNTRY,BLZ,AMR,Americas,YEAR,2024,TOBACCO_INDICATOR,TOBACCO_INDICATOR_R_eliquid_excise_type,,,,,,,No excise,,,,,2025-08-20T09:41:26Z,2024,2024-01-01,2024-12-31
4669143,TOBACCO_MPOWER_R_TAXSTRUCTURE,COUNTRY,SUR,AMR,Americas,YEAR,2024,TOBACCO_INDICATOR,TOBACCO_INDICATOR_R_excise_type,,,,,,,Specific,,,,,2025-08-20T09:41:26Z,2024,2024-01-01,2024-12-31
4669144,TOBACCO_MPOWER_R_TAXSTRUCTURE,COUNTRY,ARG,AMR,Americas,YEAR,2024,TOBACCO_INDICATOR,TOBACCO_INDICATOR_R_afford_tax_auto_adjust,,,,,,,—,,,,,2025-08-20T09:41:26Z,2024,2024-01-01,2024-12-31
4670288,TOBACCO_MPOWER_R_TAXSTRUCTURE,COUNTRY,BLZ,AMR,Americas,YEAR,2024,TOBACCO_INDICATOR,TOBACCO_INDICATOR_R_afford_tax_auto_adjust,,,,,,,No,,,,,2025-08-20T09:41:26Z,2024,2024-01-01,2024-12-31
4673382,TOBACCO_MPOWER_R_TAXSTRUCTURE,COUNTRY,MKD,EUR,Europe,YEAR,2024,TOBACCO_INDICATOR,TOBACCO_INDICATOR_R_excise_min_specific,,,,,,,Yes,,,,,2025-08-20T09:41:26Z,2024,2024-01-01,2024-12-31
4675327,TOBACCO_MPOWER_R_TAXSTRUCTURE,COUNTRY,CIV,AFR,Africa,YEAR,2024,TOBACCO_INDICATOR,TOBACCO_INDICATOR_R_htp_excise_type_sticks,,,,,,,Ad valorem,,,,,2025-08-20T09:41:26Z,2024,2024-01-01,2024-12-31
4676114,TOBACCO_MPOWER_R_TAXSTRUCTURE,COUNTRY,BRA,AMR,Americas,YEAR,2024,TOBACCO_INDICATOR,TOBACCO_INDICATOR_R_eliquid_excise_device,,,,,,,—,,,,,2025-08-20T09:41:26Z,2024,2024-01-01,2024-12-31
4678434,TOBACCO_MPOWER_R_TAXSTRUCTURE,COUNTRY,UZB,EUR,Europe,YEAR,2024,TOBACCO_INDICATOR,TOBACCO_INDICATOR_R_eliquid_excise_device,,,,,,,No,,,,,2025-08-20T09:41:26Z,2024,2024-01-01,2024-12-31
4682331,TOBACCO_MPOWER_R_TAXSTRUCTURE,COUNTRY,MRT,AFR,Africa,YEAR,2024,TOBACCO_INDICATOR,TOBACCO_INDICATOR_R_afford_price_gap_decreased,,,,,,,. . .,,,,,2025-08-20T09:41:26Z,2024,2024-01-01,2024-12-31
4682750,TOBACCO_MPOWER_R_TAXSTRUCTURE,COUNTRY,HRV,EUR,Europe,YEAR,2024,TOBACCO_INDICATOR,TOBACCO_INDICATOR_R_afford_tax_auto_adjust,,,,,,,No,,,,,2025-08-20T09:41:26Z,2024,2024-01-01,2024-12-31
4685586,TOBACCO_MPOWER_R_TAXSTRUCTURE,COUNTRY,CHN,WPR,Western Pacific,YEAR,2024,TOBACCO_INDICATOR,TOBACCO_INDICATOR_R_excise_uniform_varied,,,,,,,No,,,,,2025-08-20T09:41:26Z,2024,2024-01-01,2024-12-31
4685735,TOBACCO_MPOWER_R_TAXSTRUCTURE,COUNTRY,TON,WPR,Western Pacific,YEAR,2024,TOBACCO_INDICATOR,TOBACCO_INDICATOR_R_htp_excise_type_sticks,,,,,,,No excise,,,,,2025-08-20T09:41:26Z,2024,2024-01-01,2024-12-31
4691877,TOBACCO_MPOWER_R_TAXSTRUCTURE,COUNTRY,PRY,AMR,Americas,YEAR,2024,TOBACCO_INDICATOR,TOBACCO_INDICATOR_R_eliquid_excise_device,,,,,,,No,,,,,2025-08-20T09:41:26Z,2024,2024-01-01,2024-12-31
4696009,TOBACCO_MPOWER_R_TAXSTRUCTURE,COUNTRY,HUN,EUR,Europe,YEAR,2024,TOBACCO_INDICATOR,TOBACCO_INDICATOR_R_afford_tax_auto_adjust,,,,,,,No,,,,,2025-08-20T09:41:26Z,2024,2024-01-01,2024-12-31
4702607,TOBACCO_MPOWER_R_TAXSTRUCTURE,COUNTRY,TZA,AFR,Africa,YEAR,2024,TOBACCO_INDICATOR,TOBACCO_INDICATOR_R_min_price_policy,,,,,,,No,,,,,2025-08-20T09:41:26Z,2024,2024-01-01,2024-12-31
4704986,TOBACCO_MPOWER_R_TAXSTRUCTURE,COUNTRY,KIR,WPR,Western Pacific,YEAR,2024,TOBACCO_INDICATOR,TOBACCO_INDICATOR_R_afford_tax_auto_adjust,,,,,,,No,,,,,2025-08-20T09:41:26Z,2024,2024-01-01,2024-12-31
4709247,TOBACCO_MPOWER_R_TAXSTRUCTURE,COUNTRY,DOM,AMR,Americas,YEAR,2024,TOBACCO_INDICATOR,TOBACCO_INDICATOR_R_afford_price_gap_decreased,,,,,,,No,,,,,2025-08-20T09:41:26Z,2024,2024-01-01,2024-12-31
4715911,TOBACCO_MPOWER_R_TAXSTRUCTURE,COUNTRY,EST,EUR,Europe,YEAR,2024,TOBACCO_INDICATOR,TOBACCO_INDICATOR_R_min_price_policy,,,,,,,No,,,,,2025-08-20T09:41:26Z,2024,2024-01-01,2024-12-31
4720313,TOBACCO_MPOWER_R_TAXSTRUCTURE,COUNTRY,URY,AMR,Americas,YEAR,2024,TOBACCO_INDICATOR,TOBACCO_INDICATOR_R_excise_specific_reliance,,,,,,,—,,,,,2025-08-20T09:41:26Z,2024,2024-01-01,2024-12-31
4726349,TOBACCO_MPOWER_R_TAXSTRUCTURE,COUNTRY,AND,EUR,Europe,YEAR,2024,TOBACCO_INDICATOR,TOBACCO_INDICATOR_R_afford_price_gap_decreased,,,,,,,No,,,,,2025-08-20T09:41:26Z,2024,2024-01-01,2024-12-31
4735737,TOBACCO_MPOWER_R_TAXSTRUCTURE,COUNTRY,ESP,EUR,Europe,YEAR,2024,TOBACCO_INDICATOR,TOBACCO_INDICATOR_R_excise_uniform_varied,,,,,,,Yes,,,,,2025-08-20T09:41:26Z,2024,2024-01-01,2024-12-31
4743602,TOBACCO_MPOWER_R_TAXSTRUCTURE,COUNTRY,CAF,AFR,Africa,YEAR,2024,TOBACCO_INDICATOR,TOBACCO_INDICATOR_R_excise_specific_reliance,,,,,,,No,,,,,2025-08-20T09:41:26Z,2024,2024-01-01,2024-12-31
4744836,TOBACCO_MPOWER_R_TAXSTRUCTURE,COUNTRY,GNB,AFR,Africa,YEAR,2024,TOBACCO_INDICATOR,TOBACCO_INDICATOR_R_htp_excise_type_sticks,,,,,,,. . .,,,,,2025-08-20T09:41:26Z,2024,2024-01-01,2024-12-31
4748792,TOBACCO_MPOWER_R_TAXSTRUCTURE,COUNTRY,PAN,AMR,Americas,YEAR,2024,TOBACCO_INDICATOR,TOBACCO_INDICATOR_R_excise_retail_price_base,,,,,,,No,,,,,2025-08-20T09:41:26Z,2024,2024-01-01,2024-12-31
4749668,TOBACCO_MPOWER_R_TAXSTRUCTURE,COUNTRY,CAF,AFR,Africa,YEAR,2024,TOBACCO_INDICATOR,TOBACCO_INDICATOR_R_eliquid_excise_nicotine,,,,,,,. . .,,,,,2025-08-20T09:41:26Z,2024,2024-01-01,2024-12-31
4750252,TOBACCO_MPOWER_R_TAXSTRUCTURE,COUNTRY,ETH,AFR,Africa,YEAR,2024,TOBACCO_INDICATOR,TOBACCO_INDICATOR_R_eliquid_excise_nicotine,,,,,,,—,,,,,2025-08-20T09:41:26Z,2024,2024-01-01,2024-12-31
4751406,TOBACCO_MPOWER_R_TAXSTRUCTURE,COUNTRY,SSD,AFR,Africa,YEAR,2024,TOBACCO_INDICATOR,TOBACCO_INDICATOR_R_eliquid_excise_type,,,,,,,. . .,,,,,2025-08-20T09:41:26Z,2024,2024-01-01,2024-12-31
4762478,TOBACCO_MPOWER_R_TAXSTRUCTURE,COUNTRY,SEN,AFR,Africa,YEAR,2024,TOBACCO_INDICATOR,TOBACCO_INDICATOR_R_min_price_policy,,,,,,,No,,,,,2025-08-20T09:41:26Z,2024,2024-01-01,2024-12-31
4765208,TOBACCO_MPOWER_R_TAXSTRUCTURE,COUNTRY,TUV,WPR,Western Pacific,YEAR,2024,TOBACCO_INDICATOR,TOBACCO_INDICATOR_R_afford_tax_auto_adjust,,,,,,,—,,,,,2025-08-20T09:41:26Z,2024,2024-01-01,2024-12-31
4766710,TOBACCO_MPOWER_R_TAXSTRUCTURE,COUNTRY,FRA,EUR,Europe,YEAR,2024,TOBACCO_INDICATOR,TOBACCO_INDICATOR_R_htp_excise_device,,,,,,,No,,,,,2025-08-20T09:41:26Z,2024,2024-01-01,2024-12-31
4766892,TOBACCO_MPOWER_R_TAXSTRUCTURE,COUNTRY,BTN,SEAR,South-East Asia,YEAR,2024,TOBACCO_INDICATOR,TOBACCO_INDICATOR_R_excise_type,,,,,,,Ad valorem,,,,Bhutan has a 100% sales tax on tobacco products; treated here as an ad valorem excise tax.,2025-08-20T09:41:26Z,2024,2024-01-01,2024-12-31
4770440,TOBACCO_MPOWER_R_TAXSTRUCTURE,COUNTRY,TJK,EUR,Europe,YEAR,2024,TOBACCO_INDICATOR,TOBACCO_INDICATOR_R_excise_min_specific,,,,,,,—,,,,,2025-08-20T09:41:26Z,2024,2024-01-01,2024-12-31
4779541,TOBACCO_MPOWER_R_TAXSTRUCTURE,COUNTRY,FIN,EUR,Europe,YEAR,2024,TOBACCO_INDICATOR,TOBACCO_INDICATOR_R_eliquid_excise_nicotine,,,,,,,all e-liquids,,,,,2025-08-20T09:41:26Z,2024,2024-01-01,2024-12-31
4787619,TOBACCO_MPOWER_R_TAXSTRUCTURE,COUNTRY,SDN,EMR,Eastern Mediterranean,YEAR,2024,TOBACCO_INDICATOR,TOBACCO_INDICATOR_R_htp_excise_device,,,,,,,. . .,,,,,2025-08-20T09:41:26Z,2024,2024-01-01,2024-12-31
4789703,TOBACCO_MPOWER_R_TAXSTRUCTURE,COUNTRY,UKR,EUR,Europe,YEAR,2024,TOBACCO_INDICATOR,TOBACCO_INDICATOR_R_htp_excise_device,,,,,,,. . .,,,,,2025-08-20T09:41:26Z,2024,2024-01-01,2024-12-31
4806711,TOBACCO_MPOWER_R_TAXSTRUCTURE,COUNTRY,KHM,WPR,Western Pacific,YEAR,2024,TOBACCO_INDICATOR,TOBACCO_INDICATOR_R_excise_uniform_varied,,,,,,,Yes,,,,,2025-08-20T09:41:26Z,2024,2024-01-01,2024-12-31
4809394,TOBACCO_MPOWER_R_TAXSTRUCTURE,COUNTRY,ARE,EMR,Eastern Mediterranean,YEAR,2024,TOBACCO_INDICATOR,TOBACCO_INDICATOR_R_eliquid_excise_device,,,,,,,Yes,,,,,2025-08-20T09:41:26Z,2024,2024-01-01,2024-12-31
4812671,TOBACCO_MPOWER_R_TAXSTRUCTURE,COUNTRY,NOR,EUR,Europe,YEAR,2024,TOBACCO_INDICATOR,TOBACCO_INDICATOR_R_min_price_policy,,,,,,,No,,,,,2025-08-20T09:41:26Z,2024,2024-01-01,2024-12-31
4813627,TOBACCO_MPOWER_R_TAXSTRUCTURE,COUNTRY,BWA,AFR,Africa,YEAR,2024,TOBACCO_INDICATOR,TOBACCO_INDICATOR_R_excise_uniform_varied,,,,,,,Yes,,,,,2025-08-20T09:41:26Z,2024,2024-01-01,2024-12-31
4817831,TOBACCO_MPOWER_R_TAXSTRUCTURE,COUNTRY,LAO,WPR,Western Pacific,YEAR,2024,TOBACCO_INDICATOR,TOBACCO_INDICATOR_R_afford_tax_auto_adjust,,,,,,,—,,,,,2025-08-20T09:41:26Z,2024,2024-01-01,2024-12-31
4819581,TOBACCO_MPOWER_R_TAXSTRUCTURE,COUNTRY,ITA,EUR,Europe,YEAR,2024,TOBACCO_INDICATOR,TOBACCO_INDICATOR_R_excise_retail_price_base,,,,,,,Yes,,,,,2025-08-20T09:41:26Z,2024,2024-01-01,2024-12-31
4819703,TOBACCO_MPOWER_R_TAXSTRUCTURE,COUNTRY,MNG,WPR,Western Pacific,YEAR,2024,TOBACCO_INDICATOR,TOBACCO_INDICATOR_R_afford_price_gap_decreased,,,,,,,No,,,,,2025-08-20T09:41:26Z,2024,2024-01-01,2024-12-31
4820513,TOBACCO_MPOWER_R_TAXSTRUCTURE,COUNTRY,EGY,EMR,Eastern Mediterranean,YEAR,2024,TOBACCO_INDICATOR,TOBACCO_INDICATOR_R_htp_excise_type_sticks,,,,,,,Specific,,,,,2025-08-20T09:41:26Z,2024,2024-01-01,2024-12-31
4821050,TOBACCO_MPOWER_R_TAXSTRUCTURE,COUNTRY,MKD,EUR,Europe,YEAR,2024,TOBACCO_INDICATOR,TOBACCO_INDICATOR_R_eliquid_excise_nicotine,,,,,,,all e-liquids,,,,,2025-08-20T09:41:26Z,2024,2024-01-01,2024-12-31
4837354,TOBACCO_MPOWER_R_TAXSTRUCTURE,COUNTRY,THA,SEAR,South-East Asia,YEAR,2024,TOBACCO_INDICATOR,TOBACCO_INDICATOR_R_eliquid_excise_device,,,,,,,—,,,,,2025-08-20T09:41:26Z,2024,2024-01-01,2024-12-31
4842883,TOBACCO_MPOWER_R_TAXSTRUCTURE,COUNTRY,IDN,WPR,Western Pacific,YEAR,2024,TOBACCO_INDICATOR,TOBACCO_INDICATOR_R_excise_uniform_varied,,,,,,,No,,,,,2025-08-20T09:41:26Z,2024,2024-01-01,2024-12-31
4843291,TOBACCO_MPOWER_R_TAXSTRUCTURE,COUNTRY,BLR,EUR,Europe,YEAR,2024,TOBACCO_INDICATOR,TOBACCO_INDICATOR_R_htp_excise_device,,,,,,,. . .,,,,,2025-08-20T09:41:26Z,2024,2024-01-01,2024-12-31
4846521,TOBACCO_MPOWER_R_TAXSTRUCTURE,COUNTRY,GEO,EUR,Europe,YEAR,2024,TOBACCO_INDICATOR,TOBACCO_INDICATOR_R_eliquid_excise_device,,,,,,,No,,,,,2025-08-20T09:41:26Z,2024,2024-01-01,2024-12-31
4848064,TOBACCO_MPOWER_R_TAXSTRUCTURE,COUNTRY,BRN,WPR,Western Pacific,YEAR,2024,TOBACCO_INDICATOR,TOBACCO_INDICATOR_R_eliquid_excise_nicotine,,,,,,,all e-liquids,,,,,2025-08-20T09:41:26Z,2024,2024-01-01,2024-12-31
4850718,TOBACCO_MPOWER_R_TAXSTRUCTURE,COUNTRY,BRN,WPR,Western Pacific,YEAR,2024,TOBACCO_INDICATOR,TOBACCO_INDICATOR_R_min_price_policy,,,,,,,No,,,,,2025-08-20T09:41:26Z,2024,2024-01-01,2024-12-31
4855482,TOBACCO_MPOWER_R_TAXSTRUCTURE,COUNTRY,GEO,EUR,Europe,YEAR,2024,TOBACCO_INDICATOR,TOBACCO_INDICATOR_R_htp_excise_device,,,,,,,No,,,,,2025-08-20T09:41:26Z,2024,2024-01-01,2024-12-31
4858454,TOBACCO_MPOWER_R_TAXSTRUCTURE,COUNTRY,TCD,AFR,Africa,YEAR,2024,TOBACCO_INDICATOR,TOBACCO_INDICATOR_R_excise_type,,,,,,,Mixed,,,,,2025-08-20T09:41:26Z,2024,2024-01-01,2024-12-31
4863659,TOBACCO_MPOWER_R_TAXSTRUCTURE,COUNTRY,SOM,EMR,Eastern Mediterranean,YEAR,2024,TOBACCO_INDICATOR,TOBACCO_INDICATOR_R_htp_excise_type_sticks,,,,,,,. . .,,,,,2025-08-20T09:41:26Z,2024,2024-01-01,2024-12-31
4869317,TOBACCO_MPOWER_R_TAXSTRUCTURE,COUNTRY,BLZ,AMR,Americas,YEAR,2024,TOBACCO_INDICATOR,TOBACCO_INDICATOR_R_min_price_policy,,,,,,,No,,,,,2025-08-20T09:41:26Z,2024,2024-01-01,2024-12-31
4875001,TOBACCO_MPOWER_R_TAXSTRUCTURE,COUNTRY,URY,AMR,Americas,YEAR,2024,TOBACCO_INDICATOR,TOBACCO_INDICATOR_R_excise_uniform_varied,,,,,,,Yes,,,,,2025-08-20T09:41:26Z,2024,2024-01-01,2024-12-31
4877454,TOBACCO_MPOWER_R_TAXSTRUCTURE,COUNTRY,FRA,EUR,Europe,YEAR,2024,TOBACCO_INDICATOR,TOBACCO_INDICATOR_R_excise_type,,,,,,,Mixed,,,,,2025-08-20T09:41:26Z,2024,2024-01-01,2024-12-31
4881637,TOBACCO_MPOWER_R_TAXSTRUCTURE,COUNTRY,SMR,EUR,Europe,YEAR,2024,TOBACCO_INDICATOR,TOBACCO_INDICATOR_R_excise_uniform_varied,,,,,,,Yes,,,,,2025-08-20T09:41:26Z,2024,2024-01-01,2024-12-31
4883889,TOBACCO_MPOWER_R_TAXSTRUCTURE,COUNTRY,CHL,AMR,Americas,YEAR,2024,TOBACCO_INDICATOR,TOBACCO_INDICATOR_R_afford_price_gap_decreased,,,,,,,No,,,,,2025-08-20T09:41:26Z,2024,2024-01-01,2024-12-31
4884937,TOBACCO_MPOWER_R_TAXSTRUCTURE,COUNTRY,GMB,AFR,Africa,YEAR,2024,TOBACCO_INDICATOR,TOBACCO_INDICATOR_R_excise_type,,,,,,,Mixed,,,,,2025-08-20T09:41:26Z,2024,2024-01-01,2024-12-31
4890215,TOBACCO_MPOWER_R_TAXSTRUCTURE,COUNTRY,KAZ,EUR,Europe,YEAR,2024,TOBACCO_INDICATOR,TOBACCO_INDICATOR_R_excise_uniform_varied,,,,,,,Yes,,,,,2025-08-20T09:41:26Z,2024,2024-01-01,2024-12-31
4893264,TOBACCO_MPOWER_R_TAXSTRUCTURE,COUNTRY,DMA,AMR,Americas,YEAR,2024,TOBACCO_INDICATOR,TOBACCO_INDICATOR_R_excise_retail_price_base,,,,,,,—,,,,,2025-08-20T09:41:26Z,2024,2024-01-01,2024-12-31
4895260,TOBACCO_MPOWER_R_TAXSTRUCTURE,COUNTRY,RUS,EUR,Europe,YEAR,2024,TOBACCO_INDICATOR,TOBACCO_INDICATOR_R_htp_excise_type_sticks,,,,,,,Specific,,,,,2025-08-20T09:41:26Z,2024,2024-01-01,2024-12-31
4902708,TOBACCO_MPOWER_R_TAXSTRUCTURE,COUNTRY,ISL,EUR,Europe,YEAR,2024,TOBACCO_INDICATOR,TOBACCO_INDICATOR_R_afford_price_gap_decreased,,,,,,,No,,,,,2025-08-20T09:41:26Z,2024,2024-01-01,2024-12-31
4916482,TOBACCO_MPOWER_R_TAXSTRUCTURE,COUNTRY,SUR,AMR,Americas,YEAR,2024,TOBACCO_INDICATOR,TOBACCO_INDICATOR_R_htp_excise_type_sticks,,,,,,,. . .,,,,,2025-08-20T09:41:26Z,2024,2024-01-01,2024-12-31
4928715,TOBACCO_MPOWER_R_TAXSTRUCTURE,COUNTRY,LBN,EMR,Eastern Mediterranean,YEAR,2024,TOBACCO_INDICATOR,TOBACCO_INDICATOR_R_min_price_policy,,,,,,,No,,,,,2025-08-20T09:41:26Z,2024,2024-01-01,2024-12-31
4928819,TOBACCO_MPOWER_R_TAXSTRUCTURE,COUNTRY,ROU,EUR,Europe,YEAR,2024,TOBACCO_INDICATOR,TOBACCO_INDICATOR_R_min_price_policy,,,,,,,No,,,,,2025-08-20T09:41:26Z,2024,2024-01-01,2024-12-31
4929545,TOBACCO_MPOWER_R_TAXSTRUCTURE,COUNTRY,UGA,AFR,Africa,YEAR,2024,TOBACCO_INDICATOR,TOBACCO_INDICATOR_R_eliquid_excise_nicotine,,,,,,,—,,,,,2025-08-20T09:41:26Z,2024,2024-01-01,2024-12-31
4932798,TOBACCO_MPOWER_R_TAXSTRUCTURE,COUNTRY,SSD,AFR,Africa,YEAR,2024,TOBACCO_INDICATOR,TOBACCO_INDICATOR_R_htp_excise_type_sticks,,,,,,,. . .,,,,,2025-08-20T09:41:26Z,2024,2024-01-01,2024-12-31
4940330,TOBACCO_MPOWER_R_TAXSTRUCTURE,COUNTRY,PLW,WPR,Western Pacific,YEAR,2024,TOBACCO_INDICATOR,TOBACCO_INDICATOR_R_afford_price_gap_decreased,,,,,,,Yes,,,,,2025-08-20T09:41:26Z,2024,2024-01-01,2024-12-31
4942938,TOBACCO_MPOWER_R_TAXSTRUCTURE,COUNTRY,KIR,WPR,Western Pacific,YEAR,2024,TOBACCO_INDICATOR,TOBACCO_INDICATOR_R_eliquid_excise_nicotine,,,,,,,. . .,,,,,2025-08-20T09:41:26Z,2024,2024-01-01,2024-12-31
4943832,TOBACCO_MPOWER_R_TAXSTRUCTURE,COUNTRY,IRQ,EMR,Eastern Mediterranean,YEAR,2024,TOBACCO_INDICATOR,TOBACCO_INDICATOR_R_htp_excise_device,,,,,,,. . .,,,,,2025-08-20T09:41:26Z,2024,2024-01-01,2024-12-31
4943957,TOBACCO_MPOWER_R_TAXSTRUCTURE,COUNTRY,BDI,AFR,Africa,YEAR,2024,TOBACCO_INDICATOR,TOBACCO_INDICATOR_R_afford_tax_auto_adjust,,,,,,,No,,,,,2025-08-20T09:41:26Z,2024,2024-01-01,2024-12-31
4950439,TOBACCO_MPOWER_R_TAXSTRUCTURE,COUNTRY,KGZ,EUR,Europe,YEAR,2024,TOBACCO_INDICATOR,TOBACCO_INDICATOR_R_afford_tax_auto_adjust,,,,,,,Yes,,,,,2025-08-20T09:41:26Z,2024,2024-01-01,2024-12-31
4952157,TOBACCO_MPOWER_R_TAXSTRUCTURE,COUNTRY,NZL,WPR,Western Pacific,YEAR,2024,TOBACCO_INDICATOR,TOBACCO_INDICATOR_R_excise_type,,,,,,,Specific,,,,,2025-08-20T09:41:26Z,2024,2024-01-01,2024-12-31
4958047,TOBACCO_MPOWER_R_TAXSTRUCTURE,COUNTRY,LSO,AFR,Africa,YEAR,2024,TOBACCO_INDICATOR,TOBACCO_INDICATOR_R_excise_type,,,,,,,Specific,,,,,2025-08-20T09:41:26Z,2024,2024-01-01,2024-12-31
4960956,TOBACCO_MPOWER_R_TAXSTRUCTURE,COUNTRY,BRA,AMR,Americas,YEAR,2024,TOBACCO_INDICATOR,TOBACCO_INDICATOR_R_afford_tax_auto_adjust,,,,,,,No,,,,,2025-08-20T09:41:26Z,2024,2024-01-01,2024-12-31
4963842,TOBACCO_MPOWER_R_TAXSTRUCTURE,COUNTRY,MWI,AFR,Africa,YEAR,2024,TOBACCO_INDICATOR,TOBACCO_INDICATOR_R_afford_tax_auto_adjust,,,,,,,No,,,,,2025-08-20T09:41:26Z,2024,2024-01-01,2024-12-31
4963859,TOBACCO_MPOWER_R_TAXSTRUCTURE,COUNTRY,SYR,EMR,Eastern Mediterranean,YEAR,2024,TOBACCO_INDICATOR,TOBACCO_INDICATOR_R_eliquid_excise_type,,,,,,,—,,,,,2025-08-20T09:41:26Z,2024,2024-01-01,2024-12-31
4975096,TOBACCO_MPOWER_R_TAXSTRUCTURE,COUNTRY,MDV,SEAR,South-East Asia,YEAR,2024,TOBACCO_INDICATOR,TOBACCO_INDICATOR_R_excise_specific_reliance,,,,,,,—,,,,,2025-08-20T09:41:26Z,2024,2024-01-01,2024-12-31
4979306,TOBACCO_MPOWER_R_TAXSTRUCTURE,COUNTRY,AUT,EUR,Europe,YEAR,2024,TOBACCO_INDICATOR,TOBACCO_INDICATOR_R_afford_tax_auto_adjust,,,,,,,No,,,,,2025-08-20T09:41:26Z,2024,2024-01-01,2024-12-31
4984854,TOBACCO_MPOWER_R_TAXSTRUCTURE,COUNTRY,MDA,EUR,Europe,YEAR,2024,TOBACCO_INDICATOR,TOBACCO_INDICATOR_R_htp_excise_type_sticks,,,,,,,Specific,,,,,2025-08-20T09:41:26Z,2024,2024-01-01,2024-12-31
4989211,TOBACCO_MPOWER_R_TAXSTRUCTURE,COUNTRY,LCA,AMR,Americas,YEAR,2024,TOBACCO_INDICATOR,TOBACCO_INDICATOR_R_eliquid_excise_nicotine,,,,,,,. . .,,,,,2025-08-20T09:41:26Z,2024,2024-01-01,2024-12-31
4989435,TOBACCO_MPOWER_R_TAXSTRUCTURE,COUNTRY,COD,AFR,Africa,YEAR,2024,TOBACCO_INDICATOR,TOBACCO_INDICATOR_R_eliquid_excise_device,,,,,,,. . .,,,,,2025-08-20T09:41:26Z,2024,2024-01-01,2024-12-31
4999500,TOBACCO_MPOWER_R_TAXSTRUCTURE,COUNTRY,PRK,SEAR,South-East Asia,YEAR,2024,TOBACCO_INDICATOR,TOBACCO_INDICATOR_R_excise_min_specific,,,,,,,—,,,,,2025-08-20T09:41:26Z,2024,2024-01-01,2024-12-31
5004827,TOBACCO_MPOWER_R_TAXSTRUCTURE,COUNTRY,NGA,AFR,Africa,YEAR,2024,TOBACCO_INDICATOR,TOBACCO_INDICATOR_R_afford_price_dispersion,,,,,,,50,50,,,,2025-08-20T09:41:26Z,2024,2024-01-01,2024-12-31
5011937,TOBACCO_MPOWER_R_TAXSTRUCTURE,COUNTRY,ARM,EUR,Europe,YEAR,2024,TOBACCO_INDICATOR,TOBACCO_INDICATOR_R_eliquid_excise_nicotine,,,,,,,all e-liquids,,,,,2025-08-20T09:41:26Z,2024,2024-01-01,2024-12-31
5012150,TOBACCO_MPOWER_R_TAXSTRUCTURE,COUNTRY,TUR,EUR,Europe,YEAR,2024,TOBACCO_INDICATOR,TOBACCO_INDICATOR_R_min_price_policy,,,,,,,No,,,,,2025-08-20T09:41:26Z,2024,2024-01-01,2024-12-31
5029447,TOBACCO_MPOWER_R_TAXSTRUCTURE,COUNTRY,BHS,AMR,Americas,YEAR,2024,TOBACCO_INDICATOR,TOBACCO_INDICATOR_R_excise_retail_price_base,,,,,,,—,,,,,2025-08-20T09:41:26Z,2024,2024-01-01,2024-12-31
5030806,TOBACCO_MPOWER_R_TAXSTRUCTURE,COUNTRY,BWA,AFR,Africa,YEAR,2024,TOBACCO_INDICATOR,TOBACCO_INDICATOR_R_eliquid_excise_type,,,,,,,. . .,,,,,2025-08-20T09:41:26Z,2024,2024-01-01,2024-12-31
5050845,TOBACCO_MPOWER_R_TAXSTRUCTURE,COUNTRY,PER,AMR,Americas,YEAR,2024,TOBACCO_INDICATOR,TOBACCO_INDICATOR_R_excise_retail_price_base,,,,,,,—,,,,,2025-08-20T09:41:26Z,2024,2024-01-01,2024-12-31
5055002,TOBACCO_MPOWER_R_TAXSTRUCTURE,COUNTRY,DNK,EUR,Europe,YEAR,2024,TOBACCO_INDICATOR,TOBACCO_INDICATOR_R_afford_price_dispersion,,,,,,,90.32,90.32,,,,2025-08-20T09:41:26Z,2024,2024-01-01,2024-12-31
5055163,TOBACCO_MPOWER_R_TAXSTRUCTURE,COUNTRY,VNM,WPR,Western Pacific,YEAR,2024,TOBACCO_INDICATOR,TOBACCO_INDICATOR_R_afford_price_dispersion,,,,,,,. . .,,,,,2025-08-20T09:41:26Z,2024,2024-01-01,2024-12-31
5055415,TOBACCO_MPOWER_R_TAXSTRUCTURE,COUNTRY,ESP,EUR,Europe,YEAR,2024,TOBACCO_INDICATOR,TOBACCO_INDICATOR_R_excise_type,,,,,,,Mixed,,,,,2025-08-20T09:41:26Z,2024,2024-01-01,2024-12-31
5060409,TOBACCO_MPOWER_R_TAXSTRUCTURE,COUNTRY,BIH,EUR,Europe,YEAR,2024,TOBACCO_INDICATOR,TOBACCO_INDICATOR_R_excise_type,,,,,,,Mixed,,,,,2025-08-20T09:41:26Z,2024,2024-01-01,2024-12-31
5062631,TOBACCO_MPOWER_R_TAXSTRUCTURE,COUNTRY,MAR,EMR,Eastern Mediterranean,YEAR,2024,TOBACCO_INDICATOR,TOBACCO_INDICATOR_R_htp_excise_type_sticks,,,,,,,Mixed,,,,,2025-08-20T09:41:26Z,2024,2024-01-01,2024-12-31
5063280,TOBACCO_MPOWER_R_TAXSTRUCTURE,COUNTRY,URY,AMR,Americas,YEAR,2024,TOBACCO_INDICATOR,TOBACCO_INDICATOR_R_min_price_policy,,,,,,,No,,,,,2025-08-20T09:41:26Z,2024,2024-01-01,2024-12-31
5063964,TOBACCO_MPOWER_R_TAXSTRUCTURE,COUNTRY,GNQ,AFR,Africa,YEAR,2024,TOBACCO_INDICATOR,TOBACCO_INDICATOR_R_eliquid_excise_device,,,,,,,. . .,,,,,2025-08-20T09:41:26Z,2024,2024-01-01,2024-12-31
5064802,TOBACCO_MPOWER_R_TAXSTRUCTURE,COUNTRY,DEU,EUR,Europe,YEAR,2024,TOBACCO_INDICATOR,TOBACCO_INDICATOR_R_afford_price_dispersion,,,,,,,63.22,63.22,,,,2025-08-20T09:41:26Z,2024,2024-01-01,2024-12-31
5067475,TOBACCO_MPOWER_R_TAXSTRUCTURE,COUNTRY,BRA,AMR,Americas,YEAR,2024,TOBACCO_INDICATOR,TOBACCO_INDICATOR_R_excise_min_specific,,,,,,,No,,,,,2025-08-20T09:41:26Z,2024,2024-01-01,2024-12-31
5068768,TOBACCO_MPOWER_R_TAXSTRUCTURE,COUNTRY,BDI,AFR,Africa,YEAR,2024,TOBACCO_INDICATOR,TOBACCO_INDICATOR_R_eliquid_excise_type,,,,,,,. . .,,,,,2025-08-20T09:41:26Z,2024,2024-01-01,2024-12-31
5070205,TOBACCO_MPOWER_R_TAXSTRUCTURE,COUNTRY,RWA,AFR,Africa,YEAR,2024,TOBACCO_INDICATOR,TOBACCO_INDICATOR_R_htp_excise_device,,,,,,,. . .,,,,,2025-08-20T09:41:26Z,2024,2024-01-01,2024-12-31
5071212,TOBACCO_MPOWER_R_TAXSTRUCTURE,COUNTRY,WSM,WPR,Western Pacific,YEAR,2024,TOBACCO_INDICATOR,TOBACCO_INDICATOR_R_eliquid_excise_nicotine,,,,,,,. . .,,,,,2025-08-20T09:41:26Z,2024,2024-01-01,2024-12-31
5074306,TOBACCO_MPOWER_R_TAXSTRUCTURE,COUNTRY,AGO,AFR,Africa,YEAR,2024,TOBACCO_INDICATOR,TOBACCO_INDICATOR_R_excise_min_specific,,,,,,,No,,,,,2025-08-20T09:41:26Z,2024,2024-01-01,2024-12-31
5087882,TOBACCO_MPOWER_R_TAXSTRUCTURE,COUNTRY,DMA,AMR,Americas,YEAR,2024,TOBACCO_INDICATOR,TOBACCO_INDICATOR_R_htp_excise_type_sticks,,,,,,,. . .,,,,,2025-08-20T09:41:26Z,2024,2024-01-01,2024-12-31
5088093,TOBACCO_MPOWER_R_TAXSTRUCTURE,COUNTRY,CYP,EUR,Europe,YEAR,2024,TOBACCO_INDICATOR,TOBACCO_INDICATOR_R_eliquid_excise_nicotine,,,,,,,all e-liquids,,,,,2025-08-20T09:41:26Z,2024,2024-01-01,2024-12-31
5097889,TOBACCO_MPOWER_R_TAXSTRUCTURE,COUNTRY,SYC,AFR,Africa,YEAR,2024,TOBACCO_INDICATOR,TOBACCO_INDICATOR_R_excise_retail_price_base,,,,,,,—,,,,,2025-08-20T09:41:26Z,2024,2024-01-01,2024-12-31
5099389,TOBACCO_MPOWER_R_TAXSTRUCTURE,COUNTRY,SAU,EMR,Eastern Mediterranean,YEAR,2024,TOBACCO_INDICATOR,TOBACCO_INDICATOR_R_min_price_policy,,,,,,,No,,,,,2025-08-20T09:41:26Z,2024,2024-01-01,2024-12-31
5099844,TOBACCO_MPOWER_R_TAXSTRUCTURE,COUNTRY,CHL,AMR,Americas,YEAR,2024,TOBACCO_INDICATOR,TOBACCO_INDICATOR_R_afford_tax_auto_adjust,,,,,,,Yes,,,,,2025-08-20T09:41:26Z,2024,2024-01-01,2024-12-31
5100512,TOBACCO_MPOWER_R_TAXSTRUCTURE,COUNTRY,PNG,WPR,Western Pacific,YEAR,2024,TOBACCO_INDICATOR,TOBACCO_INDICATOR_R_afford_price_dispersion,,,,,,,33.54,33.54,,,,2025-08-20T09:41:26Z,2024,2024-01-01,2024-12-31
5102374,TOBACCO_MPOWER_R_TAXSTRUCTURE,COUNTRY,ISR,EUR,Europe,YEAR,2024,TOBACCO_INDICATOR,TOBACCO_INDICATOR_R_eliquid_excise_nicotine,,,,,,,all e-liquids,,,,,2025-08-20T09:41:26Z,2024,2024-01-01,2024-12-31
5110203,TOBACCO_MPOWER_R_TAXSTRUCTURE,COUNTRY,PAK,EMR,Eastern Mediterranean,YEAR,2024,TOBACCO_INDICATOR,TOBACCO_INDICATOR_R_eliquid_excise_device,,,,,,,. . .,,,,,2025-08-20T09:41:26Z,2024,2024-01-01,2024-12-31
5117194,TOBACCO_MPOWER_R_TAXSTRUCTURE,COUNTRY,IRL,EUR,Europe,YEAR,2024,TOBACCO_INDICATOR,TOBACCO_INDICATOR_R_htp_excise_type_sticks,,,,,,,No excise,,,,,2025-08-20T09:41:26Z,2024,2024-01-01,2024-12-31
5117300,TOBACCO_MPOWER_R_TAXSTRUCTURE,COUNTRY,ZMB,AFR,Africa,YEAR,2024,TOBACCO_INDICATOR,TOBACCO_INDICATOR_R_afford_price_gap_decreased,,,,,,,Yes,,,,,2025-08-20T09:41:26Z,2024,2024-01-01,2024-12-31
5121873,TOBACCO_MPOWER_R_TAXSTRUCTURE,COUNTRY,ECU,AMR,Americas,YEAR,2024,TOBACCO_INDICATOR,TOBACCO_INDICATOR_R_eliquid_excise_type,,,,,,,. . .,,,,,2025-08-20T09:41:26Z,2024,2024-01-01,2024-12-31
5125117,TOBACCO_MPOWER_R_TAXSTRUCTURE,COUNTRY,GNQ,AFR,Africa,YEAR,2024,TOBACCO_INDICATOR,TOBACCO_INDICATOR_R_eliquid_excise_nicotine,,,,,,,. . .,,,,,2025-08-20T09:41:26Z,2024,2024-01-01,2024-12-31
5125686,TOBACCO_MPOWER_R_TAXSTRUCTURE,COUNTRY,ZAF,AFR,Africa,YEAR,2024,TOBACCO_INDICATOR,TOBACCO_INDICATOR_R_afford_price_dispersion,,,,,,,36.41,36.41,,,,2025-08-20T09:41:26Z,2024,2024-01-01,2024-12-31
5135046,TOBACCO_MPOWER_R_TAXSTRUCTURE,COUNTRY,SVN,EUR,Europe,YEAR,2024,TOBACCO_INDICATOR,TOBACCO_INDICATOR_R_eliquid_excise_type,,,,,,,Specific,,,,,2025-08-20T09:41:26Z,2024,2024-01-01,2024-12-31
5141323,TOBACCO_MPOWER_R_TAXSTRUCTURE,COUNTRY,ALB,EUR,Europe,YEAR,2024,TOBACCO_INDICATOR,TOBACCO_INDICATOR_R_excise_uniform_varied,,,,,,,Yes,,,,,2025-08-20T09:41:26Z,2024,2024-01-01,2024-12-31
5145356,TOBACCO_MPOWER_R_TAXSTRUCTURE,COUNTRY,TUN,EMR,Eastern Mediterranean,YEAR,2024,TOBACCO_INDICATOR,TOBACCO_INDICATOR_R_eliquid_excise_nicotine,,,,,,,. . .,,,,,2025-08-20T09:41:26Z,2024,2024-01-01,2024-12-31
5151892,TOBACCO_MPOWER_R_TAXSTRUCTURE,COUNTRY,PRK,SEAR,South-East Asia,YEAR,2024,TOBACCO_INDICATOR,TOBACCO_INDICATOR_R_afford_price_dispersion,,,,,,,. . .,,,,,2025-08-20T09:41:26Z,2024,2024-01-01,2024-12-31
5175203,TOBACCO_MPOWER_R_TAXSTRUCTURE,COUNTRY,VUT,WPR,Western Pacific,YEAR,2024,TOBACCO_INDICATOR,TOBACCO_INDICATOR_R_afford_price_dispersion,,,,,,,73.64,73.64,,,,2025-08-20T09:41:26Z,2024,2024-01-01,2024-12-31
5178422,TOBACCO_MPOWER_R_TAXSTRUCTURE,COUNTRY,TUN,EMR,Eastern Mediterranean,YEAR,2024,TOBACCO_INDICATOR,TOBACCO_INDICATOR_R_excise_min_specific,,,,,,,No,,,,,2025-08-20T09:41:26Z,2024,2024-01-01,2024-12-31
5180484,TOBACCO_MPOWER_R_TAXSTRUCTURE,COUNTRY,NLD,EUR,Europe,YEAR,2024,TOBACCO_INDICATOR,TOBACCO_INDICATOR_R_excise_min_specific,,,,,,,Yes,,,,,2025-08-20T09:41:26Z,2024,2024-01-01,2024-12-31
5195161,TOBACCO_MPOWER_R_TAXSTRUCTURE,COUNTRY,AGO,AFR,Africa,YEAR,2024,TOBACCO_INDICATOR,TOBACCO_INDICATOR_R_htp_excise_type_sticks,,,,,,,. . .,,,,,2025-08-20T09:41:26Z,2024,2024-01-01,2024-12-31
5203864,TOBACCO_MPOWER_R_TAXSTRUCTURE,COUNTRY,GRC,EUR,Europe,YEAR,2024,TOBACCO_INDICATOR,TOBACCO_INDICATOR_R_htp_excise_type_sticks,,,,,,,Specific,,,,,2025-08-20T09:41:26Z,2024,2024-01-01,2024-12-31
5204199,TOBACCO_MPOWER_R_TAXSTRUCTURE,COUNTRY,JOR,EMR,Eastern Mediterranean,YEAR,2024,TOBACCO_INDICATOR,TOBACCO_INDICATOR_R_htp_excise_device,,,,,,,Yes,,,,,2025-08-20T09:41:26Z,2024,2024-01-01,2024-12-31
5210473,TOBACCO_MPOWER_R_TAXSTRUCTURE,COUNTRY,BIH,EUR,Europe,YEAR,2024,TOBACCO_INDICATOR,TOBACCO_INDICATOR_R_excise_uniform_varied,,,,,,,Yes,,,,,2025-08-20T09:41:26Z,2024,2024-01-01,2024-12-31
5211783,TOBACCO_MPOWER_R_TAXSTRUCTURE,COUNTRY,MMR,SEAR,South-East Asia,YEAR,2024,TOBACCO_INDICATOR,TOBACCO_INDICATOR_R_htp_excise_type_sticks,,,,,,,. . .,,,,,2025-08-20T09:41:26Z,2024,2024-01-01,2024-12-31
5215830,TOBACCO_MPOWER_R_TAXSTRUCTURE,COUNTRY,PRK,SEAR,South-East Asia,YEAR,2024,TOBACCO_INDICATOR,TOBACCO_INDICATOR_R_excise_retail_price_base,,,,,,,—,,,,,2025-08-20T09:41:26Z,2024,2024-01-01,2024-12-31
5216460,TOBACCO_MPOWER_R_TAXSTRUCTURE,COUNTRY,GIN,AFR,Africa,YEAR,2024,TOBACCO_INDICATOR,TOBACCO_INDICATOR_R_eliquid_excise_type,,,,,,,. . .,,,,,2025-08-20T09:41:26Z,2024,2024-01-01,2024-12-31
5220253,TOBACCO_MPOWER_R_TAXSTRUCTURE,COUNTRY,SOM,EMR,Eastern Mediterranean,YEAR,2024,TOBACCO_INDICATOR,TOBACCO_INDICATOR_R_excise_type,,,,,,,No excise,,,,,2025-08-20T09:41:26Z,2024,2024-01-01,2024-12-31
5222301,TOBACCO_MPOWER_R_TAXSTRUCTURE,COUNTRY,SRB,EUR,Europe,YEAR,2024,TOBACCO_INDICATOR,TOBACCO_INDICATOR_R_htp_excise_device,,,,,,,. . .,,,,,2025-08-20T09:41:26Z,2024,2024-01-01,2024-12-31
5232488,TOBACCO_MPOWER_R_TAXSTRUCTURE,COUNTRY,KEN,AFR,Africa,YEAR,2024,TOBACCO_INDICATOR,TOBACCO_INDICATOR_R_htp_excise_type_sticks,,,,,,,. . .,,,,,2025-08-20T09:41:26Z,2024,2024-01-01,2024-12-31
5233418,TOBACCO_MPOWER_R_TAXSTRUCTURE,COUNTRY,GNQ,AFR,Africa,YEAR,2024,TOBACCO_INDICATOR,TOBACCO_INDICATOR_R_eliquid_excise_type,,,,,,,. . .,,,,,2025-08-20T09:41:26Z,2024,2024-01-01,2024-12-31
5241346,TOBACCO_MPOWER_R_TAXSTRUCTURE,COUNTRY,SDN,EMR,Eastern Mediterranean,YEAR,2024,TOBACCO_INDICATOR,TOBACCO_INDICATOR_R_afford_price_gap_decreased,,,,,,,. . .,,,,,2025-08-20T09:41:26Z,2024,2024-01-01,2024-12-31
5249996,TOBACCO_MPOWER_R_TAXSTRUCTURE,COUNTRY,GUY,AMR,Americas,YEAR,2024,TOBACCO_INDICATOR,TOBACCO_INDICATOR_R_excise_uniform_varied,,,,,,,Yes,,,,,2025-08-20T09:41:26Z,2024,2024-01-01,2024-12-31
5256292,TOBACCO_MPOWER_R_TAXSTRUCTURE,COUNTRY,FJI,WPR,Western Pacific,YEAR,2024,TOBACCO_INDICATOR,TOBACCO_INDICATOR_R_eliquid_excise_type,,,,,,,. . .,,,,,2025-08-20T09:41:26Z,2024,2024-01-01,2024-12-31
5259640,TOBACCO_MPOWER_R_TAXSTRUCTURE,COUNTRY,KHM,WPR,Western Pacific,YEAR,2024,TOBACCO_INDICATOR,TOBACCO_INDICATOR_R_afford_price_gap_decreased,,,,,,,Yes,,,,,2025-08-20T09:41:26Z,2024,2024-01-01,2024-12-31
5264516,TOBACCO_MPOWER_R_TAXSTRUCTURE,COUNTRY,BWA,AFR,Africa,YEAR,2024,TOBACCO_INDICATOR,TOBACCO_INDICATOR_R_afford_price_dispersion,,,,,,,. . .,,,,,2025-08-20T09:41:26Z,2024,2024-01-01,2024-12-31
5268151,TOBACCO_MPOWER_R_TAXSTRUCTURE,COUNTRY,DJI,EMR,Eastern Mediterranean,YEAR,2024,TOBACCO_INDICATOR,TOBACCO_INDICATOR_R_htp_excise_device,,,,,,,. . .,,,,,2025-08-20T09:41:26Z,2024,2024-01-01,2024-12-31
5269105,TOBACCO_MPOWER_R_TAXSTRUCTURE,COUNTRY,SRB,EUR,Europe,YEAR,2024,TOBACCO_INDICATOR,TOBACCO_INDICATOR_R_min_price_policy,,,,,,,No,,,,,2025-08-20T09:41:26Z,2024,2024-01-01,2024-12-31
5270771,TOBACCO_MPOWER_R_TAXSTRUCTURE,COUNTRY,UGA,AFR,Africa,YEAR,2024,TOBACCO_INDICATOR,TOBACCO_INDICATOR_R_afford_tax_auto_adjust,,,,,,,No,,,,,2025-08-20T09:41:26Z,2024,2024-01-01,2024-12-31
5271332,TOBACCO_MPOWER_R_TAXSTRUCTURE,COUNTRY,AND,EUR,Europe,YEAR,2024,TOBACCO_INDICATOR,TOBACCO_INDICATOR_R_excise_retail_price_base,,,,,,,—,,,,,2025-08-20T09:41:26Z,2024,2024-01-01,2024-12-31
5273941,TOBACCO_MPOWER_R_TAXSTRUCTURE,COUNTRY,MMR,SEAR,South-East Asia,YEAR,2024,TOBACCO_INDICATOR,TOBACCO_INDICATOR_R_min_price_policy,,,,,,,No,,,,,2025-08-20T09:41:26Z,2024,2024-01-01,2024-12-31
5281601,TOBACCO_MPOWER_R_TAXSTRUCTURE,COUNTRY,VUT,WPR,Western Pacific,YEAR,2024,TOBACCO_INDICATOR,TOBACCO_INDICATOR_R_excise_type,,,,,,,Specific,,,,,2025-08-20T09:41:26Z,2024,2024-01-01,2024-12-31
5285042,TOBACCO_MPOWER_R_TAXSTRUCTURE,COUNTRY,BRA,AMR,Americas,YEAR,2024,TOBACCO_INDICATOR,TOBACCO_INDICATOR_R_htp_excise_device,,,,,,,—,,,,,2025-08-20T09:41:26Z,2024,2024-01-01,2024-12-31
5285780,TOBACCO_MPOWER_R_TAXSTRUCTURE,COUNTRY,TKM,EUR,Europe,YEAR,2024,TOBACCO_INDICATOR,TOBACCO_INDICATOR_R_excise_specific_reliance,,,,,,,—,,,,,2025-08-20T09:41:26Z,2024,2024-01-01,2024-12-31
5286860,TOBACCO_MPOWER_R_TAXSTRUCTURE,COUNTRY,GRC,EUR,Europe,YEAR,2024,TOBACCO_INDICATOR,TOBACCO_INDICATOR_R_min_price_policy,,,,,,,No,,,,,2025-08-20T09:41:26Z,2024,2024-01-01,2024-12-31
5288933,TOBACCO_MPOWER_R_TAXSTRUCTURE,COUNTRY,AUS,WPR,Western Pacific,YEAR,2024,TOBACCO_INDICATOR,TOBACCO_INDICATOR_R_min_price_policy,,,,,,,No,,,,,2025-08-20T09:41:26Z,2024,2024-01-01,2024-12-31
5294066,TOBACCO_MPOWER_R_TAXSTRUCTURE,COUNTRY,MLT,EUR,Europe,YEAR,2024,TOBACCO_INDICATOR,TOBACCO_INDICATOR_R_excise_uniform_varied,,,,,,,Yes,,,,,2025-08-20T09:41:26Z,2024,2024-01-01,2024-12-31
5296978,TOBACCO_MPOWER_R_TAXSTRUCTURE,COUNTRY,BTN,SEAR,South-East Asia,YEAR,2024,TOBACCO_INDICATOR,TOBACCO_INDICATOR_R_eliquid_excise_nicotine,,,,,,,. . .,,,,,2025-08-20T09:41:26Z,2024,2024-01-01,2024-12-31
5299563,TOBACCO_MPOWER_R_TAXSTRUCTURE,COUNTRY,BHS,AMR,Americas,YEAR,2024,TOBACCO_INDICATOR,TOBACCO_INDICATOR_R_min_price_policy,,,,,,,No,,,,,2025-08-20T09:41:26Z,2024,2024-01-01,2024-12-31
5299782,TOBACCO_MPOWER_R_TAXSTRUCTURE,COUNTRY,MDG,AFR,Africa,YEAR,2024,TOBACCO_INDICATOR,TOBACCO_INDICATOR_R_htp_excise_device,,,,,,,. . .,,,,,2025-08-20T09:41:26Z,2024,2024-01-01,2024-12-31
5304972,TOBACCO_MPOWER_R_TAXSTRUCTURE,COUNTRY,SEN,AFR,Africa,YEAR,2024,TOBACCO_INDICATOR,TOBACCO_INDICATOR_R_eliquid_excise_type,,,,,,,. . .,,,,,2025-08-20T09:41:26Z,2024,2024-01-01,2024-12-31
5307651,TOBACCO_MPOWER_R_TAXSTRUCTURE,COUNTRY,COD,AFR,Africa,YEAR,2024,TOBACCO_INDICATOR,TOBACCO_INDICATOR_R_eliquid_excise_nicotine,,,,,,,. . .,,,,,2025-08-20T09:41:26Z,2024,2024-01-01,2024-12-31
5307811,TOBACCO_MPOWER_R_TAXSTRUCTURE,COUNTRY,ARG,AMR,Americas,YEAR,2024,TOBACCO_INDICATOR,TOBACCO_INDICATOR_R_excise_uniform_varied,,,,,,,Yes,,,,,2025-08-20T09:41:26Z,2024,2024-01-01,2024-12-31
5315839,TOBACCO_MPOWER_R_TAXSTRUCTURE,COUNTRY,MLT,EUR,Europe,YEAR,2024,TOBACCO_INDICATOR,TOBACCO_INDICATOR_R_eliquid_excise_nicotine,,,,,,,—,,,,,2025-08-20T09:41:26Z,2024,2024-01-01,2024-12-31
5316425,TOBACCO_MPOWER_R_TAXSTRUCTURE,COUNTRY,SLE,AFR,Africa,YEAR,2024,TOBACCO_INDICATOR,TOBACCO_INDICATOR_R_htp_excise_type_sticks,,,,,,,. . .,,,,,2025-08-20T09:41:26Z,2024,2024-01-01,2024-12-31
5319441,TOBACCO_MPOWER_R_TAXSTRUCTURE,COUNTRY,BLZ,AMR,Americas,YEAR,2024,TOBACCO_INDICATOR,TOBACCO_INDICATOR_R_afford_price_dispersion,,,,,,,55.56,55.56,,,,2025-08-20T09:41:26Z,2024,2024-01-01,2024-12-31
5329285,TOBACCO_MPOWER_R_TAXSTRUCTURE,COUNTRY,MRT,AFR,Africa,YEAR,2024,TOBACCO_INDICATOR,TOBACCO_INDICATOR_R_excise_specific_reliance,,,,,,,—,,,,,2025-08-20T09:41:26Z,2024,2024-01-01,2024-12-31
5329847,TOBACCO_MPOWER_R_TAXSTRUCTURE,COUNTRY,CHE,EUR,Europe,YEAR,2024,TOBACCO_INDICATOR,TOBACCO_INDICATOR_R_htp_excise_device,,,,,,,. . .,,,,,2025-08-20T09:41:26Z,2024,2024-01-01,2024-12-31
5331367,TOBACCO_MPOWER_R_TAXSTRUCTURE,COUNTRY,CUB,AMR,Americas,YEAR,2024,TOBACCO_INDICATOR,TOBACCO_INDICATOR_R_excise_retail_price_base,,,,,,,Yes,,,,,2025-08-20T09:41:26Z,2024,2024-01-01,2024-12-31
5340351,TOBACCO_MPOWER_R_TAXSTRUCTURE,COUNTRY,BRN,WPR,Western Pacific,YEAR,2024,TOBACCO_INDICATOR,TOBACCO_INDICATOR_R_excise_retail_price_base,,,,,,,—,,,,,2025-08-20T09:41:26Z,2024,2024-01-01,2024-12-31
5343603,TOBACCO_MPOWER_R_TAXSTRUCTURE,COUNTRY,CZE,EUR,Europe,YEAR,2024,TOBACCO_INDICATOR,TOBACCO_INDICATOR_R_htp_excise_type_sticks,,,,,,,Specific,,,,,2025-08-20T09:41:26Z,2024,2024-01-01,2024-12-31
5343756,TOBACCO_MPOWER_R_TAXSTRUCTURE,COUNTRY,PER,AMR,Americas,YEAR,2024,TOBACCO_INDICATOR,TOBACCO_INDICATOR_R_eliquid_excise_device,,,,,,,—,,,,,2025-08-20T09:41:26Z,2024,2024-01-01,2024-12-31
5346052,TOBACCO_MPOWER_R_TAXSTRUCTURE,COUNTRY,KIR,WPR,Western Pacific,YEAR,2024,TOBACCO_INDICATOR,TOBACCO_INDICATOR_R_excise_specific_reliance,,,,,,,—,,,,,2025-08-20T09:41:26Z,2024,2024-01-01,2024-12-31
5346321,TOBACCO_MPOWER_R_TAXSTRUCTURE,COUNTRY,UKR,EUR,Europe,YEAR,2024,TOBACCO_INDICATOR,TOBACCO_INDICATOR_R_excise_retail_price_base,,,,,,,Yes,,,,,2025-08-20T09:41:26Z,2024,2024-01-01,2024-12-31
5347800,TOBACCO_MPOWER_R_TAXSTRUCTURE,COUNTRY,DNK,EUR,Europe,YEAR,2024,TOBACCO_INDICATOR,TOBACCO_INDICATOR_R_excise_type,,,,,,,Mixed,,,,,2025-08-20T09:41:26Z,2024,2024-01-01,2024-12-31
5349886,TOBACCO_MPOWER_R_TAXSTRUCTURE,COUNTRY,CHE,EUR,Europe,YEAR,2024,TOBACCO_INDICATOR,TOBACCO_INDICATOR_R_eliquid_excise_type,,,,,,,No excise,,,,,2025-08-20T09:41:26Z,2024,2024-01-01,2024-12-31
5351903,TOBACCO_MPOWER_R_TAXSTRUCTURE,COUNTRY,GRC,EUR,Europe,YEAR,2024,TOBACCO_INDICATOR,TOBACCO_INDICATOR_R_htp_excise_device,,,,,,,. . .,,,,,2025-08-20T09:41:26Z,2024,2024-01-01,2024-12-31
5354951,TOBACCO_MPOWER_R_TAXSTRUCTURE,COUNTRY,BHR,EMR,Eastern Mediterranean,YEAR,2024,TOBACCO_INDICATOR,TOBACCO_INDICATOR_R_excise_type,,,,,,,Ad valorem,,,,,2025-08-20T09:41:26Z,2024,2024-01-01,2024-12-31
5357414,TOBACCO_MPOWER_R_TAXSTRUCTURE,COUNTRY,TGO,AFR,Africa,YEAR,2024,TOBACCO_INDICATOR,TOBACCO_INDICATOR_R_excise_specific_reliance,,,,,,,—,,,,,2025-08-20T09:41:26Z,2024,2024-01-01,2024-12-31
5362391,TOBACCO_MPOWER_R_TAXSTRUCTURE,COUNTRY,VEN,AMR,Americas,YEAR,2024,TOBACCO_INDICATOR,TOBACCO_INDICATOR_R_afford_price_gap_decreased,,,,,,,Yes,,,,Data not validated by the national authorities.,2025-08-20T09:41:26Z,2024,2024-01-01,2024-12-31
5366692,TOBACCO_MPOWER_R_TAXSTRUCTURE,COUNTRY,BRB,AMR,Americas,YEAR,2024,TOBACCO_INDICATOR,TOBACCO_INDICATOR_R_afford_price_dispersion,,,,,,,79.99,79.99,,,,2025-08-20T09:41:26Z,2024,2024-01-01,2024-12-31
5371841,TOBACCO_MPOWER_R_TAXSTRUCTURE,COUNTRY,VNM,WPR,Western Pacific,YEAR,2024,TOBACCO_INDICATOR,TOBACCO_INDICATOR_R_afford_price_gap_decreased,,,,,,,. . .,,,,,2025-08-20T09:41:26Z,2024,2024-01-01,2024-12-31
5373942,TOBACCO_MPOWER_R_TAXSTRUCTURE,COUNTRY,ALB,EUR,Europe,YEAR,2024,TOBACCO_INDICATOR,TOBACCO_INDICATOR_R_min_price_policy,,,,,,,No,,,,,2025-08-20T09:41:26Z,2024,2024-01-01,2024-12-31
5374682,TOBACCO_MPOWER_R_TAXSTRUCTURE,COUNTRY,MNG,WPR,Western Pacific,YEAR,2024,TOBACCO_INDICATOR,TOBACCO_INDICATOR_R_htp_excise_type_sticks,,,,,,,. . .,,,,,2025-08-20T09:41:26Z,2024,2024-01-01,2024-12-31
5377233,TOBACCO_MPOWER_R_TAXSTRUCTURE,COUNTRY,KOR,WPR,Western Pacific,YEAR,2024,TOBACCO_INDICATOR,TOBACCO_INDICATOR_R_afford_price_gap_decreased,,,,,,,. . .,,,,,2025-08-20T09:41:26Z,2024,2024-01-01,2024-12-31
5379666,TOBACCO_MPOWER_R_TAXSTRUCTURE,COUNTRY,PLW,WPR,Western Pacific,YEAR,2024,TOBACCO_INDICATOR,TOBACCO_INDICATOR_R_afford_price_dispersion,,,,,,,86.67,86.67,,,,2025-08-20T09:41:26Z,2024,2024-01-01,2024-12-31
5379876,TOBACCO_MPOWER_R_TAXSTRUCTURE,COUNTRY,MMR,SEAR,South-East Asia,YEAR,2024,TOBACCO_INDICATOR,TOBACCO_INDICATOR_R_afford_price_gap_decreased,,,,,,,No,,,,,2025-08-20T09:41:26Z,2024,2024-01-01,2024-12-31
5380946,TOBACCO_MPOWER_R_TAXSTRUCTURE,COUNTRY,SLB,WPR,Western Pacific,YEAR,2024,TOBACCO_INDICATOR,TOBACCO_INDICATOR_R_excise_retail_price_base,,,,,,,—,,,,,2025-08-20T09:41:26Z,2024,2024-01-01,2024-12-31
5382591,TOBACCO_MPOWER_R_TAXSTRUCTURE,COUNTRY,AFG,EMR,Eastern Mediterranean,YEAR,2024,TOBACCO_INDICATOR,TOBACCO_INDICATOR_R_excise_specific_reliance,,,,,,,. . .,,,,,2025-08-20T09:41:26Z,2024,2024-01-01,2024-12-31
5382753,TOBACCO_MPOWER_R_TAXSTRUCTURE,COUNTRY,SAU,EMR,Eastern Mediterranean,YEAR,2024,TOBACCO_INDICATOR,TOBACCO_INDICATOR_R_excise_type,,,,,,,Ad valorem,,,,,2025-08-20T09:41:26Z,2024,2024-01-01,2024-12-31
5383566,TOBACCO_MPOWER_R_TAXSTRUCTURE,COUNTRY,IDN,WPR,Western Pacific,YEAR,2024,TOBACCO_INDICATOR,TOBACCO_INDICATOR_R_htp_excise_type_sticks,,,,,,,Specific,,,,,2025-08-20T09:41:26Z,2024,2024-01-01,2024-12-31
5392885,TOBACCO_MPOWER_R_TAXSTRUCTURE,COUNTRY,SSD,AFR,Africa,YEAR,2024,TOBACCO_INDICATOR,TOBACCO_INDICATOR_R_eliquid_excise_nicotine,,,,,,,. . .,,,,,2025-08-20T09:41:26Z,2024,2024-01-01,2024-12-31
5398754,TOBACCO_MPOWER_R_TAXSTRUCTURE,COUNTRY,SLV,AMR,Americas,YEAR,2024,TOBACCO_INDICATOR,TOBACCO_INDICATOR_R_htp_excise_device,,,,,,,No,,,,,2025-08-20T09:41:26Z,2024,2024-01-01,2024-12-31
5400532,TOBACCO_MPOWER_R_TAXSTRUCTURE,COUNTRY,GIN,AFR,Africa,YEAR,2024,TOBACCO_INDICATOR,TOBACCO_INDICATOR_R_excise_retail_price_base,,,,,,,No,,,,,2025-08-20T09:41:26Z,2024,2024-01-01,2024-12-31
5402473,TOBACCO_MPOWER_R_TAXSTRUCTURE,COUNTRY,BIH,EUR,Europe,YEAR,2024,TOBACCO_INDICATOR,TOBACCO_INDICATOR_R_excise_min_specific,,,,,,,Yes,,,,,2025-08-20T09:41:26Z,2024,2024-01-01,2024-12-31
5415131,TOBACCO_MPOWER_R_TAXSTRUCTURE,COUNTRY,BEL,EUR,Europe,YEAR,2024,TOBACCO_INDICATOR,TOBACCO_INDICATOR_R_excise_type,,,,,,,Mixed,,,,,2025-08-20T09:41:26Z,2024,2024-01-01,2024-12-31
5422980,TOBACCO_MPOWER_R_TAXSTRUCTURE,COUNTRY,IRL,EUR,Europe,YEAR,2024,TOBACCO_INDICATOR,TOBACCO_INDICATOR_R_afford_tax_auto_adjust,,,,,,,No,,,,,2025-08-20T09:41:26Z,2024,2024-01-01,2024-12-31
5424298,TOBACCO_MPOWER_R_TAXSTRUCTURE,COUNTRY,EGY,EMR,Eastern Mediterranean,YEAR,2024,TOBACCO_INDICATOR,TOBACCO_INDICATOR_R_excise_uniform_varied,,,,,,,No,,,,,2025-08-20T09:41:26Z,2024,2024-01-01,2024-12-31
5428643,TOBACCO_MPOWER_R_TAXSTRUCTURE,COUNTRY,BLZ,AMR,Americas,YEAR,2024,TOBACCO_INDICATOR,TOBACCO_INDICATOR_R_afford_price_gap_decreased,,,,,,,Yes,,,,,2025-08-20T09:41:26Z,2024,2024-01-01,2024-12-31
5432767,TOBACCO_MPOWER_R_TAXSTRUCTURE,COUNTRY,GUY,AMR,Americas,YEAR,2024,TOBACCO_INDICATOR,TOBACCO_INDICATOR_R_afford_price_gap_decreased,,,,,,,. . .,,,,,2025-08-20T09:41:26Z,2024,2024-01-01,2024-12-31
5433093,TOBACCO_MPOWER_R_TAXSTRUCTURE,COUNTRY,CHL,AMR,Americas,YEAR,2024,TOBACCO_INDICATOR,TOBACCO_INDICATOR_R_htp_excise_type_sticks,,,,,,,. . .,,,,,2025-08-20T09:41:26Z,2024,2024-01-01,2024-12-31
5433365,TOBACCO_MPOWER_R_TAXSTRUCTURE,COUNTRY,CHL,AMR,Americas,YEAR,2024,TOBACCO_INDICATOR,TOBACCO_INDICATOR_R_excise_specific_reliance,,,,,,,Yes,,,,,2025-08-20T09:41:26Z,2024,2024-01-01,2024-12-31
5439472,TOBACCO_MPOWER_R_TAXSTRUCTURE,COUNTRY,TCD,AFR,Africa,YEAR,2024,TOBACCO_INDICATOR,TOBACCO_INDICATOR_R_excise_uniform_varied,,,,,,,Yes,,,,,2025-08-20T09:41:26Z,2024,2024-01-01,2024-12-31
5442186,TOBACCO_MPOWER_R_TAXSTRUCTURE,COUNTRY,BHS,AMR,Americas,YEAR,2024,TOBACCO_INDICATOR,TOBACCO_INDICATOR_R_htp_excise_device,,,,,,,. . .,,,,,2025-08-20T09:41:26Z,2024,2024-01-01,2024-12-31
5454080,TOBACCO_MPOWER_R_TAXSTRUCTURE,COUNTRY,MUS,AFR,Africa,YEAR,2024,TOBACCO_INDICATOR,TOBACCO_INDICATOR_R_excise_type,,,,,,,Specific,,,,,2025-08-20T09:41:26Z,2024,2024-01-01,2024-12-31
5455690,TOBACCO_MPOWER_R_TAXSTRUCTURE,COUNTRY,ECU,AMR,Americas,YEAR,2024,TOBACCO_INDICATOR,TOBACCO_INDICATOR_R_htp_excise_type_sticks,,,,,,,. . .,,,,,2025-08-20T09:41:26Z,2024,2024-01-01,2024-12-31
5462391,TOBACCO_MPOWER_R_TAXSTRUCTURE,COUNTRY,DNK,EUR,Europe,YEAR,2024,TOBACCO_INDICATOR,TOBACCO_INDICATOR_R_htp_excise_type_sticks,,,,,,,Specific,,,,,2025-08-20T09:41:26Z,2024,2024-01-01,2024-12-31
5464520,TOBACCO_MPOWER_R_TAXSTRUCTURE,COUNTRY,YEM,EMR,Eastern Mediterranean,YEAR,2024,TOBACCO_INDICATOR,TOBACCO_INDICATOR_R_excise_uniform_varied,,,,,,,Yes,,,,,2025-08-20T09:41:26Z,2024,2024-01-01,2024-12-31
5466944,TOBACCO_MPOWER_R_TAXSTRUCTURE,COUNTRY,BGD,SEAR,South-East Asia,YEAR,2024,TOBACCO_INDICATOR,TOBACCO_INDICATOR_R_eliquid_excise_nicotine,,,,,,,—,,,,,2025-08-20T09:41:26Z,2024,2024-01-01,2024-12-31
5467387,TOBACCO_MPOWER_R_TAXSTRUCTURE,COUNTRY,TUR,EUR,Europe,YEAR,2024,TOBACCO_INDICATOR,TOBACCO_INDICATOR_R_excise_specific_reliance,,,,,,,No,,,,,2025-08-20T09:41:26Z,2024,2024-01-01,2024-12-31
5468103,TOBACCO_MPOWER_R_TAXSTRUCTURE,COUNTRY,ETH,AFR,Africa,YEAR,2024,TOBACCO_INDICATOR,TOBACCO_INDICATOR_R_eliquid_excise_device,,,,,,,—,,,,,2025-08-20T09:41:26Z,2024,2024-01-01,2024-12-31
5470331,TOBACCO_MPOWER_R_TAXSTRUCTURE,COUNTRY,COL,AMR,Americas,YEAR,2024,TOBACCO_INDICATOR,TOBACCO_INDICATOR_R_eliquid_excise_type,,,,,,,No excise,,,,,2025-08-20T09:41:26Z,2024,2024-01-01,2024-12-31
5472670,TOBACCO_MPOWER_R_TAXSTRUCTURE,COUNTRY,TZA,AFR,Africa,YEAR,2024,TOBACCO_INDICATOR,TOBACCO_INDICATOR_R_afford_price_dispersion,,,,,,,30,30,,,,2025-08-20T09:41:26Z,2024,2024-01-01,2024-12-31
5475841,TOBACCO_MPOWER_R_TAXSTRUCTURE,COUNTRY,FSM,WPR,Western Pacific,YEAR,2024,TOBACCO_INDICATOR,TOBACCO_INDICATOR_R_eliquid_excise_nicotine,,,,,,,. . .,,,,,2025-08-20T09:41:26Z,2024,2024-01-01,2024-12-31
5477521,TOBACCO_MPOWER_R_TAXSTRUCTURE,COUNTRY,LBN,EMR,Eastern Mediterranean,YEAR,2024,TOBACCO_INDICATOR,TOBACCO_INDICATOR_R_excise_min_specific,,,,,,,No,,,,,2025-08-20T09:41:26Z,2024,2024-01-01,2024-12-31
5480638,TOBACCO_MPOWER_R_TAXSTRUCTURE,COUNTRY,SWZ,AFR,Africa,YEAR,2024,TOBACCO_INDICATOR,TOBACCO_INDICATOR_R_afford_price_gap_decreased,,,,,,,No,,,,,2025-08-20T09:41:26Z,2024,2024-01-01,2024-12-31
5482676,TOBACCO_MPOWER_R_TAXSTRUCTURE,COUNTRY,MYS,WPR,Western Pacific,YEAR,2024,TOBACCO_INDICATOR,TOBACCO_INDICATOR_R_excise_type,,,,,,,Specific,,,,,2025-08-20T09:41:26Z,2024,2024-01-01,2024-12-31
5489504,TOBACCO_MPOWER_R_TAXSTRUCTURE,COUNTRY,SEN,AFR,Africa,YEAR,2024,TOBACCO_INDICATOR,TOBACCO_INDICATOR_R_excise_retail_price_base,,,,,,,No,,,,,2025-08-20T09:41:26Z,2024,2024-01-01,2024-12-31
5494841,TOBACCO_MPOWER_R_TAXSTRUCTURE,COUNTRY,USA,AMR,Americas,YEAR,2024,TOBACCO_INDICATOR,TOBACCO_INDICATOR_R_eliquid_excise_type,,,,,,,. . .,,,,,2025-08-20T09:41:26Z,2024,2024-01-01,2024-12-31
5495227,TOBACCO_MPOWER_R_TAXSTRUCTURE,COUNTRY,OMN,EMR,Eastern Mediterranean,YEAR,2024,TOBACCO_INDICATOR,TOBACCO_INDICATOR_R_excise_type,,,,,,,Ad valorem,,,,,2025-08-20T09:41:26Z,2024,2024-01-01,2024-12-31
5503329,TOBACCO_MPOWER_R_TAXSTRUCTURE,COUNTRY,COK,WPR,Western Pacific,YEAR,2024,TOBACCO_INDICATOR,TOBACCO_INDICATOR_R_eliquid_excise_type,,,,,,,No excise,,,,,2025-08-20T09:41:26Z,2024,2024-01-01,2024-12-31
5508464,TOBACCO_MPOWER_R_TAXSTRUCTURE,COUNTRY,YEM,EMR,Eastern Mediterranean,YEAR,2024,TOBACCO_INDICATOR,TOBACCO_INDICATOR_R_excise_type,,,,,,,Ad valorem,,,,,2025-08-20T09:41:26Z,2024,2024-01-01,2024-12-31
5514098,TOBACCO_MPOWER_R_TAXSTRUCTURE,COUNTRY,ERI,AFR,Africa,YEAR,2024,TOBACCO_INDICATOR,TOBACCO_INDICATOR_R_afford_tax_auto_adjust,,,,,,,No,,,,,2025-08-20T09:41:26Z,2024,2024-01-01,2024-12-31
5518087,TOBACCO_MPOWER_R_TAXSTRUCTURE,COUNTRY,TUN,EMR,Eastern Mediterranean,YEAR,2024,TOBACCO_INDICATOR,TOBACCO_INDICATOR_R_excise_retail_price_base,,,,,,,No,,,,,2025-08-20T09:41:26Z,2024,2024-01-01,2024-12-31
5518655,TOBACCO_MPOWER_R_TAXSTRUCTURE,COUNTRY,ZAF,AFR,Africa,YEAR,2024,TOBACCO_INDICATOR,TOBACCO_INDICATOR_R_min_price_policy,,,,,,,No,,,,,2025-08-20T09:41:26Z,2024,2024-01-01,2024-12-31
5521147,TOBACCO_MPOWER_R_TAXSTRUCTURE,COUNTRY,TJK,EUR,Europe,YEAR,2024,TOBACCO_INDICATOR,TOBACCO_INDICATOR_R_htp_excise_type_sticks,,,,,,,. . .,,,,,2025-08-20T09:41:26Z,2024,2024-01-01,2024-12-31
5525789,TOBACCO_MPOWER_R_TAXSTRUCTURE,COUNTRY,SSD,AFR,Africa,YEAR,2024,TOBACCO_INDICATOR,TOBACCO_INDICATOR_R_excise_specific_reliance,,,,,,,—,,,,,2025-08-20T09:41:26Z,2024,2024-01-01,2024-12-31
5527240,TOBACCO_MPOWER_R_TAXSTRUCTURE,COUNTRY,USA,AMR,Americas,YEAR,2024,TOBACCO_INDICATOR,TOBACCO_INDICATOR_R_excise_specific_reliance,,,,,,,—,,,,,2025-08-20T09:41:26Z,2024,2024-01-01,2024-12-31
5529428,TOBACCO_MPOWER_R_TAXSTRUCTURE,COUNTRY,PRY,AMR,Americas,YEAR,2024,TOBACCO_INDICATOR,TOBACCO_INDICATOR_R_afford_price_dispersion,,,,,,,23.33,23.33,,,,2025-08-20T09:41:26Z,2024,2024-01-01,2024-12-31
5529725,TOBACCO_MPOWER_R_TAXSTRUCTURE,COUNTRY,ROU,EUR,Europe,YEAR,2024,TOBACCO_INDICATOR,TOBACCO_INDICATOR_R_afford_tax_auto_adjust,,,,,,,No,,,,,2025-08-20T09:41:26Z,2024,2024-01-01,2024-12-31
5529811,TOBACCO_MPOWER_R_TAXSTRUCTURE,COUNTRY,NAM,AFR,Africa,YEAR,2024,TOBACCO_INDICATOR,TOBACCO_INDICATOR_R_htp_excise_type_sticks,,,,,,,. . .,,,,,2025-08-20T09:41:26Z,2024,2024-01-01,2024-12-31
5535286,TOBACCO_MPOWER_R_TAXSTRUCTURE,COUNTRY,GHA,AFR,Africa,YEAR,2024,TOBACCO_INDICATOR,TOBACCO_INDICATOR_R_min_price_policy,,,,,,,No,,,,,2025-08-20T09:41:26Z,2024,2024-01-01,2024-12-31
5542210,TOBACCO_MPOWER_R_TAXSTRUCTURE,COUNTRY,IDN,WPR,Western Pacific,YEAR,2024,TOBACCO_INDICATOR,TOBACCO_INDICATOR_R_min_price_policy,,,,,,,Yes,,,,,2025-08-20T09:41:26Z,2024,2024-01-01,2024-12-31
5544881,TOBACCO_MPOWER_R_TAXSTRUCTURE,COUNTRY,DNK,EUR,Europe,YEAR,2024,TOBACCO_INDICATOR,TOBACCO_INDICATOR_R_excise_retail_price_base,,,,,,,Yes,,,,,2025-08-20T09:41:26Z,2024,2024-01-01,2024-12-31
5545258,TOBACCO_MPOWER_R_TAXSTRUCTURE,COUNTRY,DOM,AMR,Americas,YEAR,2024,TOBACCO_INDICATOR,TOBACCO_INDICATOR_R_eliquid_excise_type,,,,,,,. . .,,,,,2025-08-20T09:41:26Z,2024,2024-01-01,2024-12-31
5556969,TOBACCO_MPOWER_R_TAXSTRUCTURE,COUNTRY,SGP,WPR,Western Pacific,YEAR,2024,TOBACCO_INDICATOR,TOBACCO_INDICATOR_R_afford_price_dispersion,,,,,,,76.28,76.28,,,,2025-08-20T09:41:26Z,2024,2024-01-01,2024-12-31
5559662,TOBACCO_MPOWER_R_TAXSTRUCTURE,COUNTRY,SVK,EUR,Europe,YEAR,2024,TOBACCO_INDICATOR,TOBACCO_INDICATOR_R_htp_excise_type_sticks,,,,,,,Specific,,,,,2025-08-20T09:41:26Z,2024,2024-01-01,2024-12-31
5568697,TOBACCO_MPOWER_R_TAXSTRUCTURE,COUNTRY,PRT,EUR,Europe,YEAR,2024,TOBACCO_INDICATOR,TOBACCO_INDICATOR_R_eliquid_excise_device,,,,,,,. . .,,,,,2025-08-20T09:41:26Z,2024,2024-01-01,2024-12-31
5571565,TOBACCO_MPOWER_R_TAXSTRUCTURE,COUNTRY,IRN,EMR,Eastern Mediterranean,YEAR,2024,TOBACCO_INDICATOR,TOBACCO_INDICATOR_R_excise_uniform_varied,,,,,,,No,,,,,2025-08-20T09:41:26Z,2024,2024-01-01,2024-12-31
5572409,TOBACCO_MPOWER_R_TAXSTRUCTURE,COUNTRY,SGP,WPR,Western Pacific,YEAR,2024,TOBACCO_INDICATOR,TOBACCO_INDICATOR_R_eliquid_excise_nicotine,,,,,,,—,,,,,2025-08-20T09:41:26Z,2024,2024-01-01,2024-12-31
5573789,TOBACCO_MPOWER_R_TAXSTRUCTURE,COUNTRY,BHS,AMR,Americas,YEAR,2024,TOBACCO_INDICATOR,TOBACCO_INDICATOR_R_eliquid_excise_type,,,,,,,. . .,,,,,2025-08-20T09:41:26Z,2024,2024-01-01,2024-12-31
5593672,TOBACCO_MPOWER_R_TAXSTRUCTURE,COUNTRY,IRN,EMR,Eastern Mediterranean,YEAR,2024,TOBACCO_INDICATOR,TOBACCO_INDICATOR_R_min_price_policy,,,,,,,No,,,,,2025-08-20T09:41:26Z,2024,2024-01-01,2024-12-31
5594091,TOBACCO_MPOWER_R_TAXSTRUCTURE,COUNTRY,MDA,EUR,Europe,YEAR,2024,TOBACCO_INDICATOR,TOBACCO_INDICATOR_R_excise_specific_reliance,,,,,,,Yes,,,,,2025-08-20T09:41:26Z,2024,2024-01-01,2024-12-31
5595838,TOBACCO_MPOWER_R_TAXSTRUCTURE,COUNTRY,LVA,EUR,Europe,YEAR,2024,TOBACCO_INDICATOR,TOBACCO_INDICATOR_R_htp_excise_device,,,,,,,. . .,,,,,2025-08-20T09:41:26Z,2024,2024-01-01,2024-12-31
5605747,TOBACCO_MPOWER_R_TAXSTRUCTURE,COUNTRY,LSO,AFR,Africa,YEAR,2024,TOBACCO_INDICATOR,TOBACCO_INDICATOR_R_htp_excise_device,,,,,,,. . .,,,,,2025-08-20T09:41:26Z,2024,2024-01-01,2024-12-31
5606666,TOBACCO_MPOWER_R_TAXSTRUCTURE,COUNTRY,MDV,SEAR,South-East Asia,YEAR,2024,TOBACCO_INDICATOR,TOBACCO_INDICATOR_R_eliquid_excise_device,,,,,,,—,,,,,2025-08-20T09:41:26Z,2024,2024-01-01,2024-12-31
5609044,TOBACCO_MPOWER_R_TAXSTRUCTURE,COUNTRY,GNQ,AFR,Africa,YEAR,2024,TOBACCO_INDICATOR,TOBACCO_INDICATOR_R_min_price_policy,,,,,,,No,,,,,2025-08-20T09:41:26Z,2024,2024-01-01,2024-12-31
5611402,TOBACCO_MPOWER_R_TAXSTRUCTURE,COUNTRY,HTI,AMR,Americas,YEAR,2024,TOBACCO_INDICATOR,TOBACCO_INDICATOR_R_htp_excise_type_sticks,,,,,,,. . .,,,,,2025-08-20T09:41:26Z,2024,2024-01-01,2024-12-31
5612742,TOBACCO_MPOWER_R_TAXSTRUCTURE,COUNTRY,TUV,WPR,Western Pacific,YEAR,2024,TOBACCO_INDICATOR,TOBACCO_INDICATOR_R_excise_min_specific,,,,,,,No,,,,,2025-08-20T09:41:26Z,2024,2024-01-01,2024-12-31
5618450,TOBACCO_MPOWER_R_TAXSTRUCTURE,COUNTRY,BEN,AFR,Africa,YEAR,2024,TOBACCO_INDICATOR,TOBACCO_INDICATOR_R_excise_uniform_varied,,,,,,,Yes,,,,,2025-08-20T09:41:26Z,2024,2024-01-01,2024-12-31
5618472,TOBACCO_MPOWER_R_TAXSTRUCTURE,COUNTRY,MDV,SEAR,South-East Asia,YEAR,2024,TOBACCO_INDICATOR,TOBACCO_INDICATOR_R_excise_retail_price_base,,,,,,,—,,,,,2025-08-20T09:41:26Z,2024,2024-01-01,2024-12-31
5624264,TOBACCO_MPOWER_R_TAXSTRUCTURE,COUNTRY,SVN,EUR,Europe,YEAR,2024,TOBACCO_INDICATOR,TOBACCO_INDICATOR_R_eliquid_excise_device,,,,,,,. . .,,,,,2025-08-20T09:41:26Z,2024,2024-01-01,2024-12-31
5625098,TOBACCO_MPOWER_R_TAXSTRUCTURE,COUNTRY,BRB,AMR,Americas,YEAR,2024,TOBACCO_INDICATOR,TOBACCO_INDICATOR_R_excise_type,,,,,,,Specific,,,,,2025-08-20T09:41:26Z,2024,2024-01-01,2024-12-31
5627631,TOBACCO_MPOWER_R_TAXSTRUCTURE,COUNTRY,VCT,AMR,Americas,YEAR,2024,TOBACCO_INDICATOR,TOBACCO_INDICATOR_R_afford_price_dispersion,,,,,,,77.49,77.49,,,,2025-08-20T09:41:26Z,2024,2024-01-01,2024-12-31
5641172,TOBACCO_MPOWER_R_TAXSTRUCTURE,COUNTRY,NIC,AMR,Americas,YEAR,2024,TOBACCO_INDICATOR,TOBACCO_INDICATOR_R_afford_price_gap_decreased,,,,,,,. . .,,,,,2025-08-20T09:41:26Z,2024,2024-01-01,2024-12-31
5648073,TOBACCO_MPOWER_R_TAXSTRUCTURE,COUNTRY,NER,AFR,Africa,YEAR,2024,TOBACCO_INDICATOR,TOBACCO_INDICATOR_R_htp_excise_device,,,,,,,. . .,,,,,2025-08-20T09:41:26Z,2024,2024-01-01,2024-12-31
5649048,TOBACCO_MPOWER_R_TAXSTRUCTURE,COUNTRY,SLB,WPR,Western Pacific,YEAR,2024,TOBACCO_INDICATOR,TOBACCO_INDICATOR_R_eliquid_excise_device,,,,,,,. . .,,,,,2025-08-20T09:41:26Z,2024,2024-01-01,2024-12-31
5650363,TOBACCO_MPOWER_R_TAXSTRUCTURE,COUNTRY,GUY,AMR,Americas,YEAR,2024,TOBACCO_INDICATOR,TOBACCO_INDICATOR_R_excise_min_specific,,,,,,,—,,,,,2025-08-20T09:41:26Z,2024,2024-01-01,2024-12-31
5659199,TOBACCO_MPOWER_R_TAXSTRUCTURE,COUNTRY,MDG,AFR,Africa,YEAR,2024,TOBACCO_INDICATOR,TOBACCO_INDICATOR_R_eliquid_excise_type,,,,,,,. . .,,,,,2025-08-20T09:41:26Z,2024,2024-01-01,2024-12-31
5660395,TOBACCO_MPOWER_R_TAXSTRUCTURE,COUNTRY,MDA,EUR,Europe,YEAR,2024,TOBACCO_INDICATOR,TOBACCO_INDICATOR_R_afford_price_gap_decreased,,,,,,,Yes,,,,,2025-08-20T09:41:26Z,2024,2024-01-01,2024-12-31
5662295,TOBACCO_MPOWER_R_TAXSTRUCTURE,COUNTRY,KAZ,EUR,Europe,YEAR,2024,TOBACCO_INDICATOR,TOBACCO_INDICATOR_R_htp_excise_device,,,,,,,No,,,,,2025-08-20T09:41:26Z,2024,2024-01-01,2024-12-31
5664154,TOBACCO_MPOWER_R_TAXSTRUCTURE,COUNTRY,CHL,AMR,Americas,YEAR,2024,TOBACCO_INDICATOR,TOBACCO_INDICATOR_R_excise_retail_price_base,,,,,,,Yes,,,,,2025-08-20T09:41:26Z,2024,2024-01-01,2024-12-31
5664946,TOBACCO_MPOWER_R_TAXSTRUCTURE,COUNTRY,GTM,AMR,Americas,YEAR,2024,TOBACCO_INDICATOR,TOBACCO_INDICATOR_R_excise_type,,,,,,,Ad valorem,,,,,2025-08-20T09:41:26Z,2024,2024-01-01,2024-12-31
5671199,TOBACCO_MPOWER_R_TAXSTRUCTURE,COUNTRY,LSO,AFR,Africa,YEAR,2024,TOBACCO_INDICATOR,TOBACCO_INDICATOR_R_eliquid_excise_device,,,,,,,. . .,,,,,2025-08-20T09:41:26Z,2024,2024-01-01,2024-12-31
5671549,TOBACCO_MPOWER_R_TAXSTRUCTURE,COUNTRY,BDI,AFR,Africa,YEAR,2024,TOBACCO_INDICATOR,TOBACCO_INDICATOR_R_htp_excise_device,,,,,,,. . .,,,,,2025-08-20T09:41:26Z,2024,2024-01-01,2024-12-31
5678162,TOBACCO_MPOWER_R_TAXSTRUCTURE,COUNTRY,SOM,EMR,Eastern Mediterranean,YEAR,2024,TOBACCO_INDICATOR,TOBACCO_INDICATOR_R_eliquid_excise_device,,,,,,,. . .,,,,,2025-08-20T09:41:26Z,2024,2024-01-01,2024-12-31
5679887,TOBACCO_MPOWER_R_TAXSTRUCTURE,COUNTRY,SLV,AMR,Americas,YEAR,2024,TOBACCO_INDICATOR,TOBACCO_INDICATOR_R_htp_excise_type_sticks,,,,,,,. . .,,,,,2025-08-20T09:41:26Z,2024,2024-01-01,2024-12-31
5680444,TOBACCO_MPOWER_R_TAXSTRUCTURE,COUNTRY,NLD,EUR,Europe,YEAR,2024,TOBACCO_INDICATOR,TOBACCO_INDICATOR_R_excise_specific_reliance,,,,,,,Yes,,,,,2025-08-20T09:41:26Z,2024,2024-01-01,2024-12-31
5686073,TOBACCO_MPOWER_R_TAXSTRUCTURE,COUNTRY,MKD,EUR,Europe,YEAR,2024,TOBACCO_INDICATOR,TOBACCO_INDICATOR_R_excise_type,,,,,,,Mixed,,,,,2025-08-20T09:41:26Z,2024,2024-01-01,2024-12-31
5688083,TOBACCO_MPOWER_R_TAXSTRUCTURE,COUNTRY,CRI,AMR,Americas,YEAR,2024,TOBACCO_INDICATOR,TOBACCO_INDICATOR_R_excise_uniform_varied,,,,,,,Yes,,,,,2025-08-20T09:41:26Z,2024,2024-01-01,2024-12-31
5688402,TOBACCO_MPOWER_R_TAXSTRUCTURE,COUNTRY,TGO,AFR,Africa,YEAR,2024,TOBACCO_INDICATOR,TOBACCO_INDICATOR_R_afford_tax_auto_adjust,,,,,,,—,,,,,2025-08-20T09:41:26Z,2024,2024-01-01,2024-12-31
5694307,TOBACCO_MPOWER_R_TAXSTRUCTURE,COUNTRY,MNG,WPR,Western Pacific,YEAR,2024,TOBACCO_INDICATOR,TOBACCO_INDICATOR_R_excise_retail_price_base,,,,,,,—,,,,,2025-08-20T09:41:26Z,2024,2024-01-01,2024-12-31
5695435,TOBACCO_MPOWER_R_TAXSTRUCTURE,COUNTRY,MWI,AFR,Africa,YEAR,2024,TOBACCO_INDICATOR,TOBACCO_INDICATOR_R_eliquid_excise_device,,,,,,,—,,,,,2025-08-20T09:41:26Z,2024,2024-01-01,2024-12-31
5706617,TOBACCO_MPOWER_R_TAXSTRUCTURE,COUNTRY,ATG,AMR,Americas,YEAR,2024,TOBACCO_INDICATOR,TOBACCO_INDICATOR_R_excise_min_specific,,,,,,,No,,,,,2025-08-20T09:41:26Z,2024,2024-01-01,2024-12-31
5710455,TOBACCO_MPOWER_R_TAXSTRUCTURE,COUNTRY,COD,AFR,Africa,YEAR,2024,TOBACCO_INDICATOR,TOBACCO_INDICATOR_R_min_price_policy,,,,,,,No,,,,,2025-08-20T09:41:26Z,2024,2024-01-01,2024-12-31
5712885,TOBACCO_MPOWER_R_TAXSTRUCTURE,COUNTRY,GHA,AFR,Africa,YEAR,2024,TOBACCO_INDICATOR,TOBACCO_INDICATOR_R_excise_retail_price_base,,,,,,,No,,,,,2025-08-20T09:41:26Z,2024,2024-01-01,2024-12-31
5713124,TOBACCO_MPOWER_R_TAXSTRUCTURE,COUNTRY,HTI,AMR,Americas,YEAR,2024,TOBACCO_INDICATOR,TOBACCO_INDICATOR_R_eliquid_excise_type,,,,,,,. . .,,,,,2025-08-20T09:41:26Z,2024,2024-01-01,2024-12-31
5716713,TOBACCO_MPOWER_R_TAXSTRUCTURE,COUNTRY,NPL,SEAR,South-East Asia,YEAR,2024,TOBACCO_INDICATOR,TOBACCO_INDICATOR_R_eliquid_excise_type,,,,,,,—,,,,,2025-08-20T09:41:26Z,2024,2024-01-01,2024-12-31
5717762,TOBACCO_MPOWER_R_TAXSTRUCTURE,COUNTRY,MNE,EUR,Europe,YEAR,2024,TOBACCO_INDICATOR,TOBACCO_INDICATOR_R_htp_excise_device,,,,,,,No,,,,,2025-08-20T09:41:26Z,2024,2024-01-01,2024-12-31
5717811,TOBACCO_MPOWER_R_TAXSTRUCTURE,COUNTRY,DOM,AMR,Americas,YEAR,2024,TOBACCO_INDICATOR,TOBACCO_INDICATOR_R_excise_retail_price_base,,,,,,,No,,,,,2025-08-20T09:41:26Z,2024,2024-01-01,2024-12-31
5724449,TOBACCO_MPOWER_R_TAXSTRUCTURE,COUNTRY,JOR,EMR,Eastern Mediterranean,YEAR,2024,TOBACCO_INDICATOR,TOBACCO_INDICATOR_R_afford_tax_auto_adjust,,,,,,,No,,,,,2025-08-20T09:41:26Z,2024,2024-01-01,2024-12-31
5730305,TOBACCO_MPOWER_R_TAXSTRUCTURE,COUNTRY,GEO,EUR,Europe,YEAR,2024,TOBACCO_INDICATOR,TOBACCO_INDICATOR_R_afford_price_gap_decreased,,,,,,,Yes,,,,,2025-08-20T09:41:26Z,2024,2024-01-01,2024-12-31
5740451,TOBACCO_MPOWER_R_TAXSTRUCTURE,COUNTRY,KEN,AFR,Africa,YEAR,2024,TOBACCO_INDICATOR,TOBACCO_INDICATOR_R_min_price_policy,,,,,,,No,,,,,2025-08-20T09:41:26Z,2024,2024-01-01,2024-12-31
5744480,TOBACCO_MPOWER_R_TAXSTRUCTURE,COUNTRY,PRK,SEAR,South-East Asia,YEAR,2024,TOBACCO_INDICATOR,TOBACCO_INDICATOR_R_excise_specific_reliance,,,,,,,—,,,,,2025-08-20T09:41:26Z,2024,2024-01-01,2024-12-31
5744902,TOBACCO_MPOWER_R_TAXSTRUCTURE,COUNTRY,LBY,EMR,Eastern Mediterranean,YEAR,2024,TOBACCO_INDICATOR,TOBACCO_INDICATOR_R_excise_uniform_varied,,,,,,,—,,,,,2025-08-20T09:41:26Z,2024,2024-01-01,2024-12-31
5745476,TOBACCO_MPOWER_R_TAXSTRUCTURE,COUNTRY,AZE,EUR,Europe,YEAR,2024,TOBACCO_INDICATOR,TOBACCO_INDICATOR_R_excise_retail_price_base,,,,,,,—,,,,,2025-08-20T09:41:26Z,2024,2024-01-01,2024-12-31
5749613,TOBACCO_MPOWER_R_TAXSTRUCTURE,COUNTRY,TUV,WPR,Western Pacific,YEAR,2024,TOBACCO_INDICATOR,TOBACCO_INDICATOR_R_htp_excise_device,,,,,,,. . .,,,,,2025-08-20T09:41:26Z,2024,2024-01-01,2024-12-31
5750035,TOBACCO_MPOWER_R_TAXSTRUCTURE,COUNTRY,THA,SEAR,South-East Asia,YEAR,2024,TOBACCO_INDICATOR,TOBACCO_INDICATOR_R_afford_price_gap_decreased,,,,,,,Yes,,,,,2025-08-20T09:41:26Z,2024,2024-01-01,2024-12-31
5750063,TOBACCO_MPOWER_R_TAXSTRUCTURE,COUNTRY,SEN,AFR,Africa,YEAR,2024,TOBACCO_INDICATOR,TOBACCO_INDICATOR_R_eliquid_excise_device,,,,,,,. . .,,,,,2025-08-20T09:41:26Z,2024,2024-01-01,2024-12-31
5755110,TOBACCO_MPOWER_R_TAXSTRUCTURE,COUNTRY,BGR,EUR,Europe,YEAR,2024,TOBACCO_INDICATOR,TOBACCO_INDICATOR_R_eliquid_excise_nicotine,,,,,,,all e-liquids,,,,,2025-08-20T09:41:26Z,2024,2024-01-01,2024-12-31
5756801,TOBACCO_MPOWER_R_TAXSTRUCTURE,COUNTRY,PLW,WPR,Western Pacific,YEAR,2024,TOBACCO_INDICATOR,TOBACCO_INDICATOR_R_excise_retail_price_base,,,,,,,—,,,,,2025-08-20T09:41:26Z,2024,2024-01-01,2024-12-31
5757600,TOBACCO_MPOWER_R_TAXSTRUCTURE,COUNTRY,IDN,WPR,Western Pacific,YEAR,2024,TOBACCO_INDICATOR,TOBACCO_INDICATOR_R_excise_retail_price_base,,,,,,,—,,,,,2025-08-20T09:41:26Z,2024,2024-01-01,2024-12-31
5759572,TOBACCO_MPOWER_R_TAXSTRUCTURE,COUNTRY,MUS,AFR,Africa,YEAR,2024,TOBACCO_INDICATOR,TOBACCO_INDICATOR_R_min_price_policy,,,,,,,No,,,,,2025-08-20T09:41:26Z,2024,2024-01-01,2024-12-31
5761215,TOBACCO_MPOWER_R_TAXSTRUCTURE,COUNTRY,SUR,AMR,Americas,YEAR,2024,TOBACCO_INDICATOR,TOBACCO_INDICATOR_R_eliquid_excise_nicotine,,,,,,,—,,,,,2025-08-20T09:41:26Z,2024,2024-01-01,2024-12-31
5773803,TOBACCO_MPOWER_R_TAXSTRUCTURE,COUNTRY,SWE,EUR,Europe,YEAR,2024,TOBACCO_INDICATOR,TOBACCO_INDICATOR_R_excise_specific_reliance,,,,,,,Yes,,,,,2025-08-20T09:41:26Z,2024,2024-01-01,2024-12-31
5776617,TOBACCO_MPOWER_R_TAXSTRUCTURE,COUNTRY,GRD,AMR,Americas,YEAR,2024,TOBACCO_INDICATOR,TOBACCO_INDICATOR_R_htp_excise_type_sticks,,,,,,,. . .,,,,,2025-08-20T09:41:26Z,2024,2024-01-01,2024-12-31
5779391,TOBACCO_MPOWER_R_TAXSTRUCTURE,COUNTRY,VEN,AMR,Americas,YEAR,2024,TOBACCO_INDICATOR,TOBACCO_INDICATOR_R_excise_type,,,,,,,Ad valorem,,,,Data not validated by the national authorities.,2025-08-20T09:41:26Z,2024,2024-01-01,2024-12-31
5787593,TOBACCO_MPOWER_R_TAXSTRUCTURE,COUNTRY,COM,AFR,Africa,YEAR,2024,TOBACCO_INDICATOR,TOBACCO_INDICATOR_R_eliquid_excise_device,,,,,,,. . .,,,,,2025-08-20T09:41:26Z,2024,2024-01-01,2024-12-31
5789809,TOBACCO_MPOWER_R_TAXSTRUCTURE,COUNTRY,LBY,EMR,Eastern Mediterranean,YEAR,2024,TOBACCO_INDICATOR,TOBACCO_INDICATOR_R_htp_excise_type_sticks,,,,,,,. . .,,,,,2025-08-20T09:41:26Z,2024,2024-01-01,2024-12-31
5791262,TOBACCO_MPOWER_R_TAXSTRUCTURE,COUNTRY,NER,AFR,Africa,YEAR,2024,TOBACCO_INDICATOR,TOBACCO_INDICATOR_R_eliquid_excise_device,,,,,,,. . .,,,,,2025-08-20T09:41:26Z,2024,2024-01-01,2024-12-31
5791268,TOBACCO_MPOWER_R_TAXSTRUCTURE,COUNTRY,SYC,AFR,Africa,YEAR,2024,TOBACCO_INDICATOR,TOBACCO_INDICATOR_R_eliquid_excise_type,,,,,,,. . .,,,,,2025-08-20T09:41:26Z,2024,2024-01-01,2024-12-31
5794304,TOBACCO_MPOWER_R_TAXSTRUCTURE,COUNTRY,BGR,EUR,Europe,YEAR,2024,TOBACCO_INDICATOR,TOBACCO_INDICATOR_R_min_price_policy,,,,,,,No,,,,,2025-08-20T09:41:26Z,2024,2024-01-01,2024-12-31
5796765,TOBACCO_MPOWER_R_TAXSTRUCTURE,COUNTRY,STP,AFR,Africa,YEAR,2024,TOBACCO_INDICATOR,TOBACCO_INDICATOR_R_excise_uniform_varied,,,,,,,Yes,,,,,2025-08-20T09:41:26Z,2024,2024-01-01,2024-12-31
5819877,TOBACCO_MPOWER_R_TAXSTRUCTURE,COUNTRY,NIU,WPR,Western Pacific,YEAR,2024,TOBACCO_INDICATOR,TOBACCO_INDICATOR_R_afford_price_dispersion,,,,,,,. . .,,,,,2025-08-20T09:41:26Z,2024,2024-01-01,2024-12-31
5823568,TOBACCO_MPOWER_R_TAXSTRUCTURE,COUNTRY,TLS,SEAR,South-East Asia,YEAR,2024,TOBACCO_INDICATOR,TOBACCO_INDICATOR_R_excise_min_specific,,,,,,,—,,,,,2025-08-20T09:41:26Z,2024,2024-01-01,2024-12-31
5831159,TOBACCO_MPOWER_R_TAXSTRUCTURE,COUNTRY,HUN,EUR,Europe,YEAR,2024,TOBACCO_INDICATOR,TOBACCO_INDICATOR_R_htp_excise_type_sticks,,,,,,,Specific,,,,,2025-08-20T09:41:26Z,2024,2024-01-01,2024-12-31
5831721,TOBACCO_MPOWER_R_TAXSTRUCTURE,COUNTRY,ATG,AMR,Americas,YEAR,2024,TOBACCO_INDICATOR,TOBACCO_INDICATOR_R_excise_specific_reliance,,,,,,,—,,,,,2025-08-20T09:41:26Z,2024,2024-01-01,2024-12-31
5835535,TOBACCO_MPOWER_R_TAXSTRUCTURE,COUNTRY,VNM,WPR,Western Pacific,YEAR,2024,TOBACCO_INDICATOR,TOBACCO_INDICATOR_R_excise_min_specific,,,,,,,No,,,,,2025-08-20T09:41:26Z,2024,2024-01-01,2024-12-31
5837443,TOBACCO_MPOWER_R_TAXSTRUCTURE,COUNTRY,CRI,AMR,Americas,YEAR,2024,TOBACCO_INDICATOR,TOBACCO_INDICATOR_R_afford_tax_auto_adjust,,,,,,,Yes,,,,,2025-08-20T09:41:26Z,2024,2024-01-01,2024-12-31
5838253,TOBACCO_MPOWER_R_TAXSTRUCTURE,COUNTRY,TGO,AFR,Africa,YEAR,2024,TOBACCO_INDICATOR,TOBACCO_INDICATOR_R_excise_uniform_varied,,,,,,,Yes,,,,,2025-08-20T09:41:26Z,2024,2024-01-01,2024-12-31
5841175,TOBACCO_MPOWER_R_TAXSTRUCTURE,COUNTRY,BRA,AMR,Americas,YEAR,2024,TOBACCO_INDICATOR,TOBACCO_INDICATOR_R_min_price_policy,,,,,,,Yes,,,,,2025-08-20T09:41:26Z,2024,2024-01-01,2024-12-31
5841658,TOBACCO_MPOWER_R_TAXSTRUCTURE,COUNTRY,COK,WPR,Western Pacific,YEAR,2024,TOBACCO_INDICATOR,TOBACCO_INDICATOR_R_excise_retail_price_base,,,,,,,—,,,,,2025-08-20T09:41:26Z,2024,2024-01-01,2024-12-31
5846458,TOBACCO_MPOWER_R_TAXSTRUCTURE,COUNTRY,DEU,EUR,Europe,YEAR,2024,TOBACCO_INDICATOR,TOBACCO_INDICATOR_R_afford_tax_auto_adjust,,,,,,,No,,,,,2025-08-20T09:41:26Z,2024,2024-01-01,2024-12-31
5861332,TOBACCO_MPOWER_R_TAXSTRUCTURE,COUNTRY,ALB,EUR,Europe,YEAR,2024,TOBACCO_INDICATOR,TOBACCO_INDICATOR_R_htp_excise_type_sticks,,,,,,,Specific,,,,,2025-08-20T09:41:26Z,2024,2024-01-01,2024-12-31
5864158,TOBACCO_MPOWER_R_TAXSTRUCTURE,COUNTRY,IRL,EUR,Europe,YEAR,2024,TOBACCO_INDICATOR,TOBACCO_INDICATOR_R_excise_specific_reliance,,,,,,,Yes,,,,,2025-08-20T09:41:26Z,2024,2024-01-01,2024-12-31
5874823,TOBACCO_MPOWER_R_TAXSTRUCTURE,COUNTRY,CZE,EUR,Europe,YEAR,2024,TOBACCO_INDICATOR,TOBACCO_INDICATOR_R_min_price_policy,,,,,,,No,,,,,2025-08-20T09:41:26Z,2024,2024-01-01,2024-12-31
5878647,TOBACCO_MPOWER_R_TAXSTRUCTURE,COUNTRY,BWA,AFR,Africa,YEAR,2024,TOBACCO_INDICATOR,TOBACCO_INDICATOR_R_eliquid_excise_nicotine,,,,,,,. . .,,,,,2025-08-20T09:41:26Z,2024,2024-01-01,2024-12-31
5879625,TOBACCO_MPOWER_R_TAXSTRUCTURE,COUNTRY,PHL,WPR,Western Pacific,YEAR,2024,TOBACCO_INDICATOR,TOBACCO_INDICATOR_R_excise_type,,,,,,,Specific,,,,,2025-08-20T09:41:26Z,2024,2024-01-01,2024-12-31
5879873,TOBACCO_MPOWER_R_TAXSTRUCTURE,COUNTRY,SYR,EMR,Eastern Mediterranean,YEAR,2024,TOBACCO_INDICATOR,TOBACCO_INDICATOR_R_eliquid_excise_device,,,,,,,—,,,,,2025-08-20T09:41:26Z,2024,2024-01-01,2024-12-31
5881990,TOBACCO_MPOWER_R_TAXSTRUCTURE,COUNTRY,MYS,WPR,Western Pacific,YEAR,2024,TOBACCO_INDICATOR,TOBACCO_INDICATOR_R_afford_tax_auto_adjust,,,,,,,No,,,,,2025-08-20T09:41:26Z,2024,2024-01-01,2024-12-31
5885850,TOBACCO_MPOWER_R_TAXSTRUCTURE,COUNTRY,TON,WPR,Western Pacific,YEAR,2024,TOBACCO_INDICATOR,TOBACCO_INDICATOR_R_min_price_policy,,,,,,,No,,,,,2025-08-20T09:41:26Z,2024,2024-01-01,2024-12-31
5888478,TOBACCO_MPOWER_R_TAXSTRUCTURE,COUNTRY,ARM,EUR,Europe,YEAR,2024,TOBACCO_INDICATOR,TOBACCO_INDICATOR_R_excise_specific_reliance,,,,,,,—,,,,,2025-08-20T09:41:26Z,2024,2024-01-01,2024-12-31
5893189,TOBACCO_MPOWER_R_TAXSTRUCTURE,COUNTRY,SAU,EMR,Eastern Mediterranean,YEAR,2024,TOBACCO_INDICATOR,TOBACCO_INDICATOR_R_afford_tax_auto_adjust,,,,,,,No,,,,,2025-08-20T09:41:26Z,2024,2024-01-01,2024-12-31
5898208,TOBACCO_MPOWER_R_TAXSTRUCTURE,COUNTRY,HUN,EUR,Europe,YEAR,2024,TOBACCO_INDICATOR,TOBACCO_INDICATOR_R_htp_excise_device,,,,,,,. . .,,,,,2025-08-20T09:41:26Z,2024,2024-01-01,2024-12-31
5899415,TOBACCO_MPOWER_R_TAXSTRUCTURE,COUNTRY,COM,AFR,Africa,YEAR,2024,TOBACCO_INDICATOR,TOBACCO_INDICATOR_R_excise_type,,,,,,,Ad valorem,,,,,2025-08-20T09:41:26Z,2024,2024-01-01,2024-12-31
5903892,TOBACCO_MPOWER_R_TAXSTRUCTURE,COUNTRY,ZAF,AFR,Africa,YEAR,2024,TOBACCO_INDICATOR,TOBACCO_INDICATOR_R_excise_specific_reliance,,,,,,,—,,,,,2025-08-20T09:41:26Z,2024,2024-01-01,2024-12-31
5913432,TOBACCO_MPOWER_R_TAXSTRUCTURE,COUNTRY,CUB,AMR,Americas,YEAR,2024,TOBACCO_INDICATOR,TOBACCO_INDICATOR_R_eliquid_excise_type,,,,,,,. . .,,,,,2025-08-20T09:41:26Z,2024,2024-01-01,2024-12-31
5919148,TOBACCO_MPOWER_R_TAXSTRUCTURE,COUNTRY,MDA,EUR,Europe,YEAR,2024,TOBACCO_INDICATOR,TOBACCO_INDICATOR_R_afford_price_dispersion,,,,,,,70.18,70.18,,,,2025-08-20T09:41:26Z,2024,2024-01-01,2024-12-31
5923160,TOBACCO_MPOWER_R_TAXSTRUCTURE,COUNTRY,DNK,EUR,Europe,YEAR,2024,TOBACCO_INDICATOR,TOBACCO_INDICATOR_R_eliquid_excise_type,,,,,,,Specific,,,,,2025-08-20T09:41:26Z,2024,2024-01-01,2024-12-31
5924715,TOBACCO_MPOWER_R_TAXSTRUCTURE,COUNTRY,AGO,AFR,Africa,YEAR,2024,TOBACCO_INDICATOR,TOBACCO_INDICATOR_R_excise_type,,,,,,,Ad valorem,,,,,2025-08-20T09:41:26Z,2024,2024-01-01,2024-12-31
5931454,TOBACCO_MPOWER_R_TAXSTRUCTURE,COUNTRY,JPN,WPR,Western Pacific,YEAR,2024,TOBACCO_INDICATOR,TOBACCO_INDICATOR_R_excise_uniform_varied,,,,,,,Yes,,,,,2025-08-20T09:41:26Z,2024,2024-01-01,2024-12-31
5932753,TOBACCO_MPOWER_R_TAXSTRUCTURE,COUNTRY,MNE,EUR,Europe,YEAR,2024,TOBACCO_INDICATOR,TOBACCO_INDICATOR_R_excise_retail_price_base,,,,,,,Yes,,,,,2025-08-20T09:41:26Z,2024,2024-01-01,2024-12-31
5933449,TOBACCO_MPOWER_R_TAXSTRUCTURE,COUNTRY,LVA,EUR,Europe,YEAR,2024,TOBACCO_INDICATOR,TOBACCO_INDICATOR_R_excise_retail_price_base,,,,,,,Yes,,,,,2025-08-20T09:41:26Z,2024,2024-01-01,2024-12-31
5936232,TOBACCO_MPOWER_R_TAXSTRUCTURE,COUNTRY,CZE,EUR,Europe,YEAR,2024,TOBACCO_INDICATOR,TOBACCO_INDICATOR_R_afford_price_dispersion,,,,,,,82.39,82.39,,,,2025-08-20T09:41:26Z,2024,2024-01-01,2024-12-31
5936314,TOBACCO_MPOWER_R_TAXSTRUCTURE,COUNTRY,UGA,AFR,Africa,YEAR,2024,TOBACCO_INDICATOR,TOBACCO_INDICATOR_R_afford_price_gap_decreased,,,,,,,No,,,,,2025-08-20T09:41:26Z,2024,2024-01-01,2024-12-31
5941797,TOBACCO_MPOWER_R_TAXSTRUCTURE,COUNTRY,COK,WPR,Western Pacific,YEAR,2024,TOBACCO_INDICATOR,TOBACCO_INDICATOR_R_eliquid_excise_device,,,,,,,—,,,,,2025-08-20T09:41:26Z,2024,2024-01-01,2024-12-31
5944510,TOBACCO_MPOWER_R_TAXSTRUCTURE,COUNTRY,COK,WPR,Western Pacific,YEAR,2024,TOBACCO_INDICATOR,TOBACCO_INDICATOR_R_htp_excise_type_sticks,,,,,,,No excise,,,,,2025-08-20T09:41:26Z,2024,2024-01-01,2024-12-31
5952381,TOBACCO_MPOWER_R_TAXSTRUCTURE,COUNTRY,GNB,AFR,Africa,YEAR,2024,TOBACCO_INDICATOR,TOBACCO_INDICATOR_R_eliquid_excise_device,,,,,,,. . .,,,,,2025-08-20T09:41:26Z,2024,2024-01-01,2024-12-31
5955951,TOBACCO_MPOWER_R_TAXSTRUCTURE,COUNTRY,MKD,EUR,Europe,YEAR,2024,TOBACCO_INDICATOR,TOBACCO_INDICATOR_R_afford_tax_auto_adjust,,,,,,,Yes,,,,,2025-08-20T09:41:26Z,2024,2024-01-01,2024-12-31
5957074,TOBACCO_MPOWER_R_TAXSTRUCTURE,COUNTRY,NZL,WPR,Western Pacific,YEAR,2024,TOBACCO_INDICATOR,TOBACCO_INDICATOR_R_excise_specific_reliance,,,,,,,—,,,,,2025-08-20T09:41:26Z,2024,2024-01-01,2024-12-31
5960736,TOBACCO_MPOWER_R_TAXSTRUCTURE,COUNTRY,MCO,EUR,Europe,YEAR,2024,TOBACCO_INDICATOR,TOBACCO_INDICATOR_R_excise_min_specific,,,,,,,—,,,,,2025-08-20T09:41:26Z,2024,2024-01-01,2024-12-31
5968954,TOBACCO_MPOWER_R_TAXSTRUCTURE,COUNTRY,NLD,EUR,Europe,YEAR,2024,TOBACCO_INDICATOR,TOBACCO_INDICATOR_R_excise_retail_price_base,,,,,,,Yes,,,,,2025-08-20T09:41:26Z,2024,2024-01-01,2024-12-31
5973638,TOBACCO_MPOWER_R_TAXSTRUCTURE,COUNTRY,COM,AFR,Africa,YEAR,2024,TOBACCO_INDICATOR,TOBACCO_INDICATOR_R_htp_excise_device,,,,,,,. . .,,,,,2025-08-20T09:41:26Z,2024,2024-01-01,2024-12-31
5980454,TOBACCO_MPOWER_R_TAXSTRUCTURE,COUNTRY,TZA,AFR,Africa,YEAR,2024,TOBACCO_INDICATOR,TOBACCO_INDICATOR_R_excise_retail_price_base,,,,,,,—,,,,,2025-08-20T09:41:26Z,2024,2024-01-01,2024-12-31
5981598,TOBACCO_MPOWER_R_TAXSTRUCTURE,COUNTRY,SYC,AFR,Africa,YEAR,2024,TOBACCO_INDICATOR,TOBACCO_INDICATOR_R_htp_excise_device,,,,,,,. . .,,,,,2025-08-20T09:41:26Z,2024,2024-01-01,2024-12-31
5982983,TOBACCO_MPOWER_R_TAXSTRUCTURE,COUNTRY,SSD,AFR,Africa,YEAR,2024,TOBACCO_INDICATOR,TOBACCO_INDICATOR_R_excise_uniform_varied,,,,,,,Yes,,,,,2025-08-20T09:41:26Z,2024,2024-01-01,2024-12-31
5983852,TOBACCO_MPOWER_R_TAXSTRUCTURE,COUNTRY,ROU,EUR,Europe,YEAR,2024,TOBACCO_INDICATOR,TOBACCO_INDICATOR_R_eliquid_excise_device,,,,,,,. . .,,,,,2025-08-20T09:41:26Z,2024,2024-01-01,2024-12-31
5986753,TOBACCO_MPOWER_R_TAXSTRUCTURE,COUNTRY,SDN,EMR,Eastern Mediterranean,YEAR,2024,TOBACCO_INDICATOR,TOBACCO_INDICATOR_R_min_price_policy,,,,,,,No,,,,,2025-08-20T09:41:26Z,2024,2024-01-01,2024-12-31
5990832,TOBACCO_MPOWER_R_TAXSTRUCTURE,COUNTRY,COM,AFR,Africa,YEAR,2024,TOBACCO_INDICATOR,TOBACCO_INDICATOR_R_eliquid_excise_type,,,,,,,. . .,,,,,2025-08-20T09:41:26Z,2024,2024-01-01,2024-12-31
5991751,TOBACCO_MPOWER_R_TAXSTRUCTURE,COUNTRY,ATG,AMR,Americas,YEAR,2024,TOBACCO_INDICATOR,TOBACCO_INDICATOR_R_excise_type,,,,,,,Ad valorem,,,,,2025-08-20T09:41:26Z,2024,2024-01-01,2024-12-31
5995112,TOBACCO_MPOWER_R_TAXSTRUCTURE,COUNTRY,PSE,EMR,Eastern Mediterranean,YEAR,2024,TOBACCO_INDICATOR,TOBACCO_INDICATOR_R_excise_type,,,,,,,Mixed,,,,,2025-08-20T09:41:26Z,2024,2024-01-01,2024-12-31
5998162,TOBACCO_MPOWER_R_TAXSTRUCTURE,COUNTRY,ARG,AMR,Americas,YEAR,2024,TOBACCO_INDICATOR,TOBACCO_INDICATOR_R_eliquid_excise_device,,,,,,,—,,,,,2025-08-20T09:41:26Z,2024,2024-01-01,2024-12-31
6001863,TOBACCO_MPOWER_R_TAXSTRUCTURE,COUNTRY,SLV,AMR,Americas,YEAR,2024,TOBACCO_INDICATOR,TOBACCO_INDICATOR_R_afford_price_gap_decreased,,,,,,,No,,,,,2025-08-20T09:41:26Z,2024,2024-01-01,2024-12-31
6002334,TOBACCO_MPOWER_R_TAXSTRUCTURE,COUNTRY,ZAF,AFR,Africa,YEAR,2024,TOBACCO_INDICATOR,TOBACCO_INDICATOR_R_excise_retail_price_base,,,,,,,—,,,,,2025-08-20T09:41:26Z,2024,2024-01-01,2024-12-31
6005317,TOBACCO_MPOWER_R_TAXSTRUCTURE,COUNTRY,YEM,EMR,Eastern Mediterranean,YEAR,2024,TOBACCO_INDICATOR,TOBACCO_INDICATOR_R_eliquid_excise_device,,,,,,,. . .,,,,,2025-08-20T09:41:26Z,2024,2024-01-01,2024-12-31
6009312,TOBACCO_MPOWER_R_TAXSTRUCTURE,COUNTRY,ERI,AFR,Africa,YEAR,2024,TOBACCO_INDICATOR,TOBACCO_INDICATOR_R_htp_excise_type_sticks,,,,,,,. . .,,,,,2025-08-20T09:41:26Z,2024,2024-01-01,2024-12-31
6015825,TOBACCO_MPOWER_R_TAXSTRUCTURE,COUNTRY,FRA,EUR,Europe,YEAR,2024,TOBACCO_INDICATOR,TOBACCO_INDICATOR_R_afford_tax_auto_adjust,,,,,,,Yes,,,,,2025-08-20T09:41:26Z,2024,2024-01-01,2024-12-31
6019283,TOBACCO_MPOWER_R_TAXSTRUCTURE,COUNTRY,ROU,EUR,Europe,YEAR,2024,TOBACCO_INDICATOR,TOBACCO_INDICATOR_R_excise_specific_reliance,,,,,,,Yes,,,,,2025-08-20T09:41:26Z,2024,2024-01-01,2024-12-31
6022986,TOBACCO_MPOWER_R_TAXSTRUCTURE,COUNTRY,SLV,AMR,Americas,YEAR,2024,TOBACCO_INDICATOR,TOBACCO_INDICATOR_R_excise_retail_price_base,,,,,,,No,,,,,2025-08-20T09:41:26Z,2024,2024-01-01,2024-12-31
6024083,TOBACCO_MPOWER_R_TAXSTRUCTURE,COUNTRY,BRN,WPR,Western Pacific,YEAR,2024,TOBACCO_INDICATOR,TOBACCO_INDICATOR_R_afford_price_dispersion,,,,,,,. . .,,,,,2025-08-20T09:41:26Z,2024,2024-01-01,2024-12-31
6025413,TOBACCO_MPOWER_R_TAXSTRUCTURE,COUNTRY,PHL,WPR,Western Pacific,YEAR,2024,TOBACCO_INDICATOR,TOBACCO_INDICATOR_R_eliquid_excise_type,,,,,,,Specific,,,,,2025-08-20T09:41:26Z,2024,2024-01-01,2024-12-31
6026052,TOBACCO_MPOWER_R_TAXSTRUCTURE,COUNTRY,AZE,EUR,Europe,YEAR,2024,TOBACCO_INDICATOR,TOBACCO_INDICATOR_R_excise_specific_reliance,,,,,,,—,,,,,2025-08-20T09:41:26Z,2024,2024-01-01,2024-12-31
6030758,TOBACCO_MPOWER_R_TAXSTRUCTURE,COUNTRY,TCD,AFR,Africa,YEAR,2024,TOBACCO_INDICATOR,TOBACCO_INDICATOR_R_excise_min_specific,,,,,,,No,,,,,2025-08-20T09:41:26Z,2024,2024-01-01,2024-12-31
6045258,TOBACCO_MPOWER_R_TAXSTRUCTURE,COUNTRY,OMN,EMR,Eastern Mediterranean,YEAR,2024,TOBACCO_INDICATOR,TOBACCO_INDICATOR_R_eliquid_excise_device,,,,,,,—,,,,,2025-08-20T09:41:26Z,2024,2024-01-01,2024-12-31
6047346,TOBACCO_MPOWER_R_TAXSTRUCTURE,COUNTRY,AND,EUR,Europe,YEAR,2024,TOBACCO_INDICATOR,TOBACCO_INDICATOR_R_excise_uniform_varied,,,,,,,Yes,,,,,2025-08-20T09:41:26Z,2024,2024-01-01,2024-12-31
6051328,TOBACCO_MPOWER_R_TAXSTRUCTURE,COUNTRY,ERI,AFR,Africa,YEAR,2024,TOBACCO_INDICATOR,TOBACCO_INDICATOR_R_eliquid_excise_nicotine,,,,,,,. . .,,,,,2025-08-20T09:41:26Z,2024,2024-01-01,2024-12-31
6066680,TOBACCO_MPOWER_R_TAXSTRUCTURE,COUNTRY,RWA,AFR,Africa,YEAR,2024,TOBACCO_INDICATOR,TOBACCO_INDICATOR_R_excise_uniform_varied,,,,,,,Yes,,,,,2025-08-20T09:41:26Z,2024,2024-01-01,2024-12-31
6068325,TOBACCO_MPOWER_R_TAXSTRUCTURE,COUNTRY,SGP,WPR,Western Pacific,YEAR,2024,TOBACCO_INDICATOR,TOBACCO_INDICATOR_R_eliquid_excise_device,,,,,,,—,,,,,2025-08-20T09:41:26Z,2024,2024-01-01,2024-12-31
6073749,TOBACCO_MPOWER_R_TAXSTRUCTURE,COUNTRY,COG,AFR,Africa,YEAR,2024,TOBACCO_INDICATOR,TOBACCO_INDICATOR_R_eliquid_excise_type,,,,,,,. . .,,,,,2025-08-20T09:41:26Z,2024,2024-01-01,2024-12-31
6074197,TOBACCO_MPOWER_R_TAXSTRUCTURE,COUNTRY,ARE,EMR,Eastern Mediterranean,YEAR,2024,TOBACCO_INDICATOR,TOBACCO_INDICATOR_R_min_price_policy,,,,,,,No,,,,,2025-08-20T09:41:26Z,2024,2024-01-01,2024-12-31
6074801,TOBACCO_MPOWER_R_TAXSTRUCTURE,COUNTRY,LBN,EMR,Eastern Mediterranean,YEAR,2024,TOBACCO_INDICATOR,TOBACCO_INDICATOR_R_excise_type,,,,,,,Mixed,,,,Excise is applied only on imported tobacco products.,2025-08-20T09:41:26Z,2024,2024-01-01,2024-12-31
6079048,TOBACCO_MPOWER_R_TAXSTRUCTURE,COUNTRY,LAO,WPR,Western Pacific,YEAR,2024,TOBACCO_INDICATOR,TOBACCO_INDICATOR_R_excise_specific_reliance,,,,,,,—,,,,,2025-08-20T09:41:26Z,2024,2024-01-01,2024-12-31
6087390,TOBACCO_MPOWER_R_TAXSTRUCTURE,COUNTRY,RWA,AFR,Africa,YEAR,2024,TOBACCO_INDICATOR,TOBACCO_INDICATOR_R_afford_tax_auto_adjust,,,,,,,No,,,,,2025-08-20T09:41:26Z,2024,2024-01-01,2024-12-31
6089301,TOBACCO_MPOWER_R_TAXSTRUCTURE,COUNTRY,CUB,AMR,Americas,YEAR,2024,TOBACCO_INDICATOR,TOBACCO_INDICATOR_R_afford_price_gap_decreased,,,,,,,Yes,,,,,2025-08-20T09:41:26Z,2024,2024-01-01,2024-12-31
6091504,TOBACCO_MPOWER_R_TAXSTRUCTURE,COUNTRY,LTU,EUR,Europe,YEAR,2024,TOBACCO_INDICATOR,TOBACCO_INDICATOR_R_min_price_policy,,,,,,,No,,,,,2025-08-20T09:41:26Z,2024,2024-01-01,2024-12-31
6096195,TOBACCO_MPOWER_R_TAXSTRUCTURE,COUNTRY,CAF,AFR,Africa,YEAR,2024,TOBACCO_INDICATOR,TOBACCO_INDICATOR_R_eliquid_excise_type,,,,,,,. . .,,,,,2025-08-20T09:41:26Z,2024,2024-01-01,2024-12-31
6098739,TOBACCO_MPOWER_R_TAXSTRUCTURE,COUNTRY,CYP,EUR,Europe,YEAR,2024,TOBACCO_INDICATOR,TOBACCO_INDICATOR_R_min_price_policy,,,,,,,No,,,,,2025-08-20T09:41:26Z,2024,2024-01-01,2024-12-31
6104317,TOBACCO_MPOWER_R_TAXSTRUCTURE,COUNTRY,PAN,AMR,Americas,YEAR,2024,TOBACCO_INDICATOR,TOBACCO_INDICATOR_R_htp_excise_device,,,,,,,—,,,,,2025-08-20T09:41:26Z,2024,2024-01-01,2024-12-31
6107249,TOBACCO_MPOWER_R_TAXSTRUCTURE,COUNTRY,DNK,EUR,Europe,YEAR,2024,TOBACCO_INDICATOR,TOBACCO_INDICATOR_R_afford_tax_auto_adjust,,,,,,,No,,,,,2025-08-20T09:41:26Z,2024,2024-01-01,2024-12-31
6125576,TOBACCO_MPOWER_R_TAXSTRUCTURE,COUNTRY,BWA,AFR,Africa,YEAR,2024,TOBACCO_INDICATOR,TOBACCO_INDICATOR_R_min_price_policy,,,,,,,No,,,,,2025-08-20T09:41:26Z,2024,2024-01-01,2024-12-31
6128495,TOBACCO_MPOWER_R_TAXSTRUCTURE,COUNTRY,PER,AMR,Americas,YEAR,2024,TOBACCO_INDICATOR,TOBACCO_INDICATOR_R_afford_price_dispersion,,,,,,,69.74,69.74,,,,2025-08-20T09:41:26Z,2024,2024-01-01,2024-12-31
6130532,TOBACCO_MPOWER_R_TAXSTRUCTURE,COUNTRY,COD,AFR,Africa,YEAR,2024,TOBACCO_INDICATOR,TOBACCO_INDICATOR_R_afford_tax_auto_adjust,,,,,,,—,,,,,2025-08-20T09:41:26Z,2024,2024-01-01,2024-12-31
6131300,TOBACCO_MPOWER_R_TAXSTRUCTURE,COUNTRY,BHS,AMR,Americas,YEAR,2024,TOBACCO_INDICATOR,TOBACCO_INDICATOR_R_excise_uniform_varied,,,,,,,Yes,,,,,2025-08-20T09:41:26Z,2024,2024-01-01,2024-12-31
6135608,TOBACCO_MPOWER_R_TAXSTRUCTURE,COUNTRY,NAM,AFR,Africa,YEAR,2024,TOBACCO_INDICATOR,TOBACCO_INDICATOR_R_eliquid_excise_device,,,,,,,. . .,,,,,2025-08-20T09:41:26Z,2024,2024-01-01,2024-12-31
6142961,TOBACCO_MPOWER_R_TAXSTRUCTURE,COUNTRY,ERI,AFR,Africa,YEAR,2024,TOBACCO_INDICATOR,TOBACCO_INDICATOR_R_eliquid_excise_type,,,,,,,. . .,,,,,2025-08-20T09:41:26Z,2024,2024-01-01,2024-12-31
6143008,TOBACCO_MPOWER_R_TAXSTRUCTURE,COUNTRY,PRK,SEAR,South-East Asia,YEAR,2024,TOBACCO_INDICATOR,TOBACCO_INDICATOR_R_afford_tax_auto_adjust,,,,,,,—,,,,,2025-08-20T09:41:26Z,2024,2024-01-01,2024-12-31
6144443,TOBACCO_MPOWER_R_TAXSTRUCTURE,COUNTRY,CHE,EUR,Europe,YEAR,2024,TOBACCO_INDICATOR,TOBACCO_INDICATOR_R_excise_retail_price_base,,,,,,,Yes,,,,,2025-08-20T09:41:26Z,2024,2024-01-01,2024-12-31
6153286,TOBACCO_MPOWER_R_TAXSTRUCTURE,COUNTRY,CAN,AMR,Americas,YEAR,2024,TOBACCO_INDICATOR,TOBACCO_INDICATOR_R_excise_type,,,,,,,Specific,,,,,2025-08-20T09:41:26Z,2024,2024-01-01,2024-12-31
6153387,TOBACCO_MPOWER_R_TAXSTRUCTURE,COUNTRY,LVA,EUR,Europe,YEAR,2024,TOBACCO_INDICATOR,TOBACCO_INDICATOR_R_eliquid_excise_type,,,,,,,Specific,,,,,2025-08-20T09:41:26Z,2024,2024-01-01,2024-12-31
6156497,TOBACCO_MPOWER_R_TAXSTRUCTURE,COUNTRY,SWZ,AFR,Africa,YEAR,2024,TOBACCO_INDICATOR,TOBACCO_INDICATOR_R_eliquid_excise_type,,,,,,,. . .,,,,,2025-08-20T09:41:26Z,2024,2024-01-01,2024-12-31
6158956,TOBACCO_MPOWER_R_TAXSTRUCTURE,COUNTRY,TUR,EUR,Europe,YEAR,2024,TOBACCO_INDICATOR,TOBACCO_INDICATOR_R_excise_uniform_varied,,,,,,,Yes,,,,,2025-08-20T09:41:26Z,2024,2024-01-01,2024-12-31
6161113,TOBACCO_MPOWER_R_TAXSTRUCTURE,COUNTRY,SYC,AFR,Africa,YEAR,2024,TOBACCO_INDICATOR,TOBACCO_INDICATOR_R_afford_tax_auto_adjust,,,,,,,No,,,,,2025-08-20T09:41:26Z,2024,2024-01-01,2024-12-31
6161115,TOBACCO_MPOWER_R_TAXSTRUCTURE,COUNTRY,IRQ,EMR,Eastern Mediterranean,YEAR,2024,TOBACCO_INDICATOR,TOBACCO_INDICATOR_R_afford_tax_auto_adjust,,,,,,,—,,,,,2025-08-20T09:41:26Z,2024,2024-01-01,2024-12-31
6165155,TOBACCO_MPOWER_R_TAXSTRUCTURE,COUNTRY,URY,AMR,Americas,YEAR,2024,TOBACCO_INDICATOR,TOBACCO_INDICATOR_R_excise_retail_price_base,,,,,,,—,,,,,2025-08-20T09:41:26Z,2024,2024-01-01,2024-12-31
6165334,TOBACCO_MPOWER_R_TAXSTRUCTURE,COUNTRY,FSM,WPR,Western Pacific,YEAR,2024,TOBACCO_INDICATOR,TOBACCO_INDICATOR_R_eliquid_excise_type,,,,,,,. . .,,,,,2025-08-20T09:41:26Z,2024,2024-01-01,2024-12-31
6172680,TOBACCO_MPOWER_R_TAXSTRUCTURE,COUNTRY,MMR,SEAR,South-East Asia,YEAR,2024,TOBACCO_INDICATOR,TOBACCO_INDICATOR_R_excise_min_specific,,,,,,,—,,,,,2025-08-20T09:41:26Z,2024,2024-01-01,2024-12-31
6173295,TOBACCO_MPOWER_R_TAXSTRUCTURE,COUNTRY,DEU,EUR,Europe,YEAR,2024,TOBACCO_INDICATOR,TOBACCO_INDICATOR_R_eliquid_excise_device,,,,,,,No,,,,,2025-08-20T09:41:26Z,2024,2024-01-01,2024-12-31
6203715,TOBACCO_MPOWER_R_TAXSTRUCTURE,COUNTRY,VCT,AMR,Americas,YEAR,2024,TOBACCO_INDICATOR,TOBACCO_INDICATOR_R_min_price_policy,,,,,,,No,,,,,2025-08-20T09:41:26Z,2024,2024-01-01,2024-12-31
6207146,TOBACCO_MPOWER_R_TAXSTRUCTURE,COUNTRY,NPL,SEAR,South-East Asia,YEAR,2024,TOBACCO_INDICATOR,TOBACCO_INDICATOR_R_excise_type,,,,,,,Specific,,,,,2025-08-20T09:41:26Z,2024,2024-01-01,2024-12-31
6208884,TOBACCO_MPOWER_R_TAXSTRUCTURE,COUNTRY,ALB,EUR,Europe,YEAR,2024,TOBACCO_INDICATOR,TOBACCO_INDICATOR_R_excise_retail_price_base,,,,,,,—,,,,,2025-08-20T09:41:26Z,2024,2024-01-01,2024-12-31
6213997,TOBACCO_MPOWER_R_TAXSTRUCTURE,COUNTRY,TJK,EUR,Europe,YEAR,2024,TOBACCO_INDICATOR,TOBACCO_INDICATOR_R_excise_type,,,,,,,Specific,,,,,2025-08-20T09:41:26Z,2024,2024-01-01,2024-12-31
6217991,TOBACCO_MPOWER_R_TAXSTRUCTURE,COUNTRY,AUT,EUR,Europe,YEAR,2024,TOBACCO_INDICATOR,TOBACCO_INDICATOR_R_eliquid_excise_type,,,,,,,No excise,,,,,2025-08-20T09:41:26Z,2024,2024-01-01,2024-12-31
6220279,TOBACCO_MPOWER_R_TAXSTRUCTURE,COUNTRY,ATG,AMR,Americas,YEAR,2024,TOBACCO_INDICATOR,TOBACCO_INDICATOR_R_afford_tax_auto_adjust,,,,,,,—,,,,,2025-08-20T09:41:26Z,2024,2024-01-01,2024-12-31
6227794,TOBACCO_MPOWER_R_TAXSTRUCTURE,COUNTRY,BHR,EMR,Eastern Mediterranean,YEAR,2024,TOBACCO_INDICATOR,TOBACCO_INDICATOR_R_htp_excise_type_sticks,,,,,,,Ad valorem,,,,,2025-08-20T09:41:26Z,2024,2024-01-01,2024-12-31
6230614,TOBACCO_MPOWER_R_TAXSTRUCTURE,COUNTRY,IRQ,EMR,Eastern Mediterranean,YEAR,2024,TOBACCO_INDICATOR,TOBACCO_INDICATOR_R_excise_retail_price_base,,,,,,,—,,,,,2025-08-20T09:41:26Z,2024,2024-01-01,2024-12-31
6232775,TOBACCO_MPOWER_R_TAXSTRUCTURE,COUNTRY,PSE,EMR,Eastern Mediterranean,YEAR,2024,TOBACCO_INDICATOR,TOBACCO_INDICATOR_R_afford_tax_auto_adjust,,,,,,,No,,,,,2025-08-20T09:41:26Z,2024,2024-01-01,2024-12-31
6233071,TOBACCO_MPOWER_R_TAXSTRUCTURE,COUNTRY,BLR,EUR,Europe,YEAR,2024,TOBACCO_INDICATOR,TOBACCO_INDICATOR_R_excise_specific_reliance,,,,,,,—,,,,,2025-08-20T09:41:26Z,2024,2024-01-01,2024-12-31
6235464,TOBACCO_MPOWER_R_TAXSTRUCTURE,COUNTRY,GBR,EUR,Europe,YEAR,2024,TOBACCO_INDICATOR,TOBACCO_INDICATOR_R_eliquid_excise_nicotine,,,,,,,—,,,,,2025-08-20T09:41:26Z,2024,2024-01-01,2024-12-31
6235750,TOBACCO_MPOWER_R_TAXSTRUCTURE,COUNTRY,NIC,AMR,Americas,YEAR,2024,TOBACCO_INDICATOR,TOBACCO_INDICATOR_R_eliquid_excise_device,,,,,,,. . .,,,,,2025-08-20T09:41:26Z,2024,2024-01-01,2024-12-31
6237356,TOBACCO_MPOWER_R_TAXSTRUCTURE,COUNTRY,KIR,WPR,Western Pacific,YEAR,2024,TOBACCO_INDICATOR,TOBACCO_INDICATOR_R_excise_uniform_varied,,,,,,,Yes,,,,,2025-08-20T09:41:26Z,2024,2024-01-01,2024-12-31
6245945,TOBACCO_MPOWER_R_TAXSTRUCTURE,COUNTRY,TON,WPR,Western Pacific,YEAR,2024,TOBACCO_INDICATOR,TOBACCO_INDICATOR_R_afford_price_dispersion,,,,,,,64,64,,,,2025-08-20T09:41:26Z,2024,2024-01-01,2024-12-31
6247125,TOBACCO_MPOWER_R_TAXSTRUCTURE,COUNTRY,IND,SEAR,South-East Asia,YEAR,2024,TOBACCO_INDICATOR,TOBACCO_INDICATOR_R_afford_price_dispersion,,,,,,,. . .,,,,,2025-08-20T09:41:26Z,2024,2024-01-01,2024-12-31
6250659,TOBACCO_MPOWER_R_TAXSTRUCTURE,COUNTRY,MHL,WPR,Western Pacific,YEAR,2024,TOBACCO_INDICATOR,TOBACCO_INDICATOR_R_eliquid_excise_device,,,,,,,. . .,,,,,2025-08-20T09:41:26Z,2024,2024-01-01,2024-12-31
6255322,TOBACCO_MPOWER_R_TAXSTRUCTURE,COUNTRY,MDA,EUR,Europe,YEAR,2024,TOBACCO_INDICATOR,TOBACCO_INDICATOR_R_eliquid_excise_nicotine,,,,,,,nicotine only,,,,,2025-08-20T09:41:26Z,2024,2024-01-01,2024-12-31
6256233,TOBACCO_MPOWER_R_TAXSTRUCTURE,COUNTRY,NPL,SEAR,South-East Asia,YEAR,2024,TOBACCO_INDICATOR,TOBACCO_INDICATOR_R_excise_uniform_varied,,,,,,,No,,,,,2025-08-20T09:41:26Z,2024,2024-01-01,2024-12-31
6257215,TOBACCO_MPOWER_R_TAXSTRUCTURE,COUNTRY,ALB,EUR,Europe,YEAR,2024,TOBACCO_INDICATOR,TOBACCO_INDICATOR_R_afford_price_gap_decreased,,,,,,,No,,,,,2025-08-20T09:41:26Z,2024,2024-01-01,2024-12-31
6257718,TOBACCO_MPOWER_R_TAXSTRUCTURE,COUNTRY,ZWE,AFR,Africa,YEAR,2024,TOBACCO_INDICATOR,TOBACCO_INDICATOR_R_afford_price_dispersion,,,,,,,. . .,,,,,2025-08-20T09:41:26Z,2024,2024-01-01,2024-12-31
6271284,TOBACCO_MPOWER_R_TAXSTRUCTURE,COUNTRY,LBN,EMR,Eastern Mediterranean,YEAR,2024,TOBACCO_INDICATOR,TOBACCO_INDICATOR_R_eliquid_excise_nicotine,,,,,,,. . .,,,,,2025-08-20T09:41:26Z,2024,2024-01-01,2024-12-31
6274868,TOBACCO_MPOWER_R_TAXSTRUCTURE,COUNTRY,THA,SEAR,South-East Asia,YEAR,2024,TOBACCO_INDICATOR,TOBACCO_INDICATOR_R_afford_tax_auto_adjust,,,,,,,No,,,,,2025-08-20T09:41:26Z,2024,2024-01-01,2024-12-31
6276077,TOBACCO_MPOWER_R_TAXSTRUCTURE,COUNTRY,BDI,AFR,Africa,YEAR,2024,TOBACCO_INDICATOR,TOBACCO_INDICATOR_R_afford_price_dispersion,,,,,,,50,50,,,,2025-08-20T09:41:26Z,2024,2024-01-01,2024-12-31
6280507,TOBACCO_MPOWER_R_TAXSTRUCTURE,COUNTRY,MEX,AMR,Americas,YEAR,2024,TOBACCO_INDICATOR,TOBACCO_INDICATOR_R_afford_price_gap_decreased,,,,,,,No,,,,,2025-08-20T09:41:26Z,2024,2024-01-01,2024-12-31
6283126,TOBACCO_MPOWER_R_TAXSTRUCTURE,COUNTRY,ZAF,AFR,Africa,YEAR,2024,TOBACCO_INDICATOR,TOBACCO_INDICATOR_R_afford_tax_auto_adjust,,,,,,,Yes,,,,"While legislation does not require an annual increase in the excise tax, it is standard practice for the government to increase the tax by at least inflation.",2025-08-20T09:41:26Z,2024,2024-01-01,2024-12-31
6286556,TOBACCO_MPOWER_R_TAXSTRUCTURE,COUNTRY,POL,EUR,Europe,YEAR,2024,TOBACCO_INDICATOR,TOBACCO_INDICATOR_R_afford_price_gap_decreased,,,,,,,No,,,,,2025-08-20T09:41:26Z,2024,2024-01-01,2024-12-31
6286829,TOBACCO_MPOWER_R_TAXSTRUCTURE,COUNTRY,DZA,AFR,Africa,YEAR,2024,TOBACCO_INDICATOR,TOBACCO_INDICATOR_R_afford_tax_auto_adjust,,,,,,,No,,,,,2025-08-20T09:41:26Z,2024,2024-01-01,2024-12-31
6288177,TOBACCO_MPOWER_R_TAXSTRUCTURE,COUNTRY,KNA,AMR,Americas,YEAR,2024,TOBACCO_INDICATOR,TOBACCO_INDICATOR_R_afford_price_gap_decreased,,,,,,,. . .,,,,,2025-08-20T09:41:26Z,2024,2024-01-01,2024-12-31
6291971,TOBACCO_MPOWER_R_TAXSTRUCTURE,COUNTRY,FJI,WPR,Western Pacific,YEAR,2024,TOBACCO_INDICATOR,TOBACCO_INDICATOR_R_eliquid_excise_device,,,,,,,. . .,,,,,2025-08-20T09:41:26Z,2024,2024-01-01,2024-12-31
6296245,TOBACCO_MPOWER_R_TAXSTRUCTURE,COUNTRY,MEX,AMR,Americas,YEAR,2024,TOBACCO_INDICATOR,TOBACCO_INDICATOR_R_excise_min_specific,,,,,,,No,,,,,2025-08-20T09:41:26Z,2024,2024-01-01,2024-12-31
6297317,TOBACCO_MPOWER_R_TAXSTRUCTURE,COUNTRY,GMB,AFR,Africa,YEAR,2024,TOBACCO_INDICATOR,TOBACCO_INDICATOR_R_afford_price_gap_decreased,,,,,,,. . .,,,,,2025-08-20T09:41:26Z,2024,2024-01-01,2024-12-31
6297653,TOBACCO_MPOWER_R_TAXSTRUCTURE,COUNTRY,KAZ,EUR,Europe,YEAR,2024,TOBACCO_INDICATOR,TOBACCO_INDICATOR_R_afford_price_dispersion,,,,,,,95.14,95.14,,,,2025-08-20T09:41:26Z,2024,2024-01-01,2024-12-31
6304482,TOBACCO_MPOWER_R_TAXSTRUCTURE,COUNTRY,ETH,AFR,Africa,YEAR,2024,TOBACCO_INDICATOR,TOBACCO_INDICATOR_R_excise_uniform_varied,,,,,,,Yes,,,,,2025-08-20T09:41:26Z,2024,2024-01-01,2024-12-31
6307660,TOBACCO_MPOWER_R_TAXSTRUCTURE,COUNTRY,SMR,EUR,Europe,YEAR,2024,TOBACCO_INDICATOR,TOBACCO_INDICATOR_R_min_price_policy,,,,,,,. . .,,,,,2025-08-20T09:41:26Z,2024,2024-01-01,2024-12-31
6318682,TOBACCO_MPOWER_R_TAXSTRUCTURE,COUNTRY,GNQ,AFR,Africa,YEAR,2024,TOBACCO_INDICATOR,TOBACCO_INDICATOR_R_htp_excise_type_sticks,,,,,,,. . .,,,,,2025-08-20T09:41:26Z,2024,2024-01-01,2024-12-31
6322672,TOBACCO_MPOWER_R_TAXSTRUCTURE,COUNTRY,CPV,AFR,Africa,YEAR,2024,TOBACCO_INDICATOR,TOBACCO_INDICATOR_R_afford_price_dispersion,,,,,,,60,60,,,,2025-08-20T09:41:26Z,2024,2024-01-01,2024-12-31
6322823,TOBACCO_MPOWER_R_TAXSTRUCTURE,COUNTRY,BGD,SEAR,South-East Asia,YEAR,2024,TOBACCO_INDICATOR,TOBACCO_INDICATOR_R_excise_specific_reliance,,,,,,,—,,,,,2025-08-20T09:41:26Z,2024,2024-01-01,2024-12-31
6331693,TOBACCO_MPOWER_R_TAXSTRUCTURE,COUNTRY,UKR,EUR,Europe,YEAR,2024,TOBACCO_INDICATOR,TOBACCO_INDICATOR_R_min_price_policy,,,,,,,No,,,,,2025-08-20T09:41:26Z,2024,2024-01-01,2024-12-31
6337588,TOBACCO_MPOWER_R_TAXSTRUCTURE,COUNTRY,LVA,EUR,Europe,YEAR,2024,TOBACCO_INDICATOR,TOBACCO_INDICATOR_R_afford_price_dispersion,,,,,,,90.2,90.2,,,,2025-08-20T09:41:26Z,2024,2024-01-01,2024-12-31
6340813,TOBACCO_MPOWER_R_TAXSTRUCTURE,COUNTRY,MWI,AFR,Africa,YEAR,2024,TOBACCO_INDICATOR,TOBACCO_INDICATOR_R_excise_retail_price_base,,,,,,,—,,,,,2025-08-20T09:41:26Z,2024,2024-01-01,2024-12-31
6349541,TOBACCO_MPOWER_R_TAXSTRUCTURE,COUNTRY,LBY,EMR,Eastern Mediterranean,YEAR,2024,TOBACCO_INDICATOR,TOBACCO_INDICATOR_R_eliquid_excise_nicotine,,,,,,,. . .,,,,,2025-08-20T09:41:26Z,2024,2024-01-01,2024-12-31
6358153,TOBACCO_MPOWER_R_TAXSTRUCTURE,COUNTRY,CUB,AMR,Americas,YEAR,2024,TOBACCO_INDICATOR,TOBACCO_INDICATOR_R_afford_tax_auto_adjust,,,,,,,No,,,,,2025-08-20T09:41:26Z,2024,2024-01-01,2024-12-31
6361776,TOBACCO_MPOWER_R_TAXSTRUCTURE,COUNTRY,SLB,WPR,Western Pacific,YEAR,2024,TOBACCO_INDICATOR,TOBACCO_INDICATOR_R_excise_uniform_varied,,,,,,,No,,,,,2025-08-20T09:41:26Z,2024,2024-01-01,2024-12-31
6363453,TOBACCO_MPOWER_R_TAXSTRUCTURE,COUNTRY,TUR,EUR,Europe,YEAR,2024,TOBACCO_INDICATOR,TOBACCO_INDICATOR_R_excise_min_specific,,,,,,,Yes,,,,,2025-08-20T09:41:26Z,2024,2024-01-01,2024-12-31
6364848,TOBACCO_MPOWER_R_TAXSTRUCTURE,COUNTRY,ARE,EMR,Eastern Mediterranean,YEAR,2024,TOBACCO_INDICATOR,TOBACCO_INDICATOR_R_eliquid_excise_nicotine,,,,,,,all e-liquids,,,,,2025-08-20T09:41:26Z,2024,2024-01-01,2024-12-31
6368558,TOBACCO_MPOWER_R_TAXSTRUCTURE,COUNTRY,COD,AFR,Africa,YEAR,2024,TOBACCO_INDICATOR,TOBACCO_INDICATOR_R_excise_uniform_varied,,,,,,,Yes,,,,,2025-08-20T09:41:26Z,2024,2024-01-01,2024-12-31
6372360,TOBACCO_MPOWER_R_TAXSTRUCTURE,COUNTRY,NZL,WPR,Western Pacific,YEAR,2024,TOBACCO_INDICATOR,TOBACCO_INDICATOR_R_htp_excise_device,,,,,,,No,,,,,2025-08-20T09:41:26Z,2024,2024-01-01,2024-12-31
6378059,TOBACCO_MPOWER_R_TAXSTRUCTURE,COUNTRY,IRL,EUR,Europe,YEAR,2024,TOBACCO_INDICATOR,TOBACCO_INDICATOR_R_excise_type,,,,,,,Mixed,,,,,2025-08-20T09:41:26Z,2024,2024-01-01,2024-12-31
6379647,TOBACCO_MPOWER_R_TAXSTRUCTURE,COUNTRY,CYP,EUR,Europe,YEAR,2024,TOBACCO_INDICATOR,TOBACCO_INDICATOR_R_excise_uniform_varied,,,,,,,Yes,,,,,2025-08-20T09:41:26Z,2024,2024-01-01,2024-12-31
6382356,TOBACCO_MPOWER_R_TAXSTRUCTURE,COUNTRY,TCD,AFR,Africa,YEAR,2024,TOBACCO_INDICATOR,TOBACCO_INDICATOR_R_excise_retail_price_base,,,,,,,No,,,,,2025-08-20T09:41:26Z,2024,2024-01-01,2024-12-31
6385467,TOBACCO_MPOWER_R_TAXSTRUCTURE,COUNTRY,GTM,AMR,Americas,YEAR,2024,TOBACCO_INDICATOR,TOBACCO_INDICATOR_R_htp_excise_type_sticks,,,,,,,. . .,,,,,2025-08-20T09:41:26Z,2024,2024-01-01,2024-12-31
6396980,TOBACCO_MPOWER_R_TAXSTRUCTURE,COUNTRY,LAO,WPR,Western Pacific,YEAR,2024,TOBACCO_INDICATOR,TOBACCO_INDICATOR_R_excise_uniform_varied,,,,,,,Yes,,,,,2025-08-20T09:41:26Z,2024,2024-01-01,2024-12-31
6397784,TOBACCO_MPOWER_R_TAXSTRUCTURE,COUNTRY,AND,EUR,Europe,YEAR,2024,TOBACCO_INDICATOR,TOBACCO_INDICATOR_R_afford_tax_auto_adjust,,,,,,,No,,,,,2025-08-20T09:41:26Z,2024,2024-01-01,2024-12-31
6399989,TOBACCO_MPOWER_R_TAXSTRUCTURE,COUNTRY,MOZ,AFR,Africa,YEAR,2024,TOBACCO_INDICATOR,TOBACCO_INDICATOR_R_eliquid_excise_device,,,,,,,. . .,,,,,2025-08-20T09:41:26Z,2024,2024-01-01,2024-12-31
6401814,TOBACCO_MPOWER_R_TAXSTRUCTURE,COUNTRY,MMR,SEAR,South-East Asia,YEAR,2024,TOBACCO_INDICATOR,TOBACCO_INDICATOR_R_htp_excise_device,,,,,,,. . .,,,,,2025-08-20T09:41:26Z,2024,2024-01-01,2024-12-31
6406356,TOBACCO_MPOWER_R_TAXSTRUCTURE,COUNTRY,HRV,EUR,Europe,YEAR,2024,TOBACCO_INDICATOR,TOBACCO_INDICATOR_R_eliquid_excise_type,,,,,,,Specific,,,,A specific tax with value 0 HRK/ml applies to all e-liquids.,2025-08-20T09:41:26Z,2024,2024-01-01,2024-12-31
6407193,TOBACCO_MPOWER_R_TAXSTRUCTURE,COUNTRY,COK,WPR,Western Pacific,YEAR,2024,TOBACCO_INDICATOR,TOBACCO_INDICATOR_R_excise_type,,,,,,,Specific,,,,,2025-08-20T09:41:26Z,2024,2024-01-01,2024-12-31
6411627,TOBACCO_MPOWER_R_TAXSTRUCTURE,COUNTRY,ARG,AMR,Americas,YEAR,2024,TOBACCO_INDICATOR,TOBACCO_INDICATOR_R_excise_retail_price_base,,,,,,,No,,,,,2025-08-20T09:41:26Z,2024,2024-01-01,2024-12-31
6412579,TOBACCO_MPOWER_R_TAXSTRUCTURE,COUNTRY,URY,AMR,Americas,YEAR,2024,TOBACCO_INDICATOR,TOBACCO_INDICATOR_R_afford_price_dispersion,,,,,,,85.71,85.71,,,,2025-08-20T09:41:26Z,2024,2024-01-01,2024-12-31
6414044,TOBACCO_MPOWER_R_TAXSTRUCTURE,COUNTRY,BEL,EUR,Europe,YEAR,2024,TOBACCO_INDICATOR,TOBACCO_INDICATOR_R_excise_retail_price_base,,,,,,,Yes,,,,,2025-08-20T09:41:26Z,2024,2024-01-01,2024-12-31
6416266,TOBACCO_MPOWER_R_TAXSTRUCTURE,COUNTRY,FIN,EUR,Europe,YEAR,2024,TOBACCO_INDICATOR,TOBACCO_INDICATOR_R_htp_excise_type_sticks,,,,,,,. . .,,,,,2025-08-20T09:41:26Z,2024,2024-01-01,2024-12-31
6419021,TOBACCO_MPOWER_R_TAXSTRUCTURE,COUNTRY,ROU,EUR,Europe,YEAR,2024,TOBACCO_INDICATOR,TOBACCO_INDICATOR_R_excise_min_specific,,,,,,,Yes,,,,,2025-08-20T09:41:26Z,2024,2024-01-01,2024-12-31
6422108,TOBACCO_MPOWER_R_TAXSTRUCTURE,COUNTRY,WSM,WPR,Western Pacific,YEAR,2024,TOBACCO_INDICATOR,TOBACCO_INDICATOR_R_excise_type,,,,,,,Specific,,,,,2025-08-20T09:41:26Z,2024,2024-01-01,2024-12-31
6423689,TOBACCO_MPOWER_R_TAXSTRUCTURE,COUNTRY,CAN,AMR,Americas,YEAR,2024,TOBACCO_INDICATOR,TOBACCO_INDICATOR_R_afford_price_gap_decreased,,,,,,,Yes,,,,,2025-08-20T09:41:26Z,2024,2024-01-01,2024-12-31
6426271,TOBACCO_MPOWER_R_TAXSTRUCTURE,COUNTRY,MKD,EUR,Europe,YEAR,2024,TOBACCO_INDICATOR,TOBACCO_INDICATOR_R_afford_price_dispersion,,,,,,,69.44,69.44,,,,2025-08-20T09:41:26Z,2024,2024-01-01,2024-12-31
6428708,TOBACCO_MPOWER_R_TAXSTRUCTURE,COUNTRY,ATG,AMR,Americas,YEAR,2024,TOBACCO_INDICATOR,TOBACCO_INDICATOR_R_excise_retail_price_base,,,,,,,No,,,,,2025-08-20T09:41:26Z,2024,2024-01-01,2024-12-31
6432381,TOBACCO_MPOWER_R_TAXSTRUCTURE,COUNTRY,SVN,EUR,Europe,YEAR,2024,TOBACCO_INDICATOR,TOBACCO_INDICATOR_R_htp_excise_type_sticks,,,,,,,Specific,,,,,2025-08-20T09:41:26Z,2024,2024-01-01,2024-12-31
6436043,TOBACCO_MPOWER_R_TAXSTRUCTURE,COUNTRY,POL,EUR,Europe,YEAR,2024,TOBACCO_INDICATOR,TOBACCO_INDICATOR_R_htp_excise_type_sticks,,,,,,,Mixed,,,,,2025-08-20T09:41:26Z,2024,2024-01-01,2024-12-31
6444918,TOBACCO_MPOWER_R_TAXSTRUCTURE,COUNTRY,UKR,EUR,Europe,YEAR,2024,TOBACCO_INDICATOR,TOBACCO_INDICATOR_R_afford_price_gap_decreased,,,,,,,Yes,,,,,2025-08-20T09:41:26Z,2024,2024-01-01,2024-12-31
6446950,TOBACCO_MPOWER_R_TAXSTRUCTURE,COUNTRY,POL,EUR,Europe,YEAR,2024,TOBACCO_INDICATOR,TOBACCO_INDICATOR_R_htp_excise_device,,,,,,,No,,,,,2025-08-20T09:41:26Z,2024,2024-01-01,2024-12-31
6449526,TOBACCO_MPOWER_R_TAXSTRUCTURE,COUNTRY,IRL,EUR,Europe,YEAR,2024,TOBACCO_INDICATOR,TOBACCO_INDICATOR_R_min_price_policy,,,,,,,No,,,,,2025-08-20T09:41:26Z,2024,2024-01-01,2024-12-31
6451946,TOBACCO_MPOWER_R_TAXSTRUCTURE,COUNTRY,EGY,EMR,Eastern Mediterranean,YEAR,2024,TOBACCO_INDICATOR,TOBACCO_INDICATOR_R_eliquid_excise_device,,,,,,,Yes,,,,,2025-08-20T09:41:26Z,2024,2024-01-01,2024-12-31
6461108,TOBACCO_MPOWER_R_TAXSTRUCTURE,COUNTRY,KHM,WPR,Western Pacific,YEAR,2024,TOBACCO_INDICATOR,TOBACCO_INDICATOR_R_excise_type,,,,,,,Ad valorem,,,,,2025-08-20T09:41:26Z,2024,2024-01-01,2024-12-31
6464282,TOBACCO_MPOWER_R_TAXSTRUCTURE,COUNTRY,SVK,EUR,Europe,YEAR,2024,TOBACCO_INDICATOR,TOBACCO_INDICATOR_R_min_price_policy,,,,,,,No,,,,,2025-08-20T09:41:26Z,2024,2024-01-01,2024-12-31
6467914,TOBACCO_MPOWER_R_TAXSTRUCTURE,COUNTRY,PLW,WPR,Western Pacific,YEAR,2024,TOBACCO_INDICATOR,TOBACCO_INDICATOR_R_htp_excise_device,,,,,,,. . .,,,,,2025-08-20T09:41:26Z,2024,2024-01-01,2024-12-31
6472471,TOBACCO_MPOWER_R_TAXSTRUCTURE,COUNTRY,CRI,AMR,Americas,YEAR,2024,TOBACCO_INDICATOR,TOBACCO_INDICATOR_R_eliquid_excise_nicotine,,,,,,,all e-liquids,,,,,2025-08-20T09:41:26Z,2024,2024-01-01,2024-12-31
6475529,TOBACCO_MPOWER_R_TAXSTRUCTURE,COUNTRY,BGD,SEAR,South-East Asia,YEAR,2024,TOBACCO_INDICATOR,TOBACCO_INDICATOR_R_htp_excise_type_sticks,,,,,,,. . .,,,,,2025-08-20T09:41:26Z,2024,2024-01-01,2024-12-31
6475945,TOBACCO_MPOWER_R_TAXSTRUCTURE,COUNTRY,FSM,WPR,Western Pacific,YEAR,2024,TOBACCO_INDICATOR,TOBACCO_INDICATOR_R_afford_price_gap_decreased,,,,,,,. . .,,,,,2025-08-20T09:41:26Z,2024,2024-01-01,2024-12-31
6476520,TOBACCO_MPOWER_R_TAXSTRUCTURE,COUNTRY,PER,AMR,Americas,YEAR,2024,TOBACCO_INDICATOR,TOBACCO_INDICATOR_R_excise_specific_reliance,,,,,,,—,,,,,2025-08-20T09:41:26Z,2024,2024-01-01,2024-12-31
6476919,TOBACCO_MPOWER_R_TAXSTRUCTURE,COUNTRY,TCD,AFR,Africa,YEAR,2024,TOBACCO_INDICATOR,TOBACCO_INDICATOR_R_eliquid_excise_nicotine,,,,,,,. . .,,,,,2025-08-20T09:41:26Z,2024,2024-01-01,2024-12-31
6481674,TOBACCO_MPOWER_R_TAXSTRUCTURE,COUNTRY,RUS,EUR,Europe,YEAR,2024,TOBACCO_INDICATOR,TOBACCO_INDICATOR_R_excise_retail_price_base,,,,,,,Yes,,,,,2025-08-20T09:41:26Z,2024,2024-01-01,2024-12-31
6484840,TOBACCO_MPOWER_R_TAXSTRUCTURE,COUNTRY,NPL,SEAR,South-East Asia,YEAR,2024,TOBACCO_INDICATOR,TOBACCO_INDICATOR_R_afford_price_gap_decreased,,,,,,,. . .,,,,,2025-08-20T09:41:26Z,2024,2024-01-01,2024-12-31
6490300,TOBACCO_MPOWER_R_TAXSTRUCTURE,COUNTRY,MDG,AFR,Africa,YEAR,2024,TOBACCO_INDICATOR,TOBACCO_INDICATOR_R_excise_min_specific,,,,,,,No,,,,,2025-08-20T09:41:26Z,2024,2024-01-01,2024-12-31
6495631,TOBACCO_MPOWER_R_TAXSTRUCTURE,COUNTRY,MOZ,AFR,Africa,YEAR,2024,TOBACCO_INDICATOR,TOBACCO_INDICATOR_R_eliquid_excise_nicotine,,,,,,,. . .,,,,,2025-08-20T09:41:26Z,2024,2024-01-01,2024-12-31
6507915,TOBACCO_MPOWER_R_TAXSTRUCTURE,COUNTRY,YEM,EMR,Eastern Mediterranean,YEAR,2024,TOBACCO_INDICATOR,TOBACCO_INDICATOR_R_htp_excise_type_sticks,,,,,,,. . .,,,,,2025-08-20T09:41:26Z,2024,2024-01-01,2024-12-31
6508235,TOBACCO_MPOWER_R_TAXSTRUCTURE,COUNTRY,RUS,EUR,Europe,YEAR,2024,TOBACCO_INDICATOR,TOBACCO_INDICATOR_R_min_price_policy,,,,,,,Yes,,,,,2025-08-20T09:41:26Z,2024,2024-01-01,2024-12-31
6510552,TOBACCO_MPOWER_R_TAXSTRUCTURE,COUNTRY,HUN,EUR,Europe,YEAR,2024,TOBACCO_INDICATOR,TOBACCO_INDICATOR_R_excise_type,,,,,,,Mixed,,,,,2025-08-20T09:41:26Z,2024,2024-01-01,2024-12-31
6522670,TOBACCO_MPOWER_R_TAXSTRUCTURE,COUNTRY,GMB,AFR,Africa,YEAR,2024,TOBACCO_INDICATOR,TOBACCO_INDICATOR_R_excise_min_specific,,,,,,,No,,,,,2025-08-20T09:41:26Z,2024,2024-01-01,2024-12-31
6537621,TOBACCO_MPOWER_R_TAXSTRUCTURE,COUNTRY,CMR,AFR,Africa,YEAR,2024,TOBACCO_INDICATOR,TOBACCO_INDICATOR_R_afford_tax_auto_adjust,,,,,,,—,,,,,2025-08-20T09:41:26Z,2024,2024-01-01,2024-12-31
6538276,TOBACCO_MPOWER_R_TAXSTRUCTURE,COUNTRY,PLW,WPR,Western Pacific,YEAR,2024,TOBACCO_INDICATOR,TOBACCO_INDICATOR_R_excise_uniform_varied,,,,,,,Yes,,,,,2025-08-20T09:41:26Z,2024,2024-01-01,2024-12-31
6542272,TOBACCO_MPOWER_R_TAXSTRUCTURE,COUNTRY,AUT,EUR,Europe,YEAR,2024,TOBACCO_INDICATOR,TOBACCO_INDICATOR_R_afford_price_dispersion,,,,,,,83.08,83.08,,,,2025-08-20T09:41:26Z,2024,2024-01-01,2024-12-31
6544455,TOBACCO_MPOWER_R_TAXSTRUCTURE,COUNTRY,BWA,AFR,Africa,YEAR,2024,TOBACCO_INDICATOR,TOBACCO_INDICATOR_R_excise_specific_reliance,,,,,,,—,,,,,2025-08-20T09:41:26Z,2024,2024-01-01,2024-12-31
6545406,TOBACCO_MPOWER_R_TAXSTRUCTURE,COUNTRY,GNQ,AFR,Africa,YEAR,2024,TOBACCO_INDICATOR,TOBACCO_INDICATOR_R_excise_min_specific,,,,,,,—,,,,,2025-08-20T09:41:26Z,2024,2024-01-01,2024-12-31
6552517,TOBACCO_MPOWER_R_TAXSTRUCTURE,COUNTRY,GHA,AFR,Africa,YEAR,2024,TOBACCO_INDICATOR,TOBACCO_INDICATOR_R_afford_price_dispersion,,,,,,,10.59,10.59,,,,2025-08-20T09:41:26Z,2024,2024-01-01,2024-12-31
6552724,TOBACCO_MPOWER_R_TAXSTRUCTURE,COUNTRY,GIN,AFR,Africa,YEAR,2024,TOBACCO_INDICATOR,TOBACCO_INDICATOR_R_min_price_policy,,,,,,,No,,,,,2025-08-20T09:41:26Z,2024,2024-01-01,2024-12-31
6556935,TOBACCO_MPOWER_R_TAXSTRUCTURE,COUNTRY,GRD,AMR,Americas,YEAR,2024,TOBACCO_INDICATOR,TOBACCO_INDICATOR_R_afford_price_dispersion,,,,,,,57.99,57.99,,,,2025-08-20T09:41:26Z,2024,2024-01-01,2024-12-31
6564987,TOBACCO_MPOWER_R_TAXSTRUCTURE,COUNTRY,TUR,EUR,Europe,YEAR,2024,TOBACCO_INDICATOR,TOBACCO_INDICATOR_R_htp_excise_device,,,,,,,—,,,,,2025-08-20T09:41:26Z,2024,2024-01-01,2024-12-31
6569190,TOBACCO_MPOWER_R_TAXSTRUCTURE,COUNTRY,MWI,AFR,Africa,YEAR,2024,TOBACCO_INDICATOR,TOBACCO_INDICATOR_R_eliquid_excise_type,,,,,,,No excise,,,,,2025-08-20T09:41:26Z,2024,2024-01-01,2024-12-31
6585311,TOBACCO_MPOWER_R_TAXSTRUCTURE,COUNTRY,NOR,EUR,Europe,YEAR,2024,TOBACCO_INDICATOR,TOBACCO_INDICATOR_R_afford_price_gap_decreased,,,,,,,Yes,,,,,2025-08-20T09:41:26Z,2024,2024-01-01,2024-12-31
6588760,TOBACCO_MPOWER_R_TAXSTRUCTURE,COUNTRY,TJK,EUR,Europe,YEAR,2024,TOBACCO_INDICATOR,TOBACCO_INDICATOR_R_afford_price_dispersion,,,,,,,43.48,43.48,,,,2025-08-20T09:41:26Z,2024,2024-01-01,2024-12-31
6590497,TOBACCO_MPOWER_R_TAXSTRUCTURE,COUNTRY,TKM,EUR,Europe,YEAR,2024,TOBACCO_INDICATOR,TOBACCO_INDICATOR_R_afford_price_gap_decreased,,,,,,,Yes,,,,,2025-08-20T09:41:26Z,2024,2024-01-01,2024-12-31
6592293,TOBACCO_MPOWER_R_TAXSTRUCTURE,COUNTRY,TUN,EMR,Eastern Mediterranean,YEAR,2024,TOBACCO_INDICATOR,TOBACCO_INDICATOR_R_excise_type,,,,,,,Mixed,,,,,2025-08-20T09:41:26Z,2024,2024-01-01,2024-12-31
6593726,TOBACCO_MPOWER_R_TAXSTRUCTURE,COUNTRY,PSE,EMR,Eastern Mediterranean,YEAR,2024,TOBACCO_INDICATOR,TOBACCO_INDICATOR_R_excise_min_specific,,,,,,,Yes,,,,,2025-08-20T09:41:26Z,2024,2024-01-01,2024-12-31
6597224,TOBACCO_MPOWER_R_TAXSTRUCTURE,COUNTRY,SWZ,AFR,Africa,YEAR,2024,TOBACCO_INDICATOR,TOBACCO_INDICATOR_R_eliquid_excise_device,,,,,,,. . .,,,,,2025-08-20T09:41:26Z,2024,2024-01-01,2024-12-31
6597530,TOBACCO_MPOWER_R_TAXSTRUCTURE,COUNTRY,SEN,AFR,Africa,YEAR,2024,TOBACCO_INDICATOR,TOBACCO_INDICATOR_R_excise_specific_reliance,,,,,,,—,,,,,2025-08-20T09:41:26Z,2024,2024-01-01,2024-12-31
6598138,TOBACCO_MPOWER_R_TAXSTRUCTURE,COUNTRY,AND,EUR,Europe,YEAR,2024,TOBACCO_INDICATOR,TOBACCO_INDICATOR_R_min_price_policy,,,,,,,Yes,,,,,2025-08-20T09:41:26Z,2024,2024-01-01,2024-12-31
6601939,TOBACCO_MPOWER_R_TAXSTRUCTURE,COUNTRY,BLZ,AMR,Americas,YEAR,2024,TOBACCO_INDICATOR,TOBACCO_INDICATOR_R_excise_uniform_varied,,,,,,,Yes,,,,,2025-08-20T09:41:26Z,2024,2024-01-01,2024-12-31
6604075,TOBACCO_MPOWER_R_TAXSTRUCTURE,COUNTRY,AZE,EUR,Europe,YEAR,2024,TOBACCO_INDICATOR,TOBACCO_INDICATOR_R_htp_excise_device,,,,,,,. . .,,,,,2025-08-20T09:41:26Z,2024,2024-01-01,2024-12-31
6604778,TOBACCO_MPOWER_R_TAXSTRUCTURE,COUNTRY,PAK,EMR,Eastern Mediterranean,YEAR,2024,TOBACCO_INDICATOR,TOBACCO_INDICATOR_R_excise_type,,,,,,,Specific,,,,,2025-08-20T09:41:26Z,2024,2024-01-01,2024-12-31
6604871,TOBACCO_MPOWER_R_TAXSTRUCTURE,COUNTRY,PER,AMR,Americas,YEAR,2024,TOBACCO_INDICATOR,TOBACCO_INDICATOR_R_afford_tax_auto_adjust,,,,,,,Yes,,,,,2025-08-20T09:41:26Z,2024,2024-01-01,2024-12-31
6606900,TOBACCO_MPOWER_R_TAXSTRUCTURE,COUNTRY,HND,AMR,Americas,YEAR,2024,TOBACCO_INDICATOR,TOBACCO_INDICATOR_R_afford_tax_auto_adjust,,,,,,,Yes,,,,,2025-08-20T09:41:26Z,2024,2024-01-01,2024-12-31
6616633,TOBACCO_MPOWER_R_TAXSTRUCTURE,COUNTRY,ISL,EUR,Europe,YEAR,2024,TOBACCO_INDICATOR,TOBACCO_INDICATOR_R_min_price_policy,,,,,,,No,,,,,2025-08-20T09:41:26Z,2024,2024-01-01,2024-12-31
6619517,TOBACCO_MPOWER_R_TAXSTRUCTURE,COUNTRY,MEX,AMR,Americas,YEAR,2024,TOBACCO_INDICATOR,TOBACCO_INDICATOR_R_eliquid_excise_device,,,,,,,—,,,,ENNDS and ENNDS products circulation and sale banned since 31 May 2022.,2025-08-20T09:41:26Z,2024,2024-01-01,2024-12-31
6621388,TOBACCO_MPOWER_R_TAXSTRUCTURE,COUNTRY,CRI,AMR,Americas,YEAR,2024,TOBACCO_INDICATOR,TOBACCO_INDICATOR_R_excise_min_specific,,,,,,,Yes,,,,,2025-08-20T09:41:26Z,2024,2024-01-01,2024-12-31
6621725,TOBACCO_MPOWER_R_TAXSTRUCTURE,COUNTRY,NRU,WPR,Western Pacific,YEAR,2024,TOBACCO_INDICATOR,TOBACCO_INDICATOR_R_eliquid_excise_nicotine,,,,,,,—,,,,,2025-08-20T09:41:26Z,2024,2024-01-01,2024-12-31
6625986,TOBACCO_MPOWER_R_TAXSTRUCTURE,COUNTRY,GAB,AFR,Africa,YEAR,2024,TOBACCO_INDICATOR,TOBACCO_INDICATOR_R_eliquid_excise_type,,,,,,,. . .,,,,,2025-08-20T09:41:26Z,2024,2024-01-01,2024-12-31
6636703,TOBACCO_MPOWER_R_TAXSTRUCTURE,COUNTRY,SYR,EMR,Eastern Mediterranean,YEAR,2024,TOBACCO_INDICATOR,TOBACCO_INDICATOR_R_htp_excise_device,,,,,,,—,,,,,2025-08-20T09:41:26Z,2024,2024-01-01,2024-12-31
6641619,TOBACCO_MPOWER_R_TAXSTRUCTURE,COUNTRY,SOM,EMR,Eastern Mediterranean,YEAR,2024,TOBACCO_INDICATOR,TOBACCO_INDICATOR_R_excise_specific_reliance,,,,,,,—,,,,,2025-08-20T09:41:26Z,2024,2024-01-01,2024-12-31
6642072,TOBACCO_MPOWER_R_TAXSTRUCTURE,COUNTRY,TUV,WPR,Western Pacific,YEAR,2024,TOBACCO_INDICATOR,TOBACCO_INDICATOR_R_afford_price_gap_decreased,,,,,,,. . .,,,,,2025-08-20T09:41:26Z,2024,2024-01-01,2024-12-31
6644746,TOBACCO_MPOWER_R_TAXSTRUCTURE,COUNTRY,POL,EUR,Europe,YEAR,2024,TOBACCO_INDICATOR,TOBACCO_INDICATOR_R_min_price_policy,,,,,,,No,,,,,2025-08-20T09:41:26Z,2024,2024-01-01,2024-12-31
6645808,TOBACCO_MPOWER_R_TAXSTRUCTURE,COUNTRY,ZMB,AFR,Africa,YEAR,2024,TOBACCO_INDICATOR,TOBACCO_INDICATOR_R_htp_excise_device,,,,,,,. . .,,,,,2025-08-20T09:41:26Z,2024,2024-01-01,2024-12-31
6655492,TOBACCO_MPOWER_R_TAXSTRUCTURE,COUNTRY,THA,SEAR,South-East Asia,YEAR,2024,TOBACCO_INDICATOR,TOBACCO_INDICATOR_R_excise_type,,,,,,,Mixed,,,,,2025-08-20T09:41:26Z,2024,2024-01-01,2024-12-31
6656013,TOBACCO_MPOWER_R_TAXSTRUCTURE,COUNTRY,ISL,EUR,Europe,YEAR,2024,TOBACCO_INDICATOR,TOBACCO_INDICATOR_R_excise_specific_reliance,,,,,,,—,,,,,2025-08-20T09:41:26Z,2024,2024-01-01,2024-12-31
6661618,TOBACCO_MPOWER_R_TAXSTRUCTURE,COUNTRY,MNG,WPR,Western Pacific,YEAR,2024,TOBACCO_INDICATOR,TOBACCO_INDICATOR_R_htp_excise_device,,,,,,,. . .,,,,,2025-08-20T09:41:26Z,2024,2024-01-01,2024-12-31
6663286,TOBACCO_MPOWER_R_TAXSTRUCTURE,COUNTRY,CAN,AMR,Americas,YEAR,2024,TOBACCO_INDICATOR,TOBACCO_INDICATOR_R_eliquid_excise_nicotine,,,,,,,all e-liquids,,,,,2025-08-20T09:41:26Z,2024,2024-01-01,2024-12-31
6664377,TOBACCO_MPOWER_R_TAXSTRUCTURE,COUNTRY,LCA,AMR,Americas,YEAR,2024,TOBACCO_INDICATOR,TOBACCO_INDICATOR_R_excise_type,,,,,,,Specific,,,,,2025-08-20T09:41:26Z,2024,2024-01-01,2024-12-31
6670195,TOBACCO_MPOWER_R_TAXSTRUCTURE,COUNTRY,MOZ,AFR,Africa,YEAR,2024,TOBACCO_INDICATOR,TOBACCO_INDICATOR_R_eliquid_excise_type,,,,,,,. . .,,,,,2025-08-20T09:41:26Z,2024,2024-01-01,2024-12-31
6673332,TOBACCO_MPOWER_R_TAXSTRUCTURE,COUNTRY,QAT,EMR,Eastern Mediterranean,YEAR,2024,TOBACCO_INDICATOR,TOBACCO_INDICATOR_R_eliquid_excise_device,,,,,,,—,,,,,2025-08-20T09:41:26Z,2024,2024-01-01,2024-12-31
6673588,TOBACCO_MPOWER_R_TAXSTRUCTURE,COUNTRY,KNA,AMR,Americas,YEAR,2024,TOBACCO_INDICATOR,TOBACCO_INDICATOR_R_htp_excise_type_sticks,,,,,,,. . .,,,,,2025-08-20T09:41:26Z,2024,2024-01-01,2024-12-31
6673901,TOBACCO_MPOWER_R_TAXSTRUCTURE,COUNTRY,PRT,EUR,Europe,YEAR,2024,TOBACCO_INDICATOR,TOBACCO_INDICATOR_R_htp_excise_device,,,,,,,. . .,,,,,2025-08-20T09:41:26Z,2024,2024-01-01,2024-12-31
6674719,TOBACCO_MPOWER_R_TAXSTRUCTURE,COUNTRY,SSD,AFR,Africa,YEAR,2024,TOBACCO_INDICATOR,TOBACCO_INDICATOR_R_min_price_policy,,,,,,,No,,,,,2025-08-20T09:41:26Z,2024,2024-01-01,2024-12-31
6676761,TOBACCO_MPOWER_R_TAXSTRUCTURE,COUNTRY,LCA,AMR,Americas,YEAR,2024,TOBACCO_INDICATOR,TOBACCO_INDICATOR_R_afford_tax_auto_adjust,,,,,,,No,,,,,2025-08-20T09:41:26Z,2024,2024-01-01,2024-12-31
6679271,TOBACCO_MPOWER_R_TAXSTRUCTURE,COUNTRY,MEX,AMR,Americas,YEAR,2024,TOBACCO_INDICATOR,TOBACCO_INDICATOR_R_excise_type,,,,,,,Mixed,,,,,2025-08-20T09:41:26Z,2024,2024-01-01,2024-12-31
6686266,TOBACCO_MPOWER_R_TAXSTRUCTURE,COUNTRY,BOL,AMR,Americas,YEAR,2024,TOBACCO_INDICATOR,TOBACCO_INDICATOR_R_htp_excise_device,,,,,,,. . .,,,,,2025-08-20T09:41:26Z,2024,2024-01-01,2024-12-31
6688044,TOBACCO_MPOWER_R_TAXSTRUCTURE,COUNTRY,ZWE,AFR,Africa,YEAR,2024,TOBACCO_INDICATOR,TOBACCO_INDICATOR_R_afford_price_gap_decreased,,,,,,,. . .,,,,,2025-08-20T09:41:26Z,2024,2024-01-01,2024-12-31
6689249,TOBACCO_MPOWER_R_TAXSTRUCTURE,COUNTRY,CZE,EUR,Europe,YEAR,2024,TOBACCO_INDICATOR,TOBACCO_INDICATOR_R_eliquid_excise_nicotine,,,,,,,all e-liquids,,,,,2025-08-20T09:41:26Z,2024,2024-01-01,2024-12-31
6691635,TOBACCO_MPOWER_R_TAXSTRUCTURE,COUNTRY,GRC,EUR,Europe,YEAR,2024,TOBACCO_INDICATOR,TOBACCO_INDICATOR_R_eliquid_excise_nicotine,,,,,,,all e-liquids,,,,,2025-08-20T09:41:26Z,2024,2024-01-01,2024-12-31
6691645,TOBACCO_MPOWER_R_TAXSTRUCTURE,COUNTRY,VCT,AMR,Americas,YEAR,2024,TOBACCO_INDICATOR,TOBACCO_INDICATOR_R_eliquid_excise_type,,,,,,,. . .,,,,,2025-08-20T09:41:26Z,2024,2024-01-01,2024-12-31
6699717,TOBACCO_MPOWER_R_TAXSTRUCTURE,COUNTRY,KWT,EMR,Eastern Mediterranean,YEAR,2024,TOBACCO_INDICATOR,TOBACCO_INDICATOR_R_excise_type,,,,,,,No excise,,,,,2025-08-20T09:41:26Z,2024,2024-01-01,2024-12-31
6706050,TOBACCO_MPOWER_R_TAXSTRUCTURE,COUNTRY,SDN,EMR,Eastern Mediterranean,YEAR,2024,TOBACCO_INDICATOR,TOBACCO_INDICATOR_R_excise_type,,,,,,,Ad valorem,,,,,2025-08-20T09:41:26Z,2024,2024-01-01,2024-12-31
6706905,TOBACCO_MPOWER_R_TAXSTRUCTURE,COUNTRY,DJI,EMR,Eastern Mediterranean,YEAR,2024,TOBACCO_INDICATOR,TOBACCO_INDICATOR_R_eliquid_excise_device,,,,,,,. . .,,,,,2025-08-20T09:41:26Z,2024,2024-01-01,2024-12-31
6711554,TOBACCO_MPOWER_R_TAXSTRUCTURE,COUNTRY,SWZ,AFR,Africa,YEAR,2024,TOBACCO_INDICATOR,TOBACCO_INDICATOR_R_excise_retail_price_base,,,,,,,—,,,,,2025-08-20T09:41:26Z,2024,2024-01-01,2024-12-31
6712100,TOBACCO_MPOWER_R_TAXSTRUCTURE,COUNTRY,AUS,WPR,Western Pacific,YEAR,2024,TOBACCO_INDICATOR,TOBACCO_INDICATOR_R_excise_specific_reliance,,,,,,,—,,,,,2025-08-20T09:41:26Z,2024,2024-01-01,2024-12-31
6712524,TOBACCO_MPOWER_R_TAXSTRUCTURE,COUNTRY,MLT,EUR,Europe,YEAR,2024,TOBACCO_INDICATOR,TOBACCO_INDICATOR_R_afford_tax_auto_adjust,,,,,,,No,,,,,2025-08-20T09:41:26Z,2024,2024-01-01,2024-12-31
6715616,TOBACCO_MPOWER_R_TAXSTRUCTURE,COUNTRY,EGY,EMR,Eastern Mediterranean,YEAR,2024,TOBACCO_INDICATOR,TOBACCO_INDICATOR_R_htp_excise_device,,,,,,,Yes,,,,,2025-08-20T09:41:26Z,2024,2024-01-01,2024-12-31
6716234,TOBACCO_MPOWER_R_TAXSTRUCTURE,COUNTRY,STP,AFR,Africa,YEAR,2024,TOBACCO_INDICATOR,TOBACCO_INDICATOR_R_htp_excise_device,,,,,,,No,,,,,2025-08-20T09:41:26Z,2024,2024-01-01,2024-12-31
6722176,TOBACCO_MPOWER_R_TAXSTRUCTURE,COUNTRY,KHM,WPR,Western Pacific,YEAR,2024,TOBACCO_INDICATOR,TOBACCO_INDICATOR_R_min_price_policy,,,,,,,No,,,,,2025-08-20T09:41:26Z,2024,2024-01-01,2024-12-31
6724851,TOBACCO_MPOWER_R_TAXSTRUCTURE,COUNTRY,KGZ,EUR,Europe,YEAR,2024,TOBACCO_INDICATOR,TOBACCO_INDICATOR_R_afford_price_dispersion,,,,,,,87.01,87.01,,,,2025-08-20T09:41:26Z,2024,2024-01-01,2024-12-31
6735499,TOBACCO_MPOWER_R_TAXSTRUCTURE,COUNTRY,SMR,EUR,Europe,YEAR,2024,TOBACCO_INDICATOR,TOBACCO_INDICATOR_R_eliquid_excise_nicotine,,,,,,,. . .,,,,,2025-08-20T09:41:26Z,2024,2024-01-01,2024-12-31
6737370,TOBACCO_MPOWER_R_TAXSTRUCTURE,COUNTRY,SWE,EUR,Europe,YEAR,2024,TOBACCO_INDICATOR,TOBACCO_INDICATOR_R_eliquid_excise_nicotine,,,,,,,all e-liquids,,,,,2025-08-20T09:41:26Z,2024,2024-01-01,2024-12-31
6742527,TOBACCO_MPOWER_R_TAXSTRUCTURE,COUNTRY,ITA,EUR,Europe,YEAR,2024,TOBACCO_INDICATOR,TOBACCO_INDICATOR_R_afford_price_dispersion,,,,,,,67.74,67.74,,,,2025-08-20T09:41:26Z,2024,2024-01-01,2024-12-31
6743289,TOBACCO_MPOWER_R_TAXSTRUCTURE,COUNTRY,SMR,EUR,Europe,YEAR,2024,TOBACCO_INDICATOR,TOBACCO_INDICATOR_R_eliquid_excise_type,,,,,,,. . .,,,,,2025-08-20T09:41:26Z,2024,2024-01-01,2024-12-31
6755288,TOBACCO_MPOWER_R_TAXSTRUCTURE,COUNTRY,GRD,AMR,Americas,YEAR,2024,TOBACCO_INDICATOR,TOBACCO_INDICATOR_R_eliquid_excise_type,,,,,,,. . .,,,,,2025-08-20T09:41:26Z,2024,2024-01-01,2024-12-31
6755920,TOBACCO_MPOWER_R_TAXSTRUCTURE,COUNTRY,PER,AMR,Americas,YEAR,2024,TOBACCO_INDICATOR,TOBACCO_INDICATOR_R_min_price_policy,,,,,,,No,,,,,2025-08-20T09:41:26Z,2024,2024-01-01,2024-12-31
6760148,TOBACCO_MPOWER_R_TAXSTRUCTURE,COUNTRY,OMN,EMR,Eastern Mediterranean,YEAR,2024,TOBACCO_INDICATOR,TOBACCO_INDICATOR_R_htp_excise_device,,,,,,,. . .,,,,,2025-08-20T09:41:26Z,2024,2024-01-01,2024-12-31
6761733,TOBACCO_MPOWER_R_TAXSTRUCTURE,COUNTRY,MNG,WPR,Western Pacific,YEAR,2024,TOBACCO_INDICATOR,TOBACCO_INDICATOR_R_eliquid_excise_type,,,,,,,. . .,,,,,2025-08-20T09:41:26Z,2024,2024-01-01,2024-12-31
6766179,TOBACCO_MPOWER_R_TAXSTRUCTURE,COUNTRY,AUT,EUR,Europe,YEAR,2024,TOBACCO_INDICATOR,TOBACCO_INDICATOR_R_eliquid_excise_nicotine,,,,,,,—,,,,,2025-08-20T09:41:26Z,2024,2024-01-01,2024-12-31
6768488,TOBACCO_MPOWER_R_TAXSTRUCTURE,COUNTRY,TUV,WPR,Western Pacific,YEAR,2024,TOBACCO_INDICATOR,TOBACCO_INDICATOR_R_eliquid_excise_device,,,,,,,. . .,,,,,2025-08-20T09:41:26Z,2024,2024-01-01,2024-12-31
6774030,TOBACCO_MPOWER_R_TAXSTRUCTURE,COUNTRY,THA,SEAR,South-East Asia,YEAR,2024,TOBACCO_INDICATOR,TOBACCO_INDICATOR_R_min_price_policy,,,,,,,No,,,,,2025-08-20T09:41:26Z,2024,2024-01-01,2024-12-31
6774179,TOBACCO_MPOWER_R_TAXSTRUCTURE,COUNTRY,ITA,EUR,Europe,YEAR,2024,TOBACCO_INDICATOR,TOBACCO_INDICATOR_R_eliquid_excise_nicotine,,,,,,,all e-liquids,,,,,2025-08-20T09:41:26Z,2024,2024-01-01,2024-12-31
6775991,TOBACCO_MPOWER_R_TAXSTRUCTURE,COUNTRY,WSM,WPR,Western Pacific,YEAR,2024,TOBACCO_INDICATOR,TOBACCO_INDICATOR_R_eliquid_excise_type,,,,,,,. . .,,,,,2025-08-20T09:41:26Z,2024,2024-01-01,2024-12-31
6776042,TOBACCO_MPOWER_R_TAXSTRUCTURE,COUNTRY,KIR,WPR,Western Pacific,YEAR,2024,TOBACCO_INDICATOR,TOBACCO_INDICATOR_R_htp_excise_type_sticks,,,,,,,. . .,,,,,2025-08-20T09:41:26Z,2024,2024-01-01,2024-12-31
6777722,TOBACCO_MPOWER_R_TAXSTRUCTURE,COUNTRY,SWZ,AFR,Africa,YEAR,2024,TOBACCO_INDICATOR,TOBACCO_INDICATOR_R_afford_price_dispersion,,,,,,,56.95,56.95,,,,2025-08-20T09:41:26Z,2024,2024-01-01,2024-12-31
6788376,TOBACCO_MPOWER_R_TAXSTRUCTURE,COUNTRY,TUV,WPR,Western Pacific,YEAR,2024,TOBACCO_INDICATOR,TOBACCO_INDICATOR_R_eliquid_excise_nicotine,,,,,,,. . .,,,,,2025-08-20T09:41:26Z,2024,2024-01-01,2024-12-31
6798962,TOBACCO_MPOWER_R_TAXSTRUCTURE,COUNTRY,TUR,EUR,Europe,YEAR,2024,TOBACCO_INDICATOR,TOBACCO_INDICATOR_R_afford_tax_auto_adjust,,,,,,,Yes,,,,,2025-08-20T09:41:26Z,2024,2024-01-01,2024-12-31
6804248,TOBACCO_MPOWER_R_TAXSTRUCTURE,COUNTRY,FIN,EUR,Europe,YEAR,2024,TOBACCO_INDICATOR,TOBACCO_INDICATOR_R_excise_type,,,,,,,Mixed,,,,,2025-08-20T09:41:26Z,2024,2024-01-01,2024-12-31
6804691,TOBACCO_MPOWER_R_TAXSTRUCTURE,COUNTRY,LSO,AFR,Africa,YEAR,2024,TOBACCO_INDICATOR,TOBACCO_INDICATOR_R_eliquid_excise_type,,,,,,,. . .,,,,,2025-08-20T09:41:26Z,2024,2024-01-01,2024-12-31
6806005,TOBACCO_MPOWER_R_TAXSTRUCTURE,COUNTRY,HND,AMR,Americas,YEAR,2024,TOBACCO_INDICATOR,TOBACCO_INDICATOR_R_eliquid_excise_type,,,,,,,. . .,,,,,2025-08-20T09:41:26Z,2024,2024-01-01,2024-12-31
6815713,TOBACCO_MPOWER_R_TAXSTRUCTURE,COUNTRY,GAB,AFR,Africa,YEAR,2024,TOBACCO_INDICATOR,TOBACCO_INDICATOR_R_eliquid_excise_nicotine,,,,,,,. . .,,,,,2025-08-20T09:41:26Z,2024,2024-01-01,2024-12-31
6822322,TOBACCO_MPOWER_R_TAXSTRUCTURE,COUNTRY,UZB,EUR,Europe,YEAR,2024,TOBACCO_INDICATOR,TOBACCO_INDICATOR_R_eliquid_excise_nicotine,,,,,,,nicotine only,,,,,2025-08-20T09:41:26Z,2024,2024-01-01,2024-12-31
6827551,TOBACCO_MPOWER_R_TAXSTRUCTURE,COUNTRY,PRY,AMR,Americas,YEAR,2024,TOBACCO_INDICATOR,TOBACCO_INDICATOR_R_afford_tax_auto_adjust,,,,,,,—,,,,,2025-08-20T09:41:26Z,2024,2024-01-01,2024-12-31
6828231,TOBACCO_MPOWER_R_TAXSTRUCTURE,COUNTRY,MWI,AFR,Africa,YEAR,2024,TOBACCO_INDICATOR,TOBACCO_INDICATOR_R_excise_type,,,,,,,Specific,,,,,2025-08-20T09:41:26Z,2024,2024-01-01,2024-12-31
6830307,TOBACCO_MPOWER_R_TAXSTRUCTURE,COUNTRY,LBY,EMR,Eastern Mediterranean,YEAR,2024,TOBACCO_INDICATOR,TOBACCO_INDICATOR_R_excise_specific_reliance,,,,,,,—,,,,,2025-08-20T09:41:26Z,2024,2024-01-01,2024-12-31
6830475,TOBACCO_MPOWER_R_TAXSTRUCTURE,COUNTRY,IDN,WPR,Western Pacific,YEAR,2024,TOBACCO_INDICATOR,TOBACCO_INDICATOR_R_afford_tax_auto_adjust,,,,,,,No,,,,,2025-08-20T09:41:26Z,2024,2024-01-01,2024-12-31
6837245,TOBACCO_MPOWER_R_TAXSTRUCTURE,COUNTRY,YEM,EMR,Eastern Mediterranean,YEAR,2024,TOBACCO_INDICATOR,TOBACCO_INDICATOR_R_excise_min_specific,,,,,,,No,,,,,2025-08-20T09:41:26Z,2024,2024-01-01,2024-12-31
6842121,TOBACCO_MPOWER_R_TAXSTRUCTURE,COUNTRY,CPV,AFR,Africa,YEAR,2024,TOBACCO_INDICATOR,TOBACCO_INDICATOR_R_excise_min_specific,,,,,,,No,,,,,2025-08-20T09:41:26Z,2024,2024-01-01,2024-12-31
6846990,TOBACCO_MPOWER_R_TAXSTRUCTURE,COUNTRY,GRC,EUR,Europe,YEAR,2024,TOBACCO_INDICATOR,TOBACCO_INDICATOR_R_excise_specific_reliance,,,,,,,Yes,,,,,2025-08-20T09:41:26Z,2024,2024-01-01,2024-12-31
6854190,TOBACCO_MPOWER_R_TAXSTRUCTURE,COUNTRY,SMR,EUR,Europe,YEAR,2024,TOBACCO_INDICATOR,TOBACCO_INDICATOR_R_afford_price_gap_decreased,,,,,,,No,,,,,2025-08-20T09:41:26Z,2024,2024-01-01,2024-12-31
6856437,TOBACCO_MPOWER_R_TAXSTRUCTURE,COUNTRY,CHL,AMR,Americas,YEAR,2024,TOBACCO_INDICATOR,TOBACCO_INDICATOR_R_eliquid_excise_device,,,,,,,. . .,,,,,2025-08-20T09:41:26Z,2024,2024-01-01,2024-12-31
6859965,TOBACCO_MPOWER_R_TAXSTRUCTURE,COUNTRY,UZB,EUR,Europe,YEAR,2024,TOBACCO_INDICATOR,TOBACCO_INDICATOR_R_afford_tax_auto_adjust,,,,,,,No,,,,,2025-08-20T09:41:26Z,2024,2024-01-01,2024-12-31
6862356,TOBACCO_MPOWER_R_TAXSTRUCTURE,COUNTRY,MUS,AFR,Africa,YEAR,2024,TOBACCO_INDICATOR,TOBACCO_INDICATOR_R_excise_specific_reliance,,,,,,,—,,,,,2025-08-20T09:41:26Z,2024,2024-01-01,2024-12-31
6864366,TOBACCO_MPOWER_R_TAXSTRUCTURE,COUNTRY,TKM,EUR,Europe,YEAR,2024,TOBACCO_INDICATOR,TOBACCO_INDICATOR_R_excise_uniform_varied,,,,,,,Yes,,,,,2025-08-20T09:41:26Z,2024,2024-01-01,2024-12-31
6864668,TOBACCO_MPOWER_R_TAXSTRUCTURE,COUNTRY,RUS,EUR,Europe,YEAR,2024,TOBACCO_INDICATOR,TOBACCO_INDICATOR_R_afford_price_dispersion,,,,,,,54.89,54.89,,,,2025-08-20T09:41:26Z,2024,2024-01-01,2024-12-31
6867792,TOBACCO_MPOWER_R_TAXSTRUCTURE,COUNTRY,MKD,EUR,Europe,YEAR,2024,TOBACCO_INDICATOR,TOBACCO_INDICATOR_R_eliquid_excise_type,,,,,,,Specific,,,,,2025-08-20T09:41:26Z,2024,2024-01-01,2024-12-31
6869529,TOBACCO_MPOWER_R_TAXSTRUCTURE,COUNTRY,MLI,AFR,Africa,YEAR,2024,TOBACCO_INDICATOR,TOBACCO_INDICATOR_R_htp_excise_type_sticks,,,,,,,. . .,,,,,2025-08-20T09:41:26Z,2024,2024-01-01,2024-12-31
6875431,TOBACCO_MPOWER_R_TAXSTRUCTURE,COUNTRY,JAM,AMR,Americas,YEAR,2024,TOBACCO_INDICATOR,TOBACCO_INDICATOR_R_eliquid_excise_type,,,,,,,. . .,,,,,2025-08-20T09:41:26Z,2024,2024-01-01,2024-12-31
6876637,TOBACCO_MPOWER_R_TAXSTRUCTURE,COUNTRY,IRQ,EMR,Eastern Mediterranean,YEAR,2024,TOBACCO_INDICATOR,TOBACCO_INDICATOR_R_excise_type,,,,,,,No excise,,,,,2025-08-20T09:41:26Z,2024,2024-01-01,2024-12-31
6896885,TOBACCO_MPOWER_R_TAXSTRUCTURE,COUNTRY,IND,SEAR,South-East Asia,YEAR,2024,TOBACCO_INDICATOR,TOBACCO_INDICATOR_R_eliquid_excise_type,,,,,,,—,,,,,2025-08-20T09:41:26Z,2024,2024-01-01,2024-12-31
6898343,TOBACCO_MPOWER_R_TAXSTRUCTURE,COUNTRY,PNG,WPR,Western Pacific,YEAR,2024,TOBACCO_INDICATOR,TOBACCO_INDICATOR_R_min_price_policy,,,,,,,No,,,,,2025-08-20T09:41:26Z,2024,2024-01-01,2024-12-31
6915460,TOBACCO_MPOWER_R_TAXSTRUCTURE,COUNTRY,LTU,EUR,Europe,YEAR,2024,TOBACCO_INDICATOR,TOBACCO_INDICATOR_R_eliquid_excise_nicotine,,,,,,,all e-liquids,,,,,2025-08-20T09:41:26Z,2024,2024-01-01,2024-12-31
6919301,TOBACCO_MPOWER_R_TAXSTRUCTURE,COUNTRY,LCA,AMR,Americas,YEAR,2024,TOBACCO_INDICATOR,TOBACCO_INDICATOR_R_excise_specific_reliance,,,,,,,—,,,,,2025-08-20T09:41:26Z,2024,2024-01-01,2024-12-31
6926607,TOBACCO_MPOWER_R_TAXSTRUCTURE,COUNTRY,MCO,EUR,Europe,YEAR,2024,TOBACCO_INDICATOR,TOBACCO_INDICATOR_R_afford_price_gap_decreased,,,,,,,No,,,,,2025-08-20T09:41:26Z,2024,2024-01-01,2024-12-31
6927082,TOBACCO_MPOWER_R_TAXSTRUCTURE,COUNTRY,STP,AFR,Africa,YEAR,2024,TOBACCO_INDICATOR,TOBACCO_INDICATOR_R_excise_min_specific,,,,,,,—,,,,,2025-08-20T09:41:26Z,2024,2024-01-01,2024-12-31
6927671,TOBACCO_MPOWER_R_TAXSTRUCTURE,COUNTRY,MDV,SEAR,South-East Asia,YEAR,2024,TOBACCO_INDICATOR,TOBACCO_INDICATOR_R_htp_excise_type_sticks,,,,,,,No excise,,,,,2025-08-20T09:41:26Z,2024,2024-01-01,2024-12-31
6934607,TOBACCO_MPOWER_R_TAXSTRUCTURE,COUNTRY,CAF,AFR,Africa,YEAR,2024,TOBACCO_INDICATOR,TOBACCO_INDICATOR_R_eliquid_excise_device,,,,,,,. . .,,,,,2025-08-20T09:41:26Z,2024,2024-01-01,2024-12-31
6935716,TOBACCO_MPOWER_R_TAXSTRUCTURE,COUNTRY,PER,AMR,Americas,YEAR,2024,TOBACCO_INDICATOR,TOBACCO_INDICATOR_R_excise_min_specific,,,,,,,—,,,,,2025-08-20T09:41:26Z,2024,2024-01-01,2024-12-31
6938052,TOBACCO_MPOWER_R_TAXSTRUCTURE,COUNTRY,QAT,EMR,Eastern Mediterranean,YEAR,2024,TOBACCO_INDICATOR,TOBACCO_INDICATOR_R_afford_tax_auto_adjust,,,,,,,—,,,,,2025-08-20T09:41:26Z,2024,2024-01-01,2024-12-31
6938657,TOBACCO_MPOWER_R_TAXSTRUCTURE,COUNTRY,GMB,AFR,Africa,YEAR,2024,TOBACCO_INDICATOR,TOBACCO_INDICATOR_R_afford_tax_auto_adjust,,,,,,,No,,,,,2025-08-20T09:41:26Z,2024,2024-01-01,2024-12-31
6942128,TOBACCO_MPOWER_R_TAXSTRUCTURE,COUNTRY,GRD,AMR,Americas,YEAR,2024,TOBACCO_INDICATOR,TOBACCO_INDICATOR_R_eliquid_excise_nicotine,,,,,,,. . .,,,,,2025-08-20T09:41:26Z,2024,2024-01-01,2024-12-31
6943217,TOBACCO_MPOWER_R_TAXSTRUCTURE,COUNTRY,CZE,EUR,Europe,YEAR,2024,TOBACCO_INDICATOR,TOBACCO_INDICATOR_R_afford_price_gap_decreased,,,,,,,Yes,,,,,2025-08-20T09:41:26Z,2024,2024-01-01,2024-12-31
6949357,TOBACCO_MPOWER_R_TAXSTRUCTURE,COUNTRY,NPL,SEAR,South-East Asia,YEAR,2024,TOBACCO_INDICATOR,TOBACCO_INDICATOR_R_min_price_policy,,,,,,,No,,,,,2025-08-20T09:41:26Z,2024,2024-01-01,2024-12-31
6950616,TOBACCO_MPOWER_R_TAXSTRUCTURE,COUNTRY,UZB,EUR,Europe,YEAR,2024,TOBACCO_INDICATOR,TOBACCO_INDICATOR_R_htp_excise_device,,,,,,,No,,,,,2025-08-20T09:41:26Z,2024,2024-01-01,2024-12-31
6953027,TOBACCO_MPOWER_R_TAXSTRUCTURE,COUNTRY,CHN,WPR,Western Pacific,YEAR,2024,TOBACCO_INDICATOR,TOBACCO_INDICATOR_R_eliquid_excise_type,,,,,,,. . .,,,,,2025-08-20T09:41:26Z,2024,2024-01-01,2024-12-31
6954601,TOBACCO_MPOWER_R_TAXSTRUCTURE,COUNTRY,AZE,EUR,Europe,YEAR,2024,TOBACCO_INDICATOR,TOBACCO_INDICATOR_R_afford_price_gap_decreased,,,,,,,No,,,,,2025-08-20T09:41:26Z,2024,2024-01-01,2024-12-31
6955371,TOBACCO_MPOWER_R_TAXSTRUCTURE,COUNTRY,KWT,EMR,Eastern Mediterranean,YEAR,2024,TOBACCO_INDICATOR,TOBACCO_INDICATOR_R_eliquid_excise_device,,,,,,,—,,,,,2025-08-20T09:41:26Z,2024,2024-01-01,2024-12-31
6956464,TOBACCO_MPOWER_R_TAXSTRUCTURE,COUNTRY,CUB,AMR,Americas,YEAR,2024,TOBACCO_INDICATOR,TOBACCO_INDICATOR_R_excise_type,,,,,,,Mixed,,,,,2025-08-20T09:41:26Z,2024,2024-01-01,2024-12-31
6958803,TOBACCO_MPOWER_R_TAXSTRUCTURE,COUNTRY,GRD,AMR,Americas,YEAR,2024,TOBACCO_INDICATOR,TOBACCO_INDICATOR_R_afford_tax_auto_adjust,,,,,,,—,,,,,2025-08-20T09:41:26Z,2024,2024-01-01,2024-12-31
6959120,TOBACCO_MPOWER_R_TAXSTRUCTURE,COUNTRY,VEN,AMR,Americas,YEAR,2024,TOBACCO_INDICATOR,TOBACCO_INDICATOR_R_afford_tax_auto_adjust,,,,,,,—,,,,Data not validated by the national authorities.,2025-08-20T09:41:26Z,2024,2024-01-01,2024-12-31
6959143,TOBACCO_MPOWER_R_TAXSTRUCTURE,COUNTRY,QAT,EMR,Eastern Mediterranean,YEAR,2024,TOBACCO_INDICATOR,TOBACCO_INDICATOR_R_excise_min_specific,,,,,,,No,,,,,2025-08-20T09:41:26Z,2024,2024-01-01,2024-12-31
6962479,TOBACCO_MPOWER_R_TAXSTRUCTURE,COUNTRY,AND,EUR,Europe,YEAR,2024,TOBACCO_INDICATOR,TOBACCO_INDICATOR_R_excise_specific_reliance,,,,,,,—,,,,,2025-08-20T09:41:26Z,2024,2024-01-01,2024-12-31
6967150,TOBACCO_MPOWER_R_TAXSTRUCTURE,COUNTRY,TON,WPR,Western Pacific,YEAR,2024,TOBACCO_INDICATOR,TOBACCO_INDICATOR_R_eliquid_excise_nicotine,,,,,,,—,,,,,2025-08-20T09:41:26Z,2024,2024-01-01,2024-12-31
6970949,TOBACCO_MPOWER_R_TAXSTRUCTURE,COUNTRY,COD,AFR,Africa,YEAR,2024,TOBACCO_INDICATOR,TOBACCO_INDICATOR_R_excise_type,,,,,,,Ad valorem,,,,,2025-08-20T09:41:26Z,2024,2024-01-01,2024-12-31
6973686,TOBACCO_MPOWER_R_TAXSTRUCTURE,COUNTRY,BIH,EUR,Europe,YEAR,2024,TOBACCO_INDICATOR,TOBACCO_INDICATOR_R_htp_excise_device,,,,,,,No,,,,,2025-08-20T09:41:26Z,2024,2024-01-01,2024-12-31
6975517,TOBACCO_MPOWER_R_TAXSTRUCTURE,COUNTRY,DMA,AMR,Americas,YEAR,2024,TOBACCO_INDICATOR,TOBACCO_INDICATOR_R_eliquid_excise_device,,,,,,,. . .,,,,,2025-08-20T09:41:26Z,2024,2024-01-01,2024-12-31
6978181,TOBACCO_MPOWER_R_TAXSTRUCTURE,COUNTRY,SLE,AFR,Africa,YEAR,2024,TOBACCO_INDICATOR,TOBACCO_INDICATOR_R_excise_retail_price_base,,,,,,,—,,,,,2025-08-20T09:41:26Z,2024,2024-01-01,2024-12-31
6985142,TOBACCO_MPOWER_R_TAXSTRUCTURE,COUNTRY,KGZ,EUR,Europe,YEAR,2024,TOBACCO_INDICATOR,TOBACCO_INDICATOR_R_eliquid_excise_device,,,,,,,Yes,,,,,2025-08-20T09:41:26Z,2024,2024-01-01,2024-12-31
6992670,TOBACCO_MPOWER_R_TAXSTRUCTURE,COUNTRY,DEU,EUR,Europe,YEAR,2024,TOBACCO_INDICATOR,TOBACCO_INDICATOR_R_min_price_policy,,,,,,,No,,,,,2025-08-20T09:41:26Z,2024,2024-01-01,2024-12-31
6997650,TOBACCO_MPOWER_R_TAXSTRUCTURE,COUNTRY,EST,EUR,Europe,YEAR,2024,TOBACCO_INDICATOR,TOBACCO_INDICATOR_R_excise_type,,,,,,,Mixed,,,,,2025-08-20T09:41:26Z,2024,2024-01-01,2024-12-31
7006330,TOBACCO_MPOWER_R_TAXSTRUCTURE,COUNTRY,GRC,EUR,Europe,YEAR,2024,TOBACCO_INDICATOR,TOBACCO_INDICATOR_R_eliquid_excise_device,,,,,,,. . .,,,,,2025-08-20T09:41:26Z,2024,2024-01-01,2024-12-31
7011883,TOBACCO_MPOWER_R_TAXSTRUCTURE,COUNTRY,MYS,WPR,Western Pacific,YEAR,2024,TOBACCO_INDICATOR,TOBACCO_INDICATOR_R_excise_min_specific,,,,,,,—,,,,,2025-08-20T09:41:26Z,2024,2024-01-01,2024-12-31
7011981,TOBACCO_MPOWER_R_TAXSTRUCTURE,COUNTRY,GNQ,AFR,Africa,YEAR,2024,TOBACCO_INDICATOR,TOBACCO_INDICATOR_R_afford_tax_auto_adjust,,,,,,,No,,,,,2025-08-20T09:41:26Z,2024,2024-01-01,2024-12-31
7012121,TOBACCO_MPOWER_R_TAXSTRUCTURE,COUNTRY,GIN,AFR,Africa,YEAR,2024,TOBACCO_INDICATOR,TOBACCO_INDICATOR_R_excise_specific_reliance,,,,,,,—,,,,,2025-08-20T09:41:26Z,2024,2024-01-01,2024-12-31
7013095,TOBACCO_MPOWER_R_TAXSTRUCTURE,COUNTRY,NAM,AFR,Africa,YEAR,2024,TOBACCO_INDICATOR,TOBACCO_INDICATOR_R_htp_excise_device,,,,,,,. . .,,,,,2025-08-20T09:41:26Z,2024,2024-01-01,2024-12-31
7016454,TOBACCO_MPOWER_R_TAXSTRUCTURE,COUNTRY,LBY,EMR,Eastern Mediterranean,YEAR,2024,TOBACCO_INDICATOR,TOBACCO_INDICATOR_R_excise_min_specific,,,,,,,—,,,,,2025-08-20T09:41:26Z,2024,2024-01-01,2024-12-31
7018676,TOBACCO_MPOWER_R_TAXSTRUCTURE,COUNTRY,BTN,SEAR,South-East Asia,YEAR,2024,TOBACCO_INDICATOR,TOBACCO_INDICATOR_R_htp_excise_type_sticks,,,,,,,. . .,,,,,2025-08-20T09:41:26Z,2024,2024-01-01,2024-12-31
7026750,TOBACCO_MPOWER_R_TAXSTRUCTURE,COUNTRY,JPN,WPR,Western Pacific,YEAR,2024,TOBACCO_INDICATOR,TOBACCO_INDICATOR_R_afford_tax_auto_adjust,,,,,,,No,,,,,2025-08-20T09:41:26Z,2024,2024-01-01,2024-12-31
7026970,TOBACCO_MPOWER_R_TAXSTRUCTURE,COUNTRY,GNB,AFR,Africa,YEAR,2024,TOBACCO_INDICATOR,TOBACCO_INDICATOR_R_excise_uniform_varied,,,,,,,Yes,,,,,2025-08-20T09:41:26Z,2024,2024-01-01,2024-12-31
7029983,TOBACCO_MPOWER_R_TAXSTRUCTURE,COUNTRY,BLZ,AMR,Americas,YEAR,2024,TOBACCO_INDICATOR,TOBACCO_INDICATOR_R_excise_min_specific,,,,,,,—,,,,,2025-08-20T09:41:26Z,2024,2024-01-01,2024-12-31
7031455,TOBACCO_MPOWER_R_TAXSTRUCTURE,COUNTRY,MAR,EMR,Eastern Mediterranean,YEAR,2024,TOBACCO_INDICATOR,TOBACCO_INDICATOR_R_eliquid_excise_nicotine,,,,,,,all e-liquids,,,,,2025-08-20T09:41:26Z,2024,2024-01-01,2024-12-31
7045703,TOBACCO_MPOWER_R_TAXSTRUCTURE,COUNTRY,MUS,AFR,Africa,YEAR,2024,TOBACCO_INDICATOR,TOBACCO_INDICATOR_R_excise_uniform_varied,,,,,,,Yes,,,,,2025-08-20T09:41:26Z,2024,2024-01-01,2024-12-31
7046343,TOBACCO_MPOWER_R_TAXSTRUCTURE,COUNTRY,BRB,AMR,Americas,YEAR,2024,TOBACCO_INDICATOR,TOBACCO_INDICATOR_R_excise_uniform_varied,,,,,,,Yes,,,,,2025-08-20T09:41:26Z,2024,2024-01-01,2024-12-31
7064997,TOBACCO_MPOWER_R_TAXSTRUCTURE,COUNTRY,TON,WPR,Western Pacific,YEAR,2024,TOBACCO_INDICATOR,TOBACCO_INDICATOR_R_eliquid_excise_device,,,,,,,—,,,,,2025-08-20T09:41:26Z,2024,2024-01-01,2024-12-31
7065370,TOBACCO_MPOWER_R_TAXSTRUCTURE,COUNTRY,AUS,WPR,Western Pacific,YEAR,2024,TOBACCO_INDICATOR,TOBACCO_INDICATOR_R_afford_tax_auto_adjust,,,,,,,Yes,,,,,2025-08-20T09:41:26Z,2024,2024-01-01,2024-12-31
7067307,TOBACCO_MPOWER_R_TAXSTRUCTURE,COUNTRY,TUV,WPR,Western Pacific,YEAR,2024,TOBACCO_INDICATOR,TOBACCO_INDICATOR_R_min_price_policy,,,,,,,No,,,,,2025-08-20T09:41:26Z,2024,2024-01-01,2024-12-31
7074698,TOBACCO_MPOWER_R_TAXSTRUCTURE,COUNTRY,TZA,AFR,Africa,YEAR,2024,TOBACCO_INDICATOR,TOBACCO_INDICATOR_R_afford_tax_auto_adjust,,,,,,,Yes,,,,,2025-08-20T09:41:26Z,2024,2024-01-01,2024-12-31
7077425,TOBACCO_MPOWER_R_TAXSTRUCTURE,COUNTRY,SLB,WPR,Western Pacific,YEAR,2024,TOBACCO_INDICATOR,TOBACCO_INDICATOR_R_htp_excise_device,,,,,,,. . .,,,,,2025-08-20T09:41:26Z,2024,2024-01-01,2024-12-31
7078485,TOBACCO_MPOWER_R_TAXSTRUCTURE,COUNTRY,CUB,AMR,Americas,YEAR,2024,TOBACCO_INDICATOR,TOBACCO_INDICATOR_R_min_price_policy,,,,,,,No,,,,,2025-08-20T09:41:26Z,2024,2024-01-01,2024-12-31
7082681,TOBACCO_MPOWER_R_TAXSTRUCTURE,COUNTRY,ETH,AFR,Africa,YEAR,2024,TOBACCO_INDICATOR,TOBACCO_INDICATOR_R_afford_price_dispersion,,,,,,,58.82,58.82,,,,2025-08-20T09:41:26Z,2024,2024-01-01,2024-12-31
7084471,TOBACCO_MPOWER_R_TAXSTRUCTURE,COUNTRY,COG,AFR,Africa,YEAR,2024,TOBACCO_INDICATOR,TOBACCO_INDICATOR_R_htp_excise_type_sticks,,,,,,,. . .,,,,,2025-08-20T09:41:26Z,2024,2024-01-01,2024-12-31
7087347,TOBACCO_MPOWER_R_TAXSTRUCTURE,COUNTRY,SSD,AFR,Africa,YEAR,2024,TOBACCO_INDICATOR,TOBACCO_INDICATOR_R_htp_excise_device,,,,,,,. . .,,,,,2025-08-20T09:41:26Z,2024,2024-01-01,2024-12-31
7091850,TOBACCO_MPOWER_R_TAXSTRUCTURE,COUNTRY,AUS,WPR,Western Pacific,YEAR,2024,TOBACCO_INDICATOR,TOBACCO_INDICATOR_R_excise_retail_price_base,,,,,,,—,,,,,2025-08-20T09:41:26Z,2024,2024-01-01,2024-12-31
7096578,TOBACCO_MPOWER_R_TAXSTRUCTURE,COUNTRY,BDI,AFR,Africa,YEAR,2024,TOBACCO_INDICATOR,TOBACCO_INDICATOR_R_excise_uniform_varied,,,,,,,Yes,,,,,2025-08-20T09:41:26Z,2024,2024-01-01,2024-12-31
7099138,TOBACCO_MPOWER_R_TAXSTRUCTURE,COUNTRY,PAN,AMR,Americas,YEAR,2024,TOBACCO_INDICATOR,TOBACCO_INDICATOR_R_afford_price_dispersion,,,,,,,38.05,38.05,,,,2025-08-20T09:41:26Z,2024,2024-01-01,2024-12-31
7099412,TOBACCO_MPOWER_R_TAXSTRUCTURE,COUNTRY,SUR,AMR,Americas,YEAR,2024,TOBACCO_INDICATOR,TOBACCO_INDICATOR_R_htp_excise_device,,,,,,,. . .,,,,,2025-08-20T09:41:26Z,2024,2024-01-01,2024-12-31
7100228,TOBACCO_MPOWER_R_TAXSTRUCTURE,COUNTRY,BFA,AFR,Africa,YEAR,2024,TOBACCO_INDICATOR,TOBACCO_INDICATOR_R_excise_type,,,,,,,Ad valorem,,,,,2025-08-20T09:41:26Z,2024,2024-01-01,2024-12-31
7108464,TOBACCO_MPOWER_R_TAXSTRUCTURE,COUNTRY,KGZ,EUR,Europe,YEAR,2024,TOBACCO_INDICATOR,TOBACCO_INDICATOR_R_excise_min_specific,,,,,,,—,,,,,2025-08-20T09:41:26Z,2024,2024-01-01,2024-12-31
7122234,TOBACCO_MPOWER_R_TAXSTRUCTURE,COUNTRY,KWT,EMR,Eastern Mediterranean,YEAR,2024,TOBACCO_INDICATOR,TOBACCO_INDICATOR_R_htp_excise_type_sticks,,,,,,,No excise,,,,,2025-08-20T09:41:26Z,2024,2024-01-01,2024-12-31
7129359,TOBACCO_MPOWER_R_TAXSTRUCTURE,COUNTRY,NGA,AFR,Africa,YEAR,2024,TOBACCO_INDICATOR,TOBACCO_INDICATOR_R_min_price_policy,,,,,,,No,,,,,2025-08-20T09:41:26Z,2024,2024-01-01,2024-12-31
7135248,TOBACCO_MPOWER_R_TAXSTRUCTURE,COUNTRY,BFA,AFR,Africa,YEAR,2024,TOBACCO_INDICATOR,TOBACCO_INDICATOR_R_excise_uniform_varied,,,,,,,Yes,,,,,2025-08-20T09:41:26Z,2024,2024-01-01,2024-12-31
7142936,TOBACCO_MPOWER_R_TAXSTRUCTURE,COUNTRY,IRN,EMR,Eastern Mediterranean,YEAR,2024,TOBACCO_INDICATOR,TOBACCO_INDICATOR_R_eliquid_excise_device,,,,,,,—,,,,,2025-08-20T09:41:26Z,2024,2024-01-01,2024-12-31
7143233,TOBACCO_MPOWER_R_TAXSTRUCTURE,COUNTRY,LVA,EUR,Europe,YEAR,2024,TOBACCO_INDICATOR,TOBACCO_INDICATOR_R_excise_min_specific,,,,,,,Yes,,,,,2025-08-20T09:41:26Z,2024,2024-01-01,2024-12-31
7148942,TOBACCO_MPOWER_R_TAXSTRUCTURE,COUNTRY,NPL,SEAR,South-East Asia,YEAR,2024,TOBACCO_INDICATOR,TOBACCO_INDICATOR_R_excise_specific_reliance,,,,,,,—,,,,,2025-08-20T09:41:26Z,2024,2024-01-01,2024-12-31
7149701,TOBACCO_MPOWER_R_TAXSTRUCTURE,COUNTRY,KEN,AFR,Africa,YEAR,2024,TOBACCO_INDICATOR,TOBACCO_INDICATOR_R_eliquid_excise_device,,,,,,,No,,,,,2025-08-20T09:41:26Z,2024,2024-01-01,2024-12-31
7151868,TOBACCO_MPOWER_R_TAXSTRUCTURE,COUNTRY,ZMB,AFR,Africa,YEAR,2024,TOBACCO_INDICATOR,TOBACCO_INDICATOR_R_excise_type,,,,,,,Specific,,,,,2025-08-20T09:41:26Z,2024,2024-01-01,2024-12-31
7152534,TOBACCO_MPOWER_R_TAXSTRUCTURE,COUNTRY,FJI,WPR,Western Pacific,YEAR,2024,TOBACCO_INDICATOR,TOBACCO_INDICATOR_R_htp_excise_device,,,,,,,. . .,,,,,2025-08-20T09:41:26Z,2024,2024-01-01,2024-12-31
7161608,TOBACCO_MPOWER_R_TAXSTRUCTURE,COUNTRY,GNQ,AFR,Africa,YEAR,2024,TOBACCO_INDICATOR,TOBACCO_INDICATOR_R_afford_price_gap_decreased,,,,,,,. . .,,,,,2025-08-20T09:41:26Z,2024,2024-01-01,2024-12-31
7166189,TOBACCO_MPOWER_R_TAXSTRUCTURE,COUNTRY,NAM,AFR,Africa,YEAR,2024,TOBACCO_INDICATOR,TOBACCO_INDICATOR_R_eliquid_excise_nicotine,,,,,,,. . .,,,,,2025-08-20T09:41:26Z,2024,2024-01-01,2024-12-31
7167355,TOBACCO_MPOWER_R_TAXSTRUCTURE,COUNTRY,TJK,EUR,Europe,YEAR,2024,TOBACCO_INDICATOR,TOBACCO_INDICATOR_R_excise_uniform_varied,,,,,,,Yes,,,,,2025-08-20T09:41:26Z,2024,2024-01-01,2024-12-31
7167763,TOBACCO_MPOWER_R_TAXSTRUCTURE,COUNTRY,GHA,AFR,Africa,YEAR,2024,TOBACCO_INDICATOR,TOBACCO_INDICATOR_R_afford_tax_auto_adjust,,,,,,,No,,,,,2025-08-20T09:41:26Z,2024,2024-01-01,2024-12-31
7168811,TOBACCO_MPOWER_R_TAXSTRUCTURE,COUNTRY,NZL,WPR,Western Pacific,YEAR,2024,TOBACCO_INDICATOR,TOBACCO_INDICATOR_R_excise_min_specific,,,,,,,—,,,,,2025-08-20T09:41:26Z,2024,2024-01-01,2024-12-31
7171131,TOBACCO_MPOWER_R_TAXSTRUCTURE,COUNTRY,GIN,AFR,Africa,YEAR,2024,TOBACCO_INDICATOR,TOBACCO_INDICATOR_R_afford_price_dispersion,,,,,,,30,30,,,,2025-08-20T09:41:26Z,2024,2024-01-01,2024-12-31
7172764,TOBACCO_MPOWER_R_TAXSTRUCTURE,COUNTRY,CUB,AMR,Americas,YEAR,2024,TOBACCO_INDICATOR,TOBACCO_INDICATOR_R_excise_uniform_varied,,,,,,,No,,,,,2025-08-20T09:41:26Z,2024,2024-01-01,2024-12-31
7184343,TOBACCO_MPOWER_R_TAXSTRUCTURE,COUNTRY,QAT,EMR,Eastern Mediterranean,YEAR,2024,TOBACCO_INDICATOR,TOBACCO_INDICATOR_R_htp_excise_device,,,,,,,—,,,,,2025-08-20T09:41:26Z,2024,2024-01-01,2024-12-31
7187116,TOBACCO_MPOWER_R_TAXSTRUCTURE,COUNTRY,ETH,AFR,Africa,YEAR,2024,TOBACCO_INDICATOR,TOBACCO_INDICATOR_R_min_price_policy,,,,,,,No,,,,,2025-08-20T09:41:26Z,2024,2024-01-01,2024-12-31
7198633,TOBACCO_MPOWER_R_TAXSTRUCTURE,COUNTRY,SOM,EMR,Eastern Mediterranean,YEAR,2024,TOBACCO_INDICATOR,TOBACCO_INDICATOR_R_excise_uniform_varied,,,,,,,—,,,,,2025-08-20T09:41:26Z,2024,2024-01-01,2024-12-31
7199849,TOBACCO_MPOWER_R_TAXSTRUCTURE,COUNTRY,IND,SEAR,South-East Asia,YEAR,2024,TOBACCO_INDICATOR,TOBACCO_INDICATOR_R_afford_tax_auto_adjust,,,,,,,No,,,,,2025-08-20T09:41:26Z,2024,2024-01-01,2024-12-31
7201017,TOBACCO_MPOWER_R_TAXSTRUCTURE,COUNTRY,CAF,AFR,Africa,YEAR,2024,TOBACCO_INDICATOR,TOBACCO_INDICATOR_R_excise_retail_price_base,,,,,,,No,,,,,2025-08-20T09:41:26Z,2024,2024-01-01,2024-12-31
7204004,TOBACCO_MPOWER_R_TAXSTRUCTURE,COUNTRY,BFA,AFR,Africa,YEAR,2024,TOBACCO_INDICATOR,TOBACCO_INDICATOR_R_excise_retail_price_base,,,,,,,No,,,,,2025-08-20T09:41:26Z,2024,2024-01-01,2024-12-31
7205721,TOBACCO_MPOWER_R_TAXSTRUCTURE,COUNTRY,SVK,EUR,Europe,YEAR,2024,TOBACCO_INDICATOR,TOBACCO_INDICATOR_R_excise_specific_reliance,,,,,,,Yes,,,,,2025-08-20T09:41:26Z,2024,2024-01-01,2024-12-31
7207605,TOBACCO_MPOWER_R_TAXSTRUCTURE,COUNTRY,BEN,AFR,Africa,YEAR,2024,TOBACCO_INDICATOR,TOBACCO_INDICATOR_R_excise_min_specific,,,,,,,No,,,,,2025-08-20T09:41:26Z,2024,2024-01-01,2024-12-31
7218005,TOBACCO_MPOWER_R_TAXSTRUCTURE,COUNTRY,SDN,EMR,Eastern Mediterranean,YEAR,2024,TOBACCO_INDICATOR,TOBACCO_INDICATOR_R_excise_specific_reliance,,,,,,,—,,,,,2025-08-20T09:41:26Z,2024,2024-01-01,2024-12-31
7222381,TOBACCO_MPOWER_R_TAXSTRUCTURE,COUNTRY,STP,AFR,Africa,YEAR,2024,TOBACCO_INDICATOR,TOBACCO_INDICATOR_R_excise_type,,,,,,,Specific,,,,,2025-08-20T09:41:26Z,2024,2024-01-01,2024-12-31
7223754,TOBACCO_MPOWER_R_TAXSTRUCTURE,COUNTRY,PAK,EMR,Eastern Mediterranean,YEAR,2024,TOBACCO_INDICATOR,TOBACCO_INDICATOR_R_afford_price_dispersion,,,,,,,40,40,,,,2025-08-20T09:41:26Z,2024,2024-01-01,2024-12-31
7223970,TOBACCO_MPOWER_R_TAXSTRUCTURE,COUNTRY,WSM,WPR,Western Pacific,YEAR,2024,TOBACCO_INDICATOR,TOBACCO_INDICATOR_R_afford_tax_auto_adjust,,,,,,,No,,,,,2025-08-20T09:41:26Z,2024,2024-01-01,2024-12-31
7229769,TOBACCO_MPOWER_R_TAXSTRUCTURE,COUNTRY,KOR,WPR,Western Pacific,YEAR,2024,TOBACCO_INDICATOR,TOBACCO_INDICATOR_R_htp_excise_device,,,,,,,No,,,,,2025-08-20T09:41:26Z,2024,2024-01-01,2024-12-31
7237353,TOBACCO_MPOWER_R_TAXSTRUCTURE,COUNTRY,CAN,AMR,Americas,YEAR,2024,TOBACCO_INDICATOR,TOBACCO_INDICATOR_R_afford_price_dispersion,,,,,,,86.41,86.41,,,,2025-08-20T09:41:26Z,2024,2024-01-01,2024-12-31
7238725,TOBACCO_MPOWER_R_TAXSTRUCTURE,COUNTRY,PRK,SEAR,South-East Asia,YEAR,2024,TOBACCO_INDICATOR,TOBACCO_INDICATOR_R_afford_price_gap_decreased,,,,,,,. . .,,,,,2025-08-20T09:41:26Z,2024,2024-01-01,2024-12-31
7239525,TOBACCO_MPOWER_R_TAXSTRUCTURE,COUNTRY,MRT,AFR,Africa,YEAR,2024,TOBACCO_INDICATOR,TOBACCO_INDICATOR_R_eliquid_excise_nicotine,,,,,,,. . .,,,,,2025-08-20T09:41:26Z,2024,2024-01-01,2024-12-31
7242567,TOBACCO_MPOWER_R_TAXSTRUCTURE,COUNTRY,LAO,WPR,Western Pacific,YEAR,2024,TOBACCO_INDICATOR,TOBACCO_INDICATOR_R_excise_min_specific,,,,,,,No,,,,,2025-08-20T09:41:26Z,2024,2024-01-01,2024-12-31
7242906,TOBACCO_MPOWER_R_TAXSTRUCTURE,COUNTRY,GRD,AMR,Americas,YEAR,2024,TOBACCO_INDICATOR,TOBACCO_INDICATOR_R_excise_uniform_varied,,,,,,,Yes,,,,,2025-08-20T09:41:26Z,2024,2024-01-01,2024-12-31
7249190,TOBACCO_MPOWER_R_TAXSTRUCTURE,COUNTRY,DMA,AMR,Americas,YEAR,2024,TOBACCO_INDICATOR,TOBACCO_INDICATOR_R_excise_type,,,,,,,Specific,,,,,2025-08-20T09:41:26Z,2024,2024-01-01,2024-12-31
7249572,TOBACCO_MPOWER_R_TAXSTRUCTURE,COUNTRY,MDG,AFR,Africa,YEAR,2024,TOBACCO_INDICATOR,TOBACCO_INDICATOR_R_afford_price_gap_decreased,,,,,,,Yes,,,,,2025-08-20T09:41:26Z,2024,2024-01-01,2024-12-31
7265268,TOBACCO_MPOWER_R_TAXSTRUCTURE,COUNTRY,BHR,EMR,Eastern Mediterranean,YEAR,2024,TOBACCO_INDICATOR,TOBACCO_INDICATOR_R_eliquid_excise_type,,,,,,,Ad valorem,,,,,2025-08-20T09:41:26Z,2024,2024-01-01,2024-12-31
7265711,TOBACCO_MPOWER_R_TAXSTRUCTURE,COUNTRY,CZE,EUR,Europe,YEAR,2024,TOBACCO_INDICATOR,TOBACCO_INDICATOR_R_excise_type,,,,,,,Mixed,,,,,2025-08-20T09:41:26Z,2024,2024-01-01,2024-12-31
7282447,TOBACCO_MPOWER_R_TAXSTRUCTURE,COUNTRY,HRV,EUR,Europe,YEAR,2024,TOBACCO_INDICATOR,TOBACCO_INDICATOR_R_eliquid_excise_nicotine,,,,,,,all e-liquids,,,,A specific tax with value 0 HRK/ml applies to all e-liquids.,2025-08-20T09:41:26Z,2024,2024-01-01,2024-12-31
7288590,TOBACCO_MPOWER_R_TAXSTRUCTURE,COUNTRY,KAZ,EUR,Europe,YEAR,2024,TOBACCO_INDICATOR,TOBACCO_INDICATOR_R_afford_price_gap_decreased,,,,,,,Yes,,,,,2025-08-20T09:41:26Z,2024,2024-01-01,2024-12-31
7292482,TOBACCO_MPOWER_R_TAXSTRUCTURE,COUNTRY,LTU,EUR,Europe,YEAR,2024,TOBACCO_INDICATOR,TOBACCO_INDICATOR_R_excise_type,,,,,,,Mixed,,,,,2025-08-20T09:41:26Z,2024,2024-01-01,2024-12-31
7295280,TOBACCO_MPOWER_R_TAXSTRUCTURE,COUNTRY,BTN,SEAR,South-East Asia,YEAR,2024,TOBACCO_INDICATOR,TOBACCO_INDICATOR_R_min_price_policy,,,,,,,No,,,,,2025-08-20T09:41:26Z,2024,2024-01-01,2024-12-31
7299450,TOBACCO_MPOWER_R_TAXSTRUCTURE,COUNTRY,NER,AFR,Africa,YEAR,2024,TOBACCO_INDICATOR,TOBACCO_INDICATOR_R_htp_excise_type_sticks,,,,,,,. . .,,,,,2025-08-20T09:41:26Z,2024,2024-01-01,2024-12-31
7301275,TOBACCO_MPOWER_R_TAXSTRUCTURE,COUNTRY,QAT,EMR,Eastern Mediterranean,YEAR,2024,TOBACCO_INDICATOR,TOBACCO_INDICATOR_R_eliquid_excise_nicotine,,,,,,,—,,,,,2025-08-20T09:41:26Z,2024,2024-01-01,2024-12-31
7301669,TOBACCO_MPOWER_R_TAXSTRUCTURE,COUNTRY,ISL,EUR,Europe,YEAR,2024,TOBACCO_INDICATOR,TOBACCO_INDICATOR_R_eliquid_excise_nicotine,,,,,,,—,,,,"Collection of excise on nicotine products, e-cigarettes and refills for e-cigarettes (imported as well as produced in Iceland) begins 1 January 2025.",2025-08-20T09:41:26Z,2024,2024-01-01,2024-12-31
7302832,TOBACCO_MPOWER_R_TAXSTRUCTURE,COUNTRY,URY,AMR,Americas,YEAR,2024,TOBACCO_INDICATOR,TOBACCO_INDICATOR_R_htp_excise_device,,,,,,,. . .,,,,,2025-08-20T09:41:26Z,2024,2024-01-01,2024-12-31
7308443,TOBACCO_MPOWER_R_TAXSTRUCTURE,COUNTRY,NIU,WPR,Western Pacific,YEAR,2024,TOBACCO_INDICATOR,TOBACCO_INDICATOR_R_eliquid_excise_nicotine,,,,,,,. . .,,,,,2025-08-20T09:41:26Z,2024,2024-01-01,2024-12-31
7310086,TOBACCO_MPOWER_R_TAXSTRUCTURE,COUNTRY,MOZ,AFR,Africa,YEAR,2024,TOBACCO_INDICATOR,TOBACCO_INDICATOR_R_afford_price_dispersion,,,,,,,. . .,,,,,2025-08-20T09:41:26Z,2024,2024-01-01,2024-12-31
7310670,TOBACCO_MPOWER_R_TAXSTRUCTURE,COUNTRY,CPV,AFR,Africa,YEAR,2024,TOBACCO_INDICATOR,TOBACCO_INDICATOR_R_excise_retail_price_base,,,,,,,No,,,,,2025-08-20T09:41:26Z,2024,2024-01-01,2024-12-31
7313259,TOBACCO_MPOWER_R_TAXSTRUCTURE,COUNTRY,NRU,WPR,Western Pacific,YEAR,2024,TOBACCO_INDICATOR,TOBACCO_INDICATOR_R_excise_min_specific,,,,,,,—,,,,,2025-08-20T09:41:26Z,2024,2024-01-01,2024-12-31
7320858,TOBACCO_MPOWER_R_TAXSTRUCTURE,COUNTRY,ZMB,AFR,Africa,YEAR,2024,TOBACCO_INDICATOR,TOBACCO_INDICATOR_R_min_price_policy,,,,,,,No,,,,,2025-08-20T09:41:26Z,2024,2024-01-01,2024-12-31
7320873,TOBACCO_MPOWER_R_TAXSTRUCTURE,COUNTRY,SLV,AMR,Americas,YEAR,2024,TOBACCO_INDICATOR,TOBACCO_INDICATOR_R_afford_price_dispersion,,,,,,,67.5,67.5,,,,2025-08-20T09:41:26Z,2024,2024-01-01,2024-12-31
7322029,TOBACCO_MPOWER_R_TAXSTRUCTURE,COUNTRY,BOL,AMR,Americas,YEAR,2024,TOBACCO_INDICATOR,TOBACCO_INDICATOR_R_excise_retail_price_base,,,,,,,—,,,,,2025-08-20T09:41:26Z,2024,2024-01-01,2024-12-31
7323357,TOBACCO_MPOWER_R_TAXSTRUCTURE,COUNTRY,PHL,WPR,Western Pacific,YEAR,2024,TOBACCO_INDICATOR,TOBACCO_INDICATOR_R_excise_retail_price_base,,,,,,,—,,,,,2025-08-20T09:41:26Z,2024,2024-01-01,2024-12-31
7323654,TOBACCO_MPOWER_R_TAXSTRUCTURE,COUNTRY,CRI,AMR,Americas,YEAR,2024,TOBACCO_INDICATOR,TOBACCO_INDICATOR_R_excise_specific_reliance,,,,,,,Yes,,,,,2025-08-20T09:41:26Z,2024,2024-01-01,2024-12-31
7325878,TOBACCO_MPOWER_R_TAXSTRUCTURE,COUNTRY,NOR,EUR,Europe,YEAR,2024,TOBACCO_INDICATOR,TOBACCO_INDICATOR_R_htp_excise_type_sticks,,,,,,,—,,,,,2025-08-20T09:41:26Z,2024,2024-01-01,2024-12-31
7327486,TOBACCO_MPOWER_R_TAXSTRUCTURE,COUNTRY,GIN,AFR,Africa,YEAR,2024,TOBACCO_INDICATOR,TOBACCO_INDICATOR_R_excise_uniform_varied,,,,,,,Yes,,,,,2025-08-20T09:41:26Z,2024,2024-01-01,2024-12-31
7330834,TOBACCO_MPOWER_R_TAXSTRUCTURE,COUNTRY,ZAF,AFR,Africa,YEAR,2024,TOBACCO_INDICATOR,TOBACCO_INDICATOR_R_excise_type,,,,,,,Specific,,,,,2025-08-20T09:41:26Z,2024,2024-01-01,2024-12-31
7331034,TOBACCO_MPOWER_R_TAXSTRUCTURE,COUNTRY,NIU,WPR,Western Pacific,YEAR,2024,TOBACCO_INDICATOR,TOBACCO_INDICATOR_R_afford_price_gap_decreased,,,,,,,. . .,,,,,2025-08-20T09:41:26Z,2024,2024-01-01,2024-12-31
7331500,TOBACCO_MPOWER_R_TAXSTRUCTURE,COUNTRY,NAM,AFR,Africa,YEAR,2024,TOBACCO_INDICATOR,TOBACCO_INDICATOR_R_excise_min_specific,,,,,,,—,,,,,2025-08-20T09:41:26Z,2024,2024-01-01,2024-12-31
7333178,TOBACCO_MPOWER_R_TAXSTRUCTURE,COUNTRY,ISL,EUR,Europe,YEAR,2024,TOBACCO_INDICATOR,TOBACCO_INDICATOR_R_afford_price_dispersion,,,,,,,90.34,90.34,,,,2025-08-20T09:41:26Z,2024,2024-01-01,2024-12-31
7337543,TOBACCO_MPOWER_R_TAXSTRUCTURE,COUNTRY,FIN,EUR,Europe,YEAR,2024,TOBACCO_INDICATOR,TOBACCO_INDICATOR_R_eliquid_excise_device,,,,,,,. . .,,,,,2025-08-20T09:41:26Z,2024,2024-01-01,2024-12-31
7341602,TOBACCO_MPOWER_R_TAXSTRUCTURE,COUNTRY,BRN,WPR,Western Pacific,YEAR,2024,TOBACCO_INDICATOR,TOBACCO_INDICATOR_R_eliquid_excise_device,,,,,,,Yes,,,,,2025-08-20T09:41:26Z,2024,2024-01-01,2024-12-31
7344811,TOBACCO_MPOWER_R_TAXSTRUCTURE,COUNTRY,SLE,AFR,Africa,YEAR,2024,TOBACCO_INDICATOR,TOBACCO_INDICATOR_R_afford_price_gap_decreased,,,,,,,. . .,,,,,2025-08-20T09:41:26Z,2024,2024-01-01,2024-12-31
7355092,TOBACCO_MPOWER_R_TAXSTRUCTURE,COUNTRY,SLE,AFR,Africa,YEAR,2024,TOBACCO_INDICATOR,TOBACCO_INDICATOR_R_excise_specific_reliance,,,,,,,—,,,,,2025-08-20T09:41:26Z,2024,2024-01-01,2024-12-31
7361096,TOBACCO_MPOWER_R_TAXSTRUCTURE,COUNTRY,KEN,AFR,Africa,YEAR,2024,TOBACCO_INDICATOR,TOBACCO_INDICATOR_R_htp_excise_device,,,,,,,No,,,,,2025-08-20T09:41:26Z,2024,2024-01-01,2024-12-31
7370613,TOBACCO_MPOWER_R_TAXSTRUCTURE,COUNTRY,KOR,WPR,Western Pacific,YEAR,2024,TOBACCO_INDICATOR,TOBACCO_INDICATOR_R_excise_retail_price_base,,,,,,,—,,,,,2025-08-20T09:41:26Z,2024,2024-01-01,2024-12-31
7371902,TOBACCO_MPOWER_R_TAXSTRUCTURE,COUNTRY,ZMB,AFR,Africa,YEAR,2024,TOBACCO_INDICATOR,TOBACCO_INDICATOR_R_eliquid_excise_device,,,,,,,. . .,,,,,2025-08-20T09:41:26Z,2024,2024-01-01,2024-12-31
7372233,TOBACCO_MPOWER_R_TAXSTRUCTURE,COUNTRY,CPV,AFR,Africa,YEAR,2024,TOBACCO_INDICATOR,TOBACCO_INDICATOR_R_eliquid_excise_nicotine,,,,,,,. . .,,,,,2025-08-20T09:41:26Z,2024,2024-01-01,2024-12-31
7375834,TOBACCO_MPOWER_R_TAXSTRUCTURE,COUNTRY,BHR,EMR,Eastern Mediterranean,YEAR,2024,TOBACCO_INDICATOR,TOBACCO_INDICATOR_R_excise_uniform_varied,,,,,,,Yes,,,,,2025-08-20T09:41:26Z,2024,2024-01-01,2024-12-31
7388465,TOBACCO_MPOWER_R_TAXSTRUCTURE,COUNTRY,CMR,AFR,Africa,YEAR,2024,TOBACCO_INDICATOR,TOBACCO_INDICATOR_R_eliquid_excise_nicotine,,,,,,,. . .,,,,,2025-08-20T09:41:26Z,2024,2024-01-01,2024-12-31
7405248,TOBACCO_MPOWER_R_TAXSTRUCTURE,COUNTRY,DJI,EMR,Eastern Mediterranean,YEAR,2024,TOBACCO_INDICATOR,TOBACCO_INDICATOR_R_eliquid_excise_type,,,,,,,. . .,,,,,2025-08-20T09:41:26Z,2024,2024-01-01,2024-12-31
7414676,TOBACCO_MPOWER_R_TAXSTRUCTURE,COUNTRY,DZA,AFR,Africa,YEAR,2024,TOBACCO_INDICATOR,TOBACCO_INDICATOR_R_excise_retail_price_base,,,,,,,No,,,,,2025-08-20T09:41:26Z,2024,2024-01-01,2024-12-31
7420099,TOBACCO_MPOWER_R_TAXSTRUCTURE,COUNTRY,ESP,EUR,Europe,YEAR,2024,TOBACCO_INDICATOR,TOBACCO_INDICATOR_R_eliquid_excise_nicotine,,,,,,,—,,,,,2025-08-20T09:41:26Z,2024,2024-01-01,2024-12-31
7428155,TOBACCO_MPOWER_R_TAXSTRUCTURE,COUNTRY,MCO,EUR,Europe,YEAR,2024,TOBACCO_INDICATOR,TOBACCO_INDICATOR_R_excise_uniform_varied,,,,,,,—,,,,,2025-08-20T09:41:26Z,2024,2024-01-01,2024-12-31
7428742,TOBACCO_MPOWER_R_TAXSTRUCTURE,COUNTRY,LKA,SEAR,South-East Asia,YEAR,2024,TOBACCO_INDICATOR,TOBACCO_INDICATOR_R_excise_specific_reliance,,,,,,,—,,,,,2025-08-20T09:41:26Z,2024,2024-01-01,2024-12-31
7436839,TOBACCO_MPOWER_R_TAXSTRUCTURE,COUNTRY,FJI,WPR,Western Pacific,YEAR,2024,TOBACCO_INDICATOR,TOBACCO_INDICATOR_R_eliquid_excise_nicotine,,,,,,,. . .,,,,,2025-08-20T09:41:26Z,2024,2024-01-01,2024-12-31
7440364,TOBACCO_MPOWER_R_TAXSTRUCTURE,COUNTRY,NRU,WPR,Western Pacific,YEAR,2024,TOBACCO_INDICATOR,TOBACCO_INDICATOR_R_excise_type,,,,,,,No excise,,,,,2025-08-20T09:41:26Z,2024,2024-01-01,2024-12-31
7442280,TOBACCO_MPOWER_R_TAXSTRUCTURE,COUNTRY,DZA,AFR,Africa,YEAR,2024,TOBACCO_INDICATOR,TOBACCO_INDICATOR_R_eliquid_excise_nicotine,,,,,,,. . .,,,,,2025-08-20T09:41:26Z,2024,2024-01-01,2024-12-31
7443179,TOBACCO_MPOWER_R_TAXSTRUCTURE,COUNTRY,DZA,AFR,Africa,YEAR,2024,TOBACCO_INDICATOR,TOBACCO_INDICATOR_R_eliquid_excise_device,,,,,,,. . .,,,,,2025-08-20T09:41:26Z,2024,2024-01-01,2024-12-31
7443209,TOBACCO_MPOWER_R_TAXSTRUCTURE,COUNTRY,MLT,EUR,Europe,YEAR,2024,TOBACCO_INDICATOR,TOBACCO_INDICATOR_R_min_price_policy,,,,,,,No,,,,,2025-08-20T09:41:26Z,2024,2024-01-01,2024-12-31
7444460,TOBACCO_MPOWER_R_TAXSTRUCTURE,COUNTRY,RWA,AFR,Africa,YEAR,2024,TOBACCO_INDICATOR,TOBACCO_INDICATOR_R_eliquid_excise_device,,,,,,,. . .,,,,,2025-08-20T09:41:26Z,2024,2024-01-01,2024-12-31
7452340,TOBACCO_MPOWER_R_TAXSTRUCTURE,COUNTRY,BFA,AFR,Africa,YEAR,2024,TOBACCO_INDICATOR,TOBACCO_INDICATOR_R_afford_tax_auto_adjust,,,,,,,—,,,,,2025-08-20T09:41:26Z,2024,2024-01-01,2024-12-31
7452720,TOBACCO_MPOWER_R_TAXSTRUCTURE,COUNTRY,JOR,EMR,Eastern Mediterranean,YEAR,2024,TOBACCO_INDICATOR,TOBACCO_INDICATOR_R_afford_price_gap_decreased,,,,,,,No,,,,,2025-08-20T09:41:26Z,2024,2024-01-01,2024-12-31
7456165,TOBACCO_MPOWER_R_TAXSTRUCTURE,COUNTRY,MYS,WPR,Western Pacific,YEAR,2024,TOBACCO_INDICATOR,TOBACCO_INDICATOR_R_afford_price_dispersion,,,,,,,67.8,67.8,,,,2025-08-20T09:41:26Z,2024,2024-01-01,2024-12-31
7459353,TOBACCO_MPOWER_R_TAXSTRUCTURE,COUNTRY,SVK,EUR,Europe,YEAR,2024,TOBACCO_INDICATOR,TOBACCO_INDICATOR_R_afford_price_dispersion,,,,,,,89.47,89.47,,,,2025-08-20T09:41:26Z,2024,2024-01-01,2024-12-31
7462053,TOBACCO_MPOWER_R_TAXSTRUCTURE,COUNTRY,GUY,AMR,Americas,YEAR,2024,TOBACCO_INDICATOR,TOBACCO_INDICATOR_R_eliquid_excise_nicotine,,,,,,,. . .,,,,,2025-08-20T09:41:26Z,2024,2024-01-01,2024-12-31
7463896,TOBACCO_MPOWER_R_TAXSTRUCTURE,COUNTRY,MDV,SEAR,South-East Asia,YEAR,2024,TOBACCO_INDICATOR,TOBACCO_INDICATOR_R_htp_excise_device,,,,,,,—,,,,,2025-08-20T09:41:26Z,2024,2024-01-01,2024-12-31
7470833,TOBACCO_MPOWER_R_TAXSTRUCTURE,COUNTRY,BRN,WPR,Western Pacific,YEAR,2024,TOBACCO_INDICATOR,TOBACCO_INDICATOR_R_afford_tax_auto_adjust,,,,,,,No,,,,,2025-08-20T09:41:26Z,2024,2024-01-01,2024-12-31
7474117,TOBACCO_MPOWER_R_TAXSTRUCTURE,COUNTRY,BDI,AFR,Africa,YEAR,2024,TOBACCO_INDICATOR,TOBACCO_INDICATOR_R_eliquid_excise_nicotine,,,,,,,. . .,,,,,2025-08-20T09:41:26Z,2024,2024-01-01,2024-12-31
7476814,TOBACCO_MPOWER_R_TAXSTRUCTURE,COUNTRY,BRB,AMR,Americas,YEAR,2024,TOBACCO_INDICATOR,TOBACCO_INDICATOR_R_eliquid_excise_nicotine,,,,,,,. . .,,,,,2025-08-20T09:41:26Z,2024,2024-01-01,2024-12-31
7480386,TOBACCO_MPOWER_R_TAXSTRUCTURE,COUNTRY,PRT,EUR,Europe,YEAR,2024,TOBACCO_INDICATOR,TOBACCO_INDICATOR_R_min_price_policy,,,,,,,No,,,,,2025-08-20T09:41:26Z,2024,2024-01-01,2024-12-31
7485474,TOBACCO_MPOWER_R_TAXSTRUCTURE,COUNTRY,BRN,WPR,Western Pacific,YEAR,2024,TOBACCO_INDICATOR,TOBACCO_INDICATOR_R_excise_type,,,,,,,Specific,,,,,2025-08-20T09:41:26Z,2024,2024-01-01,2024-12-31
7490731,TOBACCO_MPOWER_R_TAXSTRUCTURE,COUNTRY,LTU,EUR,Europe,YEAR,2024,TOBACCO_INDICATOR,TOBACCO_INDICATOR_R_eliquid_excise_type,,,,,,,Specific,,,,,2025-08-20T09:41:26Z,2024,2024-01-01,2024-12-31
7497153,TOBACCO_MPOWER_R_TAXSTRUCTURE,COUNTRY,PNG,WPR,Western Pacific,YEAR,2024,TOBACCO_INDICATOR,TOBACCO_INDICATOR_R_excise_type,,,,,,,Specific,,,,,2025-08-20T09:41:26Z,2024,2024-01-01,2024-12-31
7497339,TOBACCO_MPOWER_R_TAXSTRUCTURE,COUNTRY,HUN,EUR,Europe,YEAR,2024,TOBACCO_INDICATOR,TOBACCO_INDICATOR_R_eliquid_excise_device,,,,,,,. . .,,,,,2025-08-20T09:41:26Z,2024,2024-01-01,2024-12-31
7497885,TOBACCO_MPOWER_R_TAXSTRUCTURE,COUNTRY,FJI,WPR,Western Pacific,YEAR,2024,TOBACCO_INDICATOR,TOBACCO_INDICATOR_R_afford_price_gap_decreased,,,,,,,. . .,,,,,2025-08-20T09:41:26Z,2024,2024-01-01,2024-12-31
7498047,TOBACCO_MPOWER_R_TAXSTRUCTURE,COUNTRY,COM,AFR,Africa,YEAR,2024,TOBACCO_INDICATOR,TOBACCO_INDICATOR_R_excise_uniform_varied,,,,,,,Yes,,,,,2025-08-20T09:41:26Z,2024,2024-01-01,2024-12-31
7505862,TOBACCO_MPOWER_R_TAXSTRUCTURE,COUNTRY,ISR,EUR,Europe,YEAR,2024,TOBACCO_INDICATOR,TOBACCO_INDICATOR_R_htp_excise_device,,,,,,,No,,,,,2025-08-20T09:41:26Z,2024,2024-01-01,2024-12-31
7506808,TOBACCO_MPOWER_R_TAXSTRUCTURE,COUNTRY,BEL,EUR,Europe,YEAR,2024,TOBACCO_INDICATOR,TOBACCO_INDICATOR_R_excise_specific_reliance,,,,,,,No,,,,,2025-08-20T09:41:26Z,2024,2024-01-01,2024-12-31
7506908,TOBACCO_MPOWER_R_TAXSTRUCTURE,COUNTRY,BWA,AFR,Africa,YEAR,2024,TOBACCO_INDICATOR,TOBACCO_INDICATOR_R_excise_min_specific,,,,,,,—,,,,,2025-08-20T09:41:26Z,2024,2024-01-01,2024-12-31
7511647,TOBACCO_MPOWER_R_TAXSTRUCTURE,COUNTRY,GAB,AFR,Africa,YEAR,2024,TOBACCO_INDICATOR,TOBACCO_INDICATOR_R_htp_excise_type_sticks,,,,,,,. . .,,,,,2025-08-20T09:41:26Z,2024,2024-01-01,2024-12-31
7515435,TOBACCO_MPOWER_R_TAXSTRUCTURE,COUNTRY,THA,SEAR,South-East Asia,YEAR,2024,TOBACCO_INDICATOR,TOBACCO_INDICATOR_R_eliquid_excise_nicotine,,,,,,,—,,,,,2025-08-20T09:41:26Z,2024,2024-01-01,2024-12-31
7515949,TOBACCO_MPOWER_R_TAXSTRUCTURE,COUNTRY,ROU,EUR,Europe,YEAR,2024,TOBACCO_INDICATOR,TOBACCO_INDICATOR_R_excise_uniform_varied,,,,,,,Yes,,,,,2025-08-20T09:41:26Z,2024,2024-01-01,2024-12-31
7519704,TOBACCO_MPOWER_R_TAXSTRUCTURE,COUNTRY,IRN,EMR,Eastern Mediterranean,YEAR,2024,TOBACCO_INDICATOR,TOBACCO_INDICATOR_R_htp_excise_type_sticks,,,,,,,—,,,,,2025-08-20T09:41:26Z,2024,2024-01-01,2024-12-31
7527642,TOBACCO_MPOWER_R_TAXSTRUCTURE,COUNTRY,NRU,WPR,Western Pacific,YEAR,2024,TOBACCO_INDICATOR,TOBACCO_INDICATOR_R_htp_excise_device,,,,,,,—,,,,,2025-08-20T09:41:26Z,2024,2024-01-01,2024-12-31
7530370,TOBACCO_MPOWER_R_TAXSTRUCTURE,COUNTRY,KWT,EMR,Eastern Mediterranean,YEAR,2024,TOBACCO_INDICATOR,TOBACCO_INDICATOR_R_min_price_policy,,,,,,,No,,,,,2025-08-20T09:41:26Z,2024,2024-01-01,2024-12-31
7530471,TOBACCO_MPOWER_R_TAXSTRUCTURE,COUNTRY,FIN,EUR,Europe,YEAR,2024,TOBACCO_INDICATOR,TOBACCO_INDICATOR_R_excise_retail_price_base,,,,,,,Yes,,,,,2025-08-20T09:41:26Z,2024,2024-01-01,2024-12-31
7530772,TOBACCO_MPOWER_R_TAXSTRUCTURE,COUNTRY,LBY,EMR,Eastern Mediterranean,YEAR,2024,TOBACCO_INDICATOR,TOBACCO_INDICATOR_R_htp_excise_device,,,,,,,. . .,,,,,2025-08-20T09:41:26Z,2024,2024-01-01,2024-12-31
7532000,TOBACCO_MPOWER_R_TAXSTRUCTURE,COUNTRY,CZE,EUR,Europe,YEAR,2024,TOBACCO_INDICATOR,TOBACCO_INDICATOR_R_afford_tax_auto_adjust,,,,,,,No,,,,,2025-08-20T09:41:26Z,2024,2024-01-01,2024-12-31
7541083,TOBACCO_MPOWER_R_TAXSTRUCTURE,COUNTRY,COG,AFR,Africa,YEAR,2024,TOBACCO_INDICATOR,TOBACCO_INDICATOR_R_excise_type,,,,,,,Mixed,,,,,2025-08-20T09:41:26Z,2024,2024-01-01,2024-12-31
7542017,TOBACCO_MPOWER_R_TAXSTRUCTURE,COUNTRY,TKM,EUR,Europe,YEAR,2024,TOBACCO_INDICATOR,TOBACCO_INDICATOR_R_afford_price_dispersion,,,,,,,100,100,,,,2025-08-20T09:41:26Z,2024,2024-01-01,2024-12-31
7547169,TOBACCO_MPOWER_R_TAXSTRUCTURE,COUNTRY,FJI,WPR,Western Pacific,YEAR,2024,TOBACCO_INDICATOR,TOBACCO_INDICATOR_R_excise_type,,,,,,,Specific,,,,,2025-08-20T09:41:26Z,2024,2024-01-01,2024-12-31
7555366,TOBACCO_MPOWER_R_TAXSTRUCTURE,COUNTRY,MCO,EUR,Europe,YEAR,2024,TOBACCO_INDICATOR,TOBACCO_INDICATOR_R_min_price_policy,,,,,,,Yes,,,,,2025-08-20T09:41:26Z,2024,2024-01-01,2024-12-31
7559232,TOBACCO_MPOWER_R_TAXSTRUCTURE,COUNTRY,SDN,EMR,Eastern Mediterranean,YEAR,2024,TOBACCO_INDICATOR,TOBACCO_INDICATOR_R_afford_tax_auto_adjust,,,,,,,—,,,,,2025-08-20T09:41:26Z,2024,2024-01-01,2024-12-31
7560964,TOBACCO_MPOWER_R_TAXSTRUCTURE,COUNTRY,MOZ,AFR,Africa,YEAR,2024,TOBACCO_INDICATOR,TOBACCO_INDICATOR_R_htp_excise_device,,,,,,,. . .,,,,,2025-08-20T09:41:26Z,2024,2024-01-01,2024-12-31
7561512,TOBACCO_MPOWER_R_TAXSTRUCTURE,COUNTRY,GEO,EUR,Europe,YEAR,2024,TOBACCO_INDICATOR,TOBACCO_INDICATOR_R_eliquid_excise_type,,,,,,,Specific,,,,,2025-08-20T09:41:26Z,2024,2024-01-01,2024-12-31
7562225,TOBACCO_MPOWER_R_TAXSTRUCTURE,COUNTRY,BDI,AFR,Africa,YEAR,2024,TOBACCO_INDICATOR,TOBACCO_INDICATOR_R_min_price_policy,,,,,,,Yes,,,,,2025-08-20T09:41:26Z,2024,2024-01-01,2024-12-31
7568936,TOBACCO_MPOWER_R_TAXSTRUCTURE,COUNTRY,MDA,EUR,Europe,YEAR,2024,TOBACCO_INDICATOR,TOBACCO_INDICATOR_R_excise_type,,,,,,,Mixed,,,,,2025-08-20T09:41:26Z,2024,2024-01-01,2024-12-31
7577156,TOBACCO_MPOWER_R_TAXSTRUCTURE,COUNTRY,OMN,EMR,Eastern Mediterranean,YEAR,2024,TOBACCO_INDICATOR,TOBACCO_INDICATOR_R_afford_price_gap_decreased,,,,,,,Yes,,,,,2025-08-20T09:41:26Z,2024,2024-01-01,2024-12-31
7582567,TOBACCO_MPOWER_R_TAXSTRUCTURE,COUNTRY,BEL,EUR,Europe,YEAR,2024,TOBACCO_INDICATOR,TOBACCO_INDICATOR_R_afford_price_gap_decreased,,,,,,,No,,,,,2025-08-20T09:41:26Z,2024,2024-01-01,2024-12-31
7583044,TOBACCO_MPOWER_R_TAXSTRUCTURE,COUNTRY,KOR,WPR,Western Pacific,YEAR,2024,TOBACCO_INDICATOR,TOBACCO_INDICATOR_R_htp_excise_type_sticks,,,,,,,Specific,,,,,2025-08-20T09:41:26Z,2024,2024-01-01,2024-12-31
7583181,TOBACCO_MPOWER_R_TAXSTRUCTURE,COUNTRY,ERI,AFR,Africa,YEAR,2024,TOBACCO_INDICATOR,TOBACCO_INDICATOR_R_excise_type,,,,,,,Ad valorem,,,,,2025-08-20T09:41:26Z,2024,2024-01-01,2024-12-31
7594196,TOBACCO_MPOWER_R_TAXSTRUCTURE,COUNTRY,FSM,WPR,Western Pacific,YEAR,2024,TOBACCO_INDICATOR,TOBACCO_INDICATOR_R_min_price_policy,,,,,,,—,,,,,2025-08-20T09:41:26Z,2024,2024-01-01,2024-12-31
7597456,TOBACCO_MPOWER_R_TAXSTRUCTURE,COUNTRY,MKD,EUR,Europe,YEAR,2024,TOBACCO_INDICATOR,TOBACCO_INDICATOR_R_eliquid_excise_device,,,,,,,No,,,,,2025-08-20T09:41:26Z,2024,2024-01-01,2024-12-31
7597536,TOBACCO_MPOWER_R_TAXSTRUCTURE,COUNTRY,SVK,EUR,Europe,YEAR,2024,TOBACCO_INDICATOR,TOBACCO_INDICATOR_R_eliquid_excise_nicotine,,,,,,,—,,,,,2025-08-20T09:41:26Z,2024,2024-01-01,2024-12-31
7598243,TOBACCO_MPOWER_R_TAXSTRUCTURE,COUNTRY,BLR,EUR,Europe,YEAR,2024,TOBACCO_INDICATOR,TOBACCO_INDICATOR_R_excise_type,,,,,,,Specific,,,,,2025-08-20T09:41:26Z,2024,2024-01-01,2024-12-31
7600269,TOBACCO_MPOWER_R_TAXSTRUCTURE,COUNTRY,CIV,AFR,Africa,YEAR,2024,TOBACCO_INDICATOR,TOBACCO_INDICATOR_R_afford_price_dispersion,,,,,,,100,100,,,,2025-08-20T09:41:26Z,2024,2024-01-01,2024-12-31
7605364,TOBACCO_MPOWER_R_TAXSTRUCTURE,COUNTRY,PNG,WPR,Western Pacific,YEAR,2024,TOBACCO_INDICATOR,TOBACCO_INDICATOR_R_htp_excise_type_sticks,,,,,,,. . .,,,,,2025-08-20T09:41:26Z,2024,2024-01-01,2024-12-31
7606509,TOBACCO_MPOWER_R_TAXSTRUCTURE,COUNTRY,KAZ,EUR,Europe,YEAR,2024,TOBACCO_INDICATOR,TOBACCO_INDICATOR_R_excise_type,,,,,,,Specific,,,,,2025-08-20T09:41:26Z,2024,2024-01-01,2024-12-31
7608188,TOBACCO_MPOWER_R_TAXSTRUCTURE,COUNTRY,SYR,EMR,Eastern Mediterranean,YEAR,2024,TOBACCO_INDICATOR,TOBACCO_INDICATOR_R_excise_type,,,,,,,Ad valorem,,,,,2025-08-20T09:41:26Z,2024,2024-01-01,2024-12-31
7608856,TOBACCO_MPOWER_R_TAXSTRUCTURE,COUNTRY,AUS,WPR,Western Pacific,YEAR,2024,TOBACCO_INDICATOR,TOBACCO_INDICATOR_R_htp_excise_device,,,,,,,—,,,,,2025-08-20T09:41:26Z,2024,2024-01-01,2024-12-31
7610108,TOBACCO_MPOWER_R_TAXSTRUCTURE,COUNTRY,LVA,EUR,Europe,YEAR,2024,TOBACCO_INDICATOR,TOBACCO_INDICATOR_R_eliquid_excise_device,,,,,,,. . .,,,,,2025-08-20T09:41:26Z,2024,2024-01-01,2024-12-31
7614100,TOBACCO_MPOWER_R_TAXSTRUCTURE,COUNTRY,MLT,EUR,Europe,YEAR,2024,TOBACCO_INDICATOR,TOBACCO_INDICATOR_R_eliquid_excise_device,,,,,,,—,,,,,2025-08-20T09:41:26Z,2024,2024-01-01,2024-12-31
7617041,TOBACCO_MPOWER_R_TAXSTRUCTURE,COUNTRY,NIC,AMR,Americas,YEAR,2024,TOBACCO_INDICATOR,TOBACCO_INDICATOR_R_htp_excise_type_sticks,,,,,,,. . .,,,,,2025-08-20T09:41:26Z,2024,2024-01-01,2024-12-31
7618299,TOBACCO_MPOWER_R_TAXSTRUCTURE,COUNTRY,GEO,EUR,Europe,YEAR,2024,TOBACCO_INDICATOR,TOBACCO_INDICATOR_R_afford_price_dispersion,,,,,,,62.5,62.5,,,,2025-08-20T09:41:26Z,2024,2024-01-01,2024-12-31
7622048,TOBACCO_MPOWER_R_TAXSTRUCTURE,COUNTRY,COK,WPR,Western Pacific,YEAR,2024,TOBACCO_INDICATOR,TOBACCO_INDICATOR_R_afford_tax_auto_adjust,,,,,,,No,,,,,2025-08-20T09:41:26Z,2024,2024-01-01,2024-12-31
7623001,TOBACCO_MPOWER_R_TAXSTRUCTURE,COUNTRY,GRD,AMR,Americas,YEAR,2024,TOBACCO_INDICATOR,TOBACCO_INDICATOR_R_htp_excise_device,,,,,,,. . .,,,,,2025-08-20T09:41:26Z,2024,2024-01-01,2024-12-31
7623520,TOBACCO_MPOWER_R_TAXSTRUCTURE,COUNTRY,EST,EUR,Europe,YEAR,2024,TOBACCO_INDICATOR,TOBACCO_INDICATOR_R_excise_uniform_varied,,,,,,,Yes,,,,,2025-08-20T09:41:26Z,2024,2024-01-01,2024-12-31
7623608,TOBACCO_MPOWER_R_TAXSTRUCTURE,COUNTRY,PSE,EMR,Eastern Mediterranean,YEAR,2024,TOBACCO_INDICATOR,TOBACCO_INDICATOR_R_eliquid_excise_nicotine,,,,,,,—,,,,,2025-08-20T09:41:26Z,2024,2024-01-01,2024-12-31
7628133,TOBACCO_MPOWER_R_TAXSTRUCTURE,COUNTRY,ETH,AFR,Africa,YEAR,2024,TOBACCO_INDICATOR,TOBACCO_INDICATOR_R_htp_excise_type_sticks,,,,,,,—,,,,,2025-08-20T09:41:26Z,2024,2024-01-01,2024-12-31
7629459,TOBACCO_MPOWER_R_TAXSTRUCTURE,COUNTRY,PHL,WPR,Western Pacific,YEAR,2024,TOBACCO_INDICATOR,TOBACCO_INDICATOR_R_excise_specific_reliance,,,,,,,—,,,,,2025-08-20T09:41:26Z,2024,2024-01-01,2024-12-31
7634851,TOBACCO_MPOWER_R_TAXSTRUCTURE,COUNTRY,TZA,AFR,Africa,YEAR,2024,TOBACCO_INDICATOR,TOBACCO_INDICATOR_R_htp_excise_type_sticks,,,,,,,. . .,,,,,2025-08-20T09:41:26Z,2024,2024-01-01,2024-12-31
7635176,TOBACCO_MPOWER_R_TAXSTRUCTURE,COUNTRY,THA,SEAR,South-East Asia,YEAR,2024,TOBACCO_INDICATOR,TOBACCO_INDICATOR_R_excise_specific_reliance,,,,,,,Yes,,,,,2025-08-20T09:41:26Z,2024,2024-01-01,2024-12-31
7644621,TOBACCO_MPOWER_R_TAXSTRUCTURE,COUNTRY,CZE,EUR,Europe,YEAR,2024,TOBACCO_INDICATOR,TOBACCO_INDICATOR_R_eliquid_excise_device,,,,,,,. . .,,,,,2025-08-20T09:41:26Z,2024,2024-01-01,2024-12-31
7650970,TOBACCO_MPOWER_R_TAXSTRUCTURE,COUNTRY,TTO,AMR,Americas,YEAR,2024,TOBACCO_INDICATOR,TOBACCO_INDICATOR_R_excise_type,,,,,,,Specific,,,,,2025-08-20T09:41:26Z,2024,2024-01-01,2024-12-31
7655689,TOBACCO_MPOWER_R_TAXSTRUCTURE,COUNTRY,BFA,AFR,Africa,YEAR,2024,TOBACCO_INDICATOR,TOBACCO_INDICATOR_R_htp_excise_device,,,,,,,. . .,,,,,2025-08-20T09:41:26Z,2024,2024-01-01,2024-12-31
7656697,TOBACCO_MPOWER_R_TAXSTRUCTURE,COUNTRY,KNA,AMR,Americas,YEAR,2024,TOBACCO_INDICATOR,TOBACCO_INDICATOR_R_htp_excise_device,,,,,,,. . .,,,,,2025-08-20T09:41:26Z,2024,2024-01-01,2024-12-31
7657734,TOBACCO_MPOWER_R_TAXSTRUCTURE,COUNTRY,PLW,WPR,Western Pacific,YEAR,2024,TOBACCO_INDICATOR,TOBACCO_INDICATOR_R_htp_excise_type_sticks,,,,,,,. . .,,,,,2025-08-20T09:41:26Z,2024,2024-01-01,2024-12-31
7665244,TOBACCO_MPOWER_R_TAXSTRUCTURE,COUNTRY,BGR,EUR,Europe,YEAR,2024,TOBACCO_INDICATOR,TOBACCO_INDICATOR_R_excise_min_specific,,,,,,,Yes,,,,,2025-08-20T09:41:26Z,2024,2024-01-01,2024-12-31
7666257,TOBACCO_MPOWER_R_TAXSTRUCTURE,COUNTRY,NOR,EUR,Europe,YEAR,2024,TOBACCO_INDICATOR,TOBACCO_INDICATOR_R_afford_price_dispersion,,,,,,,70.26,70.26,,,,2025-08-20T09:41:26Z,2024,2024-01-01,2024-12-31
7666415,TOBACCO_MPOWER_R_TAXSTRUCTURE,COUNTRY,CAF,AFR,Africa,YEAR,2024,TOBACCO_INDICATOR,TOBACCO_INDICATOR_R_excise_type,,,,,,,Mixed,,,,,2025-08-20T09:41:26Z,2024,2024-01-01,2024-12-31
7668428,TOBACCO_MPOWER_R_TAXSTRUCTURE,COUNTRY,TGO,AFR,Africa,YEAR,2024,TOBACCO_INDICATOR,TOBACCO_INDICATOR_R_excise_min_specific,,,,,,,No,,,,,2025-08-20T09:41:26Z,2024,2024-01-01,2024-12-31
7676161,TOBACCO_MPOWER_R_TAXSTRUCTURE,COUNTRY,NGA,AFR,Africa,YEAR,2024,TOBACCO_INDICATOR,TOBACCO_INDICATOR_R_excise_type,,,,,,,Mixed,,,,,2025-08-20T09:41:26Z,2024,2024-01-01,2024-12-31
7677482,TOBACCO_MPOWER_R_TAXSTRUCTURE,COUNTRY,GUY,AMR,Americas,YEAR,2024,TOBACCO_INDICATOR,TOBACCO_INDICATOR_R_excise_retail_price_base,,,,,,,—,,,,,2025-08-20T09:41:26Z,2024,2024-01-01,2024-12-31
7678360,TOBACCO_MPOWER_R_TAXSTRUCTURE,COUNTRY,CYP,EUR,Europe,YEAR,2024,TOBACCO_INDICATOR,TOBACCO_INDICATOR_R_excise_type,,,,,,,Mixed,,,,,2025-08-20T09:41:26Z,2024,2024-01-01,2024-12-31
7683768,TOBACCO_MPOWER_R_TAXSTRUCTURE,COUNTRY,CHL,AMR,Americas,YEAR,2024,TOBACCO_INDICATOR,TOBACCO_INDICATOR_R_excise_type,,,,,,,Mixed,,,,,2025-08-20T09:41:26Z,2024,2024-01-01,2024-12-31
7685474,TOBACCO_MPOWER_R_TAXSTRUCTURE,COUNTRY,KHM,WPR,Western Pacific,YEAR,2024,TOBACCO_INDICATOR,TOBACCO_INDICATOR_R_excise_retail_price_base,,,,,,,No,,,,,2025-08-20T09:41:26Z,2024,2024-01-01,2024-12-31
7691213,TOBACCO_MPOWER_R_TAXSTRUCTURE,COUNTRY,ARG,AMR,Americas,YEAR,2024,TOBACCO_INDICATOR,TOBACCO_INDICATOR_R_min_price_policy,,,,,,,No,,,,,2025-08-20T09:41:26Z,2024,2024-01-01,2024-12-31
7692709,TOBACCO_MPOWER_R_TAXSTRUCTURE,COUNTRY,DOM,AMR,Americas,YEAR,2024,TOBACCO_INDICATOR,TOBACCO_INDICATOR_R_excise_min_specific,,,,,,,No,,,,,2025-08-20T09:41:26Z,2024,2024-01-01,2024-12-31
7697044,TOBACCO_MPOWER_R_TAXSTRUCTURE,COUNTRY,FJI,WPR,Western Pacific,YEAR,2024,TOBACCO_INDICATOR,TOBACCO_INDICATOR_R_afford_tax_auto_adjust,,,,,,,No,,,,,2025-08-20T09:41:26Z,2024,2024-01-01,2024-12-31
7698924,TOBACCO_MPOWER_R_TAXSTRUCTURE,COUNTRY,CHN,WPR,Western Pacific,YEAR,2024,TOBACCO_INDICATOR,TOBACCO_INDICATOR_R_excise_retail_price_base,,,,,,,No,,,,,2025-08-20T09:41:26Z,2024,2024-01-01,2024-12-31
7700444,TOBACCO_MPOWER_R_TAXSTRUCTURE,COUNTRY,IND,SEAR,South-East Asia,YEAR,2024,TOBACCO_INDICATOR,TOBACCO_INDICATOR_R_eliquid_excise_device,,,,,,,—,,,,,2025-08-20T09:41:26Z,2024,2024-01-01,2024-12-31
7702601,TOBACCO_MPOWER_R_TAXSTRUCTURE,COUNTRY,QAT,EMR,Eastern Mediterranean,YEAR,2024,TOBACCO_INDICATOR,TOBACCO_INDICATOR_R_eliquid_excise_type,,,,,,,—,,,,,2025-08-20T09:41:26Z,2024,2024-01-01,2024-12-31
7713062,TOBACCO_MPOWER_R_TAXSTRUCTURE,COUNTRY,PRT,EUR,Europe,YEAR,2024,TOBACCO_INDICATOR,TOBACCO_INDICATOR_R_excise_min_specific,,,,,,,Yes,,,,,2025-08-20T09:41:26Z,2024,2024-01-01,2024-12-31
7720998,TOBACCO_MPOWER_R_TAXSTRUCTURE,COUNTRY,ARE,EMR,Eastern Mediterranean,YEAR,2024,TOBACCO_INDICATOR,TOBACCO_INDICATOR_R_excise_retail_price_base,,,,,,,Yes,,,,,2025-08-20T09:41:26Z,2024,2024-01-01,2024-12-31
7721753,TOBACCO_MPOWER_R_TAXSTRUCTURE,COUNTRY,HRV,EUR,Europe,YEAR,2024,TOBACCO_INDICATOR,TOBACCO_INDICATOR_R_excise_retail_price_base,,,,,,,Yes,,,,,2025-08-20T09:41:26Z,2024,2024-01-01,2024-12-31
7722016,TOBACCO_MPOWER_R_TAXSTRUCTURE,COUNTRY,NIU,WPR,Western Pacific,YEAR,2024,TOBACCO_INDICATOR,TOBACCO_INDICATOR_R_excise_type,,,,,,,. . .,,,,,2025-08-20T09:41:26Z,2024,2024-01-01,2024-12-31
7723194,TOBACCO_MPOWER_R_TAXSTRUCTURE,COUNTRY,KAZ,EUR,Europe,YEAR,2024,TOBACCO_INDICATOR,TOBACCO_INDICATOR_R_eliquid_excise_type,,,,,,,—,,,,,2025-08-20T09:41:26Z,2024,2024-01-01,2024-12-31
7725930,TOBACCO_MPOWER_R_TAXSTRUCTURE,COUNTRY,SGP,WPR,Western Pacific,YEAR,2024,TOBACCO_INDICATOR,TOBACCO_INDICATOR_R_excise_specific_reliance,,,,,,,—,,,,,2025-08-20T09:41:26Z,2024,2024-01-01,2024-12-31
7738246,TOBACCO_MPOWER_R_TAXSTRUCTURE,COUNTRY,ARG,AMR,Americas,YEAR,2024,TOBACCO_INDICATOR,TOBACCO_INDICATOR_R_eliquid_excise_type,,,,,,,—,,,,,2025-08-20T09:41:26Z,2024,2024-01-01,2024-12-31
7739993,TOBACCO_MPOWER_R_TAXSTRUCTURE,COUNTRY,SUR,AMR,Americas,YEAR,2024,TOBACCO_INDICATOR,TOBACCO_INDICATOR_R_afford_price_dispersion,,,,,,,55.56,55.56,,,,2025-08-20T09:41:26Z,2024,2024-01-01,2024-12-31
7740896,TOBACCO_MPOWER_R_TAXSTRUCTURE,COUNTRY,SGP,WPR,Western Pacific,YEAR,2024,TOBACCO_INDICATOR,TOBACCO_INDICATOR_R_afford_price_gap_decreased,,,,,,,Yes,,,,,2025-08-20T09:41:26Z,2024,2024-01-01,2024-12-31
7742350,TOBACCO_MPOWER_R_TAXSTRUCTURE,COUNTRY,IRL,EUR,Europe,YEAR,2024,TOBACCO_INDICATOR,TOBACCO_INDICATOR_R_afford_price_dispersion,,,,,,,80.94,80.94,,,,2025-08-20T09:41:26Z,2024,2024-01-01,2024-12-31
7744530,TOBACCO_MPOWER_R_TAXSTRUCTURE,COUNTRY,GBR,EUR,Europe,YEAR,2024,TOBACCO_INDICATOR,TOBACCO_INDICATOR_R_excise_uniform_varied,,,,,,,Yes,,,,,2025-08-20T09:41:26Z,2024,2024-01-01,2024-12-31
7744896,TOBACCO_MPOWER_R_TAXSTRUCTURE,COUNTRY,CIV,AFR,Africa,YEAR,2024,TOBACCO_INDICATOR,TOBACCO_INDICATOR_R_afford_price_gap_decreased,,,,,,,Yes,,,,,2025-08-20T09:41:26Z,2024,2024-01-01,2024-12-31
7745783,TOBACCO_MPOWER_R_TAXSTRUCTURE,COUNTRY,ITA,EUR,Europe,YEAR,2024,TOBACCO_INDICATOR,TOBACCO_INDICATOR_R_excise_uniform_varied,,,,,,,Yes,,,,,2025-08-20T09:41:26Z,2024,2024-01-01,2024-12-31
7746526,TOBACCO_MPOWER_R_TAXSTRUCTURE,COUNTRY,AND,EUR,Europe,YEAR,2024,TOBACCO_INDICATOR,TOBACCO_INDICATOR_R_excise_type,,,,,,,Specific,,,,,2025-08-20T09:41:26Z,2024,2024-01-01,2024-12-31
7750209,TOBACCO_MPOWER_R_TAXSTRUCTURE,COUNTRY,ARE,EMR,Eastern Mediterranean,YEAR,2024,TOBACCO_INDICATOR,TOBACCO_INDICATOR_R_afford_tax_auto_adjust,,,,,,,No,,,,,2025-08-20T09:41:26Z,2024,2024-01-01,2024-12-31
7756383,TOBACCO_MPOWER_R_TAXSTRUCTURE,COUNTRY,POL,EUR,Europe,YEAR,2024,TOBACCO_INDICATOR,TOBACCO_INDICATOR_R_excise_specific_reliance,,,,,,,No,,,,,2025-08-20T09:41:26Z,2024,2024-01-01,2024-12-31
7757070,TOBACCO_MPOWER_R_TAXSTRUCTURE,COUNTRY,IRQ,EMR,Eastern Mediterranean,YEAR,2024,TOBACCO_INDICATOR,TOBACCO_INDICATOR_R_eliquid_excise_type,,,,,,,—,,,,,2025-08-20T09:41:26Z,2024,2024-01-01,2024-12-31
7757711,TOBACCO_MPOWER_R_TAXSTRUCTURE,COUNTRY,NGA,AFR,Africa,YEAR,2024,TOBACCO_INDICATOR,TOBACCO_INDICATOR_R_htp_excise_type_sticks,,,,,,,. . .,,,,,2025-08-20T09:41:26Z,2024,2024-01-01,2024-12-31
7758406,TOBACCO_MPOWER_R_TAXSTRUCTURE,COUNTRY,GNB,AFR,Africa,YEAR,2024,TOBACCO_INDICATOR,TOBACCO_INDICATOR_R_excise_retail_price_base,,,,,,,No,,,,,2025-08-20T09:41:26Z,2024,2024-01-01,2024-12-31
7766423,TOBACCO_MPOWER_R_TAXSTRUCTURE,COUNTRY,SYC,AFR,Africa,YEAR,2024,TOBACCO_INDICATOR,TOBACCO_INDICATOR_R_excise_specific_reliance,,,,,,,—,,,,,2025-08-20T09:41:26Z,2024,2024-01-01,2024-12-31
7766525,TOBACCO_MPOWER_R_TAXSTRUCTURE,COUNTRY,AUT,EUR,Europe,YEAR,2024,TOBACCO_INDICATOR,TOBACCO_INDICATOR_R_min_price_policy,,,,,,,No,,,,,2025-08-20T09:41:26Z,2024,2024-01-01,2024-12-31
7766880,TOBACCO_MPOWER_R_TAXSTRUCTURE,COUNTRY,ARG,AMR,Americas,YEAR,2024,TOBACCO_INDICATOR,TOBACCO_INDICATOR_R_excise_type,,,,,,,Ad valorem,,,,,2025-08-20T09:41:26Z,2024,2024-01-01,2024-12-31
7776746,TOBACCO_MPOWER_R_TAXSTRUCTURE,COUNTRY,KGZ,EUR,Europe,YEAR,2024,TOBACCO_INDICATOR,TOBACCO_INDICATOR_R_excise_specific_reliance,,,,,,,—,,,,,2025-08-20T09:41:26Z,2024,2024-01-01,2024-12-31
7778502,TOBACCO_MPOWER_R_TAXSTRUCTURE,COUNTRY,MHL,WPR,Western Pacific,YEAR,2024,TOBACCO_INDICATOR,TOBACCO_INDICATOR_R_afford_tax_auto_adjust,,,,,,,—,,,,,2025-08-20T09:41:26Z,2024,2024-01-01,2024-12-31
7784966,TOBACCO_MPOWER_R_TAXSTRUCTURE,COUNTRY,SLE,AFR,Africa,YEAR,2024,TOBACCO_INDICATOR,TOBACCO_INDICATOR_R_htp_excise_device,,,,,,,. . .,,,,,2025-08-20T09:41:26Z,2024,2024-01-01,2024-12-31
7785295,TOBACCO_MPOWER_R_TAXSTRUCTURE,COUNTRY,ROU,EUR,Europe,YEAR,2024,TOBACCO_INDICATOR,TOBACCO_INDICATOR_R_excise_retail_price_base,,,,,,,Yes,,,,,2025-08-20T09:41:26Z,2024,2024-01-01,2024-12-31
7787604,TOBACCO_MPOWER_R_TAXSTRUCTURE,COUNTRY,MKD,EUR,Europe,YEAR,2024,TOBACCO_INDICATOR,TOBACCO_INDICATOR_R_min_price_policy,,,,,,,No,,,,,2025-08-20T09:41:26Z,2024,2024-01-01,2024-12-31
7788464,TOBACCO_MPOWER_R_TAXSTRUCTURE,COUNTRY,BFA,AFR,Africa,YEAR,2024,TOBACCO_INDICATOR,TOBACCO_INDICATOR_R_htp_excise_type_sticks,,,,,,,. . .,,,,,2025-08-20T09:41:26Z,2024,2024-01-01,2024-12-31
7791329,TOBACCO_MPOWER_R_TAXSTRUCTURE,COUNTRY,KHM,WPR,Western Pacific,YEAR,2024,TOBACCO_INDICATOR,TOBACCO_INDICATOR_R_htp_excise_type_sticks,,,,,,,—,,,,,2025-08-20T09:41:26Z,2024,2024-01-01,2024-12-31
7806124,TOBACCO_MPOWER_R_TAXSTRUCTURE,COUNTRY,FJI,WPR,Western Pacific,YEAR,2024,TOBACCO_INDICATOR,TOBACCO_INDICATOR_R_excise_specific_reliance,,,,,,,—,,,,,2025-08-20T09:41:26Z,2024,2024-01-01,2024-12-31
7828494,TOBACCO_MPOWER_R_TAXSTRUCTURE,COUNTRY,HTI,AMR,Americas,YEAR,2024,TOBACCO_INDICATOR,TOBACCO_INDICATOR_R_afford_price_dispersion,,,,,,,. . .,,,,,2025-08-20T09:41:26Z,2024,2024-01-01,2024-12-31
7828543,TOBACCO_MPOWER_R_TAXSTRUCTURE,COUNTRY,WSM,WPR,Western Pacific,YEAR,2024,TOBACCO_INDICATOR,TOBACCO_INDICATOR_R_excise_specific_reliance,,,,,,,—,,,,,2025-08-20T09:41:26Z,2024,2024-01-01,2024-12-31
7831872,TOBACCO_MPOWER_R_TAXSTRUCTURE,COUNTRY,PSE,EMR,Eastern Mediterranean,YEAR,2024,TOBACCO_INDICATOR,TOBACCO_INDICATOR_R_excise_uniform_varied,,,,,,,Yes,,,,,2025-08-20T09:41:26Z,2024,2024-01-01,2024-12-31
7835880,TOBACCO_MPOWER_R_TAXSTRUCTURE,COUNTRY,MHL,WPR,Western Pacific,YEAR,2024,TOBACCO_INDICATOR,TOBACCO_INDICATOR_R_excise_retail_price_base,,,,,,,—,,,,,2025-08-20T09:41:26Z,2024,2024-01-01,2024-12-31
7838619,TOBACCO_MPOWER_R_TAXSTRUCTURE,COUNTRY,RUS,EUR,Europe,YEAR,2024,TOBACCO_INDICATOR,TOBACCO_INDICATOR_R_afford_price_gap_decreased,,,,,,,No,,,,,2025-08-20T09:41:26Z,2024,2024-01-01,2024-12-31
7840361,TOBACCO_MPOWER_R_TAXSTRUCTURE,COUNTRY,LVA,EUR,Europe,YEAR,2024,TOBACCO_INDICATOR,TOBACCO_INDICATOR_R_eliquid_excise_nicotine,,,,,,,all e-liquids,,,,,2025-08-20T09:41:26Z,2024,2024-01-01,2024-12-31
7847655,TOBACCO_MPOWER_R_TAXSTRUCTURE,COUNTRY,MMR,SEAR,South-East Asia,YEAR,2024,TOBACCO_INDICATOR,TOBACCO_INDICATOR_R_afford_tax_auto_adjust,,,,,,,No,,,,,2025-08-20T09:41:26Z,2024,2024-01-01,2024-12-31
7847966,TOBACCO_MPOWER_R_TAXSTRUCTURE,COUNTRY,URY,AMR,Americas,YEAR,2024,TOBACCO_INDICATOR,TOBACCO_INDICATOR_R_eliquid_excise_device,,,,,,,—,,,,,2025-08-20T09:41:26Z,2024,2024-01-01,2024-12-31
7851129,TOBACCO_MPOWER_R_TAXSTRUCTURE,COUNTRY,CHN,WPR,Western Pacific,YEAR,2024,TOBACCO_INDICATOR,TOBACCO_INDICATOR_R_afford_price_gap_decreased,,,,,,,Yes,,,,,2025-08-20T09:41:26Z,2024,2024-01-01,2024-12-31
7858670,TOBACCO_MPOWER_R_TAXSTRUCTURE,COUNTRY,MDA,EUR,Europe,YEAR,2024,TOBACCO_INDICATOR,TOBACCO_INDICATOR_R_htp_excise_device,,,,,,,No,,,,,2025-08-20T09:41:26Z,2024,2024-01-01,2024-12-31
7863007,TOBACCO_MPOWER_R_TAXSTRUCTURE,COUNTRY,AGO,AFR,Africa,YEAR,2024,TOBACCO_INDICATOR,TOBACCO_INDICATOR_R_htp_excise_device,,,,,,,. . .,,,,,2025-08-20T09:41:26Z,2024,2024-01-01,2024-12-31
7869473,TOBACCO_MPOWER_R_TAXSTRUCTURE,COUNTRY,NGA,AFR,Africa,YEAR,2024,TOBACCO_INDICATOR,TOBACCO_INDICATOR_R_afford_tax_auto_adjust,,,,,,,Yes,,,,,2025-08-20T09:41:26Z,2024,2024-01-01,2024-12-31
7872336,TOBACCO_MPOWER_R_TAXSTRUCTURE,COUNTRY,LAO,WPR,Western Pacific,YEAR,2024,TOBACCO_INDICATOR,TOBACCO_INDICATOR_R_excise_retail_price_base,,,,,,,No,,,,,2025-08-20T09:41:26Z,2024,2024-01-01,2024-12-31
7877952,TOBACCO_MPOWER_R_TAXSTRUCTURE,COUNTRY,TJK,EUR,Europe,YEAR,2024,TOBACCO_INDICATOR,TOBACCO_INDICATOR_R_min_price_policy,,,,,,,No,,,,,2025-08-20T09:41:26Z,2024,2024-01-01,2024-12-31
7883781,TOBACCO_MPOWER_R_TAXSTRUCTURE,COUNTRY,GUY,AMR,Americas,YEAR,2024,TOBACCO_INDICATOR,TOBACCO_INDICATOR_R_excise_specific_reliance,,,,,,,—,,,,,2025-08-20T09:41:26Z,2024,2024-01-01,2024-12-31
7896667,TOBACCO_MPOWER_R_TAXSTRUCTURE,COUNTRY,NGA,AFR,Africa,YEAR,2024,TOBACCO_INDICATOR,TOBACCO_INDICATOR_R_afford_price_gap_decreased,,,,,,,Yes,,,,,2025-08-20T09:41:26Z,2024,2024-01-01,2024-12-31
7896752,TOBACCO_MPOWER_R_TAXSTRUCTURE,COUNTRY,MUS,AFR,Africa,YEAR,2024,TOBACCO_INDICATOR,TOBACCO_INDICATOR_R_afford_price_gap_decreased,,,,,,,Yes,,,,,2025-08-20T09:41:26Z,2024,2024-01-01,2024-12-31
7904443,TOBACCO_MPOWER_R_TAXSTRUCTURE,COUNTRY,ITA,EUR,Europe,YEAR,2024,TOBACCO_INDICATOR,TOBACCO_INDICATOR_R_htp_excise_type_sticks,,,,,,,Specific,,,,,2025-08-20T09:41:26Z,2024,2024-01-01,2024-12-31
7906074,TOBACCO_MPOWER_R_TAXSTRUCTURE,COUNTRY,SAU,EMR,Eastern Mediterranean,YEAR,2024,TOBACCO_INDICATOR,TOBACCO_INDICATOR_R_eliquid_excise_nicotine,,,,,,,all e-liquids,,,,,2025-08-20T09:41:26Z,2024,2024-01-01,2024-12-31
7919593,TOBACCO_MPOWER_R_TAXSTRUCTURE,COUNTRY,VCT,AMR,Americas,YEAR,2024,TOBACCO_INDICATOR,TOBACCO_INDICATOR_R_afford_tax_auto_adjust,,,,,,,No,,,,,2025-08-20T09:41:26Z,2024,2024-01-01,2024-12-31
7919992,TOBACCO_MPOWER_R_TAXSTRUCTURE,COUNTRY,SAU,EMR,Eastern Mediterranean,YEAR,2024,TOBACCO_INDICATOR,TOBACCO_INDICATOR_R_afford_price_dispersion,,,,,,,65.71,65.71,,,,2025-08-20T09:41:26Z,2024,2024-01-01,2024-12-31
7927932,TOBACCO_MPOWER_R_TAXSTRUCTURE,COUNTRY,GNB,AFR,Africa,YEAR,2024,TOBACCO_INDICATOR,TOBACCO_INDICATOR_R_eliquid_excise_type,,,,,,,. . .,,,,,2025-08-20T09:41:26Z,2024,2024-01-01,2024-12-31
7929232,TOBACCO_MPOWER_R_TAXSTRUCTURE,COUNTRY,ATG,AMR,Americas,YEAR,2024,TOBACCO_INDICATOR,TOBACCO_INDICATOR_R_eliquid_excise_type,,,,,,,No excise,,,,,2025-08-20T09:41:26Z,2024,2024-01-01,2024-12-31
7931814,TOBACCO_MPOWER_R_TAXSTRUCTURE,COUNTRY,CHE,EUR,Europe,YEAR,2024,TOBACCO_INDICATOR,TOBACCO_INDICATOR_R_afford_price_dispersion,,,,,,,59.78,59.78,,,,2025-08-20T09:41:26Z,2024,2024-01-01,2024-12-31
7934257,TOBACCO_MPOWER_R_TAXSTRUCTURE,COUNTRY,JAM,AMR,Americas,YEAR,2024,TOBACCO_INDICATOR,TOBACCO_INDICATOR_R_min_price_policy,,,,,,,No,,,,Data not validated by the national authorities.,2025-08-20T09:41:26Z,2024,2024-01-01,2024-12-31
7937191,TOBACCO_MPOWER_R_TAXSTRUCTURE,COUNTRY,NGA,AFR,Africa,YEAR,2024,TOBACCO_INDICATOR,TOBACCO_INDICATOR_R_eliquid_excise_type,,,,,,,No excise,,,,,2025-08-20T09:41:26Z,2024,2024-01-01,2024-12-31
7946049,TOBACCO_MPOWER_R_TAXSTRUCTURE,COUNTRY,NAM,AFR,Africa,YEAR,2024,TOBACCO_INDICATOR,TOBACCO_INDICATOR_R_excise_retail_price_base,,,,,,,—,,,,,2025-08-20T09:41:26Z,2024,2024-01-01,2024-12-31
7953545,TOBACCO_MPOWER_R_TAXSTRUCTURE,COUNTRY,CZE,EUR,Europe,YEAR,2024,TOBACCO_INDICATOR,TOBACCO_INDICATOR_R_eliquid_excise_type,,,,,,,Specific,,,,,2025-08-20T09:41:26Z,2024,2024-01-01,2024-12-31
7957996,TOBACCO_MPOWER_R_TAXSTRUCTURE,COUNTRY,AGO,AFR,Africa,YEAR,2024,TOBACCO_INDICATOR,TOBACCO_INDICATOR_R_excise_retail_price_base,,,,,,,No,,,,,2025-08-20T09:41:26Z,2024,2024-01-01,2024-12-31
7969977,TOBACCO_MPOWER_R_TAXSTRUCTURE,COUNTRY,CIV,AFR,Africa,YEAR,2024,TOBACCO_INDICATOR,TOBACCO_INDICATOR_R_excise_uniform_varied,,,,,,,Yes,,,,,2025-08-20T09:41:26Z,2024,2024-01-01,2024-12-31
7981055,TOBACCO_MPOWER_R_TAXSTRUCTURE,COUNTRY,CRI,AMR,Americas,YEAR,2024,TOBACCO_INDICATOR,TOBACCO_INDICATOR_R_excise_retail_price_base,,,,,,,No,,,,,2025-08-20T09:41:26Z,2024,2024-01-01,2024-12-31
7987171,TOBACCO_MPOWER_R_TAXSTRUCTURE,COUNTRY,SOM,EMR,Eastern Mediterranean,YEAR,2024,TOBACCO_INDICATOR,TOBACCO_INDICATOR_R_eliquid_excise_nicotine,,,,,,,. . .,,,,,2025-08-20T09:41:26Z,2024,2024-01-01,2024-12-31
7987273,TOBACCO_MPOWER_R_TAXSTRUCTURE,COUNTRY,BRA,AMR,Americas,YEAR,2024,TOBACCO_INDICATOR,TOBACCO_INDICATOR_R_excise_uniform_varied,,,,,,,Yes,,,,,2025-08-20T09:41:26Z,2024,2024-01-01,2024-12-31
8003413,TOBACCO_MPOWER_R_TAXSTRUCTURE,COUNTRY,CAN,AMR,Americas,YEAR,2024,TOBACCO_INDICATOR,TOBACCO_INDICATOR_R_eliquid_excise_type,,,,,,,. . .,,,,,2025-08-20T09:41:26Z,2024,2024-01-01,2024-12-31
8004263,TOBACCO_MPOWER_R_TAXSTRUCTURE,COUNTRY,BGR,EUR,Europe,YEAR,2024,TOBACCO_INDICATOR,TOBACCO_INDICATOR_R_excise_uniform_varied,,,,,,,Yes,,,,,2025-08-20T09:41:26Z,2024,2024-01-01,2024-12-31
8008103,TOBACCO_MPOWER_R_TAXSTRUCTURE,COUNTRY,AGO,AFR,Africa,YEAR,2024,TOBACCO_INDICATOR,TOBACCO_INDICATOR_R_afford_price_gap_decreased,,,,,,,Yes,,,,,2025-08-20T09:41:26Z,2024,2024-01-01,2024-12-31
8008122,TOBACCO_MPOWER_R_TAXSTRUCTURE,COUNTRY,ZMB,AFR,Africa,YEAR,2024,TOBACCO_INDICATOR,TOBACCO_INDICATOR_R_afford_price_dispersion,,,,,,,15.98,15.98,,,,2025-08-20T09:41:26Z,2024,2024-01-01,2024-12-31
8015235,TOBACCO_MPOWER_R_TAXSTRUCTURE,COUNTRY,MAR,EMR,Eastern Mediterranean,YEAR,2024,TOBACCO_INDICATOR,TOBACCO_INDICATOR_R_htp_excise_device,,,,,,,. . .,,,,,2025-08-20T09:41:26Z,2024,2024-01-01,2024-12-31
8018304,TOBACCO_MPOWER_R_TAXSTRUCTURE,COUNTRY,CRI,AMR,Americas,YEAR,2024,TOBACCO_INDICATOR,TOBACCO_INDICATOR_R_htp_excise_device,,,,,,,Yes,,,,,2025-08-20T09:41:26Z,2024,2024-01-01,2024-12-31
8019085,TOBACCO_MPOWER_R_TAXSTRUCTURE,COUNTRY,PRT,EUR,Europe,YEAR,2024,TOBACCO_INDICATOR,TOBACCO_INDICATOR_R_htp_excise_type_sticks,,,,,,,Mixed,,,,,2025-08-20T09:41:26Z,2024,2024-01-01,2024-12-31
8029453,TOBACCO_MPOWER_R_TAXSTRUCTURE,COUNTRY,KNA,AMR,Americas,YEAR,2024,TOBACCO_INDICATOR,TOBACCO_INDICATOR_R_excise_type,,,,,,,Ad valorem,,,,,2025-08-20T09:41:26Z,2024,2024-01-01,2024-12-31
8033081,TOBACCO_MPOWER_R_TAXSTRUCTURE,COUNTRY,RWA,AFR,Africa,YEAR,2024,TOBACCO_INDICATOR,TOBACCO_INDICATOR_R_afford_price_gap_decreased,,,,,,,. . .,,,,,2025-08-20T09:41:26Z,2024,2024-01-01,2024-12-31
8035616,TOBACCO_MPOWER_R_TAXSTRUCTURE,COUNTRY,HUN,EUR,Europe,YEAR,2024,TOBACCO_INDICATOR,TOBACCO_INDICATOR_R_afford_price_dispersion,,,,,,,63.04,63.04,,,,2025-08-20T09:41:26Z,2024,2024-01-01,2024-12-31
8039333,TOBACCO_MPOWER_R_TAXSTRUCTURE,COUNTRY,BRA,AMR,Americas,YEAR,2024,TOBACCO_INDICATOR,TOBACCO_INDICATOR_R_afford_price_gap_decreased,,,,,,,No,,,,,2025-08-20T09:41:26Z,2024,2024-01-01,2024-12-31
8044003,TOBACCO_MPOWER_R_TAXSTRUCTURE,COUNTRY,DOM,AMR,Americas,YEAR,2024,TOBACCO_INDICATOR,TOBACCO_INDICATOR_R_htp_excise_type_sticks,,,,,,,. . .,,,,,2025-08-20T09:41:26Z,2024,2024-01-01,2024-12-31
8047614,TOBACCO_MPOWER_R_TAXSTRUCTURE,COUNTRY,NPL,SEAR,South-East Asia,YEAR,2024,TOBACCO_INDICATOR,TOBACCO_INDICATOR_R_eliquid_excise_device,,,,,,,—,,,,,2025-08-20T09:41:26Z,2024,2024-01-01,2024-12-31
8047983,TOBACCO_MPOWER_R_TAXSTRUCTURE,COUNTRY,HND,AMR,Americas,YEAR,2024,TOBACCO_INDICATOR,TOBACCO_INDICATOR_R_eliquid_excise_nicotine,,,,,,,. . .,,,,,2025-08-20T09:41:26Z,2024,2024-01-01,2024-12-31
8052698,TOBACCO_MPOWER_R_TAXSTRUCTURE,COUNTRY,NZL,WPR,Western Pacific,YEAR,2024,TOBACCO_INDICATOR,TOBACCO_INDICATOR_R_eliquid_excise_device,,,,,,,—,,,,,2025-08-20T09:41:26Z,2024,2024-01-01,2024-12-31
8055075,TOBACCO_MPOWER_R_TAXSTRUCTURE,COUNTRY,STP,AFR,Africa,YEAR,2024,TOBACCO_INDICATOR,TOBACCO_INDICATOR_R_excise_retail_price_base,,,,,,,—,,,,,2025-08-20T09:41:26Z,2024,2024-01-01,2024-12-31
8062154,TOBACCO_MPOWER_R_TAXSTRUCTURE,COUNTRY,ZAF,AFR,Africa,YEAR,2024,TOBACCO_INDICATOR,TOBACCO_INDICATOR_R_htp_excise_device,,,,,,,No,,,,,2025-08-20T09:41:26Z,2024,2024-01-01,2024-12-31
8068248,TOBACCO_MPOWER_R_TAXSTRUCTURE,COUNTRY,TUR,EUR,Europe,YEAR,2024,TOBACCO_INDICATOR,TOBACCO_INDICATOR_R_eliquid_excise_device,,,,,,,—,,,,,2025-08-20T09:41:26Z,2024,2024-01-01,2024-12-31
8073450,TOBACCO_MPOWER_R_TAXSTRUCTURE,COUNTRY,TON,WPR,Western Pacific,YEAR,2024,TOBACCO_INDICATOR,TOBACCO_INDICATOR_R_excise_type,,,,,,,Specific,,,,,2025-08-20T09:41:26Z,2024,2024-01-01,2024-12-31
8074177,TOBACCO_MPOWER_R_TAXSTRUCTURE,COUNTRY,GMB,AFR,Africa,YEAR,2024,TOBACCO_INDICATOR,TOBACCO_INDICATOR_R_afford_price_dispersion,,,,,,,71.43,71.43,,,,2025-08-20T09:41:26Z,2024,2024-01-01,2024-12-31
8081093,TOBACCO_MPOWER_R_TAXSTRUCTURE,COUNTRY,TTO,AMR,Americas,YEAR,2024,TOBACCO_INDICATOR,TOBACCO_INDICATOR_R_excise_uniform_varied,,,,,,,Yes,,,,,2025-08-20T09:41:26Z,2024,2024-01-01,2024-12-31
8083706,TOBACCO_MPOWER_R_TAXSTRUCTURE,COUNTRY,BIH,EUR,Europe,YEAR,2024,TOBACCO_INDICATOR,TOBACCO_INDICATOR_R_afford_price_gap_decreased,,,,,,,Yes,,,,,2025-08-20T09:41:26Z,2024,2024-01-01,2024-12-31
8086337,TOBACCO_MPOWER_R_TAXSTRUCTURE,COUNTRY,LBN,EMR,Eastern Mediterranean,YEAR,2024,TOBACCO_INDICATOR,TOBACCO_INDICATOR_R_htp_excise_device,,,,,,,No,,,,,2025-08-20T09:41:26Z,2024,2024-01-01,2024-12-31
8087854,TOBACCO_MPOWER_R_TAXSTRUCTURE,COUNTRY,POL,EUR,Europe,YEAR,2024,TOBACCO_INDICATOR,TOBACCO_INDICATOR_R_excise_retail_price_base,,,,,,,Yes,,,,,2025-08-20T09:41:26Z,2024,2024-01-01,2024-12-31
8091299,TOBACCO_MPOWER_R_TAXSTRUCTURE,COUNTRY,GTM,AMR,Americas,YEAR,2024,TOBACCO_INDICATOR,TOBACCO_INDICATOR_R_min_price_policy,,,,,,,No,,,,,2025-08-20T09:41:26Z,2024,2024-01-01,2024-12-31
8092072,TOBACCO_MPOWER_R_TAXSTRUCTURE,COUNTRY,TUN,EMR,Eastern Mediterranean,YEAR,2024,TOBACCO_INDICATOR,TOBACCO_INDICATOR_R_min_price_policy,,,,,,,No,,,,,2025-08-20T09:41:26Z,2024,2024-01-01,2024-12-31
8093034,TOBACCO_MPOWER_R_TAXSTRUCTURE,COUNTRY,CIV,AFR,Africa,YEAR,2024,TOBACCO_INDICATOR,TOBACCO_INDICATOR_R_excise_specific_reliance,,,,,,,—,,,,,2025-08-20T09:41:26Z,2024,2024-01-01,2024-12-31
8093803,TOBACCO_MPOWER_R_TAXSTRUCTURE,COUNTRY,LTU,EUR,Europe,YEAR,2024,TOBACCO_INDICATOR,TOBACCO_INDICATOR_R_htp_excise_device,,,,,,,No,,,,,2025-08-20T09:41:26Z,2024,2024-01-01,2024-12-31
8096972,TOBACCO_MPOWER_R_TAXSTRUCTURE,COUNTRY,BRN,WPR,Western Pacific,YEAR,2024,TOBACCO_INDICATOR,TOBACCO_INDICATOR_R_afford_price_gap_decreased,,,,,,,. . .,,,,,2025-08-20T09:41:26Z,2024,2024-01-01,2024-12-31
8099909,TOBACCO_MPOWER_R_TAXSTRUCTURE,COUNTRY,AFG,EMR,Eastern Mediterranean,YEAR,2024,TOBACCO_INDICATOR,TOBACCO_INDICATOR_R_htp_excise_type_sticks,,,,,,,. . .,,,,,2025-08-20T09:41:26Z,2024,2024-01-01,2024-12-31
8101525,TOBACCO_MPOWER_R_TAXSTRUCTURE,COUNTRY,ARG,AMR,Americas,YEAR,2024,TOBACCO_INDICATOR,TOBACCO_INDICATOR_R_excise_specific_reliance,,,,,,,—,,,,,2025-08-20T09:41:26Z,2024,2024-01-01,2024-12-31
8104118,TOBACCO_MPOWER_R_TAXSTRUCTURE,COUNTRY,TON,WPR,Western Pacific,YEAR,2024,TOBACCO_INDICATOR,TOBACCO_INDICATOR_R_excise_min_specific,,,,,,,—,,,,,2025-08-20T09:41:26Z,2024,2024-01-01,2024-12-31
8104747,TOBACCO_MPOWER_R_TAXSTRUCTURE,COUNTRY,LVA,EUR,Europe,YEAR,2024,TOBACCO_INDICATOR,TOBACCO_INDICATOR_R_min_price_policy,,,,,,,No,,,,,2025-08-20T09:41:26Z,2024,2024-01-01,2024-12-31
8108432,TOBACCO_MPOWER_R_TAXSTRUCTURE,COUNTRY,YEM,EMR,Eastern Mediterranean,YEAR,2024,TOBACCO_INDICATOR,TOBACCO_INDICATOR_R_htp_excise_device,,,,,,,. . .,,,,,2025-08-20T09:41:26Z,2024,2024-01-01,2024-12-31
8108597,TOBACCO_MPOWER_R_TAXSTRUCTURE,COUNTRY,ARG,AMR,Americas,YEAR,2024,TOBACCO_INDICATOR,TOBACCO_INDICATOR_R_eliquid_excise_nicotine,,,,,,,—,,,,,2025-08-20T09:41:26Z,2024,2024-01-01,2024-12-31
8109931,TOBACCO_MPOWER_R_TAXSTRUCTURE,COUNTRY,BRB,AMR,Americas,YEAR,2024,TOBACCO_INDICATOR,TOBACCO_INDICATOR_R_min_price_policy,,,,,,,No,,,,,2025-08-20T09:41:26Z,2024,2024-01-01,2024-12-31
8111548,TOBACCO_MPOWER_R_TAXSTRUCTURE,COUNTRY,SVK,EUR,Europe,YEAR,2024,TOBACCO_INDICATOR,TOBACCO_INDICATOR_R_eliquid_excise_device,,,,,,,—,,,,,2025-08-20T09:41:26Z,2024,2024-01-01,2024-12-31
8113100,TOBACCO_MPOWER_R_TAXSTRUCTURE,COUNTRY,MLI,AFR,Africa,YEAR,2024,TOBACCO_INDICATOR,TOBACCO_INDICATOR_R_eliquid_excise_device,,,,,,,. . .,,,,,2025-08-20T09:41:26Z,2024,2024-01-01,2024-12-31
8114309,TOBACCO_MPOWER_R_TAXSTRUCTURE,COUNTRY,STP,AFR,Africa,YEAR,2024,TOBACCO_INDICATOR,TOBACCO_INDICATOR_R_eliquid_excise_type,,,,,,,Specific,,,,,2025-08-20T09:41:26Z,2024,2024-01-01,2024-12-31
8128444,TOBACCO_MPOWER_R_TAXSTRUCTURE,COUNTRY,KWT,EMR,Eastern Mediterranean,YEAR,2024,TOBACCO_INDICATOR,TOBACCO_INDICATOR_R_afford_tax_auto_adjust,,,,,,,—,,,,,2025-08-20T09:41:26Z,2024,2024-01-01,2024-12-31
8129168,TOBACCO_MPOWER_R_TAXSTRUCTURE,COUNTRY,BOL,AMR,Americas,YEAR,2024,TOBACCO_INDICATOR,TOBACCO_INDICATOR_R_excise_min_specific,,,,,,,—,,,,,2025-08-20T09:41:26Z,2024,2024-01-01,2024-12-31
8139849,TOBACCO_MPOWER_R_TAXSTRUCTURE,COUNTRY,CPV,AFR,Africa,YEAR,2024,TOBACCO_INDICATOR,TOBACCO_INDICATOR_R_eliquid_excise_device,,,,,,,. . .,,,,,2025-08-20T09:41:26Z,2024,2024-01-01,2024-12-31
8143061,TOBACCO_MPOWER_R_TAXSTRUCTURE,COUNTRY,SLB,WPR,Western Pacific,YEAR,2024,TOBACCO_INDICATOR,TOBACCO_INDICATOR_R_excise_min_specific,,,,,,,—,,,,,2025-08-20T09:41:26Z,2024,2024-01-01,2024-12-31
8146353,TOBACCO_MPOWER_R_TAXSTRUCTURE,COUNTRY,SYC,AFR,Africa,YEAR,2024,TOBACCO_INDICATOR,TOBACCO_INDICATOR_R_excise_uniform_varied,,,,,,,Yes,,,,,2025-08-20T09:41:26Z,2024,2024-01-01,2024-12-31
8148245,TOBACCO_MPOWER_R_TAXSTRUCTURE,COUNTRY,ROU,EUR,Europe,YEAR,2024,TOBACCO_INDICATOR,TOBACCO_INDICATOR_R_eliquid_excise_nicotine,,,,,,,all e-liquids,,,,,2025-08-20T09:41:26Z,2024,2024-01-01,2024-12-31
8154767,TOBACCO_MPOWER_R_TAXSTRUCTURE,COUNTRY,DMA,AMR,Americas,YEAR,2024,TOBACCO_INDICATOR,TOBACCO_INDICATOR_R_eliquid_excise_type,,,,,,,. . .,,,,,2025-08-20T09:41:26Z,2024,2024-01-01,2024-12-31
8154908,TOBACCO_MPOWER_R_TAXSTRUCTURE,COUNTRY,SWZ,AFR,Africa,YEAR,2024,TOBACCO_INDICATOR,TOBACCO_INDICATOR_R_htp_excise_type_sticks,,,,,,,. . .,,,,,2025-08-20T09:41:26Z,2024,2024-01-01,2024-12-31
8157006,TOBACCO_MPOWER_R_TAXSTRUCTURE,COUNTRY,OMN,EMR,Eastern Mediterranean,YEAR,2024,TOBACCO_INDICATOR,TOBACCO_INDICATOR_R_excise_specific_reliance,,,,,,,—,,,,,2025-08-20T09:41:26Z,2024,2024-01-01,2024-12-31
8158609,TOBACCO_MPOWER_R_TAXSTRUCTURE,COUNTRY,NGA,AFR,Africa,YEAR,2024,TOBACCO_INDICATOR,TOBACCO_INDICATOR_R_excise_uniform_varied,,,,,,,Yes,,,,,2025-08-20T09:41:26Z,2024,2024-01-01,2024-12-31
8162372,TOBACCO_MPOWER_R_TAXSTRUCTURE,COUNTRY,SOM,EMR,Eastern Mediterranean,YEAR,2024,TOBACCO_INDICATOR,TOBACCO_INDICATOR_R_afford_tax_auto_adjust,,,,,,,—,,,,,2025-08-20T09:41:26Z,2024,2024-01-01,2024-12-31
8165116,TOBACCO_MPOWER_R_TAXSTRUCTURE,COUNTRY,TKM,EUR,Europe,YEAR,2024,TOBACCO_INDICATOR,TOBACCO_INDICATOR_R_excise_type,,,,,,,Ad valorem,,,,"The country imposes an ad valorem with minimum specific excise; in the case of the most sold brand, the minimum specific excise applies.",2025-08-20T09:41:26Z,2024,2024-01-01,2024-12-31
8179255,TOBACCO_MPOWER_R_TAXSTRUCTURE,COUNTRY,UGA,AFR,Africa,YEAR,2024,TOBACCO_INDICATOR,TOBACCO_INDICATOR_R_excise_uniform_varied,,,,,,,No,,,,,2025-08-20T09:41:26Z,2024,2024-01-01,2024-12-31
8186323,TOBACCO_MPOWER_R_TAXSTRUCTURE,COUNTRY,CHN,WPR,Western Pacific,YEAR,2024,TOBACCO_INDICATOR,TOBACCO_INDICATOR_R_htp_excise_device,,,,,,,. . .,,,,,2025-08-20T09:41:26Z,2024,2024-01-01,2024-12-31
8192620,TOBACCO_MPOWER_R_TAXSTRUCTURE,COUNTRY,PSE,EMR,Eastern Mediterranean,YEAR,2024,TOBACCO_INDICATOR,TOBACCO_INDICATOR_R_eliquid_excise_device,,,,,,,—,,,,,2025-08-20T09:41:26Z,2024,2024-01-01,2024-12-31
8192751,TOBACCO_MPOWER_R_TAXSTRUCTURE,COUNTRY,CYP,EUR,Europe,YEAR,2024,TOBACCO_INDICATOR,TOBACCO_INDICATOR_R_htp_excise_type_sticks,,,,,,,Specific,,,,,2025-08-20T09:41:26Z,2024,2024-01-01,2024-12-31
8193155,TOBACCO_MPOWER_R_TAXSTRUCTURE,COUNTRY,COL,AMR,Americas,YEAR,2024,TOBACCO_INDICATOR,TOBACCO_INDICATOR_R_excise_type,,,,,,,Mixed,,,,,2025-08-20T09:41:26Z,2024,2024-01-01,2024-12-31
8202812,TOBACCO_MPOWER_R_TAXSTRUCTURE,COUNTRY,NRU,WPR,Western Pacific,YEAR,2024,TOBACCO_INDICATOR,TOBACCO_INDICATOR_R_afford_price_dispersion,,,,,,,88.89,88.89,,,,2025-08-20T09:41:26Z,2024,2024-01-01,2024-12-31
8207620,TOBACCO_MPOWER_R_TAXSTRUCTURE,COUNTRY,MMR,SEAR,South-East Asia,YEAR,2024,TOBACCO_INDICATOR,TOBACCO_INDICATOR_R_eliquid_excise_nicotine,,,,,,,. . .,,,,,2025-08-20T09:41:26Z,2024,2024-01-01,2024-12-31
8215568,TOBACCO_MPOWER_R_TAXSTRUCTURE,COUNTRY,TZA,AFR,Africa,YEAR,2024,TOBACCO_INDICATOR,TOBACCO_INDICATOR_R_eliquid_excise_nicotine,,,,,,,. . .,,,,,2025-08-20T09:41:26Z,2024,2024-01-01,2024-12-31
8217299,TOBACCO_MPOWER_R_TAXSTRUCTURE,COUNTRY,COG,AFR,Africa,YEAR,2024,TOBACCO_INDICATOR,TOBACCO_INDICATOR_R_min_price_policy,,,,,,,No,,,,,2025-08-20T09:41:26Z,2024,2024-01-01,2024-12-31
8218609,TOBACCO_MPOWER_R_TAXSTRUCTURE,COUNTRY,SVN,EUR,Europe,YEAR,2024,TOBACCO_INDICATOR,TOBACCO_INDICATOR_R_excise_specific_reliance,,,,,,,Yes,,,,,2025-08-20T09:41:26Z,2024,2024-01-01,2024-12-31
8218927,TOBACCO_MPOWER_R_TAXSTRUCTURE,COUNTRY,GEO,EUR,Europe,YEAR,2024,TOBACCO_INDICATOR,TOBACCO_INDICATOR_R_excise_retail_price_base,,,,,,,Yes,,,,,2025-08-20T09:41:26Z,2024,2024-01-01,2024-12-31
8221960,TOBACCO_MPOWER_R_TAXSTRUCTURE,COUNTRY,JOR,EMR,Eastern Mediterranean,YEAR,2024,TOBACCO_INDICATOR,TOBACCO_INDICATOR_R_excise_min_specific,,,,,,,—,,,,,2025-08-20T09:41:26Z,2024,2024-01-01,2024-12-31
8224060,TOBACCO_MPOWER_R_TAXSTRUCTURE,COUNTRY,TJK,EUR,Europe,YEAR,2024,TOBACCO_INDICATOR,TOBACCO_INDICATOR_R_eliquid_excise_device,,,,,,,. . .,,,,,2025-08-20T09:41:26Z,2024,2024-01-01,2024-12-31
8228936,TOBACCO_MPOWER_R_TAXSTRUCTURE,COUNTRY,CZE,EUR,Europe,YEAR,2024,TOBACCO_INDICATOR,TOBACCO_INDICATOR_R_excise_uniform_varied,,,,,,,Yes,,,,,2025-08-20T09:41:26Z,2024,2024-01-01,2024-12-31
8233396,TOBACCO_MPOWER_R_TAXSTRUCTURE,COUNTRY,GRC,EUR,Europe,YEAR,2024,TOBACCO_INDICATOR,TOBACCO_INDICATOR_R_eliquid_excise_type,,,,,,,Specific,,,,,2025-08-20T09:41:26Z,2024,2024-01-01,2024-12-31
8236133,TOBACCO_MPOWER_R_TAXSTRUCTURE,COUNTRY,ZWE,AFR,Africa,YEAR,2024,TOBACCO_INDICATOR,TOBACCO_INDICATOR_R_eliquid_excise_device,,,,,,,Yes,,,,,2025-08-20T09:41:26Z,2024,2024-01-01,2024-12-31
8240253,TOBACCO_MPOWER_R_TAXSTRUCTURE,COUNTRY,TCD,AFR,Africa,YEAR,2024,TOBACCO_INDICATOR,TOBACCO_INDICATOR_R_afford_price_dispersion,,,,,,,50,50,,,,2025-08-20T09:41:26Z,2024,2024-01-01,2024-12-31
8244310,TOBACCO_MPOWER_R_TAXSTRUCTURE,COUNTRY,GRD,AMR,Americas,YEAR,2024,TOBACCO_INDICATOR,TOBACCO_INDICATOR_R_excise_min_specific,,,,,,,No,,,,,2025-08-20T09:41:26Z,2024,2024-01-01,2024-12-31
8244362,TOBACCO_MPOWER_R_TAXSTRUCTURE,COUNTRY,GMB,AFR,Africa,YEAR,2024,TOBACCO_INDICATOR,TOBACCO_INDICATOR_R_min_price_policy,,,,,,,No,,,,,2025-08-20T09:41:26Z,2024,2024-01-01,2024-12-31
8253782,TOBACCO_MPOWER_R_TAXSTRUCTURE,COUNTRY,CUB,AMR,Americas,YEAR,2024,TOBACCO_INDICATOR,TOBACCO_INDICATOR_R_htp_excise_device,,,,,,,. . .,,,,,2025-08-20T09:41:26Z,2024,2024-01-01,2024-12-31
8256927,TOBACCO_MPOWER_R_TAXSTRUCTURE,COUNTRY,NGA,AFR,Africa,YEAR,2024,TOBACCO_INDICATOR,TOBACCO_INDICATOR_R_excise_min_specific,,,,,,,No,,,,,2025-08-20T09:41:26Z,2024,2024-01-01,2024-12-31
8257424,TOBACCO_MPOWER_R_TAXSTRUCTURE,COUNTRY,TUN,EMR,Eastern Mediterranean,YEAR,2024,TOBACCO_INDICATOR,TOBACCO_INDICATOR_R_htp_excise_device,,,,,,,. . .,,,,,2025-08-20T09:41:26Z,2024,2024-01-01,2024-12-31
8260013,TOBACCO_MPOWER_R_TAXSTRUCTURE,COUNTRY,TCD,AFR,Africa,YEAR,2024,TOBACCO_INDICATOR,TOBACCO_INDICATOR_R_htp_excise_device,,,,,,,. . .,,,,,2025-08-20T09:41:26Z,2024,2024-01-01,2024-12-31
8265161,TOBACCO_MPOWER_R_TAXSTRUCTURE,COUNTRY,JAM,AMR,Americas,YEAR,2024,TOBACCO_INDICATOR,TOBACCO_INDICATOR_R_eliquid_excise_device,,,,,,,. . .,,,,,2025-08-20T09:41:26Z,2024,2024-01-01,2024-12-31
8267901,TOBACCO_MPOWER_R_TAXSTRUCTURE,COUNTRY,LKA,SEAR,South-East Asia,YEAR,2024,TOBACCO_INDICATOR,TOBACCO_INDICATOR_R_min_price_policy,,,,,,,No,,,,,2025-08-20T09:41:26Z,2024,2024-01-01,2024-12-31
8272849,TOBACCO_MPOWER_R_TAXSTRUCTURE,COUNTRY,PAK,EMR,Eastern Mediterranean,YEAR,2024,TOBACCO_INDICATOR,TOBACCO_INDICATOR_R_excise_uniform_varied,,,,,,,No,,,,,2025-08-20T09:41:26Z,2024,2024-01-01,2024-12-31
8279497,TOBACCO_MPOWER_R_TAXSTRUCTURE,COUNTRY,JPN,WPR,Western Pacific,YEAR,2024,TOBACCO_INDICATOR,TOBACCO_INDICATOR_R_excise_specific_reliance,,,,,,,—,,,,,2025-08-20T09:41:26Z,2024,2024-01-01,2024-12-31
8279932,TOBACCO_MPOWER_R_TAXSTRUCTURE,COUNTRY,NAM,AFR,Africa,YEAR,2024,TOBACCO_INDICATOR,TOBACCO_INDICATOR_R_eliquid_excise_type,,,,,,,. . .,,,,,2025-08-20T09:41:26Z,2024,2024-01-01,2024-12-31
8281084,TOBACCO_MPOWER_R_TAXSTRUCTURE,COUNTRY,MAR,EMR,Eastern Mediterranean,YEAR,2024,TOBACCO_INDICATOR,TOBACCO_INDICATOR_R_afford_price_dispersion,,,,,,,67.5,67.5,,,,2025-08-20T09:41:26Z,2024,2024-01-01,2024-12-31
8281566,TOBACCO_MPOWER_R_TAXSTRUCTURE,COUNTRY,MKD,EUR,Europe,YEAR,2024,TOBACCO_INDICATOR,TOBACCO_INDICATOR_R_afford_price_gap_decreased,,,,,,,Yes,,,,,2025-08-20T09:41:26Z,2024,2024-01-01,2024-12-31
8299755,TOBACCO_MPOWER_R_TAXSTRUCTURE,COUNTRY,HTI,AMR,Americas,YEAR,2024,TOBACCO_INDICATOR,TOBACCO_INDICATOR_R_excise_type,,,,,,,Ad valorem,,,,,2025-08-20T09:41:26Z,2024,2024-01-01,2024-12-31
8307512,TOBACCO_MPOWER_R_TAXSTRUCTURE,COUNTRY,LUX,EUR,Europe,YEAR,2024,TOBACCO_INDICATOR,TOBACCO_INDICATOR_R_afford_tax_auto_adjust,,,,,,,No,,,,,2025-08-20T09:41:26Z,2024,2024-01-01,2024-12-31
8310220,TOBACCO_MPOWER_R_TAXSTRUCTURE,COUNTRY,RWA,AFR,Africa,YEAR,2024,TOBACCO_INDICATOR,TOBACCO_INDICATOR_R_excise_retail_price_base,,,,,,,Yes,,,,,2025-08-20T09:41:26Z,2024,2024-01-01,2024-12-31
8314388,TOBACCO_MPOWER_R_TAXSTRUCTURE,COUNTRY,KGZ,EUR,Europe,YEAR,2024,TOBACCO_INDICATOR,TOBACCO_INDICATOR_R_htp_excise_device,,,,,,,Yes,,,,,2025-08-20T09:41:26Z,2024,2024-01-01,2024-12-31
8317854,TOBACCO_MPOWER_R_TAXSTRUCTURE,COUNTRY,LUX,EUR,Europe,YEAR,2024,TOBACCO_INDICATOR,TOBACCO_INDICATOR_R_excise_uniform_varied,,,,,,,Yes,,,,,2025-08-20T09:41:26Z,2024,2024-01-01,2024-12-31
8318221,TOBACCO_MPOWER_R_TAXSTRUCTURE,COUNTRY,RWA,AFR,Africa,YEAR,2024,TOBACCO_INDICATOR,TOBACCO_INDICATOR_R_afford_price_dispersion,,,,,,,23.33,23.33,,,,2025-08-20T09:41:26Z,2024,2024-01-01,2024-12-31
8320517,TOBACCO_MPOWER_R_TAXSTRUCTURE,COUNTRY,ISL,EUR,Europe,YEAR,2024,TOBACCO_INDICATOR,TOBACCO_INDICATOR_R_htp_excise_type_sticks,,,,,,,. . .,,,,,2025-08-20T09:41:26Z,2024,2024-01-01,2024-12-31
8324176,TOBACCO_MPOWER_R_TAXSTRUCTURE,COUNTRY,SWE,EUR,Europe,YEAR,2024,TOBACCO_INDICATOR,TOBACCO_INDICATOR_R_excise_type,,,,,,,Mixed,,,,,2025-08-20T09:41:26Z,2024,2024-01-01,2024-12-31
8325597,TOBACCO_MPOWER_R_TAXSTRUCTURE,COUNTRY,FRA,EUR,Europe,YEAR,2024,TOBACCO_INDICATOR,TOBACCO_INDICATOR_R_eliquid_excise_type,,,,,,,No excise,,,,,2025-08-20T09:41:26Z,2024,2024-01-01,2024-12-31
8327580,TOBACCO_MPOWER_R_TAXSTRUCTURE,COUNTRY,VNM,WPR,Western Pacific,YEAR,2024,TOBACCO_INDICATOR,TOBACCO_INDICATOR_R_htp_excise_device,,,,,,,—,,,,,2025-08-20T09:41:26Z,2024,2024-01-01,2024-12-31
8329624,TOBACCO_MPOWER_R_TAXSTRUCTURE,COUNTRY,ARG,AMR,Americas,YEAR,2024,TOBACCO_INDICATOR,TOBACCO_INDICATOR_R_excise_min_specific,,,,,,,Yes,,,,,2025-08-20T09:41:26Z,2024,2024-01-01,2024-12-31
8335947,TOBACCO_MPOWER_R_TAXSTRUCTURE,COUNTRY,TJK,EUR,Europe,YEAR,2024,TOBACCO_INDICATOR,TOBACCO_INDICATOR_R_excise_specific_reliance,,,,,,,—,,,,,2025-08-20T09:41:26Z,2024,2024-01-01,2024-12-31
8341255,TOBACCO_MPOWER_R_TAXSTRUCTURE,COUNTRY,SSD,AFR,Africa,YEAR,2024,TOBACCO_INDICATOR,TOBACCO_INDICATOR_R_excise_retail_price_base,,,,,,,No,,,,,2025-08-20T09:41:26Z,2024,2024-01-01,2024-12-31
8343016,TOBACCO_MPOWER_R_TAXSTRUCTURE,COUNTRY,AUT,EUR,Europe,YEAR,2024,TOBACCO_INDICATOR,TOBACCO_INDICATOR_R_excise_min_specific,,,,,,,Yes,,,,,2025-08-20T09:41:26Z,2024,2024-01-01,2024-12-31
8345609,TOBACCO_MPOWER_R_TAXSTRUCTURE,COUNTRY,TLS,SEAR,South-East Asia,YEAR,2024,TOBACCO_INDICATOR,TOBACCO_INDICATOR_R_eliquid_excise_device,,,,,,,—,,,,,2025-08-20T09:41:26Z,2024,2024-01-01,2024-12-31
8356434,TOBACCO_MPOWER_R_TAXSTRUCTURE,COUNTRY,PSE,EMR,Eastern Mediterranean,YEAR,2024,TOBACCO_INDICATOR,TOBACCO_INDICATOR_R_eliquid_excise_type,,,,,,,—,,,,,2025-08-20T09:41:26Z,2024,2024-01-01,2024-12-31
8358835,TOBACCO_MPOWER_R_TAXSTRUCTURE,COUNTRY,FIN,EUR,Europe,YEAR,2024,TOBACCO_INDICATOR,TOBACCO_INDICATOR_R_htp_excise_device,,,,,,,. . .,,,,,2025-08-20T09:41:26Z,2024,2024-01-01,2024-12-31
8367519,TOBACCO_MPOWER_R_TAXSTRUCTURE,COUNTRY,LKA,SEAR,South-East Asia,YEAR,2024,TOBACCO_INDICATOR,TOBACCO_INDICATOR_R_afford_price_gap_decreased,,,,,,,. . .,,,,,2025-08-20T09:41:26Z,2024,2024-01-01,2024-12-31
8369461,TOBACCO_MPOWER_R_TAXSTRUCTURE,COUNTRY,MNG,WPR,Western Pacific,YEAR,2024,TOBACCO_INDICATOR,TOBACCO_INDICATOR_R_excise_specific_reliance,,,,,,,—,,,,,2025-08-20T09:41:26Z,2024,2024-01-01,2024-12-31
8371870,TOBACCO_MPOWER_R_TAXSTRUCTURE,COUNTRY,MLI,AFR,Africa,YEAR,2024,TOBACCO_INDICATOR,TOBACCO_INDICATOR_R_min_price_policy,,,,,,,No,,,,,2025-08-20T09:41:26Z,2024,2024-01-01,2024-12-31
8373925,TOBACCO_MPOWER_R_TAXSTRUCTURE,COUNTRY,ESP,EUR,Europe,YEAR,2024,TOBACCO_INDICATOR,TOBACCO_INDICATOR_R_htp_excise_type_sticks,,,,,,,Ad valorem,,,,,2025-08-20T09:41:26Z,2024,2024-01-01,2024-12-31
8380050,TOBACCO_MPOWER_R_TAXSTRUCTURE,COUNTRY,ARM,EUR,Europe,YEAR,2024,TOBACCO_INDICATOR,TOBACCO_INDICATOR_R_eliquid_excise_device,,,,,,,No,,,,,2025-08-20T09:41:26Z,2024,2024-01-01,2024-12-31
8385223,TOBACCO_MPOWER_R_TAXSTRUCTURE,COUNTRY,UKR,EUR,Europe,YEAR,2024,TOBACCO_INDICATOR,TOBACCO_INDICATOR_R_afford_price_dispersion,,,,,,,69.63,69.63,,,,2025-08-20T09:41:26Z,2024,2024-01-01,2024-12-31
8387879,TOBACCO_MPOWER_R_TAXSTRUCTURE,COUNTRY,DOM,AMR,Americas,YEAR,2024,TOBACCO_INDICATOR,TOBACCO_INDICATOR_R_excise_uniform_varied,,,,,,,Yes,,,,,2025-08-20T09:41:26Z,2024,2024-01-01,2024-12-31
8390776,TOBACCO_MPOWER_R_TAXSTRUCTURE,COUNTRY,GAB,AFR,Africa,YEAR,2024,TOBACCO_INDICATOR,TOBACCO_INDICATOR_R_afford_price_gap_decreased,,,,,,,No,,,,,2025-08-20T09:41:26Z,2024,2024-01-01,2024-12-31
8395953,TOBACCO_MPOWER_R_TAXSTRUCTURE,COUNTRY,NIU,WPR,Western Pacific,YEAR,2024,TOBACCO_INDICATOR,TOBACCO_INDICATOR_R_eliquid_excise_type,,,,,,,. . .,,,,,2025-08-20T09:41:26Z,2024,2024-01-01,2024-12-31
8396677,TOBACCO_MPOWER_R_TAXSTRUCTURE,COUNTRY,POL,EUR,Europe,YEAR,2024,TOBACCO_INDICATOR,TOBACCO_INDICATOR_R_eliquid_excise_device,,,,,,,No,,,,,2025-08-20T09:41:26Z,2024,2024-01-01,2024-12-31
8402694,TOBACCO_MPOWER_R_TAXSTRUCTURE,COUNTRY,HND,AMR,Americas,YEAR,2024,TOBACCO_INDICATOR,TOBACCO_INDICATOR_R_afford_price_dispersion,,,,,,,70.59,70.59,,,,2025-08-20T09:41:26Z,2024,2024-01-01,2024-12-31
8404748,TOBACCO_MPOWER_R_TAXSTRUCTURE,COUNTRY,BEL,EUR,Europe,YEAR,2024,TOBACCO_INDICATOR,TOBACCO_INDICATOR_R_htp_excise_type_sticks,,,,,,,. . .,,,,,2025-08-20T09:41:26Z,2024,2024-01-01,2024-12-31
8406632,TOBACCO_MPOWER_R_TAXSTRUCTURE,COUNTRY,ETH,AFR,Africa,YEAR,2024,TOBACCO_INDICATOR,TOBACCO_INDICATOR_R_eliquid_excise_type,,,,,,,—,,,,,2025-08-20T09:41:26Z,2024,2024-01-01,2024-12-31
8408141,TOBACCO_MPOWER_R_TAXSTRUCTURE,COUNTRY,MHL,WPR,Western Pacific,YEAR,2024,TOBACCO_INDICATOR,TOBACCO_INDICATOR_R_excise_type,,,,,,,No excise,,,,,2025-08-20T09:41:26Z,2024,2024-01-01,2024-12-31
8418649,TOBACCO_MPOWER_R_TAXSTRUCTURE,COUNTRY,CMR,AFR,Africa,YEAR,2024,TOBACCO_INDICATOR,TOBACCO_INDICATOR_R_excise_min_specific,,,,,,,Yes,,,,,2025-08-20T09:41:26Z,2024,2024-01-01,2024-12-31
8422812,TOBACCO_MPOWER_R_TAXSTRUCTURE,COUNTRY,KOR,WPR,Western Pacific,YEAR,2024,TOBACCO_INDICATOR,TOBACCO_INDICATOR_R_excise_uniform_varied,,,,,,,Yes,,,,,2025-08-20T09:41:26Z,2024,2024-01-01,2024-12-31
8426203,TOBACCO_MPOWER_R_TAXSTRUCTURE,COUNTRY,COL,AMR,Americas,YEAR,2024,TOBACCO_INDICATOR,TOBACCO_INDICATOR_R_excise_min_specific,,,,,,,No,,,,,2025-08-20T09:41:26Z,2024,2024-01-01,2024-12-31
8431669,TOBACCO_MPOWER_R_TAXSTRUCTURE,COUNTRY,DOM,AMR,Americas,YEAR,2024,TOBACCO_INDICATOR,TOBACCO_INDICATOR_R_min_price_policy,,,,,,,No,,,,,2025-08-20T09:41:26Z,2024,2024-01-01,2024-12-31
8435918,TOBACCO_MPOWER_R_TAXSTRUCTURE,COUNTRY,MCO,EUR,Europe,YEAR,2024,TOBACCO_INDICATOR,TOBACCO_INDICATOR_R_eliquid_excise_nicotine,,,,,,,—,,,,,2025-08-20T09:41:26Z,2024,2024-01-01,2024-12-31
8436867,TOBACCO_MPOWER_R_TAXSTRUCTURE,COUNTRY,PRY,AMR,Americas,YEAR,2024,TOBACCO_INDICATOR,TOBACCO_INDICATOR_R_eliquid_excise_type,,,,,,,Ad valorem,,,,,2025-08-20T09:41:26Z,2024,2024-01-01,2024-12-31
8441304,TOBACCO_MPOWER_R_TAXSTRUCTURE,COUNTRY,ZMB,AFR,Africa,YEAR,2024,TOBACCO_INDICATOR,TOBACCO_INDICATOR_R_excise_specific_reliance,,,,,,,—,,,,,2025-08-20T09:41:26Z,2024,2024-01-01,2024-12-31
8444586,TOBACCO_MPOWER_R_TAXSTRUCTURE,COUNTRY,MHL,WPR,Western Pacific,YEAR,2024,TOBACCO_INDICATOR,TOBACCO_INDICATOR_R_eliquid_excise_nicotine,,,,,,,. . .,,,,,2025-08-20T09:41:26Z,2024,2024-01-01,2024-12-31
8447922,TOBACCO_MPOWER_R_TAXSTRUCTURE,COUNTRY,MCO,EUR,Europe,YEAR,2024,TOBACCO_INDICATOR,TOBACCO_INDICATOR_R_htp_excise_device,,,,,,,—,,,,,2025-08-20T09:41:26Z,2024,2024-01-01,2024-12-31
8463342,TOBACCO_MPOWER_R_TAXSTRUCTURE,COUNTRY,LUX,EUR,Europe,YEAR,2024,TOBACCO_INDICATOR,TOBACCO_INDICATOR_R_htp_excise_type_sticks,,,,,,,Mixed,,,,,2025-08-20T09:41:26Z,2024,2024-01-01,2024-12-31
8464922,TOBACCO_MPOWER_R_TAXSTRUCTURE,COUNTRY,COG,AFR,Africa,YEAR,2024,TOBACCO_INDICATOR,TOBACCO_INDICATOR_R_excise_retail_price_base,,,,,,,No,,,,,2025-08-20T09:41:26Z,2024,2024-01-01,2024-12-31
8466209,TOBACCO_MPOWER_R_TAXSTRUCTURE,COUNTRY,BFA,AFR,Africa,YEAR,2024,TOBACCO_INDICATOR,TOBACCO_INDICATOR_R_excise_specific_reliance,,,,,,,—,,,,,2025-08-20T09:41:26Z,2024,2024-01-01,2024-12-31
8479206,TOBACCO_MPOWER_R_TAXSTRUCTURE,COUNTRY,NOR,EUR,Europe,YEAR,2024,TOBACCO_INDICATOR,TOBACCO_INDICATOR_R_htp_excise_device,,,,,,,—,,,,,2025-08-20T09:41:26Z,2024,2024-01-01,2024-12-31
8484258,TOBACCO_MPOWER_R_TAXSTRUCTURE,COUNTRY,SLE,AFR,Africa,YEAR,2024,TOBACCO_INDICATOR,TOBACCO_INDICATOR_R_min_price_policy,,,,,,,No,,,,,2025-08-20T09:41:26Z,2024,2024-01-01,2024-12-31
8487846,TOBACCO_MPOWER_R_TAXSTRUCTURE,COUNTRY,JOR,EMR,Eastern Mediterranean,YEAR,2024,TOBACCO_INDICATOR,TOBACCO_INDICATOR_R_htp_excise_type_sticks,,,,,,,Specific,,,,,2025-08-20T09:41:26Z,2024,2024-01-01,2024-12-31
8492057,TOBACCO_MPOWER_R_TAXSTRUCTURE,COUNTRY,NOR,EUR,Europe,YEAR,2024,TOBACCO_INDICATOR,TOBACCO_INDICATOR_R_excise_uniform_varied,,,,,,,Yes,,,,,2025-08-20T09:41:26Z,2024,2024-01-01,2024-12-31
8493518,TOBACCO_MPOWER_R_TAXSTRUCTURE,COUNTRY,GRC,EUR,Europe,YEAR,2024,TOBACCO_INDICATOR,TOBACCO_INDICATOR_R_afford_price_gap_decreased,,,,,,,Yes,,,,,2025-08-20T09:41:26Z,2024,2024-01-01,2024-12-31
8494545,TOBACCO_MPOWER_R_TAXSTRUCTURE,COUNTRY,IDN,WPR,Western Pacific,YEAR,2024,TOBACCO_INDICATOR,TOBACCO_INDICATOR_R_excise_type,,,,,,,Specific,,,,,2025-08-20T09:41:26Z,2024,2024-01-01,2024-12-31
8496945,TOBACCO_MPOWER_R_TAXSTRUCTURE,COUNTRY,CYP,EUR,Europe,YEAR,2024,TOBACCO_INDICATOR,TOBACCO_INDICATOR_R_afford_tax_auto_adjust,,,,,,,No,,,,,2025-08-20T09:41:26Z,2024,2024-01-01,2024-12-31
8497756,TOBACCO_MPOWER_R_TAXSTRUCTURE,COUNTRY,LKA,SEAR,South-East Asia,YEAR,2024,TOBACCO_INDICATOR,TOBACCO_INDICATOR_R_excise_type,,,,,,,Specific,,,,,2025-08-20T09:41:26Z,2024,2024-01-01,2024-12-31
8497830,TOBACCO_MPOWER_R_TAXSTRUCTURE,COUNTRY,MDA,EUR,Europe,YEAR,2024,TOBACCO_INDICATOR,TOBACCO_INDICATOR_R_excise_retail_price_base,,,,,,,Yes,,,,,2025-08-20T09:41:26Z,2024,2024-01-01,2024-12-31
8501968,TOBACCO_MPOWER_R_TAXSTRUCTURE,COUNTRY,SMR,EUR,Europe,YEAR,2024,TOBACCO_INDICATOR,TOBACCO_INDICATOR_R_afford_price_dispersion,,,,,,,69.7,69.7,,,,2025-08-20T09:41:26Z,2024,2024-01-01,2024-12-31
8506439,TOBACCO_MPOWER_R_TAXSTRUCTURE,COUNTRY,BFA,AFR,Africa,YEAR,2024,TOBACCO_INDICATOR,TOBACCO_INDICATOR_R_afford_price_dispersion,,,,,,,59.09,59.09,,,,2025-08-20T09:41:26Z,2024,2024-01-01,2024-12-31
8506536,TOBACCO_MPOWER_R_TAXSTRUCTURE,COUNTRY,MRT,AFR,Africa,YEAR,2024,TOBACCO_INDICATOR,TOBACCO_INDICATOR_R_eliquid_excise_device,,,,,,,. . .,,,,,2025-08-20T09:41:26Z,2024,2024-01-01,2024-12-31
8520101,TOBACCO_MPOWER_R_TAXSTRUCTURE,COUNTRY,TLS,SEAR,South-East Asia,YEAR,2024,TOBACCO_INDICATOR,TOBACCO_INDICATOR_R_excise_type,,,,,,,Specific,,,,,2025-08-20T09:41:26Z,2024,2024-01-01,2024-12-31
8524950,TOBACCO_MPOWER_R_TAXSTRUCTURE,COUNTRY,AUT,EUR,Europe,YEAR,2024,TOBACCO_INDICATOR,TOBACCO_INDICATOR_R_excise_retail_price_base,,,,,,,Yes,,,,,2025-08-20T09:41:26Z,2024,2024-01-01,2024-12-31
8525822,TOBACCO_MPOWER_R_TAXSTRUCTURE,COUNTRY,AUS,WPR,Western Pacific,YEAR,2024,TOBACCO_INDICATOR,TOBACCO_INDICATOR_R_eliquid_excise_nicotine,,,,,,,—,,,,,2025-08-20T09:41:26Z,2024,2024-01-01,2024-12-31
8527308,TOBACCO_MPOWER_R_TAXSTRUCTURE,COUNTRY,CMR,AFR,Africa,YEAR,2024,TOBACCO_INDICATOR,TOBACCO_INDICATOR_R_htp_excise_device,,,,,,,. . .,,,,,2025-08-20T09:41:26Z,2024,2024-01-01,2024-12-31
8530690,TOBACCO_MPOWER_R_TAXSTRUCTURE,COUNTRY,PNG,WPR,Western Pacific,YEAR,2024,TOBACCO_INDICATOR,TOBACCO_INDICATOR_R_excise_min_specific,,,,,,,—,,,,,2025-08-20T09:41:26Z,2024,2024-01-01,2024-12-31
8535327,TOBACCO_MPOWER_R_TAXSTRUCTURE,COUNTRY,PRK,SEAR,South-East Asia,YEAR,2024,TOBACCO_INDICATOR,TOBACCO_INDICATOR_R_min_price_policy,,,,,,,. . .,,,,,2025-08-20T09:41:26Z,2024,2024-01-01,2024-12-31
8536314,TOBACCO_MPOWER_R_TAXSTRUCTURE,COUNTRY,COG,AFR,Africa,YEAR,2024,TOBACCO_INDICATOR,TOBACCO_INDICATOR_R_eliquid_excise_device,,,,,,,. . .,,,,,2025-08-20T09:41:26Z,2024,2024-01-01,2024-12-31
8539124,TOBACCO_MPOWER_R_TAXSTRUCTURE,COUNTRY,PAK,EMR,Eastern Mediterranean,YEAR,2024,TOBACCO_INDICATOR,TOBACCO_INDICATOR_R_excise_retail_price_base,,,,,,,—,,,,,2025-08-20T09:41:26Z,2024,2024-01-01,2024-12-31
8539234,TOBACCO_MPOWER_R_TAXSTRUCTURE,COUNTRY,SDN,EMR,Eastern Mediterranean,YEAR,2024,TOBACCO_INDICATOR,TOBACCO_INDICATOR_R_eliquid_excise_device,,,,,,,. . .,,,,,2025-08-20T09:41:26Z,2024,2024-01-01,2024-12-31
8540562,TOBACCO_MPOWER_R_TAXSTRUCTURE,COUNTRY,ZWE,AFR,Africa,YEAR,2024,TOBACCO_INDICATOR,TOBACCO_INDICATOR_R_min_price_policy,,,,,,,No,,,,,2025-08-20T09:41:26Z,2024,2024-01-01,2024-12-31
8542405,TOBACCO_MPOWER_R_TAXSTRUCTURE,COUNTRY,MDV,SEAR,South-East Asia,YEAR,2024,TOBACCO_INDICATOR,TOBACCO_INDICATOR_R_excise_uniform_varied,,,,,,,—,,,,,2025-08-20T09:41:26Z,2024,2024-01-01,2024-12-31
8548881,TOBACCO_MPOWER_R_TAXSTRUCTURE,COUNTRY,MLT,EUR,Europe,YEAR,2024,TOBACCO_INDICATOR,TOBACCO_INDICATOR_R_eliquid_excise_type,,,,,,,No excise,,,,,2025-08-20T09:41:26Z,2024,2024-01-01,2024-12-31
8550419,TOBACCO_MPOWER_R_TAXSTRUCTURE,COUNTRY,PER,AMR,Americas,YEAR,2024,TOBACCO_INDICATOR,TOBACCO_INDICATOR_R_excise_type,,,,,,,Specific,,,,,2025-08-20T09:41:26Z,2024,2024-01-01,2024-12-31
8551585,TOBACCO_MPOWER_R_TAXSTRUCTURE,COUNTRY,ATG,AMR,Americas,YEAR,2024,TOBACCO_INDICATOR,TOBACCO_INDICATOR_R_eliquid_excise_nicotine,,,,,,,—,,,,,2025-08-20T09:41:26Z,2024,2024-01-01,2024-12-31
8557232,TOBACCO_MPOWER_R_TAXSTRUCTURE,COUNTRY,GIN,AFR,Africa,YEAR,2024,TOBACCO_INDICATOR,TOBACCO_INDICATOR_R_afford_tax_auto_adjust,,,,,,,—,,,,,2025-08-20T09:41:26Z,2024,2024-01-01,2024-12-31
8559034,TOBACCO_MPOWER_R_TAXSTRUCTURE,COUNTRY,VCT,AMR,Americas,YEAR,2024,TOBACCO_INDICATOR,TOBACCO_INDICATOR_R_excise_type,,,,,,,Specific,,,,,2025-08-20T09:41:26Z,2024,2024-01-01,2024-12-31
8559093,TOBACCO_MPOWER_R_TAXSTRUCTURE,COUNTRY,HUN,EUR,Europe,YEAR,2024,TOBACCO_INDICATOR,TOBACCO_INDICATOR_R_excise_retail_price_base,,,,,,,Yes,,,,,2025-08-20T09:41:26Z,2024,2024-01-01,2024-12-31
8560193,TOBACCO_MPOWER_R_TAXSTRUCTURE,COUNTRY,GRD,AMR,Americas,YEAR,2024,TOBACCO_INDICATOR,TOBACCO_INDICATOR_R_excise_specific_reliance,,,,,,,—,,,,,2025-08-20T09:41:26Z,2024,2024-01-01,2024-12-31
8560527,TOBACCO_MPOWER_R_TAXSTRUCTURE,COUNTRY,MAR,EMR,Eastern Mediterranean,YEAR,2024,TOBACCO_INDICATOR,TOBACCO_INDICATOR_R_excise_uniform_varied,,,,,,,Yes,,,,,2025-08-20T09:41:26Z,2024,2024-01-01,2024-12-31
8562940,TOBACCO_MPOWER_R_TAXSTRUCTURE,COUNTRY,ROU,EUR,Europe,YEAR,2024,TOBACCO_INDICATOR,TOBACCO_INDICATOR_R_afford_price_dispersion,,,,,,,71.43,71.43,,,,2025-08-20T09:41:26Z,2024,2024-01-01,2024-12-31
8568035,TOBACCO_MPOWER_R_TAXSTRUCTURE,COUNTRY,LBR,AFR,Africa,YEAR,2024,TOBACCO_INDICATOR,TOBACCO_INDICATOR_R_afford_tax_auto_adjust,,,,,,,No,,,,,2025-08-20T09:41:26Z,2024,2024-01-01,2024-12-31
8583187,TOBACCO_MPOWER_R_TAXSTRUCTURE,COUNTRY,MHL,WPR,Western Pacific,YEAR,2024,TOBACCO_INDICATOR,TOBACCO_INDICATOR_R_htp_excise_device,,,,,,,. . .,,,,,2025-08-20T09:41:26Z,2024,2024-01-01,2024-12-31
8585216,TOBACCO_MPOWER_R_TAXSTRUCTURE,COUNTRY,MNE,EUR,Europe,YEAR,2024,TOBACCO_INDICATOR,TOBACCO_INDICATOR_R_eliquid_excise_device,,,,,,,No,,,,,2025-08-20T09:41:26Z,2024,2024-01-01,2024-12-31
8586920,TOBACCO_MPOWER_R_TAXSTRUCTURE,COUNTRY,SSD,AFR,Africa,YEAR,2024,TOBACCO_INDICATOR,TOBACCO_INDICATOR_R_excise_type,,,,,,,Ad valorem,,,,,2025-08-20T09:41:26Z,2024,2024-01-01,2024-12-31
8587358,TOBACCO_MPOWER_R_TAXSTRUCTURE,COUNTRY,KOR,WPR,Western Pacific,YEAR,2024,TOBACCO_INDICATOR,TOBACCO_INDICATOR_R_eliquid_excise_nicotine,,,,,,,nicotine only,,,,,2025-08-20T09:41:26Z,2024,2024-01-01,2024-12-31
8593667,TOBACCO_MPOWER_R_TAXSTRUCTURE,COUNTRY,SLV,AMR,Americas,YEAR,2024,TOBACCO_INDICATOR,TOBACCO_INDICATOR_R_excise_specific_reliance,,,,,,,No,,,,,2025-08-20T09:41:26Z,2024,2024-01-01,2024-12-31
8593919,TOBACCO_MPOWER_R_TAXSTRUCTURE,COUNTRY,SSD,AFR,Africa,YEAR,2024,TOBACCO_INDICATOR,TOBACCO_INDICATOR_R_afford_tax_auto_adjust,,,,,,,—,,,,,2025-08-20T09:41:26Z,2024,2024-01-01,2024-12-31
8595979,TOBACCO_MPOWER_R_TAXSTRUCTURE,COUNTRY,CMR,AFR,Africa,YEAR,2024,TOBACCO_INDICATOR,TOBACCO_INDICATOR_R_htp_excise_type_sticks,,,,,,,. . .,,,,,2025-08-20T09:41:26Z,2024,2024-01-01,2024-12-31
8596885,TOBACCO_MPOWER_R_TAXSTRUCTURE,COUNTRY,MYS,WPR,Western Pacific,YEAR,2024,TOBACCO_INDICATOR,TOBACCO_INDICATOR_R_eliquid_excise_device,,,,,,,. . .,,,,,2025-08-20T09:41:26Z,2024,2024-01-01,2024-12-31
8597721,TOBACCO_MPOWER_R_TAXSTRUCTURE,COUNTRY,BEL,EUR,Europe,YEAR,2024,TOBACCO_INDICATOR,TOBACCO_INDICATOR_R_excise_min_specific,,,,,,,Yes,,,,,2025-08-20T09:41:26Z,2024,2024-01-01,2024-12-31
8598876,TOBACCO_MPOWER_R_TAXSTRUCTURE,COUNTRY,MNG,WPR,Western Pacific,YEAR,2024,TOBACCO_INDICATOR,TOBACCO_INDICATOR_R_excise_uniform_varied,,,,,,,Yes,,,,,2025-08-20T09:41:26Z,2024,2024-01-01,2024-12-31
8600209,TOBACCO_MPOWER_R_TAXSTRUCTURE,COUNTRY,FJI,WPR,Western Pacific,YEAR,2024,TOBACCO_INDICATOR,TOBACCO_INDICATOR_R_min_price_policy,,,,,,,No,,,,,2025-08-20T09:41:26Z,2024,2024-01-01,2024-12-31
8607386,TOBACCO_MPOWER_R_TAXSTRUCTURE,COUNTRY,PRY,AMR,Americas,YEAR,2024,TOBACCO_INDICATOR,TOBACCO_INDICATOR_R_min_price_policy,,,,,,,No,,,,,2025-08-20T09:41:26Z,2024,2024-01-01,2024-12-31
8609120,TOBACCO_MPOWER_R_TAXSTRUCTURE,COUNTRY,BLR,EUR,Europe,YEAR,2024,TOBACCO_INDICATOR,TOBACCO_INDICATOR_R_afford_tax_auto_adjust,,,,,,,Yes,,,,,2025-08-20T09:41:26Z,2024,2024-01-01,2024-12-31
8610838,TOBACCO_MPOWER_R_TAXSTRUCTURE,COUNTRY,PNG,WPR,Western Pacific,YEAR,2024,TOBACCO_INDICATOR,TOBACCO_INDICATOR_R_afford_price_gap_decreased,,,,,,,Yes,,,,,2025-08-20T09:41:26Z,2024,2024-01-01,2024-12-31
8611287,TOBACCO_MPOWER_R_TAXSTRUCTURE,COUNTRY,VNM,WPR,Western Pacific,YEAR,2024,TOBACCO_INDICATOR,TOBACCO_INDICATOR_R_eliquid_excise_nicotine,,,,,,,—,,,,,2025-08-20T09:41:26Z,2024,2024-01-01,2024-12-31
8612829,TOBACCO_MPOWER_R_TAXSTRUCTURE,COUNTRY,DNK,EUR,Europe,YEAR,2024,TOBACCO_INDICATOR,TOBACCO_INDICATOR_R_min_price_policy,,,,,,,No,,,,,2025-08-20T09:41:26Z,2024,2024-01-01,2024-12-31
8613989,TOBACCO_MPOWER_R_TAXSTRUCTURE,COUNTRY,SEN,AFR,Africa,YEAR,2024,TOBACCO_INDICATOR,TOBACCO_INDICATOR_R_htp_excise_type_sticks,,,,,,,. . .,,,,,2025-08-20T09:41:26Z,2024,2024-01-01,2024-12-31
8615305,TOBACCO_MPOWER_R_TAXSTRUCTURE,COUNTRY,KOR,WPR,Western Pacific,YEAR,2024,TOBACCO_INDICATOR,TOBACCO_INDICATOR_R_excise_min_specific,,,,,,,—,,,,,2025-08-20T09:41:26Z,2024,2024-01-01,2024-12-31
8625377,TOBACCO_MPOWER_R_TAXSTRUCTURE,COUNTRY,CYP,EUR,Europe,YEAR,2024,TOBACCO_INDICATOR,TOBACCO_INDICATOR_R_excise_min_specific,,,,,,,Yes,,,,,2025-08-20T09:41:26Z,2024,2024-01-01,2024-12-31
8628082,TOBACCO_MPOWER_R_TAXSTRUCTURE,COUNTRY,KGZ,EUR,Europe,YEAR,2024,TOBACCO_INDICATOR,TOBACCO_INDICATOR_R_htp_excise_type_sticks,,,,,,,Specific,,,,,2025-08-20T09:41:26Z,2024,2024-01-01,2024-12-31
8628252,TOBACCO_MPOWER_R_TAXSTRUCTURE,COUNTRY,AUS,WPR,Western Pacific,YEAR,2024,TOBACCO_INDICATOR,TOBACCO_INDICATOR_R_excise_type,,,,,,,Specific,,,,,2025-08-20T09:41:26Z,2024,2024-01-01,2024-12-31
8630748,TOBACCO_MPOWER_R_TAXSTRUCTURE,COUNTRY,BEN,AFR,Africa,YEAR,2024,TOBACCO_INDICATOR,TOBACCO_INDICATOR_R_excise_type,,,,,,,Ad valorem,,,,,2025-08-20T09:41:26Z,2024,2024-01-01,2024-12-31
8632359,TOBACCO_MPOWER_R_TAXSTRUCTURE,COUNTRY,SAU,EMR,Eastern Mediterranean,YEAR,2024,TOBACCO_INDICATOR,TOBACCO_INDICATOR_R_excise_min_specific,,,,,,,Yes,,,,,2025-08-20T09:41:26Z,2024,2024-01-01,2024-12-31
8642589,TOBACCO_MPOWER_R_TAXSTRUCTURE,COUNTRY,DEU,EUR,Europe,YEAR,2024,TOBACCO_INDICATOR,TOBACCO_INDICATOR_R_excise_specific_reliance,,,,,,,Yes,,,,,2025-08-20T09:41:26Z,2024,2024-01-01,2024-12-31
8643551,TOBACCO_MPOWER_R_TAXSTRUCTURE,COUNTRY,MDG,AFR,Africa,YEAR,2024,TOBACCO_INDICATOR,TOBACCO_INDICATOR_R_excise_uniform_varied,,,,,,,No,,,,,2025-08-20T09:41:26Z,2024,2024-01-01,2024-12-31
8645839,TOBACCO_MPOWER_R_TAXSTRUCTURE,COUNTRY,GAB,AFR,Africa,YEAR,2024,TOBACCO_INDICATOR,TOBACCO_INDICATOR_R_excise_min_specific,,,,,,,No,,,,,2025-08-20T09:41:26Z,2024,2024-01-01,2024-12-31
8655148,TOBACCO_MPOWER_R_TAXSTRUCTURE,COUNTRY,LVA,EUR,Europe,YEAR,2024,TOBACCO_INDICATOR,TOBACCO_INDICATOR_R_afford_tax_auto_adjust,,,,,,,No,,,,,2025-08-20T09:41:26Z,2024,2024-01-01,2024-12-31
8657240,TOBACCO_MPOWER_R_TAXSTRUCTURE,COUNTRY,NOR,EUR,Europe,YEAR,2024,TOBACCO_INDICATOR,TOBACCO_INDICATOR_R_excise_type,,,,,,,Specific,,,,,2025-08-20T09:41:26Z,2024,2024-01-01,2024-12-31
8660394,TOBACCO_MPOWER_R_TAXSTRUCTURE,COUNTRY,ARM,EUR,Europe,YEAR,2024,TOBACCO_INDICATOR,TOBACCO_INDICATOR_R_min_price_policy,,,,,,,No,,,,,2025-08-20T09:41:26Z,2024,2024-01-01,2024-12-31
8669694,TOBACCO_MPOWER_R_TAXSTRUCTURE,COUNTRY,NRU,WPR,Western Pacific,YEAR,2024,TOBACCO_INDICATOR,TOBACCO_INDICATOR_R_htp_excise_type_sticks,,,,,,,—,,,,,2025-08-20T09:41:26Z,2024,2024-01-01,2024-12-31
8669872,TOBACCO_MPOWER_R_TAXSTRUCTURE,COUNTRY,GUY,AMR,Americas,YEAR,2024,TOBACCO_INDICATOR,TOBACCO_INDICATOR_R_afford_price_dispersion,,,,,,,. . .,,,,,2025-08-20T09:41:26Z,2024,2024-01-01,2024-12-31
8674773,TOBACCO_MPOWER_R_TAXSTRUCTURE,COUNTRY,WSM,WPR,Western Pacific,YEAR,2024,TOBACCO_INDICATOR,TOBACCO_INDICATOR_R_min_price_policy,,,,,,,No,,,,,2025-08-20T09:41:26Z,2024,2024-01-01,2024-12-31
8678344,TOBACCO_MPOWER_R_TAXSTRUCTURE,COUNTRY,DZA,AFR,Africa,YEAR,2024,TOBACCO_INDICATOR,TOBACCO_INDICATOR_R_excise_uniform_varied,,,,,,,No,,,,,2025-08-20T09:41:26Z,2024,2024-01-01,2024-12-31
8679455,TOBACCO_MPOWER_R_TAXSTRUCTURE,COUNTRY,TKM,EUR,Europe,YEAR,2024,TOBACCO_INDICATOR,TOBACCO_INDICATOR_R_eliquid_excise_device,,,,,,,—,,,,,2025-08-20T09:41:26Z,2024,2024-01-01,2024-12-31
8682118,TOBACCO_MPOWER_R_TAXSTRUCTURE,COUNTRY,URY,AMR,Americas,YEAR,2024,TOBACCO_INDICATOR,TOBACCO_INDICATOR_R_eliquid_excise_type,,,,,,,—,,,,,2025-08-20T09:41:26Z,2024,2024-01-01,2024-12-31
8689920,TOBACCO_MPOWER_R_TAXSTRUCTURE,COUNTRY,KIR,WPR,Western Pacific,YEAR,2024,TOBACCO_INDICATOR,TOBACCO_INDICATOR_R_min_price_policy,,,,,,,No,,,,,2025-08-20T09:41:26Z,2024,2024-01-01,2024-12-31
8690023,TOBACCO_MPOWER_R_TAXSTRUCTURE,COUNTRY,LUX,EUR,Europe,YEAR,2024,TOBACCO_INDICATOR,TOBACCO_INDICATOR_R_eliquid_excise_nicotine,,,,,,,—,,,,"A tax on e-liquids took effect from Oct 1, 2024.",2025-08-20T09:41:26Z,2024,2024-01-01,2024-12-31
8690588,TOBACCO_MPOWER_R_TAXSTRUCTURE,COUNTRY,MOZ,AFR,Africa,YEAR,2024,TOBACCO_INDICATOR,TOBACCO_INDICATOR_R_excise_min_specific,,,,,,,—,,,,,2025-08-20T09:41:26Z,2024,2024-01-01,2024-12-31
8693377,TOBACCO_MPOWER_R_TAXSTRUCTURE,COUNTRY,ZWE,AFR,Africa,YEAR,2024,TOBACCO_INDICATOR,TOBACCO_INDICATOR_R_eliquid_excise_type,,,,,,,. . .,,,,,2025-08-20T09:41:26Z,2024,2024-01-01,2024-12-31
8693807,TOBACCO_MPOWER_R_TAXSTRUCTURE,COUNTRY,DNK,EUR,Europe,YEAR,2024,TOBACCO_INDICATOR,TOBACCO_INDICATOR_R_excise_uniform_varied,,,,,,,Yes,,,,,2025-08-20T09:41:26Z,2024,2024-01-01,2024-12-31
8701279,TOBACCO_MPOWER_R_TAXSTRUCTURE,COUNTRY,BOL,AMR,Americas,YEAR,2024,TOBACCO_INDICATOR,TOBACCO_INDICATOR_R_excise_specific_reliance,,,,,,,—,,,,,2025-08-20T09:41:26Z,2024,2024-01-01,2024-12-31
8704447,TOBACCO_MPOWER_R_TAXSTRUCTURE,COUNTRY,VNM,WPR,Western Pacific,YEAR,2024,TOBACCO_INDICATOR,TOBACCO_INDICATOR_R_excise_specific_reliance,,,,,,,—,,,,,2025-08-20T09:41:26Z,2024,2024-01-01,2024-12-31
8706592,TOBACCO_MPOWER_R_TAXSTRUCTURE,COUNTRY,SYC,AFR,Africa,YEAR,2024,TOBACCO_INDICATOR,TOBACCO_INDICATOR_R_afford_price_gap_decreased,,,,,,,. . .,,,,,2025-08-20T09:41:26Z,2024,2024-01-01,2024-12-31
8708908,TOBACCO_MPOWER_R_TAXSTRUCTURE,COUNTRY,VUT,WPR,Western Pacific,YEAR,2024,TOBACCO_INDICATOR,TOBACCO_INDICATOR_R_htp_excise_device,,,,,,,—,,,,,2025-08-20T09:41:26Z,2024,2024-01-01,2024-12-31
8710767,TOBACCO_MPOWER_R_TAXSTRUCTURE,COUNTRY,SUR,AMR,Americas,YEAR,2024,TOBACCO_INDICATOR,TOBACCO_INDICATOR_R_afford_tax_auto_adjust,,,,,,,No,,,,,2025-08-20T09:41:26Z,2024,2024-01-01,2024-12-31
8711985,TOBACCO_MPOWER_R_TAXSTRUCTURE,COUNTRY,SEN,AFR,Africa,YEAR,2024,TOBACCO_INDICATOR,TOBACCO_INDICATOR_R_afford_tax_auto_adjust,,,,,,,—,,,,,2025-08-20T09:41:26Z,2024,2024-01-01,2024-12-31
8715341,TOBACCO_MPOWER_R_TAXSTRUCTURE,COUNTRY,CUB,AMR,Americas,YEAR,2024,TOBACCO_INDICATOR,TOBACCO_INDICATOR_R_eliquid_excise_nicotine,,,,,,,. . .,,,,,2025-08-20T09:41:26Z,2024,2024-01-01,2024-12-31
8715402,TOBACCO_MPOWER_R_TAXSTRUCTURE,COUNTRY,BHR,EMR,Eastern Mediterranean,YEAR,2024,TOBACCO_INDICATOR,TOBACCO_INDICATOR_R_min_price_policy,,,,,,,No,,,,,2025-08-20T09:41:26Z,2024,2024-01-01,2024-12-31
8721251,TOBACCO_MPOWER_R_TAXSTRUCTURE,COUNTRY,MDG,AFR,Africa,YEAR,2024,TOBACCO_INDICATOR,TOBACCO_INDICATOR_R_afford_price_dispersion,,,,,,,50,50,,,,2025-08-20T09:41:26Z,2024,2024-01-01,2024-12-31
8728831,TOBACCO_MPOWER_R_TAXSTRUCTURE,COUNTRY,MWI,AFR,Africa,YEAR,2024,TOBACCO_INDICATOR,TOBACCO_INDICATOR_R_min_price_policy,,,,,,,No,,,,,2025-08-20T09:41:26Z,2024,2024-01-01,2024-12-31
8729265,TOBACCO_MPOWER_R_TAXSTRUCTURE,COUNTRY,SLB,WPR,Western Pacific,YEAR,2024,TOBACCO_INDICATOR,TOBACCO_INDICATOR_R_excise_type,,,,,,,Specific,,,,,2025-08-20T09:41:26Z,2024,2024-01-01,2024-12-31
8734549,TOBACCO_MPOWER_R_TAXSTRUCTURE,COUNTRY,MMR,SEAR,South-East Asia,YEAR,2024,TOBACCO_INDICATOR,TOBACCO_INDICATOR_R_excise_type,,,,,,,Specific,,,,,2025-08-20T09:41:26Z,2024,2024-01-01,2024-12-31
8735819,TOBACCO_MPOWER_R_TAXSTRUCTURE,COUNTRY,HUN,EUR,Europe,YEAR,2024,TOBACCO_INDICATOR,TOBACCO_INDICATOR_R_eliquid_excise_nicotine,,,,,,,all e-liquids,,,,,2025-08-20T09:41:26Z,2024,2024-01-01,2024-12-31
8736515,TOBACCO_MPOWER_R_TAXSTRUCTURE,COUNTRY,CUB,AMR,Americas,YEAR,2024,TOBACCO_INDICATOR,TOBACCO_INDICATOR_R_excise_specific_reliance,,,,,,,No,,,,,2025-08-20T09:41:26Z,2024,2024-01-01,2024-12-31
8736555,TOBACCO_MPOWER_R_TAXSTRUCTURE,COUNTRY,SYC,AFR,Africa,YEAR,2024,TOBACCO_INDICATOR,TOBACCO_INDICATOR_R_afford_price_dispersion,,,,,,,39.41,39.41,,,,2025-08-20T09:41:26Z,2024,2024-01-01,2024-12-31
8739186,TOBACCO_MPOWER_R_TAXSTRUCTURE,COUNTRY,KAZ,EUR,Europe,YEAR,2024,TOBACCO_INDICATOR,TOBACCO_INDICATOR_R_excise_retail_price_base,,,,,,,—,,,,,2025-08-20T09:41:26Z,2024,2024-01-01,2024-12-31
8743170,TOBACCO_MPOWER_R_TAXSTRUCTURE,COUNTRY,EGY,EMR,Eastern Mediterranean,YEAR,2024,TOBACCO_INDICATOR,TOBACCO_INDICATOR_R_afford_tax_auto_adjust,,,,,,,No,,,,,2025-08-20T09:41:26Z,2024,2024-01-01,2024-12-31
8745142,TOBACCO_MPOWER_R_TAXSTRUCTURE,COUNTRY,MDG,AFR,Africa,YEAR,2024,TOBACCO_INDICATOR,TOBACCO_INDICATOR_R_excise_specific_reliance,,,,,,,—,,,,,2025-08-20T09:41:26Z,2024,2024-01-01,2024-12-31
8746073,TOBACCO_MPOWER_R_TAXSTRUCTURE,COUNTRY,SYR,EMR,Eastern Mediterranean,YEAR,2024,TOBACCO_INDICATOR,TOBACCO_INDICATOR_R_excise_retail_price_base,,,,,,,Yes,,,,,2025-08-20T09:41:26Z,2024,2024-01-01,2024-12-31
8748098,TOBACCO_MPOWER_R_TAXSTRUCTURE,COUNTRY,ZAF,AFR,Africa,YEAR,2024,TOBACCO_INDICATOR,TOBACCO_INDICATOR_R_eliquid_excise_nicotine,,,,,,,all e-liquids,,,,,2025-08-20T09:41:26Z,2024,2024-01-01,2024-12-31
8748201,TOBACCO_MPOWER_R_TAXSTRUCTURE,COUNTRY,KEN,AFR,Africa,YEAR,2024,TOBACCO_INDICATOR,TOBACCO_INDICATOR_R_afford_price_dispersion,,,,,,,30.19,30.19,,,,2025-08-20T09:41:26Z,2024,2024-01-01,2024-12-31
8748249,TOBACCO_MPOWER_R_TAXSTRUCTURE,COUNTRY,VNM,WPR,Western Pacific,YEAR,2024,TOBACCO_INDICATOR,TOBACCO_INDICATOR_R_excise_retail_price_base,,,,,,,No,,,,,2025-08-20T09:41:26Z,2024,2024-01-01,2024-12-31
8748429,TOBACCO_MPOWER_R_TAXSTRUCTURE,COUNTRY,BHR,EMR,Eastern Mediterranean,YEAR,2024,TOBACCO_INDICATOR,TOBACCO_INDICATOR_R_afford_price_gap_decreased,,,,,,,Yes,,,,,2025-08-20T09:41:26Z,2024,2024-01-01,2024-12-31
8756329,TOBACCO_MPOWER_R_TAXSTRUCTURE,COUNTRY,SLV,AMR,Americas,YEAR,2024,TOBACCO_INDICATOR,TOBACCO_INDICATOR_R_afford_tax_auto_adjust,,,,,,,No,,,,,2025-08-20T09:41:26Z,2024,2024-01-01,2024-12-31
8758610,TOBACCO_MPOWER_R_TAXSTRUCTURE,COUNTRY,BTN,SEAR,South-East Asia,YEAR,2024,TOBACCO_INDICATOR,TOBACCO_INDICATOR_R_afford_price_gap_decreased,,,,,,,. . .,,,,,2025-08-20T09:41:26Z,2024,2024-01-01,2024-12-31
8759435,TOBACCO_MPOWER_R_TAXSTRUCTURE,COUNTRY,SLV,AMR,Americas,YEAR,2024,TOBACCO_INDICATOR,TOBACCO_INDICATOR_R_excise_uniform_varied,,,,,,,Yes,,,,,2025-08-20T09:41:26Z,2024,2024-01-01,2024-12-31
8761384,TOBACCO_MPOWER_R_TAXSTRUCTURE,COUNTRY,ARG,AMR,Americas,YEAR,2024,TOBACCO_INDICATOR,TOBACCO_INDICATOR_R_afford_price_dispersion,,,,,,,40.06,40.06,,,,2025-08-20T09:41:26Z,2024,2024-01-01,2024-12-31
8761710,TOBACCO_MPOWER_R_TAXSTRUCTURE,COUNTRY,AZE,EUR,Europe,YEAR,2024,TOBACCO_INDICATOR,TOBACCO_INDICATOR_R_excise_type,,,,,,,Specific,,,,,2025-08-20T09:41:26Z,2024,2024-01-01,2024-12-31
8766479,TOBACCO_MPOWER_R_TAXSTRUCTURE,COUNTRY,IRL,EUR,Europe,YEAR,2024,TOBACCO_INDICATOR,TOBACCO_INDICATOR_R_excise_retail_price_base,,,,,,,Yes,,,,,2025-08-20T09:41:26Z,2024,2024-01-01,2024-12-31
8767010,TOBACCO_MPOWER_R_TAXSTRUCTURE,COUNTRY,MYS,WPR,Western Pacific,YEAR,2024,TOBACCO_INDICATOR,TOBACCO_INDICATOR_R_excise_retail_price_base,,,,,,,—,,,,,2025-08-20T09:41:26Z,2024,2024-01-01,2024-12-31
8767816,TOBACCO_MPOWER_R_TAXSTRUCTURE,COUNTRY,GEO,EUR,Europe,YEAR,2024,TOBACCO_INDICATOR,TOBACCO_INDICATOR_R_htp_excise_type_sticks,,,,,,,Mixed,,,,,2025-08-20T09:41:26Z,2024,2024-01-01,2024-12-31
8768389,TOBACCO_MPOWER_R_TAXSTRUCTURE,COUNTRY,MNG,WPR,Western Pacific,YEAR,2024,TOBACCO_INDICATOR,TOBACCO_INDICATOR_R_min_price_policy,,,,,,,No,,,,,2025-08-20T09:41:26Z,2024,2024-01-01,2024-12-31
8768881,TOBACCO_MPOWER_R_TAXSTRUCTURE,COUNTRY,PRY,AMR,Americas,YEAR,2024,TOBACCO_INDICATOR,TOBACCO_INDICATOR_R_excise_specific_reliance,,,,,,,—,,,,,2025-08-20T09:41:26Z,2024,2024-01-01,2024-12-31
8775472,TOBACCO_MPOWER_R_TAXSTRUCTURE,COUNTRY,ISL,EUR,Europe,YEAR,2024,TOBACCO_INDICATOR,TOBACCO_INDICATOR_R_excise_uniform_varied,,,,,,,Yes,,,,,2025-08-20T09:41:26Z,2024,2024-01-01,2024-12-31
8776301,TOBACCO_MPOWER_R_TAXSTRUCTURE,COUNTRY,SWE,EUR,Europe,YEAR,2024,TOBACCO_INDICATOR,TOBACCO_INDICATOR_R_afford_price_dispersion,,,,,,,83.33,83.33,,,,2025-08-20T09:41:26Z,2024,2024-01-01,2024-12-31
8778033,TOBACCO_MPOWER_R_TAXSTRUCTURE,COUNTRY,STP,AFR,Africa,YEAR,2024,TOBACCO_INDICATOR,TOBACCO_INDICATOR_R_htp_excise_type_sticks,,,,,,,. . .,,,,,2025-08-20T09:41:26Z,2024,2024-01-01,2024-12-31
8781359,TOBACCO_MPOWER_R_TAXSTRUCTURE,COUNTRY,USA,AMR,Americas,YEAR,2024,TOBACCO_INDICATOR,TOBACCO_INDICATOR_R_excise_type,,,,,,,Specific,,,,,2025-08-20T09:41:26Z,2024,2024-01-01,2024-12-31
8782032,TOBACCO_MPOWER_R_TAXSTRUCTURE,COUNTRY,ERI,AFR,Africa,YEAR,2024,TOBACCO_INDICATOR,TOBACCO_INDICATOR_R_excise_min_specific,,,,,,,Yes,,,,,2025-08-20T09:41:26Z,2024,2024-01-01,2024-12-31
8785209,TOBACCO_MPOWER_R_TAXSTRUCTURE,COUNTRY,ISL,EUR,Europe,YEAR,2024,TOBACCO_INDICATOR,TOBACCO_INDICATOR_R_excise_retail_price_base,,,,,,,—,,,,,2025-08-20T09:41:26Z,2024,2024-01-01,2024-12-31
8786660,TOBACCO_MPOWER_R_TAXSTRUCTURE,COUNTRY,MCO,EUR,Europe,YEAR,2024,TOBACCO_INDICATOR,TOBACCO_INDICATOR_R_afford_price_dispersion,,,,,,,87.2,87.2,,,,2025-08-20T09:41:26Z,2024,2024-01-01,2024-12-31
8788629,TOBACCO_MPOWER_R_TAXSTRUCTURE,COUNTRY,JPN,WPR,Western Pacific,YEAR,2024,TOBACCO_INDICATOR,TOBACCO_INDICATOR_R_htp_excise_type_sticks,,,,,,,Specific,,,,,2025-08-20T09:41:26Z,2024,2024-01-01,2024-12-31
8803143,TOBACCO_MPOWER_R_TAXSTRUCTURE,COUNTRY,ISL,EUR,Europe,YEAR,2024,TOBACCO_INDICATOR,TOBACCO_INDICATOR_R_excise_type,,,,,,,Specific,,,,,2025-08-20T09:41:26Z,2024,2024-01-01,2024-12-31
8807513,TOBACCO_MPOWER_R_TAXSTRUCTURE,COUNTRY,TTO,AMR,Americas,YEAR,2024,TOBACCO_INDICATOR,TOBACCO_INDICATOR_R_afford_price_dispersion,,,,,,,. . .,,,,,2025-08-20T09:41:26Z,2024,2024-01-01,2024-12-31
8807950,TOBACCO_MPOWER_R_TAXSTRUCTURE,COUNTRY,AGO,AFR,Africa,YEAR,2024,TOBACCO_INDICATOR,TOBACCO_INDICATOR_R_eliquid_excise_type,,,,,,,. . .,,,,,2025-08-20T09:41:26Z,2024,2024-01-01,2024-12-31
8808523,TOBACCO_MPOWER_R_TAXSTRUCTURE,COUNTRY,IRQ,EMR,Eastern Mediterranean,YEAR,2024,TOBACCO_INDICATOR,TOBACCO_INDICATOR_R_eliquid_excise_nicotine,,,,,,,—,,,,,2025-08-20T09:41:26Z,2024,2024-01-01,2024-12-31
8810261,TOBACCO_MPOWER_R_TAXSTRUCTURE,COUNTRY,ISL,EUR,Europe,YEAR,2024,TOBACCO_INDICATOR,TOBACCO_INDICATOR_R_htp_excise_device,,,,,,,No,,,,"Collection of excise on nicotine products, e-cigarettes and refills for e-cigarettes (imported as well as produced in Iceland) begins 1 January 2025.",2025-08-20T09:41:26Z,2024,2024-01-01,2024-12-31
8814062,TOBACCO_MPOWER_R_TAXSTRUCTURE,COUNTRY,LCA,AMR,Americas,YEAR,2024,TOBACCO_INDICATOR,TOBACCO_INDICATOR_R_excise_min_specific,,,,,,,—,,,,,2025-08-20T09:41:26Z,2024,2024-01-01,2024-12-31
8815439,TOBACCO_MPOWER_R_TAXSTRUCTURE,COUNTRY,NZL,WPR,Western Pacific,YEAR,2024,TOBACCO_INDICATOR,TOBACCO_INDICATOR_R_afford_tax_auto_adjust,,,,,,,Yes,,,,"Annual adjustment, though not compulsory; the rate of the increase is based on the increase in the “All Groups Consumers Price Index (excluding credit services)” An Order in Council is needed for the annual indexation adjustment.",2025-08-20T09:41:26Z,2024,2024-01-01,2024-12-31
8820876,TOBACCO_MPOWER_R_TAXSTRUCTURE,COUNTRY,AUT,EUR,Europe,YEAR,2024,TOBACCO_INDICATOR,TOBACCO_INDICATOR_R_htp_excise_type_sticks,,,,,,,Specific,,,,,2025-08-20T09:41:26Z,2024,2024-01-01,2024-12-31
8820924,TOBACCO_MPOWER_R_TAXSTRUCTURE,COUNTRY,GNQ,AFR,Africa,YEAR,2024,TOBACCO_INDICATOR,TOBACCO_INDICATOR_R_afford_price_dispersion,,,,,,,50,50,,,,2025-08-20T09:41:26Z,2024,2024-01-01,2024-12-31
8827632,TOBACCO_MPOWER_R_TAXSTRUCTURE,COUNTRY,MEX,AMR,Americas,YEAR,2024,TOBACCO_INDICATOR,TOBACCO_INDICATOR_R_eliquid_excise_type,,,,,,,—,,,,ENNDS and ENNDS products circulation and sale banned since 31 May 2022.,2025-08-20T09:41:26Z,2024,2024-01-01,2024-12-31
8828154,TOBACCO_MPOWER_R_TAXSTRUCTURE,COUNTRY,PHL,WPR,Western Pacific,YEAR,2024,TOBACCO_INDICATOR,TOBACCO_INDICATOR_R_min_price_policy,,,,,,,No,,,,,2025-08-20T09:41:26Z,2024,2024-01-01,2024-12-31
8840311,TOBACCO_MPOWER_R_TAXSTRUCTURE,COUNTRY,CHE,EUR,Europe,YEAR,2024,TOBACCO_INDICATOR,TOBACCO_INDICATOR_R_eliquid_excise_device,,,,,,,—,,,,,2025-08-20T09:41:26Z,2024,2024-01-01,2024-12-31
8842061,TOBACCO_MPOWER_R_TAXSTRUCTURE,COUNTRY,LUX,EUR,Europe,YEAR,2024,TOBACCO_INDICATOR,TOBACCO_INDICATOR_R_excise_retail_price_base,,,,,,,Yes,,,,,2025-08-20T09:41:26Z,2024,2024-01-01,2024-12-31
8848376,TOBACCO_MPOWER_R_TAXSTRUCTURE,COUNTRY,CMR,AFR,Africa,YEAR,2024,TOBACCO_INDICATOR,TOBACCO_INDICATOR_R_eliquid_excise_type,,,,,,,. . .,,,,,2025-08-20T09:41:26Z,2024,2024-01-01,2024-12-31
8849077,TOBACCO_MPOWER_R_TAXSTRUCTURE,COUNTRY,LAO,WPR,Western Pacific,YEAR,2024,TOBACCO_INDICATOR,TOBACCO_INDICATOR_R_eliquid_excise_device,,,,,,,—,,,,,2025-08-20T09:41:26Z,2024,2024-01-01,2024-12-31
8849220,TOBACCO_MPOWER_R_TAXSTRUCTURE,COUNTRY,ZAF,AFR,Africa,YEAR,2024,TOBACCO_INDICATOR,TOBACCO_INDICATOR_R_excise_min_specific,,,,,,,—,,,,,2025-08-20T09:41:26Z,2024,2024-01-01,2024-12-31
8850875,TOBACCO_MPOWER_R_TAXSTRUCTURE,COUNTRY,GNB,AFR,Africa,YEAR,2024,TOBACCO_INDICATOR,TOBACCO_INDICATOR_R_min_price_policy,,,,,,,No,,,,,2025-08-20T09:41:26Z,2024,2024-01-01,2024-12-31
8853695,TOBACCO_MPOWER_R_TAXSTRUCTURE,COUNTRY,CZE,EUR,Europe,YEAR,2024,TOBACCO_INDICATOR,TOBACCO_INDICATOR_R_excise_specific_reliance,,,,,,,No,,,,,2025-08-20T09:41:26Z,2024,2024-01-01,2024-12-31
8854343,TOBACCO_MPOWER_R_TAXSTRUCTURE,COUNTRY,RUS,EUR,Europe,YEAR,2024,TOBACCO_INDICATOR,TOBACCO_INDICATOR_R_htp_excise_device,,,,,,,No,,,,,2025-08-20T09:41:26Z,2024,2024-01-01,2024-12-31
8855400,TOBACCO_MPOWER_R_TAXSTRUCTURE,COUNTRY,BEL,EUR,Europe,YEAR,2024,TOBACCO_INDICATOR,TOBACCO_INDICATOR_R_htp_excise_device,,,,,,,. . .,,,,,2025-08-20T09:41:26Z,2024,2024-01-01,2024-12-31
8856180,TOBACCO_MPOWER_R_TAXSTRUCTURE,COUNTRY,JAM,AMR,Americas,YEAR,2024,TOBACCO_INDICATOR,TOBACCO_INDICATOR_R_excise_min_specific,,,,,,,—,,,,Data not validated by the national authorities.,2025-08-20T09:41:26Z,2024,2024-01-01,2024-12-31
8858923,TOBACCO_MPOWER_R_TAXSTRUCTURE,COUNTRY,IRN,EMR,Eastern Mediterranean,YEAR,2024,TOBACCO_INDICATOR,TOBACCO_INDICATOR_R_afford_price_gap_decreased,,,,,,,Yes,,,,,2025-08-20T09:41:26Z,2024,2024-01-01,2024-12-31
8864826,TOBACCO_MPOWER_R_TAXSTRUCTURE,COUNTRY,BHS,AMR,Americas,YEAR,2024,TOBACCO_INDICATOR,TOBACCO_INDICATOR_R_excise_min_specific,,,,,,,—,,,,,2025-08-20T09:41:26Z,2024,2024-01-01,2024-12-31
8867439,TOBACCO_MPOWER_R_TAXSTRUCTURE,COUNTRY,HRV,EUR,Europe,YEAR,2024,TOBACCO_INDICATOR,TOBACCO_INDICATOR_R_excise_uniform_varied,,,,,,,Yes,,,,,2025-08-20T09:41:26Z,2024,2024-01-01,2024-12-31
8878480,TOBACCO_MPOWER_R_TAXSTRUCTURE,COUNTRY,BRB,AMR,Americas,YEAR,2024,TOBACCO_INDICATOR,TOBACCO_INDICATOR_R_eliquid_excise_type,,,,,,,. . .,,,,,2025-08-20T09:41:26Z,2024,2024-01-01,2024-12-31
8884638,TOBACCO_MPOWER_R_TAXSTRUCTURE,COUNTRY,SEN,AFR,Africa,YEAR,2024,TOBACCO_INDICATOR,TOBACCO_INDICATOR_R_excise_uniform_varied,,,,,,,Yes,,,,,2025-08-20T09:41:26Z,2024,2024-01-01,2024-12-31
8900805,TOBACCO_MPOWER_R_TAXSTRUCTURE,COUNTRY,MAR,EMR,Eastern Mediterranean,YEAR,2024,TOBACCO_INDICATOR,TOBACCO_INDICATOR_R_afford_tax_auto_adjust,,,,,,,Yes,,,,,2025-08-20T09:41:26Z,2024,2024-01-01,2024-12-31
8902397,TOBACCO_MPOWER_R_TAXSTRUCTURE,COUNTRY,TLS,SEAR,South-East Asia,YEAR,2024,TOBACCO_INDICATOR,TOBACCO_INDICATOR_R_excise_retail_price_base,,,,,,,—,,,,,2025-08-20T09:41:26Z,2024,2024-01-01,2024-12-31
8903362,TOBACCO_MPOWER_R_TAXSTRUCTURE,COUNTRY,BGR,EUR,Europe,YEAR,2024,TOBACCO_INDICATOR,TOBACCO_INDICATOR_R_eliquid_excise_type,,,,,,,Specific,,,,,2025-08-20T09:41:26Z,2024,2024-01-01,2024-12-31
8911855,TOBACCO_MPOWER_R_TAXSTRUCTURE,COUNTRY,NER,AFR,Africa,YEAR,2024,TOBACCO_INDICATOR,TOBACCO_INDICATOR_R_excise_retail_price_base,,,,,,,No,,,,,2025-08-20T09:41:26Z,2024,2024-01-01,2024-12-31
8912495,TOBACCO_MPOWER_R_TAXSTRUCTURE,COUNTRY,FIN,EUR,Europe,YEAR,2024,TOBACCO_INDICATOR,TOBACCO_INDICATOR_R_afford_price_gap_decreased,,,,,,,No,,,,,2025-08-20T09:41:26Z,2024,2024-01-01,2024-12-31
8913219,TOBACCO_MPOWER_R_TAXSTRUCTURE,COUNTRY,VEN,AMR,Americas,YEAR,2024,TOBACCO_INDICATOR,TOBACCO_INDICATOR_R_excise_retail_price_base,,,,,,,Yes,,,,Data not validated by the national authorities.,2025-08-20T09:41:26Z,2024,2024-01-01,2024-12-31
8913671,TOBACCO_MPOWER_R_TAXSTRUCTURE,COUNTRY,IDN,WPR,Western Pacific,YEAR,2024,TOBACCO_INDICATOR,TOBACCO_INDICATOR_R_eliquid_excise_device,,,,,,,No,,,,,2025-08-20T09:41:26Z,2024,2024-01-01,2024-12-31
8916940,TOBACCO_MPOWER_R_TAXSTRUCTURE,COUNTRY,MLT,EUR,Europe,YEAR,2024,TOBACCO_INDICATOR,TOBACCO_INDICATOR_R_htp_excise_device,,,,,,,—,,,,,2025-08-20T09:41:26Z,2024,2024-01-01,2024-12-31
8919481,TOBACCO_MPOWER_R_TAXSTRUCTURE,COUNTRY,GUY,AMR,Americas,YEAR,2024,TOBACCO_INDICATOR,TOBACCO_INDICATOR_R_min_price_policy,,,,,,,No,,,,,2025-08-20T09:41:26Z,2024,2024-01-01,2024-12-31
8922243,TOBACCO_MPOWER_R_TAXSTRUCTURE,COUNTRY,BOL,AMR,Americas,YEAR,2024,TOBACCO_INDICATOR,TOBACCO_INDICATOR_R_htp_excise_type_sticks,,,,,,,. . .,,,,,2025-08-20T09:41:26Z,2024,2024-01-01,2024-12-31
8925159,TOBACCO_MPOWER_R_TAXSTRUCTURE,COUNTRY,VEN,AMR,Americas,YEAR,2024,TOBACCO_INDICATOR,TOBACCO_INDICATOR_R_excise_specific_reliance,,,,,,,—,,,,Data not validated by the national authorities.,2025-08-20T09:41:26Z,2024,2024-01-01,2024-12-31
8930387,TOBACCO_MPOWER_R_TAXSTRUCTURE,COUNTRY,MDA,EUR,Europe,YEAR,2024,TOBACCO_INDICATOR,TOBACCO_INDICATOR_R_excise_min_specific,,,,,,,Yes,,,,,2025-08-20T09:41:26Z,2024,2024-01-01,2024-12-31
8932810,TOBACCO_MPOWER_R_TAXSTRUCTURE,COUNTRY,COM,AFR,Africa,YEAR,2024,TOBACCO_INDICATOR,TOBACCO_INDICATOR_R_afford_tax_auto_adjust,,,,,,,—,,,,,2025-08-20T09:41:26Z,2024,2024-01-01,2024-12-31
8936217,TOBACCO_MPOWER_R_TAXSTRUCTURE,COUNTRY,CIV,AFR,Africa,YEAR,2024,TOBACCO_INDICATOR,TOBACCO_INDICATOR_R_eliquid_excise_nicotine,,,,,,,. . .,,,,,2025-08-20T09:41:26Z,2024,2024-01-01,2024-12-31
8937938,TOBACCO_MPOWER_R_TAXSTRUCTURE,COUNTRY,NRU,WPR,Western Pacific,YEAR,2024,TOBACCO_INDICATOR,TOBACCO_INDICATOR_R_excise_specific_reliance,,,,,,,—,,,,,2025-08-20T09:41:26Z,2024,2024-01-01,2024-12-31
8940864,TOBACCO_MPOWER_R_TAXSTRUCTURE,COUNTRY,TZA,AFR,Africa,YEAR,2024,TOBACCO_INDICATOR,TOBACCO_INDICATOR_R_afford_price_gap_decreased,,,,,,,No,,,,,2025-08-20T09:41:26Z,2024,2024-01-01,2024-12-31
8942812,TOBACCO_MPOWER_R_TAXSTRUCTURE,COUNTRY,ISR,EUR,Europe,YEAR,2024,TOBACCO_INDICATOR,TOBACCO_INDICATOR_R_excise_type,,,,,,,Mixed,,,,,2025-08-20T09:41:26Z,2024,2024-01-01,2024-12-31
8946563,TOBACCO_MPOWER_R_TAXSTRUCTURE,COUNTRY,ZWE,AFR,Africa,YEAR,2024,TOBACCO_INDICATOR,TOBACCO_INDICATOR_R_afford_tax_auto_adjust,,,,,,,No,,,,,2025-08-20T09:41:26Z,2024,2024-01-01,2024-12-31
8947216,TOBACCO_MPOWER_R_TAXSTRUCTURE,COUNTRY,ARE,EMR,Eastern Mediterranean,YEAR,2024,TOBACCO_INDICATOR,TOBACCO_INDICATOR_R_eliquid_excise_type,,,,,,,Ad valorem,,,,,2025-08-20T09:41:26Z,2024,2024-01-01,2024-12-31
8954169,TOBACCO_MPOWER_R_TAXSTRUCTURE,COUNTRY,DEU,EUR,Europe,YEAR,2024,TOBACCO_INDICATOR,TOBACCO_INDICATOR_R_excise_uniform_varied,,,,,,,Yes,,,,,2025-08-20T09:41:26Z,2024,2024-01-01,2024-12-31
8954378,TOBACCO_MPOWER_R_TAXSTRUCTURE,COUNTRY,ISR,EUR,Europe,YEAR,2024,TOBACCO_INDICATOR,TOBACCO_INDICATOR_R_excise_specific_reliance,,,,,,,No,,,,,2025-08-20T09:41:26Z,2024,2024-01-01,2024-12-31
8956179,TOBACCO_MPOWER_R_TAXSTRUCTURE,COUNTRY,ISL,EUR,Europe,YEAR,2024,TOBACCO_INDICATOR,TOBACCO_INDICATOR_R_eliquid_excise_type,,,,,,,No excise,,,,"Collection of excise on nicotine products, e-cigarettes and refills for e-cigarettes (imported as well as produced in Iceland) begins 1 January 2025.",2025-08-20T09:41:26Z,2024,2024-01-01,2024-12-31
8957395,TOBACCO_MPOWER_R_TAXSTRUCTURE,COUNTRY,RUS,EUR,Europe,YEAR,2024,TOBACCO_INDICATOR,TOBACCO_INDICATOR_R_excise_uniform_varied,,,,,,,Yes,,,,,2025-08-20T09:41:26Z,2024,2024-01-01,2024-12-31
8958854,TOBACCO_MPOWER_R_TAXSTRUCTURE,COUNTRY,TUV,WPR,Western Pacific,YEAR,2024,TOBACCO_INDICATOR,TOBACCO_INDICATOR_R_excise_type,,,,,,,Ad valorem,,,,,2025-08-20T09:41:26Z,2024,2024-01-01,2024-12-31
8962572,TOBACCO_MPOWER_R_TAXSTRUCTURE,COUNTRY,BOL,AMR,Americas,YEAR,2024,TOBACCO_INDICATOR,TOBACCO_INDICATOR_R_eliquid_excise_type,,,,,,,. . .,,,,,2025-08-20T09:41:26Z,2024,2024-01-01,2024-12-31
8965068,TOBACCO_MPOWER_R_TAXSTRUCTURE,COUNTRY,SRB,EUR,Europe,YEAR,2024,TOBACCO_INDICATOR,TOBACCO_INDICATOR_R_excise_type,,,,,,,Mixed,,,,,2025-08-20T09:41:26Z,2024,2024-01-01,2024-12-31
8972945,TOBACCO_MPOWER_R_TAXSTRUCTURE,COUNTRY,UZB,EUR,Europe,YEAR,2024,TOBACCO_INDICATOR,TOBACCO_INDICATOR_R_afford_price_gap_decreased,,,,,,,Yes,,,,,2025-08-20T09:41:26Z,2024,2024-01-01,2024-12-31
8973013,TOBACCO_MPOWER_R_TAXSTRUCTURE,COUNTRY,KEN,AFR,Africa,YEAR,2024,TOBACCO_INDICATOR,TOBACCO_INDICATOR_R_excise_min_specific,,,,,,,—,,,,,2025-08-20T09:41:26Z,2024,2024-01-01,2024-12-31
8974320,TOBACCO_MPOWER_R_TAXSTRUCTURE,COUNTRY,ZMB,AFR,Africa,YEAR,2024,TOBACCO_INDICATOR,TOBACCO_INDICATOR_R_excise_min_specific,,,,,,,—,,,,,2025-08-20T09:41:26Z,2024,2024-01-01,2024-12-31
8974772,TOBACCO_MPOWER_R_TAXSTRUCTURE,COUNTRY,NER,AFR,Africa,YEAR,2024,TOBACCO_INDICATOR,TOBACCO_INDICATOR_R_eliquid_excise_nicotine,,,,,,,. . .,,,,,2025-08-20T09:41:26Z,2024,2024-01-01,2024-12-31
8977990,TOBACCO_MPOWER_R_TAXSTRUCTURE,COUNTRY,GNB,AFR,Africa,YEAR,2024,TOBACCO_INDICATOR,TOBACCO_INDICATOR_R_excise_specific_reliance,,,,,,,—,,,,,2025-08-20T09:41:26Z,2024,2024-01-01,2024-12-31
8978287,TOBACCO_MPOWER_R_TAXSTRUCTURE,COUNTRY,NAM,AFR,Africa,YEAR,2024,TOBACCO_INDICATOR,TOBACCO_INDICATOR_R_min_price_policy,,,,,,,No,,,,,2025-08-20T09:41:26Z,2024,2024-01-01,2024-12-31
8983517,TOBACCO_MPOWER_R_TAXSTRUCTURE,COUNTRY,LTU,EUR,Europe,YEAR,2024,TOBACCO_INDICATOR,TOBACCO_INDICATOR_R_excise_uniform_varied,,,,,,,Yes,,,,,2025-08-20T09:41:26Z,2024,2024-01-01,2024-12-31
8984366,TOBACCO_MPOWER_R_TAXSTRUCTURE,COUNTRY,PRT,EUR,Europe,YEAR,2024,TOBACCO_INDICATOR,TOBACCO_INDICATOR_R_eliquid_excise_nicotine,,,,,,,all e-liquids,,,,,2025-08-20T09:41:26Z,2024,2024-01-01,2024-12-31
8987572,TOBACCO_MPOWER_R_TAXSTRUCTURE,COUNTRY,IDN,WPR,Western Pacific,YEAR,2024,TOBACCO_INDICATOR,TOBACCO_INDICATOR_R_excise_min_specific,,,,,,,—,,,,,2025-08-20T09:41:26Z,2024,2024-01-01,2024-12-31
9005117,TOBACCO_MPOWER_R_TAXSTRUCTURE,COUNTRY,MAR,EMR,Eastern Mediterranean,YEAR,2024,TOBACCO_INDICATOR,TOBACCO_INDICATOR_R_eliquid_excise_type,,,,,,,Specific,,,,,2025-08-20T09:41:26Z,2024,2024-01-01,2024-12-31
9007728,TOBACCO_MPOWER_R_TAXSTRUCTURE,COUNTRY,CZE,EUR,Europe,YEAR,2024,TOBACCO_INDICATOR,TOBACCO_INDICATOR_R_excise_retail_price_base,,,,,,,Yes,,,,,2025-08-20T09:41:26Z,2024,2024-01-01,2024-12-31
9008938,TOBACCO_MPOWER_R_TAXSTRUCTURE,COUNTRY,KIR,WPR,Western Pacific,YEAR,2024,TOBACCO_INDICATOR,TOBACCO_INDICATOR_R_afford_price_gap_decreased,,,,,,,Yes,,,,,2025-08-20T09:41:26Z,2024,2024-01-01,2024-12-31
9009876,TOBACCO_MPOWER_R_TAXSTRUCTURE,COUNTRY,QAT,EMR,Eastern Mediterranean,YEAR,2024,TOBACCO_INDICATOR,TOBACCO_INDICATOR_R_afford_price_dispersion,,,,,,,56,56,,,,2025-08-20T09:41:26Z,2024,2024-01-01,2024-12-31
9012439,TOBACCO_MPOWER_R_TAXSTRUCTURE,COUNTRY,FRA,EUR,Europe,YEAR,2024,TOBACCO_INDICATOR,TOBACCO_INDICATOR_R_afford_price_gap_decreased,,,,,,,No,,,,,2025-08-20T09:41:26Z,2024,2024-01-01,2024-12-31
9014433,TOBACCO_MPOWER_R_TAXSTRUCTURE,COUNTRY,MLT,EUR,Europe,YEAR,2024,TOBACCO_INDICATOR,TOBACCO_INDICATOR_R_afford_price_gap_decreased,,,,,,,No,,,,,2025-08-20T09:41:26Z,2024,2024-01-01,2024-12-31
9015448,TOBACCO_MPOWER_R_TAXSTRUCTURE,COUNTRY,LBY,EMR,Eastern Mediterranean,YEAR,2024,TOBACCO_INDICATOR,TOBACCO_INDICATOR_R_eliquid_excise_type,,,,,,,. . .,,,,,2025-08-20T09:41:26Z,2024,2024-01-01,2024-12-31
9019179,TOBACCO_MPOWER_R_TAXSTRUCTURE,COUNTRY,CHE,EUR,Europe,YEAR,2024,TOBACCO_INDICATOR,TOBACCO_INDICATOR_R_eliquid_excise_nicotine,,,,,,,—,,,,,2025-08-20T09:41:26Z,2024,2024-01-01,2024-12-31
9031836,TOBACCO_MPOWER_R_TAXSTRUCTURE,COUNTRY,POL,EUR,Europe,YEAR,2024,TOBACCO_INDICATOR,TOBACCO_INDICATOR_R_excise_uniform_varied,,,,,,,Yes,,,,,2025-08-20T09:41:26Z,2024,2024-01-01,2024-12-31
9045750,TOBACCO_MPOWER_R_TAXSTRUCTURE,COUNTRY,WSM,WPR,Western Pacific,YEAR,2024,TOBACCO_INDICATOR,TOBACCO_INDICATOR_R_excise_min_specific,,,,,,,—,,,,,2025-08-20T09:41:26Z,2024,2024-01-01,2024-12-31
9055360,TOBACCO_MPOWER_R_TAXSTRUCTURE,COUNTRY,GNB,AFR,Africa,YEAR,2024,TOBACCO_INDICATOR,TOBACCO_INDICATOR_R_afford_tax_auto_adjust,,,,,,,—,,,,,2025-08-20T09:41:26Z,2024,2024-01-01,2024-12-31
9057104,TOBACCO_MPOWER_R_TAXSTRUCTURE,COUNTRY,JPN,WPR,Western Pacific,YEAR,2024,TOBACCO_INDICATOR,TOBACCO_INDICATOR_R_afford_price_dispersion,,,,,,,71.67,71.67,,,,2025-08-20T09:41:26Z,2024,2024-01-01,2024-12-31
9069782,TOBACCO_MPOWER_R_TAXSTRUCTURE,COUNTRY,STP,AFR,Africa,YEAR,2024,TOBACCO_INDICATOR,TOBACCO_INDICATOR_R_afford_price_dispersion,,,,,,,57.14,57.14,,,,2025-08-20T09:41:26Z,2024,2024-01-01,2024-12-31
9071590,TOBACCO_MPOWER_R_TAXSTRUCTURE,COUNTRY,AUT,EUR,Europe,YEAR,2024,TOBACCO_INDICATOR,TOBACCO_INDICATOR_R_excise_uniform_varied,,,,,,,Yes,,,,,2025-08-20T09:41:26Z,2024,2024-01-01,2024-12-31
9080302,TOBACCO_MPOWER_R_TAXSTRUCTURE,COUNTRY,IRQ,EMR,Eastern Mediterranean,YEAR,2024,TOBACCO_INDICATOR,TOBACCO_INDICATOR_R_eliquid_excise_device,,,,,,,—,,,,,2025-08-20T09:41:26Z,2024,2024-01-01,2024-12-31
9086239,TOBACCO_MPOWER_R_TAXSTRUCTURE,COUNTRY,LKA,SEAR,South-East Asia,YEAR,2024,TOBACCO_INDICATOR,TOBACCO_INDICATOR_R_afford_tax_auto_adjust,,,,,,,No,,,,,2025-08-20T09:41:26Z,2024,2024-01-01,2024-12-31
9087358,TOBACCO_MPOWER_R_TAXSTRUCTURE,COUNTRY,DNK,EUR,Europe,YEAR,2024,TOBACCO_INDICATOR,TOBACCO_INDICATOR_R_eliquid_excise_nicotine,,,,,,,nicotine only,,,,,2025-08-20T09:41:26Z,2024,2024-01-01,2024-12-31
9089665,TOBACCO_MPOWER_R_TAXSTRUCTURE,COUNTRY,UZB,EUR,Europe,YEAR,2024,TOBACCO_INDICATOR,TOBACCO_INDICATOR_R_eliquid_excise_type,,,,,,,Specific,,,,,2025-08-20T09:41:26Z,2024,2024-01-01,2024-12-31
9104966,TOBACCO_MPOWER_R_TAXSTRUCTURE,COUNTRY,CAF,AFR,Africa,YEAR,2024,TOBACCO_INDICATOR,TOBACCO_INDICATOR_R_min_price_policy,,,,,,,No,,,,,2025-08-20T09:41:26Z,2024,2024-01-01,2024-12-31
9108723,TOBACCO_MPOWER_R_TAXSTRUCTURE,COUNTRY,CHE,EUR,Europe,YEAR,2024,TOBACCO_INDICATOR,TOBACCO_INDICATOR_R_afford_price_gap_decreased,,,,,,,No,,,,,2025-08-20T09:41:26Z,2024,2024-01-01,2024-12-31
9124630,TOBACCO_MPOWER_R_TAXSTRUCTURE,COUNTRY,MRT,AFR,Africa,YEAR,2024,TOBACCO_INDICATOR,TOBACCO_INDICATOR_R_excise_min_specific,,,,,,,No,,,,,2025-08-20T09:41:26Z,2024,2024-01-01,2024-12-31
9125370,TOBACCO_MPOWER_R_TAXSTRUCTURE,COUNTRY,DEU,EUR,Europe,YEAR,2024,TOBACCO_INDICATOR,TOBACCO_INDICATOR_R_htp_excise_type_sticks,,,,,,,Mixed,,,,,2025-08-20T09:41:26Z,2024,2024-01-01,2024-12-31
9127360,TOBACCO_MPOWER_R_TAXSTRUCTURE,COUNTRY,MKD,EUR,Europe,YEAR,2024,TOBACCO_INDICATOR,TOBACCO_INDICATOR_R_excise_retail_price_base,,,,,,,Yes,,,,,2025-08-20T09:41:26Z,2024,2024-01-01,2024-12-31
9149258,TOBACCO_MPOWER_R_TAXSTRUCTURE,COUNTRY,VEN,AMR,Americas,YEAR,2024,TOBACCO_INDICATOR,TOBACCO_INDICATOR_R_eliquid_excise_type,,,,,,,—,,,,,2025-08-20T09:41:26Z,2024,2024-01-01,2024-12-31
9152014,TOBACCO_MPOWER_R_TAXSTRUCTURE,COUNTRY,MRT,AFR,Africa,YEAR,2024,TOBACCO_INDICATOR,TOBACCO_INDICATOR_R_excise_type,,,,,,,Ad valorem,,,,,2025-08-20T09:41:26Z,2024,2024-01-01,2024-12-31
9153326,TOBACCO_MPOWER_R_TAXSTRUCTURE,COUNTRY,MYS,WPR,Western Pacific,YEAR,2024,TOBACCO_INDICATOR,TOBACCO_INDICATOR_R_excise_specific_reliance,,,,,,,—,,,,,2025-08-20T09:41:26Z,2024,2024-01-01,2024-12-31
9157731,TOBACCO_MPOWER_R_TAXSTRUCTURE,COUNTRY,VCT,AMR,Americas,YEAR,2024,TOBACCO_INDICATOR,TOBACCO_INDICATOR_R_excise_specific_reliance,,,,,,,—,,,,,2025-08-20T09:41:26Z,2024,2024-01-01,2024-12-31
9163822,TOBACCO_MPOWER_R_TAXSTRUCTURE,COUNTRY,NLD,EUR,Europe,YEAR,2024,TOBACCO_INDICATOR,TOBACCO_INDICATOR_R_min_price_policy,,,,,,,No,,,,,2025-08-20T09:41:26Z,2024,2024-01-01,2024-12-31
9165578,TOBACCO_MPOWER_R_TAXSTRUCTURE,COUNTRY,SAU,EMR,Eastern Mediterranean,YEAR,2024,TOBACCO_INDICATOR,TOBACCO_INDICATOR_R_afford_price_gap_decreased,,,,,,,. . .,,,,,2025-08-20T09:41:26Z,2024,2024-01-01,2024-12-31
9172400,TOBACCO_MPOWER_R_TAXSTRUCTURE,COUNTRY,ROU,EUR,Europe,YEAR,2024,TOBACCO_INDICATOR,TOBACCO_INDICATOR_R_excise_type,,,,,,,Mixed,,,,,2025-08-20T09:41:26Z,2024,2024-01-01,2024-12-31
9173244,TOBACCO_MPOWER_R_TAXSTRUCTURE,COUNTRY,TKM,EUR,Europe,YEAR,2024,TOBACCO_INDICATOR,TOBACCO_INDICATOR_R_eliquid_excise_type,,,,,,,—,,,,,2025-08-20T09:41:26Z,2024,2024-01-01,2024-12-31
9177661,TOBACCO_MPOWER_R_TAXSTRUCTURE,COUNTRY,GTM,AMR,Americas,YEAR,2024,TOBACCO_INDICATOR,TOBACCO_INDICATOR_R_afford_tax_auto_adjust,,,,,,,—,,,,,2025-08-20T09:41:26Z,2024,2024-01-01,2024-12-31
9181786,TOBACCO_MPOWER_R_TAXSTRUCTURE,COUNTRY,HRV,EUR,Europe,YEAR,2024,TOBACCO_INDICATOR,TOBACCO_INDICATOR_R_htp_excise_device,,,,,,,No,,,,,2025-08-20T09:41:26Z,2024,2024-01-01,2024-12-31
9183498,TOBACCO_MPOWER_R_TAXSTRUCTURE,COUNTRY,IRN,EMR,Eastern Mediterranean,YEAR,2024,TOBACCO_INDICATOR,TOBACCO_INDICATOR_R_excise_specific_reliance,,,,,,,—,,,,,2025-08-20T09:41:26Z,2024,2024-01-01,2024-12-31
9197529,TOBACCO_MPOWER_R_TAXSTRUCTURE,COUNTRY,JOR,EMR,Eastern Mediterranean,YEAR,2024,TOBACCO_INDICATOR,TOBACCO_INDICATOR_R_excise_type,,,,,,,Specific,,,,,2025-08-20T09:41:26Z,2024,2024-01-01,2024-12-31
9211692,TOBACCO_MPOWER_R_TAXSTRUCTURE,COUNTRY,NGA,AFR,Africa,YEAR,2024,TOBACCO_INDICATOR,TOBACCO_INDICATOR_R_excise_retail_price_base,,,,,,,Yes,,,,,2025-08-20T09:41:26Z,2024,2024-01-01,2024-12-31
9212716,TOBACCO_MPOWER_R_TAXSTRUCTURE,COUNTRY,PHL,WPR,Western Pacific,YEAR,2024,TOBACCO_INDICATOR,TOBACCO_INDICATOR_R_afford_price_dispersion,,,,,,,57.69,57.69,,,,2025-08-20T09:41:26Z,2024,2024-01-01,2024-12-31
9216307,TOBACCO_MPOWER_R_TAXSTRUCTURE,COUNTRY,LUX,EUR,Europe,YEAR,2024,TOBACCO_INDICATOR,TOBACCO_INDICATOR_R_afford_price_dispersion,,,,,,,75.38,75.38,,,,2025-08-20T09:41:26Z,2024,2024-01-01,2024-12-31
9217294,TOBACCO_MPOWER_R_TAXSTRUCTURE,COUNTRY,MCO,EUR,Europe,YEAR,2024,TOBACCO_INDICATOR,TOBACCO_INDICATOR_R_excise_retail_price_base,,,,,,,—,,,,,2025-08-20T09:41:26Z,2024,2024-01-01,2024-12-31
9220040,TOBACCO_MPOWER_R_TAXSTRUCTURE,COUNTRY,EGY,EMR,Eastern Mediterranean,YEAR,2024,TOBACCO_INDICATOR,TOBACCO_INDICATOR_R_min_price_policy,,,,,,,No,,,,,2025-08-20T09:41:26Z,2024,2024-01-01,2024-12-31
9223825,TOBACCO_MPOWER_R_TAXSTRUCTURE,COUNTRY,MDG,AFR,Africa,YEAR,2024,TOBACCO_INDICATOR,TOBACCO_INDICATOR_R_excise_type,,,,,,,Mixed,,,,A specific excise is applied on local products and and ad valorem on imported products.,2025-08-20T09:41:26Z,2024,2024-01-01,2024-12-31
9225782,TOBACCO_MPOWER_R_TAXSTRUCTURE,COUNTRY,BOL,AMR,Americas,YEAR,2024,TOBACCO_INDICATOR,TOBACCO_INDICATOR_R_eliquid_excise_device,,,,,,,. . .,,,,,2025-08-20T09:41:26Z,2024,2024-01-01,2024-12-31
9230028,TOBACCO_MPOWER_R_TAXSTRUCTURE,COUNTRY,KEN,AFR,Africa,YEAR,2024,TOBACCO_INDICATOR,TOBACCO_INDICATOR_R_excise_specific_reliance,,,,,,,—,,,,,2025-08-20T09:41:26Z,2024,2024-01-01,2024-12-31
9242302,TOBACCO_MPOWER_R_TAXSTRUCTURE,COUNTRY,TUV,WPR,Western Pacific,YEAR,2024,TOBACCO_INDICATOR,TOBACCO_INDICATOR_R_excise_retail_price_base,,,,,,,No,,,,,2025-08-20T09:41:26Z,2024,2024-01-01,2024-12-31
9242350,TOBACCO_MPOWER_R_TAXSTRUCTURE,COUNTRY,GEO,EUR,Europe,YEAR,2024,TOBACCO_INDICATOR,TOBACCO_INDICATOR_R_eliquid_excise_nicotine,,,,,,,all e-liquids,,,,,2025-08-20T09:41:26Z,2024,2024-01-01,2024-12-31
9242651,TOBACCO_MPOWER_R_TAXSTRUCTURE,COUNTRY,NZL,WPR,Western Pacific,YEAR,2024,TOBACCO_INDICATOR,TOBACCO_INDICATOR_R_afford_price_gap_decreased,,,,,,,No,,,,,2025-08-20T09:41:26Z,2024,2024-01-01,2024-12-31
9243342,TOBACCO_MPOWER_R_TAXSTRUCTURE,COUNTRY,QAT,EMR,Eastern Mediterranean,YEAR,2024,TOBACCO_INDICATOR,TOBACCO_INDICATOR_R_excise_type,,,,,,,Ad valorem,,,,,2025-08-20T09:41:26Z,2024,2024-01-01,2024-12-31
9245900,TOBACCO_MPOWER_R_TAXSTRUCTURE,COUNTRY,SRB,EUR,Europe,YEAR,2024,TOBACCO_INDICATOR,TOBACCO_INDICATOR_R_excise_specific_reliance,,,,,,,No,,,,,2025-08-20T09:41:26Z,2024,2024-01-01,2024-12-31
9247822,TOBACCO_MPOWER_R_TAXSTRUCTURE,COUNTRY,CMR,AFR,Africa,YEAR,2024,TOBACCO_INDICATOR,TOBACCO_INDICATOR_R_afford_price_gap_decreased,,,,,,,Yes,,,,,2025-08-20T09:41:26Z,2024,2024-01-01,2024-12-31
9255530,TOBACCO_MPOWER_R_TAXSTRUCTURE,COUNTRY,SYR,EMR,Eastern Mediterranean,YEAR,2024,TOBACCO_INDICATOR,TOBACCO_INDICATOR_R_htp_excise_type_sticks,,,,,,,—,,,,,2025-08-20T09:41:26Z,2024,2024-01-01,2024-12-31
9262498,TOBACCO_MPOWER_R_TAXSTRUCTURE,COUNTRY,KAZ,EUR,Europe,YEAR,2024,TOBACCO_INDICATOR,TOBACCO_INDICATOR_R_eliquid_excise_device,,,,,,,—,,,,,2025-08-20T09:41:26Z,2024,2024-01-01,2024-12-31
9276141,TOBACCO_MPOWER_R_TAXSTRUCTURE,COUNTRY,JPN,WPR,Western Pacific,YEAR,2024,TOBACCO_INDICATOR,TOBACCO_INDICATOR_R_afford_price_gap_decreased,,,,,,,Yes,,,,,2025-08-20T09:41:26Z,2024,2024-01-01,2024-12-31
9276520,TOBACCO_MPOWER_R_TAXSTRUCTURE,COUNTRY,KHM,WPR,Western Pacific,YEAR,2024,TOBACCO_INDICATOR,TOBACCO_INDICATOR_R_afford_tax_auto_adjust,,,,,,,—,,,,,2025-08-20T09:41:26Z,2024,2024-01-01,2024-12-31
9283915,TOBACCO_MPOWER_R_TAXSTRUCTURE,COUNTRY,KIR,WPR,Western Pacific,YEAR,2024,TOBACCO_INDICATOR,TOBACCO_INDICATOR_R_eliquid_excise_type,,,,,,,. . .,,,,,2025-08-20T09:41:26Z,2024,2024-01-01,2024-12-31
9285000,TOBACCO_MPOWER_R_TAXSTRUCTURE,COUNTRY,GIN,AFR,Africa,YEAR,2024,TOBACCO_INDICATOR,TOBACCO_INDICATOR_R_excise_type,,,,,,,Ad valorem,,,,,2025-08-20T09:41:26Z,2024,2024-01-01,2024-12-31
9286954,TOBACCO_MPOWER_R_TAXSTRUCTURE,COUNTRY,DMA,AMR,Americas,YEAR,2024,TOBACCO_INDICATOR,TOBACCO_INDICATOR_R_htp_excise_device,,,,,,,. . .,,,,,2025-08-20T09:41:26Z,2024,2024-01-01,2024-12-31
9288408,TOBACCO_MPOWER_R_TAXSTRUCTURE,COUNTRY,MEX,AMR,Americas,YEAR,2024,TOBACCO_INDICATOR,TOBACCO_INDICATOR_R_afford_tax_auto_adjust,,,,,,,Yes,,,,,2025-08-20T09:41:26Z,2024,2024-01-01,2024-12-31
9299793,TOBACCO_MPOWER_R_TAXSTRUCTURE,COUNTRY,LVA,EUR,Europe,YEAR,2024,TOBACCO_INDICATOR,TOBACCO_INDICATOR_R_excise_specific_reliance,,,,,,,Yes,,,,,2025-08-20T09:41:26Z,2024,2024-01-01,2024-12-31
9300992,TOBACCO_MPOWER_R_TAXSTRUCTURE,COUNTRY,DZA,AFR,Africa,YEAR,2024,TOBACCO_INDICATOR,TOBACCO_INDICATOR_R_excise_type,,,,,,,Mixed,,,,,2025-08-20T09:41:26Z,2024,2024-01-01,2024-12-31
9304079,TOBACCO_MPOWER_R_TAXSTRUCTURE,COUNTRY,FRA,EUR,Europe,YEAR,2024,TOBACCO_INDICATOR,TOBACCO_INDICATOR_R_afford_price_dispersion,,,,,,,87.2,87.2,,,,2025-08-20T09:41:26Z,2024,2024-01-01,2024-12-31
9305436,TOBACCO_MPOWER_R_TAXSTRUCTURE,COUNTRY,YEM,EMR,Eastern Mediterranean,YEAR,2024,TOBACCO_INDICATOR,TOBACCO_INDICATOR_R_excise_retail_price_base,,,,,,,Yes,,,,,2025-08-20T09:41:26Z,2024,2024-01-01,2024-12-31
9306906,TOBACCO_MPOWER_R_TAXSTRUCTURE,COUNTRY,EST,EUR,Europe,YEAR,2024,TOBACCO_INDICATOR,TOBACCO_INDICATOR_R_excise_min_specific,,,,,,,Yes,,,,,2025-08-20T09:41:26Z,2024,2024-01-01,2024-12-31
9309059,TOBACCO_MPOWER_R_TAXSTRUCTURE,COUNTRY,GAB,AFR,Africa,YEAR,2024,TOBACCO_INDICATOR,TOBACCO_INDICATOR_R_excise_specific_reliance,,,,,,,Yes,,,,,2025-08-20T09:41:26Z,2024,2024-01-01,2024-12-31
9311924,TOBACCO_MPOWER_R_TAXSTRUCTURE,COUNTRY,AND,EUR,Europe,YEAR,2024,TOBACCO_INDICATOR,TOBACCO_INDICATOR_R_eliquid_excise_nicotine,,,,,,,—,,,,,2025-08-20T09:41:26Z,2024,2024-01-01,2024-12-31
9325252,TOBACCO_MPOWER_R_TAXSTRUCTURE,COUNTRY,DJI,EMR,Eastern Mediterranean,YEAR,2024,TOBACCO_INDICATOR,TOBACCO_INDICATOR_R_afford_price_gap_decreased,,,,,,,. . .,,,,,2025-08-20T09:41:26Z,2024,2024-01-01,2024-12-31
9327697,TOBACCO_MPOWER_R_TAXSTRUCTURE,COUNTRY,LBY,EMR,Eastern Mediterranean,YEAR,2024,TOBACCO_INDICATOR,TOBACCO_INDICATOR_R_excise_retail_price_base,,,,,,,—,,,,,2025-08-20T09:41:26Z,2024,2024-01-01,2024-12-31
9328404,TOBACCO_MPOWER_R_TAXSTRUCTURE,COUNTRY,CIV,AFR,Africa,YEAR,2024,TOBACCO_INDICATOR,TOBACCO_INDICATOR_R_excise_min_specific,,,,,,,Yes,,,,,2025-08-20T09:41:26Z,2024,2024-01-01,2024-12-31
9335036,TOBACCO_MPOWER_R_TAXSTRUCTURE,COUNTRY,CAN,AMR,Americas,YEAR,2024,TOBACCO_INDICATOR,TOBACCO_INDICATOR_R_eliquid_excise_device,,,,,,,. . .,,,,,2025-08-20T09:41:26Z,2024,2024-01-01,2024-12-31
9335242,TOBACCO_MPOWER_R_TAXSTRUCTURE,COUNTRY,ZWE,AFR,Africa,YEAR,2024,TOBACCO_INDICATOR,TOBACCO_INDICATOR_R_eliquid_excise_nicotine,,,,,,,. . .,,,,,2025-08-20T09:41:26Z,2024,2024-01-01,2024-12-31
9335368,TOBACCO_MPOWER_R_TAXSTRUCTURE,COUNTRY,KNA,AMR,Americas,YEAR,2024,TOBACCO_INDICATOR,TOBACCO_INDICATOR_R_excise_retail_price_base,,,,,,,No,,,,,2025-08-20T09:41:26Z,2024,2024-01-01,2024-12-31
9347903,TOBACCO_MPOWER_R_TAXSTRUCTURE,COUNTRY,BDI,AFR,Africa,YEAR,2024,TOBACCO_INDICATOR,TOBACCO_INDICATOR_R_htp_excise_type_sticks,,,,,,,. . .,,,,,2025-08-20T09:41:26Z,2024,2024-01-01,2024-12-31
9355837,TOBACCO_MPOWER_R_TAXSTRUCTURE,COUNTRY,CHN,WPR,Western Pacific,YEAR,2024,TOBACCO_INDICATOR,TOBACCO_INDICATOR_R_excise_type,,,,,,,Mixed,,,,,2025-08-20T09:41:26Z,2024,2024-01-01,2024-12-31
9371873,TOBACCO_MPOWER_R_TAXSTRUCTURE,COUNTRY,COD,AFR,Africa,YEAR,2024,TOBACCO_INDICATOR,TOBACCO_INDICATOR_R_eliquid_excise_type,,,,,,,. . .,,,,,2025-08-20T09:41:26Z,2024,2024-01-01,2024-12-31
9375861,TOBACCO_MPOWER_R_TAXSTRUCTURE,COUNTRY,HRV,EUR,Europe,YEAR,2024,TOBACCO_INDICATOR,TOBACCO_INDICATOR_R_afford_price_dispersion,,,,,,,43.27,43.27,,,,2025-08-20T09:41:26Z,2024,2024-01-01,2024-12-31
9376039,TOBACCO_MPOWER_R_TAXSTRUCTURE,COUNTRY,CUB,AMR,Americas,YEAR,2024,TOBACCO_INDICATOR,TOBACCO_INDICATOR_R_htp_excise_type_sticks,,,,,,,. . .,,,,,2025-08-20T09:41:26Z,2024,2024-01-01,2024-12-31
9378995,TOBACCO_MPOWER_R_TAXSTRUCTURE,COUNTRY,LTU,EUR,Europe,YEAR,2024,TOBACCO_INDICATOR,TOBACCO_INDICATOR_R_afford_price_gap_decreased,,,,,,,No,,,,,2025-08-20T09:41:26Z,2024,2024-01-01,2024-12-31
9386402,TOBACCO_MPOWER_R_TAXSTRUCTURE,COUNTRY,ITA,EUR,Europe,YEAR,2024,TOBACCO_INDICATOR,TOBACCO_INDICATOR_R_afford_tax_auto_adjust,,,,,,,Yes,,,,,2025-08-20T09:41:26Z,2024,2024-01-01,2024-12-31
9387200,TOBACCO_MPOWER_R_TAXSTRUCTURE,COUNTRY,FSM,WPR,Western Pacific,YEAR,2024,TOBACCO_INDICATOR,TOBACCO_INDICATOR_R_excise_retail_price_base,,,,,,,—,,,,,2025-08-20T09:41:26Z,2024,2024-01-01,2024-12-31
9394413,TOBACCO_MPOWER_R_TAXSTRUCTURE,COUNTRY,PER,AMR,Americas,YEAR,2024,TOBACCO_INDICATOR,TOBACCO_INDICATOR_R_htp_excise_type_sticks,,,,,,,. . .,,,,,2025-08-20T09:41:26Z,2024,2024-01-01,2024-12-31
9396342,TOBACCO_MPOWER_R_TAXSTRUCTURE,COUNTRY,SGP,WPR,Western Pacific,YEAR,2024,TOBACCO_INDICATOR,TOBACCO_INDICATOR_R_htp_excise_type_sticks,,,,,,,—,,,,,2025-08-20T09:41:26Z,2024,2024-01-01,2024-12-31
9396399,TOBACCO_MPOWER_R_TAXSTRUCTURE,COUNTRY,NPL,SEAR,South-East Asia,YEAR,2024,TOBACCO_INDICATOR,TOBACCO_INDICATOR_R_eliquid_excise_nicotine,,,,,,,—,,,,,2025-08-20T09:41:26Z,2024,2024-01-01,2024-12-31
9400702,TOBACCO_MPOWER_R_TAXSTRUCTURE,COUNTRY,IND,SEAR,South-East Asia,YEAR,2024,TOBACCO_INDICATOR,TOBACCO_INDICATOR_R_htp_excise_type_sticks,,,,,,,—,,,,,2025-08-20T09:41:26Z,2024,2024-01-01,2024-12-31
9404427,TOBACCO_MPOWER_R_TAXSTRUCTURE,COUNTRY,PHL,WPR,Western Pacific,YEAR,2024,TOBACCO_INDICATOR,TOBACCO_INDICATOR_R_eliquid_excise_nicotine,,,,,,,all e-liquids,,,,,2025-08-20T09:41:26Z,2024,2024-01-01,2024-12-31
9410526,TOBACCO_MPOWER_R_TAXSTRUCTURE,COUNTRY,TUV,WPR,Western Pacific,YEAR,2024,TOBACCO_INDICATOR,TOBACCO_INDICATOR_R_excise_uniform_varied,,,,,,,Yes,,,,,2025-08-20T09:41:26Z,2024,2024-01-01,2024-12-31
9416248,TOBACCO_MPOWER_R_TAXSTRUCTURE,COUNTRY,CHN,WPR,Western Pacific,YEAR,2024,TOBACCO_INDICATOR,TOBACCO_INDICATOR_R_excise_specific_reliance,,,,,,,No,,,,,2025-08-20T09:41:26Z,2024,2024-01-01,2024-12-31
9416340,TOBACCO_MPOWER_R_TAXSTRUCTURE,COUNTRY,HUN,EUR,Europe,YEAR,2024,TOBACCO_INDICATOR,TOBACCO_INDICATOR_R_excise_specific_reliance,,,,,,,Yes,,,,,2025-08-20T09:41:26Z,2024,2024-01-01,2024-12-31
9418732,TOBACCO_MPOWER_R_TAXSTRUCTURE,COUNTRY,MNE,EUR,Europe,YEAR,2024,TOBACCO_INDICATOR,TOBACCO_INDICATOR_R_excise_uniform_varied,,,,,,,Yes,,,,,2025-08-20T09:41:26Z,2024,2024-01-01,2024-12-31
9418989,TOBACCO_MPOWER_R_TAXSTRUCTURE,COUNTRY,SYR,EMR,Eastern Mediterranean,YEAR,2024,TOBACCO_INDICATOR,TOBACCO_INDICATOR_R_min_price_policy,,,,,,,No,,,,,2025-08-20T09:41:26Z,2024,2024-01-01,2024-12-31
9428586,TOBACCO_MPOWER_R_TAXSTRUCTURE,COUNTRY,MCO,EUR,Europe,YEAR,2024,TOBACCO_INDICATOR,TOBACCO_INDICATOR_R_afford_tax_auto_adjust,,,,,,,—,,,,,2025-08-20T09:41:26Z,2024,2024-01-01,2024-12-31
9429274,TOBACCO_MPOWER_R_TAXSTRUCTURE,COUNTRY,SSD,AFR,Africa,YEAR,2024,TOBACCO_INDICATOR,TOBACCO_INDICATOR_R_afford_price_gap_decreased,,,,,,,. . .,,,,,2025-08-20T09:41:26Z,2024,2024-01-01,2024-12-31
9431926,TOBACCO_MPOWER_R_TAXSTRUCTURE,COUNTRY,SUR,AMR,Americas,YEAR,2024,TOBACCO_INDICATOR,TOBACCO_INDICATOR_R_excise_specific_reliance,,,,,,,—,,,,,2025-08-20T09:41:26Z,2024,2024-01-01,2024-12-31
9432369,TOBACCO_MPOWER_R_TAXSTRUCTURE,COUNTRY,URY,AMR,Americas,YEAR,2024,TOBACCO_INDICATOR,TOBACCO_INDICATOR_R_excise_min_specific,,,,,,,—,,,,,2025-08-20T09:41:26Z,2024,2024-01-01,2024-12-31
9436914,TOBACCO_MPOWER_R_TAXSTRUCTURE,COUNTRY,BRB,AMR,Americas,YEAR,2024,TOBACCO_INDICATOR,TOBACCO_INDICATOR_R_htp_excise_type_sticks,,,,,,,. . .,,,,,2025-08-20T09:41:26Z,2024,2024-01-01,2024-12-31
9439182,TOBACCO_MPOWER_R_TAXSTRUCTURE,COUNTRY,BLZ,AMR,Americas,YEAR,2024,TOBACCO_INDICATOR,TOBACCO_INDICATOR_R_htp_excise_type_sticks,,,,,,,No excise,,,,,2025-08-20T09:41:26Z,2024,2024-01-01,2024-12-31
9440291,TOBACCO_MPOWER_R_TAXSTRUCTURE,COUNTRY,FIN,EUR,Europe,YEAR,2024,TOBACCO_INDICATOR,TOBACCO_INDICATOR_R_excise_uniform_varied,,,,,,,Yes,,,,,2025-08-20T09:41:26Z,2024,2024-01-01,2024-12-31
9444851,TOBACCO_MPOWER_R_TAXSTRUCTURE,COUNTRY,EGY,EMR,Eastern Mediterranean,YEAR,2024,TOBACCO_INDICATOR,TOBACCO_INDICATOR_R_afford_price_dispersion,,,,,,,38.58,38.58,,,,2025-08-20T09:41:26Z,2024,2024-01-01,2024-12-31
9449230,TOBACCO_MPOWER_R_TAXSTRUCTURE,COUNTRY,BEL,EUR,Europe,YEAR,2024,TOBACCO_INDICATOR,TOBACCO_INDICATOR_R_afford_tax_auto_adjust,,,,,,,No,,,,,2025-08-20T09:41:26Z,2024,2024-01-01,2024-12-31
9451372,TOBACCO_MPOWER_R_TAXSTRUCTURE,COUNTRY,ARE,EMR,Eastern Mediterranean,YEAR,2024,TOBACCO_INDICATOR,TOBACCO_INDICATOR_R_excise_min_specific,,,,,,,Yes,,,,,2025-08-20T09:41:26Z,2024,2024-01-01,2024-12-31
9455477,TOBACCO_MPOWER_R_TAXSTRUCTURE,COUNTRY,ZAF,AFR,Africa,YEAR,2024,TOBACCO_INDICATOR,TOBACCO_INDICATOR_R_eliquid_excise_type,,,,,,,Specific,,,,,2025-08-20T09:41:26Z,2024,2024-01-01,2024-12-31
9459603,TOBACCO_MPOWER_R_TAXSTRUCTURE,COUNTRY,DOM,AMR,Americas,YEAR,2024,TOBACCO_INDICATOR,TOBACCO_INDICATOR_R_eliquid_excise_device,,,,,,,. . .,,,,,2025-08-20T09:41:26Z,2024,2024-01-01,2024-12-31
9460361,TOBACCO_MPOWER_R_TAXSTRUCTURE,COUNTRY,CYP,EUR,Europe,YEAR,2024,TOBACCO_INDICATOR,TOBACCO_INDICATOR_R_htp_excise_device,,,,,,,. . .,,,,,2025-08-20T09:41:26Z,2024,2024-01-01,2024-12-31
9460787,TOBACCO_MPOWER_R_TAXSTRUCTURE,COUNTRY,IRQ,EMR,Eastern Mediterranean,YEAR,2024,TOBACCO_INDICATOR,TOBACCO_INDICATOR_R_afford_price_dispersion,,,,,,,. . .,,,,,2025-08-20T09:41:26Z,2024,2024-01-01,2024-12-31
9475886,TOBACCO_MPOWER_R_TAXSTRUCTURE,COUNTRY,HND,AMR,Americas,YEAR,2024,TOBACCO_INDICATOR,TOBACCO_INDICATOR_R_excise_retail_price_base,,,,,,,—,,,,,2025-08-20T09:41:26Z,2024,2024-01-01,2024-12-31
9482032,TOBACCO_MPOWER_R_TAXSTRUCTURE,COUNTRY,FSM,WPR,Western Pacific,YEAR,2024,TOBACCO_INDICATOR,TOBACCO_INDICATOR_R_htp_excise_type_sticks,,,,,,,. . .,,,,,2025-08-20T09:41:26Z,2024,2024-01-01,2024-12-31
9484207,TOBACCO_MPOWER_R_TAXSTRUCTURE,COUNTRY,MDV,SEAR,South-East Asia,YEAR,2024,TOBACCO_INDICATOR,TOBACCO_INDICATOR_R_eliquid_excise_type,,,,,,,No excise,,,,,2025-08-20T09:41:26Z,2024,2024-01-01,2024-12-31
9491633,TOBACCO_MPOWER_R_TAXSTRUCTURE,COUNTRY,ISR,EUR,Europe,YEAR,2024,TOBACCO_INDICATOR,TOBACCO_INDICATOR_R_afford_price_dispersion,,,,,,,62.79,62.79,,,,2025-08-20T09:41:26Z,2024,2024-01-01,2024-12-31
9495570,TOBACCO_MPOWER_R_TAXSTRUCTURE,COUNTRY,HTI,AMR,Americas,YEAR,2024,TOBACCO_INDICATOR,TOBACCO_INDICATOR_R_eliquid_excise_nicotine,,,,,,,. . .,,,,,2025-08-20T09:41:26Z,2024,2024-01-01,2024-12-31
9495989,TOBACCO_MPOWER_R_TAXSTRUCTURE,COUNTRY,BHR,EMR,Eastern Mediterranean,YEAR,2024,TOBACCO_INDICATOR,TOBACCO_INDICATOR_R_afford_tax_auto_adjust,,,,,,,No,,,,,2025-08-20T09:41:26Z,2024,2024-01-01,2024-12-31
9496471,TOBACCO_MPOWER_R_TAXSTRUCTURE,COUNTRY,DNK,EUR,Europe,YEAR,2024,TOBACCO_INDICATOR,TOBACCO_INDICATOR_R_afford_price_gap_decreased,,,,,,,Yes,,,,,2025-08-20T09:41:26Z,2024,2024-01-01,2024-12-31
9496600,TOBACCO_MPOWER_R_TAXSTRUCTURE,COUNTRY,IRQ,EMR,Eastern Mediterranean,YEAR,2024,TOBACCO_INDICATOR,TOBACCO_INDICATOR_R_excise_min_specific,,,,,,,—,,,,,2025-08-20T09:41:26Z,2024,2024-01-01,2024-12-31
9499637,TOBACCO_MPOWER_R_TAXSTRUCTURE,COUNTRY,WSM,WPR,Western Pacific,YEAR,2024,TOBACCO_INDICATOR,TOBACCO_INDICATOR_R_eliquid_excise_device,,,,,,,. . .,,,,,2025-08-20T09:41:26Z,2024,2024-01-01,2024-12-31
9501900,TOBACCO_MPOWER_R_TAXSTRUCTURE,COUNTRY,NLD,EUR,Europe,YEAR,2024,TOBACCO_INDICATOR,TOBACCO_INDICATOR_R_afford_price_gap_decreased,,,,,,,Yes,,,,,2025-08-20T09:41:26Z,2024,2024-01-01,2024-12-31
9503253,TOBACCO_MPOWER_R_TAXSTRUCTURE,COUNTRY,THA,SEAR,South-East Asia,YEAR,2024,TOBACCO_INDICATOR,TOBACCO_INDICATOR_R_excise_min_specific,,,,,,,No,,,,,2025-08-20T09:41:26Z,2024,2024-01-01,2024-12-31
9507175,TOBACCO_MPOWER_R_TAXSTRUCTURE,COUNTRY,LBR,AFR,Africa,YEAR,2024,TOBACCO_INDICATOR,TOBACCO_INDICATOR_R_eliquid_excise_type,,,,,,,. . .,,,,,2025-08-20T09:41:26Z,2024,2024-01-01,2024-12-31
9524464,TOBACCO_MPOWER_R_TAXSTRUCTURE,COUNTRY,UGA,AFR,Africa,YEAR,2024,TOBACCO_INDICATOR,TOBACCO_INDICATOR_R_excise_min_specific,,,,,,,—,,,,,2025-08-20T09:41:26Z,2024,2024-01-01,2024-12-31
9525532,TOBACCO_MPOWER_R_TAXSTRUCTURE,COUNTRY,MYS,WPR,Western Pacific,YEAR,2024,TOBACCO_INDICATOR,TOBACCO_INDICATOR_R_eliquid_excise_nicotine,,,,,,,. . .,,,,,2025-08-20T09:41:26Z,2024,2024-01-01,2024-12-31
9526390,TOBACCO_MPOWER_R_TAXSTRUCTURE,COUNTRY,SVN,EUR,Europe,YEAR,2024,TOBACCO_INDICATOR,TOBACCO_INDICATOR_R_excise_uniform_varied,,,,,,,Yes,,,,,2025-08-20T09:41:26Z,2024,2024-01-01,2024-12-31
9530178,TOBACCO_MPOWER_R_TAXSTRUCTURE,COUNTRY,SRB,EUR,Europe,YEAR,2024,TOBACCO_INDICATOR,TOBACCO_INDICATOR_R_excise_min_specific,,,,,,,Yes,,,,,2025-08-20T09:41:26Z,2024,2024-01-01,2024-12-31
9545557,TOBACCO_MPOWER_R_TAXSTRUCTURE,COUNTRY,TUN,EMR,Eastern Mediterranean,YEAR,2024,TOBACCO_INDICATOR,TOBACCO_INDICATOR_R_eliquid_excise_type,,,,,,,. . .,,,,,2025-08-20T09:41:26Z,2024,2024-01-01,2024-12-31
9547114,TOBACCO_MPOWER_R_TAXSTRUCTURE,COUNTRY,FIN,EUR,Europe,YEAR,2024,TOBACCO_INDICATOR,TOBACCO_INDICATOR_R_excise_min_specific,,,,,,,Yes,,,,,2025-08-20T09:41:26Z,2024,2024-01-01,2024-12-31
9551999,TOBACCO_MPOWER_R_TAXSTRUCTURE,COUNTRY,DMA,AMR,Americas,YEAR,2024,TOBACCO_INDICATOR,TOBACCO_INDICATOR_R_excise_uniform_varied,,,,,,,Yes,,,,,2025-08-20T09:41:26Z,2024,2024-01-01,2024-12-31
9557632,TOBACCO_MPOWER_R_TAXSTRUCTURE,COUNTRY,MEX,AMR,Americas,YEAR,2024,TOBACCO_INDICATOR,TOBACCO_INDICATOR_R_htp_excise_device,,,,,,,—,,,,,2025-08-20T09:41:26Z,2024,2024-01-01,2024-12-31
9557976,TOBACCO_MPOWER_R_TAXSTRUCTURE,COUNTRY,BLR,EUR,Europe,YEAR,2024,TOBACCO_INDICATOR,TOBACCO_INDICATOR_R_afford_price_gap_decreased,,,,,,,Yes,,,,,2025-08-20T09:41:26Z,2024,2024-01-01,2024-12-31
9573252,TOBACCO_MPOWER_R_TAXSTRUCTURE,COUNTRY,JAM,AMR,Americas,YEAR,2024,TOBACCO_INDICATOR,TOBACCO_INDICATOR_R_afford_tax_auto_adjust,,,,,,,No,,,,Data not validated by the national authorities.,2025-08-20T09:41:26Z,2024,2024-01-01,2024-12-31
9573554,TOBACCO_MPOWER_R_TAXSTRUCTURE,COUNTRY,UKR,EUR,Europe,YEAR,2024,TOBACCO_INDICATOR,TOBACCO_INDICATOR_R_eliquid_excise_type,,,,,,,Specific,,,,,2025-08-20T09:41:26Z,2024,2024-01-01,2024-12-31
9579206,TOBACCO_MPOWER_R_TAXSTRUCTURE,COUNTRY,SOM,EMR,Eastern Mediterranean,YEAR,2024,TOBACCO_INDICATOR,TOBACCO_INDICATOR_R_min_price_policy,,,,,,,No,,,,,2025-08-20T09:41:26Z,2024,2024-01-01,2024-12-31
9579954,TOBACCO_MPOWER_R_TAXSTRUCTURE,COUNTRY,PSE,EMR,Eastern Mediterranean,YEAR,2024,TOBACCO_INDICATOR,TOBACCO_INDICATOR_R_excise_specific_reliance,,,,,,,Yes,,,,,2025-08-20T09:41:26Z,2024,2024-01-01,2024-12-31
9581118,TOBACCO_MPOWER_R_TAXSTRUCTURE,COUNTRY,NIC,AMR,Americas,YEAR,2024,TOBACCO_INDICATOR,TOBACCO_INDICATOR_R_afford_price_dispersion,,,,,,,. . .,,,,,2025-08-20T09:41:26Z,2024,2024-01-01,2024-12-31
9582793,TOBACCO_MPOWER_R_TAXSTRUCTURE,COUNTRY,GRD,AMR,Americas,YEAR,2024,TOBACCO_INDICATOR,TOBACCO_INDICATOR_R_excise_retail_price_base,,,,,,,No,,,,,2025-08-20T09:41:26Z,2024,2024-01-01,2024-12-31
9584685,TOBACCO_MPOWER_R_TAXSTRUCTURE,COUNTRY,ATG,AMR,Americas,YEAR,2024,TOBACCO_INDICATOR,TOBACCO_INDICATOR_R_min_price_policy,,,,,,,No,,,,,2025-08-20T09:41:26Z,2024,2024-01-01,2024-12-31
9586881,TOBACCO_MPOWER_R_TAXSTRUCTURE,COUNTRY,IRN,EMR,Eastern Mediterranean,YEAR,2024,TOBACCO_INDICATOR,TOBACCO_INDICATOR_R_eliquid_excise_nicotine,,,,,,,—,,,,,2025-08-20T09:41:26Z,2024,2024-01-01,2024-12-31
9588651,TOBACCO_MPOWER_R_TAXSTRUCTURE,COUNTRY,CIV,AFR,Africa,YEAR,2024,TOBACCO_INDICATOR,TOBACCO_INDICATOR_R_afford_tax_auto_adjust,,,,,,,Yes,,,,Automatic adjustment of the tax is a commitment yearly increase of the ad valorem tax by 5% point.,2025-08-20T09:41:26Z,2024,2024-01-01,2024-12-31
9593974,TOBACCO_MPOWER_R_TAXSTRUCTURE,COUNTRY,KWT,EMR,Eastern Mediterranean,YEAR,2024,TOBACCO_INDICATOR,TOBACCO_INDICATOR_R_excise_specific_reliance,,,,,,,—,,,,,2025-08-20T09:41:26Z,2024,2024-01-01,2024-12-31
9596689,TOBACCO_MPOWER_R_TAXSTRUCTURE,COUNTRY,AUT,EUR,Europe,YEAR,2024,TOBACCO_INDICATOR,TOBACCO_INDICATOR_R_excise_type,,,,,,,Mixed,,,,,2025-08-20T09:41:26Z,2024,2024-01-01,2024-12-31
9600097,TOBACCO_MPOWER_R_TAXSTRUCTURE,COUNTRY,EGY,EMR,Eastern Mediterranean,YEAR,2024,TOBACCO_INDICATOR,TOBACCO_INDICATOR_R_afford_price_gap_decreased,,,,,,,No,,,,,2025-08-20T09:41:26Z,2024,2024-01-01,2024-12-31
9601606,TOBACCO_MPOWER_R_TAXSTRUCTURE,COUNTRY,TLS,SEAR,South-East Asia,YEAR,2024,TOBACCO_INDICATOR,TOBACCO_INDICATOR_R_afford_price_dispersion,,,,,,,. . .,,,,,2025-08-20T09:41:26Z,2024,2024-01-01,2024-12-31
9605193,TOBACCO_MPOWER_R_TAXSTRUCTURE,COUNTRY,SVN,EUR,Europe,YEAR,2024,TOBACCO_INDICATOR,TOBACCO_INDICATOR_R_excise_retail_price_base,,,,,,,Yes,,,,,2025-08-20T09:41:26Z,2024,2024-01-01,2024-12-31
9605988,TOBACCO_MPOWER_R_TAXSTRUCTURE,COUNTRY,NIC,AMR,Americas,YEAR,2024,TOBACCO_INDICATOR,TOBACCO_INDICATOR_R_excise_uniform_varied,,,,,,,. . .,,,,,2025-08-20T09:41:26Z,2024,2024-01-01,2024-12-31
9607817,TOBACCO_MPOWER_R_TAXSTRUCTURE,COUNTRY,CHN,WPR,Western Pacific,YEAR,2024,TOBACCO_INDICATOR,TOBACCO_INDICATOR_R_min_price_policy,,,,,,,No,,,,,2025-08-20T09:41:26Z,2024,2024-01-01,2024-12-31
9617710,TOBACCO_MPOWER_R_TAXSTRUCTURE,COUNTRY,KNA,AMR,Americas,YEAR,2024,TOBACCO_INDICATOR,TOBACCO_INDICATOR_R_afford_tax_auto_adjust,,,,,,,—,,,,,2025-08-20T09:41:26Z,2024,2024-01-01,2024-12-31
9618934,TOBACCO_MPOWER_R_TAXSTRUCTURE,COUNTRY,HRV,EUR,Europe,YEAR,2024,TOBACCO_INDICATOR,TOBACCO_INDICATOR_R_excise_min_specific,,,,,,,Yes,,,,,2025-08-20T09:41:26Z,2024,2024-01-01,2024-12-31
9620208,TOBACCO_MPOWER_R_TAXSTRUCTURE,COUNTRY,WSM,WPR,Western Pacific,YEAR,2024,TOBACCO_INDICATOR,TOBACCO_INDICATOR_R_afford_price_dispersion,,,,,,,. . .,,,,,2025-08-20T09:41:26Z,2024,2024-01-01,2024-12-31
9620485,TOBACCO_MPOWER_R_TAXSTRUCTURE,COUNTRY,MLI,AFR,Africa,YEAR,2024,TOBACCO_INDICATOR,TOBACCO_INDICATOR_R_excise_type,,,,,,,Ad valorem,,,,,2025-08-20T09:41:26Z,2024,2024-01-01,2024-12-31
9620833,TOBACCO_MPOWER_R_TAXSTRUCTURE,COUNTRY,ARM,EUR,Europe,YEAR,2024,TOBACCO_INDICATOR,TOBACCO_INDICATOR_R_afford_price_gap_decreased,,,,,,,No,,,,,2025-08-20T09:41:26Z,2024,2024-01-01,2024-12-31
9624407,TOBACCO_MPOWER_R_TAXSTRUCTURE,COUNTRY,BFA,AFR,Africa,YEAR,2024,TOBACCO_INDICATOR,TOBACCO_INDICATOR_R_eliquid_excise_nicotine,,,,,,,. . .,,,,,2025-08-20T09:41:26Z,2024,2024-01-01,2024-12-31
9637008,TOBACCO_MPOWER_R_TAXSTRUCTURE,COUNTRY,BOL,AMR,Americas,YEAR,2024,TOBACCO_INDICATOR,TOBACCO_INDICATOR_R_eliquid_excise_nicotine,,,,,,,. . .,,,,,2025-08-20T09:41:26Z,2024,2024-01-01,2024-12-31
9637543,TOBACCO_MPOWER_R_TAXSTRUCTURE,COUNTRY,BRB,AMR,Americas,YEAR,2024,TOBACCO_INDICATOR,TOBACCO_INDICATOR_R_afford_price_gap_decreased,,,,,,,Yes,,,,,2025-08-20T09:41:26Z,2024,2024-01-01,2024-12-31
9641139,TOBACCO_MPOWER_R_TAXSTRUCTURE,COUNTRY,AUS,WPR,Western Pacific,YEAR,2024,TOBACCO_INDICATOR,TOBACCO_INDICATOR_R_eliquid_excise_type,,,,,,,—,,,,,2025-08-20T09:41:26Z,2024,2024-01-01,2024-12-31
9642234,TOBACCO_MPOWER_R_TAXSTRUCTURE,COUNTRY,SWE,EUR,Europe,YEAR,2024,TOBACCO_INDICATOR,TOBACCO_INDICATOR_R_eliquid_excise_device,,,,,,,. . .,,,,,2025-08-20T09:41:26Z,2024,2024-01-01,2024-12-31
9650366,TOBACCO_MPOWER_R_TAXSTRUCTURE,COUNTRY,JAM,AMR,Americas,YEAR,2024,TOBACCO_INDICATOR,TOBACCO_INDICATOR_R_excise_retail_price_base,,,,,,,—,,,,Data not validated by the national authorities.,2025-08-20T09:41:26Z,2024,2024-01-01,2024-12-31
9652240,TOBACCO_MPOWER_R_TAXSTRUCTURE,COUNTRY,FIN,EUR,Europe,YEAR,2024,TOBACCO_INDICATOR,TOBACCO_INDICATOR_R_afford_tax_auto_adjust,,,,,,,No,,,,,2025-08-20T09:41:26Z,2024,2024-01-01,2024-12-31
9653447,TOBACCO_MPOWER_R_TAXSTRUCTURE,COUNTRY,TCD,AFR,Africa,YEAR,2024,TOBACCO_INDICATOR,TOBACCO_INDICATOR_R_excise_specific_reliance,,,,,,,No,,,,,2025-08-20T09:41:26Z,2024,2024-01-01,2024-12-31
9654264,TOBACCO_MPOWER_R_TAXSTRUCTURE,COUNTRY,ECU,AMR,Americas,YEAR,2024,TOBACCO_INDICATOR,TOBACCO_INDICATOR_R_excise_specific_reliance,,,,,,,—,,,,,2025-08-20T09:41:26Z,2024,2024-01-01,2024-12-31
9654431,TOBACCO_MPOWER_R_TAXSTRUCTURE,COUNTRY,GNQ,AFR,Africa,YEAR,2024,TOBACCO_INDICATOR,TOBACCO_INDICATOR_R_htp_excise_device,,,,,,,. . .,,,,,2025-08-20T09:41:26Z,2024,2024-01-01,2024-12-31
9658825,TOBACCO_MPOWER_R_TAXSTRUCTURE,COUNTRY,DZA,AFR,Africa,YEAR,2024,TOBACCO_INDICATOR,TOBACCO_INDICATOR_R_htp_excise_type_sticks,,,,,,,. . .,,,,,2025-08-20T09:41:26Z,2024,2024-01-01,2024-12-31
9659777,TOBACCO_MPOWER_R_TAXSTRUCTURE,COUNTRY,CIV,AFR,Africa,YEAR,2024,TOBACCO_INDICATOR,TOBACCO_INDICATOR_R_eliquid_excise_type,,,,,,,Ad valorem,,,,,2025-08-20T09:41:26Z,2024,2024-01-01,2024-12-31
9664087,TOBACCO_MPOWER_R_TAXSTRUCTURE,COUNTRY,MRT,AFR,Africa,YEAR,2024,TOBACCO_INDICATOR,TOBACCO_INDICATOR_R_excise_uniform_varied,,,,,,,Yes,,,,,2025-08-20T09:41:26Z,2024,2024-01-01,2024-12-31
9665335,TOBACCO_MPOWER_R_TAXSTRUCTURE,COUNTRY,MLI,AFR,Africa,YEAR,2024,TOBACCO_INDICATOR,TOBACCO_INDICATOR_R_eliquid_excise_type,,,,,,,. . .,,,,,2025-08-20T09:41:26Z,2024,2024-01-01,2024-12-31
9669420,TOBACCO_MPOWER_R_TAXSTRUCTURE,COUNTRY,SWE,EUR,Europe,YEAR,2024,TOBACCO_INDICATOR,TOBACCO_INDICATOR_R_excise_min_specific,,,,,,,No,,,,,2025-08-20T09:41:26Z,2024,2024-01-01,2024-12-31
9673579,TOBACCO_MPOWER_R_TAXSTRUCTURE,COUNTRY,BWA,AFR,Africa,YEAR,2024,TOBACCO_INDICATOR,TOBACCO_INDICATOR_R_excise_retail_price_base,,,,,,,—,,,,,2025-08-20T09:41:26Z,2024,2024-01-01,2024-12-31
9678270,TOBACCO_MPOWER_R_TAXSTRUCTURE,COUNTRY,ISR,EUR,Europe,YEAR,2024,TOBACCO_INDICATOR,TOBACCO_INDICATOR_R_excise_uniform_varied,,,,,,,Yes,,,,,2025-08-20T09:41:26Z,2024,2024-01-01,2024-12-31
9685088,TOBACCO_MPOWER_R_TAXSTRUCTURE,COUNTRY,BGD,SEAR,South-East Asia,YEAR,2024,TOBACCO_INDICATOR,TOBACCO_INDICATOR_R_htp_excise_device,,,,,,,No,,,,,2025-08-20T09:41:26Z,2024,2024-01-01,2024-12-31
9693637,TOBACCO_MPOWER_R_TAXSTRUCTURE,COUNTRY,LBR,AFR,Africa,YEAR,2024,TOBACCO_INDICATOR,TOBACCO_INDICATOR_R_htp_excise_device,,,,,,,. . .,,,,,2025-08-20T09:41:26Z,2024,2024-01-01,2024-12-31
9698913,TOBACCO_MPOWER_R_TAXSTRUCTURE,COUNTRY,ESP,EUR,Europe,YEAR,2024,TOBACCO_INDICATOR,TOBACCO_INDICATOR_R_eliquid_excise_device,,,,,,,—,,,,,2025-08-20T09:41:26Z,2024,2024-01-01,2024-12-31
9713200,TOBACCO_MPOWER_R_TAXSTRUCTURE,COUNTRY,GBR,EUR,Europe,YEAR,2024,TOBACCO_INDICATOR,TOBACCO_INDICATOR_R_afford_price_gap_decreased,,,,,,,Yes,,,,,2025-08-20T09:41:26Z,2024,2024-01-01,2024-12-31
9713370,TOBACCO_MPOWER_R_TAXSTRUCTURE,COUNTRY,GHA,AFR,Africa,YEAR,2024,TOBACCO_INDICATOR,TOBACCO_INDICATOR_R_eliquid_excise_type,,,,,,,. . .,,,,,2025-08-20T09:41:26Z,2024,2024-01-01,2024-12-31
9725067,TOBACCO_MPOWER_R_TAXSTRUCTURE,COUNTRY,PAN,AMR,Americas,YEAR,2024,TOBACCO_INDICATOR,TOBACCO_INDICATOR_R_excise_uniform_varied,,,,,,,Yes,,,,,2025-08-20T09:41:26Z,2024,2024-01-01,2024-12-31
9729007,TOBACCO_MPOWER_R_TAXSTRUCTURE,COUNTRY,CPV,AFR,Africa,YEAR,2024,TOBACCO_INDICATOR,TOBACCO_INDICATOR_R_afford_tax_auto_adjust,,,,,,,No,,,,,2025-08-20T09:41:26Z,2024,2024-01-01,2024-12-31
9733806,TOBACCO_MPOWER_R_TAXSTRUCTURE,COUNTRY,CHE,EUR,Europe,YEAR,2024,TOBACCO_INDICATOR,TOBACCO_INDICATOR_R_min_price_policy,,,,,,,No,,,,,2025-08-20T09:41:26Z,2024,2024-01-01,2024-12-31
9734349,TOBACCO_MPOWER_R_TAXSTRUCTURE,COUNTRY,TCD,AFR,Africa,YEAR,2024,TOBACCO_INDICATOR,TOBACCO_INDICATOR_R_eliquid_excise_device,,,,,,,. . .,,,,,2025-08-20T09:41:26Z,2024,2024-01-01,2024-12-31
9736898,TOBACCO_MPOWER_R_TAXSTRUCTURE,COUNTRY,PNG,WPR,Western Pacific,YEAR,2024,TOBACCO_INDICATOR,TOBACCO_INDICATOR_R_excise_specific_reliance,,,,,,,—,,,,,2025-08-20T09:41:26Z,2024,2024-01-01,2024-12-31
9740091,TOBACCO_MPOWER_R_TAXSTRUCTURE,COUNTRY,BGD,SEAR,South-East Asia,YEAR,2024,TOBACCO_INDICATOR,TOBACCO_INDICATOR_R_excise_min_specific,,,,,,,No,,,,,2025-08-20T09:41:26Z,2024,2024-01-01,2024-12-31
9742284,TOBACCO_MPOWER_R_TAXSTRUCTURE,COUNTRY,EST,EUR,Europe,YEAR,2024,TOBACCO_INDICATOR,TOBACCO_INDICATOR_R_htp_excise_device,,,,,,,No,,,,,2025-08-20T09:41:26Z,2024,2024-01-01,2024-12-31
9744937,TOBACCO_MPOWER_R_TAXSTRUCTURE,COUNTRY,BHR,EMR,Eastern Mediterranean,YEAR,2024,TOBACCO_INDICATOR,TOBACCO_INDICATOR_R_htp_excise_device,,,,,,,. . .,,,,,2025-08-20T09:41:26Z,2024,2024-01-01,2024-12-31
9745473,TOBACCO_MPOWER_R_TAXSTRUCTURE,COUNTRY,GNQ,AFR,Africa,YEAR,2024,TOBACCO_INDICATOR,TOBACCO_INDICATOR_R_excise_specific_reliance,,,,,,,—,,,,,2025-08-20T09:41:26Z,2024,2024-01-01,2024-12-31
9747883,TOBACCO_MPOWER_R_TAXSTRUCTURE,COUNTRY,AUT,EUR,Europe,YEAR,2024,TOBACCO_INDICATOR,TOBACCO_INDICATOR_R_eliquid_excise_device,,,,,,,—,,,,,2025-08-20T09:41:26Z,2024,2024-01-01,2024-12-31
9751932,TOBACCO_MPOWER_R_TAXSTRUCTURE,COUNTRY,NLD,EUR,Europe,YEAR,2024,TOBACCO_INDICATOR,TOBACCO_INDICATOR_R_eliquid_excise_nicotine,,,,,,,—,,,,,2025-08-20T09:41:26Z,2024,2024-01-01,2024-12-31
9756693,TOBACCO_MPOWER_R_TAXSTRUCTURE,COUNTRY,QAT,EMR,Eastern Mediterranean,YEAR,2024,TOBACCO_INDICATOR,TOBACCO_INDICATOR_R_excise_specific_reliance,,,,,,,—,,,,,2025-08-20T09:41:26Z,2024,2024-01-01,2024-12-31
9757715,TOBACCO_MPOWER_R_TAXSTRUCTURE,COUNTRY,GAB,AFR,Africa,YEAR,2024,TOBACCO_INDICATOR,TOBACCO_INDICATOR_R_htp_excise_device,,,,,,,. . .,,,,,2025-08-20T09:41:26Z,2024,2024-01-01,2024-12-31
9757794,TOBACCO_MPOWER_R_TAXSTRUCTURE,COUNTRY,COK,WPR,Western Pacific,YEAR,2024,TOBACCO_INDICATOR,TOBACCO_INDICATOR_R_min_price_policy,,,,,,,No,,,,,2025-08-20T09:41:26Z,2024,2024-01-01,2024-12-31
9757815,TOBACCO_MPOWER_R_TAXSTRUCTURE,COUNTRY,IND,SEAR,South-East Asia,YEAR,2024,TOBACCO_INDICATOR,TOBACCO_INDICATOR_R_excise_uniform_varied,,,,,,,No,,,,,2025-08-20T09:41:26Z,2024,2024-01-01,2024-12-31
9759355,TOBACCO_MPOWER_R_TAXSTRUCTURE,COUNTRY,DNK,EUR,Europe,YEAR,2024,TOBACCO_INDICATOR,TOBACCO_INDICATOR_R_excise_min_specific,,,,,,,No,,,,,2025-08-20T09:41:26Z,2024,2024-01-01,2024-12-31
9760100,TOBACCO_MPOWER_R_TAXSTRUCTURE,COUNTRY,SVK,EUR,Europe,YEAR,2024,TOBACCO_INDICATOR,TOBACCO_INDICATOR_R_excise_retail_price_base,,,,,,,Yes,,,,,2025-08-20T09:41:26Z,2024,2024-01-01,2024-12-31
9763883,TOBACCO_MPOWER_R_TAXSTRUCTURE,COUNTRY,SGP,WPR,Western Pacific,YEAR,2024,TOBACCO_INDICATOR,TOBACCO_INDICATOR_R_excise_uniform_varied,,,,,,,Yes,,,,,2025-08-20T09:41:26Z,2024,2024-01-01,2024-12-31
9773593,TOBACCO_MPOWER_R_TAXSTRUCTURE,COUNTRY,DEU,EUR,Europe,YEAR,2024,TOBACCO_INDICATOR,TOBACCO_INDICATOR_R_excise_type,,,,,,,Mixed,,,,,2025-08-20T09:41:26Z,2024,2024-01-01,2024-12-31
9778899,TOBACCO_MPOWER_R_TAXSTRUCTURE,COUNTRY,AUS,WPR,Western Pacific,YEAR,2024,TOBACCO_INDICATOR,TOBACCO_INDICATOR_R_excise_min_specific,,,,,,,—,,,,,2025-08-20T09:41:26Z,2024,2024-01-01,2024-12-31
9781951,TOBACCO_MPOWER_R_TAXSTRUCTURE,COUNTRY,TLS,SEAR,South-East Asia,YEAR,2024,TOBACCO_INDICATOR,TOBACCO_INDICATOR_R_excise_specific_reliance,,,,,,,—,,,,,2025-08-20T09:41:26Z,2024,2024-01-01,2024-12-31
9786004,TOBACCO_MPOWER_R_TAXSTRUCTURE,COUNTRY,ZWE,AFR,Africa,YEAR,2024,TOBACCO_INDICATOR,TOBACCO_INDICATOR_R_excise_retail_price_base,,,,,,,No,,,,,2025-08-20T09:41:26Z,2024,2024-01-01,2024-12-31
9788239,TOBACCO_MPOWER_R_TAXSTRUCTURE,COUNTRY,KOR,WPR,Western Pacific,YEAR,2024,TOBACCO_INDICATOR,TOBACCO_INDICATOR_R_eliquid_excise_type,,,,,,,Specific,,,,,2025-08-20T09:41:26Z,2024,2024-01-01,2024-12-31
9794911,TOBACCO_MPOWER_R_TAXSTRUCTURE,COUNTRY,IND,SEAR,South-East Asia,YEAR,2024,TOBACCO_INDICATOR,TOBACCO_INDICATOR_R_excise_specific_reliance,,,,,,,Yes,,,,,2025-08-20T09:41:26Z,2024,2024-01-01,2024-12-31
9799480,TOBACCO_MPOWER_R_TAXSTRUCTURE,COUNTRY,BGR,EUR,Europe,YEAR,2024,TOBACCO_INDICATOR,TOBACCO_INDICATOR_R_afford_tax_auto_adjust,,,,,,,No,,,,,2025-08-20T09:41:26Z,2024,2024-01-01,2024-12-31
9805206,TOBACCO_MPOWER_R_TAXSTRUCTURE,COUNTRY,COL,AMR,Americas,YEAR,2024,TOBACCO_INDICATOR,TOBACCO_INDICATOR_R_htp_excise_device,,,,,,,No,,,,,2025-08-20T09:41:26Z,2024,2024-01-01,2024-12-31
9805553,TOBACCO_MPOWER_R_TAXSTRUCTURE,COUNTRY,SSD,AFR,Africa,YEAR,2024,TOBACCO_INDICATOR,TOBACCO_INDICATOR_R_excise_min_specific,,,,,,,No,,,,,2025-08-20T09:41:26Z,2024,2024-01-01,2024-12-31
9810657,TOBACCO_MPOWER_R_TAXSTRUCTURE,COUNTRY,TGO,AFR,Africa,YEAR,2024,TOBACCO_INDICATOR,TOBACCO_INDICATOR_R_eliquid_excise_type,,,,,,,. . .,,,,,2025-08-20T09:41:26Z,2024,2024-01-01,2024-12-31
9822940,TOBACCO_MPOWER_R_TAXSTRUCTURE,COUNTRY,SLB,WPR,Western Pacific,YEAR,2024,TOBACCO_INDICATOR,TOBACCO_INDICATOR_R_eliquid_excise_type,,,,,,,. . .,,,,,2025-08-20T09:41:26Z,2024,2024-01-01,2024-12-31
9824993,TOBACCO_MPOWER_R_TAXSTRUCTURE,COUNTRY,SYC,AFR,Africa,YEAR,2024,TOBACCO_INDICATOR,TOBACCO_INDICATOR_R_excise_type,,,,,,,Specific,,,,,2025-08-20T09:41:26Z,2024,2024-01-01,2024-12-31
9826811,TOBACCO_MPOWER_R_TAXSTRUCTURE,COUNTRY,NGA,AFR,Africa,YEAR,2024,TOBACCO_INDICATOR,TOBACCO_INDICATOR_R_eliquid_excise_nicotine,,,,,,,—,,,,,2025-08-20T09:41:26Z,2024,2024-01-01,2024-12-31
9829649,TOBACCO_MPOWER_R_TAXSTRUCTURE,COUNTRY,BEN,AFR,Africa,YEAR,2024,TOBACCO_INDICATOR,TOBACCO_INDICATOR_R_afford_price_gap_decreased,,,,,,,. . .,,,,,2025-08-20T09:41:26Z,2024,2024-01-01,2024-12-31
9833123,TOBACCO_MPOWER_R_TAXSTRUCTURE,COUNTRY,LSO,AFR,Africa,YEAR,2024,TOBACCO_INDICATOR,TOBACCO_INDICATOR_R_min_price_policy,,,,,,,No,,,,,2025-08-20T09:41:26Z,2024,2024-01-01,2024-12-31
9834690,TOBACCO_MPOWER_R_TAXSTRUCTURE,COUNTRY,JAM,AMR,Americas,YEAR,2024,TOBACCO_INDICATOR,TOBACCO_INDICATOR_R_excise_uniform_varied,,,,,,,Yes,,,,Data not validated by the national authorities.,2025-08-20T09:41:26Z,2024,2024-01-01,2024-12-31
9837844,TOBACCO_MPOWER_R_TAXSTRUCTURE,COUNTRY,TLS,SEAR,South-East Asia,YEAR,2024,TOBACCO_INDICATOR,TOBACCO_INDICATOR_R_htp_excise_type_sticks,,,,,,,—,,,,,2025-08-20T09:41:26Z,2024,2024-01-01,2024-12-31
9838560,TOBACCO_MPOWER_R_TAXSTRUCTURE,COUNTRY,DJI,EMR,Eastern Mediterranean,YEAR,2024,TOBACCO_INDICATOR,TOBACCO_INDICATOR_R_htp_excise_type_sticks,,,,,,,. . .,,,,,2025-08-20T09:41:26Z,2024,2024-01-01,2024-12-31
9841619,TOBACCO_MPOWER_R_TAXSTRUCTURE,COUNTRY,PAN,AMR,Americas,YEAR,2024,TOBACCO_INDICATOR,TOBACCO_INDICATOR_R_excise_min_specific,,,,,,,Yes,,,,,2025-08-20T09:41:26Z,2024,2024-01-01,2024-12-31
9849763,TOBACCO_MPOWER_R_TAXSTRUCTURE,COUNTRY,GTM,AMR,Americas,YEAR,2024,TOBACCO_INDICATOR,TOBACCO_INDICATOR_R_excise_min_specific,,,,,,,No,,,,,2025-08-20T09:41:26Z,2024,2024-01-01,2024-12-31
9855161,TOBACCO_MPOWER_R_TAXSTRUCTURE,COUNTRY,DZA,AFR,Africa,YEAR,2024,TOBACCO_INDICATOR,TOBACCO_INDICATOR_R_afford_price_dispersion,,,,,,,42.86,42.86,,,,2025-08-20T09:41:26Z,2024,2024-01-01,2024-12-31
9859277,TOBACCO_MPOWER_R_TAXSTRUCTURE,COUNTRY,POL,EUR,Europe,YEAR,2024,TOBACCO_INDICATOR,TOBACCO_INDICATOR_R_excise_type,,,,,,,Mixed,,,,,2025-08-20T09:41:26Z,2024,2024-01-01,2024-12-31
9861164,TOBACCO_MPOWER_R_TAXSTRUCTURE,COUNTRY,MHL,WPR,Western Pacific,YEAR,2024,TOBACCO_INDICATOR,TOBACCO_INDICATOR_R_excise_min_specific,,,,,,,—,,,,,2025-08-20T09:41:26Z,2024,2024-01-01,2024-12-31
9861969,TOBACCO_MPOWER_R_TAXSTRUCTURE,COUNTRY,LCA,AMR,Americas,YEAR,2024,TOBACCO_INDICATOR,TOBACCO_INDICATOR_R_eliquid_excise_device,,,,,,,. . .,,,,,2025-08-20T09:41:26Z,2024,2024-01-01,2024-12-31
9867133,TOBACCO_MPOWER_R_TAXSTRUCTURE,COUNTRY,BTN,SEAR,South-East Asia,YEAR,2024,TOBACCO_INDICATOR,TOBACCO_INDICATOR_R_excise_uniform_varied,,,,,,,Yes,,,,,2025-08-20T09:41:26Z,2024,2024-01-01,2024-12-31
9884500,TOBACCO_MPOWER_R_TAXSTRUCTURE,COUNTRY,DOM,AMR,Americas,YEAR,2024,TOBACCO_INDICATOR,TOBACCO_INDICATOR_R_afford_price_dispersion,,,,,,,68.19,68.19,,,,2025-08-20T09:41:26Z,2024,2024-01-01,2024-12-31
9885025,TOBACCO_MPOWER_R_TAXSTRUCTURE,COUNTRY,IRL,EUR,Europe,YEAR,2024,TOBACCO_INDICATOR,TOBACCO_INDICATOR_R_htp_excise_device,,,,,,,—,,,,,2025-08-20T09:41:26Z,2024,2024-01-01,2024-12-31
9895919,TOBACCO_MPOWER_R_TAXSTRUCTURE,COUNTRY,MWI,AFR,Africa,YEAR,2024,TOBACCO_INDICATOR,TOBACCO_INDICATOR_R_htp_excise_device,,,,,,,No,,,,,2025-08-20T09:41:26Z,2024,2024-01-01,2024-12-31
9896495,TOBACCO_MPOWER_R_TAXSTRUCTURE,COUNTRY,KEN,AFR,Africa,YEAR,2024,TOBACCO_INDICATOR,TOBACCO_INDICATOR_R_excise_type,,,,,,,Specific,,,,,2025-08-20T09:41:26Z,2024,2024-01-01,2024-12-31
9898410,TOBACCO_MPOWER_R_TAXSTRUCTURE,COUNTRY,MYS,WPR,Western Pacific,YEAR,2024,TOBACCO_INDICATOR,TOBACCO_INDICATOR_R_htp_excise_device,,,,,,,. . .,,,,,2025-08-20T09:41:26Z,2024,2024-01-01,2024-12-31
9914222,TOBACCO_MPOWER_R_TAXSTRUCTURE,COUNTRY,TJK,EUR,Europe,YEAR,2024,TOBACCO_INDICATOR,TOBACCO_INDICATOR_R_afford_tax_auto_adjust,,,,,,,No,,,,,2025-08-20T09:41:26Z,2024,2024-01-01,2024-12-31
9914301,TOBACCO_MPOWER_R_TAXSTRUCTURE,COUNTRY,IRQ,EMR,Eastern Mediterranean,YEAR,2024,TOBACCO_INDICATOR,TOBACCO_INDICATOR_R_afford_price_gap_decreased,,,,,,,. . .,,,,,2025-08-20T09:41:26Z,2024,2024-01-01,2024-12-31
9919569,TOBACCO_MPOWER_R_TAXSTRUCTURE,COUNTRY,TJK,EUR,Europe,YEAR,2024,TOBACCO_INDICATOR,TOBACCO_INDICATOR_R_htp_excise_device,,,,,,,. . .,,,,,2025-08-20T09:41:26Z,2024,2024-01-01,2024-12-31
9920415,TOBACCO_MPOWER_R_TAXSTRUCTURE,COUNTRY,EGY,EMR,Eastern Mediterranean,YEAR,2024,TOBACCO_INDICATOR,TOBACCO_INDICATOR_R_eliquid_excise_type,,,,,,,Specific,,,,,2025-08-20T09:41:26Z,2024,2024-01-01,2024-12-31
9923203,TOBACCO_MPOWER_R_TAXSTRUCTURE,COUNTRY,TCD,AFR,Africa,YEAR,2024,TOBACCO_INDICATOR,TOBACCO_INDICATOR_R_afford_price_gap_decreased,,,,,,,No,,,,,2025-08-20T09:41:26Z,2024,2024-01-01,2024-12-31
9926558,TOBACCO_MPOWER_R_TAXSTRUCTURE,COUNTRY,ARG,AMR,Americas,YEAR,2024,TOBACCO_INDICATOR,TOBACCO_INDICATOR_R_afford_price_gap_decreased,,,,,,,Yes,,,,,2025-08-20T09:41:26Z,2024,2024-01-01,2024-12-31
9926615,TOBACCO_MPOWER_R_TAXSTRUCTURE,COUNTRY,ECU,AMR,Americas,YEAR,2024,TOBACCO_INDICATOR,TOBACCO_INDICATOR_R_afford_price_gap_decreased,,,,,,,Yes,,,,,2025-08-20T09:41:26Z,2024,2024-01-01,2024-12-31
9929242,TOBACCO_MPOWER_R_TAXSTRUCTURE,COUNTRY,DJI,EMR,Eastern Mediterranean,YEAR,2024,TOBACCO_INDICATOR,TOBACCO_INDICATOR_R_afford_tax_auto_adjust,,,,,,,—,,,,,2025-08-20T09:41:26Z,2024,2024-01-01,2024-12-31
9929986,TOBACCO_MPOWER_R_TAXSTRUCTURE,COUNTRY,ETH,AFR,Africa,YEAR,2024,TOBACCO_INDICATOR,TOBACCO_INDICATOR_R_excise_min_specific,,,,,,,No,,,,,2025-08-20T09:41:26Z,2024,2024-01-01,2024-12-31
9933736,TOBACCO_MPOWER_R_TAXSTRUCTURE,COUNTRY,HUN,EUR,Europe,YEAR,2024,TOBACCO_INDICATOR,TOBACCO_INDICATOR_R_excise_min_specific,,,,,,,Yes,,,,,2025-08-20T09:41:26Z,2024,2024-01-01,2024-12-31
9937571,TOBACCO_MPOWER_R_TAXSTRUCTURE,COUNTRY,SSD,AFR,Africa,YEAR,2024,TOBACCO_INDICATOR,TOBACCO_INDICATOR_R_afford_price_dispersion,,,,,,,. . .,,,,,2025-08-20T09:41:26Z,2024,2024-01-01,2024-12-31
9940940,TOBACCO_MPOWER_R_TAXSTRUCTURE,COUNTRY,USA,AMR,Americas,YEAR,2024,TOBACCO_INDICATOR,TOBACCO_INDICATOR_R_afford_price_gap_decreased,,,,,,,. . .,,,,,2025-08-20T09:41:26Z,2024,2024-01-01,2024-12-31
9943243,TOBACCO_MPOWER_R_TAXSTRUCTURE,COUNTRY,MNE,EUR,Europe,YEAR,2024,TOBACCO_INDICATOR,TOBACCO_INDICATOR_R_excise_type,,,,,,,Mixed,,,,,2025-08-20T09:41:26Z,2024,2024-01-01,2024-12-31
9953647,TOBACCO_MPOWER_R_TAXSTRUCTURE,COUNTRY,DNK,EUR,Europe,YEAR,2024,TOBACCO_INDICATOR,TOBACCO_INDICATOR_R_excise_specific_reliance,,,,,,,Yes,,,,,2025-08-20T09:41:26Z,2024,2024-01-01,2024-12-31
9954610,TOBACCO_MPOWER_R_TAXSTRUCTURE,COUNTRY,TON,WPR,Western Pacific,YEAR,2024,TOBACCO_INDICATOR,TOBACCO_INDICATOR_R_htp_excise_device,,,,,,,—,,,,,2025-08-20T09:41:26Z,2024,2024-01-01,2024-12-31
9957574,TOBACCO_MPOWER_R_TAXSTRUCTURE,COUNTRY,TJK,EUR,Europe,YEAR,2024,TOBACCO_INDICATOR,TOBACCO_INDICATOR_R_excise_retail_price_base,,,,,,,—,,,,,2025-08-20T09:41:26Z,2024,2024-01-01,2024-12-31
9959992,TOBACCO_MPOWER_R_TAXSTRUCTURE,COUNTRY,NER,AFR,Africa,YEAR,2024,TOBACCO_INDICATOR,TOBACCO_INDICATOR_R_afford_tax_auto_adjust,,,,,,,—,,,,,2025-08-20T09:41:26Z,2024,2024-01-01,2024-12-31
9962843,TOBACCO_MPOWER_R_TAXSTRUCTURE,COUNTRY,COM,AFR,Africa,YEAR,2024,TOBACCO_INDICATOR,TOBACCO_INDICATOR_R_min_price_policy,,,,,,,No,,,,,2025-08-20T09:41:26Z,2024,2024-01-01,2024-12-31
9963334,TOBACCO_MPOWER_R_TAXSTRUCTURE,COUNTRY,BTN,SEAR,South-East Asia,YEAR,2024,TOBACCO_INDICATOR,TOBACCO_INDICATOR_R_eliquid_excise_device,,,,,,,. . .,,,,,2025-08-20T09:41:26Z,2024,2024-01-01,2024-12-31
9967481,TOBACCO_MPOWER_R_TAXSTRUCTURE,COUNTRY,TUN,EMR,Eastern Mediterranean,YEAR,2024,TOBACCO_INDICATOR,TOBACCO_INDICATOR_R_excise_specific_reliance,,,,,,,No,,,,,2025-08-20T09:41:26Z,2024,2024-01-01,2024-12-31
9973542,TOBACCO_MPOWER_R_TAXSTRUCTURE,COUNTRY,JPN,WPR,Western Pacific,YEAR,2024,TOBACCO_INDICATOR,TOBACCO_INDICATOR_R_excise_retail_price_base,,,,,,,—,,,,,2025-08-20T09:41:26Z,2024,2024-01-01,2024-12-31
9984699,TOBACCO_MPOWER_R_TAXSTRUCTURE,COUNTRY,BEL,EUR,Europe,YEAR,2024,TOBACCO_INDICATOR,TOBACCO_INDICATOR_R_eliquid_excise_type,,,,,,,Specific,,,,,2025-08-20T09:41:26Z,2024,2024-01-01,2024-12-31
9986608,TOBACCO_MPOWER_R_TAXSTRUCTURE,COUNTRY,SAU,EMR,Eastern Mediterranean,YEAR,2024,TOBACCO_INDICATOR,TOBACCO_INDICATOR_R_eliquid_excise_type,,,,,,,Ad valorem,,,,,2025-08-20T09:41:26Z,2024,2024-01-01,2024-12-31
9987627,TOBACCO_MPOWER_R_TAXSTRUCTURE,COUNTRY,GAB,AFR,Africa,YEAR,2024,TOBACCO_INDICATOR,TOBACCO_INDICATOR_R_excise_retail_price_base,,,,,,,No,,,,,2025-08-20T09:41:26Z,2024,2024-01-01,2024-12-31
9988711,TOBACCO_MPOWER_R_TAXSTRUCTURE,COUNTRY,NPL,SEAR,South-East Asia,YEAR,2024,TOBACCO_INDICATOR,TOBACCO_INDICATOR_R_htp_excise_type_sticks,,,,,,,. . .,,,,,2025-08-20T09:41:26Z,2024,2024-01-01,2024-12-31
9989807,TOBACCO_MPOWER_R_TAXSTRUCTURE,COUNTRY,TGO,AFR,Africa,YEAR,2024,TOBACCO_INDICATOR,TOBACCO_INDICATOR_R_afford_price_gap_decreased,,,,,,,Yes,,,,,2025-08-20T09:41:26Z,2024,2024-01-01,2024-12-31
9993608,TOBACCO_MPOWER_R_TAXSTRUCTURE,COUNTRY,TTO,AMR,Americas,YEAR,2024,TOBACCO_INDICATOR,TOBACCO_INDICATOR_R_eliquid_excise_type,,,,,,,. . .,,,,,2025-08-20T09:41:26Z,2024,2024-01-01,2024-12-31
9995299,TOBACCO_MPOWER_R_TAXSTRUCTURE,COUNTRY,TKM,EUR,Europe,YEAR,2024,TOBACCO_INDICATOR,TOBACCO_INDICATOR_R_afford_tax_auto_adjust,,,,,,,No,,,,,2025-08-20T09:41:26Z,2024,2024-01-01,2024-12-31
9996933,TOBACCO_MPOWER_R_TAXSTRUCTURE,COUNTRY,BRA,AMR,Americas,YEAR,2024,TOBACCO_INDICATOR,TOBACCO_INDICATOR_R_htp_excise_type_sticks,,,,,,,—,,,,,2025-08-20T09:41:26Z,2024,2024-01-01,2024-12-31
9997230,TOBACCO_MPOWER_R_TAXSTRUCTURE,COUNTRY,ZMB,AFR,Africa,YEAR,2024,TOBACCO_INDICATOR,TOBACCO_INDICATOR_R_htp_excise_type_sticks,,,,,,,. . .,,,,,2025-08-20T09:41:26Z,2024,2024-01-01,2024-12-31
10001659,TOBACCO_MPOWER_R_TAXSTRUCTURE,COUNTRY,BEN,AFR,Africa,YEAR,2024,TOBACCO_INDICATOR,TOBACCO_INDICATOR_R_afford_tax_auto_adjust,,,,,,,—,,,,,2025-08-20T09:41:26Z,2024,2024-01-01,2024-12-31
10002144,TOBACCO_MPOWER_R_TAXSTRUCTURE,COUNTRY,MNE,EUR,Europe,YEAR,2024,TOBACCO_INDICATOR,TOBACCO_INDICATOR_R_eliquid_excise_nicotine,,,,,,,all e-liquids,,,,,2025-08-20T09:41:26Z,2024,2024-01-01,2024-12-31
10010940,TOBACCO_MPOWER_R_TAXSTRUCTURE,COUNTRY,HTI,AMR,Americas,YEAR,2024,TOBACCO_INDICATOR,TOBACCO_INDICATOR_R_eliquid_excise_device,,,,,,,. . .,,,,,2025-08-20T09:41:26Z,2024,2024-01-01,2024-12-31
10011257,TOBACCO_MPOWER_R_TAXSTRUCTURE,COUNTRY,SLB,WPR,Western Pacific,YEAR,2024,TOBACCO_INDICATOR,TOBACCO_INDICATOR_R_htp_excise_type_sticks,,,,,,,. . .,,,,,2025-08-20T09:41:26Z,2024,2024-01-01,2024-12-31
10013015,TOBACCO_MPOWER_R_TAXSTRUCTURE,COUNTRY,SAU,EMR,Eastern Mediterranean,YEAR,2024,TOBACCO_INDICATOR,TOBACCO_INDICATOR_R_excise_specific_reliance,,,,,,,—,,,,,2025-08-20T09:41:26Z,2024,2024-01-01,2024-12-31
10013248,TOBACCO_MPOWER_R_TAXSTRUCTURE,COUNTRY,KEN,AFR,Africa,YEAR,2024,TOBACCO_INDICATOR,TOBACCO_INDICATOR_R_eliquid_excise_nicotine,,,,,,,nicotine only,,,,,2025-08-20T09:41:26Z,2024,2024-01-01,2024-12-31
10019091,TOBACCO_MPOWER_R_TAXSTRUCTURE,COUNTRY,SEN,AFR,Africa,YEAR,2024,TOBACCO_INDICATOR,TOBACCO_INDICATOR_R_excise_type,,,,,,,Ad valorem,,,,,2025-08-20T09:41:26Z,2024,2024-01-01,2024-12-31
10021847,TOBACCO_MPOWER_R_TAXSTRUCTURE,COUNTRY,BGD,SEAR,South-East Asia,YEAR,2024,TOBACCO_INDICATOR,TOBACCO_INDICATOR_R_eliquid_excise_type,,,,,,,No excise,,,,,2025-08-20T09:41:26Z,2024,2024-01-01,2024-12-31
10030031,TOBACCO_MPOWER_R_TAXSTRUCTURE,COUNTRY,VCT,AMR,Americas,YEAR,2024,TOBACCO_INDICATOR,TOBACCO_INDICATOR_R_eliquid_excise_nicotine,,,,,,,. . .,,,,,2025-08-20T09:41:26Z,2024,2024-01-01,2024-12-31
10031769,TOBACCO_MPOWER_R_TAXSTRUCTURE,COUNTRY,NIU,WPR,Western Pacific,YEAR,2024,TOBACCO_INDICATOR,TOBACCO_INDICATOR_R_excise_min_specific,,,,,,,. . .,,,,,2025-08-20T09:41:26Z,2024,2024-01-01,2024-12-31
10036268,TOBACCO_MPOWER_R_TAXSTRUCTURE,COUNTRY,WSM,WPR,Western Pacific,YEAR,2024,TOBACCO_INDICATOR,TOBACCO_INDICATOR_R_excise_retail_price_base,,,,,,,—,,,,,2025-08-20T09:41:26Z,2024,2024-01-01,2024-12-31
10041104,TOBACCO_MPOWER_R_TAXSTRUCTURE,COUNTRY,VNM,WPR,Western Pacific,YEAR,2024,TOBACCO_INDICATOR,TOBACCO_INDICATOR_R_htp_excise_type_sticks,,,,,,,—,,,,,2025-08-20T09:41:26Z,2024,2024-01-01,2024-12-31
10041619,TOBACCO_MPOWER_R_TAXSTRUCTURE,COUNTRY,BGD,SEAR,South-East Asia,YEAR,2024,TOBACCO_INDICATOR,TOBACCO_INDICATOR_R_excise_retail_price_base,,,,,,,Yes,,,,,2025-08-20T09:41:26Z,2024,2024-01-01,2024-12-31
10044668,TOBACCO_MPOWER_R_TAXSTRUCTURE,COUNTRY,MHL,WPR,Western Pacific,YEAR,2024,TOBACCO_INDICATOR,TOBACCO_INDICATOR_R_min_price_policy,,,,,,,No,,,,,2025-08-20T09:41:26Z,2024,2024-01-01,2024-12-31
10049643,TOBACCO_MPOWER_R_TAXSTRUCTURE,COUNTRY,MOZ,AFR,Africa,YEAR,2024,TOBACCO_INDICATOR,TOBACCO_INDICATOR_R_afford_price_gap_decreased,,,,,,,. . .,,,,,2025-08-20T09:41:26Z,2024,2024-01-01,2024-12-31
10053830,TOBACCO_MPOWER_R_TAXSTRUCTURE,COUNTRY,PRT,EUR,Europe,YEAR,2024,TOBACCO_INDICATOR,TOBACCO_INDICATOR_R_eliquid_excise_type,,,,,,,Specific,,,,,2025-08-20T09:41:26Z,2024,2024-01-01,2024-12-31
10064647,TOBACCO_MPOWER_R_TAXSTRUCTURE,COUNTRY,RWA,AFR,Africa,YEAR,2024,TOBACCO_INDICATOR,TOBACCO_INDICATOR_R_eliquid_excise_type,,,,,,,. . .,,,,,2025-08-20T09:41:26Z,2024,2024-01-01,2024-12-31
10071554,TOBACCO_MPOWER_R_TAXSTRUCTURE,COUNTRY,KIR,WPR,Western Pacific,YEAR,2024,TOBACCO_INDICATOR,TOBACCO_INDICATOR_R_htp_excise_device,,,,,,,. . .,,,,,2025-08-20T09:41:26Z,2024,2024-01-01,2024-12-31
10076794,TOBACCO_MPOWER_R_TAXSTRUCTURE,COUNTRY,USA,AMR,Americas,YEAR,2024,TOBACCO_INDICATOR,TOBACCO_INDICATOR_R_excise_uniform_varied,,,,,,,Yes,,,,,2025-08-20T09:41:26Z,2024,2024-01-01,2024-12-31
10087602,TOBACCO_MPOWER_R_TAXSTRUCTURE,COUNTRY,COL,AMR,Americas,YEAR,2024,TOBACCO_INDICATOR,TOBACCO_INDICATOR_R_afford_price_gap_decreased,,,,,,,Yes,,,,,2025-08-20T09:41:26Z,2024,2024-01-01,2024-12-31
10088310,TOBACCO_MPOWER_R_TAXSTRUCTURE,COUNTRY,COL,AMR,Americas,YEAR,2024,TOBACCO_INDICATOR,TOBACCO_INDICATOR_R_afford_tax_auto_adjust,,,,,,,Yes,,,,,2025-08-20T09:41:26Z,2024,2024-01-01,2024-12-31
10092773,TOBACCO_MPOWER_R_TAXSTRUCTURE,COUNTRY,NAM,AFR,Africa,YEAR,2024,TOBACCO_INDICATOR,TOBACCO_INDICATOR_R_afford_price_dispersion,,,,,,,. . .,,,,,2025-08-20T09:41:26Z,2024,2024-01-01,2024-12-31
10097105,TOBACCO_MPOWER_R_TAXSTRUCTURE,COUNTRY,RWA,AFR,Africa,YEAR,2024,TOBACCO_INDICATOR,TOBACCO_INDICATOR_R_excise_min_specific,,,,,,,No,,,,,2025-08-20T09:41:26Z,2024,2024-01-01,2024-12-31
10099513,TOBACCO_MPOWER_R_TAXSTRUCTURE,COUNTRY,DOM,AMR,Americas,YEAR,2024,TOBACCO_INDICATOR,TOBACCO_INDICATOR_R_htp_excise_device,,,,,,,. . .,,,,,2025-08-20T09:41:26Z,2024,2024-01-01,2024-12-31
10100646,TOBACCO_MPOWER_R_TAXSTRUCTURE,COUNTRY,TUN,EMR,Eastern Mediterranean,YEAR,2024,TOBACCO_INDICATOR,TOBACCO_INDICATOR_R_excise_uniform_varied,,,,,,,No,,,,,2025-08-20T09:41:26Z,2024,2024-01-01,2024-12-31
10108544,TOBACCO_MPOWER_R_TAXSTRUCTURE,COUNTRY,SYC,AFR,Africa,YEAR,2024,TOBACCO_INDICATOR,TOBACCO_INDICATOR_R_min_price_policy,,,,,,,No,,,,,2025-08-20T09:41:26Z,2024,2024-01-01,2024-12-31
10115718,TOBACCO_MPOWER_R_TAXSTRUCTURE,COUNTRY,NRU,WPR,Western Pacific,YEAR,2024,TOBACCO_INDICATOR,TOBACCO_INDICATOR_R_min_price_policy,,,,,,,No,,,,,2025-08-20T09:41:26Z,2024,2024-01-01,2024-12-31
10121134,TOBACCO_MPOWER_R_TAXSTRUCTURE,COUNTRY,BGR,EUR,Europe,YEAR,2024,TOBACCO_INDICATOR,TOBACCO_INDICATOR_R_excise_specific_reliance,,,,,,,Yes,,,,,2025-08-20T09:41:26Z,2024,2024-01-01,2024-12-31
10126856,TOBACCO_MPOWER_R_TAXSTRUCTURE,COUNTRY,AND,EUR,Europe,YEAR,2024,TOBACCO_INDICATOR,TOBACCO_INDICATOR_R_eliquid_excise_type,,,,,,,No excise,,,,,2025-08-20T09:41:26Z,2024,2024-01-01,2024-12-31
10127432,TOBACCO_MPOWER_R_TAXSTRUCTURE,COUNTRY,FIN,EUR,Europe,YEAR,2024,TOBACCO_INDICATOR,TOBACCO_INDICATOR_R_min_price_policy,,,,,,,No,,,,,2025-08-20T09:41:26Z,2024,2024-01-01,2024-12-31
10128351,TOBACCO_MPOWER_R_TAXSTRUCTURE,COUNTRY,EST,EUR,Europe,YEAR,2024,TOBACCO_INDICATOR,TOBACCO_INDICATOR_R_htp_excise_type_sticks,,,,,,,Specific,,,,,2025-08-20T09:41:26Z,2024,2024-01-01,2024-12-31
10129973,TOBACCO_MPOWER_R_TAXSTRUCTURE,COUNTRY,ROU,EUR,Europe,YEAR,2024,TOBACCO_INDICATOR,TOBACCO_INDICATOR_R_eliquid_excise_type,,,,,,,Specific,,,,,2025-08-20T09:41:26Z,2024,2024-01-01,2024-12-31
10131805,TOBACCO_MPOWER_R_TAXSTRUCTURE,COUNTRY,BWA,AFR,Africa,YEAR,2024,TOBACCO_INDICATOR,TOBACCO_INDICATOR_R_afford_tax_auto_adjust,,,,,,,Yes,,,,,2025-08-20T09:41:26Z,2024,2024-01-01,2024-12-31
10134461,TOBACCO_MPOWER_R_TAXSTRUCTURE,COUNTRY,MUS,AFR,Africa,YEAR,2024,TOBACCO_INDICATOR,TOBACCO_INDICATOR_R_afford_tax_auto_adjust,,,,,,,No,,,,,2025-08-20T09:41:26Z,2024,2024-01-01,2024-12-31
10137918,TOBACCO_MPOWER_R_TAXSTRUCTURE,COUNTRY,COL,AMR,Americas,YEAR,2024,TOBACCO_INDICATOR,TOBACCO_INDICATOR_R_min_price_policy,,,,,,,No,,,,,2025-08-20T09:41:26Z,2024,2024-01-01,2024-12-31
10138838,TOBACCO_MPOWER_R_TAXSTRUCTURE,COUNTRY,SVN,EUR,Europe,YEAR,2024,TOBACCO_INDICATOR,TOBACCO_INDICATOR_R_excise_type,,,,,,,Mixed,,,,,2025-08-20T09:41:26Z,2024,2024-01-01,2024-12-31
10142375,TOBACCO_MPOWER_R_TAXSTRUCTURE,COUNTRY,JPN,WPR,Western Pacific,YEAR,2024,TOBACCO_INDICATOR,TOBACCO_INDICATOR_R_eliquid_excise_type,,,,,,,No excise,,,,,2025-08-20T09:41:26Z,2024,2024-01-01,2024-12-31
10144261,TOBACCO_MPOWER_R_TAXSTRUCTURE,COUNTRY,GNB,AFR,Africa,YEAR,2024,TOBACCO_INDICATOR,TOBACCO_INDICATOR_R_excise_min_specific,,,,,,,No,,,,,2025-08-20T09:41:26Z,2024,2024-01-01,2024-12-31
10145625,TOBACCO_MPOWER_R_TAXSTRUCTURE,COUNTRY,MDV,SEAR,South-East Asia,YEAR,2024,TOBACCO_INDICATOR,TOBACCO_INDICATOR_R_excise_type,,,,,,,No excise,,,,,2025-08-20T09:41:26Z,2024,2024-01-01,2024-12-31
10147573,TOBACCO_MPOWER_R_TAXSTRUCTURE,COUNTRY,COK,WPR,Western Pacific,YEAR,2024,TOBACCO_INDICATOR,TOBACCO_INDICATOR_R_htp_excise_device,,,,,,,—,,,,,2025-08-20T09:41:26Z,2024,2024-01-01,2024-12-31
10170396,TOBACCO_MPOWER_R_TAXSTRUCTURE,COUNTRY,BGR,EUR,Europe,YEAR,2024,TOBACCO_INDICATOR,TOBACCO_INDICATOR_R_excise_retail_price_base,,,,,,,Yes,,,,,2025-08-20T09:41:26Z,2024,2024-01-01,2024-12-31
10177703,TOBACCO_MPOWER_R_TAXSTRUCTURE,COUNTRY,LUX,EUR,Europe,YEAR,2024,TOBACCO_INDICATOR,TOBACCO_INDICATOR_R_min_price_policy,,,,,,,No,,,,,2025-08-20T09:41:26Z,2024,2024-01-01,2024-12-31
10177844,TOBACCO_MPOWER_R_TAXSTRUCTURE,COUNTRY,MDG,AFR,Africa,YEAR,2024,TOBACCO_INDICATOR,TOBACCO_INDICATOR_R_excise_retail_price_base,,,,,,,No,,,,,2025-08-20T09:41:26Z,2024,2024-01-01,2024-12-31
10181702,TOBACCO_MPOWER_R_TAXSTRUCTURE,COUNTRY,CPV,AFR,Africa,YEAR,2024,TOBACCO_INDICATOR,TOBACCO_INDICATOR_R_excise_type,,,,,,,Mixed,,,,,2025-08-20T09:41:26Z,2024,2024-01-01,2024-12-31
10183317,TOBACCO_MPOWER_R_TAXSTRUCTURE,COUNTRY,GMB,AFR,Africa,YEAR,2024,TOBACCO_INDICATOR,TOBACCO_INDICATOR_R_htp_excise_device,,,,,,,—,,,,,2025-08-20T09:41:26Z,2024,2024-01-01,2024-12-31
10184125,TOBACCO_MPOWER_R_TAXSTRUCTURE,COUNTRY,JAM,AMR,Americas,YEAR,2024,TOBACCO_INDICATOR,TOBACCO_INDICATOR_R_afford_price_gap_decreased,,,,,,,Yes,,,,Data not validated by the national authorities.,2025-08-20T09:41:26Z,2024,2024-01-01,2024-12-31
10185006,TOBACCO_MPOWER_R_TAXSTRUCTURE,COUNTRY,ALB,EUR,Europe,YEAR,2024,TOBACCO_INDICATOR,TOBACCO_INDICATOR_R_eliquid_excise_nicotine,,,,,,,nicotine only,,,,,2025-08-20T09:41:26Z,2024,2024-01-01,2024-12-31
10189174,TOBACCO_MPOWER_R_TAXSTRUCTURE,COUNTRY,GUY,AMR,Americas,YEAR,2024,TOBACCO_INDICATOR,TOBACCO_INDICATOR_R_afford_tax_auto_adjust,,,,,,,No,,,,,2025-08-20T09:41:26Z,2024,2024-01-01,2024-12-31
10193755,TOBACCO_MPOWER_R_TAXSTRUCTURE,COUNTRY,DJI,EMR,Eastern Mediterranean,YEAR,2024,TOBACCO_INDICATOR,TOBACCO_INDICATOR_R_excise_min_specific,,,,,,,No,,,,,2025-08-20T09:41:26Z,2024,2024-01-01,2024-12-31
10195711,TOBACCO_MPOWER_R_TAXSTRUCTURE,COUNTRY,GRD,AMR,Americas,YEAR,2024,TOBACCO_INDICATOR,TOBACCO_INDICATOR_R_excise_type,,,,,,,Ad valorem,,,,,2025-08-20T09:41:26Z,2024,2024-01-01,2024-12-31
10203460,TOBACCO_MPOWER_R_TAXSTRUCTURE,COUNTRY,COD,AFR,Africa,YEAR,2024,TOBACCO_INDICATOR,TOBACCO_INDICATOR_R_htp_excise_type_sticks,,,,,,,. . .,,,,,2025-08-20T09:41:26Z,2024,2024-01-01,2024-12-31
10212236,TOBACCO_MPOWER_R_TAXSTRUCTURE,COUNTRY,LKA,SEAR,South-East Asia,YEAR,2024,TOBACCO_INDICATOR,TOBACCO_INDICATOR_R_excise_min_specific,,,,,,,—,,,,,2025-08-20T09:41:26Z,2024,2024-01-01,2024-12-31
10214540,TOBACCO_MPOWER_R_TAXSTRUCTURE,COUNTRY,YEM,EMR,Eastern Mediterranean,YEAR,2024,TOBACCO_INDICATOR,TOBACCO_INDICATOR_R_afford_tax_auto_adjust,,,,,,,—,,,,,2025-08-20T09:41:26Z,2024,2024-01-01,2024-12-31
10216777,TOBACCO_MPOWER_R_TAXSTRUCTURE,COUNTRY,WSM,WPR,Western Pacific,YEAR,2024,TOBACCO_INDICATOR,TOBACCO_INDICATOR_R_htp_excise_type_sticks,,,,,,,. . .,,,,,2025-08-20T09:41:26Z,2024,2024-01-01,2024-12-31
10218558,TOBACCO_MPOWER_R_TAXSTRUCTURE,COUNTRY,PSE,EMR,Eastern Mediterranean,YEAR,2024,TOBACCO_INDICATOR,TOBACCO_INDICATOR_R_htp_excise_type_sticks,,,,,,,. . .,,,,,2025-08-20T09:41:26Z,2024,2024-01-01,2024-12-31
10218744,TOBACCO_MPOWER_R_TAXSTRUCTURE,COUNTRY,PLW,WPR,Western Pacific,YEAR,2024,TOBACCO_INDICATOR,TOBACCO_INDICATOR_R_afford_tax_auto_adjust,,,,,,,No,,,,,2025-08-20T09:41:26Z,2024,2024-01-01,2024-12-31
10219717,TOBACCO_MPOWER_R_TAXSTRUCTURE,COUNTRY,PAK,EMR,Eastern Mediterranean,YEAR,2024,TOBACCO_INDICATOR,TOBACCO_INDICATOR_R_min_price_policy,,,,,,,Yes,,,,,2025-08-20T09:41:26Z,2024,2024-01-01,2024-12-31
10220152,TOBACCO_MPOWER_R_TAXSTRUCTURE,COUNTRY,MMR,SEAR,South-East Asia,YEAR,2024,TOBACCO_INDICATOR,TOBACCO_INDICATOR_R_eliquid_excise_device,,,,,,,. . .,,,,,2025-08-20T09:41:26Z,2024,2024-01-01,2024-12-31
10224612,TOBACCO_MPOWER_R_TAXSTRUCTURE,COUNTRY,NZL,WPR,Western Pacific,YEAR,2024,TOBACCO_INDICATOR,TOBACCO_INDICATOR_R_min_price_policy,,,,,,,No,,,,,2025-08-20T09:41:26Z,2024,2024-01-01,2024-12-31
10225653,TOBACCO_MPOWER_R_TAXSTRUCTURE,COUNTRY,JOR,EMR,Eastern Mediterranean,YEAR,2024,TOBACCO_INDICATOR,TOBACCO_INDICATOR_R_eliquid_excise_nicotine,,,,,,,all e-liquids,,,,,2025-08-20T09:41:26Z,2024,2024-01-01,2024-12-31
10235778,TOBACCO_MPOWER_R_TAXSTRUCTURE,COUNTRY,KGZ,EUR,Europe,YEAR,2024,TOBACCO_INDICATOR,TOBACCO_INDICATOR_R_eliquid_excise_type,,,,,,,Specific,,,,,2025-08-20T09:41:26Z,2024,2024-01-01,2024-12-31
10237797,TOBACCO_MPOWER_R_TAXSTRUCTURE,COUNTRY,CIV,AFR,Africa,YEAR,2024,TOBACCO_INDICATOR,TOBACCO_INDICATOR_R_min_price_policy,,,,,,,Yes,,,,,2025-08-20T09:41:26Z,2024,2024-01-01,2024-12-31
10238895,TOBACCO_MPOWER_R_TAXSTRUCTURE,COUNTRY,PAK,EMR,Eastern Mediterranean,YEAR,2024,TOBACCO_INDICATOR,TOBACCO_INDICATOR_R_afford_price_gap_decreased,,,,,,,No,,,,,2025-08-20T09:41:26Z,2024,2024-01-01,2024-12-31
10255390,TOBACCO_MPOWER_R_TAXSTRUCTURE,COUNTRY,FJI,WPR,Western Pacific,YEAR,2024,TOBACCO_INDICATOR,TOBACCO_INDICATOR_R_afford_price_dispersion,,,,,,,59.83,59.83,,,,2025-08-20T09:41:26Z,2024,2024-01-01,2024-12-31
10261882,TOBACCO_MPOWER_R_TAXSTRUCTURE,COUNTRY,IRL,EUR,Europe,YEAR,2024,TOBACCO_INDICATOR,TOBACCO_INDICATOR_R_excise_uniform_varied,,,,,,,Yes,,,,,2025-08-20T09:41:26Z,2024,2024-01-01,2024-12-31
10267094,TOBACCO_MPOWER_R_TAXSTRUCTURE,COUNTRY,GRC,EUR,Europe,YEAR,2024,TOBACCO_INDICATOR,TOBACCO_INDICATOR_R_excise_type,,,,,,,Mixed,,,,,2025-08-20T09:41:26Z,2024,2024-01-01,2024-12-31
10267896,TOBACCO_MPOWER_R_TAXSTRUCTURE,COUNTRY,ZMB,AFR,Africa,YEAR,2024,TOBACCO_INDICATOR,TOBACCO_INDICATOR_R_excise_uniform_varied,,,,,,,No,,,,,2025-08-20T09:41:26Z,2024,2024-01-01,2024-12-31
10270035,TOBACCO_MPOWER_R_TAXSTRUCTURE,COUNTRY,PAN,AMR,Americas,YEAR,2024,TOBACCO_INDICATOR,TOBACCO_INDICATOR_R_min_price_policy,,,,,,,No,,,,,2025-08-20T09:41:26Z,2024,2024-01-01,2024-12-31
10276565,TOBACCO_MPOWER_R_TAXSTRUCTURE,COUNTRY,PRY,AMR,Americas,YEAR,2024,TOBACCO_INDICATOR,TOBACCO_INDICATOR_R_afford_price_gap_decreased,,,,,,,Yes,,,,,2025-08-20T09:41:26Z,2024,2024-01-01,2024-12-31
10277364,TOBACCO_MPOWER_R_TAXSTRUCTURE,COUNTRY,BGR,EUR,Europe,YEAR,2024,TOBACCO_INDICATOR,TOBACCO_INDICATOR_R_htp_excise_device,,,,,,,. . .,,,,,2025-08-20T09:41:26Z,2024,2024-01-01,2024-12-31
10277737,TOBACCO_MPOWER_R_TAXSTRUCTURE,COUNTRY,ITA,EUR,Europe,YEAR,2024,TOBACCO_INDICATOR,TOBACCO_INDICATOR_R_afford_price_gap_decreased,,,,,,,Yes,,,,,2025-08-20T09:41:26Z,2024,2024-01-01,2024-12-31
10279891,TOBACCO_MPOWER_R_TAXSTRUCTURE,COUNTRY,LCA,AMR,Americas,YEAR,2024,TOBACCO_INDICATOR,TOBACCO_INDICATOR_R_htp_excise_device,,,,,,,. . .,,,,,2025-08-20T09:41:26Z,2024,2024-01-01,2024-12-31
10281904,TOBACCO_MPOWER_R_TAXSTRUCTURE,COUNTRY,AUS,WPR,Western Pacific,YEAR,2024,TOBACCO_INDICATOR,TOBACCO_INDICATOR_R_htp_excise_type_sticks,,,,,,,—,,,,,2025-08-20T09:41:26Z,2024,2024-01-01,2024-12-31
