Id,IndicatorCode,SpatialDimension,SpatialDimensionValueCode,ParentLocationCode,ParentLocation,TimeDimension,TimeDim,DisaggregatingDimension1,DisaggregatingDimension1ValueCode,DisaggregatingDimension2,DisaggregatingDimension2ValueCode,DisaggregatingDimension3,DisaggregatingDimension3ValueCode,DataSourceDimension,DataSourceDimensionValueCode,Value,NumericValue,Low,High,Comments,Date,TimeDimensionValue,TimeDimensionBegin,TimeDimensionEnd
2949900,TOBACCO_MPOWER_R_TAXREVENUELATEST,COUNTRY,ALB,EUR,Europe,YEAR,2024,TOBACCO_INDICATOR,TOBACCO_INDICATOR_Rev_curr,,,,,,,ALL,,,,,2025-08-12T08:18:13Z,2024,2024-01-01,2024-12-31
2957164,TOBACCO_MPOWER_R_TAXREVENUELATEST,COUNTRY,TTO,AMR,Americas,YEAR,2024,TOBACCO_INDICATOR,TOBACCO_INDICATOR_Rev_import,,,,,,,22 762 745,22762744.84,,,,2025-08-12T08:18:13Z,2024,2024-01-01,2024-12-31
2959934,TOBACCO_MPOWER_R_TAXREVENUELATEST,COUNTRY,TZA,AFR,Africa,YEAR,2024,TOBACCO_INDICATOR,TOBACCO_INDICATOR_Rev_excise,,,,,,,180 245 952 461,180245952461.00003,,,,2025-08-12T15:04:57Z,2024,2024-01-01,2024-12-31
2976138,TOBACCO_MPOWER_R_TAXREVENUELATEST,COUNTRY,TGO,AFR,Africa,YEAR,2024,TOBACCO_INDICATOR,TOBACCO_INDICATOR_Rev_type,,,,,,,Cigarettes only,,,,,2025-08-12T08:18:13Z,2024,2024-01-01,2024-12-31
2993642,TOBACCO_MPOWER_R_TAXREVENUELATEST,COUNTRY,PSE,EMR,Eastern Mediterranean,YEAR,2024,TOBACCO_INDICATOR,TOBACCO_INDICATOR_Rev_year,,,,,,,2015,,,,,2025-08-12T15:04:57Z,2024,2024-01-01,2024-12-31
3001880,TOBACCO_MPOWER_R_TAXREVENUELATEST,COUNTRY,GUY,AMR,Americas,YEAR,2024,TOBACCO_INDICATOR,TOBACCO_INDICATOR_Rev_govt_total,,,,,,,1 924 544 161,1924544161,,,,2025-08-12T08:18:13Z,2024,2024-01-01,2024-12-31
3011052,TOBACCO_MPOWER_R_TAXREVENUELATEST,COUNTRY,NZL,WPR,Western Pacific,YEAR,2024,TOBACCO_INDICATOR,TOBACCO_INDICATOR_Rev_excise,,,,,,,1 524 509 000,1524509000,,,,2025-08-12T08:18:13Z,2024,2024-01-01,2024-12-31
3014193,TOBACCO_MPOWER_R_TAXREVENUELATEST,COUNTRY,GBR,EUR,Europe,YEAR,2024,TOBACCO_INDICATOR,TOBACCO_INDICATOR_Rev_excise,,,,,,,8 804 000 000,8804000000,,,,2025-08-12T08:18:13Z,2024,2024-01-01,2024-12-31
3016031,TOBACCO_MPOWER_R_TAXREVENUELATEST,COUNTRY,TZA,AFR,Africa,YEAR,2024,TOBACCO_INDICATOR,TOBACCO_INDICATOR_Rev_govt_total,,,,,,,. . .,,,,,2025-08-12T08:18:13Z,2024,2024-01-01,2024-12-31
3017618,TOBACCO_MPOWER_R_TAXREVENUELATEST,COUNTRY,MLT,EUR,Europe,YEAR,2024,TOBACCO_INDICATOR,TOBACCO_INDICATOR_Rev_import,,,,,,,. . .,,,,,2025-08-12T08:18:13Z,2024,2024-01-01,2024-12-31
3017666,TOBACCO_MPOWER_R_TAXREVENUELATEST,COUNTRY,AND,EUR,Europe,YEAR,2024,TOBACCO_INDICATOR,TOBACCO_INDICATOR_Rev_type,,,,,,,All tobacco products,,,,,2025-08-12T15:04:57Z,2024,2024-01-01,2024-12-31
3034268,TOBACCO_MPOWER_R_TAXREVENUELATEST,COUNTRY,CZE,EUR,Europe,YEAR,2024,TOBACCO_INDICATOR,TOBACCO_INDICATOR_Rev_import,,,,,,,. . .,,,,,2025-08-12T08:18:13Z,2024,2024-01-01,2024-12-31
3036081,TOBACCO_MPOWER_R_TAXREVENUELATEST,COUNTRY,ISR,EUR,Europe,YEAR,2024,TOBACCO_INDICATOR,TOBACCO_INDICATOR_Rev_import,,,,,,,7 719 000 000,7719000000,,,,2025-08-12T08:18:13Z,2024,2024-01-01,2024-12-31
3038387,TOBACCO_MPOWER_R_TAXREVENUELATEST,COUNTRY,FRA,EUR,Europe,YEAR,2024,TOBACCO_INDICATOR,TOBACCO_INDICATOR_Rev_year,,,,,,,2023,,,,,2025-08-12T15:04:57Z,2024,2024-01-01,2024-12-31
3040035,TOBACCO_MPOWER_R_TAXREVENUELATEST,COUNTRY,LUX,EUR,Europe,YEAR,2024,TOBACCO_INDICATOR,TOBACCO_INDICATOR_Rev_excise,,,,,,,1 025 283 200,1025283200,,,,2025-08-12T08:18:13Z,2024,2024-01-01,2024-12-31
3040083,TOBACCO_MPOWER_R_TAXREVENUELATEST,COUNTRY,PAK,EMR,Eastern Mediterranean,YEAR,2024,TOBACCO_INDICATOR,TOBACCO_INDICATOR_Rev_curr,,,,,,,PKR,,,,,2025-08-12T08:18:13Z,2024,2024-01-01,2024-12-31
3046724,TOBACCO_MPOWER_R_TAXREVENUELATEST,COUNTRY,YEM,EMR,Eastern Mediterranean,YEAR,2024,TOBACCO_INDICATOR,TOBACCO_INDICATOR_Rev_import,,,,,,,1 005 079 400,1005079400,,,,2025-08-12T08:18:13Z,2024,2024-01-01,2024-12-31
3049393,TOBACCO_MPOWER_R_TAXREVENUELATEST,COUNTRY,GNB,AFR,Africa,YEAR,2024,TOBACCO_INDICATOR,TOBACCO_INDICATOR_Rev_import,,,,,,,. . .,,,,,2025-08-12T08:18:13Z,2024,2024-01-01,2024-12-31
3063619,TOBACCO_MPOWER_R_TAXREVENUELATEST,COUNTRY,IND,SEAR,South-East Asia,YEAR,2024,TOBACCO_INDICATOR,TOBACCO_INDICATOR_Rev_import,,,,,,,. . .,,,,,2025-08-12T08:18:13Z,2024,2024-01-01,2024-12-31
3073235,TOBACCO_MPOWER_R_TAXREVENUELATEST,COUNTRY,MKD,EUR,Europe,YEAR,2024,TOBACCO_INDICATOR,TOBACCO_INDICATOR_Rev_year,,,,,,,2021,,,,,2025-08-12T15:04:57Z,2024,2024-01-01,2024-12-31
3074378,TOBACCO_MPOWER_R_TAXREVENUELATEST,COUNTRY,NLD,EUR,Europe,YEAR,2024,TOBACCO_INDICATOR,TOBACCO_INDICATOR_Rev_other,,,,,,,. . .,,,,,2025-08-12T08:18:13Z,2024,2024-01-01,2024-12-31
3076341,TOBACCO_MPOWER_R_TAXREVENUELATEST,COUNTRY,PAN,AMR,Americas,YEAR,2024,TOBACCO_INDICATOR,TOBACCO_INDICATOR_Rev_govt_total,,,,,,,. . .,,,,,2025-08-12T08:18:13Z,2024,2024-01-01,2024-12-31
3080111,TOBACCO_MPOWER_R_TAXREVENUELATEST,COUNTRY,MNG,WPR,Western Pacific,YEAR,2024,TOBACCO_INDICATOR,TOBACCO_INDICATOR_Rev_year,,,,,,,2021,,,,,2025-08-12T15:04:57Z,2024,2024-01-01,2024-12-31
3080941,TOBACCO_MPOWER_R_TAXREVENUELATEST,COUNTRY,JPN,WPR,Western Pacific,YEAR,2024,TOBACCO_INDICATOR,TOBACCO_INDICATOR_Rev_year,,,,,,,2022/23,,,,,2025-08-12T08:18:13Z,2024,2024-01-01,2024-12-31
3088060,TOBACCO_MPOWER_R_TAXREVENUELATEST,COUNTRY,ZMB,AFR,Africa,YEAR,2024,TOBACCO_INDICATOR,TOBACCO_INDICATOR_Rev_curr,,,,,,,ZMW,,,,,2025-08-12T08:18:13Z,2024,2024-01-01,2024-12-31
3114391,TOBACCO_MPOWER_R_TAXREVENUELATEST,COUNTRY,ZWE,AFR,Africa,YEAR,2024,TOBACCO_INDICATOR,TOBACCO_INDICATOR_Rev_year,,,,,,,2019,,,,,2025-08-12T15:04:57Z,2024,2024-01-01,2024-12-31
3125878,TOBACCO_MPOWER_R_TAXREVENUELATEST,COUNTRY,KOR,WPR,Western Pacific,YEAR,2024,TOBACCO_INDICATOR,TOBACCO_INDICATOR_Rev_type,,,,,,,All tobacco products,,,,,2025-08-12T15:04:57Z,2024,2024-01-01,2024-12-31
3125882,TOBACCO_MPOWER_R_TAXREVENUELATEST,COUNTRY,URY,AMR,Americas,YEAR,2024,TOBACCO_INDICATOR,TOBACCO_INDICATOR_Rev_curr,,,,,,,UYU,,,,,2025-08-12T08:18:13Z,2024,2024-01-01,2024-12-31
3130109,TOBACCO_MPOWER_R_TAXREVENUELATEST,COUNTRY,CHN,WPR,Western Pacific,YEAR,2024,TOBACCO_INDICATOR,TOBACCO_INDICATOR_Rev_curr,,,,,,,CNY,,,,,2025-08-12T08:18:13Z,2024,2024-01-01,2024-12-31
3136252,TOBACCO_MPOWER_R_TAXREVENUELATEST,COUNTRY,NIU,WPR,Western Pacific,YEAR,2024,TOBACCO_INDICATOR,TOBACCO_INDICATOR_Rev_other,,,,,,,150 526,150526.33,,,,2025-08-12T08:18:13Z,2024,2024-01-01,2024-12-31
3144357,TOBACCO_MPOWER_R_TAXREVENUELATEST,COUNTRY,HRV,EUR,Europe,YEAR,2024,TOBACCO_INDICATOR,TOBACCO_INDICATOR_Rev_excise,,,,,,,891 265 300,891265300,,,,2025-08-12T08:18:13Z,2024,2024-01-01,2024-12-31
3147534,TOBACCO_MPOWER_R_TAXREVENUELATEST,COUNTRY,CAF,AFR,Africa,YEAR,2024,TOBACCO_INDICATOR,TOBACCO_INDICATOR_Rev_year,,,,,,,2020,,,,,2025-08-12T15:04:57Z,2024,2024-01-01,2024-12-31
3148788,TOBACCO_MPOWER_R_TAXREVENUELATEST,COUNTRY,MAR,EMR,Eastern Mediterranean,YEAR,2024,TOBACCO_INDICATOR,TOBACCO_INDICATOR_Rev_import,,,,,,,. . .,,,,,2025-08-12T08:18:13Z,2024,2024-01-01,2024-12-31
3155434,TOBACCO_MPOWER_R_TAXREVENUELATEST,COUNTRY,COK,WPR,Western Pacific,YEAR,2024,TOBACCO_INDICATOR,TOBACCO_INDICATOR_Rev_import,,,,,,,. . .,,,,,2025-08-12T08:18:13Z,2024,2024-01-01,2024-12-31
3165494,TOBACCO_MPOWER_R_TAXREVENUELATEST,COUNTRY,ESP,EUR,Europe,YEAR,2024,TOBACCO_INDICATOR,TOBACCO_INDICATOR_Rev_govt_total,,,,,,,. . .,,,,,2025-08-12T08:18:13Z,2024,2024-01-01,2024-12-31
3182788,TOBACCO_MPOWER_R_TAXREVENUELATEST,COUNTRY,CUB,AMR,Americas,YEAR,2024,TOBACCO_INDICATOR,TOBACCO_INDICATOR_Rev_import,,,,,,,. . .,,,,,2025-08-12T08:18:13Z,2024,2024-01-01,2024-12-31
3191422,TOBACCO_MPOWER_R_TAXREVENUELATEST,COUNTRY,SAU,EMR,Eastern Mediterranean,YEAR,2024,TOBACCO_INDICATOR,TOBACCO_INDICATOR_Rev_curr,,,,,,,SAR,,,,,2025-08-12T08:18:13Z,2024,2024-01-01,2024-12-31
3198577,TOBACCO_MPOWER_R_TAXREVENUELATEST,COUNTRY,POL,EUR,Europe,YEAR,2024,TOBACCO_INDICATOR,TOBACCO_INDICATOR_Rev_VAT,,,,,,,. . .,,,,,2025-08-12T08:18:13Z,2024,2024-01-01,2024-12-31
3199729,TOBACCO_MPOWER_R_TAXREVENUELATEST,COUNTRY,MEX,AMR,Americas,YEAR,2024,TOBACCO_INDICATOR,TOBACCO_INDICATOR_Rev_import,,,,,,,. . .,,,,,2025-08-12T08:18:13Z,2024,2024-01-01,2024-12-31
3202009,TOBACCO_MPOWER_R_TAXREVENUELATEST,COUNTRY,GUY,AMR,Americas,YEAR,2024,TOBACCO_INDICATOR,TOBACCO_INDICATOR_Rev_year,,,,,,,2019,,,,,2025-08-12T15:04:57Z,2024,2024-01-01,2024-12-31
3208423,TOBACCO_MPOWER_R_TAXREVENUELATEST,COUNTRY,JPN,WPR,Western Pacific,YEAR,2024,TOBACCO_INDICATOR,TOBACCO_INDICATOR_Rev_VAT,,,,,,,. . .,,,,,2025-08-12T08:18:13Z,2024,2024-01-01,2024-12-31
3218282,TOBACCO_MPOWER_R_TAXREVENUELATEST,COUNTRY,IND,SEAR,South-East Asia,YEAR,2024,TOBACCO_INDICATOR,TOBACCO_INDICATOR_Rev_curr,,,,,,,INR,,,,,2025-08-12T08:18:13Z,2024,2024-01-01,2024-12-31
3218854,TOBACCO_MPOWER_R_TAXREVENUELATEST,COUNTRY,BEL,EUR,Europe,YEAR,2024,TOBACCO_INDICATOR,TOBACCO_INDICATOR_Rev_other,,,,,,,. . .,,,,,2025-08-12T08:18:13Z,2024,2024-01-01,2024-12-31
3221660,TOBACCO_MPOWER_R_TAXREVENUELATEST,COUNTRY,NER,AFR,Africa,YEAR,2024,TOBACCO_INDICATOR,TOBACCO_INDICATOR_Rev_import,,,,,,,752 478 406,752478406,,,,2025-08-12T08:18:13Z,2024,2024-01-01,2024-12-31
3226619,TOBACCO_MPOWER_R_TAXREVENUELATEST,COUNTRY,COD,AFR,Africa,YEAR,2024,TOBACCO_INDICATOR,TOBACCO_INDICATOR_Rev_govt_total,,,,,,,. . .,,,,,2025-08-12T08:18:13Z,2024,2024-01-01,2024-12-31
3228661,TOBACCO_MPOWER_R_TAXREVENUELATEST,COUNTRY,ISR,EUR,Europe,YEAR,2024,TOBACCO_INDICATOR,TOBACCO_INDICATOR_Rev_type,,,,,,,All tobacco products,,,,,2025-08-12T15:04:57Z,2024,2024-01-01,2024-12-31
3234897,TOBACCO_MPOWER_R_TAXREVENUELATEST,COUNTRY,ARM,EUR,Europe,YEAR,2024,TOBACCO_INDICATOR,TOBACCO_INDICATOR_Rev_excise,,,,,,,24 602 709 288,24602709288,,,,2025-08-12T08:18:13Z,2024,2024-01-01,2024-12-31
3236816,TOBACCO_MPOWER_R_TAXREVENUELATEST,COUNTRY,GIN,AFR,Africa,YEAR,2024,TOBACCO_INDICATOR,TOBACCO_INDICATOR_Rev_year,,,,,,,2023,,,,,2025-08-12T15:04:57Z,2024,2024-01-01,2024-12-31
3237426,TOBACCO_MPOWER_R_TAXREVENUELATEST,COUNTRY,LVA,EUR,Europe,YEAR,2024,TOBACCO_INDICATOR,TOBACCO_INDICATOR_Rev_curr,,,,,,,EUR,,,,,2025-08-12T08:18:13Z,2024,2024-01-01,2024-12-31
3264946,TOBACCO_MPOWER_R_TAXREVENUELATEST,COUNTRY,LVA,EUR,Europe,YEAR,2024,TOBACCO_INDICATOR,TOBACCO_INDICATOR_Rev_VAT,,,,,,,. . .,,,,,2025-08-12T08:18:13Z,2024,2024-01-01,2024-12-31
3268327,TOBACCO_MPOWER_R_TAXREVENUELATEST,COUNTRY,TGO,AFR,Africa,YEAR,2024,TOBACCO_INDICATOR,TOBACCO_INDICATOR_Rev_curr,,,,,,,XOF,,,,,2025-08-12T08:18:13Z,2024,2024-01-01,2024-12-31
3275446,TOBACCO_MPOWER_R_TAXREVENUELATEST,COUNTRY,LVA,EUR,Europe,YEAR,2024,TOBACCO_INDICATOR,TOBACCO_INDICATOR_Rev_import,,,,,,,. . .,,,,,2025-08-12T08:18:13Z,2024,2024-01-01,2024-12-31
3294079,TOBACCO_MPOWER_R_TAXREVENUELATEST,COUNTRY,UGA,AFR,Africa,YEAR,2024,TOBACCO_INDICATOR,TOBACCO_INDICATOR_Rev_other,,,,,,,. . .,,,,,2025-08-12T08:18:13Z,2024,2024-01-01,2024-12-31
3298298,TOBACCO_MPOWER_R_TAXREVENUELATEST,COUNTRY,SWZ,AFR,Africa,YEAR,2024,TOBACCO_INDICATOR,TOBACCO_INDICATOR_Rev_type,,,,,,,All tobacco products,,,,,2025-08-12T15:04:57Z,2024,2024-01-01,2024-12-31
3318505,TOBACCO_MPOWER_R_TAXREVENUELATEST,COUNTRY,RWA,AFR,Africa,YEAR,2024,TOBACCO_INDICATOR,TOBACCO_INDICATOR_Rev_govt_total,,,,,,,19 622 147 280,19622147280,,,,2025-08-12T08:18:13Z,2024,2024-01-01,2024-12-31
3318629,TOBACCO_MPOWER_R_TAXREVENUELATEST,COUNTRY,MWI,AFR,Africa,YEAR,2024,TOBACCO_INDICATOR,TOBACCO_INDICATOR_Rev_other,,,,,,,768 719 615,768719615.04,,,,2025-08-12T15:04:57Z,2024,2024-01-01,2024-12-31
3328468,TOBACCO_MPOWER_R_TAXREVENUELATEST,COUNTRY,KHM,WPR,Western Pacific,YEAR,2024,TOBACCO_INDICATOR,TOBACCO_INDICATOR_Rev_curr,,,,,,,KHR,,,,,2025-08-12T08:18:13Z,2024,2024-01-01,2024-12-31
3334558,TOBACCO_MPOWER_R_TAXREVENUELATEST,COUNTRY,PHL,WPR,Western Pacific,YEAR,2024,TOBACCO_INDICATOR,TOBACCO_INDICATOR_Rev_type,,,,,,,Cigarettes only,,,,,2025-08-12T08:18:13Z,2024,2024-01-01,2024-12-31
3353049,TOBACCO_MPOWER_R_TAXREVENUELATEST,COUNTRY,URY,AMR,Americas,YEAR,2024,TOBACCO_INDICATOR,TOBACCO_INDICATOR_Rev_other,,,,,,,. . .,,,,,2025-08-12T08:18:13Z,2024,2024-01-01,2024-12-31
3357516,TOBACCO_MPOWER_R_TAXREVENUELATEST,COUNTRY,IDN,WPR,Western Pacific,YEAR,2024,TOBACCO_INDICATOR,TOBACCO_INDICATOR_Rev_curr,,,,,,,IDR,,,,,2025-08-12T08:18:13Z,2024,2024-01-01,2024-12-31
3376026,TOBACCO_MPOWER_R_TAXREVENUELATEST,COUNTRY,STP,AFR,Africa,YEAR,2024,TOBACCO_INDICATOR,TOBACCO_INDICATOR_Rev_import,,,,,,,. . .,,,,,2025-08-12T08:18:13Z,2024,2024-01-01,2024-12-31
3378680,TOBACCO_MPOWER_R_TAXREVENUELATEST,COUNTRY,MAR,EMR,Eastern Mediterranean,YEAR,2024,TOBACCO_INDICATOR,TOBACCO_INDICATOR_Rev_type,,,,,,,All tobacco products,,,,,2025-08-12T15:04:57Z,2024,2024-01-01,2024-12-31
3384121,TOBACCO_MPOWER_R_TAXREVENUELATEST,COUNTRY,NRU,WPR,Western Pacific,YEAR,2024,TOBACCO_INDICATOR,TOBACCO_INDICATOR_Rev_import,,,,,,,6 400 000,6400000,,,,2025-08-12T08:18:13Z,2024,2024-01-01,2024-12-31
3385622,TOBACCO_MPOWER_R_TAXREVENUELATEST,COUNTRY,RUS,EUR,Europe,YEAR,2024,TOBACCO_INDICATOR,TOBACCO_INDICATOR_Rev_other,,,,,,,. . .,,,,,2025-08-12T08:18:13Z,2024,2024-01-01,2024-12-31
3387532,TOBACCO_MPOWER_R_TAXREVENUELATEST,COUNTRY,BWA,AFR,Africa,YEAR,2024,TOBACCO_INDICATOR,TOBACCO_INDICATOR_Rev_VAT,,,,,,,16 014 514,16014514.1,,,,2025-08-12T08:18:13Z,2024,2024-01-01,2024-12-31
3398155,TOBACCO_MPOWER_R_TAXREVENUELATEST,COUNTRY,RWA,AFR,Africa,YEAR,2024,TOBACCO_INDICATOR,TOBACCO_INDICATOR_Rev_curr,,,,,,,RWF,,,,,2025-08-12T08:18:13Z,2024,2024-01-01,2024-12-31
3404316,TOBACCO_MPOWER_R_TAXREVENUELATEST,COUNTRY,BEN,AFR,Africa,YEAR,2024,TOBACCO_INDICATOR,TOBACCO_INDICATOR_Rev_import,,,,,,,305 647 318,305647318,,,,2025-08-12T08:18:13Z,2024,2024-01-01,2024-12-31
3406690,TOBACCO_MPOWER_R_TAXREVENUELATEST,COUNTRY,TUV,WPR,Western Pacific,YEAR,2024,TOBACCO_INDICATOR,TOBACCO_INDICATOR_Rev_VAT,,,,,,,466 000,466000,,,,2025-08-12T08:18:13Z,2024,2024-01-01,2024-12-31
3410051,TOBACCO_MPOWER_R_TAXREVENUELATEST,COUNTRY,COK,WPR,Western Pacific,YEAR,2024,TOBACCO_INDICATOR,TOBACCO_INDICATOR_Rev_VAT,,,,,,,750 458,750458,,,,2025-08-12T08:18:13Z,2024,2024-01-01,2024-12-31
3426654,TOBACCO_MPOWER_R_TAXREVENUELATEST,COUNTRY,SWZ,AFR,Africa,YEAR,2024,TOBACCO_INDICATOR,TOBACCO_INDICATOR_Rev_curr,,,,,,,SZL,,,,,2025-08-12T08:18:13Z,2024,2024-01-01,2024-12-31
3452006,TOBACCO_MPOWER_R_TAXREVENUELATEST,COUNTRY,BHS,AMR,Americas,YEAR,2024,TOBACCO_INDICATOR,TOBACCO_INDICATOR_Rev_govt_total,,,,,,,17 585 014,17585014,,,,2025-08-12T08:18:13Z,2024,2024-01-01,2024-12-31
3467864,TOBACCO_MPOWER_R_TAXREVENUELATEST,COUNTRY,NLD,EUR,Europe,YEAR,2024,TOBACCO_INDICATOR,TOBACCO_INDICATOR_Rev_govt_total,,,,,,,. . .,,,,,2025-08-12T08:18:13Z,2024,2024-01-01,2024-12-31
3481282,TOBACCO_MPOWER_R_TAXREVENUELATEST,COUNTRY,DJI,EMR,Eastern Mediterranean,YEAR,2024,TOBACCO_INDICATOR,TOBACCO_INDICATOR_Rev_govt_total,,,,,,,. . .,,,,,2025-08-12T08:18:13Z,2024,2024-01-01,2024-12-31
3492377,TOBACCO_MPOWER_R_TAXREVENUELATEST,COUNTRY,COD,AFR,Africa,YEAR,2024,TOBACCO_INDICATOR,TOBACCO_INDICATOR_Rev_year,,,,,,,2020,,,,,2025-08-12T15:04:57Z,2024,2024-01-01,2024-12-31
3492891,TOBACCO_MPOWER_R_TAXREVENUELATEST,COUNTRY,BRB,AMR,Americas,YEAR,2024,TOBACCO_INDICATOR,TOBACCO_INDICATOR_Rev_year,,,,,,,2013/2014,,,,,2025-08-12T08:18:13Z,2024,2024-01-01,2024-12-31
3497623,TOBACCO_MPOWER_R_TAXREVENUELATEST,COUNTRY,DMA,AMR,Americas,YEAR,2024,TOBACCO_INDICATOR,TOBACCO_INDICATOR_Rev_excise,,,,,,,106 106,106106.09,,,,2025-08-12T08:18:13Z,2024,2024-01-01,2024-12-31
3499872,TOBACCO_MPOWER_R_TAXREVENUELATEST,COUNTRY,KAZ,EUR,Europe,YEAR,2024,TOBACCO_INDICATOR,TOBACCO_INDICATOR_Rev_excise,,,,,,,281 122 000 000,281122000000,,,,2025-08-12T08:18:13Z,2024,2024-01-01,2024-12-31
3501885,TOBACCO_MPOWER_R_TAXREVENUELATEST,COUNTRY,BRB,AMR,Americas,YEAR,2024,TOBACCO_INDICATOR,TOBACCO_INDICATOR_Rev_curr,,,,,,,BBD,,,,,2025-08-12T08:18:13Z,2024,2024-01-01,2024-12-31
3507451,TOBACCO_MPOWER_R_TAXREVENUELATEST,COUNTRY,AUT,EUR,Europe,YEAR,2024,TOBACCO_INDICATOR,TOBACCO_INDICATOR_Rev_other,,,,,,,. . .,,,,,2025-08-12T08:18:13Z,2024,2024-01-01,2024-12-31
3510394,TOBACCO_MPOWER_R_TAXREVENUELATEST,COUNTRY,PNG,WPR,Western Pacific,YEAR,2024,TOBACCO_INDICATOR,TOBACCO_INDICATOR_Rev_other,,,,,,,. . .,,,,,2025-08-12T08:18:13Z,2024,2024-01-01,2024-12-31
3528064,TOBACCO_MPOWER_R_TAXREVENUELATEST,COUNTRY,COM,AFR,Africa,YEAR,2024,TOBACCO_INDICATOR,TOBACCO_INDICATOR_Rev_govt_total,,,,,,,662 387 144,662387144,,,,2025-08-12T08:18:13Z,2024,2024-01-01,2024-12-31
3530160,TOBACCO_MPOWER_R_TAXREVENUELATEST,COUNTRY,LBR,AFR,Africa,YEAR,2024,TOBACCO_INDICATOR,TOBACCO_INDICATOR_Rev_year,,,,,,,2023,,,,,2025-08-12T15:04:57Z,2024,2024-01-01,2024-12-31
3537618,TOBACCO_MPOWER_R_TAXREVENUELATEST,COUNTRY,MHL,WPR,Western Pacific,YEAR,2024,TOBACCO_INDICATOR,TOBACCO_INDICATOR_Rev_excise,,,,,,,—,,,,,2025-08-12T08:18:13Z,2024,2024-01-01,2024-12-31
3548206,TOBACCO_MPOWER_R_TAXREVENUELATEST,COUNTRY,SOM,EMR,Eastern Mediterranean,YEAR,2024,TOBACCO_INDICATOR,TOBACCO_INDICATOR_Rev_govt_total,,,,,,,1 100 000,1100000,,,,2025-08-12T08:18:13Z,2024,2024-01-01,2024-12-31
3560008,TOBACCO_MPOWER_R_TAXREVENUELATEST,COUNTRY,COG,AFR,Africa,YEAR,2024,TOBACCO_INDICATOR,TOBACCO_INDICATOR_Rev_VAT,,,,,,,. . .,,,,,2025-08-12T08:18:13Z,2024,2024-01-01,2024-12-31
3571614,TOBACCO_MPOWER_R_TAXREVENUELATEST,COUNTRY,BWA,AFR,Africa,YEAR,2024,TOBACCO_INDICATOR,TOBACCO_INDICATOR_Rev_year,,,,,,,2019,,,,,2025-08-12T15:04:57Z,2024,2024-01-01,2024-12-31
3588839,TOBACCO_MPOWER_R_TAXREVENUELATEST,COUNTRY,TUN,EMR,Eastern Mediterranean,YEAR,2024,TOBACCO_INDICATOR,TOBACCO_INDICATOR_Rev_type,,,,,,,All tobacco products,,,,,2025-08-12T15:04:57Z,2024,2024-01-01,2024-12-31
3590867,TOBACCO_MPOWER_R_TAXREVENUELATEST,COUNTRY,LTU,EUR,Europe,YEAR,2024,TOBACCO_INDICATOR,TOBACCO_INDICATOR_Rev_curr,,,,,,,EUR,,,,,2025-08-12T08:18:13Z,2024,2024-01-01,2024-12-31
3591248,TOBACCO_MPOWER_R_TAXREVENUELATEST,COUNTRY,ARG,AMR,Americas,YEAR,2024,TOBACCO_INDICATOR,TOBACCO_INDICATOR_Rev_govt_total,,,,,,,. . .,,,,,2025-08-12T08:18:13Z,2024,2024-01-01,2024-12-31
3599050,TOBACCO_MPOWER_R_TAXREVENUELATEST,COUNTRY,VCT,AMR,Americas,YEAR,2024,TOBACCO_INDICATOR,TOBACCO_INDICATOR_Rev_govt_total,,,,,,,1 054 415,1054415.07,,,,2025-08-12T15:04:57Z,2024,2024-01-01,2024-12-31
3610498,TOBACCO_MPOWER_R_TAXREVENUELATEST,COUNTRY,MDV,SEAR,South-East Asia,YEAR,2024,TOBACCO_INDICATOR,TOBACCO_INDICATOR_Rev_curr,,,,,,,MVR,,,,,2025-08-12T08:18:13Z,2024,2024-01-01,2024-12-31
3636864,TOBACCO_MPOWER_R_TAXREVENUELATEST,COUNTRY,LBR,AFR,Africa,YEAR,2024,TOBACCO_INDICATOR,TOBACCO_INDICATOR_Rev_other,,,,,,,890,890,,,,2025-08-12T08:18:13Z,2024,2024-01-01,2024-12-31
3638424,TOBACCO_MPOWER_R_TAXREVENUELATEST,COUNTRY,TCD,AFR,Africa,YEAR,2024,TOBACCO_INDICATOR,TOBACCO_INDICATOR_Rev_VAT,,,,,,,102 420 590 745,102420590745,,,,2025-08-12T15:04:57Z,2024,2024-01-01,2024-12-31
3649082,TOBACCO_MPOWER_R_TAXREVENUELATEST,COUNTRY,KEN,AFR,Africa,YEAR,2024,TOBACCO_INDICATOR,TOBACCO_INDICATOR_Rev_curr,,,,,,,KES,,,,,2025-08-12T08:18:13Z,2024,2024-01-01,2024-12-31
3657429,TOBACCO_MPOWER_R_TAXREVENUELATEST,COUNTRY,NLD,EUR,Europe,YEAR,2024,TOBACCO_INDICATOR,TOBACCO_INDICATOR_Rev_curr,,,,,,,EUR,,,,,2025-08-12T08:18:13Z,2024,2024-01-01,2024-12-31
3658762,TOBACCO_MPOWER_R_TAXREVENUELATEST,COUNTRY,LBY,EMR,Eastern Mediterranean,YEAR,2024,TOBACCO_INDICATOR,TOBACCO_INDICATOR_Rev_VAT,,,,,,,. . .,,,,,2025-08-12T08:18:13Z,2024,2024-01-01,2024-12-31
3664512,TOBACCO_MPOWER_R_TAXREVENUELATEST,COUNTRY,CPV,AFR,Africa,YEAR,2024,TOBACCO_INDICATOR,TOBACCO_INDICATOR_Rev_year,,,,,,,2023,,,,,2025-08-12T15:04:57Z,2024,2024-01-01,2024-12-31
3667884,TOBACCO_MPOWER_R_TAXREVENUELATEST,COUNTRY,MRT,AFR,Africa,YEAR,2024,TOBACCO_INDICATOR,TOBACCO_INDICATOR_Rev_type,,,,,,,All tobacco products,,,,,2025-08-12T15:04:57Z,2024,2024-01-01,2024-12-31
3673848,TOBACCO_MPOWER_R_TAXREVENUELATEST,COUNTRY,GBR,EUR,Europe,YEAR,2024,TOBACCO_INDICATOR,TOBACCO_INDICATOR_Rev_govt_total,,,,,,,. . .,,,,,2025-08-12T08:18:13Z,2024,2024-01-01,2024-12-31
3683115,TOBACCO_MPOWER_R_TAXREVENUELATEST,COUNTRY,ETH,AFR,Africa,YEAR,2024,TOBACCO_INDICATOR,TOBACCO_INDICATOR_Rev_type,,,,,,,All tobacco products,,,,,2025-08-12T15:04:57Z,2024,2024-01-01,2024-12-31
3686507,TOBACCO_MPOWER_R_TAXREVENUELATEST,COUNTRY,MLT,EUR,Europe,YEAR,2024,TOBACCO_INDICATOR,TOBACCO_INDICATOR_Rev_year,,,,,,,2023,,,,,2025-08-12T15:04:57Z,2024,2024-01-01,2024-12-31
3716067,TOBACCO_MPOWER_R_TAXREVENUELATEST,COUNTRY,BGD,SEAR,South-East Asia,YEAR,2024,TOBACCO_INDICATOR,TOBACCO_INDICATOR_Rev_year,,,,,,,2023/24,,,,,2025-08-12T08:18:13Z,2024,2024-01-01,2024-12-31
3718397,TOBACCO_MPOWER_R_TAXREVENUELATEST,COUNTRY,MCO,EUR,Europe,YEAR,2024,TOBACCO_INDICATOR,TOBACCO_INDICATOR_Rev_govt_total,,,,,,,. . .,,,,,2025-08-12T08:18:13Z,2024,2024-01-01,2024-12-31
3735501,TOBACCO_MPOWER_R_TAXREVENUELATEST,COUNTRY,CZE,EUR,Europe,YEAR,2024,TOBACCO_INDICATOR,TOBACCO_INDICATOR_Rev_type,,,,,,,All tobacco products,,,,,2025-08-12T15:04:57Z,2024,2024-01-01,2024-12-31
3739838,TOBACCO_MPOWER_R_TAXREVENUELATEST,COUNTRY,LVA,EUR,Europe,YEAR,2024,TOBACCO_INDICATOR,TOBACCO_INDICATOR_Rev_year,,,,,,,2023,,,,,2025-08-12T15:04:57Z,2024,2024-01-01,2024-12-31
3746324,TOBACCO_MPOWER_R_TAXREVENUELATEST,COUNTRY,ECU,AMR,Americas,YEAR,2024,TOBACCO_INDICATOR,TOBACCO_INDICATOR_Rev_govt_total,,,,,,,. . .,,,,,2025-08-12T08:18:13Z,2024,2024-01-01,2024-12-31
3765425,TOBACCO_MPOWER_R_TAXREVENUELATEST,COUNTRY,URY,AMR,Americas,YEAR,2024,TOBACCO_INDICATOR,TOBACCO_INDICATOR_Rev_govt_total,,,,,,,. . .,,,,,2025-08-12T08:18:13Z,2024,2024-01-01,2024-12-31
3768056,TOBACCO_MPOWER_R_TAXREVENUELATEST,COUNTRY,NRU,WPR,Western Pacific,YEAR,2024,TOBACCO_INDICATOR,TOBACCO_INDICATOR_Rev_govt_total,,,,,,,6 400 000,6400000,,,,2025-08-12T08:18:13Z,2024,2024-01-01,2024-12-31
3772056,TOBACCO_MPOWER_R_TAXREVENUELATEST,COUNTRY,GRC,EUR,Europe,YEAR,2024,TOBACCO_INDICATOR,TOBACCO_INDICATOR_Rev_year,,,,,,,2023,,,,,2025-08-12T15:04:57Z,2024,2024-01-01,2024-12-31
3772766,TOBACCO_MPOWER_R_TAXREVENUELATEST,COUNTRY,MHL,WPR,Western Pacific,YEAR,2024,TOBACCO_INDICATOR,TOBACCO_INDICATOR_Rev_other,,,,,,,. . .,,,,,2025-08-12T08:18:13Z,2024,2024-01-01,2024-12-31
3775262,TOBACCO_MPOWER_R_TAXREVENUELATEST,COUNTRY,JOR,EMR,Eastern Mediterranean,YEAR,2024,TOBACCO_INDICATOR,TOBACCO_INDICATOR_Rev_govt_total,,,,,,,. . .,,,,,2025-08-12T08:18:13Z,2024,2024-01-01,2024-12-31
3776260,TOBACCO_MPOWER_R_TAXREVENUELATEST,COUNTRY,JAM,AMR,Americas,YEAR,2024,TOBACCO_INDICATOR,TOBACCO_INDICATOR_Rev_VAT,,,,,,,1 448 409 022,1448409022,,,Data not validated by the national authorities.,2025-08-12T08:18:13Z,2024,2024-01-01,2024-12-31
3788394,TOBACCO_MPOWER_R_TAXREVENUELATEST,COUNTRY,SMR,EUR,Europe,YEAR,2024,TOBACCO_INDICATOR,TOBACCO_INDICATOR_Rev_type,,,,,,,All tobacco products,,,,,2025-08-12T15:04:57Z,2024,2024-01-01,2024-12-31
3801928,TOBACCO_MPOWER_R_TAXREVENUELATEST,COUNTRY,PAN,AMR,Americas,YEAR,2024,TOBACCO_INDICATOR,TOBACCO_INDICATOR_Rev_other,,,,,,,. . .,,,,,2025-08-12T08:18:13Z,2024,2024-01-01,2024-12-31
3806250,TOBACCO_MPOWER_R_TAXREVENUELATEST,COUNTRY,IRN,EMR,Eastern Mediterranean,YEAR,2024,TOBACCO_INDICATOR,TOBACCO_INDICATOR_Rev_excise,,,,,,,31 713 901 000 000,31713901000000,,,,2025-08-12T15:04:57Z,2024,2024-01-01,2024-12-31
3812373,TOBACCO_MPOWER_R_TAXREVENUELATEST,COUNTRY,UZB,EUR,Europe,YEAR,2024,TOBACCO_INDICATOR,TOBACCO_INDICATOR_Rev_VAT,,,,,,,549 703 348,549703347.83,,,,2025-08-12T15:04:57Z,2024,2024-01-01,2024-12-31
3820617,TOBACCO_MPOWER_R_TAXREVENUELATEST,COUNTRY,BWA,AFR,Africa,YEAR,2024,TOBACCO_INDICATOR,TOBACCO_INDICATOR_Rev_import,,,,,,,0,0,,,,2025-08-12T08:18:13Z,2024,2024-01-01,2024-12-31
3820619,TOBACCO_MPOWER_R_TAXREVENUELATEST,COUNTRY,ARE,EMR,Eastern Mediterranean,YEAR,2024,TOBACCO_INDICATOR,TOBACCO_INDICATOR_Rev_year,,,,,,,2023,,,,,2025-08-12T15:04:57Z,2024,2024-01-01,2024-12-31
3823174,TOBACCO_MPOWER_R_TAXREVENUELATEST,COUNTRY,ETH,AFR,Africa,YEAR,2024,TOBACCO_INDICATOR,TOBACCO_INDICATOR_Rev_curr,,,,,,,ETB,,,,,2025-08-12T08:18:13Z,2024,2024-01-01,2024-12-31
3826443,TOBACCO_MPOWER_R_TAXREVENUELATEST,COUNTRY,SSD,AFR,Africa,YEAR,2024,TOBACCO_INDICATOR,TOBACCO_INDICATOR_Rev_import,,,,,,,40 156 200,40156200,,,,2025-08-12T08:18:13Z,2024,2024-01-01,2024-12-31
3832255,TOBACCO_MPOWER_R_TAXREVENUELATEST,COUNTRY,CAN,AMR,Americas,YEAR,2024,TOBACCO_INDICATOR,TOBACCO_INDICATOR_Rev_curr,,,,,,,CAD,,,,,2025-08-12T08:18:13Z,2024,2024-01-01,2024-12-31
3835270,TOBACCO_MPOWER_R_TAXREVENUELATEST,COUNTRY,SYC,AFR,Africa,YEAR,2024,TOBACCO_INDICATOR,TOBACCO_INDICATOR_Rev_curr,,,,,,,SCR,,,,,2025-08-12T08:18:13Z,2024,2024-01-01,2024-12-31
3837548,TOBACCO_MPOWER_R_TAXREVENUELATEST,COUNTRY,DEU,EUR,Europe,YEAR,2024,TOBACCO_INDICATOR,TOBACCO_INDICATOR_Rev_VAT,,,,,,,. . .,,,,,2025-08-12T08:18:13Z,2024,2024-01-01,2024-12-31
3847055,TOBACCO_MPOWER_R_TAXREVENUELATEST,COUNTRY,HRV,EUR,Europe,YEAR,2024,TOBACCO_INDICATOR,TOBACCO_INDICATOR_Rev_type,,,,,,,All tobacco products,,,,,2025-08-12T15:04:57Z,2024,2024-01-01,2024-12-31
3857216,TOBACCO_MPOWER_R_TAXREVENUELATEST,COUNTRY,BEN,AFR,Africa,YEAR,2024,TOBACCO_INDICATOR,TOBACCO_INDICATOR_Rev_govt_total,,,,,,,3 087 358 680,3087358680,,,,2025-08-12T08:18:13Z,2024,2024-01-01,2024-12-31
3857926,TOBACCO_MPOWER_R_TAXREVENUELATEST,COUNTRY,BLR,EUR,Europe,YEAR,2024,TOBACCO_INDICATOR,TOBACCO_INDICATOR_Rev_import,,,,,,,. . .,,,,,2025-08-12T08:18:13Z,2024,2024-01-01,2024-12-31
3859906,TOBACCO_MPOWER_R_TAXREVENUELATEST,COUNTRY,UKR,EUR,Europe,YEAR,2024,TOBACCO_INDICATOR,TOBACCO_INDICATOR_Rev_curr,,,,,,,UAH,,,,,2025-08-12T08:18:13Z,2024,2024-01-01,2024-12-31
3874632,TOBACCO_MPOWER_R_TAXREVENUELATEST,COUNTRY,VEN,AMR,Americas,YEAR,2024,TOBACCO_INDICATOR,TOBACCO_INDICATOR_Rev_govt_total,,,,,,,. . .,,,,,2025-08-12T08:18:13Z,2024,2024-01-01,2024-12-31
3877672,TOBACCO_MPOWER_R_TAXREVENUELATEST,COUNTRY,AND,EUR,Europe,YEAR,2024,TOBACCO_INDICATOR,TOBACCO_INDICATOR_Rev_other,,,,,,,0,0,,,,2025-08-12T08:18:13Z,2024,2024-01-01,2024-12-31
3888201,TOBACCO_MPOWER_R_TAXREVENUELATEST,COUNTRY,RWA,AFR,Africa,YEAR,2024,TOBACCO_INDICATOR,TOBACCO_INDICATOR_Rev_year,,,,,,,2023,,,,,2025-08-12T15:04:57Z,2024,2024-01-01,2024-12-31
3893021,TOBACCO_MPOWER_R_TAXREVENUELATEST,COUNTRY,AGO,AFR,Africa,YEAR,2024,TOBACCO_INDICATOR,TOBACCO_INDICATOR_Rev_type,,,,,,,Cigarettes only,,,,,2025-08-12T08:18:13Z,2024,2024-01-01,2024-12-31
3896710,TOBACCO_MPOWER_R_TAXREVENUELATEST,COUNTRY,EGY,EMR,Eastern Mediterranean,YEAR,2024,TOBACCO_INDICATOR,TOBACCO_INDICATOR_Rev_govt_total,,,,,,,. . .,,,,,2025-08-12T08:18:13Z,2024,2024-01-01,2024-12-31
3900148,TOBACCO_MPOWER_R_TAXREVENUELATEST,COUNTRY,MMR,SEAR,South-East Asia,YEAR,2024,TOBACCO_INDICATOR,TOBACCO_INDICATOR_Rev_curr,,,,,,,MMK,,,,,2025-08-12T08:18:13Z,2024,2024-01-01,2024-12-31
3914898,TOBACCO_MPOWER_R_TAXREVENUELATEST,COUNTRY,SVK,EUR,Europe,YEAR,2024,TOBACCO_INDICATOR,TOBACCO_INDICATOR_Rev_other,,,,,,,. . .,,,,,2025-08-12T08:18:13Z,2024,2024-01-01,2024-12-31
3915361,TOBACCO_MPOWER_R_TAXREVENUELATEST,COUNTRY,DMA,AMR,Americas,YEAR,2024,TOBACCO_INDICATOR,TOBACCO_INDICATOR_Rev_type,,,,,,,All tobacco products,,,,,2025-08-12T15:04:57Z,2024,2024-01-01,2024-12-31
3917334,TOBACCO_MPOWER_R_TAXREVENUELATEST,COUNTRY,BGD,SEAR,South-East Asia,YEAR,2024,TOBACCO_INDICATOR,TOBACCO_INDICATOR_Rev_other,,,,,,,3 149 602 000,3149602000,,,,2025-08-12T08:18:13Z,2024,2024-01-01,2024-12-31
3926333,TOBACCO_MPOWER_R_TAXREVENUELATEST,COUNTRY,DZA,AFR,Africa,YEAR,2024,TOBACCO_INDICATOR,TOBACCO_INDICATOR_Rev_other,,,,,,,77 473 208 920,77473208920,,,,2025-08-12T08:18:13Z,2024,2024-01-01,2024-12-31
3935259,TOBACCO_MPOWER_R_TAXREVENUELATEST,COUNTRY,CAN,AMR,Americas,YEAR,2024,TOBACCO_INDICATOR,TOBACCO_INDICATOR_Rev_govt_total,,,,,,,. . .,,,,,2025-08-12T08:18:13Z,2024,2024-01-01,2024-12-31
3945948,TOBACCO_MPOWER_R_TAXREVENUELATEST,COUNTRY,SVN,EUR,Europe,YEAR,2024,TOBACCO_INDICATOR,TOBACCO_INDICATOR_Rev_VAT,,,,,,,. . .,,,,,2025-08-12T08:18:13Z,2024,2024-01-01,2024-12-31
3805,TOBACCO_MPOWER_R_TAXREVENUELATEST,COUNTRY,SOM,EMR,Eastern Mediterranean,YEAR,2024,TOBACCO_INDICATOR,TOBACCO_INDICATOR_Rev_import,,,,,,,1 100 000,1100000,,,,2025-08-12T08:18:13Z,2024,2024-01-01,2024-12-31
25890,TOBACCO_MPOWER_R_TAXREVENUELATEST,COUNTRY,NAM,AFR,Africa,YEAR,2024,TOBACCO_INDICATOR,TOBACCO_INDICATOR_Rev_VAT,,,,,,,165 330 752,165330752,,,,2025-08-12T08:18:13Z,2024,2024-01-01,2024-12-31
32355,TOBACCO_MPOWER_R_TAXREVENUELATEST,COUNTRY,MDA,EUR,Europe,YEAR,2024,TOBACCO_INDICATOR,TOBACCO_INDICATOR_Rev_curr,,,,,,,MDL,,,,,2025-08-12T08:18:13Z,2024,2024-01-01,2024-12-31
34590,TOBACCO_MPOWER_R_TAXREVENUELATEST,COUNTRY,EST,EUR,Europe,YEAR,2024,TOBACCO_INDICATOR,TOBACCO_INDICATOR_Rev_govt_total,,,,,,,. . .,,,,,2025-08-12T08:18:13Z,2024,2024-01-01,2024-12-31
48888,TOBACCO_MPOWER_R_TAXREVENUELATEST,COUNTRY,GNB,AFR,Africa,YEAR,2024,TOBACCO_INDICATOR,TOBACCO_INDICATOR_Rev_type,,,,,,,All tobacco products,,,,,2025-08-12T15:04:57Z,2024,2024-01-01,2024-12-31
51092,TOBACCO_MPOWER_R_TAXREVENUELATEST,COUNTRY,NOR,EUR,Europe,YEAR,2024,TOBACCO_INDICATOR,TOBACCO_INDICATOR_Rev_excise,,,,,,,7 400 000 000,7400000000,,,,2025-08-12T08:18:13Z,2024,2024-01-01,2024-12-31
58852,TOBACCO_MPOWER_R_TAXREVENUELATEST,COUNTRY,CHL,AMR,Americas,YEAR,2024,TOBACCO_INDICATOR,TOBACCO_INDICATOR_Rev_import,,,,,,,0,0,,,,2025-08-12T08:18:13Z,2024,2024-01-01,2024-12-31
59383,TOBACCO_MPOWER_R_TAXREVENUELATEST,COUNTRY,NGA,AFR,Africa,YEAR,2024,TOBACCO_INDICATOR,TOBACCO_INDICATOR_Rev_VAT,,,,,,,. . .,,,,,2025-08-12T08:18:13Z,2024,2024-01-01,2024-12-31
74143,TOBACCO_MPOWER_R_TAXREVENUELATEST,COUNTRY,JOR,EMR,Eastern Mediterranean,YEAR,2024,TOBACCO_INDICATOR,TOBACCO_INDICATOR_Rev_year,,,,,,,2019,,,,,2025-08-12T15:04:57Z,2024,2024-01-01,2024-12-31
87656,TOBACCO_MPOWER_R_TAXREVENUELATEST,COUNTRY,MDG,AFR,Africa,YEAR,2024,TOBACCO_INDICATOR,TOBACCO_INDICATOR_Rev_type,,,,,,,Cigarettes only,,,,,2025-08-12T08:18:13Z,2024,2024-01-01,2024-12-31
88535,TOBACCO_MPOWER_R_TAXREVENUELATEST,COUNTRY,SWZ,AFR,Africa,YEAR,2024,TOBACCO_INDICATOR,TOBACCO_INDICATOR_Rev_govt_total,,,,,,,18 784 101,18784101,,,,2025-08-12T08:18:13Z,2024,2024-01-01,2024-12-31
89916,TOBACCO_MPOWER_R_TAXREVENUELATEST,COUNTRY,VEN,AMR,Americas,YEAR,2024,TOBACCO_INDICATOR,TOBACCO_INDICATOR_Rev_curr,,,,,,,VES,,,,Data not validated by the national authorities.,2025-08-12T08:18:13Z,2024,2024-01-01,2024-12-31
91849,TOBACCO_MPOWER_R_TAXREVENUELATEST,COUNTRY,HUN,EUR,Europe,YEAR,2024,TOBACCO_INDICATOR,TOBACCO_INDICATOR_Rev_import,,,,,,,. . .,,,,,2025-08-12T08:18:13Z,2024,2024-01-01,2024-12-31
94441,TOBACCO_MPOWER_R_TAXREVENUELATEST,COUNTRY,ITA,EUR,Europe,YEAR,2024,TOBACCO_INDICATOR,TOBACCO_INDICATOR_Rev_excise,,,,,,,11 383 000 000,11383000000,,,,2025-08-12T08:18:13Z,2024,2024-01-01,2024-12-31
94721,TOBACCO_MPOWER_R_TAXREVENUELATEST,COUNTRY,AND,EUR,Europe,YEAR,2024,TOBACCO_INDICATOR,TOBACCO_INDICATOR_Rev_curr,,,,,,,EUR,,,,,2025-08-12T08:18:13Z,2024,2024-01-01,2024-12-31
96435,TOBACCO_MPOWER_R_TAXREVENUELATEST,COUNTRY,LTU,EUR,Europe,YEAR,2024,TOBACCO_INDICATOR,TOBACCO_INDICATOR_Rev_VAT,,,,,,,. . .,,,,,2025-08-12T08:18:13Z,2024,2024-01-01,2024-12-31
102852,TOBACCO_MPOWER_R_TAXREVENUELATEST,COUNTRY,CPV,AFR,Africa,YEAR,2024,TOBACCO_INDICATOR,TOBACCO_INDICATOR_Rev_type,,,,,,,All tobacco products,,,,,2025-08-12T15:04:57Z,2024,2024-01-01,2024-12-31
108993,TOBACCO_MPOWER_R_TAXREVENUELATEST,COUNTRY,MLT,EUR,Europe,YEAR,2024,TOBACCO_INDICATOR,TOBACCO_INDICATOR_Rev_curr,,,,,,,EUR,,,,,2025-08-12T08:18:13Z,2024,2024-01-01,2024-12-31
111288,TOBACCO_MPOWER_R_TAXREVENUELATEST,COUNTRY,MDA,EUR,Europe,YEAR,2024,TOBACCO_INDICATOR,TOBACCO_INDICATOR_Rev_govt_total,,,,,,,. . .,,,,,2025-08-12T08:18:13Z,2024,2024-01-01,2024-12-31
122396,TOBACCO_MPOWER_R_TAXREVENUELATEST,COUNTRY,PRK,SEAR,South-East Asia,YEAR,2024,TOBACCO_INDICATOR,TOBACCO_INDICATOR_Rev_type,,,,,,,. . .,,,,,2025-08-12T08:18:13Z,2024,2024-01-01,2024-12-31
135474,TOBACCO_MPOWER_R_TAXREVENUELATEST,COUNTRY,COD,AFR,Africa,YEAR,2024,TOBACCO_INDICATOR,TOBACCO_INDICATOR_Rev_VAT,,,,,,,. . .,,,,,2025-08-12T08:18:13Z,2024,2024-01-01,2024-12-31
142433,TOBACCO_MPOWER_R_TAXREVENUELATEST,COUNTRY,MDV,SEAR,South-East Asia,YEAR,2024,TOBACCO_INDICATOR,TOBACCO_INDICATOR_Rev_import,,,,,,,1 164 529 366,1164529366.38,,,,2025-08-12T15:04:57Z,2024,2024-01-01,2024-12-31
148167,TOBACCO_MPOWER_R_TAXREVENUELATEST,COUNTRY,BEN,AFR,Africa,YEAR,2024,TOBACCO_INDICATOR,TOBACCO_INDICATOR_Rev_other,,,,,,,318 314 069,318314069,,,,2025-08-12T08:18:13Z,2024,2024-01-01,2024-12-31
153164,TOBACCO_MPOWER_R_TAXREVENUELATEST,COUNTRY,BHR,EMR,Eastern Mediterranean,YEAR,2024,TOBACCO_INDICATOR,TOBACCO_INDICATOR_Rev_type,,,,,,,All tobacco products,,,,,2025-08-12T15:04:57Z,2024,2024-01-01,2024-12-31
153610,TOBACCO_MPOWER_R_TAXREVENUELATEST,COUNTRY,IRQ,EMR,Eastern Mediterranean,YEAR,2024,TOBACCO_INDICATOR,TOBACCO_INDICATOR_Rev_type,,,,,,,. . .,,,,,2025-08-12T08:18:13Z,2024,2024-01-01,2024-12-31
161905,TOBACCO_MPOWER_R_TAXREVENUELATEST,COUNTRY,DMA,AMR,Americas,YEAR,2024,TOBACCO_INDICATOR,TOBACCO_INDICATOR_Rev_import,,,,,,,39 418,39418.28,,,,2025-08-12T08:18:13Z,2024,2024-01-01,2024-12-31
170713,TOBACCO_MPOWER_R_TAXREVENUELATEST,COUNTRY,JPN,WPR,Western Pacific,YEAR,2024,TOBACCO_INDICATOR,TOBACCO_INDICATOR_Rev_other,,,,,,,. . .,,,,,2025-08-12T08:18:13Z,2024,2024-01-01,2024-12-31
188889,TOBACCO_MPOWER_R_TAXREVENUELATEST,COUNTRY,PAK,EMR,Eastern Mediterranean,YEAR,2024,TOBACCO_INDICATOR,TOBACCO_INDICATOR_Rev_other,,,,,,,. . .,,,,,2025-08-12T08:18:13Z,2024,2024-01-01,2024-12-31
192922,TOBACCO_MPOWER_R_TAXREVENUELATEST,COUNTRY,BDI,AFR,Africa,YEAR,2024,TOBACCO_INDICATOR,TOBACCO_INDICATOR_Rev_import,,,,,,,. . .,,,,,2025-08-12T08:18:13Z,2024,2024-01-01,2024-12-31
193889,TOBACCO_MPOWER_R_TAXREVENUELATEST,COUNTRY,GNQ,AFR,Africa,YEAR,2024,TOBACCO_INDICATOR,TOBACCO_INDICATOR_Rev_curr,,,,,,,. .,,,,,2025-08-12T08:18:13Z,2024,2024-01-01,2024-12-31
209659,TOBACCO_MPOWER_R_TAXREVENUELATEST,COUNTRY,PRY,AMR,Americas,YEAR,2024,TOBACCO_INDICATOR,TOBACCO_INDICATOR_Rev_other,,,,,,,45 957 045 716,45957045716,,,,2025-08-12T08:18:13Z,2024,2024-01-01,2024-12-31
212428,TOBACCO_MPOWER_R_TAXREVENUELATEST,COUNTRY,THA,SEAR,South-East Asia,YEAR,2024,TOBACCO_INDICATOR,TOBACCO_INDICATOR_Rev_VAT,,,,,,,. . .,,,,,2025-08-12T08:18:13Z,2024,2024-01-01,2024-12-31
219181,TOBACCO_MPOWER_R_TAXREVENUELATEST,COUNTRY,BLR,EUR,Europe,YEAR,2024,TOBACCO_INDICATOR,TOBACCO_INDICATOR_Rev_curr,,,,,,,BYN,,,,,2025-08-12T08:18:13Z,2024,2024-01-01,2024-12-31
233855,TOBACCO_MPOWER_R_TAXREVENUELATEST,COUNTRY,AZE,EUR,Europe,YEAR,2024,TOBACCO_INDICATOR,TOBACCO_INDICATOR_Rev_import,,,,,,,. . .,,,,,2025-08-12T08:18:13Z,2024,2024-01-01,2024-12-31
238063,TOBACCO_MPOWER_R_TAXREVENUELATEST,COUNTRY,FSM,WPR,Western Pacific,YEAR,2024,TOBACCO_INDICATOR,TOBACCO_INDICATOR_Rev_curr,,,,,,,USD,,,,,2025-08-12T08:18:13Z,2024,2024-01-01,2024-12-31
246146,TOBACCO_MPOWER_R_TAXREVENUELATEST,COUNTRY,ZMB,AFR,Africa,YEAR,2024,TOBACCO_INDICATOR,TOBACCO_INDICATOR_Rev_govt_total,,,,,,,202 107 619,202107618.93,,,,2025-08-12T15:04:57Z,2024,2024-01-01,2024-12-31
250142,TOBACCO_MPOWER_R_TAXREVENUELATEST,COUNTRY,GHA,AFR,Africa,YEAR,2024,TOBACCO_INDICATOR,TOBACCO_INDICATOR_Rev_type,,,,,,,All tobacco products,,,,,2025-08-12T15:04:57Z,2024,2024-01-01,2024-12-31
255700,TOBACCO_MPOWER_R_TAXREVENUELATEST,COUNTRY,SVK,EUR,Europe,YEAR,2024,TOBACCO_INDICATOR,TOBACCO_INDICATOR_Rev_type,,,,,,,All tobacco products,,,,,2025-08-12T15:04:57Z,2024,2024-01-01,2024-12-31
264037,TOBACCO_MPOWER_R_TAXREVENUELATEST,COUNTRY,KIR,WPR,Western Pacific,YEAR,2024,TOBACCO_INDICATOR,TOBACCO_INDICATOR_Rev_excise,,,,,,,883 697,883697.25,,,,2025-08-12T08:18:13Z,2024,2024-01-01,2024-12-31
268452,TOBACCO_MPOWER_R_TAXREVENUELATEST,COUNTRY,TUV,WPR,Western Pacific,YEAR,2024,TOBACCO_INDICATOR,TOBACCO_INDICATOR_Rev_curr,,,,,,,AUD,,,,,2025-08-12T08:18:13Z,2024,2024-01-01,2024-12-31
287091,TOBACCO_MPOWER_R_TAXREVENUELATEST,COUNTRY,GIN,AFR,Africa,YEAR,2024,TOBACCO_INDICATOR,TOBACCO_INDICATOR_Rev_other,,,,,,,2 275 356 864,2275356864,,,,2025-08-12T08:18:13Z,2024,2024-01-01,2024-12-31
296139,TOBACCO_MPOWER_R_TAXREVENUELATEST,COUNTRY,UZB,EUR,Europe,YEAR,2024,TOBACCO_INDICATOR,TOBACCO_INDICATOR_Rev_govt_total,,,,,,,. . .,,,,,2025-08-12T08:18:13Z,2024,2024-01-01,2024-12-31
296214,TOBACCO_MPOWER_R_TAXREVENUELATEST,COUNTRY,IND,SEAR,South-East Asia,YEAR,2024,TOBACCO_INDICATOR,TOBACCO_INDICATOR_Rev_VAT,,,,,,,. . .,,,,,2025-08-12T08:18:13Z,2024,2024-01-01,2024-12-31
320343,TOBACCO_MPOWER_R_TAXREVENUELATEST,COUNTRY,BEL,EUR,Europe,YEAR,2024,TOBACCO_INDICATOR,TOBACCO_INDICATOR_Rev_year,,,,,,,2024,,,,,2025-08-12T15:04:57Z,2024,2024-01-01,2024-12-31
325444,TOBACCO_MPOWER_R_TAXREVENUELATEST,COUNTRY,KHM,WPR,Western Pacific,YEAR,2024,TOBACCO_INDICATOR,TOBACCO_INDICATOR_Rev_other,,,,,,,11 325 064 667,11325064667,,,,2025-08-12T08:18:13Z,2024,2024-01-01,2024-12-31
325580,TOBACCO_MPOWER_R_TAXREVENUELATEST,COUNTRY,SEN,AFR,Africa,YEAR,2024,TOBACCO_INDICATOR,TOBACCO_INDICATOR_Rev_year,,,,,,,2022,,,,,2025-08-12T15:04:57Z,2024,2024-01-01,2024-12-31
331806,TOBACCO_MPOWER_R_TAXREVENUELATEST,COUNTRY,CRI,AMR,Americas,YEAR,2024,TOBACCO_INDICATOR,TOBACCO_INDICATOR_Rev_VAT,,,,,,,31 338 903 084,31338903084.000004,,,,2025-08-12T08:18:13Z,2024,2024-01-01,2024-12-31
343339,TOBACCO_MPOWER_R_TAXREVENUELATEST,COUNTRY,HTI,AMR,Americas,YEAR,2024,TOBACCO_INDICATOR,TOBACCO_INDICATOR_Rev_curr,,,,,,,HTG,,,,,2025-08-12T08:18:13Z,2024,2024-01-01,2024-12-31
344690,TOBACCO_MPOWER_R_TAXREVENUELATEST,COUNTRY,NIU,WPR,Western Pacific,YEAR,2024,TOBACCO_INDICATOR,TOBACCO_INDICATOR_Rev_excise,,,,,,,—,,,,,2025-08-12T08:18:13Z,2024,2024-01-01,2024-12-31
357542,TOBACCO_MPOWER_R_TAXREVENUELATEST,COUNTRY,PRT,EUR,Europe,YEAR,2024,TOBACCO_INDICATOR,TOBACCO_INDICATOR_Rev_curr,,,,,,,EUR,,,,,2025-08-12T08:18:13Z,2024,2024-01-01,2024-12-31
358267,TOBACCO_MPOWER_R_TAXREVENUELATEST,COUNTRY,FJI,WPR,Western Pacific,YEAR,2024,TOBACCO_INDICATOR,TOBACCO_INDICATOR_Rev_type,,,,,,,All tobacco products,,,,,2025-08-12T15:04:57Z,2024,2024-01-01,2024-12-31
361446,TOBACCO_MPOWER_R_TAXREVENUELATEST,COUNTRY,NER,AFR,Africa,YEAR,2024,TOBACCO_INDICATOR,TOBACCO_INDICATOR_Rev_curr,,,,,,,XOF,,,,,2025-08-12T08:18:13Z,2024,2024-01-01,2024-12-31
370310,TOBACCO_MPOWER_R_TAXREVENUELATEST,COUNTRY,UGA,AFR,Africa,YEAR,2024,TOBACCO_INDICATOR,TOBACCO_INDICATOR_Rev_govt_total,,,,,,,. . .,,,,,2025-08-12T08:18:13Z,2024,2024-01-01,2024-12-31
375070,TOBACCO_MPOWER_R_TAXREVENUELATEST,COUNTRY,AUS,WPR,Western Pacific,YEAR,2024,TOBACCO_INDICATOR,TOBACCO_INDICATOR_Rev_excise,,,,,,,12 596 000 000,12596000000,,,,2025-08-12T08:18:13Z,2024,2024-01-01,2024-12-31
380806,TOBACCO_MPOWER_R_TAXREVENUELATEST,COUNTRY,AGO,AFR,Africa,YEAR,2024,TOBACCO_INDICATOR,TOBACCO_INDICATOR_Rev_govt_total,,,,,,,13 706 452 507,13706452507,,,,2025-08-12T08:18:13Z,2024,2024-01-01,2024-12-31
382527,TOBACCO_MPOWER_R_TAXREVENUELATEST,COUNTRY,NGA,AFR,Africa,YEAR,2024,TOBACCO_INDICATOR,TOBACCO_INDICATOR_Rev_other,,,,,,,. . .,,,,,2025-08-12T08:18:13Z,2024,2024-01-01,2024-12-31
384059,TOBACCO_MPOWER_R_TAXREVENUELATEST,COUNTRY,POL,EUR,Europe,YEAR,2024,TOBACCO_INDICATOR,TOBACCO_INDICATOR_Rev_import,,,,,,,. . .,,,,,2025-08-12T08:18:13Z,2024,2024-01-01,2024-12-31
385019,TOBACCO_MPOWER_R_TAXREVENUELATEST,COUNTRY,NPL,SEAR,South-East Asia,YEAR,2024,TOBACCO_INDICATOR,TOBACCO_INDICATOR_Rev_curr,,,,,,,NPR,,,,,2025-08-12T08:18:13Z,2024,2024-01-01,2024-12-31
408629,TOBACCO_MPOWER_R_TAXREVENUELATEST,COUNTRY,CAF,AFR,Africa,YEAR,2024,TOBACCO_INDICATOR,TOBACCO_INDICATOR_Rev_excise,,,,,,,612 197 783,612197782.5,,,,2025-08-12T08:18:13Z,2024,2024-01-01,2024-12-31
419594,TOBACCO_MPOWER_R_TAXREVENUELATEST,COUNTRY,JAM,AMR,Americas,YEAR,2024,TOBACCO_INDICATOR,TOBACCO_INDICATOR_Rev_curr,,,,,,,JMD,,,,Data not validated by the national authorities.,2025-08-12T08:18:13Z,2024,2024-01-01,2024-12-31
425272,TOBACCO_MPOWER_R_TAXREVENUELATEST,COUNTRY,ROU,EUR,Europe,YEAR,2024,TOBACCO_INDICATOR,TOBACCO_INDICATOR_Rev_excise,,,,,,,3 773 113 400,3773113400,,,,2025-08-12T08:18:13Z,2024,2024-01-01,2024-12-31
425341,TOBACCO_MPOWER_R_TAXREVENUELATEST,COUNTRY,CYP,EUR,Europe,YEAR,2024,TOBACCO_INDICATOR,TOBACCO_INDICATOR_Rev_curr,,,,,,,EUR,,,,,2025-08-12T08:18:13Z,2024,2024-01-01,2024-12-31
432807,TOBACCO_MPOWER_R_TAXREVENUELATEST,COUNTRY,TUV,WPR,Western Pacific,YEAR,2024,TOBACCO_INDICATOR,TOBACCO_INDICATOR_Rev_other,,,,,,,0,0,,,,2025-08-12T08:18:13Z,2024,2024-01-01,2024-12-31
448561,TOBACCO_MPOWER_R_TAXREVENUELATEST,COUNTRY,GRD,AMR,Americas,YEAR,2024,TOBACCO_INDICATOR,TOBACCO_INDICATOR_Rev_VAT,,,,,,,2 276 765,2276764.62,,,,2025-08-12T08:18:13Z,2024,2024-01-01,2024-12-31
448895,TOBACCO_MPOWER_R_TAXREVENUELATEST,COUNTRY,MCO,EUR,Europe,YEAR,2024,TOBACCO_INDICATOR,TOBACCO_INDICATOR_Rev_other,,,,,,,. . .,,,,,2025-08-12T08:18:13Z,2024,2024-01-01,2024-12-31
472343,TOBACCO_MPOWER_R_TAXREVENUELATEST,COUNTRY,PRT,EUR,Europe,YEAR,2024,TOBACCO_INDICATOR,TOBACCO_INDICATOR_Rev_excise,,,,,,,1 654 605 000,1654605000,,,,2025-08-12T08:18:13Z,2024,2024-01-01,2024-12-31
474218,TOBACCO_MPOWER_R_TAXREVENUELATEST,COUNTRY,NPL,SEAR,South-East Asia,YEAR,2024,TOBACCO_INDICATOR,TOBACCO_INDICATOR_Rev_type,,,,,,,All tobacco products,,,,,2025-08-12T15:04:57Z,2024,2024-01-01,2024-12-31
478313,TOBACCO_MPOWER_R_TAXREVENUELATEST,COUNTRY,UZB,EUR,Europe,YEAR,2024,TOBACCO_INDICATOR,TOBACCO_INDICATOR_Rev_other,,,,,,,. . .,,,,,2025-08-12T08:18:13Z,2024,2024-01-01,2024-12-31
479986,TOBACCO_MPOWER_R_TAXREVENUELATEST,COUNTRY,BRN,WPR,Western Pacific,YEAR,2024,TOBACCO_INDICATOR,TOBACCO_INDICATOR_Rev_VAT,,,,,,,0,0,,,,2025-08-12T08:18:13Z,2024,2024-01-01,2024-12-31
481672,TOBACCO_MPOWER_R_TAXREVENUELATEST,COUNTRY,CHE,EUR,Europe,YEAR,2024,TOBACCO_INDICATOR,TOBACCO_INDICATOR_Rev_other,,,,,,,24 940 000,24940000,,,,2025-08-12T08:18:13Z,2024,2024-01-01,2024-12-31
484129,TOBACCO_MPOWER_R_TAXREVENUELATEST,COUNTRY,PER,AMR,Americas,YEAR,2024,TOBACCO_INDICATOR,TOBACCO_INDICATOR_Rev_govt_total,,,,,,,360 034 063,360034063,,,,2025-08-12T08:18:13Z,2024,2024-01-01,2024-12-31
487287,TOBACCO_MPOWER_R_TAXREVENUELATEST,COUNTRY,QAT,EMR,Eastern Mediterranean,YEAR,2024,TOBACCO_INDICATOR,TOBACCO_INDICATOR_Rev_other,,,,,,,0,0,,,,2025-08-12T08:18:13Z,2024,2024-01-01,2024-12-31
494445,TOBACCO_MPOWER_R_TAXREVENUELATEST,COUNTRY,TCD,AFR,Africa,YEAR,2024,TOBACCO_INDICATOR,TOBACCO_INDICATOR_Rev_import,,,,,,,6 580 490 357,6580490356.999999,,,,2025-08-12T08:18:13Z,2024,2024-01-01,2024-12-31
495600,TOBACCO_MPOWER_R_TAXREVENUELATEST,COUNTRY,ECU,AMR,Americas,YEAR,2024,TOBACCO_INDICATOR,TOBACCO_INDICATOR_Rev_VAT,,,,,,,. . .,,,,,2025-08-12T08:18:13Z,2024,2024-01-01,2024-12-31
506344,TOBACCO_MPOWER_R_TAXREVENUELATEST,COUNTRY,TLS,SEAR,South-East Asia,YEAR,2024,TOBACCO_INDICATOR,TOBACCO_INDICATOR_Rev_year,,,,,,,2023,,,,,2025-08-12T15:04:57Z,2024,2024-01-01,2024-12-31
515440,TOBACCO_MPOWER_R_TAXREVENUELATEST,COUNTRY,BEN,AFR,Africa,YEAR,2024,TOBACCO_INDICATOR,TOBACCO_INDICATOR_Rev_excise,,,,,,,1 801 226 189,1801226189,,,,2025-08-12T08:18:13Z,2024,2024-01-01,2024-12-31
520541,TOBACCO_MPOWER_R_TAXREVENUELATEST,COUNTRY,UKR,EUR,Europe,YEAR,2024,TOBACCO_INDICATOR,TOBACCO_INDICATOR_Rev_VAT,,,,,,,. . .,,,,,2025-08-12T08:18:13Z,2024,2024-01-01,2024-12-31
530513,TOBACCO_MPOWER_R_TAXREVENUELATEST,COUNTRY,CUB,AMR,Americas,YEAR,2024,TOBACCO_INDICATOR,TOBACCO_INDICATOR_Rev_VAT,,,,,,,28 246 844,28246844,,,,2025-08-12T08:18:13Z,2024,2024-01-01,2024-12-31
533100,TOBACCO_MPOWER_R_TAXREVENUELATEST,COUNTRY,TZA,AFR,Africa,YEAR,2024,TOBACCO_INDICATOR,TOBACCO_INDICATOR_Rev_type,,,,,,,Cigarettes only,,,,,2025-08-12T08:18:13Z,2024,2024-01-01,2024-12-31
552655,TOBACCO_MPOWER_R_TAXREVENUELATEST,COUNTRY,KAZ,EUR,Europe,YEAR,2024,TOBACCO_INDICATOR,TOBACCO_INDICATOR_Rev_year,,,,,,,2023,,,,,2025-08-12T15:04:57Z,2024,2024-01-01,2024-12-31
553636,TOBACCO_MPOWER_R_TAXREVENUELATEST,COUNTRY,PLW,WPR,Western Pacific,YEAR,2024,TOBACCO_INDICATOR,TOBACCO_INDICATOR_Rev_govt_total,,,,,,,8 062 599,8062599,,,,2025-08-12T08:18:13Z,2024,2024-01-01,2024-12-31
558284,TOBACCO_MPOWER_R_TAXREVENUELATEST,COUNTRY,LKA,SEAR,South-East Asia,YEAR,2024,TOBACCO_INDICATOR,TOBACCO_INDICATOR_Rev_year,,,,,,,2023,,,,,2025-08-12T15:04:57Z,2024,2024-01-01,2024-12-31
562209,TOBACCO_MPOWER_R_TAXREVENUELATEST,COUNTRY,HUN,EUR,Europe,YEAR,2024,TOBACCO_INDICATOR,TOBACCO_INDICATOR_Rev_excise,,,,,,,400 177 276 713,400177276713,,,,2025-08-12T15:04:57Z,2024,2024-01-01,2024-12-31
572870,TOBACCO_MPOWER_R_TAXREVENUELATEST,COUNTRY,NPL,SEAR,South-East Asia,YEAR,2024,TOBACCO_INDICATOR,TOBACCO_INDICATOR_Rev_excise,,,,,,,26 630 478 779,26630478778.64,,,,2025-08-12T15:04:57Z,2024,2024-01-01,2024-12-31
579557,TOBACCO_MPOWER_R_TAXREVENUELATEST,COUNTRY,SVK,EUR,Europe,YEAR,2024,TOBACCO_INDICATOR,TOBACCO_INDICATOR_Rev_curr,,,,,,,EUR,,,,,2025-08-12T08:18:13Z,2024,2024-01-01,2024-12-31
584939,TOBACCO_MPOWER_R_TAXREVENUELATEST,COUNTRY,AND,EUR,Europe,YEAR,2024,TOBACCO_INDICATOR,TOBACCO_INDICATOR_Rev_govt_total,,,,,,,83 847 352,83847352,,,,2025-08-12T08:18:13Z,2024,2024-01-01,2024-12-31
595298,TOBACCO_MPOWER_R_TAXREVENUELATEST,COUNTRY,THA,SEAR,South-East Asia,YEAR,2024,TOBACCO_INDICATOR,TOBACCO_INDICATOR_Rev_other,,,,,,,. . .,,,,,2025-08-12T08:18:13Z,2024,2024-01-01,2024-12-31
608697,TOBACCO_MPOWER_R_TAXREVENUELATEST,COUNTRY,USA,AMR,Americas,YEAR,2024,TOBACCO_INDICATOR,TOBACCO_INDICATOR_Rev_other,,,,,,,. . .,,,,,2025-08-12T08:18:13Z,2024,2024-01-01,2024-12-31
615593,TOBACCO_MPOWER_R_TAXREVENUELATEST,COUNTRY,AUT,EUR,Europe,YEAR,2024,TOBACCO_INDICATOR,TOBACCO_INDICATOR_Rev_VAT,,,,,,,. . .,,,,,2025-08-12T08:18:13Z,2024,2024-01-01,2024-12-31
616881,TOBACCO_MPOWER_R_TAXREVENUELATEST,COUNTRY,JAM,AMR,Americas,YEAR,2024,TOBACCO_INDICATOR,TOBACCO_INDICATOR_Rev_year,,,,,,,2020,,,,Data not validated by the national authorities.,2025-08-12T15:04:57Z,2024,2024-01-01,2024-12-31
623392,TOBACCO_MPOWER_R_TAXREVENUELATEST,COUNTRY,PRY,AMR,Americas,YEAR,2024,TOBACCO_INDICATOR,TOBACCO_INDICATOR_Rev_type,,,,,,,All tobacco products,,,,,2025-08-12T15:04:57Z,2024,2024-01-01,2024-12-31
625398,TOBACCO_MPOWER_R_TAXREVENUELATEST,COUNTRY,GRC,EUR,Europe,YEAR,2024,TOBACCO_INDICATOR,TOBACCO_INDICATOR_Rev_curr,,,,,,,EUR,,,,,2025-08-12T08:18:13Z,2024,2024-01-01,2024-12-31
632876,TOBACCO_MPOWER_R_TAXREVENUELATEST,COUNTRY,PRK,SEAR,South-East Asia,YEAR,2024,TOBACCO_INDICATOR,TOBACCO_INDICATOR_Rev_VAT,,,,,,,. . .,,,,,2025-08-12T08:18:13Z,2024,2024-01-01,2024-12-31
634754,TOBACCO_MPOWER_R_TAXREVENUELATEST,COUNTRY,BHS,AMR,Americas,YEAR,2024,TOBACCO_INDICATOR,TOBACCO_INDICATOR_Rev_VAT,,,,,,,3 299 775,3299775,,,,2025-08-12T08:18:13Z,2024,2024-01-01,2024-12-31
651444,TOBACCO_MPOWER_R_TAXREVENUELATEST,COUNTRY,BEL,EUR,Europe,YEAR,2024,TOBACCO_INDICATOR,TOBACCO_INDICATOR_Rev_import,,,,,,,. . .,,,,,2025-08-12T08:18:13Z,2024,2024-01-01,2024-12-31
653442,TOBACCO_MPOWER_R_TAXREVENUELATEST,COUNTRY,BGD,SEAR,South-East Asia,YEAR,2024,TOBACCO_INDICATOR,TOBACCO_INDICATOR_Rev_type,,,,,,,Cigarettes only,,,,,2025-08-12T08:18:13Z,2024,2024-01-01,2024-12-31
674254,TOBACCO_MPOWER_R_TAXREVENUELATEST,COUNTRY,ECU,AMR,Americas,YEAR,2024,TOBACCO_INDICATOR,TOBACCO_INDICATOR_Rev_year,,,,,,,2024,,,,,2025-08-12T15:04:57Z,2024,2024-01-01,2024-12-31
681014,TOBACCO_MPOWER_R_TAXREVENUELATEST,COUNTRY,NIC,AMR,Americas,YEAR,2024,TOBACCO_INDICATOR,TOBACCO_INDICATOR_Rev_type,,,,,,,. . .,,,,,2025-08-12T08:18:13Z,2024,2024-01-01,2024-12-31
686026,TOBACCO_MPOWER_R_TAXREVENUELATEST,COUNTRY,BOL,AMR,Americas,YEAR,2024,TOBACCO_INDICATOR,TOBACCO_INDICATOR_Rev_import,,,,,,,16 159 415,16159415,,,,2025-08-12T08:18:13Z,2024,2024-01-01,2024-12-31
692169,TOBACCO_MPOWER_R_TAXREVENUELATEST,COUNTRY,RUS,EUR,Europe,YEAR,2024,TOBACCO_INDICATOR,TOBACCO_INDICATOR_Rev_year,,,,,,,2023,,,,,2025-08-12T15:04:57Z,2024,2024-01-01,2024-12-31
697133,TOBACCO_MPOWER_R_TAXREVENUELATEST,COUNTRY,NER,AFR,Africa,YEAR,2024,TOBACCO_INDICATOR,TOBACCO_INDICATOR_Rev_type,,,,,,,All tobacco products,,,,,2025-08-12T15:04:57Z,2024,2024-01-01,2024-12-31
707347,TOBACCO_MPOWER_R_TAXREVENUELATEST,COUNTRY,TCD,AFR,Africa,YEAR,2024,TOBACCO_INDICATOR,TOBACCO_INDICATOR_Rev_year,,,,,,,2023,,,,,2025-08-12T15:04:57Z,2024,2024-01-01,2024-12-31
711817,TOBACCO_MPOWER_R_TAXREVENUELATEST,COUNTRY,ESP,EUR,Europe,YEAR,2024,TOBACCO_INDICATOR,TOBACCO_INDICATOR_Rev_VAT,,,,,,,. . .,,,,,2025-08-12T08:18:13Z,2024,2024-01-01,2024-12-31
715353,TOBACCO_MPOWER_R_TAXREVENUELATEST,COUNTRY,FIN,EUR,Europe,YEAR,2024,TOBACCO_INDICATOR,TOBACCO_INDICATOR_Rev_import,,,,,,,. . .,,,,,2025-08-12T08:18:13Z,2024,2024-01-01,2024-12-31
730305,TOBACCO_MPOWER_R_TAXREVENUELATEST,COUNTRY,SVK,EUR,Europe,YEAR,2024,TOBACCO_INDICATOR,TOBACCO_INDICATOR_Rev_govt_total,,,,,,,. . .,,,,,2025-08-12T08:18:13Z,2024,2024-01-01,2024-12-31
734055,TOBACCO_MPOWER_R_TAXREVENUELATEST,COUNTRY,CAF,AFR,Africa,YEAR,2024,TOBACCO_INDICATOR,TOBACCO_INDICATOR_Rev_govt_total,,,,,,,. . .,,,,,2025-08-12T08:18:13Z,2024,2024-01-01,2024-12-31
734815,TOBACCO_MPOWER_R_TAXREVENUELATEST,COUNTRY,YEM,EMR,Eastern Mediterranean,YEAR,2024,TOBACCO_INDICATOR,TOBACCO_INDICATOR_Rev_type,,,,,,,Cigarettes only,,,,,2025-08-12T08:18:13Z,2024,2024-01-01,2024-12-31
735005,TOBACCO_MPOWER_R_TAXREVENUELATEST,COUNTRY,NGA,AFR,Africa,YEAR,2024,TOBACCO_INDICATOR,TOBACCO_INDICATOR_Rev_curr,,,,,,,NGN,,,,,2025-08-12T08:18:13Z,2024,2024-01-01,2024-12-31
738606,TOBACCO_MPOWER_R_TAXREVENUELATEST,COUNTRY,TZA,AFR,Africa,YEAR,2024,TOBACCO_INDICATOR,TOBACCO_INDICATOR_Rev_curr,,,,,,,TZS,,,,,2025-08-12T08:18:13Z,2024,2024-01-01,2024-12-31
747716,TOBACCO_MPOWER_R_TAXREVENUELATEST,COUNTRY,LBN,EMR,Eastern Mediterranean,YEAR,2024,TOBACCO_INDICATOR,TOBACCO_INDICATOR_Rev_govt_total,,,,,,,173 500 000 000,173500000000,,,,2025-08-12T08:18:13Z,2024,2024-01-01,2024-12-31
761220,TOBACCO_MPOWER_R_TAXREVENUELATEST,COUNTRY,SWE,EUR,Europe,YEAR,2024,TOBACCO_INDICATOR,TOBACCO_INDICATOR_Rev_type,,,,,,,All tobacco products,,,,,2025-08-12T15:04:57Z,2024,2024-01-01,2024-12-31
765390,TOBACCO_MPOWER_R_TAXREVENUELATEST,COUNTRY,ARE,EMR,Eastern Mediterranean,YEAR,2024,TOBACCO_INDICATOR,TOBACCO_INDICATOR_Rev_type,,,,,,,All tobacco products,,,,,2025-08-12T15:04:57Z,2024,2024-01-01,2024-12-31
767395,TOBACCO_MPOWER_R_TAXREVENUELATEST,COUNTRY,TUN,EMR,Eastern Mediterranean,YEAR,2024,TOBACCO_INDICATOR,TOBACCO_INDICATOR_Rev_excise,,,,,,,1 251 191 277,1251191277.01,,,,2025-08-12T15:04:57Z,2024,2024-01-01,2024-12-31
772871,TOBACCO_MPOWER_R_TAXREVENUELATEST,COUNTRY,IRL,EUR,Europe,YEAR,2024,TOBACCO_INDICATOR,TOBACCO_INDICATOR_Rev_type,,,,,,,All tobacco products,,,,,2025-08-12T15:04:57Z,2024,2024-01-01,2024-12-31
780271,TOBACCO_MPOWER_R_TAXREVENUELATEST,COUNTRY,RUS,EUR,Europe,YEAR,2024,TOBACCO_INDICATOR,TOBACCO_INDICATOR_Rev_type,,,,,,,All tobacco products,,,,,2025-08-12T15:04:57Z,2024,2024-01-01,2024-12-31
780620,TOBACCO_MPOWER_R_TAXREVENUELATEST,COUNTRY,MWI,AFR,Africa,YEAR,2024,TOBACCO_INDICATOR,TOBACCO_INDICATOR_Rev_excise,,,,,,,5 447 216 635,5447216634.599999,,,,2025-08-12T15:04:57Z,2024,2024-01-01,2024-12-31
781695,TOBACCO_MPOWER_R_TAXREVENUELATEST,COUNTRY,NIC,AMR,Americas,YEAR,2024,TOBACCO_INDICATOR,TOBACCO_INDICATOR_Rev_govt_total,,,,,,,. . .,,,,,2025-08-12T08:18:13Z,2024,2024-01-01,2024-12-31
783576,TOBACCO_MPOWER_R_TAXREVENUELATEST,COUNTRY,CIV,AFR,Africa,YEAR,2024,TOBACCO_INDICATOR,TOBACCO_INDICATOR_Rev_type,,,,,,,All tobacco products,,,,,2025-08-12T15:04:57Z,2024,2024-01-01,2024-12-31
788367,TOBACCO_MPOWER_R_TAXREVENUELATEST,COUNTRY,IRQ,EMR,Eastern Mediterranean,YEAR,2024,TOBACCO_INDICATOR,TOBACCO_INDICATOR_Rev_VAT,,,,,,,. . .,,,,,2025-08-12T08:18:13Z,2024,2024-01-01,2024-12-31
798589,TOBACCO_MPOWER_R_TAXREVENUELATEST,COUNTRY,FIN,EUR,Europe,YEAR,2024,TOBACCO_INDICATOR,TOBACCO_INDICATOR_Rev_year,,,,,,,2023,,,,,2025-08-12T15:04:57Z,2024,2024-01-01,2024-12-31
805717,TOBACCO_MPOWER_R_TAXREVENUELATEST,COUNTRY,KGZ,EUR,Europe,YEAR,2024,TOBACCO_INDICATOR,TOBACCO_INDICATOR_Rev_curr,,,,,,,KGS,,,,,2025-08-12T08:18:13Z,2024,2024-01-01,2024-12-31
806938,TOBACCO_MPOWER_R_TAXREVENUELATEST,COUNTRY,CRI,AMR,Americas,YEAR,2024,TOBACCO_INDICATOR,TOBACCO_INDICATOR_Rev_govt_total,,,,,,,59 508 384 361,59508384361,,,,2025-08-12T08:18:13Z,2024,2024-01-01,2024-12-31
817483,TOBACCO_MPOWER_R_TAXREVENUELATEST,COUNTRY,GAB,AFR,Africa,YEAR,2024,TOBACCO_INDICATOR,TOBACCO_INDICATOR_Rev_curr,,,,,,,XAF,,,,,2025-08-12T08:18:13Z,2024,2024-01-01,2024-12-31
818179,TOBACCO_MPOWER_R_TAXREVENUELATEST,COUNTRY,LSO,AFR,Africa,YEAR,2024,TOBACCO_INDICATOR,TOBACCO_INDICATOR_Rev_year,,,,,,,2017,,,,,2025-08-12T15:04:57Z,2024,2024-01-01,2024-12-31
818422,TOBACCO_MPOWER_R_TAXREVENUELATEST,COUNTRY,SMR,EUR,Europe,YEAR,2024,TOBACCO_INDICATOR,TOBACCO_INDICATOR_Rev_import,,,,,,,. . .,,,,,2025-08-12T08:18:13Z,2024,2024-01-01,2024-12-31
828489,TOBACCO_MPOWER_R_TAXREVENUELATEST,COUNTRY,ZAF,AFR,Africa,YEAR,2024,TOBACCO_INDICATOR,TOBACCO_INDICATOR_Rev_excise,,,,,,,8 662 716 000,8662716000,,,,2025-08-12T08:18:13Z,2024,2024-01-01,2024-12-31
832542,TOBACCO_MPOWER_R_TAXREVENUELATEST,COUNTRY,MAR,EMR,Eastern Mediterranean,YEAR,2024,TOBACCO_INDICATOR,TOBACCO_INDICATOR_Rev_excise,,,,,,,13 651 494 175,13651494175,,,,2025-08-12T08:18:13Z,2024,2024-01-01,2024-12-31
844728,TOBACCO_MPOWER_R_TAXREVENUELATEST,COUNTRY,NIC,AMR,Americas,YEAR,2024,TOBACCO_INDICATOR,TOBACCO_INDICATOR_Rev_VAT,,,,,,,. . .,,,,,2025-08-12T08:18:13Z,2024,2024-01-01,2024-12-31
848084,TOBACCO_MPOWER_R_TAXREVENUELATEST,COUNTRY,KAZ,EUR,Europe,YEAR,2024,TOBACCO_INDICATOR,TOBACCO_INDICATOR_Rev_govt_total,,,,,,,. . .,,,,,2025-08-12T08:18:13Z,2024,2024-01-01,2024-12-31
856594,TOBACCO_MPOWER_R_TAXREVENUELATEST,COUNTRY,MDA,EUR,Europe,YEAR,2024,TOBACCO_INDICATOR,TOBACCO_INDICATOR_Rev_import,,,,,,,. . .,,,,,2025-08-12T08:18:13Z,2024,2024-01-01,2024-12-31
866865,TOBACCO_MPOWER_R_TAXREVENUELATEST,COUNTRY,FJI,WPR,Western Pacific,YEAR,2024,TOBACCO_INDICATOR,TOBACCO_INDICATOR_Rev_excise,,,,,,,68 616 243,68616243,,,,2025-08-12T08:18:13Z,2024,2024-01-01,2024-12-31
870401,TOBACCO_MPOWER_R_TAXREVENUELATEST,COUNTRY,MCO,EUR,Europe,YEAR,2024,TOBACCO_INDICATOR,TOBACCO_INDICATOR_Rev_year,,,,,,,. . .,,,,,2025-08-12T08:18:13Z,2024,2024-01-01,2024-12-31
874966,TOBACCO_MPOWER_R_TAXREVENUELATEST,COUNTRY,PLW,WPR,Western Pacific,YEAR,2024,TOBACCO_INDICATOR,TOBACCO_INDICATOR_Rev_excise,,,,,,,7 224 854,7224854,,,,2025-08-12T08:18:13Z,2024,2024-01-01,2024-12-31
878511,TOBACCO_MPOWER_R_TAXREVENUELATEST,COUNTRY,TUR,EUR,Europe,YEAR,2024,TOBACCO_INDICATOR,TOBACCO_INDICATOR_Rev_import,,,,,,,. . .,,,,,2025-08-12T08:18:13Z,2024,2024-01-01,2024-12-31
883887,TOBACCO_MPOWER_R_TAXREVENUELATEST,COUNTRY,BWA,AFR,Africa,YEAR,2024,TOBACCO_INDICATOR,TOBACCO_INDICATOR_Rev_govt_total,,,,,,,47 267 374,47267374.2,,,,2025-08-12T08:18:13Z,2024,2024-01-01,2024-12-31
909167,TOBACCO_MPOWER_R_TAXREVENUELATEST,COUNTRY,PER,AMR,Americas,YEAR,2024,TOBACCO_INDICATOR,TOBACCO_INDICATOR_Rev_curr,,,,,,,PEN,,,,,2025-08-12T08:18:13Z,2024,2024-01-01,2024-12-31
916019,TOBACCO_MPOWER_R_TAXREVENUELATEST,COUNTRY,BGR,EUR,Europe,YEAR,2024,TOBACCO_INDICATOR,TOBACCO_INDICATOR_Rev_year,,,,,,,2023,,,,,2025-08-12T15:04:57Z,2024,2024-01-01,2024-12-31
924207,TOBACCO_MPOWER_R_TAXREVENUELATEST,COUNTRY,GNQ,AFR,Africa,YEAR,2024,TOBACCO_INDICATOR,TOBACCO_INDICATOR_Rev_VAT,,,,,,,. . .,,,,,2025-08-12T08:18:13Z,2024,2024-01-01,2024-12-31
927993,TOBACCO_MPOWER_R_TAXREVENUELATEST,COUNTRY,GBR,EUR,Europe,YEAR,2024,TOBACCO_INDICATOR,TOBACCO_INDICATOR_Rev_other,,,,,,,. . .,,,,,2025-08-12T08:18:13Z,2024,2024-01-01,2024-12-31
936478,TOBACCO_MPOWER_R_TAXREVENUELATEST,COUNTRY,HND,AMR,Americas,YEAR,2024,TOBACCO_INDICATOR,TOBACCO_INDICATOR_Rev_year,,,,,,,2019,,,,,2025-08-12T15:04:57Z,2024,2024-01-01,2024-12-31
938845,TOBACCO_MPOWER_R_TAXREVENUELATEST,COUNTRY,BTN,SEAR,South-East Asia,YEAR,2024,TOBACCO_INDICATOR,TOBACCO_INDICATOR_Rev_excise,,,,,,,506 560 000,506560000,,,,2025-08-12T08:18:13Z,2024,2024-01-01,2024-12-31
939531,TOBACCO_MPOWER_R_TAXREVENUELATEST,COUNTRY,MWI,AFR,Africa,YEAR,2024,TOBACCO_INDICATOR,TOBACCO_INDICATOR_Rev_VAT,,,,,,,1 380 307 714,1380307714,,,,2025-08-12T08:18:13Z,2024,2024-01-01,2024-12-31
940254,TOBACCO_MPOWER_R_TAXREVENUELATEST,COUNTRY,TTO,AMR,Americas,YEAR,2024,TOBACCO_INDICATOR,TOBACCO_INDICATOR_Rev_other,,,,,,,85 413 645,85413644.94,,,,2025-08-12T08:18:13Z,2024,2024-01-01,2024-12-31
941116,TOBACCO_MPOWER_R_TAXREVENUELATEST,COUNTRY,TUN,EMR,Eastern Mediterranean,YEAR,2024,TOBACCO_INDICATOR,TOBACCO_INDICATOR_Rev_other,,,,,,,465 397 281,465397280.58,,,,2025-08-12T15:04:57Z,2024,2024-01-01,2024-12-31
953177,TOBACCO_MPOWER_R_TAXREVENUELATEST,COUNTRY,GRC,EUR,Europe,YEAR,2024,TOBACCO_INDICATOR,TOBACCO_INDICATOR_Rev_excise,,,,,,,2 233 000 000,2233000000,,,,2025-08-12T08:18:13Z,2024,2024-01-01,2024-12-31
955622,TOBACCO_MPOWER_R_TAXREVENUELATEST,COUNTRY,TGO,AFR,Africa,YEAR,2024,TOBACCO_INDICATOR,TOBACCO_INDICATOR_Rev_govt_total,,,,,,,7 177 536 184,7177536184,,,,2025-08-12T08:18:13Z,2024,2024-01-01,2024-12-31
965033,TOBACCO_MPOWER_R_TAXREVENUELATEST,COUNTRY,BOL,AMR,Americas,YEAR,2024,TOBACCO_INDICATOR,TOBACCO_INDICATOR_Rev_curr,,,,,,,BOB,,,,,2025-08-12T08:18:13Z,2024,2024-01-01,2024-12-31
969273,TOBACCO_MPOWER_R_TAXREVENUELATEST,COUNTRY,VCT,AMR,Americas,YEAR,2024,TOBACCO_INDICATOR,TOBACCO_INDICATOR_Rev_VAT,,,,,,,478 490,478490.29,,,,2025-08-12T08:18:13Z,2024,2024-01-01,2024-12-31
971345,TOBACCO_MPOWER_R_TAXREVENUELATEST,COUNTRY,PER,AMR,Americas,YEAR,2024,TOBACCO_INDICATOR,TOBACCO_INDICATOR_Rev_type,,,,,,,All tobacco products,,,,,2025-08-12T15:04:57Z,2024,2024-01-01,2024-12-31
985301,TOBACCO_MPOWER_R_TAXREVENUELATEST,COUNTRY,JAM,AMR,Americas,YEAR,2024,TOBACCO_INDICATOR,TOBACCO_INDICATOR_Rev_type,,,,,,,Cigarettes only,,,,Data not validated by the national authorities.,2025-08-12T08:18:13Z,2024,2024-01-01,2024-12-31
998451,TOBACCO_MPOWER_R_TAXREVENUELATEST,COUNTRY,SSD,AFR,Africa,YEAR,2024,TOBACCO_INDICATOR,TOBACCO_INDICATOR_Rev_VAT,,,,,,,3 645 379 836,3645379836,,,,2025-08-12T08:18:13Z,2024,2024-01-01,2024-12-31
1019245,TOBACCO_MPOWER_R_TAXREVENUELATEST,COUNTRY,AUT,EUR,Europe,YEAR,2024,TOBACCO_INDICATOR,TOBACCO_INDICATOR_Rev_import,,,,,,,. . .,,,,,2025-08-12T08:18:13Z,2024,2024-01-01,2024-12-31
1020659,TOBACCO_MPOWER_R_TAXREVENUELATEST,COUNTRY,NAM,AFR,Africa,YEAR,2024,TOBACCO_INDICATOR,TOBACCO_INDICATOR_Rev_curr,,,,,,,NAD,,,,,2025-08-12T08:18:13Z,2024,2024-01-01,2024-12-31
1021169,TOBACCO_MPOWER_R_TAXREVENUELATEST,COUNTRY,MNE,EUR,Europe,YEAR,2024,TOBACCO_INDICATOR,TOBACCO_INDICATOR_Rev_type,,,,,,,All tobacco products,,,,,2025-08-12T15:04:57Z,2024,2024-01-01,2024-12-31
1023138,TOBACCO_MPOWER_R_TAXREVENUELATEST,COUNTRY,WSM,WPR,Western Pacific,YEAR,2024,TOBACCO_INDICATOR,TOBACCO_INDICATOR_Rev_import,,,,,,,. . .,,,,,2025-08-12T08:18:13Z,2024,2024-01-01,2024-12-31
1026636,TOBACCO_MPOWER_R_TAXREVENUELATEST,COUNTRY,USA,AMR,Americas,YEAR,2024,TOBACCO_INDICATOR,TOBACCO_INDICATOR_Rev_type,,,,,,,All tobacco products,,,,,2025-08-12T15:04:57Z,2024,2024-01-01,2024-12-31
1038670,TOBACCO_MPOWER_R_TAXREVENUELATEST,COUNTRY,IRN,EMR,Eastern Mediterranean,YEAR,2024,TOBACCO_INDICATOR,TOBACCO_INDICATOR_Rev_other,,,,,,,. . .,,,,,2025-08-12T08:18:13Z,2024,2024-01-01,2024-12-31
1050711,TOBACCO_MPOWER_R_TAXREVENUELATEST,COUNTRY,NAM,AFR,Africa,YEAR,2024,TOBACCO_INDICATOR,TOBACCO_INDICATOR_Rev_other,,,,,,,0,0,,,,2025-08-12T08:18:13Z,2024,2024-01-01,2024-12-31
1050849,TOBACCO_MPOWER_R_TAXREVENUELATEST,COUNTRY,GRC,EUR,Europe,YEAR,2024,TOBACCO_INDICATOR,TOBACCO_INDICATOR_Rev_other,,,,,,,. . .,,,,,2025-08-12T08:18:13Z,2024,2024-01-01,2024-12-31
1058393,TOBACCO_MPOWER_R_TAXREVENUELATEST,COUNTRY,MMR,SEAR,South-East Asia,YEAR,2024,TOBACCO_INDICATOR,TOBACCO_INDICATOR_Rev_type,,,,,,,All tobacco products,,,,,2025-08-12T15:04:57Z,2024,2024-01-01,2024-12-31
1072262,TOBACCO_MPOWER_R_TAXREVENUELATEST,COUNTRY,UKR,EUR,Europe,YEAR,2024,TOBACCO_INDICATOR,TOBACCO_INDICATOR_Rev_other,,,,,,,. . .,,,,,2025-08-12T08:18:13Z,2024,2024-01-01,2024-12-31
1073761,TOBACCO_MPOWER_R_TAXREVENUELATEST,COUNTRY,MAR,EMR,Eastern Mediterranean,YEAR,2024,TOBACCO_INDICATOR,TOBACCO_INDICATOR_Rev_other,,,,,,,. . .,,,,,2025-08-12T08:18:13Z,2024,2024-01-01,2024-12-31
1083088,TOBACCO_MPOWER_R_TAXREVENUELATEST,COUNTRY,PRY,AMR,Americas,YEAR,2024,TOBACCO_INDICATOR,TOBACCO_INDICATOR_Rev_import,,,,,,,8 410 187 819,8410187819.000001,,,,2025-08-12T08:18:13Z,2024,2024-01-01,2024-12-31
1085596,TOBACCO_MPOWER_R_TAXREVENUELATEST,COUNTRY,NRU,WPR,Western Pacific,YEAR,2024,TOBACCO_INDICATOR,TOBACCO_INDICATOR_Rev_type,,,,,,,All tobacco products,,,,,2025-08-12T15:04:57Z,2024,2024-01-01,2024-12-31
1090327,TOBACCO_MPOWER_R_TAXREVENUELATEST,COUNTRY,GAB,AFR,Africa,YEAR,2024,TOBACCO_INDICATOR,TOBACCO_INDICATOR_Rev_type,,,,,,,All tobacco products,,,,,2025-08-12T15:04:57Z,2024,2024-01-01,2024-12-31
1091662,TOBACCO_MPOWER_R_TAXREVENUELATEST,COUNTRY,BLR,EUR,Europe,YEAR,2024,TOBACCO_INDICATOR,TOBACCO_INDICATOR_Rev_type,,,,,,,All tobacco products,,,,,2025-08-12T15:04:57Z,2024,2024-01-01,2024-12-31
1093227,TOBACCO_MPOWER_R_TAXREVENUELATEST,COUNTRY,MMR,SEAR,South-East Asia,YEAR,2024,TOBACCO_INDICATOR,TOBACCO_INDICATOR_Rev_excise,,,,,,,103 970 317 000,103970317000,,,,2025-08-12T15:04:57Z,2024,2024-01-01,2024-12-31
1100496,TOBACCO_MPOWER_R_TAXREVENUELATEST,COUNTRY,BDI,AFR,Africa,YEAR,2024,TOBACCO_INDICATOR,TOBACCO_INDICATOR_Rev_govt_total,,,,,,,. . .,,,,,2025-08-12T08:18:13Z,2024,2024-01-01,2024-12-31
1101939,TOBACCO_MPOWER_R_TAXREVENUELATEST,COUNTRY,SVK,EUR,Europe,YEAR,2024,TOBACCO_INDICATOR,TOBACCO_INDICATOR_Rev_import,,,,,,,. . .,,,,,2025-08-12T08:18:13Z,2024,2024-01-01,2024-12-31
1105447,TOBACCO_MPOWER_R_TAXREVENUELATEST,COUNTRY,TJK,EUR,Europe,YEAR,2024,TOBACCO_INDICATOR,TOBACCO_INDICATOR_Rev_type,,,,,,,All tobacco products,,,,,2025-08-12T15:04:57Z,2024,2024-01-01,2024-12-31
1107260,TOBACCO_MPOWER_R_TAXREVENUELATEST,COUNTRY,SLB,WPR,Western Pacific,YEAR,2024,TOBACCO_INDICATOR,TOBACCO_INDICATOR_Rev_excise,,,,,,,109 120 994,109120994,,,,2025-08-12T08:18:13Z,2024,2024-01-01,2024-12-31
1110175,TOBACCO_MPOWER_R_TAXREVENUELATEST,COUNTRY,KNA,AMR,Americas,YEAR,2024,TOBACCO_INDICATOR,TOBACCO_INDICATOR_Rev_type,,,,,,,All tobacco products,,,,,2025-08-12T15:04:57Z,2024,2024-01-01,2024-12-31
1115163,TOBACCO_MPOWER_R_TAXREVENUELATEST,COUNTRY,AZE,EUR,Europe,YEAR,2024,TOBACCO_INDICATOR,TOBACCO_INDICATOR_Rev_curr,,,,,,,AZN,,,,,2025-08-12T08:18:13Z,2024,2024-01-01,2024-12-31
1120370,TOBACCO_MPOWER_R_TAXREVENUELATEST,COUNTRY,LKA,SEAR,South-East Asia,YEAR,2024,TOBACCO_INDICATOR,TOBACCO_INDICATOR_Rev_curr,,,,,,,LKR,,,,,2025-08-12T08:18:13Z,2024,2024-01-01,2024-12-31
1139346,TOBACCO_MPOWER_R_TAXREVENUELATEST,COUNTRY,FSM,WPR,Western Pacific,YEAR,2024,TOBACCO_INDICATOR,TOBACCO_INDICATOR_Rev_VAT,,,,,,,. . .,,,,,2025-08-12T08:18:13Z,2024,2024-01-01,2024-12-31
1139409,TOBACCO_MPOWER_R_TAXREVENUELATEST,COUNTRY,PNG,WPR,Western Pacific,YEAR,2024,TOBACCO_INDICATOR,TOBACCO_INDICATOR_Rev_VAT,,,,,,,. . .,,,,,2025-08-12T08:18:13Z,2024,2024-01-01,2024-12-31
1145470,TOBACCO_MPOWER_R_TAXREVENUELATEST,COUNTRY,STP,AFR,Africa,YEAR,2024,TOBACCO_INDICATOR,TOBACCO_INDICATOR_Rev_type,,,,,,,Cigarettes only,,,,,2025-08-12T08:18:13Z,2024,2024-01-01,2024-12-31
1146082,TOBACCO_MPOWER_R_TAXREVENUELATEST,COUNTRY,KIR,WPR,Western Pacific,YEAR,2024,TOBACCO_INDICATOR,TOBACCO_INDICATOR_Rev_import,,,,,,,. . .,,,,,2025-08-12T08:18:13Z,2024,2024-01-01,2024-12-31
1150519,TOBACCO_MPOWER_R_TAXREVENUELATEST,COUNTRY,HND,AMR,Americas,YEAR,2024,TOBACCO_INDICATOR,TOBACCO_INDICATOR_Rev_curr,,,,,,,HNL,,,,,2025-08-12T08:18:13Z,2024,2024-01-01,2024-12-31
1151903,TOBACCO_MPOWER_R_TAXREVENUELATEST,COUNTRY,SMR,EUR,Europe,YEAR,2024,TOBACCO_INDICATOR,TOBACCO_INDICATOR_Rev_curr,,,,,,,EUR,,,,,2025-08-12T08:18:13Z,2024,2024-01-01,2024-12-31
1158136,TOBACCO_MPOWER_R_TAXREVENUELATEST,COUNTRY,COG,AFR,Africa,YEAR,2024,TOBACCO_INDICATOR,TOBACCO_INDICATOR_Rev_govt_total,,,,,,,. . .,,,,,2025-08-12T08:18:13Z,2024,2024-01-01,2024-12-31
1158682,TOBACCO_MPOWER_R_TAXREVENUELATEST,COUNTRY,MEX,AMR,Americas,YEAR,2024,TOBACCO_INDICATOR,TOBACCO_INDICATOR_Rev_type,,,,,,,All tobacco products,,,,,2025-08-12T15:04:57Z,2024,2024-01-01,2024-12-31
1171918,TOBACCO_MPOWER_R_TAXREVENUELATEST,COUNTRY,ARE,EMR,Eastern Mediterranean,YEAR,2024,TOBACCO_INDICATOR,TOBACCO_INDICATOR_Rev_import,,,,,,,. . .,,,,,2025-08-12T08:18:13Z,2024,2024-01-01,2024-12-31
1178819,TOBACCO_MPOWER_R_TAXREVENUELATEST,COUNTRY,PSE,EMR,Eastern Mediterranean,YEAR,2024,TOBACCO_INDICATOR,TOBACCO_INDICATOR_Rev_other,,,,,,,0,0,,,,2025-08-12T08:18:13Z,2024,2024-01-01,2024-12-31
1179580,TOBACCO_MPOWER_R_TAXREVENUELATEST,COUNTRY,NIC,AMR,Americas,YEAR,2024,TOBACCO_INDICATOR,TOBACCO_INDICATOR_Rev_import,,,,,,,. . .,,,,,2025-08-12T08:18:13Z,2024,2024-01-01,2024-12-31
1180220,TOBACCO_MPOWER_R_TAXREVENUELATEST,COUNTRY,TUN,EMR,Eastern Mediterranean,YEAR,2024,TOBACCO_INDICATOR,TOBACCO_INDICATOR_Rev_import,,,,,,,52 891 661,52891660.61,,,,2025-08-12T08:18:13Z,2024,2024-01-01,2024-12-31
1187104,TOBACCO_MPOWER_R_TAXREVENUELATEST,COUNTRY,FRA,EUR,Europe,YEAR,2024,TOBACCO_INDICATOR,TOBACCO_INDICATOR_Rev_curr,,,,,,,EUR,,,,,2025-08-12T08:18:13Z,2024,2024-01-01,2024-12-31
1201874,TOBACCO_MPOWER_R_TAXREVENUELATEST,COUNTRY,CHE,EUR,Europe,YEAR,2024,TOBACCO_INDICATOR,TOBACCO_INDICATOR_Rev_govt_total,,,,,,,2 391 540 000,2391540000,,,,2025-08-12T08:18:13Z,2024,2024-01-01,2024-12-31
1206640,TOBACCO_MPOWER_R_TAXREVENUELATEST,COUNTRY,ZWE,AFR,Africa,YEAR,2024,TOBACCO_INDICATOR,TOBACCO_INDICATOR_Rev_curr,,,,,,,ZWL,,,,,2025-08-12T08:18:13Z,2024,2024-01-01,2024-12-31
1207390,TOBACCO_MPOWER_R_TAXREVENUELATEST,COUNTRY,TON,WPR,Western Pacific,YEAR,2024,TOBACCO_INDICATOR,TOBACCO_INDICATOR_Rev_govt_total,,,,,,,13 226 381,13226381,,,,2025-08-12T08:18:13Z,2024,2024-01-01,2024-12-31
1219030,TOBACCO_MPOWER_R_TAXREVENUELATEST,COUNTRY,MLT,EUR,Europe,YEAR,2024,TOBACCO_INDICATOR,TOBACCO_INDICATOR_Rev_VAT,,,,,,,. . .,,,,,2025-08-12T08:18:13Z,2024,2024-01-01,2024-12-31
1223021,TOBACCO_MPOWER_R_TAXREVENUELATEST,COUNTRY,BRB,AMR,Americas,YEAR,2024,TOBACCO_INDICATOR,TOBACCO_INDICATOR_Rev_import,,,,,,,. . .,,,,,2025-08-12T08:18:13Z,2024,2024-01-01,2024-12-31
1236090,TOBACCO_MPOWER_R_TAXREVENUELATEST,COUNTRY,LAO,WPR,Western Pacific,YEAR,2024,TOBACCO_INDICATOR,TOBACCO_INDICATOR_Rev_type,,,,,,,Cigarettes only,,,,,2025-08-12T08:18:13Z,2024,2024-01-01,2024-12-31
1245801,TOBACCO_MPOWER_R_TAXREVENUELATEST,COUNTRY,BFA,AFR,Africa,YEAR,2024,TOBACCO_INDICATOR,TOBACCO_INDICATOR_Rev_govt_total,,,,,,,31 969 937 353,31969937353,,,,2025-08-12T08:18:13Z,2024,2024-01-01,2024-12-31
1248849,TOBACCO_MPOWER_R_TAXREVENUELATEST,COUNTRY,IND,SEAR,South-East Asia,YEAR,2024,TOBACCO_INDICATOR,TOBACCO_INDICATOR_Rev_other,,,,,,,. . .,,,,,2025-08-12T08:18:13Z,2024,2024-01-01,2024-12-31
1252787,TOBACCO_MPOWER_R_TAXREVENUELATEST,COUNTRY,SMR,EUR,Europe,YEAR,2024,TOBACCO_INDICATOR,TOBACCO_INDICATOR_Rev_VAT,,,,,,,. . .,,,,,2025-08-12T08:18:13Z,2024,2024-01-01,2024-12-31
1278883,TOBACCO_MPOWER_R_TAXREVENUELATEST,COUNTRY,YEM,EMR,Eastern Mediterranean,YEAR,2024,TOBACCO_INDICATOR,TOBACCO_INDICATOR_Rev_VAT,,,,,,,. . .,,,,,2025-08-12T08:18:13Z,2024,2024-01-01,2024-12-31
1284061,TOBACCO_MPOWER_R_TAXREVENUELATEST,COUNTRY,NOR,EUR,Europe,YEAR,2024,TOBACCO_INDICATOR,TOBACCO_INDICATOR_Rev_import,,,,,,,. . .,,,,,2025-08-12T08:18:13Z,2024,2024-01-01,2024-12-31
1292085,TOBACCO_MPOWER_R_TAXREVENUELATEST,COUNTRY,EGY,EMR,Eastern Mediterranean,YEAR,2024,TOBACCO_INDICATOR,TOBACCO_INDICATOR_Rev_import,,,,,,,. . .,,,,,2025-08-12T08:18:13Z,2024,2024-01-01,2024-12-31
1293575,TOBACCO_MPOWER_R_TAXREVENUELATEST,COUNTRY,ERI,AFR,Africa,YEAR,2024,TOBACCO_INDICATOR,TOBACCO_INDICATOR_Rev_type,,,,,,,Cigarettes only,,,,,2025-08-12T08:18:13Z,2024,2024-01-01,2024-12-31
1297106,TOBACCO_MPOWER_R_TAXREVENUELATEST,COUNTRY,TCD,AFR,Africa,YEAR,2024,TOBACCO_INDICATOR,TOBACCO_INDICATOR_Rev_type,,,,,,,All tobacco products,,,,,2025-08-12T15:04:57Z,2024,2024-01-01,2024-12-31
1297572,TOBACCO_MPOWER_R_TAXREVENUELATEST,COUNTRY,IRN,EMR,Eastern Mediterranean,YEAR,2024,TOBACCO_INDICATOR,TOBACCO_INDICATOR_Rev_year,,,,,,,2024,,,,,2025-08-12T15:04:57Z,2024,2024-01-01,2024-12-31
1305542,TOBACCO_MPOWER_R_TAXREVENUELATEST,COUNTRY,MLI,AFR,Africa,YEAR,2024,TOBACCO_INDICATOR,TOBACCO_INDICATOR_Rev_curr,,,,,,,XOF,,,,,2025-08-12T08:18:13Z,2024,2024-01-01,2024-12-31
1316974,TOBACCO_MPOWER_R_TAXREVENUELATEST,COUNTRY,PLW,WPR,Western Pacific,YEAR,2024,TOBACCO_INDICATOR,TOBACCO_INDICATOR_Rev_VAT,,,,,,,837 745,837745,,,,2025-08-12T08:18:13Z,2024,2024-01-01,2024-12-31
1321543,TOBACCO_MPOWER_R_TAXREVENUELATEST,COUNTRY,MMR,SEAR,South-East Asia,YEAR,2024,TOBACCO_INDICATOR,TOBACCO_INDICATOR_Rev_other,,,,,,,. . .,,,,,2025-08-12T08:18:13Z,2024,2024-01-01,2024-12-31
1323252,TOBACCO_MPOWER_R_TAXREVENUELATEST,COUNTRY,NOR,EUR,Europe,YEAR,2024,TOBACCO_INDICATOR,TOBACCO_INDICATOR_Rev_VAT,,,,,,,. . .,,,,,2025-08-12T08:18:13Z,2024,2024-01-01,2024-12-31
1323766,TOBACCO_MPOWER_R_TAXREVENUELATEST,COUNTRY,TLS,SEAR,South-East Asia,YEAR,2024,TOBACCO_INDICATOR,TOBACCO_INDICATOR_Rev_type,,,,,,,All tobacco products,,,,,2025-08-12T15:04:57Z,2024,2024-01-01,2024-12-31
1332706,TOBACCO_MPOWER_R_TAXREVENUELATEST,COUNTRY,ARE,EMR,Eastern Mediterranean,YEAR,2024,TOBACCO_INDICATOR,TOBACCO_INDICATOR_Rev_VAT,,,,,,,. . .,,,,,2025-08-12T08:18:13Z,2024,2024-01-01,2024-12-31
1333142,TOBACCO_MPOWER_R_TAXREVENUELATEST,COUNTRY,MWI,AFR,Africa,YEAR,2024,TOBACCO_INDICATOR,TOBACCO_INDICATOR_Rev_import,,,,,,,36 356 377,36356377,,,,2025-08-12T08:18:13Z,2024,2024-01-01,2024-12-31
1343844,TOBACCO_MPOWER_R_TAXREVENUELATEST,COUNTRY,MWI,AFR,Africa,YEAR,2024,TOBACCO_INDICATOR,TOBACCO_INDICATOR_Rev_curr,,,,,,,MWK,,,,,2025-08-12T08:18:13Z,2024,2024-01-01,2024-12-31
1351126,TOBACCO_MPOWER_R_TAXREVENUELATEST,COUNTRY,TON,WPR,Western Pacific,YEAR,2024,TOBACCO_INDICATOR,TOBACCO_INDICATOR_Rev_type,,,,,,,All tobacco products,,,,,2025-08-12T15:04:57Z,2024,2024-01-01,2024-12-31
1356149,TOBACCO_MPOWER_R_TAXREVENUELATEST,COUNTRY,MDA,EUR,Europe,YEAR,2024,TOBACCO_INDICATOR,TOBACCO_INDICATOR_Rev_type,,,,,,,All tobacco products,,,,,2025-08-12T15:04:57Z,2024,2024-01-01,2024-12-31
1360405,TOBACCO_MPOWER_R_TAXREVENUELATEST,COUNTRY,BOL,AMR,Americas,YEAR,2024,TOBACCO_INDICATOR,TOBACCO_INDICATOR_Rev_VAT,,,,,,,45 040 586,45040586,,,,2025-08-12T08:18:13Z,2024,2024-01-01,2024-12-31
1361784,TOBACCO_MPOWER_R_TAXREVENUELATEST,COUNTRY,BRA,AMR,Americas,YEAR,2024,TOBACCO_INDICATOR,TOBACCO_INDICATOR_Rev_excise,,,,,,,2 681 900 000,2681900000,,,,2025-08-12T08:18:13Z,2024,2024-01-01,2024-12-31
1362892,TOBACCO_MPOWER_R_TAXREVENUELATEST,COUNTRY,KWT,EMR,Eastern Mediterranean,YEAR,2024,TOBACCO_INDICATOR,TOBACCO_INDICATOR_Rev_excise,,,,,,,—,,,,,2025-08-12T08:18:13Z,2024,2024-01-01,2024-12-31
1384372,TOBACCO_MPOWER_R_TAXREVENUELATEST,COUNTRY,POL,EUR,Europe,YEAR,2024,TOBACCO_INDICATOR,TOBACCO_INDICATOR_Rev_type,,,,,,,All tobacco products,,,,,2025-08-12T15:04:57Z,2024,2024-01-01,2024-12-31
1386371,TOBACCO_MPOWER_R_TAXREVENUELATEST,COUNTRY,SVN,EUR,Europe,YEAR,2024,TOBACCO_INDICATOR,TOBACCO_INDICATOR_Rev_type,,,,,,,All tobacco products,,,,,2025-08-12T15:04:57Z,2024,2024-01-01,2024-12-31
1386869,TOBACCO_MPOWER_R_TAXREVENUELATEST,COUNTRY,COD,AFR,Africa,YEAR,2024,TOBACCO_INDICATOR,TOBACCO_INDICATOR_Rev_other,,,,,,,. . .,,,,,2025-08-12T08:18:13Z,2024,2024-01-01,2024-12-31
1388916,TOBACCO_MPOWER_R_TAXREVENUELATEST,COUNTRY,ZMB,AFR,Africa,YEAR,2024,TOBACCO_INDICATOR,TOBACCO_INDICATOR_Rev_import,,,,,,,129 849,129849,,,,2025-08-12T08:18:13Z,2024,2024-01-01,2024-12-31
1390067,TOBACCO_MPOWER_R_TAXREVENUELATEST,COUNTRY,JAM,AMR,Americas,YEAR,2024,TOBACCO_INDICATOR,TOBACCO_INDICATOR_Rev_govt_total,,,,,,,7 875 795 789,7875795788.999999,,,Data not validated by the national authorities.,2025-08-12T08:18:13Z,2024,2024-01-01,2024-12-31
1394466,TOBACCO_MPOWER_R_TAXREVENUELATEST,COUNTRY,TUV,WPR,Western Pacific,YEAR,2024,TOBACCO_INDICATOR,TOBACCO_INDICATOR_Rev_govt_total,,,,,,,662 430,662430,,,,2025-08-12T08:18:13Z,2024,2024-01-01,2024-12-31
1395277,TOBACCO_MPOWER_R_TAXREVENUELATEST,COUNTRY,MKD,EUR,Europe,YEAR,2024,TOBACCO_INDICATOR,TOBACCO_INDICATOR_Rev_VAT,,,,,,,. . .,,,,,2025-08-12T08:18:13Z,2024,2024-01-01,2024-12-31
1399770,TOBACCO_MPOWER_R_TAXREVENUELATEST,COUNTRY,MYS,WPR,Western Pacific,YEAR,2024,TOBACCO_INDICATOR,TOBACCO_INDICATOR_Rev_curr,,,,,,,MYR,,,,,2025-08-12T08:18:13Z,2024,2024-01-01,2024-12-31
1399806,TOBACCO_MPOWER_R_TAXREVENUELATEST,COUNTRY,DOM,AMR,Americas,YEAR,2024,TOBACCO_INDICATOR,TOBACCO_INDICATOR_Rev_govt_total,,,,,,,. . .,,,,,2025-08-12T08:18:13Z,2024,2024-01-01,2024-12-31
1403137,TOBACCO_MPOWER_R_TAXREVENUELATEST,COUNTRY,COM,AFR,Africa,YEAR,2024,TOBACCO_INDICATOR,TOBACCO_INDICATOR_Rev_type,,,,,,,Cigarettes only,,,,,2025-08-12T08:18:13Z,2024,2024-01-01,2024-12-31
1408417,TOBACCO_MPOWER_R_TAXREVENUELATEST,COUNTRY,MDA,EUR,Europe,YEAR,2024,TOBACCO_INDICATOR,TOBACCO_INDICATOR_Rev_other,,,,,,,. . .,,,,,2025-08-12T08:18:13Z,2024,2024-01-01,2024-12-31
1408931,TOBACCO_MPOWER_R_TAXREVENUELATEST,COUNTRY,SLE,AFR,Africa,YEAR,2024,TOBACCO_INDICATOR,TOBACCO_INDICATOR_Rev_excise,,,,,,,39 028 240,39028240.32,,,,2025-08-12T08:18:13Z,2024,2024-01-01,2024-12-31
1439730,TOBACCO_MPOWER_R_TAXREVENUELATEST,COUNTRY,URY,AMR,Americas,YEAR,2024,TOBACCO_INDICATOR,TOBACCO_INDICATOR_Rev_type,,,,,,,All tobacco products,,,,,2025-08-12T15:04:57Z,2024,2024-01-01,2024-12-31
1448651,TOBACCO_MPOWER_R_TAXREVENUELATEST,COUNTRY,GRC,EUR,Europe,YEAR,2024,TOBACCO_INDICATOR,TOBACCO_INDICATOR_Rev_type,,,,,,,All tobacco products,,,,,2025-08-12T15:04:57Z,2024,2024-01-01,2024-12-31
1456368,TOBACCO_MPOWER_R_TAXREVENUELATEST,COUNTRY,NLD,EUR,Europe,YEAR,2024,TOBACCO_INDICATOR,TOBACCO_INDICATOR_Rev_year,,,,,,,2023,,,,,2025-08-12T15:04:57Z,2024,2024-01-01,2024-12-31
1463558,TOBACCO_MPOWER_R_TAXREVENUELATEST,COUNTRY,BRB,AMR,Americas,YEAR,2024,TOBACCO_INDICATOR,TOBACCO_INDICATOR_Rev_other,,,,,,,. . .,,,,,2025-08-12T08:18:13Z,2024,2024-01-01,2024-12-31
1466722,TOBACCO_MPOWER_R_TAXREVENUELATEST,COUNTRY,SLE,AFR,Africa,YEAR,2024,TOBACCO_INDICATOR,TOBACCO_INDICATOR_Rev_govt_total,,,,,,,123 914 663,123914663,,,,2025-08-12T08:18:13Z,2024,2024-01-01,2024-12-31
1468951,TOBACCO_MPOWER_R_TAXREVENUELATEST,COUNTRY,SWE,EUR,Europe,YEAR,2024,TOBACCO_INDICATOR,TOBACCO_INDICATOR_Rev_year,,,,,,,2023,,,,,2025-08-12T15:04:57Z,2024,2024-01-01,2024-12-31
1473535,TOBACCO_MPOWER_R_TAXREVENUELATEST,COUNTRY,AUS,WPR,Western Pacific,YEAR,2024,TOBACCO_INDICATOR,TOBACCO_INDICATOR_Rev_VAT,,,,,,,1 900 000 000,1900000000,,,,2025-08-12T08:18:13Z,2024,2024-01-01,2024-12-31
1479577,TOBACCO_MPOWER_R_TAXREVENUELATEST,COUNTRY,BRN,WPR,Western Pacific,YEAR,2024,TOBACCO_INDICATOR,TOBACCO_INDICATOR_Rev_curr,,,,,,,BND,,,,,2025-08-12T08:18:13Z,2024,2024-01-01,2024-12-31
1490024,TOBACCO_MPOWER_R_TAXREVENUELATEST,COUNTRY,TKM,EUR,Europe,YEAR,2024,TOBACCO_INDICATOR,TOBACCO_INDICATOR_Rev_import,,,,,,,. . .,,,,,2025-08-12T08:18:13Z,2024,2024-01-01,2024-12-31
1492871,TOBACCO_MPOWER_R_TAXREVENUELATEST,COUNTRY,ARM,EUR,Europe,YEAR,2024,TOBACCO_INDICATOR,TOBACCO_INDICATOR_Rev_VAT,,,,,,,12 648 969 548,12648969548,,,,2025-08-12T08:18:13Z,2024,2024-01-01,2024-12-31
1496270,TOBACCO_MPOWER_R_TAXREVENUELATEST,COUNTRY,PRY,AMR,Americas,YEAR,2024,TOBACCO_INDICATOR,TOBACCO_INDICATOR_Rev_excise,,,,,,,347 061 548 543,347061548543,,,,2025-08-12T15:04:57Z,2024,2024-01-01,2024-12-31
1521037,TOBACCO_MPOWER_R_TAXREVENUELATEST,COUNTRY,SMR,EUR,Europe,YEAR,2024,TOBACCO_INDICATOR,TOBACCO_INDICATOR_Rev_year,,,,,,,2012,,,,,2025-08-12T15:04:57Z,2024,2024-01-01,2024-12-31
1531977,TOBACCO_MPOWER_R_TAXREVENUELATEST,COUNTRY,AZE,EUR,Europe,YEAR,2024,TOBACCO_INDICATOR,TOBACCO_INDICATOR_Rev_govt_total,,,,,,,. . .,,,,,2025-08-12T08:18:13Z,2024,2024-01-01,2024-12-31
1536300,TOBACCO_MPOWER_R_TAXREVENUELATEST,COUNTRY,IDN,WPR,Western Pacific,YEAR,2024,TOBACCO_INDICATOR,TOBACCO_INDICATOR_Rev_type,,,,,,,Cigarettes only,,,,,2025-08-12T08:18:13Z,2024,2024-01-01,2024-12-31
1539481,TOBACCO_MPOWER_R_TAXREVENUELATEST,COUNTRY,CPV,AFR,Africa,YEAR,2024,TOBACCO_INDICATOR,TOBACCO_INDICATOR_Rev_curr,,,,,,,CVE,,,,,2025-08-12T08:18:13Z,2024,2024-01-01,2024-12-31
1550410,TOBACCO_MPOWER_R_TAXREVENUELATEST,COUNTRY,PRT,EUR,Europe,YEAR,2024,TOBACCO_INDICATOR,TOBACCO_INDICATOR_Rev_type,,,,,,,All tobacco products,,,,,2025-08-12T15:04:57Z,2024,2024-01-01,2024-12-31
1560080,TOBACCO_MPOWER_R_TAXREVENUELATEST,COUNTRY,MAR,EMR,Eastern Mediterranean,YEAR,2024,TOBACCO_INDICATOR,TOBACCO_INDICATOR_Rev_curr,,,,,,,MAD,,,,,2025-08-12T08:18:13Z,2024,2024-01-01,2024-12-31
1561906,TOBACCO_MPOWER_R_TAXREVENUELATEST,COUNTRY,IDN,WPR,Western Pacific,YEAR,2024,TOBACCO_INDICATOR,TOBACCO_INDICATOR_Rev_govt_total,,,,,,,. . .,,,,,2025-08-12T08:18:13Z,2024,2024-01-01,2024-12-31
1570136,TOBACCO_MPOWER_R_TAXREVENUELATEST,COUNTRY,NLD,EUR,Europe,YEAR,2024,TOBACCO_INDICATOR,TOBACCO_INDICATOR_Rev_import,,,,,,,. . .,,,,,2025-08-12T08:18:13Z,2024,2024-01-01,2024-12-31
1578711,TOBACCO_MPOWER_R_TAXREVENUELATEST,COUNTRY,ETH,AFR,Africa,YEAR,2024,TOBACCO_INDICATOR,TOBACCO_INDICATOR_Rev_VAT,,,,,,,561 703 105,561703104.91,,,,2025-08-12T15:04:57Z,2024,2024-01-01,2024-12-31
1589974,TOBACCO_MPOWER_R_TAXREVENUELATEST,COUNTRY,HUN,EUR,Europe,YEAR,2024,TOBACCO_INDICATOR,TOBACCO_INDICATOR_Rev_other,,,,,,,. . .,,,,,2025-08-12T08:18:13Z,2024,2024-01-01,2024-12-31
1596087,TOBACCO_MPOWER_R_TAXREVENUELATEST,COUNTRY,NLD,EUR,Europe,YEAR,2024,TOBACCO_INDICATOR,TOBACCO_INDICATOR_Rev_type,,,,,,,All tobacco products,,,,,2025-08-12T15:04:57Z,2024,2024-01-01,2024-12-31
1607618,TOBACCO_MPOWER_R_TAXREVENUELATEST,COUNTRY,HUN,EUR,Europe,YEAR,2024,TOBACCO_INDICATOR,TOBACCO_INDICATOR_Rev_VAT,,,,,,,175 088 386 091,175088386091,,,,2025-08-12T15:04:57Z,2024,2024-01-01,2024-12-31
1643782,TOBACCO_MPOWER_R_TAXREVENUELATEST,COUNTRY,SWZ,AFR,Africa,YEAR,2024,TOBACCO_INDICATOR,TOBACCO_INDICATOR_Rev_other,,,,,,,5 658 639,5658639,,,,2025-08-12T08:18:13Z,2024,2024-01-01,2024-12-31
1647822,TOBACCO_MPOWER_R_TAXREVENUELATEST,COUNTRY,PAN,AMR,Americas,YEAR,2024,TOBACCO_INDICATOR,TOBACCO_INDICATOR_Rev_VAT,,,,,,,2 711 508,2711507.62,,,,2025-08-12T08:18:13Z,2024,2024-01-01,2024-12-31
1654527,TOBACCO_MPOWER_R_TAXREVENUELATEST,COUNTRY,COG,AFR,Africa,YEAR,2024,TOBACCO_INDICATOR,TOBACCO_INDICATOR_Rev_year,,,,,,,2023,,,,,2025-08-12T15:04:57Z,2024,2024-01-01,2024-12-31
1655687,TOBACCO_MPOWER_R_TAXREVENUELATEST,COUNTRY,IRN,EMR,Eastern Mediterranean,YEAR,2024,TOBACCO_INDICATOR,TOBACCO_INDICATOR_Rev_VAT,,,,,,,. . .,,,,,2025-08-12T08:18:13Z,2024,2024-01-01,2024-12-31
1660291,TOBACCO_MPOWER_R_TAXREVENUELATEST,COUNTRY,KGZ,EUR,Europe,YEAR,2024,TOBACCO_INDICATOR,TOBACCO_INDICATOR_Rev_year,,,,,,,2019,,,,,2025-08-12T15:04:57Z,2024,2024-01-01,2024-12-31
1660732,TOBACCO_MPOWER_R_TAXREVENUELATEST,COUNTRY,AUS,WPR,Western Pacific,YEAR,2024,TOBACCO_INDICATOR,TOBACCO_INDICATOR_Rev_other,,,,,,,. . .,,,,,2025-08-12T08:18:13Z,2024,2024-01-01,2024-12-31
1677370,TOBACCO_MPOWER_R_TAXREVENUELATEST,COUNTRY,BRN,WPR,Western Pacific,YEAR,2024,TOBACCO_INDICATOR,TOBACCO_INDICATOR_Rev_excise,,,,,,,141 968,141968,,,,2025-08-12T08:18:13Z,2024,2024-01-01,2024-12-31
1683173,TOBACCO_MPOWER_R_TAXREVENUELATEST,COUNTRY,TJK,EUR,Europe,YEAR,2024,TOBACCO_INDICATOR,TOBACCO_INDICATOR_Rev_VAT,,,,,,,. . .,,,,,2025-08-12T08:18:13Z,2024,2024-01-01,2024-12-31
1697834,TOBACCO_MPOWER_R_TAXREVENUELATEST,COUNTRY,BGR,EUR,Europe,YEAR,2024,TOBACCO_INDICATOR,TOBACCO_INDICATOR_Rev_VAT,,,,,,,. . .,,,,,2025-08-12T08:18:13Z,2024,2024-01-01,2024-12-31
1702557,TOBACCO_MPOWER_R_TAXREVENUELATEST,COUNTRY,GMB,AFR,Africa,YEAR,2024,TOBACCO_INDICATOR,TOBACCO_INDICATOR_Rev_type,,,,,,,All tobacco products,,,,,2025-08-12T15:04:57Z,2024,2024-01-01,2024-12-31
1702564,TOBACCO_MPOWER_R_TAXREVENUELATEST,COUNTRY,AUS,WPR,Western Pacific,YEAR,2024,TOBACCO_INDICATOR,TOBACCO_INDICATOR_Rev_curr,,,,,,,AUD,,,,,2025-08-12T08:18:13Z,2024,2024-01-01,2024-12-31
1707887,TOBACCO_MPOWER_R_TAXREVENUELATEST,COUNTRY,LSO,AFR,Africa,YEAR,2024,TOBACCO_INDICATOR,TOBACCO_INDICATOR_Rev_govt_total,,,,,,,. . .,,,,,2025-08-12T08:18:13Z,2024,2024-01-01,2024-12-31
1709604,TOBACCO_MPOWER_R_TAXREVENUELATEST,COUNTRY,THA,SEAR,South-East Asia,YEAR,2024,TOBACCO_INDICATOR,TOBACCO_INDICATOR_Rev_govt_total,,,,,,,. . .,,,,,2025-08-12T08:18:13Z,2024,2024-01-01,2024-12-31
1734883,TOBACCO_MPOWER_R_TAXREVENUELATEST,COUNTRY,SWZ,AFR,Africa,YEAR,2024,TOBACCO_INDICATOR,TOBACCO_INDICATOR_Rev_excise,,,,,,,7033,7033,,,,2025-08-12T08:18:13Z,2024,2024-01-01,2024-12-31
1751466,TOBACCO_MPOWER_R_TAXREVENUELATEST,COUNTRY,VEN,AMR,Americas,YEAR,2024,TOBACCO_INDICATOR,TOBACCO_INDICATOR_Rev_year,,,,,,,2021,,,,Data not validated by the national authorities.,2025-08-12T15:04:57Z,2024,2024-01-01,2024-12-31
1755391,TOBACCO_MPOWER_R_TAXREVENUELATEST,COUNTRY,BRB,AMR,Americas,YEAR,2024,TOBACCO_INDICATOR,TOBACCO_INDICATOR_Rev_VAT,,,,,,,. . .,,,,,2025-08-12T08:18:13Z,2024,2024-01-01,2024-12-31
1757678,TOBACCO_MPOWER_R_TAXREVENUELATEST,COUNTRY,STP,AFR,Africa,YEAR,2024,TOBACCO_INDICATOR,TOBACCO_INDICATOR_Rev_excise,,,,,,,. . .,,,,,2025-08-12T08:18:13Z,2024,2024-01-01,2024-12-31
1769600,TOBACCO_MPOWER_R_TAXREVENUELATEST,COUNTRY,SWZ,AFR,Africa,YEAR,2024,TOBACCO_INDICATOR,TOBACCO_INDICATOR_Rev_year,,,,,,,2023,,,,,2025-08-12T15:04:57Z,2024,2024-01-01,2024-12-31
1772931,TOBACCO_MPOWER_R_TAXREVENUELATEST,COUNTRY,UZB,EUR,Europe,YEAR,2024,TOBACCO_INDICATOR,TOBACCO_INDICATOR_Rev_type,,,,,,,Cigarettes only,,,,,2025-08-12T08:18:13Z,2024,2024-01-01,2024-12-31
1778543,TOBACCO_MPOWER_R_TAXREVENUELATEST,COUNTRY,SLB,WPR,Western Pacific,YEAR,2024,TOBACCO_INDICATOR,TOBACCO_INDICATOR_Rev_VAT,,,,,,,. . .,,,,,2025-08-12T08:18:13Z,2024,2024-01-01,2024-12-31
1783128,TOBACCO_MPOWER_R_TAXREVENUELATEST,COUNTRY,UGA,AFR,Africa,YEAR,2024,TOBACCO_INDICATOR,TOBACCO_INDICATOR_Rev_excise,,,,,,,19 540 000 000,19540000000,,,,2025-08-12T08:18:13Z,2024,2024-01-01,2024-12-31
1785635,TOBACCO_MPOWER_R_TAXREVENUELATEST,COUNTRY,QAT,EMR,Eastern Mediterranean,YEAR,2024,TOBACCO_INDICATOR,TOBACCO_INDICATOR_Rev_excise,,,,,,,771 442 850,771442850,,,,2025-08-12T08:18:13Z,2024,2024-01-01,2024-12-31
1799823,TOBACCO_MPOWER_R_TAXREVENUELATEST,COUNTRY,DZA,AFR,Africa,YEAR,2024,TOBACCO_INDICATOR,TOBACCO_INDICATOR_Rev_year,,,,,,,2023,,,,,2025-08-12T15:04:57Z,2024,2024-01-01,2024-12-31
1803686,TOBACCO_MPOWER_R_TAXREVENUELATEST,COUNTRY,AUT,EUR,Europe,YEAR,2024,TOBACCO_INDICATOR,TOBACCO_INDICATOR_Rev_type,,,,,,,All tobacco products,,,,,2025-08-12T15:04:57Z,2024,2024-01-01,2024-12-31
1806059,TOBACCO_MPOWER_R_TAXREVENUELATEST,COUNTRY,TCD,AFR,Africa,YEAR,2024,TOBACCO_INDICATOR,TOBACCO_INDICATOR_Rev_excise,,,,,,,4 772 438 290,4772438290,,,,2025-08-12T08:18:13Z,2024,2024-01-01,2024-12-31
1819585,TOBACCO_MPOWER_R_TAXREVENUELATEST,COUNTRY,IRN,EMR,Eastern Mediterranean,YEAR,2024,TOBACCO_INDICATOR,TOBACCO_INDICATOR_Rev_type,,,,,,,All tobacco products,,,,,2025-08-12T15:04:57Z,2024,2024-01-01,2024-12-31
1823548,TOBACCO_MPOWER_R_TAXREVENUELATEST,COUNTRY,PHL,WPR,Western Pacific,YEAR,2024,TOBACCO_INDICATOR,TOBACCO_INDICATOR_Rev_govt_total,,,,,,,. . .,,,,,2025-08-12T08:18:13Z,2024,2024-01-01,2024-12-31
1824880,TOBACCO_MPOWER_R_TAXREVENUELATEST,COUNTRY,GHA,AFR,Africa,YEAR,2024,TOBACCO_INDICATOR,TOBACCO_INDICATOR_Rev_import,,,,,,,6 382 887,6382886.93,,,,2025-08-12T08:18:13Z,2024,2024-01-01,2024-12-31
1839686,TOBACCO_MPOWER_R_TAXREVENUELATEST,COUNTRY,STP,AFR,Africa,YEAR,2024,TOBACCO_INDICATOR,TOBACCO_INDICATOR_Rev_VAT,,,,,,,. . .,,,,,2025-08-12T08:18:13Z,2024,2024-01-01,2024-12-31
1844622,TOBACCO_MPOWER_R_TAXREVENUELATEST,COUNTRY,BFA,AFR,Africa,YEAR,2024,TOBACCO_INDICATOR,TOBACCO_INDICATOR_Rev_excise,,,,,,,24 779 543 520,24779543520,,,,2025-08-12T08:18:13Z,2024,2024-01-01,2024-12-31
1847982,TOBACCO_MPOWER_R_TAXREVENUELATEST,COUNTRY,ZAF,AFR,Africa,YEAR,2024,TOBACCO_INDICATOR,TOBACCO_INDICATOR_Rev_other,,,,,,,0,0,,,,2025-08-12T08:18:13Z,2024,2024-01-01,2024-12-31
1851303,TOBACCO_MPOWER_R_TAXREVENUELATEST,COUNTRY,PNG,WPR,Western Pacific,YEAR,2024,TOBACCO_INDICATOR,TOBACCO_INDICATOR_Rev_import,,,,,,,. . .,,,,,2025-08-12T08:18:13Z,2024,2024-01-01,2024-12-31
1868570,TOBACCO_MPOWER_R_TAXREVENUELATEST,COUNTRY,SVN,EUR,Europe,YEAR,2024,TOBACCO_INDICATOR,TOBACCO_INDICATOR_Rev_curr,,,,,,,EUR,,,,,2025-08-12T08:18:13Z,2024,2024-01-01,2024-12-31
1869254,TOBACCO_MPOWER_R_TAXREVENUELATEST,COUNTRY,GAB,AFR,Africa,YEAR,2024,TOBACCO_INDICATOR,TOBACCO_INDICATOR_Rev_year,,,,,,,2022,,,,,2025-08-12T15:04:57Z,2024,2024-01-01,2024-12-31
1874367,TOBACCO_MPOWER_R_TAXREVENUELATEST,COUNTRY,JPN,WPR,Western Pacific,YEAR,2024,TOBACCO_INDICATOR,TOBACCO_INDICATOR_Rev_curr,,,,,,,JPY,,,,,2025-08-12T08:18:13Z,2024,2024-01-01,2024-12-31
1901225,TOBACCO_MPOWER_R_TAXREVENUELATEST,COUNTRY,MDV,SEAR,South-East Asia,YEAR,2024,TOBACCO_INDICATOR,TOBACCO_INDICATOR_Rev_excise,,,,,,,. . .,,,,,2025-08-12T08:18:13Z,2024,2024-01-01,2024-12-31
1904221,TOBACCO_MPOWER_R_TAXREVENUELATEST,COUNTRY,KAZ,EUR,Europe,YEAR,2024,TOBACCO_INDICATOR,TOBACCO_INDICATOR_Rev_VAT,,,,,,,. . .,,,,,2025-08-12T08:18:13Z,2024,2024-01-01,2024-12-31
1905961,TOBACCO_MPOWER_R_TAXREVENUELATEST,COUNTRY,SRB,EUR,Europe,YEAR,2024,TOBACCO_INDICATOR,TOBACCO_INDICATOR_Rev_VAT,,,,,,,16 222 945 752,16222945751.619999,,,,2025-08-12T15:04:57Z,2024,2024-01-01,2024-12-31
1908106,TOBACCO_MPOWER_R_TAXREVENUELATEST,COUNTRY,MAR,EMR,Eastern Mediterranean,YEAR,2024,TOBACCO_INDICATOR,TOBACCO_INDICATOR_Rev_VAT,,,,,,,2 009 312 121,2009312121,,,,2025-08-12T08:18:13Z,2024,2024-01-01,2024-12-31
1914936,TOBACCO_MPOWER_R_TAXREVENUELATEST,COUNTRY,NRU,WPR,Western Pacific,YEAR,2024,TOBACCO_INDICATOR,TOBACCO_INDICATOR_Rev_curr,,,,,,,AUD,,,,,2025-08-12T08:18:13Z,2024,2024-01-01,2024-12-31
1925523,TOBACCO_MPOWER_R_TAXREVENUELATEST,COUNTRY,BEL,EUR,Europe,YEAR,2024,TOBACCO_INDICATOR,TOBACCO_INDICATOR_Rev_VAT,,,,,,,. . .,,,,,2025-08-12T08:18:13Z,2024,2024-01-01,2024-12-31
1928612,TOBACCO_MPOWER_R_TAXREVENUELATEST,COUNTRY,ITA,EUR,Europe,YEAR,2024,TOBACCO_INDICATOR,TOBACCO_INDICATOR_Rev_curr,,,,,,,EUR,,,,,2025-08-12T08:18:13Z,2024,2024-01-01,2024-12-31
1942813,TOBACCO_MPOWER_R_TAXREVENUELATEST,COUNTRY,CHL,AMR,Americas,YEAR,2024,TOBACCO_INDICATOR,TOBACCO_INDICATOR_Rev_VAT,,,,,,,323 067 598 145,323067598145,,,,2025-08-12T15:04:57Z,2024,2024-01-01,2024-12-31
1948030,TOBACCO_MPOWER_R_TAXREVENUELATEST,COUNTRY,LUX,EUR,Europe,YEAR,2024,TOBACCO_INDICATOR,TOBACCO_INDICATOR_Rev_import,,,,,,,. . .,,,,,2025-08-12T08:18:13Z,2024,2024-01-01,2024-12-31
1953059,TOBACCO_MPOWER_R_TAXREVENUELATEST,COUNTRY,MYS,WPR,Western Pacific,YEAR,2024,TOBACCO_INDICATOR,TOBACCO_INDICATOR_Rev_import,,,,,,,52 648 763,52648763,,,,2025-08-12T08:18:13Z,2024,2024-01-01,2024-12-31
1957323,TOBACCO_MPOWER_R_TAXREVENUELATEST,COUNTRY,ZWE,AFR,Africa,YEAR,2024,TOBACCO_INDICATOR,TOBACCO_INDICATOR_Rev_import,,,,,,,. . .,,,,,2025-08-12T08:18:13Z,2024,2024-01-01,2024-12-31
1965324,TOBACCO_MPOWER_R_TAXREVENUELATEST,COUNTRY,MLI,AFR,Africa,YEAR,2024,TOBACCO_INDICATOR,TOBACCO_INDICATOR_Rev_type,,,,,,,Cigarettes only,,,,,2025-08-12T08:18:13Z,2024,2024-01-01,2024-12-31
1968186,TOBACCO_MPOWER_R_TAXREVENUELATEST,COUNTRY,DNK,EUR,Europe,YEAR,2024,TOBACCO_INDICATOR,TOBACCO_INDICATOR_Rev_curr,,,,,,,EUR,,,,,2025-08-12T08:18:13Z,2024,2024-01-01,2024-12-31
1980033,TOBACCO_MPOWER_R_TAXREVENUELATEST,COUNTRY,DOM,AMR,Americas,YEAR,2024,TOBACCO_INDICATOR,TOBACCO_INDICATOR_Rev_other,,,,,,,. . .,,,,,2025-08-12T08:18:13Z,2024,2024-01-01,2024-12-31
1982840,TOBACCO_MPOWER_R_TAXREVENUELATEST,COUNTRY,CHN,WPR,Western Pacific,YEAR,2024,TOBACCO_INDICATOR,TOBACCO_INDICATOR_Rev_import,,,,,,,340 000 000,340000000,,,,2025-08-12T08:18:13Z,2024,2024-01-01,2024-12-31
1983390,TOBACCO_MPOWER_R_TAXREVENUELATEST,COUNTRY,PRK,SEAR,South-East Asia,YEAR,2024,TOBACCO_INDICATOR,TOBACCO_INDICATOR_Rev_year,,,,,,,. . .,,,,,2025-08-12T08:18:13Z,2024,2024-01-01,2024-12-31
1987684,TOBACCO_MPOWER_R_TAXREVENUELATEST,COUNTRY,KOR,WPR,Western Pacific,YEAR,2024,TOBACCO_INDICATOR,TOBACCO_INDICATOR_Rev_import,,,,,,,2 200 000 000,2200000000,,,,2025-08-12T08:18:13Z,2024,2024-01-01,2024-12-31
1991307,TOBACCO_MPOWER_R_TAXREVENUELATEST,COUNTRY,ZWE,AFR,Africa,YEAR,2024,TOBACCO_INDICATOR,TOBACCO_INDICATOR_Rev_excise,,,,,,,54 056 743,54056742.92,,,,2025-08-12T08:18:13Z,2024,2024-01-01,2024-12-31
1995782,TOBACCO_MPOWER_R_TAXREVENUELATEST,COUNTRY,UKR,EUR,Europe,YEAR,2024,TOBACCO_INDICATOR,TOBACCO_INDICATOR_Rev_year,,,,,,,2021,,,,,2025-08-12T15:04:57Z,2024,2024-01-01,2024-12-31
1997281,TOBACCO_MPOWER_R_TAXREVENUELATEST,COUNTRY,TKM,EUR,Europe,YEAR,2024,TOBACCO_INDICATOR,TOBACCO_INDICATOR_Rev_excise,,,,,,,266 862 800,266862800,,,,2025-08-12T08:18:13Z,2024,2024-01-01,2024-12-31
2014013,TOBACCO_MPOWER_R_TAXREVENUELATEST,COUNTRY,CMR,AFR,Africa,YEAR,2024,TOBACCO_INDICATOR,TOBACCO_INDICATOR_Rev_other,,,,,,,946 143 918,946143918,,,,2025-08-12T08:18:13Z,2024,2024-01-01,2024-12-31
2015780,TOBACCO_MPOWER_R_TAXREVENUELATEST,COUNTRY,MOZ,AFR,Africa,YEAR,2024,TOBACCO_INDICATOR,TOBACCO_INDICATOR_Rev_govt_total,,,,,,,2 860 922 256,2860922256.19,,,,2025-08-12T15:04:57Z,2024,2024-01-01,2024-12-31
2018500,TOBACCO_MPOWER_R_TAXREVENUELATEST,COUNTRY,COM,AFR,Africa,YEAR,2024,TOBACCO_INDICATOR,TOBACCO_INDICATOR_Rev_excise,,,,,,,232 399 172,232399172,,,,2025-08-12T08:18:13Z,2024,2024-01-01,2024-12-31
2035388,TOBACCO_MPOWER_R_TAXREVENUELATEST,COUNTRY,DEU,EUR,Europe,YEAR,2024,TOBACCO_INDICATOR,TOBACCO_INDICATOR_Rev_excise,,,,,,,14 695 255 278,14695255278.000002,,,,2025-08-12T08:18:13Z,2024,2024-01-01,2024-12-31
2036358,TOBACCO_MPOWER_R_TAXREVENUELATEST,COUNTRY,NAM,AFR,Africa,YEAR,2024,TOBACCO_INDICATOR,TOBACCO_INDICATOR_Rev_excise,,,,,,,408 384,408384,,,,2025-08-12T08:18:13Z,2024,2024-01-01,2024-12-31
2047347,TOBACCO_MPOWER_R_TAXREVENUELATEST,COUNTRY,FIN,EUR,Europe,YEAR,2024,TOBACCO_INDICATOR,TOBACCO_INDICATOR_Rev_curr,,,,,,,EUR,,,,,2025-08-12T08:18:13Z,2024,2024-01-01,2024-12-31
2057486,TOBACCO_MPOWER_R_TAXREVENUELATEST,COUNTRY,PRY,AMR,Americas,YEAR,2024,TOBACCO_INDICATOR,TOBACCO_INDICATOR_Rev_year,,,,,,,2023,,,,,2025-08-12T15:04:57Z,2024,2024-01-01,2024-12-31
2084418,TOBACCO_MPOWER_R_TAXREVENUELATEST,COUNTRY,TUN,EMR,Eastern Mediterranean,YEAR,2024,TOBACCO_INDICATOR,TOBACCO_INDICATOR_Rev_govt_total,,,,,,,2 071 202 991,2071202991.22,,,,2025-08-12T15:04:57Z,2024,2024-01-01,2024-12-31
2092369,TOBACCO_MPOWER_R_TAXREVENUELATEST,COUNTRY,CHE,EUR,Europe,YEAR,2024,TOBACCO_INDICATOR,TOBACCO_INDICATOR_Rev_curr,,,,,,,CHF,,,,,2025-08-12T08:18:13Z,2024,2024-01-01,2024-12-31
2101185,TOBACCO_MPOWER_R_TAXREVENUELATEST,COUNTRY,BTN,SEAR,South-East Asia,YEAR,2024,TOBACCO_INDICATOR,TOBACCO_INDICATOR_Rev_curr,,,,,,,BTN,,,,,2025-08-12T08:18:13Z,2024,2024-01-01,2024-12-31
2102381,TOBACCO_MPOWER_R_TAXREVENUELATEST,COUNTRY,MEX,AMR,Americas,YEAR,2024,TOBACCO_INDICATOR,TOBACCO_INDICATOR_Rev_year,,,,,,,2023,,,,,2025-08-12T15:04:57Z,2024,2024-01-01,2024-12-31
2105439,TOBACCO_MPOWER_R_TAXREVENUELATEST,COUNTRY,KWT,EMR,Eastern Mediterranean,YEAR,2024,TOBACCO_INDICATOR,TOBACCO_INDICATOR_Rev_type,,,,,,,Cigarettes only,,,,,2025-08-12T08:18:13Z,2024,2024-01-01,2024-12-31
2109438,TOBACCO_MPOWER_R_TAXREVENUELATEST,COUNTRY,IDN,WPR,Western Pacific,YEAR,2024,TOBACCO_INDICATOR,TOBACCO_INDICATOR_Rev_excise,,,,,,,211 152 476 237 460,211152476237460,,,,2025-08-12T15:04:57Z,2024,2024-01-01,2024-12-31
2116094,TOBACCO_MPOWER_R_TAXREVENUELATEST,COUNTRY,MDG,AFR,Africa,YEAR,2024,TOBACCO_INDICATOR,TOBACCO_INDICATOR_Rev_curr,,,,,,,MGA,,,,,2025-08-12T08:18:13Z,2024,2024-01-01,2024-12-31
2119740,TOBACCO_MPOWER_R_TAXREVENUELATEST,COUNTRY,USA,AMR,Americas,YEAR,2024,TOBACCO_INDICATOR,TOBACCO_INDICATOR_Rev_year,,,,,,,2020/2021,,,,,2025-08-12T08:18:13Z,2024,2024-01-01,2024-12-31
2148148,TOBACCO_MPOWER_R_TAXREVENUELATEST,COUNTRY,URY,AMR,Americas,YEAR,2024,TOBACCO_INDICATOR,TOBACCO_INDICATOR_Rev_import,,,,,,,. . .,,,,,2025-08-12T08:18:13Z,2024,2024-01-01,2024-12-31
2156740,TOBACCO_MPOWER_R_TAXREVENUELATEST,COUNTRY,VEN,AMR,Americas,YEAR,2024,TOBACCO_INDICATOR,TOBACCO_INDICATOR_Rev_import,,,,,,,. . .,,,,,2025-08-12T08:18:13Z,2024,2024-01-01,2024-12-31
2159758,TOBACCO_MPOWER_R_TAXREVENUELATEST,COUNTRY,MNE,EUR,Europe,YEAR,2024,TOBACCO_INDICATOR,TOBACCO_INDICATOR_Rev_import,,,,,,,. . .,,,,,2025-08-12T08:18:13Z,2024,2024-01-01,2024-12-31
2160808,TOBACCO_MPOWER_R_TAXREVENUELATEST,COUNTRY,GRD,AMR,Americas,YEAR,2024,TOBACCO_INDICATOR,TOBACCO_INDICATOR_Rev_type,,,,,,,All tobacco products,,,,,2025-08-12T15:04:57Z,2024,2024-01-01,2024-12-31
2166341,TOBACCO_MPOWER_R_TAXREVENUELATEST,COUNTRY,CZE,EUR,Europe,YEAR,2024,TOBACCO_INDICATOR,TOBACCO_INDICATOR_Rev_year,,,,,,,2023,,,,,2025-08-12T15:04:57Z,2024,2024-01-01,2024-12-31
2168807,TOBACCO_MPOWER_R_TAXREVENUELATEST,COUNTRY,BRA,AMR,Americas,YEAR,2024,TOBACCO_INDICATOR,TOBACCO_INDICATOR_Rev_year,,,,,,,2023,,,,,2025-08-12T15:04:57Z,2024,2024-01-01,2024-12-31
2169973,TOBACCO_MPOWER_R_TAXREVENUELATEST,COUNTRY,GEO,EUR,Europe,YEAR,2024,TOBACCO_INDICATOR,TOBACCO_INDICATOR_Rev_type,,,,,,,All tobacco products,,,,,2025-08-12T15:04:57Z,2024,2024-01-01,2024-12-31
2172941,TOBACCO_MPOWER_R_TAXREVENUELATEST,COUNTRY,CHE,EUR,Europe,YEAR,2024,TOBACCO_INDICATOR,TOBACCO_INDICATOR_Rev_VAT,,,,,,,365 000 000,365000000,,,,2025-08-12T08:18:13Z,2024,2024-01-01,2024-12-31
2178349,TOBACCO_MPOWER_R_TAXREVENUELATEST,COUNTRY,NZL,WPR,Western Pacific,YEAR,2024,TOBACCO_INDICATOR,TOBACCO_INDICATOR_Rev_import,,,,,,,. . .,,,,,2025-08-12T08:18:13Z,2024,2024-01-01,2024-12-31
2189322,TOBACCO_MPOWER_R_TAXREVENUELATEST,COUNTRY,GTM,AMR,Americas,YEAR,2024,TOBACCO_INDICATOR,TOBACCO_INDICATOR_Rev_year,,,,,,,2021,,,,,2025-08-12T15:04:57Z,2024,2024-01-01,2024-12-31
2201165,TOBACCO_MPOWER_R_TAXREVENUELATEST,COUNTRY,GAB,AFR,Africa,YEAR,2024,TOBACCO_INDICATOR,TOBACCO_INDICATOR_Rev_excise,,,,,,,9 550 664 612,9550664612,,,,2025-08-12T08:18:13Z,2024,2024-01-01,2024-12-31
2206492,TOBACCO_MPOWER_R_TAXREVENUELATEST,COUNTRY,SGP,WPR,Western Pacific,YEAR,2024,TOBACCO_INDICATOR,TOBACCO_INDICATOR_Rev_govt_total,,,,,,,. . .,,,,,2025-08-12T08:18:13Z,2024,2024-01-01,2024-12-31
2210978,TOBACCO_MPOWER_R_TAXREVENUELATEST,COUNTRY,AUT,EUR,Europe,YEAR,2024,TOBACCO_INDICATOR,TOBACCO_INDICATOR_Rev_year,,,,,,,2023,,,,,2025-08-12T15:04:57Z,2024,2024-01-01,2024-12-31
2214576,TOBACCO_MPOWER_R_TAXREVENUELATEST,COUNTRY,SDN,EMR,Eastern Mediterranean,YEAR,2024,TOBACCO_INDICATOR,TOBACCO_INDICATOR_Rev_govt_total,,,,,,,11 658 075 181,11658075181,,,,2025-08-12T08:18:13Z,2024,2024-01-01,2024-12-31
2215315,TOBACCO_MPOWER_R_TAXREVENUELATEST,COUNTRY,IND,SEAR,South-East Asia,YEAR,2024,TOBACCO_INDICATOR,TOBACCO_INDICATOR_Rev_govt_total,,,,,,,. . .,,,,,2025-08-12T08:18:13Z,2024,2024-01-01,2024-12-31
2224285,TOBACCO_MPOWER_R_TAXREVENUELATEST,COUNTRY,MNG,WPR,Western Pacific,YEAR,2024,TOBACCO_INDICATOR,TOBACCO_INDICATOR_Rev_curr,,,,,,,MNT,,,,,2025-08-12T08:18:13Z,2024,2024-01-01,2024-12-31
2236826,TOBACCO_MPOWER_R_TAXREVENUELATEST,COUNTRY,MDV,SEAR,South-East Asia,YEAR,2024,TOBACCO_INDICATOR,TOBACCO_INDICATOR_Rev_other,,,,,,,. . .,,,,,2025-08-12T08:18:13Z,2024,2024-01-01,2024-12-31
2238392,TOBACCO_MPOWER_R_TAXREVENUELATEST,COUNTRY,LBY,EMR,Eastern Mediterranean,YEAR,2024,TOBACCO_INDICATOR,TOBACCO_INDICATOR_Rev_year,,,,,,,2020,,,,,2025-08-12T15:04:57Z,2024,2024-01-01,2024-12-31
2240806,TOBACCO_MPOWER_R_TAXREVENUELATEST,COUNTRY,URY,AMR,Americas,YEAR,2024,TOBACCO_INDICATOR,TOBACCO_INDICATOR_Rev_year,,,,,,,2022,,,,,2025-08-12T15:04:57Z,2024,2024-01-01,2024-12-31
2246344,TOBACCO_MPOWER_R_TAXREVENUELATEST,COUNTRY,BGD,SEAR,South-East Asia,YEAR,2024,TOBACCO_INDICATOR,TOBACCO_INDICATOR_Rev_excise,,,,,,,311 810 598 000,311810598000,,,,2025-08-12T15:04:57Z,2024,2024-01-01,2024-12-31
2247387,TOBACCO_MPOWER_R_TAXREVENUELATEST,COUNTRY,KIR,WPR,Western Pacific,YEAR,2024,TOBACCO_INDICATOR,TOBACCO_INDICATOR_Rev_VAT,,,,,,,181 078,181078.48,,,,2025-08-12T08:18:13Z,2024,2024-01-01,2024-12-31
2260298,TOBACCO_MPOWER_R_TAXREVENUELATEST,COUNTRY,SOM,EMR,Eastern Mediterranean,YEAR,2024,TOBACCO_INDICATOR,TOBACCO_INDICATOR_Rev_VAT,,,,,,,757 815,757815,,,,2025-08-12T08:18:13Z,2024,2024-01-01,2024-12-31
2264117,TOBACCO_MPOWER_R_TAXREVENUELATEST,COUNTRY,PRT,EUR,Europe,YEAR,2024,TOBACCO_INDICATOR,TOBACCO_INDICATOR_Rev_import,,,,,,,. . .,,,,,2025-08-12T08:18:13Z,2024,2024-01-01,2024-12-31
2266221,TOBACCO_MPOWER_R_TAXREVENUELATEST,COUNTRY,UZB,EUR,Europe,YEAR,2024,TOBACCO_INDICATOR,TOBACCO_INDICATOR_Rev_excise,,,,,,,1 929 374 000,1929374000,,,,2025-08-12T08:18:13Z,2024,2024-01-01,2024-12-31
2281362,TOBACCO_MPOWER_R_TAXREVENUELATEST,COUNTRY,FJI,WPR,Western Pacific,YEAR,2024,TOBACCO_INDICATOR,TOBACCO_INDICATOR_Rev_VAT,,,,,,,362 874,362874,,,,2025-08-12T08:18:13Z,2024,2024-01-01,2024-12-31
2282798,TOBACCO_MPOWER_R_TAXREVENUELATEST,COUNTRY,ALB,EUR,Europe,YEAR,2024,TOBACCO_INDICATOR,TOBACCO_INDICATOR_Rev_govt_total,,,,,,,28 878 000 000,28878000000,,,,2025-08-12T08:18:13Z,2024,2024-01-01,2024-12-31
2286907,TOBACCO_MPOWER_R_TAXREVENUELATEST,COUNTRY,AUS,WPR,Western Pacific,YEAR,2024,TOBACCO_INDICATOR,TOBACCO_INDICATOR_Rev_import,,,,,,,. . .,,,,,2025-08-12T08:18:13Z,2024,2024-01-01,2024-12-31
2301867,TOBACCO_MPOWER_R_TAXREVENUELATEST,COUNTRY,HUN,EUR,Europe,YEAR,2024,TOBACCO_INDICATOR,TOBACCO_INDICATOR_Rev_year,,,,,,,2020,,,,,2025-08-12T15:04:57Z,2024,2024-01-01,2024-12-31
2302273,TOBACCO_MPOWER_R_TAXREVENUELATEST,COUNTRY,FIN,EUR,Europe,YEAR,2024,TOBACCO_INDICATOR,TOBACCO_INDICATOR_Rev_VAT,,,,,,,. . .,,,,,2025-08-12T08:18:13Z,2024,2024-01-01,2024-12-31
2307496,TOBACCO_MPOWER_R_TAXREVENUELATEST,COUNTRY,KOR,WPR,Western Pacific,YEAR,2024,TOBACCO_INDICATOR,TOBACCO_INDICATOR_Rev_excise,,,,,,,10 472 700 000 000,10472700000000,,,,2025-08-12T15:04:57Z,2024,2024-01-01,2024-12-31
2313064,TOBACCO_MPOWER_R_TAXREVENUELATEST,COUNTRY,BFA,AFR,Africa,YEAR,2024,TOBACCO_INDICATOR,TOBACCO_INDICATOR_Rev_import,,,,,,,86 674 457,86674457,,,,2025-08-12T08:18:13Z,2024,2024-01-01,2024-12-31
2314945,TOBACCO_MPOWER_R_TAXREVENUELATEST,COUNTRY,BLR,EUR,Europe,YEAR,2024,TOBACCO_INDICATOR,TOBACCO_INDICATOR_Rev_excise,,,,,,,863 348 794,863348794.3,,,,2025-08-12T08:18:13Z,2024,2024-01-01,2024-12-31
2319853,TOBACCO_MPOWER_R_TAXREVENUELATEST,COUNTRY,FRA,EUR,Europe,YEAR,2024,TOBACCO_INDICATOR,TOBACCO_INDICATOR_Rev_other,,,,,,,. . .,,,,,2025-08-12T08:18:13Z,2024,2024-01-01,2024-12-31
2325360,TOBACCO_MPOWER_R_TAXREVENUELATEST,COUNTRY,LTU,EUR,Europe,YEAR,2024,TOBACCO_INDICATOR,TOBACCO_INDICATOR_Rev_govt_total,,,,,,,. . .,,,,,2025-08-12T08:18:13Z,2024,2024-01-01,2024-12-31
2328628,TOBACCO_MPOWER_R_TAXREVENUELATEST,COUNTRY,CPV,AFR,Africa,YEAR,2024,TOBACCO_INDICATOR,TOBACCO_INDICATOR_Rev_excise,,,,,,,567 823 152,567823152,,,,2025-08-12T08:18:13Z,2024,2024-01-01,2024-12-31
2329384,TOBACCO_MPOWER_R_TAXREVENUELATEST,COUNTRY,OMN,EMR,Eastern Mediterranean,YEAR,2024,TOBACCO_INDICATOR,TOBACCO_INDICATOR_Rev_type,,,,,,,Cigarettes only,,,,,2025-08-12T08:18:13Z,2024,2024-01-01,2024-12-31
2329412,TOBACCO_MPOWER_R_TAXREVENUELATEST,COUNTRY,ETH,AFR,Africa,YEAR,2024,TOBACCO_INDICATOR,TOBACCO_INDICATOR_Rev_other,,,,,,,19 005 008,19005008.07,,,,2025-08-12T08:18:13Z,2024,2024-01-01,2024-12-31
2336497,TOBACCO_MPOWER_R_TAXREVENUELATEST,COUNTRY,CIV,AFR,Africa,YEAR,2024,TOBACCO_INDICATOR,TOBACCO_INDICATOR_Rev_VAT,,,,,,,. . .,,,,,2025-08-12T08:18:13Z,2024,2024-01-01,2024-12-31
2344423,TOBACCO_MPOWER_R_TAXREVENUELATEST,COUNTRY,DZA,AFR,Africa,YEAR,2024,TOBACCO_INDICATOR,TOBACCO_INDICATOR_Rev_excise,,,,,,,74 776 505 172,74776505172,,,,2025-08-12T08:18:13Z,2024,2024-01-01,2024-12-31
2362836,TOBACCO_MPOWER_R_TAXREVENUELATEST,COUNTRY,LSO,AFR,Africa,YEAR,2024,TOBACCO_INDICATOR,TOBACCO_INDICATOR_Rev_type,,,,,,,Cigarettes only,,,,,2025-08-12T08:18:13Z,2024,2024-01-01,2024-12-31
2369249,TOBACCO_MPOWER_R_TAXREVENUELATEST,COUNTRY,BIH,EUR,Europe,YEAR,2024,TOBACCO_INDICATOR,TOBACCO_INDICATOR_Rev_year,,,,,,,2023,,,,,2025-08-12T15:04:57Z,2024,2024-01-01,2024-12-31
2370042,TOBACCO_MPOWER_R_TAXREVENUELATEST,COUNTRY,ITA,EUR,Europe,YEAR,2024,TOBACCO_INDICATOR,TOBACCO_INDICATOR_Rev_type,,,,,,,All tobacco products,,,,,2025-08-12T15:04:57Z,2024,2024-01-01,2024-12-31
2372495,TOBACCO_MPOWER_R_TAXREVENUELATEST,COUNTRY,SLB,WPR,Western Pacific,YEAR,2024,TOBACCO_INDICATOR,TOBACCO_INDICATOR_Rev_type,,,,,,,All tobacco products,,,,,2025-08-12T15:04:57Z,2024,2024-01-01,2024-12-31
2373486,TOBACCO_MPOWER_R_TAXREVENUELATEST,COUNTRY,CHE,EUR,Europe,YEAR,2024,TOBACCO_INDICATOR,TOBACCO_INDICATOR_Rev_year,,,,,,,2023,,,,,2025-08-12T15:04:57Z,2024,2024-01-01,2024-12-31
2380485,TOBACCO_MPOWER_R_TAXREVENUELATEST,COUNTRY,BGR,EUR,Europe,YEAR,2024,TOBACCO_INDICATOR,TOBACCO_INDICATOR_Rev_curr,,,,,,,EUR,,,,,2025-08-12T08:18:13Z,2024,2024-01-01,2024-12-31
2386687,TOBACCO_MPOWER_R_TAXREVENUELATEST,COUNTRY,SVN,EUR,Europe,YEAR,2024,TOBACCO_INDICATOR,TOBACCO_INDICATOR_Rev_other,,,,,,,. . .,,,,,2025-08-12T08:18:13Z,2024,2024-01-01,2024-12-31
2392939,TOBACCO_MPOWER_R_TAXREVENUELATEST,COUNTRY,SLV,AMR,Americas,YEAR,2024,TOBACCO_INDICATOR,TOBACCO_INDICATOR_Rev_other,,,,,,,0,0,,,,2025-08-12T08:18:13Z,2024,2024-01-01,2024-12-31
2397434,TOBACCO_MPOWER_R_TAXREVENUELATEST,COUNTRY,AUT,EUR,Europe,YEAR,2024,TOBACCO_INDICATOR,TOBACCO_INDICATOR_Rev_excise,,,,,,,2 111 465 700,2111465700,,,,2025-08-12T08:18:13Z,2024,2024-01-01,2024-12-31
2399136,TOBACCO_MPOWER_R_TAXREVENUELATEST,COUNTRY,AFG,EMR,Eastern Mediterranean,YEAR,2024,TOBACCO_INDICATOR,TOBACCO_INDICATOR_Rev_year,,,,,,,2017,,,,,2025-08-12T15:04:57Z,2024,2024-01-01,2024-12-31
2400310,TOBACCO_MPOWER_R_TAXREVENUELATEST,COUNTRY,TKM,EUR,Europe,YEAR,2024,TOBACCO_INDICATOR,TOBACCO_INDICATOR_Rev_curr,,,,,,,TMT,,,,,2025-08-12T08:18:13Z,2024,2024-01-01,2024-12-31
2402811,TOBACCO_MPOWER_R_TAXREVENUELATEST,COUNTRY,SLB,WPR,Western Pacific,YEAR,2024,TOBACCO_INDICATOR,TOBACCO_INDICATOR_Rev_year,,,,,,,2017,,,,,2025-08-12T15:04:57Z,2024,2024-01-01,2024-12-31
2415690,TOBACCO_MPOWER_R_TAXREVENUELATEST,COUNTRY,HRV,EUR,Europe,YEAR,2024,TOBACCO_INDICATOR,TOBACCO_INDICATOR_Rev_VAT,,,,,,,. . .,,,,,2025-08-12T08:18:13Z,2024,2024-01-01,2024-12-31
2421690,TOBACCO_MPOWER_R_TAXREVENUELATEST,COUNTRY,VUT,WPR,Western Pacific,YEAR,2024,TOBACCO_INDICATOR,TOBACCO_INDICATOR_Rev_excise,,,,,,,1 359 628 650,1359628650,,,,2025-08-12T08:18:13Z,2024,2024-01-01,2024-12-31
2425504,TOBACCO_MPOWER_R_TAXREVENUELATEST,COUNTRY,CAN,AMR,Americas,YEAR,2024,TOBACCO_INDICATOR,TOBACCO_INDICATOR_Rev_year,,,,,,,2023,,,,,2025-08-12T15:04:57Z,2024,2024-01-01,2024-12-31
2431962,TOBACCO_MPOWER_R_TAXREVENUELATEST,COUNTRY,MRT,AFR,Africa,YEAR,2024,TOBACCO_INDICATOR,TOBACCO_INDICATOR_Rev_year,,,,,,,2020,,,,,2025-08-12T15:04:57Z,2024,2024-01-01,2024-12-31
2439420,TOBACCO_MPOWER_R_TAXREVENUELATEST,COUNTRY,TZA,AFR,Africa,YEAR,2024,TOBACCO_INDICATOR,TOBACCO_INDICATOR_Rev_VAT,,,,,,,77 539 028 480,77539028480,,,,2025-08-12T08:18:13Z,2024,2024-01-01,2024-12-31
2443448,TOBACCO_MPOWER_R_TAXREVENUELATEST,COUNTRY,LAO,WPR,Western Pacific,YEAR,2024,TOBACCO_INDICATOR,TOBACCO_INDICATOR_Rev_import,,,,,,,. . .,,,,,2025-08-12T08:18:13Z,2024,2024-01-01,2024-12-31
2452974,TOBACCO_MPOWER_R_TAXREVENUELATEST,COUNTRY,MRT,AFR,Africa,YEAR,2024,TOBACCO_INDICATOR,TOBACCO_INDICATOR_Rev_govt_total,,,,,,,. . .,,,,,2025-08-12T08:18:13Z,2024,2024-01-01,2024-12-31
2464243,TOBACCO_MPOWER_R_TAXREVENUELATEST,COUNTRY,KWT,EMR,Eastern Mediterranean,YEAR,2024,TOBACCO_INDICATOR,TOBACCO_INDICATOR_Rev_year,,,,,,,2019,,,,,2025-08-12T15:04:57Z,2024,2024-01-01,2024-12-31
2465160,TOBACCO_MPOWER_R_TAXREVENUELATEST,COUNTRY,DJI,EMR,Eastern Mediterranean,YEAR,2024,TOBACCO_INDICATOR,TOBACCO_INDICATOR_Rev_VAT,,,,,,,28 774 174,28774174,,,,2025-08-12T08:18:13Z,2024,2024-01-01,2024-12-31
2467062,TOBACCO_MPOWER_R_TAXREVENUELATEST,COUNTRY,VEN,AMR,Americas,YEAR,2024,TOBACCO_INDICATOR,TOBACCO_INDICATOR_Rev_excise,,,,,,,255 193 206 231 984,255193206231984,,,Data not validated by the national authorities.,2025-08-12T15:04:57Z,2024,2024-01-01,2024-12-31
2468420,TOBACCO_MPOWER_R_TAXREVENUELATEST,COUNTRY,PAN,AMR,Americas,YEAR,2024,TOBACCO_INDICATOR,TOBACCO_INDICATOR_Rev_type,,,,,,,Cigarettes only,,,,,2025-08-12T08:18:13Z,2024,2024-01-01,2024-12-31
2471741,TOBACCO_MPOWER_R_TAXREVENUELATEST,COUNTRY,CMR,AFR,Africa,YEAR,2024,TOBACCO_INDICATOR,TOBACCO_INDICATOR_Rev_type,,,,,,,Cigarettes only,,,,,2025-08-12T08:18:13Z,2024,2024-01-01,2024-12-31
2478766,TOBACCO_MPOWER_R_TAXREVENUELATEST,COUNTRY,COD,AFR,Africa,YEAR,2024,TOBACCO_INDICATOR,TOBACCO_INDICATOR_Rev_curr,,,,,,,CDF,,,,,2025-08-12T08:18:13Z,2024,2024-01-01,2024-12-31
2485939,TOBACCO_MPOWER_R_TAXREVENUELATEST,COUNTRY,GMB,AFR,Africa,YEAR,2024,TOBACCO_INDICATOR,TOBACCO_INDICATOR_Rev_curr,,,,,,,GMD,,,,,2025-08-12T08:18:13Z,2024,2024-01-01,2024-12-31
2493432,TOBACCO_MPOWER_R_TAXREVENUELATEST,COUNTRY,COK,WPR,Western Pacific,YEAR,2024,TOBACCO_INDICATOR,TOBACCO_INDICATOR_Rev_type,,,,,,,All tobacco products,,,,,2025-08-12T15:04:57Z,2024,2024-01-01,2024-12-31
2497323,TOBACCO_MPOWER_R_TAXREVENUELATEST,COUNTRY,VUT,WPR,Western Pacific,YEAR,2024,TOBACCO_INDICATOR,TOBACCO_INDICATOR_Rev_govt_total,,,,,,,1 902 023 370,1902023370,,,,2025-08-12T08:18:13Z,2024,2024-01-01,2024-12-31
2498979,TOBACCO_MPOWER_R_TAXREVENUELATEST,COUNTRY,NIC,AMR,Americas,YEAR,2024,TOBACCO_INDICATOR,TOBACCO_INDICATOR_Rev_curr,,,,,,,. . .,,,,,2025-08-12T08:18:13Z,2024,2024-01-01,2024-12-31
2502912,TOBACCO_MPOWER_R_TAXREVENUELATEST,COUNTRY,SGP,WPR,Western Pacific,YEAR,2024,TOBACCO_INDICATOR,TOBACCO_INDICATOR_Rev_year,,,,,,,FY 2023,,,,,2025-08-12T08:18:13Z,2024,2024-01-01,2024-12-31
2522696,TOBACCO_MPOWER_R_TAXREVENUELATEST,COUNTRY,FIN,EUR,Europe,YEAR,2024,TOBACCO_INDICATOR,TOBACCO_INDICATOR_Rev_excise,,,,,,,1 156 000 000,1156000000,,,,2025-08-12T08:18:13Z,2024,2024-01-01,2024-12-31
2523245,TOBACCO_MPOWER_R_TAXREVENUELATEST,COUNTRY,SSD,AFR,Africa,YEAR,2024,TOBACCO_INDICATOR,TOBACCO_INDICATOR_Rev_year,,,,,,,2023,,,,,2025-08-12T15:04:57Z,2024,2024-01-01,2024-12-31
2533154,TOBACCO_MPOWER_R_TAXREVENUELATEST,COUNTRY,PRK,SEAR,South-East Asia,YEAR,2024,TOBACCO_INDICATOR,TOBACCO_INDICATOR_Rev_other,,,,,,,. . .,,,,,2025-08-12T08:18:13Z,2024,2024-01-01,2024-12-31
2545678,TOBACCO_MPOWER_R_TAXREVENUELATEST,COUNTRY,CAF,AFR,Africa,YEAR,2024,TOBACCO_INDICATOR,TOBACCO_INDICATOR_Rev_VAT,,,,,,,. . .,,,,,2025-08-12T08:18:13Z,2024,2024-01-01,2024-12-31
2552898,TOBACCO_MPOWER_R_TAXREVENUELATEST,COUNTRY,WSM,WPR,Western Pacific,YEAR,2024,TOBACCO_INDICATOR,TOBACCO_INDICATOR_Rev_year,,,,,,,2021,,,,,2025-08-12T15:04:57Z,2024,2024-01-01,2024-12-31
2563016,TOBACCO_MPOWER_R_TAXREVENUELATEST,COUNTRY,BRA,AMR,Americas,YEAR,2024,TOBACCO_INDICATOR,TOBACCO_INDICATOR_Rev_VAT,,,,,,,. . .,,,,,2025-08-12T08:18:13Z,2024,2024-01-01,2024-12-31
2566551,TOBACCO_MPOWER_R_TAXREVENUELATEST,COUNTRY,SGP,WPR,Western Pacific,YEAR,2024,TOBACCO_INDICATOR,TOBACCO_INDICATOR_Rev_other,,,,,,,. . .,,,,,2025-08-12T08:18:13Z,2024,2024-01-01,2024-12-31
2568936,TOBACCO_MPOWER_R_TAXREVENUELATEST,COUNTRY,COD,AFR,Africa,YEAR,2024,TOBACCO_INDICATOR,TOBACCO_INDICATOR_Rev_import,,,,,,,. . .,,,,,2025-08-12T08:18:13Z,2024,2024-01-01,2024-12-31
2570408,TOBACCO_MPOWER_R_TAXREVENUELATEST,COUNTRY,TON,WPR,Western Pacific,YEAR,2024,TOBACCO_INDICATOR,TOBACCO_INDICATOR_Rev_excise,,,,,,,11 253 418,11253418,,,,2025-08-12T08:18:13Z,2024,2024-01-01,2024-12-31
2577665,TOBACCO_MPOWER_R_TAXREVENUELATEST,COUNTRY,ESP,EUR,Europe,YEAR,2024,TOBACCO_INDICATOR,TOBACCO_INDICATOR_Rev_type,,,,,,,All tobacco products,,,,,2025-08-12T15:04:57Z,2024,2024-01-01,2024-12-31
2578570,TOBACCO_MPOWER_R_TAXREVENUELATEST,COUNTRY,LAO,WPR,Western Pacific,YEAR,2024,TOBACCO_INDICATOR,TOBACCO_INDICATOR_Rev_govt_total,,,,,,,. . .,,,,,2025-08-12T08:18:13Z,2024,2024-01-01,2024-12-31
2580059,TOBACCO_MPOWER_R_TAXREVENUELATEST,COUNTRY,IDN,WPR,Western Pacific,YEAR,2024,TOBACCO_INDICATOR,TOBACCO_INDICATOR_Rev_other,,,,,,,21 115 247 623 746,21115247623746,,,,2025-08-12T15:04:57Z,2024,2024-01-01,2024-12-31
2592372,TOBACCO_MPOWER_R_TAXREVENUELATEST,COUNTRY,MOZ,AFR,Africa,YEAR,2024,TOBACCO_INDICATOR,TOBACCO_INDICATOR_Rev_curr,,,,,,,MZN,,,,,2025-08-12T08:18:13Z,2024,2024-01-01,2024-12-31
2593411,TOBACCO_MPOWER_R_TAXREVENUELATEST,COUNTRY,MKD,EUR,Europe,YEAR,2024,TOBACCO_INDICATOR,TOBACCO_INDICATOR_Rev_other,,,,,,,. . .,,,,,2025-08-12T08:18:13Z,2024,2024-01-01,2024-12-31
2600025,TOBACCO_MPOWER_R_TAXREVENUELATEST,COUNTRY,PAN,AMR,Americas,YEAR,2024,TOBACCO_INDICATOR,TOBACCO_INDICATOR_Rev_year,,,,,,,2022,,,,,2025-08-12T15:04:57Z,2024,2024-01-01,2024-12-31
2601725,TOBACCO_MPOWER_R_TAXREVENUELATEST,COUNTRY,GMB,AFR,Africa,YEAR,2024,TOBACCO_INDICATOR,TOBACCO_INDICATOR_Rev_year,,,,,,,2023,,,,,2025-08-12T15:04:57Z,2024,2024-01-01,2024-12-31
2604041,TOBACCO_MPOWER_R_TAXREVENUELATEST,COUNTRY,UGA,AFR,Africa,YEAR,2024,TOBACCO_INDICATOR,TOBACCO_INDICATOR_Rev_import,,,,,,,. . .,,,,,2025-08-12T08:18:13Z,2024,2024-01-01,2024-12-31
2605003,TOBACCO_MPOWER_R_TAXREVENUELATEST,COUNTRY,UZB,EUR,Europe,YEAR,2024,TOBACCO_INDICATOR,TOBACCO_INDICATOR_Rev_curr,,,,,,,UZS,,,,,2025-08-12T08:18:13Z,2024,2024-01-01,2024-12-31
2613461,TOBACCO_MPOWER_R_TAXREVENUELATEST,COUNTRY,NER,AFR,Africa,YEAR,2024,TOBACCO_INDICATOR,TOBACCO_INDICATOR_Rev_excise,,,,,,,18 455 676 400,18455676400,,,,2025-08-12T08:18:13Z,2024,2024-01-01,2024-12-31
2615085,TOBACCO_MPOWER_R_TAXREVENUELATEST,COUNTRY,HUN,EUR,Europe,YEAR,2024,TOBACCO_INDICATOR,TOBACCO_INDICATOR_Rev_govt_total,,,,,,,. . .,,,,,2025-08-12T08:18:13Z,2024,2024-01-01,2024-12-31
2635199,TOBACCO_MPOWER_R_TAXREVENUELATEST,COUNTRY,MDA,EUR,Europe,YEAR,2024,TOBACCO_INDICATOR,TOBACCO_INDICATOR_Rev_excise,,,,,,,3 646 640 000,3646640000,,,,2025-08-12T08:18:13Z,2024,2024-01-01,2024-12-31
2636990,TOBACCO_MPOWER_R_TAXREVENUELATEST,COUNTRY,GUY,AMR,Americas,YEAR,2024,TOBACCO_INDICATOR,TOBACCO_INDICATOR_Rev_curr,,,,,,,GYD,,,,,2025-08-12T08:18:13Z,2024,2024-01-01,2024-12-31
2637230,TOBACCO_MPOWER_R_TAXREVENUELATEST,COUNTRY,LCA,AMR,Americas,YEAR,2024,TOBACCO_INDICATOR,TOBACCO_INDICATOR_Rev_curr,,,,,,,XCD,,,,,2025-08-12T08:18:13Z,2024,2024-01-01,2024-12-31
2645795,TOBACCO_MPOWER_R_TAXREVENUELATEST,COUNTRY,VUT,WPR,Western Pacific,YEAR,2024,TOBACCO_INDICATOR,TOBACCO_INDICATOR_Rev_import,,,,,,,237 877 400,237877400,,,,2025-08-12T08:18:13Z,2024,2024-01-01,2024-12-31
2646020,TOBACCO_MPOWER_R_TAXREVENUELATEST,COUNTRY,CHE,EUR,Europe,YEAR,2024,TOBACCO_INDICATOR,TOBACCO_INDICATOR_Rev_import,,,,,,,27 600 000,27600000,,,,2025-08-12T08:18:13Z,2024,2024-01-01,2024-12-31
2646118,TOBACCO_MPOWER_R_TAXREVENUELATEST,COUNTRY,TJK,EUR,Europe,YEAR,2024,TOBACCO_INDICATOR,TOBACCO_INDICATOR_Rev_other,,,,,,,. . .,,,,,2025-08-12T08:18:13Z,2024,2024-01-01,2024-12-31
2646490,TOBACCO_MPOWER_R_TAXREVENUELATEST,COUNTRY,TUV,WPR,Western Pacific,YEAR,2024,TOBACCO_INDICATOR,TOBACCO_INDICATOR_Rev_excise,,,,,,,147 500,147500,,,,2025-08-12T08:18:13Z,2024,2024-01-01,2024-12-31
2656000,TOBACCO_MPOWER_R_TAXREVENUELATEST,COUNTRY,ITA,EUR,Europe,YEAR,2024,TOBACCO_INDICATOR,TOBACCO_INDICATOR_Rev_VAT,,,,,,,. . .,,,,,2025-08-12T08:18:13Z,2024,2024-01-01,2024-12-31
2657160,TOBACCO_MPOWER_R_TAXREVENUELATEST,COUNTRY,IRQ,EMR,Eastern Mediterranean,YEAR,2024,TOBACCO_INDICATOR,TOBACCO_INDICATOR_Rev_govt_total,,,,,,,. . .,,,,,2025-08-12T08:18:13Z,2024,2024-01-01,2024-12-31
2659327,TOBACCO_MPOWER_R_TAXREVENUELATEST,COUNTRY,GNQ,AFR,Africa,YEAR,2024,TOBACCO_INDICATOR,TOBACCO_INDICATOR_Rev_year,,,,,,,. . .,,,,,2025-08-12T08:18:13Z,2024,2024-01-01,2024-12-31
2661608,TOBACCO_MPOWER_R_TAXREVENUELATEST,COUNTRY,BFA,AFR,Africa,YEAR,2024,TOBACCO_INDICATOR,TOBACCO_INDICATOR_Rev_other,,,,,,,377 975 325,377975325,,,,2025-08-12T08:18:13Z,2024,2024-01-01,2024-12-31
2666604,TOBACCO_MPOWER_R_TAXREVENUELATEST,COUNTRY,MCO,EUR,Europe,YEAR,2024,TOBACCO_INDICATOR,TOBACCO_INDICATOR_Rev_VAT,,,,,,,. . .,,,,,2025-08-12T08:18:13Z,2024,2024-01-01,2024-12-31
2667198,TOBACCO_MPOWER_R_TAXREVENUELATEST,COUNTRY,ALB,EUR,Europe,YEAR,2024,TOBACCO_INDICATOR,TOBACCO_INDICATOR_Rev_other,,,,,,,. . .,,,,,2025-08-12T08:18:13Z,2024,2024-01-01,2024-12-31
2679041,TOBACCO_MPOWER_R_TAXREVENUELATEST,COUNTRY,SYR,EMR,Eastern Mediterranean,YEAR,2024,TOBACCO_INDICATOR,TOBACCO_INDICATOR_Rev_import,,,,,,,. . .,,,,,2025-08-12T08:18:13Z,2024,2024-01-01,2024-12-31
2685203,TOBACCO_MPOWER_R_TAXREVENUELATEST,COUNTRY,DZA,AFR,Africa,YEAR,2024,TOBACCO_INDICATOR,TOBACCO_INDICATOR_Rev_curr,,,,,,,DZD,,,,,2025-08-12T08:18:13Z,2024,2024-01-01,2024-12-31
2687533,TOBACCO_MPOWER_R_TAXREVENUELATEST,COUNTRY,HND,AMR,Americas,YEAR,2024,TOBACCO_INDICATOR,TOBACCO_INDICATOR_Rev_type,,,,,,,Cigarettes only,,,,,2025-08-12T08:18:13Z,2024,2024-01-01,2024-12-31
2688534,TOBACCO_MPOWER_R_TAXREVENUELATEST,COUNTRY,SRB,EUR,Europe,YEAR,2024,TOBACCO_INDICATOR,TOBACCO_INDICATOR_Rev_govt_total,,,,,,,82 950 300 417,82950300416.94,,,,2025-08-12T15:04:57Z,2024,2024-01-01,2024-12-31
2695918,TOBACCO_MPOWER_R_TAXREVENUELATEST,COUNTRY,HND,AMR,Americas,YEAR,2024,TOBACCO_INDICATOR,TOBACCO_INDICATOR_Rev_govt_total,,,,,,,69 411 731,69411731.47,,,,2025-08-12T08:18:13Z,2024,2024-01-01,2024-12-31
2700956,TOBACCO_MPOWER_R_TAXREVENUELATEST,COUNTRY,CHE,EUR,Europe,YEAR,2024,TOBACCO_INDICATOR,TOBACCO_INDICATOR_Rev_excise,,,,,,,1 974 000 000,1974000000,,,,2025-08-12T08:18:13Z,2024,2024-01-01,2024-12-31
2701354,TOBACCO_MPOWER_R_TAXREVENUELATEST,COUNTRY,KOR,WPR,Western Pacific,YEAR,2024,TOBACCO_INDICATOR,TOBACCO_INDICATOR_Rev_year,,,,,,,2022,,,,,2025-08-12T15:04:57Z,2024,2024-01-01,2024-12-31
2705323,TOBACCO_MPOWER_R_TAXREVENUELATEST,COUNTRY,SWZ,AFR,Africa,YEAR,2024,TOBACCO_INDICATOR,TOBACCO_INDICATOR_Rev_VAT,,,,,,,13 115 445,13115445,,,,2025-08-12T08:18:13Z,2024,2024-01-01,2024-12-31
2710531,TOBACCO_MPOWER_R_TAXREVENUELATEST,COUNTRY,OMN,EMR,Eastern Mediterranean,YEAR,2024,TOBACCO_INDICATOR,TOBACCO_INDICATOR_Rev_year,,,,,,,2023,,,,,2025-08-12T15:04:57Z,2024,2024-01-01,2024-12-31
2748704,TOBACCO_MPOWER_R_TAXREVENUELATEST,COUNTRY,BGR,EUR,Europe,YEAR,2024,TOBACCO_INDICATOR,TOBACCO_INDICATOR_Rev_govt_total,,,,,,,. . .,,,,,2025-08-12T08:18:13Z,2024,2024-01-01,2024-12-31
2753986,TOBACCO_MPOWER_R_TAXREVENUELATEST,COUNTRY,PLW,WPR,Western Pacific,YEAR,2024,TOBACCO_INDICATOR,TOBACCO_INDICATOR_Rev_type,,,,,,,All tobacco products,,,,,2025-08-12T15:04:57Z,2024,2024-01-01,2024-12-31
2762513,TOBACCO_MPOWER_R_TAXREVENUELATEST,COUNTRY,MOZ,AFR,Africa,YEAR,2024,TOBACCO_INDICATOR,TOBACCO_INDICATOR_Rev_type,,,,,,,All tobacco products,,,,,2025-08-12T15:04:57Z,2024,2024-01-01,2024-12-31
2770336,TOBACCO_MPOWER_R_TAXREVENUELATEST,COUNTRY,KHM,WPR,Western Pacific,YEAR,2024,TOBACCO_INDICATOR,TOBACCO_INDICATOR_Rev_import,,,,,,,67 721 000 000,67721000000,,,,2025-08-12T08:18:13Z,2024,2024-01-01,2024-12-31
2771491,TOBACCO_MPOWER_R_TAXREVENUELATEST,COUNTRY,SVN,EUR,Europe,YEAR,2024,TOBACCO_INDICATOR,TOBACCO_INDICATOR_Rev_govt_total,,,,,,,. . .,,,,,2025-08-12T08:18:13Z,2024,2024-01-01,2024-12-31
2773551,TOBACCO_MPOWER_R_TAXREVENUELATEST,COUNTRY,TON,WPR,Western Pacific,YEAR,2024,TOBACCO_INDICATOR,TOBACCO_INDICATOR_Rev_VAT,,,,,,,1 846 841,1846841,,,,2025-08-12T08:18:13Z,2024,2024-01-01,2024-12-31
2774979,TOBACCO_MPOWER_R_TAXREVENUELATEST,COUNTRY,IRL,EUR,Europe,YEAR,2024,TOBACCO_INDICATOR,TOBACCO_INDICATOR_Rev_year,,,,,,,2024,,,,,2025-08-12T15:04:57Z,2024,2024-01-01,2024-12-31
2789840,TOBACCO_MPOWER_R_TAXREVENUELATEST,COUNTRY,SVK,EUR,Europe,YEAR,2024,TOBACCO_INDICATOR,TOBACCO_INDICATOR_Rev_excise,,,,,,,936 552 000,936552000,,,,2025-08-12T08:18:13Z,2024,2024-01-01,2024-12-31
2808910,TOBACCO_MPOWER_R_TAXREVENUELATEST,COUNTRY,GTM,AMR,Americas,YEAR,2024,TOBACCO_INDICATOR,TOBACCO_INDICATOR_Rev_VAT,,,,,,,44 638 714,44638714.07,,,,2025-08-12T08:18:13Z,2024,2024-01-01,2024-12-31
2812594,TOBACCO_MPOWER_R_TAXREVENUELATEST,COUNTRY,LBR,AFR,Africa,YEAR,2024,TOBACCO_INDICATOR,TOBACCO_INDICATOR_Rev_curr,,,,,,,LRD,,,,,2025-08-12T08:18:13Z,2024,2024-01-01,2024-12-31
2816210,TOBACCO_MPOWER_R_TAXREVENUELATEST,COUNTRY,ITA,EUR,Europe,YEAR,2024,TOBACCO_INDICATOR,TOBACCO_INDICATOR_Rev_import,,,,,,,. . .,,,,,2025-08-12T08:18:13Z,2024,2024-01-01,2024-12-31
2818959,TOBACCO_MPOWER_R_TAXREVENUELATEST,COUNTRY,SVK,EUR,Europe,YEAR,2024,TOBACCO_INDICATOR,TOBACCO_INDICATOR_Rev_year,,,,,,,2023,,,,,2025-08-12T15:04:57Z,2024,2024-01-01,2024-12-31
2821231,TOBACCO_MPOWER_R_TAXREVENUELATEST,COUNTRY,LAO,WPR,Western Pacific,YEAR,2024,TOBACCO_INDICATOR,TOBACCO_INDICATOR_Rev_year,,,,,,,2019,,,,,2025-08-12T15:04:57Z,2024,2024-01-01,2024-12-31
2824059,TOBACCO_MPOWER_R_TAXREVENUELATEST,COUNTRY,SWE,EUR,Europe,YEAR,2024,TOBACCO_INDICATOR,TOBACCO_INDICATOR_Rev_other,,,,,,,. . .,,,,,2025-08-12T08:18:13Z,2024,2024-01-01,2024-12-31
2825445,TOBACCO_MPOWER_R_TAXREVENUELATEST,COUNTRY,DOM,AMR,Americas,YEAR,2024,TOBACCO_INDICATOR,TOBACCO_INDICATOR_Rev_excise,,,,,,,3 088 100 000,3088100000,,,,2025-08-12T08:18:13Z,2024,2024-01-01,2024-12-31
2827979,TOBACCO_MPOWER_R_TAXREVENUELATEST,COUNTRY,MDV,SEAR,South-East Asia,YEAR,2024,TOBACCO_INDICATOR,TOBACCO_INDICATOR_Rev_VAT,,,,,,,. . .,,,,,2025-08-12T08:18:13Z,2024,2024-01-01,2024-12-31
2832412,TOBACCO_MPOWER_R_TAXREVENUELATEST,COUNTRY,AZE,EUR,Europe,YEAR,2024,TOBACCO_INDICATOR,TOBACCO_INDICATOR_Rev_excise,,,,,,,49 479 862,49479862,,,,2025-08-12T08:18:13Z,2024,2024-01-01,2024-12-31
2836085,TOBACCO_MPOWER_R_TAXREVENUELATEST,COUNTRY,KWT,EMR,Eastern Mediterranean,YEAR,2024,TOBACCO_INDICATOR,TOBACCO_INDICATOR_Rev_govt_total,,,,,,,80 839 375,80839375,,,,2025-08-12T08:18:13Z,2024,2024-01-01,2024-12-31
2837123,TOBACCO_MPOWER_R_TAXREVENUELATEST,COUNTRY,NZL,WPR,Western Pacific,YEAR,2024,TOBACCO_INDICATOR,TOBACCO_INDICATOR_Rev_type,,,,,,,All tobacco products,,,,,2025-08-12T15:04:57Z,2024,2024-01-01,2024-12-31
2840568,TOBACCO_MPOWER_R_TAXREVENUELATEST,COUNTRY,CZE,EUR,Europe,YEAR,2024,TOBACCO_INDICATOR,TOBACCO_INDICATOR_Rev_other,,,,,,,. . .,,,,,2025-08-12T08:18:13Z,2024,2024-01-01,2024-12-31
2840834,TOBACCO_MPOWER_R_TAXREVENUELATEST,COUNTRY,HTI,AMR,Americas,YEAR,2024,TOBACCO_INDICATOR,TOBACCO_INDICATOR_Rev_govt_total,,,,,,,18 612 248,18612248.28,,,,2025-08-12T08:18:13Z,2024,2024-01-01,2024-12-31
2844058,TOBACCO_MPOWER_R_TAXREVENUELATEST,COUNTRY,IND,SEAR,South-East Asia,YEAR,2024,TOBACCO_INDICATOR,TOBACCO_INDICATOR_Rev_year,,,,,,,2015/2016,,,,,2025-08-12T08:18:13Z,2024,2024-01-01,2024-12-31
2846030,TOBACCO_MPOWER_R_TAXREVENUELATEST,COUNTRY,RWA,AFR,Africa,YEAR,2024,TOBACCO_INDICATOR,TOBACCO_INDICATOR_Rev_other,,,,,,,0,0,,,,2025-08-12T08:18:13Z,2024,2024-01-01,2024-12-31
2848782,TOBACCO_MPOWER_R_TAXREVENUELATEST,COUNTRY,IRL,EUR,Europe,YEAR,2024,TOBACCO_INDICATOR,TOBACCO_INDICATOR_Rev_excise,,,,,,,946 000 000,946000000,,,,2025-08-12T08:18:13Z,2024,2024-01-01,2024-12-31
2857241,TOBACCO_MPOWER_R_TAXREVENUELATEST,COUNTRY,CZE,EUR,Europe,YEAR,2024,TOBACCO_INDICATOR,TOBACCO_INDICATOR_Rev_excise,,,,,,,52 847 000 000,52847000000,,,,2025-08-12T08:18:13Z,2024,2024-01-01,2024-12-31
2858857,TOBACCO_MPOWER_R_TAXREVENUELATEST,COUNTRY,SLE,AFR,Africa,YEAR,2024,TOBACCO_INDICATOR,TOBACCO_INDICATOR_Rev_year,,,,,,,2021,,,,,2025-08-12T15:04:57Z,2024,2024-01-01,2024-12-31
2868634,TOBACCO_MPOWER_R_TAXREVENUELATEST,COUNTRY,PNG,WPR,Western Pacific,YEAR,2024,TOBACCO_INDICATOR,TOBACCO_INDICATOR_Rev_curr,,,,,,,PGK,,,,,2025-08-12T08:18:13Z,2024,2024-01-01,2024-12-31
2874183,TOBACCO_MPOWER_R_TAXREVENUELATEST,COUNTRY,TUV,WPR,Western Pacific,YEAR,2024,TOBACCO_INDICATOR,TOBACCO_INDICATOR_Rev_import,,,,,,,48 930,48930,,,,2025-08-12T08:18:13Z,2024,2024-01-01,2024-12-31
2882596,TOBACCO_MPOWER_R_TAXREVENUELATEST,COUNTRY,MDG,AFR,Africa,YEAR,2024,TOBACCO_INDICATOR,TOBACCO_INDICATOR_Rev_excise,,,,,,,256 541 544 845,256541544845.00003,,,,2025-08-12T15:04:57Z,2024,2024-01-01,2024-12-31
2892805,TOBACCO_MPOWER_R_TAXREVENUELATEST,COUNTRY,GNQ,AFR,Africa,YEAR,2024,TOBACCO_INDICATOR,TOBACCO_INDICATOR_Rev_other,,,,,,,. . .,,,,,2025-08-12T08:18:13Z,2024,2024-01-01,2024-12-31
2893840,TOBACCO_MPOWER_R_TAXREVENUELATEST,COUNTRY,IDN,WPR,Western Pacific,YEAR,2024,TOBACCO_INDICATOR,TOBACCO_INDICATOR_Rev_year,,,,,,,2023,,,,,2025-08-12T15:04:57Z,2024,2024-01-01,2024-12-31
2897125,TOBACCO_MPOWER_R_TAXREVENUELATEST,COUNTRY,CIV,AFR,Africa,YEAR,2024,TOBACCO_INDICATOR,TOBACCO_INDICATOR_Rev_year,,,,,,,2022,,,,,2025-08-12T15:04:57Z,2024,2024-01-01,2024-12-31
2902186,TOBACCO_MPOWER_R_TAXREVENUELATEST,COUNTRY,NPL,SEAR,South-East Asia,YEAR,2024,TOBACCO_INDICATOR,TOBACCO_INDICATOR_Rev_year,,,,,,,2023/24,,,,,2025-08-12T08:18:13Z,2024,2024-01-01,2024-12-31
2905175,TOBACCO_MPOWER_R_TAXREVENUELATEST,COUNTRY,TKM,EUR,Europe,YEAR,2024,TOBACCO_INDICATOR,TOBACCO_INDICATOR_Rev_type,,,,,,,All tobacco products,,,,,2025-08-12T15:04:57Z,2024,2024-01-01,2024-12-31
2915922,TOBACCO_MPOWER_R_TAXREVENUELATEST,COUNTRY,BGD,SEAR,South-East Asia,YEAR,2024,TOBACCO_INDICATOR,TOBACCO_INDICATOR_Rev_curr,,,,,,,BDT,,,,,2025-08-12T08:18:13Z,2024,2024-01-01,2024-12-31
2922596,TOBACCO_MPOWER_R_TAXREVENUELATEST,COUNTRY,CIV,AFR,Africa,YEAR,2024,TOBACCO_INDICATOR,TOBACCO_INDICATOR_Rev_other,,,,,,,. . .,,,,,2025-08-12T08:18:13Z,2024,2024-01-01,2024-12-31
2928384,TOBACCO_MPOWER_R_TAXREVENUELATEST,COUNTRY,GUY,AMR,Americas,YEAR,2024,TOBACCO_INDICATOR,TOBACCO_INDICATOR_Rev_type,,,,,,,Cigarettes only,,,,,2025-08-12T08:18:13Z,2024,2024-01-01,2024-12-31
2929428,TOBACCO_MPOWER_R_TAXREVENUELATEST,COUNTRY,SDN,EMR,Eastern Mediterranean,YEAR,2024,TOBACCO_INDICATOR,TOBACCO_INDICATOR_Rev_excise,,,,,,,. . .,,,,,2025-08-12T08:18:13Z,2024,2024-01-01,2024-12-31
2935257,TOBACCO_MPOWER_R_TAXREVENUELATEST,COUNTRY,GNQ,AFR,Africa,YEAR,2024,TOBACCO_INDICATOR,TOBACCO_INDICATOR_Rev_excise,,,,,,,. . .,,,,,2025-08-12T08:18:13Z,2024,2024-01-01,2024-12-31
2943451,TOBACCO_MPOWER_R_TAXREVENUELATEST,COUNTRY,PSE,EMR,Eastern Mediterranean,YEAR,2024,TOBACCO_INDICATOR,TOBACCO_INDICATOR_Rev_govt_total,,,,,,,1 284 080 327,1284080327,,,,2025-08-12T08:18:13Z,2024,2024-01-01,2024-12-31
2946831,TOBACCO_MPOWER_R_TAXREVENUELATEST,COUNTRY,TTO,AMR,Americas,YEAR,2024,TOBACCO_INDICATOR,TOBACCO_INDICATOR_Rev_excise,,,,,,,. . .,,,,,2025-08-12T08:18:13Z,2024,2024-01-01,2024-12-31
3964648,TOBACCO_MPOWER_R_TAXREVENUELATEST,COUNTRY,EST,EUR,Europe,YEAR,2024,TOBACCO_INDICATOR,TOBACCO_INDICATOR_Rev_type,,,,,,,All tobacco products,,,,,2025-08-12T15:04:57Z,2024,2024-01-01,2024-12-31
3967724,TOBACCO_MPOWER_R_TAXREVENUELATEST,COUNTRY,KIR,WPR,Western Pacific,YEAR,2024,TOBACCO_INDICATOR,TOBACCO_INDICATOR_Rev_other,,,,,,,. . .,,,,,2025-08-12T08:18:13Z,2024,2024-01-01,2024-12-31
3968485,TOBACCO_MPOWER_R_TAXREVENUELATEST,COUNTRY,ISL,EUR,Europe,YEAR,2024,TOBACCO_INDICATOR,TOBACCO_INDICATOR_Rev_govt_total,,,,,,,6 188 840 000,6188840000,,,,2025-08-12T08:18:13Z,2024,2024-01-01,2024-12-31
3980634,TOBACCO_MPOWER_R_TAXREVENUELATEST,COUNTRY,SEN,AFR,Africa,YEAR,2024,TOBACCO_INDICATOR,TOBACCO_INDICATOR_Rev_type,,,,,,,All tobacco products,,,,,2025-08-12T15:04:57Z,2024,2024-01-01,2024-12-31
3992027,TOBACCO_MPOWER_R_TAXREVENUELATEST,COUNTRY,NAM,AFR,Africa,YEAR,2024,TOBACCO_INDICATOR,TOBACCO_INDICATOR_Rev_type,,,,,,,All tobacco products,,,,,2025-08-12T15:04:57Z,2024,2024-01-01,2024-12-31
3999500,TOBACCO_MPOWER_R_TAXREVENUELATEST,COUNTRY,GHA,AFR,Africa,YEAR,2024,TOBACCO_INDICATOR,TOBACCO_INDICATOR_Rev_other,,,,,,,395 499 232,395499232.41,,,,2025-08-12T15:04:57Z,2024,2024-01-01,2024-12-31
4008373,TOBACCO_MPOWER_R_TAXREVENUELATEST,COUNTRY,JOR,EMR,Eastern Mediterranean,YEAR,2024,TOBACCO_INDICATOR,TOBACCO_INDICATOR_Rev_VAT,,,,,,,175 000 000,175000000,,,,2025-08-12T08:18:13Z,2024,2024-01-01,2024-12-31
4012479,TOBACCO_MPOWER_R_TAXREVENUELATEST,COUNTRY,CUB,AMR,Americas,YEAR,2024,TOBACCO_INDICATOR,TOBACCO_INDICATOR_Rev_other,,,,,,,199 347 269,199347268.6,,,,2025-08-12T08:18:13Z,2024,2024-01-01,2024-12-31
4015883,TOBACCO_MPOWER_R_TAXREVENUELATEST,COUNTRY,SSD,AFR,Africa,YEAR,2024,TOBACCO_INDICATOR,TOBACCO_INDICATOR_Rev_type,,,,,,,All tobacco products,,,,,2025-08-12T15:04:57Z,2024,2024-01-01,2024-12-31
4016067,TOBACCO_MPOWER_R_TAXREVENUELATEST,COUNTRY,DEU,EUR,Europe,YEAR,2024,TOBACCO_INDICATOR,TOBACCO_INDICATOR_Rev_import,,,,,,,. . .,,,,,2025-08-12T08:18:13Z,2024,2024-01-01,2024-12-31
4022435,TOBACCO_MPOWER_R_TAXREVENUELATEST,COUNTRY,YEM,EMR,Eastern Mediterranean,YEAR,2024,TOBACCO_INDICATOR,TOBACCO_INDICATOR_Rev_excise,,,,,,,5 859 006 004,5859006004,,,,2025-08-12T08:18:13Z,2024,2024-01-01,2024-12-31
4028163,TOBACCO_MPOWER_R_TAXREVENUELATEST,COUNTRY,GAB,AFR,Africa,YEAR,2024,TOBACCO_INDICATOR,TOBACCO_INDICATOR_Rev_import,,,,,,,. . .,,,,,2025-08-12T08:18:13Z,2024,2024-01-01,2024-12-31
4033822,TOBACCO_MPOWER_R_TAXREVENUELATEST,COUNTRY,CMR,AFR,Africa,YEAR,2024,TOBACCO_INDICATOR,TOBACCO_INDICATOR_Rev_curr,,,,,,,XAF,,,,,2025-08-12T08:18:13Z,2024,2024-01-01,2024-12-31
4033975,TOBACCO_MPOWER_R_TAXREVENUELATEST,COUNTRY,SSD,AFR,Africa,YEAR,2024,TOBACCO_INDICATOR,TOBACCO_INDICATOR_Rev_govt_total,,,,,,,29 792 516 736,29792516736,,,,2025-08-12T08:18:13Z,2024,2024-01-01,2024-12-31
4037078,TOBACCO_MPOWER_R_TAXREVENUELATEST,COUNTRY,POL,EUR,Europe,YEAR,2024,TOBACCO_INDICATOR,TOBACCO_INDICATOR_Rev_other,,,,,,,. . .,,,,,2025-08-12T08:18:13Z,2024,2024-01-01,2024-12-31
4045605,TOBACCO_MPOWER_R_TAXREVENUELATEST,COUNTRY,CYP,EUR,Europe,YEAR,2024,TOBACCO_INDICATOR,TOBACCO_INDICATOR_Rev_import,,,,,,,. . .,,,,,2025-08-12T08:18:13Z,2024,2024-01-01,2024-12-31
4047429,TOBACCO_MPOWER_R_TAXREVENUELATEST,COUNTRY,DEU,EUR,Europe,YEAR,2024,TOBACCO_INDICATOR,TOBACCO_INDICATOR_Rev_curr,,,,,,,EUR,,,,,2025-08-12T08:18:13Z,2024,2024-01-01,2024-12-31
4057686,TOBACCO_MPOWER_R_TAXREVENUELATEST,COUNTRY,AND,EUR,Europe,YEAR,2024,TOBACCO_INDICATOR,TOBACCO_INDICATOR_Rev_year,,,,,,,2023,,,,,2025-08-12T15:04:57Z,2024,2024-01-01,2024-12-31
4057853,TOBACCO_MPOWER_R_TAXREVENUELATEST,COUNTRY,LUX,EUR,Europe,YEAR,2024,TOBACCO_INDICATOR,TOBACCO_INDICATOR_Rev_govt_total,,,,,,,. . .,,,,,2025-08-12T08:18:13Z,2024,2024-01-01,2024-12-31
4059336,TOBACCO_MPOWER_R_TAXREVENUELATEST,COUNTRY,SUR,AMR,Americas,YEAR,2024,TOBACCO_INDICATOR,TOBACCO_INDICATOR_Rev_excise,,,,,,,99 132 444,99132444.46,,,,2025-08-12T08:18:13Z,2024,2024-01-01,2024-12-31
4068242,TOBACCO_MPOWER_R_TAXREVENUELATEST,COUNTRY,MDA,EUR,Europe,YEAR,2024,TOBACCO_INDICATOR,TOBACCO_INDICATOR_Rev_year,,,,,,,2024,,,,,2025-08-12T15:04:57Z,2024,2024-01-01,2024-12-31
4073563,TOBACCO_MPOWER_R_TAXREVENUELATEST,COUNTRY,LTU,EUR,Europe,YEAR,2024,TOBACCO_INDICATOR,TOBACCO_INDICATOR_Rev_other,,,,,,,. . .,,,,,2025-08-12T08:18:13Z,2024,2024-01-01,2024-12-31
4073809,TOBACCO_MPOWER_R_TAXREVENUELATEST,COUNTRY,MCO,EUR,Europe,YEAR,2024,TOBACCO_INDICATOR,TOBACCO_INDICATOR_Rev_import,,,,,,,. . .,,,,,2025-08-12T08:18:13Z,2024,2024-01-01,2024-12-31
4073963,TOBACCO_MPOWER_R_TAXREVENUELATEST,COUNTRY,LBN,EMR,Eastern Mediterranean,YEAR,2024,TOBACCO_INDICATOR,TOBACCO_INDICATOR_Rev_import,,,,,,,10 500 000 000,10500000000,,,,2025-08-12T08:18:13Z,2024,2024-01-01,2024-12-31
4084601,TOBACCO_MPOWER_R_TAXREVENUELATEST,COUNTRY,BTN,SEAR,South-East Asia,YEAR,2024,TOBACCO_INDICATOR,TOBACCO_INDICATOR_Rev_type,,,,,,,All tobacco products,,,,,2025-08-12T15:04:57Z,2024,2024-01-01,2024-12-31
4097800,TOBACCO_MPOWER_R_TAXREVENUELATEST,COUNTRY,LBR,AFR,Africa,YEAR,2024,TOBACCO_INDICATOR,TOBACCO_INDICATOR_Rev_excise,,,,,,,4 500 000,4500000,,,,2025-08-12T08:18:13Z,2024,2024-01-01,2024-12-31
4098056,TOBACCO_MPOWER_R_TAXREVENUELATEST,COUNTRY,LUX,EUR,Europe,YEAR,2024,TOBACCO_INDICATOR,TOBACCO_INDICATOR_Rev_type,,,,,,,All tobacco products,,,,,2025-08-12T15:04:57Z,2024,2024-01-01,2024-12-31
4111399,TOBACCO_MPOWER_R_TAXREVENUELATEST,COUNTRY,GRD,AMR,Americas,YEAR,2024,TOBACCO_INDICATOR,TOBACCO_INDICATOR_Rev_curr,,,,,,,XCD,,,,,2025-08-12T08:18:13Z,2024,2024-01-01,2024-12-31
4124777,TOBACCO_MPOWER_R_TAXREVENUELATEST,COUNTRY,TUR,EUR,Europe,YEAR,2024,TOBACCO_INDICATOR,TOBACCO_INDICATOR_Rev_excise,,,,,,,176 591 398 000,176591398000,,,,2025-08-12T15:04:57Z,2024,2024-01-01,2024-12-31
4131826,TOBACCO_MPOWER_R_TAXREVENUELATEST,COUNTRY,SYC,AFR,Africa,YEAR,2024,TOBACCO_INDICATOR,TOBACCO_INDICATOR_Rev_year,,,,,,,2023,,,,,2025-08-12T15:04:57Z,2024,2024-01-01,2024-12-31
4134107,TOBACCO_MPOWER_R_TAXREVENUELATEST,COUNTRY,SRB,EUR,Europe,YEAR,2024,TOBACCO_INDICATOR,TOBACCO_INDICATOR_Rev_import,,,,,,,1 388 560 031,1388560031.1699998,,,,2025-08-12T15:04:57Z,2024,2024-01-01,2024-12-31
4139147,TOBACCO_MPOWER_R_TAXREVENUELATEST,COUNTRY,SOM,EMR,Eastern Mediterranean,YEAR,2024,TOBACCO_INDICATOR,TOBACCO_INDICATOR_Rev_type,,,,,,,All tobacco products,,,,,2025-08-12T15:04:57Z,2024,2024-01-01,2024-12-31
4146887,TOBACCO_MPOWER_R_TAXREVENUELATEST,COUNTRY,LUX,EUR,Europe,YEAR,2024,TOBACCO_INDICATOR,TOBACCO_INDICATOR_Rev_other,,,,,,,. . .,,,,,2025-08-12T08:18:13Z,2024,2024-01-01,2024-12-31
4157651,TOBACCO_MPOWER_R_TAXREVENUELATEST,COUNTRY,LBY,EMR,Eastern Mediterranean,YEAR,2024,TOBACCO_INDICATOR,TOBACCO_INDICATOR_Rev_excise,,,,,,,—,,,,,2025-08-12T08:18:13Z,2024,2024-01-01,2024-12-31
4161582,TOBACCO_MPOWER_R_TAXREVENUELATEST,COUNTRY,TLS,SEAR,South-East Asia,YEAR,2024,TOBACCO_INDICATOR,TOBACCO_INDICATOR_Rev_curr,,,,,,,USD,,,,,2025-08-12T08:18:13Z,2024,2024-01-01,2024-12-31
4170917,TOBACCO_MPOWER_R_TAXREVENUELATEST,COUNTRY,KOR,WPR,Western Pacific,YEAR,2024,TOBACCO_INDICATOR,TOBACCO_INDICATOR_Rev_other,,,,,,,0,0,,,,2025-08-12T08:18:13Z,2024,2024-01-01,2024-12-31
4176470,TOBACCO_MPOWER_R_TAXREVENUELATEST,COUNTRY,FJI,WPR,Western Pacific,YEAR,2024,TOBACCO_INDICATOR,TOBACCO_INDICATOR_Rev_other,,,,,,,37 926,37926,,,,2025-08-12T08:18:13Z,2024,2024-01-01,2024-12-31
4202094,TOBACCO_MPOWER_R_TAXREVENUELATEST,COUNTRY,AUS,WPR,Western Pacific,YEAR,2024,TOBACCO_INDICATOR,TOBACCO_INDICATOR_Rev_year,,,,,,,2022/23,,,,,2025-08-12T08:18:13Z,2024,2024-01-01,2024-12-31
4203145,TOBACCO_MPOWER_R_TAXREVENUELATEST,COUNTRY,ISR,EUR,Europe,YEAR,2024,TOBACCO_INDICATOR,TOBACCO_INDICATOR_Rev_excise,,,,,,,8 300 000 000,8300000000,,,,2025-08-12T08:18:13Z,2024,2024-01-01,2024-12-31
4203388,TOBACCO_MPOWER_R_TAXREVENUELATEST,COUNTRY,ZWE,AFR,Africa,YEAR,2024,TOBACCO_INDICATOR,TOBACCO_INDICATOR_Rev_VAT,,,,,,,. . .,,,,,2025-08-12T08:18:13Z,2024,2024-01-01,2024-12-31
4206660,TOBACCO_MPOWER_R_TAXREVENUELATEST,COUNTRY,MUS,AFR,Africa,YEAR,2024,TOBACCO_INDICATOR,TOBACCO_INDICATOR_Rev_year,,,,,,,2023,,,,,2025-08-12T15:04:57Z,2024,2024-01-01,2024-12-31
4219432,TOBACCO_MPOWER_R_TAXREVENUELATEST,COUNTRY,TJK,EUR,Europe,YEAR,2024,TOBACCO_INDICATOR,TOBACCO_INDICATOR_Rev_excise,,,,,,,6 386 000,6386000,,,,2025-08-12T08:18:13Z,2024,2024-01-01,2024-12-31
4227637,TOBACCO_MPOWER_R_TAXREVENUELATEST,COUNTRY,ARG,AMR,Americas,YEAR,2024,TOBACCO_INDICATOR,TOBACCO_INDICATOR_Rev_excise,,,,,,,216 129 162 494,216129162493.52,,,,2025-08-12T15:04:57Z,2024,2024-01-01,2024-12-31
4238731,TOBACCO_MPOWER_R_TAXREVENUELATEST,COUNTRY,BHR,EMR,Eastern Mediterranean,YEAR,2024,TOBACCO_INDICATOR,TOBACCO_INDICATOR_Rev_excise,,,,,,,—,,,,,2025-08-12T08:18:13Z,2024,2024-01-01,2024-12-31
4240150,TOBACCO_MPOWER_R_TAXREVENUELATEST,COUNTRY,FSM,WPR,Western Pacific,YEAR,2024,TOBACCO_INDICATOR,TOBACCO_INDICATOR_Rev_excise,,,,,,,. . .,,,,,2025-08-12T08:18:13Z,2024,2024-01-01,2024-12-31
4242295,TOBACCO_MPOWER_R_TAXREVENUELATEST,COUNTRY,SRB,EUR,Europe,YEAR,2024,TOBACCO_INDICATOR,TOBACCO_INDICATOR_Rev_type,,,,,,,All tobacco products,,,,,2025-08-12T15:04:57Z,2024,2024-01-01,2024-12-31
4244002,TOBACCO_MPOWER_R_TAXREVENUELATEST,COUNTRY,PHL,WPR,Western Pacific,YEAR,2024,TOBACCO_INDICATOR,TOBACCO_INDICATOR_Rev_excise,,,,,,,136 710 127 600,136710127600.00002,,,,2025-08-12T15:04:57Z,2024,2024-01-01,2024-12-31
4258842,TOBACCO_MPOWER_R_TAXREVENUELATEST,COUNTRY,USA,AMR,Americas,YEAR,2024,TOBACCO_INDICATOR,TOBACCO_INDICATOR_Rev_excise,,,,,,,35 065 000 000,35065000000,,,,2025-08-12T08:18:13Z,2024,2024-01-01,2024-12-31
4266628,TOBACCO_MPOWER_R_TAXREVENUELATEST,COUNTRY,TGO,AFR,Africa,YEAR,2024,TOBACCO_INDICATOR,TOBACCO_INDICATOR_Rev_other,,,,,,,121 806 707,121806707,,,,2025-08-12T08:18:13Z,2024,2024-01-01,2024-12-31
4277730,TOBACCO_MPOWER_R_TAXREVENUELATEST,COUNTRY,THA,SEAR,South-East Asia,YEAR,2024,TOBACCO_INDICATOR,TOBACCO_INDICATOR_Rev_type,,,,,,,All tobacco products,,,,,2025-08-12T15:04:57Z,2024,2024-01-01,2024-12-31
4286421,TOBACCO_MPOWER_R_TAXREVENUELATEST,COUNTRY,LTU,EUR,Europe,YEAR,2024,TOBACCO_INDICATOR,TOBACCO_INDICATOR_Rev_type,,,,,,,All tobacco products,,,,,2025-08-12T15:04:57Z,2024,2024-01-01,2024-12-31
4293610,TOBACCO_MPOWER_R_TAXREVENUELATEST,COUNTRY,RUS,EUR,Europe,YEAR,2024,TOBACCO_INDICATOR,TOBACCO_INDICATOR_Rev_govt_total,,,,,,,. . .,,,,,2025-08-12T08:18:13Z,2024,2024-01-01,2024-12-31
4301526,TOBACCO_MPOWER_R_TAXREVENUELATEST,COUNTRY,CUB,AMR,Americas,YEAR,2024,TOBACCO_INDICATOR,TOBACCO_INDICATOR_Rev_excise,,,,,,,. . .,,,,,2025-08-12T08:18:13Z,2024,2024-01-01,2024-12-31
4304906,TOBACCO_MPOWER_R_TAXREVENUELATEST,COUNTRY,TZA,AFR,Africa,YEAR,2024,TOBACCO_INDICATOR,TOBACCO_INDICATOR_Rev_other,,,,,,,. . .,,,,,2025-08-12T08:18:13Z,2024,2024-01-01,2024-12-31
4305104,TOBACCO_MPOWER_R_TAXREVENUELATEST,COUNTRY,PRY,AMR,Americas,YEAR,2024,TOBACCO_INDICATOR,TOBACCO_INDICATOR_Rev_curr,,,,,,,PYG,,,,,2025-08-12T08:18:13Z,2024,2024-01-01,2024-12-31
4318689,TOBACCO_MPOWER_R_TAXREVENUELATEST,COUNTRY,STP,AFR,Africa,YEAR,2024,TOBACCO_INDICATOR,TOBACCO_INDICATOR_Rev_govt_total,,,,,,,7 127 519 164,7127519164,,,,2025-08-12T08:18:13Z,2024,2024-01-01,2024-12-31
4338843,TOBACCO_MPOWER_R_TAXREVENUELATEST,COUNTRY,FJI,WPR,Western Pacific,YEAR,2024,TOBACCO_INDICATOR,TOBACCO_INDICATOR_Rev_year,,,,,,,2023,,,,,2025-08-12T15:04:57Z,2024,2024-01-01,2024-12-31
4340593,TOBACCO_MPOWER_R_TAXREVENUELATEST,COUNTRY,DEU,EUR,Europe,YEAR,2024,TOBACCO_INDICATOR,TOBACCO_INDICATOR_Rev_type,,,,,,,All tobacco products,,,,,2025-08-12T15:04:57Z,2024,2024-01-01,2024-12-31
4357939,TOBACCO_MPOWER_R_TAXREVENUELATEST,COUNTRY,SYC,AFR,Africa,YEAR,2024,TOBACCO_INDICATOR,TOBACCO_INDICATOR_Rev_type,,,,,,,All tobacco products,,,,,2025-08-12T15:04:57Z,2024,2024-01-01,2024-12-31
4388392,TOBACCO_MPOWER_R_TAXREVENUELATEST,COUNTRY,BOL,AMR,Americas,YEAR,2024,TOBACCO_INDICATOR,TOBACCO_INDICATOR_Rev_year,,,,,,,2023,,,,,2025-08-12T15:04:57Z,2024,2024-01-01,2024-12-31
4400234,TOBACCO_MPOWER_R_TAXREVENUELATEST,COUNTRY,LTU,EUR,Europe,YEAR,2024,TOBACCO_INDICATOR,TOBACCO_INDICATOR_Rev_excise,,,,,,,376 174 900,376174900,,,,2025-08-12T08:18:13Z,2024,2024-01-01,2024-12-31
4402211,TOBACCO_MPOWER_R_TAXREVENUELATEST,COUNTRY,MNE,EUR,Europe,YEAR,2024,TOBACCO_INDICATOR,TOBACCO_INDICATOR_Rev_excise,,,,,,,100 230 000,100230000,,,,2025-08-12T08:18:13Z,2024,2024-01-01,2024-12-31
4403369,TOBACCO_MPOWER_R_TAXREVENUELATEST,COUNTRY,VCT,AMR,Americas,YEAR,2024,TOBACCO_INDICATOR,TOBACCO_INDICATOR_Rev_other,,,,,,,135 435,135434.77,,,,2025-08-12T08:18:13Z,2024,2024-01-01,2024-12-31
4405226,TOBACCO_MPOWER_R_TAXREVENUELATEST,COUNTRY,UZB,EUR,Europe,YEAR,2024,TOBACCO_INDICATOR,TOBACCO_INDICATOR_Rev_import,,,,,,,. . .,,,,,2025-08-12T08:18:13Z,2024,2024-01-01,2024-12-31
4430186,TOBACCO_MPOWER_R_TAXREVENUELATEST,COUNTRY,SAU,EMR,Eastern Mediterranean,YEAR,2024,TOBACCO_INDICATOR,TOBACCO_INDICATOR_Rev_other,,,,,,,152 859 850,152859850,,,,2025-08-12T08:18:13Z,2024,2024-01-01,2024-12-31
4438056,TOBACCO_MPOWER_R_TAXREVENUELATEST,COUNTRY,SUR,AMR,Americas,YEAR,2024,TOBACCO_INDICATOR,TOBACCO_INDICATOR_Rev_type,,,,,,,All tobacco products,,,,,2025-08-12T15:04:57Z,2024,2024-01-01,2024-12-31
4439122,TOBACCO_MPOWER_R_TAXREVENUELATEST,COUNTRY,GHA,AFR,Africa,YEAR,2024,TOBACCO_INDICATOR,TOBACCO_INDICATOR_Rev_govt_total,,,,,,,1 545 034 691,1545034690.96,,,,2025-08-12T15:04:57Z,2024,2024-01-01,2024-12-31
4459068,TOBACCO_MPOWER_R_TAXREVENUELATEST,COUNTRY,CHN,WPR,Western Pacific,YEAR,2024,TOBACCO_INDICATOR,TOBACCO_INDICATOR_Rev_VAT,,,,,,,178 000 000 000,178000000000,,,,2025-08-12T08:18:13Z,2024,2024-01-01,2024-12-31
4460954,TOBACCO_MPOWER_R_TAXREVENUELATEST,COUNTRY,SVN,EUR,Europe,YEAR,2024,TOBACCO_INDICATOR,TOBACCO_INDICATOR_Rev_import,,,,,,,. . .,,,,,2025-08-12T08:18:13Z,2024,2024-01-01,2024-12-31
4475482,TOBACCO_MPOWER_R_TAXREVENUELATEST,COUNTRY,JPN,WPR,Western Pacific,YEAR,2024,TOBACCO_INDICATOR,TOBACCO_INDICATOR_Rev_govt_total,,,,,,,. . .,,,,,2025-08-12T08:18:13Z,2024,2024-01-01,2024-12-31
4490733,TOBACCO_MPOWER_R_TAXREVENUELATEST,COUNTRY,BEL,EUR,Europe,YEAR,2024,TOBACCO_INDICATOR,TOBACCO_INDICATOR_Rev_govt_total,,,,,,,. . .,,,,,2025-08-12T08:18:13Z,2024,2024-01-01,2024-12-31
4495671,TOBACCO_MPOWER_R_TAXREVENUELATEST,COUNTRY,EGY,EMR,Eastern Mediterranean,YEAR,2024,TOBACCO_INDICATOR,TOBACCO_INDICATOR_Rev_type,,,,,,,All tobacco products,,,,,2025-08-12T15:04:57Z,2024,2024-01-01,2024-12-31
4500499,TOBACCO_MPOWER_R_TAXREVENUELATEST,COUNTRY,MDG,AFR,Africa,YEAR,2024,TOBACCO_INDICATOR,TOBACCO_INDICATOR_Rev_import,,,,,,,1 744 379 820,1744379820,,,,2025-08-12T08:18:13Z,2024,2024-01-01,2024-12-31
4505555,TOBACCO_MPOWER_R_TAXREVENUELATEST,COUNTRY,VNM,WPR,Western Pacific,YEAR,2024,TOBACCO_INDICATOR,TOBACCO_INDICATOR_Rev_import,,,,,,,1 215 000 000 000,1215000000000,,,,2025-08-12T15:04:57Z,2024,2024-01-01,2024-12-31
4511412,TOBACCO_MPOWER_R_TAXREVENUELATEST,COUNTRY,AFG,EMR,Eastern Mediterranean,YEAR,2024,TOBACCO_INDICATOR,TOBACCO_INDICATOR_Rev_VAT,,,,,,,—,,,,,2025-08-12T08:18:13Z,2024,2024-01-01,2024-12-31
4513479,TOBACCO_MPOWER_R_TAXREVENUELATEST,COUNTRY,ZAF,AFR,Africa,YEAR,2024,TOBACCO_INDICATOR,TOBACCO_INDICATOR_Rev_import,,,,,,,0,0,,,,2025-08-12T08:18:13Z,2024,2024-01-01,2024-12-31
4522658,TOBACCO_MPOWER_R_TAXREVENUELATEST,COUNTRY,ARE,EMR,Eastern Mediterranean,YEAR,2024,TOBACCO_INDICATOR,TOBACCO_INDICATOR_Rev_excise,,,,,,,1 275 492 034,1275492034.01,,,,2025-08-12T15:04:57Z,2024,2024-01-01,2024-12-31
4529767,TOBACCO_MPOWER_R_TAXREVENUELATEST,COUNTRY,LCA,AMR,Americas,YEAR,2024,TOBACCO_INDICATOR,TOBACCO_INDICATOR_Rev_other,,,,,,,552 360,552360,,,,2025-08-12T08:18:13Z,2024,2024-01-01,2024-12-31
4535024,TOBACCO_MPOWER_R_TAXREVENUELATEST,COUNTRY,ISL,EUR,Europe,YEAR,2024,TOBACCO_INDICATOR,TOBACCO_INDICATOR_Rev_import,,,,,,,. . .,,,,,2025-08-12T08:18:13Z,2024,2024-01-01,2024-12-31
4538311,TOBACCO_MPOWER_R_TAXREVENUELATEST,COUNTRY,BRA,AMR,Americas,YEAR,2024,TOBACCO_INDICATOR,TOBACCO_INDICATOR_Rev_govt_total,,,,,,,. . .,,,,,2025-08-12T08:18:13Z,2024,2024-01-01,2024-12-31
4539211,TOBACCO_MPOWER_R_TAXREVENUELATEST,COUNTRY,KHM,WPR,Western Pacific,YEAR,2024,TOBACCO_INDICATOR,TOBACCO_INDICATOR_Rev_excise,,,,,,,258 004 000 000,258004000000,,,,2025-08-12T08:18:13Z,2024,2024-01-01,2024-12-31
4539641,TOBACCO_MPOWER_R_TAXREVENUELATEST,COUNTRY,SYR,EMR,Eastern Mediterranean,YEAR,2024,TOBACCO_INDICATOR,TOBACCO_INDICATOR_Rev_curr,,,,,,,. .,,,,,2025-08-12T08:18:13Z,2024,2024-01-01,2024-12-31
4550875,TOBACCO_MPOWER_R_TAXREVENUELATEST,COUNTRY,FJI,WPR,Western Pacific,YEAR,2024,TOBACCO_INDICATOR,TOBACCO_INDICATOR_Rev_curr,,,,,,,FJD,,,,,2025-08-12T08:18:13Z,2024,2024-01-01,2024-12-31
4551399,TOBACCO_MPOWER_R_TAXREVENUELATEST,COUNTRY,GIN,AFR,Africa,YEAR,2024,TOBACCO_INDICATOR,TOBACCO_INDICATOR_Rev_VAT,,,,,,,92 628 046 231,92628046231,,,,2025-08-12T08:18:13Z,2024,2024-01-01,2024-12-31
4566297,TOBACCO_MPOWER_R_TAXREVENUELATEST,COUNTRY,DEU,EUR,Europe,YEAR,2024,TOBACCO_INDICATOR,TOBACCO_INDICATOR_Rev_other,,,,,,,. . .,,,,,2025-08-12T08:18:13Z,2024,2024-01-01,2024-12-31
4568384,TOBACCO_MPOWER_R_TAXREVENUELATEST,COUNTRY,MRT,AFR,Africa,YEAR,2024,TOBACCO_INDICATOR,TOBACCO_INDICATOR_Rev_other,,,,,,,. . .,,,,,2025-08-12T08:18:13Z,2024,2024-01-01,2024-12-31
4581717,TOBACCO_MPOWER_R_TAXREVENUELATEST,COUNTRY,MLI,AFR,Africa,YEAR,2024,TOBACCO_INDICATOR,TOBACCO_INDICATOR_Rev_VAT,,,,,,,6 127 751 065,6127751064.999999,,,,2025-08-12T08:18:13Z,2024,2024-01-01,2024-12-31
4605270,TOBACCO_MPOWER_R_TAXREVENUELATEST,COUNTRY,SVN,EUR,Europe,YEAR,2024,TOBACCO_INDICATOR,TOBACCO_INDICATOR_Rev_year,,,,,,,2023,,,,,2025-08-12T15:04:57Z,2024,2024-01-01,2024-12-31
4610215,TOBACCO_MPOWER_R_TAXREVENUELATEST,COUNTRY,HND,AMR,Americas,YEAR,2024,TOBACCO_INDICATOR,TOBACCO_INDICATOR_Rev_import,,,,,,,543 455,543454.66,,,,2025-08-12T15:04:57Z,2024,2024-01-01,2024-12-31
4614939,TOBACCO_MPOWER_R_TAXREVENUELATEST,COUNTRY,BTN,SEAR,South-East Asia,YEAR,2024,TOBACCO_INDICATOR,TOBACCO_INDICATOR_Rev_govt_total,,,,,,,507 360 000,507360000,,,,2025-08-12T08:18:13Z,2024,2024-01-01,2024-12-31
4623913,TOBACCO_MPOWER_R_TAXREVENUELATEST,COUNTRY,DJI,EMR,Eastern Mediterranean,YEAR,2024,TOBACCO_INDICATOR,TOBACCO_INDICATOR_Rev_type,,,,,,,All tobacco products,,,,,2025-08-12T08:18:13Z,2024,2024-01-01,2024-12-31
4624299,TOBACCO_MPOWER_R_TAXREVENUELATEST,COUNTRY,ZMB,AFR,Africa,YEAR,2024,TOBACCO_INDICATOR,TOBACCO_INDICATOR_Rev_VAT,,,,,,,77 849 326,77849326.12,,,,2025-08-12T08:18:13Z,2024,2024-01-01,2024-12-31
4629365,TOBACCO_MPOWER_R_TAXREVENUELATEST,COUNTRY,MHL,WPR,Western Pacific,YEAR,2024,TOBACCO_INDICATOR,TOBACCO_INDICATOR_Rev_year,,,,,,,2013,,,,,2025-08-12T15:04:57Z,2024,2024-01-01,2024-12-31
4634701,TOBACCO_MPOWER_R_TAXREVENUELATEST,COUNTRY,MOZ,AFR,Africa,YEAR,2024,TOBACCO_INDICATOR,TOBACCO_INDICATOR_Rev_excise,,,,,,,926 755 083,926755083.21,,,,2025-08-12T15:04:57Z,2024,2024-01-01,2024-12-31
4640825,TOBACCO_MPOWER_R_TAXREVENUELATEST,COUNTRY,BRB,AMR,Americas,YEAR,2024,TOBACCO_INDICATOR,TOBACCO_INDICATOR_Rev_type,,,,,,,Cigarettes only,,,,,2025-08-12T08:18:13Z,2024,2024-01-01,2024-12-31
4649604,TOBACCO_MPOWER_R_TAXREVENUELATEST,COUNTRY,MNE,EUR,Europe,YEAR,2024,TOBACCO_INDICATOR,TOBACCO_INDICATOR_Rev_year,,,,,,,2023,,,,,2025-08-12T15:04:57Z,2024,2024-01-01,2024-12-31
4650820,TOBACCO_MPOWER_R_TAXREVENUELATEST,COUNTRY,VCT,AMR,Americas,YEAR,2024,TOBACCO_INDICATOR,TOBACCO_INDICATOR_Rev_type,,,,,,,All tobacco products,,,,,2025-08-12T15:04:57Z,2024,2024-01-01,2024-12-31
4663020,TOBACCO_MPOWER_R_TAXREVENUELATEST,COUNTRY,RWA,AFR,Africa,YEAR,2024,TOBACCO_INDICATOR,TOBACCO_INDICATOR_Rev_type,,,,,,,All tobacco products,,,,,2025-08-12T15:04:57Z,2024,2024-01-01,2024-12-31
4670382,TOBACCO_MPOWER_R_TAXREVENUELATEST,COUNTRY,MDV,SEAR,South-East Asia,YEAR,2024,TOBACCO_INDICATOR,TOBACCO_INDICATOR_Rev_govt_total,,,,,,,. . .,,,,,2025-08-12T08:18:13Z,2024,2024-01-01,2024-12-31
4676909,TOBACCO_MPOWER_R_TAXREVENUELATEST,COUNTRY,DZA,AFR,Africa,YEAR,2024,TOBACCO_INDICATOR,TOBACCO_INDICATOR_Rev_type,,,,,,,All tobacco products,,,,,2025-08-12T15:04:57Z,2024,2024-01-01,2024-12-31
4682037,TOBACCO_MPOWER_R_TAXREVENUELATEST,COUNTRY,STP,AFR,Africa,YEAR,2024,TOBACCO_INDICATOR,TOBACCO_INDICATOR_Rev_other,,,,,,,0,0,,,,2025-08-12T08:18:13Z,2024,2024-01-01,2024-12-31
4684457,TOBACCO_MPOWER_R_TAXREVENUELATEST,COUNTRY,MAR,EMR,Eastern Mediterranean,YEAR,2024,TOBACCO_INDICATOR,TOBACCO_INDICATOR_Rev_govt_total,,,,,,,. . .,,,,,2025-08-12T08:18:13Z,2024,2024-01-01,2024-12-31
4685244,TOBACCO_MPOWER_R_TAXREVENUELATEST,COUNTRY,MNE,EUR,Europe,YEAR,2024,TOBACCO_INDICATOR,TOBACCO_INDICATOR_Rev_other,,,,,,,. . .,,,,,2025-08-12T08:18:13Z,2024,2024-01-01,2024-12-31
4685900,TOBACCO_MPOWER_R_TAXREVENUELATEST,COUNTRY,AZE,EUR,Europe,YEAR,2024,TOBACCO_INDICATOR,TOBACCO_INDICATOR_Rev_year,,,,,,,2017,,,,,2025-08-12T15:04:57Z,2024,2024-01-01,2024-12-31
4693333,TOBACCO_MPOWER_R_TAXREVENUELATEST,COUNTRY,QAT,EMR,Eastern Mediterranean,YEAR,2024,TOBACCO_INDICATOR,TOBACCO_INDICATOR_Rev_govt_total,,,,,,,940 905 387,940905387,,,,2025-08-12T08:18:13Z,2024,2024-01-01,2024-12-31
4693466,TOBACCO_MPOWER_R_TAXREVENUELATEST,COUNTRY,GMB,AFR,Africa,YEAR,2024,TOBACCO_INDICATOR,TOBACCO_INDICATOR_Rev_import,,,,,,,7 202 118,7202118,,,,2025-08-12T08:18:13Z,2024,2024-01-01,2024-12-31
4699930,TOBACCO_MPOWER_R_TAXREVENUELATEST,COUNTRY,CZE,EUR,Europe,YEAR,2024,TOBACCO_INDICATOR,TOBACCO_INDICATOR_Rev_curr,,,,,,,CZK,,,,,2025-08-12T08:18:13Z,2024,2024-01-01,2024-12-31
4705773,TOBACCO_MPOWER_R_TAXREVENUELATEST,COUNTRY,IRL,EUR,Europe,YEAR,2024,TOBACCO_INDICATOR,TOBACCO_INDICATOR_Rev_other,,,,,,,. . .,,,,,2025-08-12T08:18:13Z,2024,2024-01-01,2024-12-31
4718429,TOBACCO_MPOWER_R_TAXREVENUELATEST,COUNTRY,NER,AFR,Africa,YEAR,2024,TOBACCO_INDICATOR,TOBACCO_INDICATOR_Rev_VAT,,,,,,,10 569 117 911,10569117911,,,,2025-08-12T08:18:13Z,2024,2024-01-01,2024-12-31
4719232,TOBACCO_MPOWER_R_TAXREVENUELATEST,COUNTRY,GBR,EUR,Europe,YEAR,2024,TOBACCO_INDICATOR,TOBACCO_INDICATOR_Rev_type,,,,,,,All tobacco products,,,,,2025-08-12T15:04:57Z,2024,2024-01-01,2024-12-31
4724303,TOBACCO_MPOWER_R_TAXREVENUELATEST,COUNTRY,VUT,WPR,Western Pacific,YEAR,2024,TOBACCO_INDICATOR,TOBACCO_INDICATOR_Rev_other,,,,,,,0,0,,,,2025-08-12T08:18:13Z,2024,2024-01-01,2024-12-31
4729468,TOBACCO_MPOWER_R_TAXREVENUELATEST,COUNTRY,LBY,EMR,Eastern Mediterranean,YEAR,2024,TOBACCO_INDICATOR,TOBACCO_INDICATOR_Rev_import,,,,,,,. . .,,,,,2025-08-12T08:18:13Z,2024,2024-01-01,2024-12-31
4731897,TOBACCO_MPOWER_R_TAXREVENUELATEST,COUNTRY,HND,AMR,Americas,YEAR,2024,TOBACCO_INDICATOR,TOBACCO_INDICATOR_Rev_other,,,,,,,0,0,,,,2025-08-12T08:18:13Z,2024,2024-01-01,2024-12-31
4735506,TOBACCO_MPOWER_R_TAXREVENUELATEST,COUNTRY,ZMB,AFR,Africa,YEAR,2024,TOBACCO_INDICATOR,TOBACCO_INDICATOR_Rev_year,,,,,,,2021,,,,,2025-08-12T15:04:57Z,2024,2024-01-01,2024-12-31
4739863,TOBACCO_MPOWER_R_TAXREVENUELATEST,COUNTRY,BHS,AMR,Americas,YEAR,2024,TOBACCO_INDICATOR,TOBACCO_INDICATOR_Rev_year,,,,,,,2020,,,,,2025-08-12T15:04:57Z,2024,2024-01-01,2024-12-31
4742201,TOBACCO_MPOWER_R_TAXREVENUELATEST,COUNTRY,NER,AFR,Africa,YEAR,2024,TOBACCO_INDICATOR,TOBACCO_INDICATOR_Rev_other,,,,,,,0,0,,,,2025-08-12T08:18:13Z,2024,2024-01-01,2024-12-31
4747649,TOBACCO_MPOWER_R_TAXREVENUELATEST,COUNTRY,MUS,AFR,Africa,YEAR,2024,TOBACCO_INDICATOR,TOBACCO_INDICATOR_Rev_curr,,,,,,,MUR,,,,,2025-08-12T08:18:13Z,2024,2024-01-01,2024-12-31
4751365,TOBACCO_MPOWER_R_TAXREVENUELATEST,COUNTRY,GAB,AFR,Africa,YEAR,2024,TOBACCO_INDICATOR,TOBACCO_INDICATOR_Rev_govt_total,,,,,,,. . .,,,,,2025-08-12T08:18:13Z,2024,2024-01-01,2024-12-31
4766603,TOBACCO_MPOWER_R_TAXREVENUELATEST,COUNTRY,ISL,EUR,Europe,YEAR,2024,TOBACCO_INDICATOR,TOBACCO_INDICATOR_Rev_curr,,,,,,,ISK,,,,,2025-08-12T08:18:13Z,2024,2024-01-01,2024-12-31
4770668,TOBACCO_MPOWER_R_TAXREVENUELATEST,COUNTRY,KWT,EMR,Eastern Mediterranean,YEAR,2024,TOBACCO_INDICATOR,TOBACCO_INDICATOR_Rev_import,,,,,,,80 839 375,80839375,,,,2025-08-12T08:18:13Z,2024,2024-01-01,2024-12-31
4775872,TOBACCO_MPOWER_R_TAXREVENUELATEST,COUNTRY,SAU,EMR,Eastern Mediterranean,YEAR,2024,TOBACCO_INDICATOR,TOBACCO_INDICATOR_Rev_year,,,,,,,2023,,,,,2025-08-12T15:04:57Z,2024,2024-01-01,2024-12-31
4782075,TOBACCO_MPOWER_R_TAXREVENUELATEST,COUNTRY,SYR,EMR,Eastern Mediterranean,YEAR,2024,TOBACCO_INDICATOR,TOBACCO_INDICATOR_Rev_govt_total,,,,,,,. . .,,,,,2025-08-12T08:18:13Z,2024,2024-01-01,2024-12-31
4800233,TOBACCO_MPOWER_R_TAXREVENUELATEST,COUNTRY,TUV,WPR,Western Pacific,YEAR,2024,TOBACCO_INDICATOR,TOBACCO_INDICATOR_Rev_year,,,,,,,2022,,,,,2025-08-12T15:04:57Z,2024,2024-01-01,2024-12-31
4801903,TOBACCO_MPOWER_R_TAXREVENUELATEST,COUNTRY,CHN,WPR,Western Pacific,YEAR,2024,TOBACCO_INDICATOR,TOBACCO_INDICATOR_Rev_other,,,,,,,275 380 000 000,275380000000,,,,2025-08-12T08:18:13Z,2024,2024-01-01,2024-12-31
4803959,TOBACCO_MPOWER_R_TAXREVENUELATEST,COUNTRY,JOR,EMR,Eastern Mediterranean,YEAR,2024,TOBACCO_INDICATOR,TOBACCO_INDICATOR_Rev_other,,,,,,,. . .,,,,,2025-08-12T08:18:13Z,2024,2024-01-01,2024-12-31
4811570,TOBACCO_MPOWER_R_TAXREVENUELATEST,COUNTRY,CHL,AMR,Americas,YEAR,2024,TOBACCO_INDICATOR,TOBACCO_INDICATOR_Rev_govt_total,,,,,,,0,0,,,,2025-08-12T08:18:13Z,2024,2024-01-01,2024-12-31
4811734,TOBACCO_MPOWER_R_TAXREVENUELATEST,COUNTRY,URY,AMR,Americas,YEAR,2024,TOBACCO_INDICATOR,TOBACCO_INDICATOR_Rev_VAT,,,,,,,. . .,,,,,2025-08-12T08:18:13Z,2024,2024-01-01,2024-12-31
4813940,TOBACCO_MPOWER_R_TAXREVENUELATEST,COUNTRY,CAF,AFR,Africa,YEAR,2024,TOBACCO_INDICATOR,TOBACCO_INDICATOR_Rev_type,,,,,,,Cigarettes only,,,,,2025-08-12T08:18:13Z,2024,2024-01-01,2024-12-31
4816286,TOBACCO_MPOWER_R_TAXREVENUELATEST,COUNTRY,TJK,EUR,Europe,YEAR,2024,TOBACCO_INDICATOR,TOBACCO_INDICATOR_Rev_curr,,,,,,,TJS,,,,,2025-08-12T08:18:13Z,2024,2024-01-01,2024-12-31
4825847,TOBACCO_MPOWER_R_TAXREVENUELATEST,COUNTRY,BFA,AFR,Africa,YEAR,2024,TOBACCO_INDICATOR,TOBACCO_INDICATOR_Rev_curr,,,,,,,XOF,,,,,2025-08-12T08:18:13Z,2024,2024-01-01,2024-12-31
4829914,TOBACCO_MPOWER_R_TAXREVENUELATEST,COUNTRY,TGO,AFR,Africa,YEAR,2024,TOBACCO_INDICATOR,TOBACCO_INDICATOR_Rev_excise,,,,,,,5 094 340 086,5094340086,,,,2025-08-12T08:18:13Z,2024,2024-01-01,2024-12-31
4830865,TOBACCO_MPOWER_R_TAXREVENUELATEST,COUNTRY,AND,EUR,Europe,YEAR,2024,TOBACCO_INDICATOR,TOBACCO_INDICATOR_Rev_excise,,,,,,,1 086 606,1086606,,,,2025-08-12T08:18:13Z,2024,2024-01-01,2024-12-31
4839258,TOBACCO_MPOWER_R_TAXREVENUELATEST,COUNTRY,SGP,WPR,Western Pacific,YEAR,2024,TOBACCO_INDICATOR,TOBACCO_INDICATOR_Rev_import,,,,,,,. . .,,,,,2025-08-12T08:18:13Z,2024,2024-01-01,2024-12-31
4842911,TOBACCO_MPOWER_R_TAXREVENUELATEST,COUNTRY,PAK,EMR,Eastern Mediterranean,YEAR,2024,TOBACCO_INDICATOR,TOBACCO_INDICATOR_Rev_year,,,,,,,2024,,,,,2025-08-12T15:04:57Z,2024,2024-01-01,2024-12-31
4847134,TOBACCO_MPOWER_R_TAXREVENUELATEST,COUNTRY,SRB,EUR,Europe,YEAR,2024,TOBACCO_INDICATOR,TOBACCO_INDICATOR_Rev_year,,,,,,,2024,,,,,2025-08-12T15:04:57Z,2024,2024-01-01,2024-12-31
4847217,TOBACCO_MPOWER_R_TAXREVENUELATEST,COUNTRY,FRA,EUR,Europe,YEAR,2024,TOBACCO_INDICATOR,TOBACCO_INDICATOR_Rev_govt_total,,,,,,,. . .,,,,,2025-08-12T08:18:13Z,2024,2024-01-01,2024-12-31
4855422,TOBACCO_MPOWER_R_TAXREVENUELATEST,COUNTRY,GNQ,AFR,Africa,YEAR,2024,TOBACCO_INDICATOR,TOBACCO_INDICATOR_Rev_type,,,,,,,. . .,,,,,2025-08-12T08:18:13Z,2024,2024-01-01,2024-12-31
4856599,TOBACCO_MPOWER_R_TAXREVENUELATEST,COUNTRY,COM,AFR,Africa,YEAR,2024,TOBACCO_INDICATOR,TOBACCO_INDICATOR_Rev_year,,,,,,,2022,,,,,2025-08-12T15:04:57Z,2024,2024-01-01,2024-12-31
4880535,TOBACCO_MPOWER_R_TAXREVENUELATEST,COUNTRY,KEN,AFR,Africa,YEAR,2024,TOBACCO_INDICATOR,TOBACCO_INDICATOR_Rev_govt_total,,,,,,,. . .,,,,,2025-08-12T08:18:13Z,2024,2024-01-01,2024-12-31
4880838,TOBACCO_MPOWER_R_TAXREVENUELATEST,COUNTRY,NAM,AFR,Africa,YEAR,2024,TOBACCO_INDICATOR,TOBACCO_INDICATOR_Rev_year,,,,,,,2019,,,,,2025-08-12T15:04:57Z,2024,2024-01-01,2024-12-31
4886340,TOBACCO_MPOWER_R_TAXREVENUELATEST,COUNTRY,ATG,AMR,Americas,YEAR,2024,TOBACCO_INDICATOR,TOBACCO_INDICATOR_Rev_import,,,,,,,199 375,199375.41,,,,2025-08-12T08:18:13Z,2024,2024-01-01,2024-12-31
4890325,TOBACCO_MPOWER_R_TAXREVENUELATEST,COUNTRY,HUN,EUR,Europe,YEAR,2024,TOBACCO_INDICATOR,TOBACCO_INDICATOR_Rev_type,,,,,,,All tobacco products,,,,,2025-08-12T15:04:57Z,2024,2024-01-01,2024-12-31
4897135,TOBACCO_MPOWER_R_TAXREVENUELATEST,COUNTRY,DNK,EUR,Europe,YEAR,2024,TOBACCO_INDICATOR,TOBACCO_INDICATOR_Rev_import,,,,,,,. . .,,,,,2025-08-12T08:18:13Z,2024,2024-01-01,2024-12-31
4897899,TOBACCO_MPOWER_R_TAXREVENUELATEST,COUNTRY,LBR,AFR,Africa,YEAR,2024,TOBACCO_INDICATOR,TOBACCO_INDICATOR_Rev_import,,,,,,,100 000,100000,,,,2025-08-12T08:18:13Z,2024,2024-01-01,2024-12-31
4915962,TOBACCO_MPOWER_R_TAXREVENUELATEST,COUNTRY,MKD,EUR,Europe,YEAR,2024,TOBACCO_INDICATOR,TOBACCO_INDICATOR_Rev_govt_total,,,,,,,. . .,,,,,2025-08-12T08:18:13Z,2024,2024-01-01,2024-12-31
4925643,TOBACCO_MPOWER_R_TAXREVENUELATEST,COUNTRY,SWE,EUR,Europe,YEAR,2024,TOBACCO_INDICATOR,TOBACCO_INDICATOR_Rev_govt_total,,,,,,,. . .,,,,,2025-08-12T08:18:13Z,2024,2024-01-01,2024-12-31
4942928,TOBACCO_MPOWER_R_TAXREVENUELATEST,COUNTRY,BDI,AFR,Africa,YEAR,2024,TOBACCO_INDICATOR,TOBACCO_INDICATOR_Rev_year,,,,,,,2023/2024,,,,,2025-08-12T08:18:13Z,2024,2024-01-01,2024-12-31
4949936,TOBACCO_MPOWER_R_TAXREVENUELATEST,COUNTRY,TLS,SEAR,South-East Asia,YEAR,2024,TOBACCO_INDICATOR,TOBACCO_INDICATOR_Rev_excise,,,,,,,18 742 225,18742225,,,,2025-08-12T08:18:13Z,2024,2024-01-01,2024-12-31
4955358,TOBACCO_MPOWER_R_TAXREVENUELATEST,COUNTRY,PER,AMR,Americas,YEAR,2024,TOBACCO_INDICATOR,TOBACCO_INDICATOR_Rev_year,,,,,,,2023,,,,,2025-08-12T15:04:57Z,2024,2024-01-01,2024-12-31
4964088,TOBACCO_MPOWER_R_TAXREVENUELATEST,COUNTRY,BRN,WPR,Western Pacific,YEAR,2024,TOBACCO_INDICATOR,TOBACCO_INDICATOR_Rev_import,,,,,,,0,0,,,,2025-08-12T08:18:13Z,2024,2024-01-01,2024-12-31
4965710,TOBACCO_MPOWER_R_TAXREVENUELATEST,COUNTRY,SYC,AFR,Africa,YEAR,2024,TOBACCO_INDICATOR,TOBACCO_INDICATOR_Rev_excise,,,,,,,176 159 809,176159808.69,,,,2025-08-12T15:04:57Z,2024,2024-01-01,2024-12-31
4970417,TOBACCO_MPOWER_R_TAXREVENUELATEST,COUNTRY,KIR,WPR,Western Pacific,YEAR,2024,TOBACCO_INDICATOR,TOBACCO_INDICATOR_Rev_type,,,,,,,Cigarettes only,,,,,2025-08-12T08:18:13Z,2024,2024-01-01,2024-12-31
4972875,TOBACCO_MPOWER_R_TAXREVENUELATEST,COUNTRY,CHN,WPR,Western Pacific,YEAR,2024,TOBACCO_INDICATOR,TOBACCO_INDICATOR_Rev_excise,,,,,,,729 150 000 000,729150000000.0001,,,,2025-08-12T08:18:13Z,2024,2024-01-01,2024-12-31
4976662,TOBACCO_MPOWER_R_TAXREVENUELATEST,COUNTRY,LKA,SEAR,South-East Asia,YEAR,2024,TOBACCO_INDICATOR,TOBACCO_INDICATOR_Rev_import,,,,,,,. . .,,,,,2025-08-12T08:18:13Z,2024,2024-01-01,2024-12-31
4981728,TOBACCO_MPOWER_R_TAXREVENUELATEST,COUNTRY,SEN,AFR,Africa,YEAR,2024,TOBACCO_INDICATOR,TOBACCO_INDICATOR_Rev_other,,,,,,,. . .,,,,,2025-08-12T08:18:13Z,2024,2024-01-01,2024-12-31
4987451,TOBACCO_MPOWER_R_TAXREVENUELATEST,COUNTRY,SOM,EMR,Eastern Mediterranean,YEAR,2024,TOBACCO_INDICATOR,TOBACCO_INDICATOR_Rev_curr,,,,,,,USD,,,,,2025-08-12T08:18:13Z,2024,2024-01-01,2024-12-31
4990603,TOBACCO_MPOWER_R_TAXREVENUELATEST,COUNTRY,WSM,WPR,Western Pacific,YEAR,2024,TOBACCO_INDICATOR,TOBACCO_INDICATOR_Rev_VAT,,,,,,,. . .,,,,,2025-08-12T08:18:13Z,2024,2024-01-01,2024-12-31
5000914,TOBACCO_MPOWER_R_TAXREVENUELATEST,COUNTRY,COG,AFR,Africa,YEAR,2024,TOBACCO_INDICATOR,TOBACCO_INDICATOR_Rev_curr,,,,,,,XAF,,,,,2025-08-12T08:18:13Z,2024,2024-01-01,2024-12-31
5001067,TOBACCO_MPOWER_R_TAXREVENUELATEST,COUNTRY,WSM,WPR,Western Pacific,YEAR,2024,TOBACCO_INDICATOR,TOBACCO_INDICATOR_Rev_curr,,,,,,,WST,,,,,2025-08-12T08:18:13Z,2024,2024-01-01,2024-12-31
5001238,TOBACCO_MPOWER_R_TAXREVENUELATEST,COUNTRY,BLZ,AMR,Americas,YEAR,2024,TOBACCO_INDICATOR,TOBACCO_INDICATOR_Rev_VAT,,,,,,,2 007 186,2007186.04,,,,2025-08-12T08:18:13Z,2024,2024-01-01,2024-12-31
5005392,TOBACCO_MPOWER_R_TAXREVENUELATEST,COUNTRY,GBR,EUR,Europe,YEAR,2024,TOBACCO_INDICATOR,TOBACCO_INDICATOR_Rev_VAT,,,,,,,. . .,,,,,2025-08-12T08:18:13Z,2024,2024-01-01,2024-12-31
5006190,TOBACCO_MPOWER_R_TAXREVENUELATEST,COUNTRY,DEU,EUR,Europe,YEAR,2024,TOBACCO_INDICATOR,TOBACCO_INDICATOR_Rev_year,,,,,,,2023,,,,,2025-08-12T15:04:57Z,2024,2024-01-01,2024-12-31
5014056,TOBACCO_MPOWER_R_TAXREVENUELATEST,COUNTRY,BGR,EUR,Europe,YEAR,2024,TOBACCO_INDICATOR,TOBACCO_INDICATOR_Rev_type,,,,,,,All tobacco products,,,,,2025-08-12T15:04:57Z,2024,2024-01-01,2024-12-31
5017306,TOBACCO_MPOWER_R_TAXREVENUELATEST,COUNTRY,ISL,EUR,Europe,YEAR,2024,TOBACCO_INDICATOR,TOBACCO_INDICATOR_Rev_VAT,,,,,,,1 197 840 000,1197840000,,,,2025-08-12T08:18:13Z,2024,2024-01-01,2024-12-31
5018880,TOBACCO_MPOWER_R_TAXREVENUELATEST,COUNTRY,MKD,EUR,Europe,YEAR,2024,TOBACCO_INDICATOR,TOBACCO_INDICATOR_Rev_import,,,,,,,204 000 000,204000000,,,,2025-08-12T08:18:13Z,2024,2024-01-01,2024-12-31
5028567,TOBACCO_MPOWER_R_TAXREVENUELATEST,COUNTRY,KHM,WPR,Western Pacific,YEAR,2024,TOBACCO_INDICATOR,TOBACCO_INDICATOR_Rev_year,,,,,,,2023,,,,,2025-08-12T15:04:57Z,2024,2024-01-01,2024-12-31
5030476,TOBACCO_MPOWER_R_TAXREVENUELATEST,COUNTRY,NGA,AFR,Africa,YEAR,2024,TOBACCO_INDICATOR,TOBACCO_INDICATOR_Rev_year,,,,,,,2023,,,,,2025-08-12T15:04:57Z,2024,2024-01-01,2024-12-31
5031689,TOBACCO_MPOWER_R_TAXREVENUELATEST,COUNTRY,SLB,WPR,Western Pacific,YEAR,2024,TOBACCO_INDICATOR,TOBACCO_INDICATOR_Rev_other,,,,,,,. . .,,,,,2025-08-12T08:18:13Z,2024,2024-01-01,2024-12-31
5037486,TOBACCO_MPOWER_R_TAXREVENUELATEST,COUNTRY,LTU,EUR,Europe,YEAR,2024,TOBACCO_INDICATOR,TOBACCO_INDICATOR_Rev_year,,,,,,,2023,,,,,2025-08-12T15:04:57Z,2024,2024-01-01,2024-12-31
5040667,TOBACCO_MPOWER_R_TAXREVENUELATEST,COUNTRY,COG,AFR,Africa,YEAR,2024,TOBACCO_INDICATOR,TOBACCO_INDICATOR_Rev_excise,,,,,,,2 825 859,2825859,,,,2025-08-12T08:18:13Z,2024,2024-01-01,2024-12-31
5045722,TOBACCO_MPOWER_R_TAXREVENUELATEST,COUNTRY,TGO,AFR,Africa,YEAR,2024,TOBACCO_INDICATOR,TOBACCO_INDICATOR_Rev_VAT,,,,,,,1 833 962 427,1833962427,,,,2025-08-12T08:18:13Z,2024,2024-01-01,2024-12-31
5055670,TOBACCO_MPOWER_R_TAXREVENUELATEST,COUNTRY,UKR,EUR,Europe,YEAR,2024,TOBACCO_INDICATOR,TOBACCO_INDICATOR_Rev_govt_total,,,,,,,. . .,,,,,2025-08-12T08:18:13Z,2024,2024-01-01,2024-12-31
5057408,TOBACCO_MPOWER_R_TAXREVENUELATEST,COUNTRY,MNE,EUR,Europe,YEAR,2024,TOBACCO_INDICATOR,TOBACCO_INDICATOR_Rev_VAT,,,,,,,. . .,,,,,2025-08-12T08:18:13Z,2024,2024-01-01,2024-12-31
5065199,TOBACCO_MPOWER_R_TAXREVENUELATEST,COUNTRY,MUS,AFR,Africa,YEAR,2024,TOBACCO_INDICATOR,TOBACCO_INDICATOR_Rev_VAT,,,,,,,1 506 301 601,1506301601,,,,2025-08-12T08:18:13Z,2024,2024-01-01,2024-12-31
5070727,TOBACCO_MPOWER_R_TAXREVENUELATEST,COUNTRY,ZMB,AFR,Africa,YEAR,2024,TOBACCO_INDICATOR,TOBACCO_INDICATOR_Rev_type,,,,,,,Cigarettes only,,,,,2025-08-12T08:18:13Z,2024,2024-01-01,2024-12-31
5078896,TOBACCO_MPOWER_R_TAXREVENUELATEST,COUNTRY,SLE,AFR,Africa,YEAR,2024,TOBACCO_INDICATOR,TOBACCO_INDICATOR_Rev_import,,,,,,,45 532 947,45532947.03,,,,2025-08-12T08:18:13Z,2024,2024-01-01,2024-12-31
5080880,TOBACCO_MPOWER_R_TAXREVENUELATEST,COUNTRY,EGY,EMR,Eastern Mediterranean,YEAR,2024,TOBACCO_INDICATOR,TOBACCO_INDICATOR_Rev_excise,,,,,,,81 000 000 000,81000000000,,,,2025-08-12T08:18:13Z,2024,2024-01-01,2024-12-31
5086102,TOBACCO_MPOWER_R_TAXREVENUELATEST,COUNTRY,CUB,AMR,Americas,YEAR,2024,TOBACCO_INDICATOR,TOBACCO_INDICATOR_Rev_year,,,,,,,2024,,,,,2025-08-12T15:04:57Z,2024,2024-01-01,2024-12-31
5089205,TOBACCO_MPOWER_R_TAXREVENUELATEST,COUNTRY,DNK,EUR,Europe,YEAR,2024,TOBACCO_INDICATOR,TOBACCO_INDICATOR_Rev_year,,,,,,,2023,,,,,2025-08-12T15:04:57Z,2024,2024-01-01,2024-12-31
5093050,TOBACCO_MPOWER_R_TAXREVENUELATEST,COUNTRY,CRI,AMR,Americas,YEAR,2024,TOBACCO_INDICATOR,TOBACCO_INDICATOR_Rev_year,,,,,,,2023,,,,,2025-08-12T15:04:57Z,2024,2024-01-01,2024-12-31
5094117,TOBACCO_MPOWER_R_TAXREVENUELATEST,COUNTRY,NGA,AFR,Africa,YEAR,2024,TOBACCO_INDICATOR,TOBACCO_INDICATOR_Rev_type,,,,,,,All tobacco products,,,,,2025-08-12T15:04:57Z,2024,2024-01-01,2024-12-31
5101279,TOBACCO_MPOWER_R_TAXREVENUELATEST,COUNTRY,SLE,AFR,Africa,YEAR,2024,TOBACCO_INDICATOR,TOBACCO_INDICATOR_Rev_type,,,,,,,All tobacco products,,,,,2025-08-12T08:18:13Z,2024,2024-01-01,2024-12-31
5102315,TOBACCO_MPOWER_R_TAXREVENUELATEST,COUNTRY,ATG,AMR,Americas,YEAR,2024,TOBACCO_INDICATOR,TOBACCO_INDICATOR_Rev_curr,,,,,,,XCD,,,,,2025-08-12T08:18:13Z,2024,2024-01-01,2024-12-31
5119314,TOBACCO_MPOWER_R_TAXREVENUELATEST,COUNTRY,YEM,EMR,Eastern Mediterranean,YEAR,2024,TOBACCO_INDICATOR,TOBACCO_INDICATOR_Rev_other,,,,,,,. . .,,,,,2025-08-12T08:18:13Z,2024,2024-01-01,2024-12-31
5119710,TOBACCO_MPOWER_R_TAXREVENUELATEST,COUNTRY,ARG,AMR,Americas,YEAR,2024,TOBACCO_INDICATOR,TOBACCO_INDICATOR_Rev_curr,,,,,,,ARS,,,,,2025-08-12T08:18:13Z,2024,2024-01-01,2024-12-31
5131071,TOBACCO_MPOWER_R_TAXREVENUELATEST,COUNTRY,THA,SEAR,South-East Asia,YEAR,2024,TOBACCO_INDICATOR,TOBACCO_INDICATOR_Rev_excise,,,,,,,57 682 880 000,57682880000,,,,2025-08-12T08:18:13Z,2024,2024-01-01,2024-12-31
5132987,TOBACCO_MPOWER_R_TAXREVENUELATEST,COUNTRY,ITA,EUR,Europe,YEAR,2024,TOBACCO_INDICATOR,TOBACCO_INDICATOR_Rev_govt_total,,,,,,,. . .,,,,,2025-08-12T08:18:13Z,2024,2024-01-01,2024-12-31
5150033,TOBACCO_MPOWER_R_TAXREVENUELATEST,COUNTRY,USA,AMR,Americas,YEAR,2024,TOBACCO_INDICATOR,TOBACCO_INDICATOR_Rev_curr,,,,,,,USD,,,,,2025-08-12T08:18:13Z,2024,2024-01-01,2024-12-31
5151296,TOBACCO_MPOWER_R_TAXREVENUELATEST,COUNTRY,KNA,AMR,Americas,YEAR,2024,TOBACCO_INDICATOR,TOBACCO_INDICATOR_Rev_year,,,,,,,2022,,,,,2025-08-12T15:04:57Z,2024,2024-01-01,2024-12-31
5157792,TOBACCO_MPOWER_R_TAXREVENUELATEST,COUNTRY,LBY,EMR,Eastern Mediterranean,YEAR,2024,TOBACCO_INDICATOR,TOBACCO_INDICATOR_Rev_other,,,,,,,. . .,,,,,2025-08-12T08:18:13Z,2024,2024-01-01,2024-12-31
5159692,TOBACCO_MPOWER_R_TAXREVENUELATEST,COUNTRY,SEN,AFR,Africa,YEAR,2024,TOBACCO_INDICATOR,TOBACCO_INDICATOR_Rev_VAT,,,,,,,. . .,,,,,2025-08-12T08:18:13Z,2024,2024-01-01,2024-12-31
5166856,TOBACCO_MPOWER_R_TAXREVENUELATEST,COUNTRY,BTN,SEAR,South-East Asia,YEAR,2024,TOBACCO_INDICATOR,TOBACCO_INDICATOR_Rev_import,,,,,,,800 000,800000,,,,2025-08-12T08:18:13Z,2024,2024-01-01,2024-12-31
5178315,TOBACCO_MPOWER_R_TAXREVENUELATEST,COUNTRY,MLI,AFR,Africa,YEAR,2024,TOBACCO_INDICATOR,TOBACCO_INDICATOR_Rev_import,,,,,,,4 509 061 703,4509061703,,,,2025-08-12T08:18:13Z,2024,2024-01-01,2024-12-31
5184218,TOBACCO_MPOWER_R_TAXREVENUELATEST,COUNTRY,ALB,EUR,Europe,YEAR,2024,TOBACCO_INDICATOR,TOBACCO_INDICATOR_Rev_VAT,,,,,,,. . .,,,,,2025-08-12T08:18:13Z,2024,2024-01-01,2024-12-31
5184521,TOBACCO_MPOWER_R_TAXREVENUELATEST,COUNTRY,CAN,AMR,Americas,YEAR,2024,TOBACCO_INDICATOR,TOBACCO_INDICATOR_Rev_VAT,,,,,,,. . .,,,,,2025-08-12T08:18:13Z,2024,2024-01-01,2024-12-31
5185605,TOBACCO_MPOWER_R_TAXREVENUELATEST,COUNTRY,SWE,EUR,Europe,YEAR,2024,TOBACCO_INDICATOR,TOBACCO_INDICATOR_Rev_import,,,,,,,. . .,,,,,2025-08-12T08:18:13Z,2024,2024-01-01,2024-12-31
5185670,TOBACCO_MPOWER_R_TAXREVENUELATEST,COUNTRY,LAO,WPR,Western Pacific,YEAR,2024,TOBACCO_INDICATOR,TOBACCO_INDICATOR_Rev_other,,,,,,,. . .,,,,,2025-08-12T08:18:13Z,2024,2024-01-01,2024-12-31
5192969,TOBACCO_MPOWER_R_TAXREVENUELATEST,COUNTRY,MNE,EUR,Europe,YEAR,2024,TOBACCO_INDICATOR,TOBACCO_INDICATOR_Rev_curr,,,,,,,EUR,,,,,2025-08-12T08:18:13Z,2024,2024-01-01,2024-12-31
5200264,TOBACCO_MPOWER_R_TAXREVENUELATEST,COUNTRY,HRV,EUR,Europe,YEAR,2024,TOBACCO_INDICATOR,TOBACCO_INDICATOR_Rev_curr,,,,,,,EUR,,,,,2025-08-12T08:18:13Z,2024,2024-01-01,2024-12-31
5200599,TOBACCO_MPOWER_R_TAXREVENUELATEST,COUNTRY,ISR,EUR,Europe,YEAR,2024,TOBACCO_INDICATOR,TOBACCO_INDICATOR_Rev_curr,,,,,,,ILS,,,,,2025-08-12T08:18:13Z,2024,2024-01-01,2024-12-31
5202561,TOBACCO_MPOWER_R_TAXREVENUELATEST,COUNTRY,BDI,AFR,Africa,YEAR,2024,TOBACCO_INDICATOR,TOBACCO_INDICATOR_Rev_type,,,,,,,All tobacco products,,,,,2025-08-12T15:04:57Z,2024,2024-01-01,2024-12-31
5206480,TOBACCO_MPOWER_R_TAXREVENUELATEST,COUNTRY,ERI,AFR,Africa,YEAR,2024,TOBACCO_INDICATOR,TOBACCO_INDICATOR_Rev_VAT,,,,,,,19 108,19107.63,,,,2025-08-12T08:18:13Z,2024,2024-01-01,2024-12-31
5209796,TOBACCO_MPOWER_R_TAXREVENUELATEST,COUNTRY,LSO,AFR,Africa,YEAR,2024,TOBACCO_INDICATOR,TOBACCO_INDICATOR_Rev_excise,,,,,,,12 429 002,12429001.51,,,,2025-08-12T08:18:13Z,2024,2024-01-01,2024-12-31
5223408,TOBACCO_MPOWER_R_TAXREVENUELATEST,COUNTRY,TJK,EUR,Europe,YEAR,2024,TOBACCO_INDICATOR,TOBACCO_INDICATOR_Rev_import,,,,,,,. . .,,,,,2025-08-12T08:18:13Z,2024,2024-01-01,2024-12-31
5230057,TOBACCO_MPOWER_R_TAXREVENUELATEST,COUNTRY,CAF,AFR,Africa,YEAR,2024,TOBACCO_INDICATOR,TOBACCO_INDICATOR_Rev_import,,,,,,,. . .,,,,,2025-08-12T08:18:13Z,2024,2024-01-01,2024-12-31
5231831,TOBACCO_MPOWER_R_TAXREVENUELATEST,COUNTRY,NIU,WPR,Western Pacific,YEAR,2024,TOBACCO_INDICATOR,TOBACCO_INDICATOR_Rev_type,,,,,,,All tobacco products,,,,,2025-08-12T15:04:57Z,2024,2024-01-01,2024-12-31
5232612,TOBACCO_MPOWER_R_TAXREVENUELATEST,COUNTRY,TKM,EUR,Europe,YEAR,2024,TOBACCO_INDICATOR,TOBACCO_INDICATOR_Rev_govt_total,,,,,,,. . .,,,,,2025-08-12T08:18:13Z,2024,2024-01-01,2024-12-31
5235087,TOBACCO_MPOWER_R_TAXREVENUELATEST,COUNTRY,TUV,WPR,Western Pacific,YEAR,2024,TOBACCO_INDICATOR,TOBACCO_INDICATOR_Rev_type,,,,,,,Cigarettes only,,,,,2025-08-12T08:18:13Z,2024,2024-01-01,2024-12-31
5236867,TOBACCO_MPOWER_R_TAXREVENUELATEST,COUNTRY,DOM,AMR,Americas,YEAR,2024,TOBACCO_INDICATOR,TOBACCO_INDICATOR_Rev_VAT,,,,,,,. . .,,,,,2025-08-12T08:18:13Z,2024,2024-01-01,2024-12-31
5246563,TOBACCO_MPOWER_R_TAXREVENUELATEST,COUNTRY,GHA,AFR,Africa,YEAR,2024,TOBACCO_INDICATOR,TOBACCO_INDICATOR_Rev_curr,,,,,,,GHS,,,,,2025-08-12T08:18:13Z,2024,2024-01-01,2024-12-31
5252607,TOBACCO_MPOWER_R_TAXREVENUELATEST,COUNTRY,DMA,AMR,Americas,YEAR,2024,TOBACCO_INDICATOR,TOBACCO_INDICATOR_Rev_curr,,,,,,,XCD,,,,,2025-08-12T08:18:13Z,2024,2024-01-01,2024-12-31
5255365,TOBACCO_MPOWER_R_TAXREVENUELATEST,COUNTRY,PAN,AMR,Americas,YEAR,2024,TOBACCO_INDICATOR,TOBACCO_INDICATOR_Rev_import,,,,,,,. . .,,,,,2025-08-12T08:18:13Z,2024,2024-01-01,2024-12-31
5256163,TOBACCO_MPOWER_R_TAXREVENUELATEST,COUNTRY,MNG,WPR,Western Pacific,YEAR,2024,TOBACCO_INDICATOR,TOBACCO_INDICATOR_Rev_excise,,,,,,,152 185 884 143,152185884143,,,,2025-08-12T15:04:57Z,2024,2024-01-01,2024-12-31
5258157,TOBACCO_MPOWER_R_TAXREVENUELATEST,COUNTRY,HTI,AMR,Americas,YEAR,2024,TOBACCO_INDICATOR,TOBACCO_INDICATOR_Rev_other,,,,,,,2 146 042,2146042.45,,,,2025-08-12T08:18:13Z,2024,2024-01-01,2024-12-31
5263809,TOBACCO_MPOWER_R_TAXREVENUELATEST,COUNTRY,ARG,AMR,Americas,YEAR,2024,TOBACCO_INDICATOR,TOBACCO_INDICATOR_Rev_year,,,,,,,2022,,,,,2025-08-12T15:04:57Z,2024,2024-01-01,2024-12-31
5270545,TOBACCO_MPOWER_R_TAXREVENUELATEST,COUNTRY,SGP,WPR,Western Pacific,YEAR,2024,TOBACCO_INDICATOR,TOBACCO_INDICATOR_Rev_curr,,,,,,,SGD,,,,,2025-08-12T08:18:13Z,2024,2024-01-01,2024-12-31
5280123,TOBACCO_MPOWER_R_TAXREVENUELATEST,COUNTRY,FRA,EUR,Europe,YEAR,2024,TOBACCO_INDICATOR,TOBACCO_INDICATOR_Rev_VAT,,,,,,,. . .,,,,,2025-08-12T08:18:13Z,2024,2024-01-01,2024-12-31
5285030,TOBACCO_MPOWER_R_TAXREVENUELATEST,COUNTRY,AUS,WPR,Western Pacific,YEAR,2024,TOBACCO_INDICATOR,TOBACCO_INDICATOR_Rev_govt_total,,,,,,,. . .,,,,,2025-08-12T08:18:13Z,2024,2024-01-01,2024-12-31
5300920,TOBACCO_MPOWER_R_TAXREVENUELATEST,COUNTRY,LBY,EMR,Eastern Mediterranean,YEAR,2024,TOBACCO_INDICATOR,TOBACCO_INDICATOR_Rev_type,,,,,,,All tobacco products,,,,,2025-08-12T15:04:57Z,2024,2024-01-01,2024-12-31
5304340,TOBACCO_MPOWER_R_TAXREVENUELATEST,COUNTRY,HRV,EUR,Europe,YEAR,2024,TOBACCO_INDICATOR,TOBACCO_INDICATOR_Rev_year,,,,,,,2023,,,,,2025-08-12T15:04:57Z,2024,2024-01-01,2024-12-31
5308066,TOBACCO_MPOWER_R_TAXREVENUELATEST,COUNTRY,BLZ,AMR,Americas,YEAR,2024,TOBACCO_INDICATOR,TOBACCO_INDICATOR_Rev_govt_total,,,,,,,7 011 711,7011711.27,,,,2025-08-12T08:18:13Z,2024,2024-01-01,2024-12-31
5321318,TOBACCO_MPOWER_R_TAXREVENUELATEST,COUNTRY,AGO,AFR,Africa,YEAR,2024,TOBACCO_INDICATOR,TOBACCO_INDICATOR_Rev_excise,,,,,,,2 820 450 876,2820450876,,,,2025-08-12T08:18:13Z,2024,2024-01-01,2024-12-31
5321675,TOBACCO_MPOWER_R_TAXREVENUELATEST,COUNTRY,NRU,WPR,Western Pacific,YEAR,2024,TOBACCO_INDICATOR,TOBACCO_INDICATOR_Rev_excise,,,,,,,—,,,,,2025-08-12T08:18:13Z,2024,2024-01-01,2024-12-31
5323305,TOBACCO_MPOWER_R_TAXREVENUELATEST,COUNTRY,PAK,EMR,Eastern Mediterranean,YEAR,2024,TOBACCO_INDICATOR,TOBACCO_INDICATOR_Rev_VAT,,,,,,,60 664 000 000,60664000000,,,,2025-08-12T08:18:13Z,2024,2024-01-01,2024-12-31
5344292,TOBACCO_MPOWER_R_TAXREVENUELATEST,COUNTRY,PAK,EMR,Eastern Mediterranean,YEAR,2024,TOBACCO_INDICATOR,TOBACCO_INDICATOR_Rev_excise,,,,,,,237 073 000 000,237073000000,,,,2025-08-12T08:18:13Z,2024,2024-01-01,2024-12-31
5349109,TOBACCO_MPOWER_R_TAXREVENUELATEST,COUNTRY,ROU,EUR,Europe,YEAR,2024,TOBACCO_INDICATOR,TOBACCO_INDICATOR_Rev_curr,,,,,,,EUR,,,,,2025-08-12T08:18:13Z,2024,2024-01-01,2024-12-31
5371857,TOBACCO_MPOWER_R_TAXREVENUELATEST,COUNTRY,BIH,EUR,Europe,YEAR,2024,TOBACCO_INDICATOR,TOBACCO_INDICATOR_Rev_govt_total,,,,,,,. . .,,,,,2025-08-12T08:18:13Z,2024,2024-01-01,2024-12-31
5375961,TOBACCO_MPOWER_R_TAXREVENUELATEST,COUNTRY,CIV,AFR,Africa,YEAR,2024,TOBACCO_INDICATOR,TOBACCO_INDICATOR_Rev_govt_total,,,,,,,. . .,,,,,2025-08-12T08:18:13Z,2024,2024-01-01,2024-12-31
5384100,TOBACCO_MPOWER_R_TAXREVENUELATEST,COUNTRY,LBY,EMR,Eastern Mediterranean,YEAR,2024,TOBACCO_INDICATOR,TOBACCO_INDICATOR_Rev_govt_total,,,,,,,24 734 413,24734412.64,,,,2025-08-12T08:18:13Z,2024,2024-01-01,2024-12-31
5385719,TOBACCO_MPOWER_R_TAXREVENUELATEST,COUNTRY,MMR,SEAR,South-East Asia,YEAR,2024,TOBACCO_INDICATOR,TOBACCO_INDICATOR_Rev_import,,,,,,,. . .,,,,,2025-08-12T08:18:13Z,2024,2024-01-01,2024-12-31
5398468,TOBACCO_MPOWER_R_TAXREVENUELATEST,COUNTRY,MDG,AFR,Africa,YEAR,2024,TOBACCO_INDICATOR,TOBACCO_INDICATOR_Rev_govt_total,,,,,,,. . .,,,,,2025-08-12T08:18:13Z,2024,2024-01-01,2024-12-31
5403748,TOBACCO_MPOWER_R_TAXREVENUELATEST,COUNTRY,PER,AMR,Americas,YEAR,2024,TOBACCO_INDICATOR,TOBACCO_INDICATOR_Rev_VAT,,,,,,,74 844 976,74844976,,,,2025-08-12T08:18:13Z,2024,2024-01-01,2024-12-31
5415726,TOBACCO_MPOWER_R_TAXREVENUELATEST,COUNTRY,QAT,EMR,Eastern Mediterranean,YEAR,2024,TOBACCO_INDICATOR,TOBACCO_INDICATOR_Rev_type,,,,,,,Cigarettes only,,,,,2025-08-12T08:18:13Z,2024,2024-01-01,2024-12-31
5423412,TOBACCO_MPOWER_R_TAXREVENUELATEST,COUNTRY,COM,AFR,Africa,YEAR,2024,TOBACCO_INDICATOR,TOBACCO_INDICATOR_Rev_other,,,,,,,3 227 766,3227766,,,,2025-08-12T08:18:13Z,2024,2024-01-01,2024-12-31
5427522,TOBACCO_MPOWER_R_TAXREVENUELATEST,COUNTRY,SSD,AFR,Africa,YEAR,2024,TOBACCO_INDICATOR,TOBACCO_INDICATOR_Rev_other,,,,,,,6 028 880 700,6028880700,,,,2025-08-12T08:18:13Z,2024,2024-01-01,2024-12-31
5433374,TOBACCO_MPOWER_R_TAXREVENUELATEST,COUNTRY,GTM,AMR,Americas,YEAR,2024,TOBACCO_INDICATOR,TOBACCO_INDICATOR_Rev_type,,,,,,,All tobacco products,,,,,2025-08-12T15:04:57Z,2024,2024-01-01,2024-12-31
5434945,TOBACCO_MPOWER_R_TAXREVENUELATEST,COUNTRY,ISR,EUR,Europe,YEAR,2024,TOBACCO_INDICATOR,TOBACCO_INDICATOR_Rev_VAT,,,,,,,. . .,,,,,2025-08-12T08:18:13Z,2024,2024-01-01,2024-12-31
5442917,TOBACCO_MPOWER_R_TAXREVENUELATEST,COUNTRY,SGP,WPR,Western Pacific,YEAR,2024,TOBACCO_INDICATOR,TOBACCO_INDICATOR_Rev_VAT,,,,,,,. . .,,,,,2025-08-12T08:18:13Z,2024,2024-01-01,2024-12-31
5445182,TOBACCO_MPOWER_R_TAXREVENUELATEST,COUNTRY,GHA,AFR,Africa,YEAR,2024,TOBACCO_INDICATOR,TOBACCO_INDICATOR_Rev_excise,,,,,,,969 910 913,969910912.5,,,,2025-08-12T08:18:13Z,2024,2024-01-01,2024-12-31
5447273,TOBACCO_MPOWER_R_TAXREVENUELATEST,COUNTRY,CZE,EUR,Europe,YEAR,2024,TOBACCO_INDICATOR,TOBACCO_INDICATOR_Rev_VAT,,,,,,,. . .,,,,,2025-08-12T08:18:13Z,2024,2024-01-01,2024-12-31
5447602,TOBACCO_MPOWER_R_TAXREVENUELATEST,COUNTRY,ATG,AMR,Americas,YEAR,2024,TOBACCO_INDICATOR,TOBACCO_INDICATOR_Rev_type,,,,,,,All tobacco products,,,,,2025-08-12T15:04:57Z,2024,2024-01-01,2024-12-31
5454033,TOBACCO_MPOWER_R_TAXREVENUELATEST,COUNTRY,SUR,AMR,Americas,YEAR,2024,TOBACCO_INDICATOR,TOBACCO_INDICATOR_Rev_govt_total,,,,,,,130 014 376,130014376.48,,,,2025-08-12T15:04:57Z,2024,2024-01-01,2024-12-31
5471354,TOBACCO_MPOWER_R_TAXREVENUELATEST,COUNTRY,SLE,AFR,Africa,YEAR,2024,TOBACCO_INDICATOR,TOBACCO_INDICATOR_Rev_VAT,,,,,,,32 198 298,32198298.26,,,,2025-08-12T08:18:13Z,2024,2024-01-01,2024-12-31
5500601,TOBACCO_MPOWER_R_TAXREVENUELATEST,COUNTRY,BFA,AFR,Africa,YEAR,2024,TOBACCO_INDICATOR,TOBACCO_INDICATOR_Rev_year,,,,,,,2023,,,,,2025-08-12T15:04:57Z,2024,2024-01-01,2024-12-31
5501669,TOBACCO_MPOWER_R_TAXREVENUELATEST,COUNTRY,BGR,EUR,Europe,YEAR,2024,TOBACCO_INDICATOR,TOBACCO_INDICATOR_Rev_excise,,,,,,,1 819 579 400,1819579400,,,,2025-08-12T08:18:13Z,2024,2024-01-01,2024-12-31
5503506,TOBACCO_MPOWER_R_TAXREVENUELATEST,COUNTRY,PNG,WPR,Western Pacific,YEAR,2024,TOBACCO_INDICATOR,TOBACCO_INDICATOR_Rev_excise,,,,,,,700 000 000,700000000,,,,2025-08-12T08:18:13Z,2024,2024-01-01,2024-12-31
5525474,TOBACCO_MPOWER_R_TAXREVENUELATEST,COUNTRY,SEN,AFR,Africa,YEAR,2024,TOBACCO_INDICATOR,TOBACCO_INDICATOR_Rev_import,,,,,,,. . .,,,,,2025-08-12T08:18:13Z,2024,2024-01-01,2024-12-31
5540580,TOBACCO_MPOWER_R_TAXREVENUELATEST,COUNTRY,BIH,EUR,Europe,YEAR,2024,TOBACCO_INDICATOR,TOBACCO_INDICATOR_Rev_curr,,,,,,,BAM,,,,,2025-08-12T08:18:13Z,2024,2024-01-01,2024-12-31
5564184,TOBACCO_MPOWER_R_TAXREVENUELATEST,COUNTRY,LBN,EMR,Eastern Mediterranean,YEAR,2024,TOBACCO_INDICATOR,TOBACCO_INDICATOR_Rev_other,,,,,,,0,0,,,,2025-08-12T08:18:13Z,2024,2024-01-01,2024-12-31
5571454,TOBACCO_MPOWER_R_TAXREVENUELATEST,COUNTRY,CYP,EUR,Europe,YEAR,2024,TOBACCO_INDICATOR,TOBACCO_INDICATOR_Rev_excise,,,,,,,142 700 000,142700000,,,,2025-08-12T08:18:13Z,2024,2024-01-01,2024-12-31
5583823,TOBACCO_MPOWER_R_TAXREVENUELATEST,COUNTRY,ARM,EUR,Europe,YEAR,2024,TOBACCO_INDICATOR,TOBACCO_INDICATOR_Rev_govt_total,,,,,,,37 427 300 400,37427300400,,,,2025-08-12T08:18:13Z,2024,2024-01-01,2024-12-31
5584212,TOBACCO_MPOWER_R_TAXREVENUELATEST,COUNTRY,GNB,AFR,Africa,YEAR,2024,TOBACCO_INDICATOR,TOBACCO_INDICATOR_Rev_curr,,,,,,,XOF,,,,,2025-08-12T08:18:13Z,2024,2024-01-01,2024-12-31
5591652,TOBACCO_MPOWER_R_TAXREVENUELATEST,COUNTRY,NRU,WPR,Western Pacific,YEAR,2024,TOBACCO_INDICATOR,TOBACCO_INDICATOR_Rev_VAT,,,,,,,0,0,,,,2025-08-12T08:18:13Z,2024,2024-01-01,2024-12-31
5591677,TOBACCO_MPOWER_R_TAXREVENUELATEST,COUNTRY,VEN,AMR,Americas,YEAR,2024,TOBACCO_INDICATOR,TOBACCO_INDICATOR_Rev_type,,,,,,,Cigarettes only,,,,Data not validated by the national authorities.,2025-08-12T08:18:13Z,2024,2024-01-01,2024-12-31
5592053,TOBACCO_MPOWER_R_TAXREVENUELATEST,COUNTRY,MMR,SEAR,South-East Asia,YEAR,2024,TOBACCO_INDICATOR,TOBACCO_INDICATOR_Rev_year,,,,,,,2022/23,,,,,2025-08-12T08:18:13Z,2024,2024-01-01,2024-12-31
5612928,TOBACCO_MPOWER_R_TAXREVENUELATEST,COUNTRY,BEN,AFR,Africa,YEAR,2024,TOBACCO_INDICATOR,TOBACCO_INDICATOR_Rev_VAT,,,,,,,662 171 104,662171104,,,,2025-08-12T08:18:13Z,2024,2024-01-01,2024-12-31
5613869,TOBACCO_MPOWER_R_TAXREVENUELATEST,COUNTRY,KGZ,EUR,Europe,YEAR,2024,TOBACCO_INDICATOR,TOBACCO_INDICATOR_Rev_type,,,,,,,All tobacco products,,,,,2025-08-12T15:04:57Z,2024,2024-01-01,2024-12-31
5627290,TOBACCO_MPOWER_R_TAXREVENUELATEST,COUNTRY,CPV,AFR,Africa,YEAR,2024,TOBACCO_INDICATOR,TOBACCO_INDICATOR_Rev_govt_total,,,,,,,633 664 705,633664705,,,,2025-08-12T08:18:13Z,2024,2024-01-01,2024-12-31
5627800,TOBACCO_MPOWER_R_TAXREVENUELATEST,COUNTRY,PAN,AMR,Americas,YEAR,2024,TOBACCO_INDICATOR,TOBACCO_INDICATOR_Rev_excise,,,,,,,14 773 576,14773576.12,,,,2025-08-12T08:18:13Z,2024,2024-01-01,2024-12-31
5636499,TOBACCO_MPOWER_R_TAXREVENUELATEST,COUNTRY,BGD,SEAR,South-East Asia,YEAR,2024,TOBACCO_INDICATOR,TOBACCO_INDICATOR_Rev_VAT,,,,,,,67 755 200 000,67755200000,,,,2025-08-12T08:18:13Z,2024,2024-01-01,2024-12-31
5637853,TOBACCO_MPOWER_R_TAXREVENUELATEST,COUNTRY,QAT,EMR,Eastern Mediterranean,YEAR,2024,TOBACCO_INDICATOR,TOBACCO_INDICATOR_Rev_import,,,,,,,169 462 537,169462537,,,,2025-08-12T08:18:13Z,2024,2024-01-01,2024-12-31
5638455,TOBACCO_MPOWER_R_TAXREVENUELATEST,COUNTRY,BOL,AMR,Americas,YEAR,2024,TOBACCO_INDICATOR,TOBACCO_INDICATOR_Rev_govt_total,,,,,,,277 572 343,277572343,,,,2025-08-12T08:18:13Z,2024,2024-01-01,2024-12-31
5641111,TOBACCO_MPOWER_R_TAXREVENUELATEST,COUNTRY,JOR,EMR,Eastern Mediterranean,YEAR,2024,TOBACCO_INDICATOR,TOBACCO_INDICATOR_Rev_curr,,,,,,,JOD,,,,,2025-08-12T08:18:13Z,2024,2024-01-01,2024-12-31
5645740,TOBACCO_MPOWER_R_TAXREVENUELATEST,COUNTRY,RUS,EUR,Europe,YEAR,2024,TOBACCO_INDICATOR,TOBACCO_INDICATOR_Rev_VAT,,,,,,,. . .,,,,,2025-08-12T08:18:13Z,2024,2024-01-01,2024-12-31
5666781,TOBACCO_MPOWER_R_TAXREVENUELATEST,COUNTRY,BLZ,AMR,Americas,YEAR,2024,TOBACCO_INDICATOR,TOBACCO_INDICATOR_Rev_type,,,,,,,All tobacco products,,,,,2025-08-12T15:04:57Z,2024,2024-01-01,2024-12-31
5674944,TOBACCO_MPOWER_R_TAXREVENUELATEST,COUNTRY,NZL,WPR,Western Pacific,YEAR,2024,TOBACCO_INDICATOR,TOBACCO_INDICATOR_Rev_other,,,,,,,. . .,,,,,2025-08-12T08:18:13Z,2024,2024-01-01,2024-12-31
5675632,TOBACCO_MPOWER_R_TAXREVENUELATEST,COUNTRY,MLT,EUR,Europe,YEAR,2024,TOBACCO_INDICATOR,TOBACCO_INDICATOR_Rev_excise,,,,,,,100 352 100,100352100,,,,2025-08-12T08:18:13Z,2024,2024-01-01,2024-12-31
5683403,TOBACCO_MPOWER_R_TAXREVENUELATEST,COUNTRY,NRU,WPR,Western Pacific,YEAR,2024,TOBACCO_INDICATOR,TOBACCO_INDICATOR_Rev_year,,,,,,,2023/24,,,,,2025-08-12T08:18:13Z,2024,2024-01-01,2024-12-31
5686368,TOBACCO_MPOWER_R_TAXREVENUELATEST,COUNTRY,MDG,AFR,Africa,YEAR,2024,TOBACCO_INDICATOR,TOBACCO_INDICATOR_Rev_year,,,,,,,2023,,,,,2025-08-12T15:04:57Z,2024,2024-01-01,2024-12-31
5703645,TOBACCO_MPOWER_R_TAXREVENUELATEST,COUNTRY,MCO,EUR,Europe,YEAR,2024,TOBACCO_INDICATOR,TOBACCO_INDICATOR_Rev_excise,,,,,,,. . .,,,,,2025-08-12T08:18:13Z,2024,2024-01-01,2024-12-31
5706090,TOBACCO_MPOWER_R_TAXREVENUELATEST,COUNTRY,IRQ,EMR,Eastern Mediterranean,YEAR,2024,TOBACCO_INDICATOR,TOBACCO_INDICATOR_Rev_import,,,,,,,. . .,,,,,2025-08-12T08:18:13Z,2024,2024-01-01,2024-12-31
5706941,TOBACCO_MPOWER_R_TAXREVENUELATEST,COUNTRY,TUR,EUR,Europe,YEAR,2024,TOBACCO_INDICATOR,TOBACCO_INDICATOR_Rev_type,,,,,,,Cigarettes only,,,,,2025-08-12T08:18:13Z,2024,2024-01-01,2024-12-31
5710234,TOBACCO_MPOWER_R_TAXREVENUELATEST,COUNTRY,MRT,AFR,Africa,YEAR,2024,TOBACCO_INDICATOR,TOBACCO_INDICATOR_Rev_import,,,,,,,. . .,,,,,2025-08-12T08:18:13Z,2024,2024-01-01,2024-12-31
5715350,TOBACCO_MPOWER_R_TAXREVENUELATEST,COUNTRY,NGA,AFR,Africa,YEAR,2024,TOBACCO_INDICATOR,TOBACCO_INDICATOR_Rev_excise,,,,,,,91 068 682 025,91068682025.37,,,,2025-08-12T15:04:57Z,2024,2024-01-01,2024-12-31
5721597,TOBACCO_MPOWER_R_TAXREVENUELATEST,COUNTRY,JOR,EMR,Eastern Mediterranean,YEAR,2024,TOBACCO_INDICATOR,TOBACCO_INDICATOR_Rev_excise,,,,,,,706 000 000,706000000,,,,2025-08-12T08:18:13Z,2024,2024-01-01,2024-12-31
5735248,TOBACCO_MPOWER_R_TAXREVENUELATEST,COUNTRY,PER,AMR,Americas,YEAR,2024,TOBACCO_INDICATOR,TOBACCO_INDICATOR_Rev_import,,,,,,,186 235,186235,,,,2025-08-12T08:18:13Z,2024,2024-01-01,2024-12-31
5736021,TOBACCO_MPOWER_R_TAXREVENUELATEST,COUNTRY,ROU,EUR,Europe,YEAR,2024,TOBACCO_INDICATOR,TOBACCO_INDICATOR_Rev_type,,,,,,,All tobacco products,,,,,2025-08-12T15:04:57Z,2024,2024-01-01,2024-12-31
5764124,TOBACCO_MPOWER_R_TAXREVENUELATEST,COUNTRY,UGA,AFR,Africa,YEAR,2024,TOBACCO_INDICATOR,TOBACCO_INDICATOR_Rev_year,,,,,,,2022,,,,,2025-08-12T15:04:57Z,2024,2024-01-01,2024-12-31
5766794,TOBACCO_MPOWER_R_TAXREVENUELATEST,COUNTRY,SRB,EUR,Europe,YEAR,2024,TOBACCO_INDICATOR,TOBACCO_INDICATOR_Rev_other,,,,,,,0,0,,,,2025-08-12T08:18:13Z,2024,2024-01-01,2024-12-31
5770419,TOBACCO_MPOWER_R_TAXREVENUELATEST,COUNTRY,NIU,WPR,Western Pacific,YEAR,2024,TOBACCO_INDICATOR,TOBACCO_INDICATOR_Rev_year,,,,,,,2019,,,,,2025-08-12T15:04:57Z,2024,2024-01-01,2024-12-31
5776164,TOBACCO_MPOWER_R_TAXREVENUELATEST,COUNTRY,DNK,EUR,Europe,YEAR,2024,TOBACCO_INDICATOR,TOBACCO_INDICATOR_Rev_excise,,,,,,,1 076 729 000,1076729000,,,,2025-08-12T08:18:13Z,2024,2024-01-01,2024-12-31
5783867,TOBACCO_MPOWER_R_TAXREVENUELATEST,COUNTRY,TZA,AFR,Africa,YEAR,2024,TOBACCO_INDICATOR,TOBACCO_INDICATOR_Rev_year,,,,,,,2022,,,,,2025-08-12T15:04:57Z,2024,2024-01-01,2024-12-31
5796437,TOBACCO_MPOWER_R_TAXREVENUELATEST,COUNTRY,EST,EUR,Europe,YEAR,2024,TOBACCO_INDICATOR,TOBACCO_INDICATOR_Rev_year,,,,,,,2023,,,,,2025-08-12T15:04:57Z,2024,2024-01-01,2024-12-31
5801360,TOBACCO_MPOWER_R_TAXREVENUELATEST,COUNTRY,TUR,EUR,Europe,YEAR,2024,TOBACCO_INDICATOR,TOBACCO_INDICATOR_Rev_other,,,,,,,. . .,,,,,2025-08-12T08:18:13Z,2024,2024-01-01,2024-12-31
5813306,TOBACCO_MPOWER_R_TAXREVENUELATEST,COUNTRY,ERI,AFR,Africa,YEAR,2024,TOBACCO_INDICATOR,TOBACCO_INDICATOR_Rev_year,,,,,,,2017,,,,,2025-08-12T15:04:57Z,2024,2024-01-01,2024-12-31
5820878,TOBACCO_MPOWER_R_TAXREVENUELATEST,COUNTRY,BHS,AMR,Americas,YEAR,2024,TOBACCO_INDICATOR,TOBACCO_INDICATOR_Rev_type,,,,,,,All tobacco products,,,,,2025-08-12T15:04:57Z,2024,2024-01-01,2024-12-31
5833019,TOBACCO_MPOWER_R_TAXREVENUELATEST,COUNTRY,CMR,AFR,Africa,YEAR,2024,TOBACCO_INDICATOR,TOBACCO_INDICATOR_Rev_govt_total,,,,,,,8 637 665 113,8637665113,,,,2025-08-12T08:18:13Z,2024,2024-01-01,2024-12-31
5841019,TOBACCO_MPOWER_R_TAXREVENUELATEST,COUNTRY,MYS,WPR,Western Pacific,YEAR,2024,TOBACCO_INDICATOR,TOBACCO_INDICATOR_Rev_year,,,,,,,2023,,,,,2025-08-12T15:04:57Z,2024,2024-01-01,2024-12-31
5843968,TOBACCO_MPOWER_R_TAXREVENUELATEST,COUNTRY,KWT,EMR,Eastern Mediterranean,YEAR,2024,TOBACCO_INDICATOR,TOBACCO_INDICATOR_Rev_curr,,,,,,,KWD,,,,,2025-08-12T08:18:13Z,2024,2024-01-01,2024-12-31
5849766,TOBACCO_MPOWER_R_TAXREVENUELATEST,COUNTRY,GRD,AMR,Americas,YEAR,2024,TOBACCO_INDICATOR,TOBACCO_INDICATOR_Rev_year,,,,,,,2023,,,,,2025-08-12T15:04:57Z,2024,2024-01-01,2024-12-31
5860637,TOBACCO_MPOWER_R_TAXREVENUELATEST,COUNTRY,BRB,AMR,Americas,YEAR,2024,TOBACCO_INDICATOR,TOBACCO_INDICATOR_Rev_excise,,,,,,,290 228,290227.66,,,,2025-08-12T08:18:13Z,2024,2024-01-01,2024-12-31
5862090,TOBACCO_MPOWER_R_TAXREVENUELATEST,COUNTRY,AZE,EUR,Europe,YEAR,2024,TOBACCO_INDICATOR,TOBACCO_INDICATOR_Rev_other,,,,,,,. . .,,,,,2025-08-12T08:18:13Z,2024,2024-01-01,2024-12-31
5863698,TOBACCO_MPOWER_R_TAXREVENUELATEST,COUNTRY,BRA,AMR,Americas,YEAR,2024,TOBACCO_INDICATOR,TOBACCO_INDICATOR_Rev_type,,,,,,,Cigarettes only,,,,,2025-08-12T08:18:13Z,2024,2024-01-01,2024-12-31
5864277,TOBACCO_MPOWER_R_TAXREVENUELATEST,COUNTRY,IRL,EUR,Europe,YEAR,2024,TOBACCO_INDICATOR,TOBACCO_INDICATOR_Rev_govt_total,,,,,,,. . .,,,,,2025-08-12T08:18:13Z,2024,2024-01-01,2024-12-31
5871773,TOBACCO_MPOWER_R_TAXREVENUELATEST,COUNTRY,SLB,WPR,Western Pacific,YEAR,2024,TOBACCO_INDICATOR,TOBACCO_INDICATOR_Rev_import,,,,,,,49 640 206,49640206,,,,2025-08-12T08:18:13Z,2024,2024-01-01,2024-12-31
5896912,TOBACCO_MPOWER_R_TAXREVENUELATEST,COUNTRY,COM,AFR,Africa,YEAR,2024,TOBACCO_INDICATOR,TOBACCO_INDICATOR_Rev_VAT,,,,,,,49 500 988,49500988,,,,2025-08-12T08:18:13Z,2024,2024-01-01,2024-12-31
5917810,TOBACCO_MPOWER_R_TAXREVENUELATEST,COUNTRY,FIN,EUR,Europe,YEAR,2024,TOBACCO_INDICATOR,TOBACCO_INDICATOR_Rev_type,,,,,,,All tobacco products,,,,,2025-08-12T15:04:57Z,2024,2024-01-01,2024-12-31
5921092,TOBACCO_MPOWER_R_TAXREVENUELATEST,COUNTRY,AUS,WPR,Western Pacific,YEAR,2024,TOBACCO_INDICATOR,TOBACCO_INDICATOR_Rev_type,,,,,,,All tobacco products,,,,,2025-08-12T15:04:57Z,2024,2024-01-01,2024-12-31
5939227,TOBACCO_MPOWER_R_TAXREVENUELATEST,COUNTRY,KAZ,EUR,Europe,YEAR,2024,TOBACCO_INDICATOR,TOBACCO_INDICATOR_Rev_import,,,,,,,. . .,,,,,2025-08-12T08:18:13Z,2024,2024-01-01,2024-12-31
5940822,TOBACCO_MPOWER_R_TAXREVENUELATEST,COUNTRY,ITA,EUR,Europe,YEAR,2024,TOBACCO_INDICATOR,TOBACCO_INDICATOR_Rev_other,,,,,,,. . .,,,,,2025-08-12T08:18:13Z,2024,2024-01-01,2024-12-31
5947989,TOBACCO_MPOWER_R_TAXREVENUELATEST,COUNTRY,DNK,EUR,Europe,YEAR,2024,TOBACCO_INDICATOR,TOBACCO_INDICATOR_Rev_VAT,,,,,,,. . .,,,,,2025-08-12T08:18:13Z,2024,2024-01-01,2024-12-31
5959036,TOBACCO_MPOWER_R_TAXREVENUELATEST,COUNTRY,ETH,AFR,Africa,YEAR,2024,TOBACCO_INDICATOR,TOBACCO_INDICATOR_Rev_year,,,,,,,2023,,,,,2025-08-12T15:04:57Z,2024,2024-01-01,2024-12-31
5962621,TOBACCO_MPOWER_R_TAXREVENUELATEST,COUNTRY,GMB,AFR,Africa,YEAR,2024,TOBACCO_INDICATOR,TOBACCO_INDICATOR_Rev_VAT,,,,,,,34 650 102,34650102,,,,2025-08-12T08:18:13Z,2024,2024-01-01,2024-12-31
5966207,TOBACCO_MPOWER_R_TAXREVENUELATEST,COUNTRY,SYR,EMR,Eastern Mediterranean,YEAR,2024,TOBACCO_INDICATOR,TOBACCO_INDICATOR_Rev_year,,,,,,,. . .,,,,,2025-08-12T08:18:13Z,2024,2024-01-01,2024-12-31
5967142,TOBACCO_MPOWER_R_TAXREVENUELATEST,COUNTRY,MRT,AFR,Africa,YEAR,2024,TOBACCO_INDICATOR,TOBACCO_INDICATOR_Rev_VAT,,,,,,,. . .,,,,,2025-08-12T08:18:13Z,2024,2024-01-01,2024-12-31
5967529,TOBACCO_MPOWER_R_TAXREVENUELATEST,COUNTRY,MNG,WPR,Western Pacific,YEAR,2024,TOBACCO_INDICATOR,TOBACCO_INDICATOR_Rev_import,,,,,,,52 095 384 454,52095384453.6,,,,2025-08-12T15:04:57Z,2024,2024-01-01,2024-12-31
5983815,TOBACCO_MPOWER_R_TAXREVENUELATEST,COUNTRY,SMR,EUR,Europe,YEAR,2024,TOBACCO_INDICATOR,TOBACCO_INDICATOR_Rev_govt_total,,,,,,,. . .,,,,,2025-08-12T08:18:13Z,2024,2024-01-01,2024-12-31
5987263,TOBACCO_MPOWER_R_TAXREVENUELATEST,COUNTRY,IRN,EMR,Eastern Mediterranean,YEAR,2024,TOBACCO_INDICATOR,TOBACCO_INDICATOR_Rev_import,,,,,,,. . .,,,,,2025-08-12T08:18:13Z,2024,2024-01-01,2024-12-31
5998889,TOBACCO_MPOWER_R_TAXREVENUELATEST,COUNTRY,DMA,AMR,Americas,YEAR,2024,TOBACCO_INDICATOR,TOBACCO_INDICATOR_Rev_govt_total,,,,,,,323 367,323366.69,,,,2025-08-12T08:18:13Z,2024,2024-01-01,2024-12-31
5999466,TOBACCO_MPOWER_R_TAXREVENUELATEST,COUNTRY,LBY,EMR,Eastern Mediterranean,YEAR,2024,TOBACCO_INDICATOR,TOBACCO_INDICATOR_Rev_curr,,,,,,,LYD,,,,,2025-08-12T08:18:13Z,2024,2024-01-01,2024-12-31
6004400,TOBACCO_MPOWER_R_TAXREVENUELATEST,COUNTRY,KEN,AFR,Africa,YEAR,2024,TOBACCO_INDICATOR,TOBACCO_INDICATOR_Rev_other,,,,,,,. . .,,,,,2025-08-12T08:18:13Z,2024,2024-01-01,2024-12-31
6007523,TOBACCO_MPOWER_R_TAXREVENUELATEST,COUNTRY,MYS,WPR,Western Pacific,YEAR,2024,TOBACCO_INDICATOR,TOBACCO_INDICATOR_Rev_other,,,,,,,—,,,,,2025-08-12T08:18:13Z,2024,2024-01-01,2024-12-31
6022779,TOBACCO_MPOWER_R_TAXREVENUELATEST,COUNTRY,ISR,EUR,Europe,YEAR,2024,TOBACCO_INDICATOR,TOBACCO_INDICATOR_Rev_year,,,,,,,2023,,,,,2025-08-12T15:04:57Z,2024,2024-01-01,2024-12-31
6026752,TOBACCO_MPOWER_R_TAXREVENUELATEST,COUNTRY,PRT,EUR,Europe,YEAR,2024,TOBACCO_INDICATOR,TOBACCO_INDICATOR_Rev_other,,,,,,,. . .,,,,,2025-08-12T08:18:13Z,2024,2024-01-01,2024-12-31
6032203,TOBACCO_MPOWER_R_TAXREVENUELATEST,COUNTRY,BHR,EMR,Eastern Mediterranean,YEAR,2024,TOBACCO_INDICATOR,TOBACCO_INDICATOR_Rev_VAT,,,,,,,—,,,,,2025-08-12T08:18:13Z,2024,2024-01-01,2024-12-31
6039573,TOBACCO_MPOWER_R_TAXREVENUELATEST,COUNTRY,PSE,EMR,Eastern Mediterranean,YEAR,2024,TOBACCO_INDICATOR,TOBACCO_INDICATOR_Rev_VAT,,,,,,,198 532 486,198532486,,,,2025-08-12T08:18:13Z,2024,2024-01-01,2024-12-31
6041666,TOBACCO_MPOWER_R_TAXREVENUELATEST,COUNTRY,NIU,WPR,Western Pacific,YEAR,2024,TOBACCO_INDICATOR,TOBACCO_INDICATOR_Rev_govt_total,,,,,,,. . .,,,,,2025-08-12T08:18:13Z,2024,2024-01-01,2024-12-31
6051503,TOBACCO_MPOWER_R_TAXREVENUELATEST,COUNTRY,MDV,SEAR,South-East Asia,YEAR,2024,TOBACCO_INDICATOR,TOBACCO_INDICATOR_Rev_year,,,,,,,2024,,,,,2025-08-12T15:04:57Z,2024,2024-01-01,2024-12-31
6064228,TOBACCO_MPOWER_R_TAXREVENUELATEST,COUNTRY,PHL,WPR,Western Pacific,YEAR,2024,TOBACCO_INDICATOR,TOBACCO_INDICATOR_Rev_curr,,,,,,,PHP,,,,,2025-08-12T08:18:13Z,2024,2024-01-01,2024-12-31
6072221,TOBACCO_MPOWER_R_TAXREVENUELATEST,COUNTRY,PHL,WPR,Western Pacific,YEAR,2024,TOBACCO_INDICATOR,TOBACCO_INDICATOR_Rev_VAT,,,,,,,. . .,,,,,2025-08-12T08:18:13Z,2024,2024-01-01,2024-12-31
6072998,TOBACCO_MPOWER_R_TAXREVENUELATEST,COUNTRY,IRN,EMR,Eastern Mediterranean,YEAR,2024,TOBACCO_INDICATOR,TOBACCO_INDICATOR_Rev_govt_total,,,,,,,. . .,,,,,2025-08-12T08:18:13Z,2024,2024-01-01,2024-12-31
6075782,TOBACCO_MPOWER_R_TAXREVENUELATEST,COUNTRY,GEO,EUR,Europe,YEAR,2024,TOBACCO_INDICATOR,TOBACCO_INDICATOR_Rev_curr,,,,,,,GEL,,,,,2025-08-12T08:18:13Z,2024,2024-01-01,2024-12-31
6077159,TOBACCO_MPOWER_R_TAXREVENUELATEST,COUNTRY,LBR,AFR,Africa,YEAR,2024,TOBACCO_INDICATOR,TOBACCO_INDICATOR_Rev_govt_total,,,,,,,6 600 890,6600890,,,,2025-08-12T08:18:13Z,2024,2024-01-01,2024-12-31
6092262,TOBACCO_MPOWER_R_TAXREVENUELATEST,COUNTRY,NGA,AFR,Africa,YEAR,2024,TOBACCO_INDICATOR,TOBACCO_INDICATOR_Rev_govt_total,,,,,,,. . .,,,,,2025-08-12T08:18:13Z,2024,2024-01-01,2024-12-31
6097872,TOBACCO_MPOWER_R_TAXREVENUELATEST,COUNTRY,MMR,SEAR,South-East Asia,YEAR,2024,TOBACCO_INDICATOR,TOBACCO_INDICATOR_Rev_govt_total,,,,,,,. . .,,,,,2025-08-12T08:18:13Z,2024,2024-01-01,2024-12-31
6099039,TOBACCO_MPOWER_R_TAXREVENUELATEST,COUNTRY,MNG,WPR,Western Pacific,YEAR,2024,TOBACCO_INDICATOR,TOBACCO_INDICATOR_Rev_govt_total,,,,,,,246 057 790 188,246057790188.30002,,,,2025-08-12T15:04:57Z,2024,2024-01-01,2024-12-31
6114881,TOBACCO_MPOWER_R_TAXREVENUELATEST,COUNTRY,GTM,AMR,Americas,YEAR,2024,TOBACCO_INDICATOR,TOBACCO_INDICATOR_Rev_curr,,,,,,,GTQ,,,,,2025-08-12T08:18:13Z,2024,2024-01-01,2024-12-31
6121098,TOBACCO_MPOWER_R_TAXREVENUELATEST,COUNTRY,GMB,AFR,Africa,YEAR,2024,TOBACCO_INDICATOR,TOBACCO_INDICATOR_Rev_other,,,,,,,29 204 895,29204895,,,,2025-08-12T08:18:13Z,2024,2024-01-01,2024-12-31
6130497,TOBACCO_MPOWER_R_TAXREVENUELATEST,COUNTRY,SGP,WPR,Western Pacific,YEAR,2024,TOBACCO_INDICATOR,TOBACCO_INDICATOR_Rev_type,,,,,,,All tobacco products,,,,,2025-08-12T15:04:57Z,2024,2024-01-01,2024-12-31
6136187,TOBACCO_MPOWER_R_TAXREVENUELATEST,COUNTRY,OMN,EMR,Eastern Mediterranean,YEAR,2024,TOBACCO_INDICATOR,TOBACCO_INDICATOR_Rev_excise,,,,,,,12 241 699,12241699,,,,2025-08-12T08:18:13Z,2024,2024-01-01,2024-12-31
6139680,TOBACCO_MPOWER_R_TAXREVENUELATEST,COUNTRY,VCT,AMR,Americas,YEAR,2024,TOBACCO_INDICATOR,TOBACCO_INDICATOR_Rev_excise,,,,,,,348 582,348581.5,,,,2025-08-12T08:18:13Z,2024,2024-01-01,2024-12-31
6141141,TOBACCO_MPOWER_R_TAXREVENUELATEST,COUNTRY,CRI,AMR,Americas,YEAR,2024,TOBACCO_INDICATOR,TOBACCO_INDICATOR_Rev_other,,,,,,,705 788 541,705788541,,,,2025-08-12T08:18:13Z,2024,2024-01-01,2024-12-31
6141497,TOBACCO_MPOWER_R_TAXREVENUELATEST,COUNTRY,ISL,EUR,Europe,YEAR,2024,TOBACCO_INDICATOR,TOBACCO_INDICATOR_Rev_other,,,,,,,. . .,,,,,2025-08-12T08:18:13Z,2024,2024-01-01,2024-12-31
6143085,TOBACCO_MPOWER_R_TAXREVENUELATEST,COUNTRY,HTI,AMR,Americas,YEAR,2024,TOBACCO_INDICATOR,TOBACCO_INDICATOR_Rev_VAT,,,,,,,3 818 603,3818603.12,,,,2025-08-12T08:18:13Z,2024,2024-01-01,2024-12-31
6144115,TOBACCO_MPOWER_R_TAXREVENUELATEST,COUNTRY,BLZ,AMR,Americas,YEAR,2024,TOBACCO_INDICATOR,TOBACCO_INDICATOR_Rev_other,,,,,,,10 886,10885.58,,,,2025-08-12T08:18:13Z,2024,2024-01-01,2024-12-31
6151376,TOBACCO_MPOWER_R_TAXREVENUELATEST,COUNTRY,SUR,AMR,Americas,YEAR,2024,TOBACCO_INDICATOR,TOBACCO_INDICATOR_Rev_year,,,,,,,2021,,,,,2025-08-12T15:04:57Z,2024,2024-01-01,2024-12-31
6154861,TOBACCO_MPOWER_R_TAXREVENUELATEST,COUNTRY,TLS,SEAR,South-East Asia,YEAR,2024,TOBACCO_INDICATOR,TOBACCO_INDICATOR_Rev_govt_total,,,,,,,19 569 168,19569167.74,,,,2025-08-12T08:18:13Z,2024,2024-01-01,2024-12-31
6161379,TOBACCO_MPOWER_R_TAXREVENUELATEST,COUNTRY,TUR,EUR,Europe,YEAR,2024,TOBACCO_INDICATOR,TOBACCO_INDICATOR_Rev_curr,,,,,,,TRY,,,,,2025-08-12T08:18:13Z,2024,2024-01-01,2024-12-31
6167270,TOBACCO_MPOWER_R_TAXREVENUELATEST,COUNTRY,MNG,WPR,Western Pacific,YEAR,2024,TOBACCO_INDICATOR,TOBACCO_INDICATOR_Rev_type,,,,,,,All tobacco products,,,,,2025-08-12T15:04:57Z,2024,2024-01-01,2024-12-31
6181202,TOBACCO_MPOWER_R_TAXREVENUELATEST,COUNTRY,COL,AMR,Americas,YEAR,2024,TOBACCO_INDICATOR,TOBACCO_INDICATOR_Rev_excise,,,,,,,1 451 343 000,1451343000,,,,2025-08-12T08:18:13Z,2024,2024-01-01,2024-12-31
6191346,TOBACCO_MPOWER_R_TAXREVENUELATEST,COUNTRY,LAO,WPR,Western Pacific,YEAR,2024,TOBACCO_INDICATOR,TOBACCO_INDICATOR_Rev_VAT,,,,,,,55 299 378 707,55299378707,,,,2025-08-12T08:18:13Z,2024,2024-01-01,2024-12-31
6194647,TOBACCO_MPOWER_R_TAXREVENUELATEST,COUNTRY,STP,AFR,Africa,YEAR,2024,TOBACCO_INDICATOR,TOBACCO_INDICATOR_Rev_curr,,,,,,,STD,,,,,2025-08-12T08:18:13Z,2024,2024-01-01,2024-12-31
6208491,TOBACCO_MPOWER_R_TAXREVENUELATEST,COUNTRY,BHR,EMR,Eastern Mediterranean,YEAR,2024,TOBACCO_INDICATOR,TOBACCO_INDICATOR_Rev_import,,,,,,,18 300 861,18300861.17,,,,2025-08-12T08:18:13Z,2024,2024-01-01,2024-12-31
6217267,TOBACCO_MPOWER_R_TAXREVENUELATEST,COUNTRY,KHM,WPR,Western Pacific,YEAR,2024,TOBACCO_INDICATOR,TOBACCO_INDICATOR_Rev_type,,,,,,,Cigarettes only,,,,,2025-08-12T08:18:13Z,2024,2024-01-01,2024-12-31
6231008,TOBACCO_MPOWER_R_TAXREVENUELATEST,COUNTRY,MHL,WPR,Western Pacific,YEAR,2024,TOBACCO_INDICATOR,TOBACCO_INDICATOR_Rev_VAT,,,,,,,. . .,,,,,2025-08-12T08:18:13Z,2024,2024-01-01,2024-12-31
6238095,TOBACCO_MPOWER_R_TAXREVENUELATEST,COUNTRY,COM,AFR,Africa,YEAR,2024,TOBACCO_INDICATOR,TOBACCO_INDICATOR_Rev_curr,,,,,,,KMF,,,,,2025-08-12T08:18:13Z,2024,2024-01-01,2024-12-31
6239556,TOBACCO_MPOWER_R_TAXREVENUELATEST,COUNTRY,PHL,WPR,Western Pacific,YEAR,2024,TOBACCO_INDICATOR,TOBACCO_INDICATOR_Rev_other,,,,,,,. . .,,,,,2025-08-12T08:18:13Z,2024,2024-01-01,2024-12-31
6242517,TOBACCO_MPOWER_R_TAXREVENUELATEST,COUNTRY,HTI,AMR,Americas,YEAR,2024,TOBACCO_INDICATOR,TOBACCO_INDICATOR_Rev_excise,,,,,,,2 918 678,2918677.53,,,,2025-08-12T08:18:13Z,2024,2024-01-01,2024-12-31
6243500,TOBACCO_MPOWER_R_TAXREVENUELATEST,COUNTRY,RUS,EUR,Europe,YEAR,2024,TOBACCO_INDICATOR,TOBACCO_INDICATOR_Rev_curr,,,,,,,RUB,,,,,2025-08-12T08:18:13Z,2024,2024-01-01,2024-12-31
6261594,TOBACCO_MPOWER_R_TAXREVENUELATEST,COUNTRY,CHN,WPR,Western Pacific,YEAR,2024,TOBACCO_INDICATOR,TOBACCO_INDICATOR_Rev_govt_total,,,,,,,1 182 870 000 000,1182870000000,,,,2025-08-12T15:04:57Z,2024,2024-01-01,2024-12-31
6262474,TOBACCO_MPOWER_R_TAXREVENUELATEST,COUNTRY,BGR,EUR,Europe,YEAR,2024,TOBACCO_INDICATOR,TOBACCO_INDICATOR_Rev_import,,,,,,,. . .,,,,,2025-08-12T08:18:13Z,2024,2024-01-01,2024-12-31
6264358,TOBACCO_MPOWER_R_TAXREVENUELATEST,COUNTRY,PSE,EMR,Eastern Mediterranean,YEAR,2024,TOBACCO_INDICATOR,TOBACCO_INDICATOR_Rev_import,,,,,,,0,0,,,,2025-08-12T08:18:13Z,2024,2024-01-01,2024-12-31
6271682,TOBACCO_MPOWER_R_TAXREVENUELATEST,COUNTRY,COD,AFR,Africa,YEAR,2024,TOBACCO_INDICATOR,TOBACCO_INDICATOR_Rev_excise,,,,,,,85 652 374 421,85652374421,,,,2025-08-12T08:18:13Z,2024,2024-01-01,2024-12-31
6274376,TOBACCO_MPOWER_R_TAXREVENUELATEST,COUNTRY,BGR,EUR,Europe,YEAR,2024,TOBACCO_INDICATOR,TOBACCO_INDICATOR_Rev_other,,,,,,,. . .,,,,,2025-08-12T08:18:13Z,2024,2024-01-01,2024-12-31
6275936,TOBACCO_MPOWER_R_TAXREVENUELATEST,COUNTRY,SUR,AMR,Americas,YEAR,2024,TOBACCO_INDICATOR,TOBACCO_INDICATOR_Rev_other,,,,,,,226 791,226790.64,,,,2025-08-12T08:18:13Z,2024,2024-01-01,2024-12-31
6282139,TOBACCO_MPOWER_R_TAXREVENUELATEST,COUNTRY,CAN,AMR,Americas,YEAR,2024,TOBACCO_INDICATOR,TOBACCO_INDICATOR_Rev_other,,,,,,,. . .,,,,,2025-08-12T08:18:13Z,2024,2024-01-01,2024-12-31
6286939,TOBACCO_MPOWER_R_TAXREVENUELATEST,COUNTRY,DJI,EMR,Eastern Mediterranean,YEAR,2024,TOBACCO_INDICATOR,TOBACCO_INDICATOR_Rev_import,,,,,,,. . .,,,,,2025-08-12T08:18:13Z,2024,2024-01-01,2024-12-31
6293909,TOBACCO_MPOWER_R_TAXREVENUELATEST,COUNTRY,YEM,EMR,Eastern Mediterranean,YEAR,2024,TOBACCO_INDICATOR,TOBACCO_INDICATOR_Rev_curr,,,,,,,YER,,,,,2025-08-12T08:18:13Z,2024,2024-01-01,2024-12-31
6303717,TOBACCO_MPOWER_R_TAXREVENUELATEST,COUNTRY,DOM,AMR,Americas,YEAR,2024,TOBACCO_INDICATOR,TOBACCO_INDICATOR_Rev_year,,,,,,,2023,,,,,2025-08-12T15:04:57Z,2024,2024-01-01,2024-12-31
6318227,TOBACCO_MPOWER_R_TAXREVENUELATEST,COUNTRY,ROU,EUR,Europe,YEAR,2024,TOBACCO_INDICATOR,TOBACCO_INDICATOR_Rev_VAT,,,,,,,. . .,,,,,2025-08-12T08:18:13Z,2024,2024-01-01,2024-12-31
6336328,TOBACCO_MPOWER_R_TAXREVENUELATEST,COUNTRY,ATG,AMR,Americas,YEAR,2024,TOBACCO_INDICATOR,TOBACCO_INDICATOR_Rev_VAT,,,,,,,357 351,357350.78,,,,2025-08-12T08:18:13Z,2024,2024-01-01,2024-12-31
6346268,TOBACCO_MPOWER_R_TAXREVENUELATEST,COUNTRY,MYS,WPR,Western Pacific,YEAR,2024,TOBACCO_INDICATOR,TOBACCO_INDICATOR_Rev_govt_total,,,,,,,3 498 997 415,3498997415,,,,2025-08-12T08:18:13Z,2024,2024-01-01,2024-12-31
6346727,TOBACCO_MPOWER_R_TAXREVENUELATEST,COUNTRY,STP,AFR,Africa,YEAR,2024,TOBACCO_INDICATOR,TOBACCO_INDICATOR_Rev_year,,,,,,,2017,,,,,2025-08-12T15:04:57Z,2024,2024-01-01,2024-12-31
6349785,TOBACCO_MPOWER_R_TAXREVENUELATEST,COUNTRY,TON,WPR,Western Pacific,YEAR,2024,TOBACCO_INDICATOR,TOBACCO_INDICATOR_Rev_year,,,,,,,2022,,,,,2025-08-12T15:04:57Z,2024,2024-01-01,2024-12-31
6355493,TOBACCO_MPOWER_R_TAXREVENUELATEST,COUNTRY,JAM,AMR,Americas,YEAR,2024,TOBACCO_INDICATOR,TOBACCO_INDICATOR_Rev_import,,,,,,,12 803 037,12803037,,,Data not validated by the national authorities.,2025-08-12T08:18:13Z,2024,2024-01-01,2024-12-31
6358209,TOBACCO_MPOWER_R_TAXREVENUELATEST,COUNTRY,UKR,EUR,Europe,YEAR,2024,TOBACCO_INDICATOR,TOBACCO_INDICATOR_Rev_type,,,,,,,All tobacco products,,,,,2025-08-12T15:04:57Z,2024,2024-01-01,2024-12-31
6366273,TOBACCO_MPOWER_R_TAXREVENUELATEST,COUNTRY,IND,SEAR,South-East Asia,YEAR,2024,TOBACCO_INDICATOR,TOBACCO_INDICATOR_Rev_excise,,,,,,,183 300 000 000,183300000000,,,,2025-08-12T08:18:13Z,2024,2024-01-01,2024-12-31
6367380,TOBACCO_MPOWER_R_TAXREVENUELATEST,COUNTRY,BTN,SEAR,South-East Asia,YEAR,2024,TOBACCO_INDICATOR,TOBACCO_INDICATOR_Rev_other,,,,,,,0,0,,,,2025-08-12T08:18:13Z,2024,2024-01-01,2024-12-31
6378595,TOBACCO_MPOWER_R_TAXREVENUELATEST,COUNTRY,POL,EUR,Europe,YEAR,2024,TOBACCO_INDICATOR,TOBACCO_INDICATOR_Rev_curr,,,,,,,EUR,,,,,2025-08-12T08:18:13Z,2024,2024-01-01,2024-12-31
6379534,TOBACCO_MPOWER_R_TAXREVENUELATEST,COUNTRY,CAN,AMR,Americas,YEAR,2024,TOBACCO_INDICATOR,TOBACCO_INDICATOR_Rev_type,,,,,,,All tobacco products,,,,,2025-08-12T15:04:57Z,2024,2024-01-01,2024-12-31
6381163,TOBACCO_MPOWER_R_TAXREVENUELATEST,COUNTRY,CHL,AMR,Americas,YEAR,2024,TOBACCO_INDICATOR,TOBACCO_INDICATOR_Rev_year,,,,,,,2023,,,,,2025-08-12T15:04:57Z,2024,2024-01-01,2024-12-31
6387175,TOBACCO_MPOWER_R_TAXREVENUELATEST,COUNTRY,SAU,EMR,Eastern Mediterranean,YEAR,2024,TOBACCO_INDICATOR,TOBACCO_INDICATOR_Rev_type,,,,,,,All tobacco products,,,,,2025-08-12T15:04:57Z,2024,2024-01-01,2024-12-31
6392680,TOBACCO_MPOWER_R_TAXREVENUELATEST,COUNTRY,AFG,EMR,Eastern Mediterranean,YEAR,2024,TOBACCO_INDICATOR,TOBACCO_INDICATOR_Rev_curr,,,,,,,AFN,,,,,2025-08-12T08:18:13Z,2024,2024-01-01,2024-12-31
6393078,TOBACCO_MPOWER_R_TAXREVENUELATEST,COUNTRY,BIH,EUR,Europe,YEAR,2024,TOBACCO_INDICATOR,TOBACCO_INDICATOR_Rev_other,,,,,,,. . .,,,,,2025-08-12T08:18:13Z,2024,2024-01-01,2024-12-31
6404111,TOBACCO_MPOWER_R_TAXREVENUELATEST,COUNTRY,GNB,AFR,Africa,YEAR,2024,TOBACCO_INDICATOR,TOBACCO_INDICATOR_Rev_VAT,,,,,,,. . .,,,,,2025-08-12T08:18:13Z,2024,2024-01-01,2024-12-31
6416269,TOBACCO_MPOWER_R_TAXREVENUELATEST,COUNTRY,BRA,AMR,Americas,YEAR,2024,TOBACCO_INDICATOR,TOBACCO_INDICATOR_Rev_other,,,,,,,777 000 000,777000000,,,,2025-08-12T08:18:13Z,2024,2024-01-01,2024-12-31
6416488,TOBACCO_MPOWER_R_TAXREVENUELATEST,COUNTRY,COL,AMR,Americas,YEAR,2024,TOBACCO_INDICATOR,TOBACCO_INDICATOR_Rev_VAT,,,,,,,785 524 337 000,785524337000,,,,2025-08-12T15:04:57Z,2024,2024-01-01,2024-12-31
6427421,TOBACCO_MPOWER_R_TAXREVENUELATEST,COUNTRY,IND,SEAR,South-East Asia,YEAR,2024,TOBACCO_INDICATOR,TOBACCO_INDICATOR_Rev_type,,,,,,,Cigarettes only,,,,,2025-08-12T08:18:13Z,2024,2024-01-01,2024-12-31
6430944,TOBACCO_MPOWER_R_TAXREVENUELATEST,COUNTRY,MRT,AFR,Africa,YEAR,2024,TOBACCO_INDICATOR,TOBACCO_INDICATOR_Rev_curr,,,,,,,MRU,,,,,2025-08-12T08:18:13Z,2024,2024-01-01,2024-12-31
6438017,TOBACCO_MPOWER_R_TAXREVENUELATEST,COUNTRY,LAO,WPR,Western Pacific,YEAR,2024,TOBACCO_INDICATOR,TOBACCO_INDICATOR_Rev_curr,,,,,,,LAK,,,,,2025-08-12T08:18:13Z,2024,2024-01-01,2024-12-31
6440434,TOBACCO_MPOWER_R_TAXREVENUELATEST,COUNTRY,BOL,AMR,Americas,YEAR,2024,TOBACCO_INDICATOR,TOBACCO_INDICATOR_Rev_other,,,,,,,20 385 527,20385527,,,,2025-08-12T08:18:13Z,2024,2024-01-01,2024-12-31
6456242,TOBACCO_MPOWER_R_TAXREVENUELATEST,COUNTRY,TUN,EMR,Eastern Mediterranean,YEAR,2024,TOBACCO_INDICATOR,TOBACCO_INDICATOR_Rev_year,,,,,,,2021,,,,,2025-08-12T15:04:57Z,2024,2024-01-01,2024-12-31
6461381,TOBACCO_MPOWER_R_TAXREVENUELATEST,COUNTRY,ERI,AFR,Africa,YEAR,2024,TOBACCO_INDICATOR,TOBACCO_INDICATOR_Rev_other,,,,,,,0,0,,,,2025-08-12T08:18:13Z,2024,2024-01-01,2024-12-31
6470086,TOBACCO_MPOWER_R_TAXREVENUELATEST,COUNTRY,ESP,EUR,Europe,YEAR,2024,TOBACCO_INDICATOR,TOBACCO_INDICATOR_Rev_year,,,,,,,2023,,,,,2025-08-12T15:04:57Z,2024,2024-01-01,2024-12-31
6473028,TOBACCO_MPOWER_R_TAXREVENUELATEST,COUNTRY,TUR,EUR,Europe,YEAR,2024,TOBACCO_INDICATOR,TOBACCO_INDICATOR_Rev_govt_total,,,,,,,. . .,,,,,2025-08-12T08:18:13Z,2024,2024-01-01,2024-12-31
6474114,TOBACCO_MPOWER_R_TAXREVENUELATEST,COUNTRY,MLT,EUR,Europe,YEAR,2024,TOBACCO_INDICATOR,TOBACCO_INDICATOR_Rev_other,,,,,,,. . .,,,,,2025-08-12T08:18:13Z,2024,2024-01-01,2024-12-31
6479615,TOBACCO_MPOWER_R_TAXREVENUELATEST,COUNTRY,SOM,EMR,Eastern Mediterranean,YEAR,2024,TOBACCO_INDICATOR,TOBACCO_INDICATOR_Rev_other,,,,,,,0,0,,,,2025-08-12T08:18:13Z,2024,2024-01-01,2024-12-31
6483108,TOBACCO_MPOWER_R_TAXREVENUELATEST,COUNTRY,SWZ,AFR,Africa,YEAR,2024,TOBACCO_INDICATOR,TOBACCO_INDICATOR_Rev_import,,,,,,,2984,2984,,,,2025-08-12T08:18:13Z,2024,2024-01-01,2024-12-31
6486010,TOBACCO_MPOWER_R_TAXREVENUELATEST,COUNTRY,FSM,WPR,Western Pacific,YEAR,2024,TOBACCO_INDICATOR,TOBACCO_INDICATOR_Rev_import,,,,,,,2 438 534,2438534,,,,2025-08-12T08:18:13Z,2024,2024-01-01,2024-12-31
6486759,TOBACCO_MPOWER_R_TAXREVENUELATEST,COUNTRY,BDI,AFR,Africa,YEAR,2024,TOBACCO_INDICATOR,TOBACCO_INDICATOR_Rev_excise,,,,,,,5 984 389 504,5984389504,,,,2025-08-12T08:18:13Z,2024,2024-01-01,2024-12-31
6505978,TOBACCO_MPOWER_R_TAXREVENUELATEST,COUNTRY,CPV,AFR,Africa,YEAR,2024,TOBACCO_INDICATOR,TOBACCO_INDICATOR_Rev_import,,,,,,,19 566 629,19566629,,,,2025-08-12T08:18:13Z,2024,2024-01-01,2024-12-31
6515457,TOBACCO_MPOWER_R_TAXREVENUELATEST,COUNTRY,LKA,SEAR,South-East Asia,YEAR,2024,TOBACCO_INDICATOR,TOBACCO_INDICATOR_Rev_other,,,,,,,. . .,,,,,2025-08-12T08:18:13Z,2024,2024-01-01,2024-12-31
6516152,TOBACCO_MPOWER_R_TAXREVENUELATEST,COUNTRY,VNM,WPR,Western Pacific,YEAR,2024,TOBACCO_INDICATOR,TOBACCO_INDICATOR_Rev_excise,,,,,,,18 171 000 000 000,18171000000000,,,,2025-08-12T15:04:57Z,2024,2024-01-01,2024-12-31
6517501,TOBACCO_MPOWER_R_TAXREVENUELATEST,COUNTRY,GBR,EUR,Europe,YEAR,2024,TOBACCO_INDICATOR,TOBACCO_INDICATOR_Rev_curr,,,,,,,GBP,,,,,2025-08-12T08:18:13Z,2024,2024-01-01,2024-12-31
6525207,TOBACCO_MPOWER_R_TAXREVENUELATEST,COUNTRY,CYP,EUR,Europe,YEAR,2024,TOBACCO_INDICATOR,TOBACCO_INDICATOR_Rev_govt_total,,,,,,,. . .,,,,,2025-08-12T08:18:13Z,2024,2024-01-01,2024-12-31
6538585,TOBACCO_MPOWER_R_TAXREVENUELATEST,COUNTRY,RWA,AFR,Africa,YEAR,2024,TOBACCO_INDICATOR,TOBACCO_INDICATOR_Rev_import,,,,,,,9 198 683,9198683,,,,2025-08-12T08:18:13Z,2024,2024-01-01,2024-12-31
6550833,TOBACCO_MPOWER_R_TAXREVENUELATEST,COUNTRY,BHS,AMR,Americas,YEAR,2024,TOBACCO_INDICATOR,TOBACCO_INDICATOR_Rev_excise,,,,,,,14 285 239,14285239,,,,2025-08-12T08:18:13Z,2024,2024-01-01,2024-12-31
6556238,TOBACCO_MPOWER_R_TAXREVENUELATEST,COUNTRY,ISR,EUR,Europe,YEAR,2024,TOBACCO_INDICATOR,TOBACCO_INDICATOR_Rev_govt_total,,,,,,,. . .,,,,,2025-08-12T08:18:13Z,2024,2024-01-01,2024-12-31
6556362,TOBACCO_MPOWER_R_TAXREVENUELATEST,COUNTRY,GUY,AMR,Americas,YEAR,2024,TOBACCO_INDICATOR,TOBACCO_INDICATOR_Rev_import,,,,,,,86 776 960,86776960,,,,2025-08-12T08:18:13Z,2024,2024-01-01,2024-12-31
6564634,TOBACCO_MPOWER_R_TAXREVENUELATEST,COUNTRY,OMN,EMR,Eastern Mediterranean,YEAR,2024,TOBACCO_INDICATOR,TOBACCO_INDICATOR_Rev_curr,,,,,,,OMR,,,,,2025-08-12T08:18:13Z,2024,2024-01-01,2024-12-31
6571384,TOBACCO_MPOWER_R_TAXREVENUELATEST,COUNTRY,GNQ,AFR,Africa,YEAR,2024,TOBACCO_INDICATOR,TOBACCO_INDICATOR_Rev_import,,,,,,,. . .,,,,,2025-08-12T08:18:13Z,2024,2024-01-01,2024-12-31
6576398,TOBACCO_MPOWER_R_TAXREVENUELATEST,COUNTRY,DJI,EMR,Eastern Mediterranean,YEAR,2024,TOBACCO_INDICATOR,TOBACCO_INDICATOR_Rev_excise,,,,,,,328 847 718,328847718,,,,2025-08-12T08:18:13Z,2024,2024-01-01,2024-12-31
6589799,TOBACCO_MPOWER_R_TAXREVENUELATEST,COUNTRY,QAT,EMR,Eastern Mediterranean,YEAR,2024,TOBACCO_INDICATOR,TOBACCO_INDICATOR_Rev_year,,,,,,,2023,,,,,2025-08-12T15:04:57Z,2024,2024-01-01,2024-12-31
6595406,TOBACCO_MPOWER_R_TAXREVENUELATEST,COUNTRY,KEN,AFR,Africa,YEAR,2024,TOBACCO_INDICATOR,TOBACCO_INDICATOR_Rev_VAT,,,,,,,. . .,,,,,2025-08-12T08:18:13Z,2024,2024-01-01,2024-12-31
6604569,TOBACCO_MPOWER_R_TAXREVENUELATEST,COUNTRY,PSE,EMR,Eastern Mediterranean,YEAR,2024,TOBACCO_INDICATOR,TOBACCO_INDICATOR_Rev_curr,,,,,,,ILS,,,,,2025-08-12T08:18:13Z,2024,2024-01-01,2024-12-31
6631811,TOBACCO_MPOWER_R_TAXREVENUELATEST,COUNTRY,SDN,EMR,Eastern Mediterranean,YEAR,2024,TOBACCO_INDICATOR,TOBACCO_INDICATOR_Rev_curr,,,,,,,SDG,,,,,2025-08-12T08:18:13Z,2024,2024-01-01,2024-12-31
6636666,TOBACCO_MPOWER_R_TAXREVENUELATEST,COUNTRY,BWA,AFR,Africa,YEAR,2024,TOBACCO_INDICATOR,TOBACCO_INDICATOR_Rev_type,,,,,,,Cigarettes only,,,,,2025-08-12T08:18:13Z,2024,2024-01-01,2024-12-31
6637448,TOBACCO_MPOWER_R_TAXREVENUELATEST,COUNTRY,EGY,EMR,Eastern Mediterranean,YEAR,2024,TOBACCO_INDICATOR,TOBACCO_INDICATOR_Rev_other,,,,,,,. . .,,,,,2025-08-12T08:18:13Z,2024,2024-01-01,2024-12-31
6638879,TOBACCO_MPOWER_R_TAXREVENUELATEST,COUNTRY,BRB,AMR,Americas,YEAR,2024,TOBACCO_INDICATOR,TOBACCO_INDICATOR_Rev_govt_total,,,,,,,. . .,,,,,2025-08-12T08:18:13Z,2024,2024-01-01,2024-12-31
6644316,TOBACCO_MPOWER_R_TAXREVENUELATEST,COUNTRY,EGY,EMR,Eastern Mediterranean,YEAR,2024,TOBACCO_INDICATOR,TOBACCO_INDICATOR_Rev_year,,,,,,,2022/2023,,,,,2025-08-12T08:18:13Z,2024,2024-01-01,2024-12-31
6655833,TOBACCO_MPOWER_R_TAXREVENUELATEST,COUNTRY,YEM,EMR,Eastern Mediterranean,YEAR,2024,TOBACCO_INDICATOR,TOBACCO_INDICATOR_Rev_year,,,,,,,2019,,,,,2025-08-12T15:04:57Z,2024,2024-01-01,2024-12-31
6658580,TOBACCO_MPOWER_R_TAXREVENUELATEST,COUNTRY,ZWE,AFR,Africa,YEAR,2024,TOBACCO_INDICATOR,TOBACCO_INDICATOR_Rev_type,,,,,,,Cigarettes only,,,,,2025-08-12T08:18:13Z,2024,2024-01-01,2024-12-31
6659694,TOBACCO_MPOWER_R_TAXREVENUELATEST,COUNTRY,CPV,AFR,Africa,YEAR,2024,TOBACCO_INDICATOR,TOBACCO_INDICATOR_Rev_other,,,,,,,0,0,,,,2025-08-12T08:18:13Z,2024,2024-01-01,2024-12-31
6660121,TOBACCO_MPOWER_R_TAXREVENUELATEST,COUNTRY,SLV,AMR,Americas,YEAR,2024,TOBACCO_INDICATOR,TOBACCO_INDICATOR_Rev_govt_total,,,,,,,33 485 802,33485802.15,,,,2025-08-12T08:18:13Z,2024,2024-01-01,2024-12-31
6670104,TOBACCO_MPOWER_R_TAXREVENUELATEST,COUNTRY,ARE,EMR,Eastern Mediterranean,YEAR,2024,TOBACCO_INDICATOR,TOBACCO_INDICATOR_Rev_other,,,,,,,. . .,,,,,2025-08-12T08:18:13Z,2024,2024-01-01,2024-12-31
6679912,TOBACCO_MPOWER_R_TAXREVENUELATEST,COUNTRY,SLE,AFR,Africa,YEAR,2024,TOBACCO_INDICATOR,TOBACCO_INDICATOR_Rev_curr,,,,,,,SLL,,,,,2025-08-12T08:18:13Z,2024,2024-01-01,2024-12-31
6685489,TOBACCO_MPOWER_R_TAXREVENUELATEST,COUNTRY,GUY,AMR,Americas,YEAR,2024,TOBACCO_INDICATOR,TOBACCO_INDICATOR_Rev_other,,,,,,,131 016 880,131016880,,,,2025-08-12T08:18:13Z,2024,2024-01-01,2024-12-31
6687085,TOBACCO_MPOWER_R_TAXREVENUELATEST,COUNTRY,CUB,AMR,Americas,YEAR,2024,TOBACCO_INDICATOR,TOBACCO_INDICATOR_Rev_govt_total,,,,,,,227 594 113,227594112.6,,,,2025-08-12T08:18:13Z,2024,2024-01-01,2024-12-31
6688381,TOBACCO_MPOWER_R_TAXREVENUELATEST,COUNTRY,HUN,EUR,Europe,YEAR,2024,TOBACCO_INDICATOR,TOBACCO_INDICATOR_Rev_curr,,,,,,,HUF,,,,,2025-08-12T08:18:13Z,2024,2024-01-01,2024-12-31
6688476,TOBACCO_MPOWER_R_TAXREVENUELATEST,COUNTRY,BRN,WPR,Western Pacific,YEAR,2024,TOBACCO_INDICATOR,TOBACCO_INDICATOR_Rev_type,,,,,,,All tobacco products,,,,,2025-08-12T15:04:57Z,2024,2024-01-01,2024-12-31
6689723,TOBACCO_MPOWER_R_TAXREVENUELATEST,COUNTRY,SLB,WPR,Western Pacific,YEAR,2024,TOBACCO_INDICATOR,TOBACCO_INDICATOR_Rev_curr,,,,,,,SBD,,,,,2025-08-12T08:18:13Z,2024,2024-01-01,2024-12-31
6698809,TOBACCO_MPOWER_R_TAXREVENUELATEST,COUNTRY,ZAF,AFR,Africa,YEAR,2024,TOBACCO_INDICATOR,TOBACCO_INDICATOR_Rev_VAT,,,,,,,1 299 407 400,1299407400,,,,2025-08-12T08:18:13Z,2024,2024-01-01,2024-12-31
6702411,TOBACCO_MPOWER_R_TAXREVENUELATEST,COUNTRY,FSM,WPR,Western Pacific,YEAR,2024,TOBACCO_INDICATOR,TOBACCO_INDICATOR_Rev_year,,,,,,,2019,,,,,2025-08-12T15:04:57Z,2024,2024-01-01,2024-12-31
6704250,TOBACCO_MPOWER_R_TAXREVENUELATEST,COUNTRY,EST,EUR,Europe,YEAR,2024,TOBACCO_INDICATOR,TOBACCO_INDICATOR_Rev_curr,,,,,,,EUR,,,,,2025-08-12T08:18:13Z,2024,2024-01-01,2024-12-31
6723601,TOBACCO_MPOWER_R_TAXREVENUELATEST,COUNTRY,MEX,AMR,Americas,YEAR,2024,TOBACCO_INDICATOR,TOBACCO_INDICATOR_Rev_excise,,,,,,,48 156 500 000,48156500000,,,,2025-08-12T08:18:13Z,2024,2024-01-01,2024-12-31
6725495,TOBACCO_MPOWER_R_TAXREVENUELATEST,COUNTRY,MCO,EUR,Europe,YEAR,2024,TOBACCO_INDICATOR,TOBACCO_INDICATOR_Rev_type,,,,,,,. . .,,,,,2025-08-12T08:18:13Z,2024,2024-01-01,2024-12-31
6740905,TOBACCO_MPOWER_R_TAXREVENUELATEST,COUNTRY,PHL,WPR,Western Pacific,YEAR,2024,TOBACCO_INDICATOR,TOBACCO_INDICATOR_Rev_year,,,,,,,2023,,,,,2025-08-12T15:04:57Z,2024,2024-01-01,2024-12-31
6749634,TOBACCO_MPOWER_R_TAXREVENUELATEST,COUNTRY,COL,AMR,Americas,YEAR,2024,TOBACCO_INDICATOR,TOBACCO_INDICATOR_Rev_type,,,,,,,All tobacco products,,,,,2025-08-12T15:04:57Z,2024,2024-01-01,2024-12-31
6753056,TOBACCO_MPOWER_R_TAXREVENUELATEST,COUNTRY,AGO,AFR,Africa,YEAR,2024,TOBACCO_INDICATOR,TOBACCO_INDICATOR_Rev_import,,,,,,,6 753 304 690,6753304690,,,,2025-08-12T08:18:13Z,2024,2024-01-01,2024-12-31
6767918,TOBACCO_MPOWER_R_TAXREVENUELATEST,COUNTRY,GHA,AFR,Africa,YEAR,2024,TOBACCO_INDICATOR,TOBACCO_INDICATOR_Rev_year,,,,,,,2023,,,,,2025-08-12T15:04:57Z,2024,2024-01-01,2024-12-31
6770402,TOBACCO_MPOWER_R_TAXREVENUELATEST,COUNTRY,ATG,AMR,Americas,YEAR,2024,TOBACCO_INDICATOR,TOBACCO_INDICATOR_Rev_other,,,,,,,189 968,189968.04,,,,2025-08-12T08:18:13Z,2024,2024-01-01,2024-12-31
6773664,TOBACCO_MPOWER_R_TAXREVENUELATEST,COUNTRY,ZWE,AFR,Africa,YEAR,2024,TOBACCO_INDICATOR,TOBACCO_INDICATOR_Rev_other,,,,,,,. . .,,,,,2025-08-12T08:18:13Z,2024,2024-01-01,2024-12-31
6776230,TOBACCO_MPOWER_R_TAXREVENUELATEST,COUNTRY,TTO,AMR,Americas,YEAR,2024,TOBACCO_INDICATOR,TOBACCO_INDICATOR_Rev_govt_total,,,,,,,. . .,,,,,2025-08-12T08:18:13Z,2024,2024-01-01,2024-12-31
6784107,TOBACCO_MPOWER_R_TAXREVENUELATEST,COUNTRY,LCA,AMR,Americas,YEAR,2024,TOBACCO_INDICATOR,TOBACCO_INDICATOR_Rev_govt_total,,,,,,,12 873 172,12873172,,,,2025-08-12T08:18:13Z,2024,2024-01-01,2024-12-31
6786764,TOBACCO_MPOWER_R_TAXREVENUELATEST,COUNTRY,ARG,AMR,Americas,YEAR,2024,TOBACCO_INDICATOR,TOBACCO_INDICATOR_Rev_VAT,,,,,,,. . .,,,,,2025-08-12T08:18:13Z,2024,2024-01-01,2024-12-31
6792395,TOBACCO_MPOWER_R_TAXREVENUELATEST,COUNTRY,MUS,AFR,Africa,YEAR,2024,TOBACCO_INDICATOR,TOBACCO_INDICATOR_Rev_excise,,,,,,,7 218 352 527,7218352527.000001,,,,2025-08-12T08:18:13Z,2024,2024-01-01,2024-12-31
6793392,TOBACCO_MPOWER_R_TAXREVENUELATEST,COUNTRY,MYS,WPR,Western Pacific,YEAR,2024,TOBACCO_INDICATOR,TOBACCO_INDICATOR_Rev_type,,,,,,,All tobacco products,,,,,2025-08-12T15:04:57Z,2024,2024-01-01,2024-12-31
6799430,TOBACCO_MPOWER_R_TAXREVENUELATEST,COUNTRY,PER,AMR,Americas,YEAR,2024,TOBACCO_INDICATOR,TOBACCO_INDICATOR_Rev_excise,,,,,,,285 002 852,285002852,,,,2025-08-12T08:18:13Z,2024,2024-01-01,2024-12-31
6802912,TOBACCO_MPOWER_R_TAXREVENUELATEST,COUNTRY,TUN,EMR,Eastern Mediterranean,YEAR,2024,TOBACCO_INDICATOR,TOBACCO_INDICATOR_Rev_curr,,,,,,,TND,,,,,2025-08-12T08:18:13Z,2024,2024-01-01,2024-12-31
6807610,TOBACCO_MPOWER_R_TAXREVENUELATEST,COUNTRY,ERI,AFR,Africa,YEAR,2024,TOBACCO_INDICATOR,TOBACCO_INDICATOR_Rev_excise,,,,,,,70 769,70769,,,,2025-08-12T08:18:13Z,2024,2024-01-01,2024-12-31
6811579,TOBACCO_MPOWER_R_TAXREVENUELATEST,COUNTRY,DJI,EMR,Eastern Mediterranean,YEAR,2024,TOBACCO_INDICATOR,TOBACCO_INDICATOR_Rev_other,,,,,,,. . .,,,,,2025-08-12T08:18:13Z,2024,2024-01-01,2024-12-31
6821328,TOBACCO_MPOWER_R_TAXREVENUELATEST,COUNTRY,MOZ,AFR,Africa,YEAR,2024,TOBACCO_INDICATOR,TOBACCO_INDICATOR_Rev_import,,,,,,,4 134 085,4134084.6,,,,2025-08-12T08:18:13Z,2024,2024-01-01,2024-12-31
6822727,TOBACCO_MPOWER_R_TAXREVENUELATEST,COUNTRY,SEN,AFR,Africa,YEAR,2024,TOBACCO_INDICATOR,TOBACCO_INDICATOR_Rev_govt_total,,,,,,,. . .,,,,,2025-08-12T08:18:13Z,2024,2024-01-01,2024-12-31
6829250,TOBACCO_MPOWER_R_TAXREVENUELATEST,COUNTRY,GIN,AFR,Africa,YEAR,2024,TOBACCO_INDICATOR,TOBACCO_INDICATOR_Rev_type,,,,,,,Cigarettes only,,,,,2025-08-12T08:18:13Z,2024,2024-01-01,2024-12-31
6840717,TOBACCO_MPOWER_R_TAXREVENUELATEST,COUNTRY,IRQ,EMR,Eastern Mediterranean,YEAR,2024,TOBACCO_INDICATOR,TOBACCO_INDICATOR_Rev_other,,,,,,,. . .,,,,,2025-08-12T08:18:13Z,2024,2024-01-01,2024-12-31
6840856,TOBACCO_MPOWER_R_TAXREVENUELATEST,COUNTRY,IRL,EUR,Europe,YEAR,2024,TOBACCO_INDICATOR,TOBACCO_INDICATOR_Rev_VAT,,,,,,,. . .,,,,,2025-08-12T08:18:13Z,2024,2024-01-01,2024-12-31
6842325,TOBACCO_MPOWER_R_TAXREVENUELATEST,COUNTRY,URY,AMR,Americas,YEAR,2024,TOBACCO_INDICATOR,TOBACCO_INDICATOR_Rev_excise,,,,,,,8 640 061 681,8640061681,,,,2025-08-12T08:18:13Z,2024,2024-01-01,2024-12-31
6859805,TOBACCO_MPOWER_R_TAXREVENUELATEST,COUNTRY,CAF,AFR,Africa,YEAR,2024,TOBACCO_INDICATOR,TOBACCO_INDICATOR_Rev_curr,,,,,,,XAF,,,,,2025-08-12T08:18:13Z,2024,2024-01-01,2024-12-31
6865547,TOBACCO_MPOWER_R_TAXREVENUELATEST,COUNTRY,GUY,AMR,Americas,YEAR,2024,TOBACCO_INDICATOR,TOBACCO_INDICATOR_Rev_excise,,,,,,,1 332 459 494,1332459494,,,,2025-08-12T08:18:13Z,2024,2024-01-01,2024-12-31
6873108,TOBACCO_MPOWER_R_TAXREVENUELATEST,COUNTRY,ZAF,AFR,Africa,YEAR,2024,TOBACCO_INDICATOR,TOBACCO_INDICATOR_Rev_govt_total,,,,,,,9 962 123 400,9962123400,,,,2025-08-12T08:18:13Z,2024,2024-01-01,2024-12-31
6873247,TOBACCO_MPOWER_R_TAXREVENUELATEST,COUNTRY,BFA,AFR,Africa,YEAR,2024,TOBACCO_INDICATOR,TOBACCO_INDICATOR_Rev_type,,,,,,,All tobacco products,,,,,2025-08-12T15:04:57Z,2024,2024-01-01,2024-12-31
6877457,TOBACCO_MPOWER_R_TAXREVENUELATEST,COUNTRY,BHS,AMR,Americas,YEAR,2024,TOBACCO_INDICATOR,TOBACCO_INDICATOR_Rev_other,,,,,,,0,0,,,,2025-08-12T08:18:13Z,2024,2024-01-01,2024-12-31
6881290,TOBACCO_MPOWER_R_TAXREVENUELATEST,COUNTRY,CAF,AFR,Africa,YEAR,2024,TOBACCO_INDICATOR,TOBACCO_INDICATOR_Rev_other,,,,,,,. . .,,,,,2025-08-12T08:18:13Z,2024,2024-01-01,2024-12-31
6883480,TOBACCO_MPOWER_R_TAXREVENUELATEST,COUNTRY,KAZ,EUR,Europe,YEAR,2024,TOBACCO_INDICATOR,TOBACCO_INDICATOR_Rev_other,,,,,,,. . .,,,,,2025-08-12T08:18:13Z,2024,2024-01-01,2024-12-31
6883999,TOBACCO_MPOWER_R_TAXREVENUELATEST,COUNTRY,FSM,WPR,Western Pacific,YEAR,2024,TOBACCO_INDICATOR,TOBACCO_INDICATOR_Rev_type,,,,,,,Cigarettes only,,,,,2025-08-12T08:18:13Z,2024,2024-01-01,2024-12-31
6889015,TOBACCO_MPOWER_R_TAXREVENUELATEST,COUNTRY,KNA,AMR,Americas,YEAR,2024,TOBACCO_INDICATOR,TOBACCO_INDICATOR_Rev_import,,,,,,,41 509,41509.32,,,,2025-08-12T08:18:13Z,2024,2024-01-01,2024-12-31
6889207,TOBACCO_MPOWER_R_TAXREVENUELATEST,COUNTRY,SLB,WPR,Western Pacific,YEAR,2024,TOBACCO_INDICATOR,TOBACCO_INDICATOR_Rev_govt_total,,,,,,,. . .,,,,,2025-08-12T08:18:13Z,2024,2024-01-01,2024-12-31
6891523,TOBACCO_MPOWER_R_TAXREVENUELATEST,COUNTRY,BGD,SEAR,South-East Asia,YEAR,2024,TOBACCO_INDICATOR,TOBACCO_INDICATOR_Rev_import,,,,,,,. . .,,,,,2025-08-12T08:18:13Z,2024,2024-01-01,2024-12-31
6903942,TOBACCO_MPOWER_R_TAXREVENUELATEST,COUNTRY,NER,AFR,Africa,YEAR,2024,TOBACCO_INDICATOR,TOBACCO_INDICATOR_Rev_year,,,,,,,2022,,,,,2025-08-12T15:04:57Z,2024,2024-01-01,2024-12-31
6908619,TOBACCO_MPOWER_R_TAXREVENUELATEST,COUNTRY,VNM,WPR,Western Pacific,YEAR,2024,TOBACCO_INDICATOR,TOBACCO_INDICATOR_Rev_govt_total,,,,,,,. . .,,,,,2025-08-12T08:18:13Z,2024,2024-01-01,2024-12-31
6910287,TOBACCO_MPOWER_R_TAXREVENUELATEST,COUNTRY,PHL,WPR,Western Pacific,YEAR,2024,TOBACCO_INDICATOR,TOBACCO_INDICATOR_Rev_import,,,,,,,. . .,,,,,2025-08-12T08:18:13Z,2024,2024-01-01,2024-12-31
6936697,TOBACCO_MPOWER_R_TAXREVENUELATEST,COUNTRY,ALB,EUR,Europe,YEAR,2024,TOBACCO_INDICATOR,TOBACCO_INDICATOR_Rev_year,,,,,,,2023,,,,,2025-08-12T15:04:57Z,2024,2024-01-01,2024-12-31
6940907,TOBACCO_MPOWER_R_TAXREVENUELATEST,COUNTRY,SLV,AMR,Americas,YEAR,2024,TOBACCO_INDICATOR,TOBACCO_INDICATOR_Rev_import,,,,,,,3485.89,3485.89,,,,2025-08-12T08:18:13Z,2024,2024-01-01,2024-12-31
6954314,TOBACCO_MPOWER_R_TAXREVENUELATEST,COUNTRY,GRD,AMR,Americas,YEAR,2024,TOBACCO_INDICATOR,TOBACCO_INDICATOR_Rev_import,,,,,,,741 744,741743.64,,,,2025-08-12T08:18:13Z,2024,2024-01-01,2024-12-31
6960338,TOBACCO_MPOWER_R_TAXREVENUELATEST,COUNTRY,HTI,AMR,Americas,YEAR,2024,TOBACCO_INDICATOR,TOBACCO_INDICATOR_Rev_year,,,,,,,2014/2015,,,,,2025-08-12T08:18:13Z,2024,2024-01-01,2024-12-31
6966381,TOBACCO_MPOWER_R_TAXREVENUELATEST,COUNTRY,MLI,AFR,Africa,YEAR,2024,TOBACCO_INDICATOR,TOBACCO_INDICATOR_Rev_year,,,,,,,2018,,,,,2025-08-12T15:04:57Z,2024,2024-01-01,2024-12-31
6991841,TOBACCO_MPOWER_R_TAXREVENUELATEST,COUNTRY,TKM,EUR,Europe,YEAR,2024,TOBACCO_INDICATOR,TOBACCO_INDICATOR_Rev_other,,,,,,,. . .,,,,,2025-08-12T08:18:13Z,2024,2024-01-01,2024-12-31
6994049,TOBACCO_MPOWER_R_TAXREVENUELATEST,COUNTRY,ARM,EUR,Europe,YEAR,2024,TOBACCO_INDICATOR,TOBACCO_INDICATOR_Rev_import,,,,,,,175 621 564,175621564,,,,2025-08-12T08:18:13Z,2024,2024-01-01,2024-12-31
7001962,TOBACCO_MPOWER_R_TAXREVENUELATEST,COUNTRY,LBN,EMR,Eastern Mediterranean,YEAR,2024,TOBACCO_INDICATOR,TOBACCO_INDICATOR_Rev_VAT,,,,,,,66 000 000 000,66000000000,,,,2025-08-12T08:18:13Z,2024,2024-01-01,2024-12-31
7017345,TOBACCO_MPOWER_R_TAXREVENUELATEST,COUNTRY,SSD,AFR,Africa,YEAR,2024,TOBACCO_INDICATOR,TOBACCO_INDICATOR_Rev_curr,,,,,,,SSP,,,,,2025-08-12T08:18:13Z,2024,2024-01-01,2024-12-31
7021986,TOBACCO_MPOWER_R_TAXREVENUELATEST,COUNTRY,SLV,AMR,Americas,YEAR,2024,TOBACCO_INDICATOR,TOBACCO_INDICATOR_Rev_curr,,,,,,,USD,,,,,2025-08-12T08:18:13Z,2024,2024-01-01,2024-12-31
7025074,TOBACCO_MPOWER_R_TAXREVENUELATEST,COUNTRY,MCO,EUR,Europe,YEAR,2024,TOBACCO_INDICATOR,TOBACCO_INDICATOR_Rev_curr,,,,,,,. .,,,,,2025-08-12T08:18:13Z,2024,2024-01-01,2024-12-31
7026546,TOBACCO_MPOWER_R_TAXREVENUELATEST,COUNTRY,UZB,EUR,Europe,YEAR,2024,TOBACCO_INDICATOR,TOBACCO_INDICATOR_Rev_year,,,,,,,2021,,,,,2025-08-12T15:04:57Z,2024,2024-01-01,2024-12-31
7036405,TOBACCO_MPOWER_R_TAXREVENUELATEST,COUNTRY,TCD,AFR,Africa,YEAR,2024,TOBACCO_INDICATOR,TOBACCO_INDICATOR_Rev_curr,,,,,,,XAF,,,,,2025-08-12T08:18:13Z,2024,2024-01-01,2024-12-31
7037093,TOBACCO_MPOWER_R_TAXREVENUELATEST,COUNTRY,VNM,WPR,Western Pacific,YEAR,2024,TOBACCO_INDICATOR,TOBACCO_INDICATOR_Rev_type,,,,,,,All tobacco products,,,,,2025-08-12T15:04:57Z,2024,2024-01-01,2024-12-31
7037939,TOBACCO_MPOWER_R_TAXREVENUELATEST,COUNTRY,MMR,SEAR,South-East Asia,YEAR,2024,TOBACCO_INDICATOR,TOBACCO_INDICATOR_Rev_VAT,,,,,,,9 704 793 000,9704793000,,,,2025-08-12T08:18:13Z,2024,2024-01-01,2024-12-31
7052694,TOBACCO_MPOWER_R_TAXREVENUELATEST,COUNTRY,BIH,EUR,Europe,YEAR,2024,TOBACCO_INDICATOR,TOBACCO_INDICATOR_Rev_excise,,,,,,,968 700 717,968700717,,,,2025-08-12T08:18:13Z,2024,2024-01-01,2024-12-31
7057518,TOBACCO_MPOWER_R_TAXREVENUELATEST,COUNTRY,ZMB,AFR,Africa,YEAR,2024,TOBACCO_INDICATOR,TOBACCO_INDICATOR_Rev_excise,,,,,,,123 446 612,123446611.81,,,,2025-08-12T15:04:57Z,2024,2024-01-01,2024-12-31
7058173,TOBACCO_MPOWER_R_TAXREVENUELATEST,COUNTRY,IRQ,EMR,Eastern Mediterranean,YEAR,2024,TOBACCO_INDICATOR,TOBACCO_INDICATOR_Rev_year,,,,,,,. . .,,,,,2025-08-12T08:18:13Z,2024,2024-01-01,2024-12-31
7067464,TOBACCO_MPOWER_R_TAXREVENUELATEST,COUNTRY,SAU,EMR,Eastern Mediterranean,YEAR,2024,TOBACCO_INDICATOR,TOBACCO_INDICATOR_Rev_govt_total,,,,,,,. . .,,,,,2025-08-12T08:18:13Z,2024,2024-01-01,2024-12-31
7081730,TOBACCO_MPOWER_R_TAXREVENUELATEST,COUNTRY,ZAF,AFR,Africa,YEAR,2024,TOBACCO_INDICATOR,TOBACCO_INDICATOR_Rev_type,,,,,,,All tobacco products,,,,,2025-08-12T15:04:57Z,2024,2024-01-01,2024-12-31
7105633,TOBACCO_MPOWER_R_TAXREVENUELATEST,COUNTRY,LSO,AFR,Africa,YEAR,2024,TOBACCO_INDICATOR,TOBACCO_INDICATOR_Rev_import,,,,,,,. . .,,,,,2025-08-12T08:18:13Z,2024,2024-01-01,2024-12-31
7111949,TOBACCO_MPOWER_R_TAXREVENUELATEST,COUNTRY,LUX,EUR,Europe,YEAR,2024,TOBACCO_INDICATOR,TOBACCO_INDICATOR_Rev_VAT,,,,,,,. . .,,,,,2025-08-12T08:18:13Z,2024,2024-01-01,2024-12-31
7113418,TOBACCO_MPOWER_R_TAXREVENUELATEST,COUNTRY,BLZ,AMR,Americas,YEAR,2024,TOBACCO_INDICATOR,TOBACCO_INDICATOR_Rev_import,,,,,,,174 788,174787.83,,,,2025-08-12T08:18:13Z,2024,2024-01-01,2024-12-31
7113977,TOBACCO_MPOWER_R_TAXREVENUELATEST,COUNTRY,COK,WPR,Western Pacific,YEAR,2024,TOBACCO_INDICATOR,TOBACCO_INDICATOR_Rev_curr,,,,,,,NZD,,,,,2025-08-12T08:18:13Z,2024,2024-01-01,2024-12-31
7120873,TOBACCO_MPOWER_R_TAXREVENUELATEST,COUNTRY,OMN,EMR,Eastern Mediterranean,YEAR,2024,TOBACCO_INDICATOR,TOBACCO_INDICATOR_Rev_govt_total,,,,,,,17 476 617,17476617,,,,2025-08-12T08:18:13Z,2024,2024-01-01,2024-12-31
7122763,TOBACCO_MPOWER_R_TAXREVENUELATEST,COUNTRY,ARM,EUR,Europe,YEAR,2024,TOBACCO_INDICATOR,TOBACCO_INDICATOR_Rev_curr,,,,,,,AMD,,,,,2025-08-12T08:18:13Z,2024,2024-01-01,2024-12-31
7123011,TOBACCO_MPOWER_R_TAXREVENUELATEST,COUNTRY,VCT,AMR,Americas,YEAR,2024,TOBACCO_INDICATOR,TOBACCO_INDICATOR_Rev_curr,,,,,,,XCD,,,,,2025-08-12T08:18:13Z,2024,2024-01-01,2024-12-31
7134047,TOBACCO_MPOWER_R_TAXREVENUELATEST,COUNTRY,ERI,AFR,Africa,YEAR,2024,TOBACCO_INDICATOR,TOBACCO_INDICATOR_Rev_govt_total,,,,,,,107 569,107568.88,,,,2025-08-12T08:18:13Z,2024,2024-01-01,2024-12-31
7144166,TOBACCO_MPOWER_R_TAXREVENUELATEST,COUNTRY,HTI,AMR,Americas,YEAR,2024,TOBACCO_INDICATOR,TOBACCO_INDICATOR_Rev_type,,,,,,,Cigarettes only,,,,,2025-08-12T08:18:13Z,2024,2024-01-01,2024-12-31
7149797,TOBACCO_MPOWER_R_TAXREVENUELATEST,COUNTRY,MKD,EUR,Europe,YEAR,2024,TOBACCO_INDICATOR,TOBACCO_INDICATOR_Rev_curr,,,,,,,MKD,,,,,2025-08-12T08:18:13Z,2024,2024-01-01,2024-12-31
7157473,TOBACCO_MPOWER_R_TAXREVENUELATEST,COUNTRY,RUS,EUR,Europe,YEAR,2024,TOBACCO_INDICATOR,TOBACCO_INDICATOR_Rev_import,,,,,,,. . .,,,,,2025-08-12T08:18:13Z,2024,2024-01-01,2024-12-31
7176462,TOBACCO_MPOWER_R_TAXREVENUELATEST,COUNTRY,ZAF,AFR,Africa,YEAR,2024,TOBACCO_INDICATOR,TOBACCO_INDICATOR_Rev_year,,,,,,,2023/2024,,,,,2025-08-12T08:18:13Z,2024,2024-01-01,2024-12-31
7194039,TOBACCO_MPOWER_R_TAXREVENUELATEST,COUNTRY,EST,EUR,Europe,YEAR,2024,TOBACCO_INDICATOR,TOBACCO_INDICATOR_Rev_VAT,,,,,,,. . .,,,,,2025-08-12T08:18:13Z,2024,2024-01-01,2024-12-31
7194106,TOBACCO_MPOWER_R_TAXREVENUELATEST,COUNTRY,CRI,AMR,Americas,YEAR,2024,TOBACCO_INDICATOR,TOBACCO_INDICATOR_Rev_excise,,,,,,,27 355 133 407,27355133407,,,,2025-08-12T08:18:13Z,2024,2024-01-01,2024-12-31
7195022,TOBACCO_MPOWER_R_TAXREVENUELATEST,COUNTRY,BFA,AFR,Africa,YEAR,2024,TOBACCO_INDICATOR,TOBACCO_INDICATOR_Rev_VAT,,,,,,,6 725 744 051,6725744051.000001,,,,2025-08-12T08:18:13Z,2024,2024-01-01,2024-12-31
7203620,TOBACCO_MPOWER_R_TAXREVENUELATEST,COUNTRY,GNQ,AFR,Africa,YEAR,2024,TOBACCO_INDICATOR,TOBACCO_INDICATOR_Rev_govt_total,,,,,,,. . .,,,,,2025-08-12T08:18:13Z,2024,2024-01-01,2024-12-31
7209453,TOBACCO_MPOWER_R_TAXREVENUELATEST,COUNTRY,COL,AMR,Americas,YEAR,2024,TOBACCO_INDICATOR,TOBACCO_INDICATOR_Rev_other,,,,,,,0,0,,,,2025-08-12T08:18:13Z,2024,2024-01-01,2024-12-31
7213411,TOBACCO_MPOWER_R_TAXREVENUELATEST,COUNTRY,VUT,WPR,Western Pacific,YEAR,2024,TOBACCO_INDICATOR,TOBACCO_INDICATOR_Rev_curr,,,,,,,VUV,,,,,2025-08-12T08:18:13Z,2024,2024-01-01,2024-12-31
7214456,TOBACCO_MPOWER_R_TAXREVENUELATEST,COUNTRY,RWA,AFR,Africa,YEAR,2024,TOBACCO_INDICATOR,TOBACCO_INDICATOR_Rev_excise,,,,,,,16 173 979 551,16173979551,,,,2025-08-12T08:18:13Z,2024,2024-01-01,2024-12-31
7229094,TOBACCO_MPOWER_R_TAXREVENUELATEST,COUNTRY,KEN,AFR,Africa,YEAR,2024,TOBACCO_INDICATOR,TOBACCO_INDICATOR_Rev_year,,,,,,,2021/2022,,,,,2025-08-12T08:18:13Z,2024,2024-01-01,2024-12-31
7237682,TOBACCO_MPOWER_R_TAXREVENUELATEST,COUNTRY,ZWE,AFR,Africa,YEAR,2024,TOBACCO_INDICATOR,TOBACCO_INDICATOR_Rev_govt_total,,,,,,,. . .,,,,,2025-08-12T08:18:13Z,2024,2024-01-01,2024-12-31
7247621,TOBACCO_MPOWER_R_TAXREVENUELATEST,COUNTRY,ZAF,AFR,Africa,YEAR,2024,TOBACCO_INDICATOR,TOBACCO_INDICATOR_Rev_curr,,,,,,,ZAR,,,,,2025-08-12T08:18:13Z,2024,2024-01-01,2024-12-31
7253548,TOBACCO_MPOWER_R_TAXREVENUELATEST,COUNTRY,BIH,EUR,Europe,YEAR,2024,TOBACCO_INDICATOR,TOBACCO_INDICATOR_Rev_type,,,,,,,All tobacco products,,,,,2025-08-12T15:04:57Z,2024,2024-01-01,2024-12-31
7259787,TOBACCO_MPOWER_R_TAXREVENUELATEST,COUNTRY,FJI,WPR,Western Pacific,YEAR,2024,TOBACCO_INDICATOR,TOBACCO_INDICATOR_Rev_govt_total,,,,,,,69 015 947,69015947,,,,2025-08-12T08:18:13Z,2024,2024-01-01,2024-12-31
7267154,TOBACCO_MPOWER_R_TAXREVENUELATEST,COUNTRY,LSO,AFR,Africa,YEAR,2024,TOBACCO_INDICATOR,TOBACCO_INDICATOR_Rev_curr,,,,,,,LSL,,,,,2025-08-12T08:18:13Z,2024,2024-01-01,2024-12-31
7274373,TOBACCO_MPOWER_R_TAXREVENUELATEST,COUNTRY,DZA,AFR,Africa,YEAR,2024,TOBACCO_INDICATOR,TOBACCO_INDICATOR_Rev_import,,,,,,,0,0,,,,2025-08-12T08:18:13Z,2024,2024-01-01,2024-12-31
7275388,TOBACCO_MPOWER_R_TAXREVENUELATEST,COUNTRY,CMR,AFR,Africa,YEAR,2024,TOBACCO_INDICATOR,TOBACCO_INDICATOR_Rev_excise,,,,,,,3 382 372 001,3382372001,,,,2025-08-12T08:18:13Z,2024,2024-01-01,2024-12-31
7288787,TOBACCO_MPOWER_R_TAXREVENUELATEST,COUNTRY,NOR,EUR,Europe,YEAR,2024,TOBACCO_INDICATOR,TOBACCO_INDICATOR_Rev_year,,,,,,,2023,,,,,2025-08-12T15:04:57Z,2024,2024-01-01,2024-12-31
7300579,TOBACCO_MPOWER_R_TAXREVENUELATEST,COUNTRY,PSE,EMR,Eastern Mediterranean,YEAR,2024,TOBACCO_INDICATOR,TOBACCO_INDICATOR_Rev_type,,,,,,,Cigarettes only,,,,,2025-08-12T08:18:13Z,2024,2024-01-01,2024-12-31
7323569,TOBACCO_MPOWER_R_TAXREVENUELATEST,COUNTRY,USA,AMR,Americas,YEAR,2024,TOBACCO_INDICATOR,TOBACCO_INDICATOR_Rev_VAT,,,,,,,. . .,,,,,2025-08-12T08:18:13Z,2024,2024-01-01,2024-12-31
7332455,TOBACCO_MPOWER_R_TAXREVENUELATEST,COUNTRY,ATG,AMR,Americas,YEAR,2024,TOBACCO_INDICATOR,TOBACCO_INDICATOR_Rev_govt_total,,,,,,,746 694,746694.23,,,,2025-08-12T08:18:13Z,2024,2024-01-01,2024-12-31
7332612,TOBACCO_MPOWER_R_TAXREVENUELATEST,COUNTRY,BRA,AMR,Americas,YEAR,2024,TOBACCO_INDICATOR,TOBACCO_INDICATOR_Rev_curr,,,,,,,BRL,,,,,2025-08-12T08:18:13Z,2024,2024-01-01,2024-12-31
7333876,TOBACCO_MPOWER_R_TAXREVENUELATEST,COUNTRY,POL,EUR,Europe,YEAR,2024,TOBACCO_INDICATOR,TOBACCO_INDICATOR_Rev_year,,,,,,,2023,,,,,2025-08-12T15:04:57Z,2024,2024-01-01,2024-12-31
7341375,TOBACCO_MPOWER_R_TAXREVENUELATEST,COUNTRY,ISL,EUR,Europe,YEAR,2024,TOBACCO_INDICATOR,TOBACCO_INDICATOR_Rev_excise,,,,,,,4 991 000 000,4991000000,,,,2025-08-12T08:18:13Z,2024,2024-01-01,2024-12-31
7346073,TOBACCO_MPOWER_R_TAXREVENUELATEST,COUNTRY,ECU,AMR,Americas,YEAR,2024,TOBACCO_INDICATOR,TOBACCO_INDICATOR_Rev_curr,,,,,,,USD,,,,,2025-08-12T08:18:13Z,2024,2024-01-01,2024-12-31
7348423,TOBACCO_MPOWER_R_TAXREVENUELATEST,COUNTRY,CIV,AFR,Africa,YEAR,2024,TOBACCO_INDICATOR,TOBACCO_INDICATOR_Rev_import,,,,,,,17 187 079 170,17187079170,,,,2025-08-12T08:18:13Z,2024,2024-01-01,2024-12-31
7348858,TOBACCO_MPOWER_R_TAXREVENUELATEST,COUNTRY,GEO,EUR,Europe,YEAR,2024,TOBACCO_INDICATOR,TOBACCO_INDICATOR_Rev_excise,,,,,,,1 032 296 074,1032296074,,,,2025-08-12T08:18:13Z,2024,2024-01-01,2024-12-31
7354288,TOBACCO_MPOWER_R_TAXREVENUELATEST,COUNTRY,SAU,EMR,Eastern Mediterranean,YEAR,2024,TOBACCO_INDICATOR,TOBACCO_INDICATOR_Rev_VAT,,,,,,,. . .,,,,,2025-08-12T08:18:13Z,2024,2024-01-01,2024-12-31
7369863,TOBACCO_MPOWER_R_TAXREVENUELATEST,COUNTRY,SWE,EUR,Europe,YEAR,2024,TOBACCO_INDICATOR,TOBACCO_INDICATOR_Rev_curr,,,,,,,EUR,,,,,2025-08-12T08:18:13Z,2024,2024-01-01,2024-12-31
7372294,TOBACCO_MPOWER_R_TAXREVENUELATEST,COUNTRY,TJK,EUR,Europe,YEAR,2024,TOBACCO_INDICATOR,TOBACCO_INDICATOR_Rev_govt_total,,,,,,,. . .,,,,,2025-08-12T08:18:13Z,2024,2024-01-01,2024-12-31
7383984,TOBACCO_MPOWER_R_TAXREVENUELATEST,COUNTRY,MDG,AFR,Africa,YEAR,2024,TOBACCO_INDICATOR,TOBACCO_INDICATOR_Rev_other,,,,,,,. . .,,,,,2025-08-12T08:18:13Z,2024,2024-01-01,2024-12-31
7397560,TOBACCO_MPOWER_R_TAXREVENUELATEST,COUNTRY,COL,AMR,Americas,YEAR,2024,TOBACCO_INDICATOR,TOBACCO_INDICATOR_Rev_import,,,,,,,12 427 440 000,12427440000,,,,2025-08-12T08:18:13Z,2024,2024-01-01,2024-12-31
7401393,TOBACCO_MPOWER_R_TAXREVENUELATEST,COUNTRY,ERI,AFR,Africa,YEAR,2024,TOBACCO_INDICATOR,TOBACCO_INDICATOR_Rev_import,,,,,,,17 692,17692.25,,,,2025-08-12T08:18:13Z,2024,2024-01-01,2024-12-31
7418745,TOBACCO_MPOWER_R_TAXREVENUELATEST,COUNTRY,DNK,EUR,Europe,YEAR,2024,TOBACCO_INDICATOR,TOBACCO_INDICATOR_Rev_other,,,,,,,. . .,,,,,2025-08-12T08:18:13Z,2024,2024-01-01,2024-12-31
7424772,TOBACCO_MPOWER_R_TAXREVENUELATEST,COUNTRY,TON,WPR,Western Pacific,YEAR,2024,TOBACCO_INDICATOR,TOBACCO_INDICATOR_Rev_import,,,,,,,126 122,126122,,,,2025-08-12T08:18:13Z,2024,2024-01-01,2024-12-31
7435189,TOBACCO_MPOWER_R_TAXREVENUELATEST,COUNTRY,FIN,EUR,Europe,YEAR,2024,TOBACCO_INDICATOR,TOBACCO_INDICATOR_Rev_other,,,,,,,. . .,,,,,2025-08-12T08:18:13Z,2024,2024-01-01,2024-12-31
7437291,TOBACCO_MPOWER_R_TAXREVENUELATEST,COUNTRY,KGZ,EUR,Europe,YEAR,2024,TOBACCO_INDICATOR,TOBACCO_INDICATOR_Rev_import,,,,,,,. . .,,,,,2025-08-12T08:18:13Z,2024,2024-01-01,2024-12-31
7439954,TOBACCO_MPOWER_R_TAXREVENUELATEST,COUNTRY,DOM,AMR,Americas,YEAR,2024,TOBACCO_INDICATOR,TOBACCO_INDICATOR_Rev_curr,,,,,,,DOP,,,,,2025-08-12T08:18:13Z,2024,2024-01-01,2024-12-31
7462616,TOBACCO_MPOWER_R_TAXREVENUELATEST,COUNTRY,GIN,AFR,Africa,YEAR,2024,TOBACCO_INDICATOR,TOBACCO_INDICATOR_Rev_import,,,,,,,60 310 651 114,60310651114,,,,2025-08-12T08:18:13Z,2024,2024-01-01,2024-12-31
7464985,TOBACCO_MPOWER_R_TAXREVENUELATEST,COUNTRY,COL,AMR,Americas,YEAR,2024,TOBACCO_INDICATOR,TOBACCO_INDICATOR_Rev_year,,,,,,,2021,,,,,2025-08-12T15:04:57Z,2024,2024-01-01,2024-12-31
7502418,TOBACCO_MPOWER_R_TAXREVENUELATEST,COUNTRY,NAM,AFR,Africa,YEAR,2024,TOBACCO_INDICATOR,TOBACCO_INDICATOR_Rev_import,,,,,,,1 254 196,1254196,,,,2025-08-12T08:18:13Z,2024,2024-01-01,2024-12-31
7504611,TOBACCO_MPOWER_R_TAXREVENUELATEST,COUNTRY,MHL,WPR,Western Pacific,YEAR,2024,TOBACCO_INDICATOR,TOBACCO_INDICATOR_Rev_govt_total,,,,,,,. . .,,,,,2025-08-12T08:18:13Z,2024,2024-01-01,2024-12-31
7504962,TOBACCO_MPOWER_R_TAXREVENUELATEST,COUNTRY,ROU,EUR,Europe,YEAR,2024,TOBACCO_INDICATOR,TOBACCO_INDICATOR_Rev_other,,,,,,,. . .,,,,,2025-08-12T08:18:13Z,2024,2024-01-01,2024-12-31
7513503,TOBACCO_MPOWER_R_TAXREVENUELATEST,COUNTRY,TGO,AFR,Africa,YEAR,2024,TOBACCO_INDICATOR,TOBACCO_INDICATOR_Rev_import,,,,,,,127 426 964,127426964,,,,2025-08-12T08:18:13Z,2024,2024-01-01,2024-12-31
7531170,TOBACCO_MPOWER_R_TAXREVENUELATEST,COUNTRY,NIU,WPR,Western Pacific,YEAR,2024,TOBACCO_INDICATOR,TOBACCO_INDICATOR_Rev_VAT,,,,,,,. . .,,,,,2025-08-12T08:18:13Z,2024,2024-01-01,2024-12-31
7533780,TOBACCO_MPOWER_R_TAXREVENUELATEST,COUNTRY,MEX,AMR,Americas,YEAR,2024,TOBACCO_INDICATOR,TOBACCO_INDICATOR_Rev_VAT,,,,,,,. . .,,,,,2025-08-12T08:18:13Z,2024,2024-01-01,2024-12-31
7541956,TOBACCO_MPOWER_R_TAXREVENUELATEST,COUNTRY,CUB,AMR,Americas,YEAR,2024,TOBACCO_INDICATOR,TOBACCO_INDICATOR_Rev_curr,,,,,,,CUP,,,,,2025-08-12T08:18:13Z,2024,2024-01-01,2024-12-31
7542080,TOBACCO_MPOWER_R_TAXREVENUELATEST,COUNTRY,COL,AMR,Americas,YEAR,2024,TOBACCO_INDICATOR,TOBACCO_INDICATOR_Rev_govt_total,,,,,,,799 403 120 000,799403120000.0001,,,,2025-08-12T15:04:57Z,2024,2024-01-01,2024-12-31
7543693,TOBACCO_MPOWER_R_TAXREVENUELATEST,COUNTRY,LCA,AMR,Americas,YEAR,2024,TOBACCO_INDICATOR,TOBACCO_INDICATOR_Rev_type,,,,,,,All tobacco products,,,,,2025-08-12T15:04:57Z,2024,2024-01-01,2024-12-31
7558451,TOBACCO_MPOWER_R_TAXREVENUELATEST,COUNTRY,CIV,AFR,Africa,YEAR,2024,TOBACCO_INDICATOR,TOBACCO_INDICATOR_Rev_curr,,,,,,,XOF,,,,,2025-08-12T08:18:13Z,2024,2024-01-01,2024-12-31
7560193,TOBACCO_MPOWER_R_TAXREVENUELATEST,COUNTRY,NPL,SEAR,South-East Asia,YEAR,2024,TOBACCO_INDICATOR,TOBACCO_INDICATOR_Rev_govt_total,,,,,,,. . .,,,,,2025-08-12T08:18:13Z,2024,2024-01-01,2024-12-31
7565246,TOBACCO_MPOWER_R_TAXREVENUELATEST,COUNTRY,UGA,AFR,Africa,YEAR,2024,TOBACCO_INDICATOR,TOBACCO_INDICATOR_Rev_VAT,,,,,,,2 530 000 000,2530000000,,,,2025-08-12T08:18:13Z,2024,2024-01-01,2024-12-31
7568850,TOBACCO_MPOWER_R_TAXREVENUELATEST,COUNTRY,DZA,AFR,Africa,YEAR,2024,TOBACCO_INDICATOR,TOBACCO_INDICATOR_Rev_govt_total,,,,,,,184 965 780 394,184965780394,,,,2025-08-12T15:04:57Z,2024,2024-01-01,2024-12-31
7584972,TOBACCO_MPOWER_R_TAXREVENUELATEST,COUNTRY,JOR,EMR,Eastern Mediterranean,YEAR,2024,TOBACCO_INDICATOR,TOBACCO_INDICATOR_Rev_import,,,,,,,. . .,,,,,2025-08-12T08:18:13Z,2024,2024-01-01,2024-12-31
7591702,TOBACCO_MPOWER_R_TAXREVENUELATEST,COUNTRY,KNA,AMR,Americas,YEAR,2024,TOBACCO_INDICATOR,TOBACCO_INDICATOR_Rev_VAT,,,,,,,89 176,89176.28,,,,2025-08-12T08:18:13Z,2024,2024-01-01,2024-12-31
7597661,TOBACCO_MPOWER_R_TAXREVENUELATEST,COUNTRY,HRV,EUR,Europe,YEAR,2024,TOBACCO_INDICATOR,TOBACCO_INDICATOR_Rev_govt_total,,,,,,,. . .,,,,,2025-08-12T08:18:13Z,2024,2024-01-01,2024-12-31
7603763,TOBACCO_MPOWER_R_TAXREVENUELATEST,COUNTRY,BEL,EUR,Europe,YEAR,2024,TOBACCO_INDICATOR,TOBACCO_INDICATOR_Rev_excise,,,,,,,3 017 775 194,3017775194,,,,2025-08-12T08:18:13Z,2024,2024-01-01,2024-12-31
7611269,TOBACCO_MPOWER_R_TAXREVENUELATEST,COUNTRY,ARM,EUR,Europe,YEAR,2024,TOBACCO_INDICATOR,TOBACCO_INDICATOR_Rev_other,,,,,,,0,0,,,,2025-08-12T08:18:13Z,2024,2024-01-01,2024-12-31
7611515,TOBACCO_MPOWER_R_TAXREVENUELATEST,COUNTRY,VNM,WPR,Western Pacific,YEAR,2024,TOBACCO_INDICATOR,TOBACCO_INDICATOR_Rev_curr,,,,,,,VND,,,,,2025-08-12T08:18:13Z,2024,2024-01-01,2024-12-31
7614455,TOBACCO_MPOWER_R_TAXREVENUELATEST,COUNTRY,TTO,AMR,Americas,YEAR,2024,TOBACCO_INDICATOR,TOBACCO_INDICATOR_Rev_year,,,,,,,2022,,,,,2025-08-12T15:04:57Z,2024,2024-01-01,2024-12-31
7616261,TOBACCO_MPOWER_R_TAXREVENUELATEST,COUNTRY,ARE,EMR,Eastern Mediterranean,YEAR,2024,TOBACCO_INDICATOR,TOBACCO_INDICATOR_Rev_curr,,,,,,,AED,,,,,2025-08-12T08:18:13Z,2024,2024-01-01,2024-12-31
7619180,TOBACCO_MPOWER_R_TAXREVENUELATEST,COUNTRY,MYS,WPR,Western Pacific,YEAR,2024,TOBACCO_INDICATOR,TOBACCO_INDICATOR_Rev_excise,,,,,,,3 074 369 745,3074369745,,,,2025-08-12T08:18:13Z,2024,2024-01-01,2024-12-31
7627827,TOBACCO_MPOWER_R_TAXREVENUELATEST,COUNTRY,GNB,AFR,Africa,YEAR,2024,TOBACCO_INDICATOR,TOBACCO_INDICATOR_Rev_govt_total,,,,,,,841 087 601,841087601,,,,2025-08-12T08:18:13Z,2024,2024-01-01,2024-12-31
7639153,TOBACCO_MPOWER_R_TAXREVENUELATEST,COUNTRY,FIN,EUR,Europe,YEAR,2024,TOBACCO_INDICATOR,TOBACCO_INDICATOR_Rev_govt_total,,,,,,,. . .,,,,,2025-08-12T08:18:13Z,2024,2024-01-01,2024-12-31
7651545,TOBACCO_MPOWER_R_TAXREVENUELATEST,COUNTRY,HRV,EUR,Europe,YEAR,2024,TOBACCO_INDICATOR,TOBACCO_INDICATOR_Rev_other,,,,,,,. . .,,,,,2025-08-12T08:18:13Z,2024,2024-01-01,2024-12-31
7652608,TOBACCO_MPOWER_R_TAXREVENUELATEST,COUNTRY,PRY,AMR,Americas,YEAR,2024,TOBACCO_INDICATOR,TOBACCO_INDICATOR_Rev_govt_total,,,,,,,447 385 827 794,447385827794,,,,2025-08-12T15:04:57Z,2024,2024-01-01,2024-12-31
7657093,TOBACCO_MPOWER_R_TAXREVENUELATEST,COUNTRY,PRT,EUR,Europe,YEAR,2024,TOBACCO_INDICATOR,TOBACCO_INDICATOR_Rev_VAT,,,,,,,. . .,,,,,2025-08-12T08:18:13Z,2024,2024-01-01,2024-12-31
7667061,TOBACCO_MPOWER_R_TAXREVENUELATEST,COUNTRY,MDV,SEAR,South-East Asia,YEAR,2024,TOBACCO_INDICATOR,TOBACCO_INDICATOR_Rev_type,,,,,,,All tobacco products,,,,,2025-08-12T15:04:57Z,2024,2024-01-01,2024-12-31
7675904,TOBACCO_MPOWER_R_TAXREVENUELATEST,COUNTRY,BEL,EUR,Europe,YEAR,2024,TOBACCO_INDICATOR,TOBACCO_INDICATOR_Rev_curr,,,,,,,EUR,,,,,2025-08-12T08:18:13Z,2024,2024-01-01,2024-12-31
7677641,TOBACCO_MPOWER_R_TAXREVENUELATEST,COUNTRY,ARM,EUR,Europe,YEAR,2024,TOBACCO_INDICATOR,TOBACCO_INDICATOR_Rev_year,,,,,,,2021,,,,,2025-08-12T15:04:57Z,2024,2024-01-01,2024-12-31
7679046,TOBACCO_MPOWER_R_TAXREVENUELATEST,COUNTRY,BWA,AFR,Africa,YEAR,2024,TOBACCO_INDICATOR,TOBACCO_INDICATOR_Rev_excise,,,,,,,361 787,361787,,,,2025-08-12T08:18:13Z,2024,2024-01-01,2024-12-31
7680647,TOBACCO_MPOWER_R_TAXREVENUELATEST,COUNTRY,CYP,EUR,Europe,YEAR,2024,TOBACCO_INDICATOR,TOBACCO_INDICATOR_Rev_other,,,,,,,. . .,,,,,2025-08-12T08:18:13Z,2024,2024-01-01,2024-12-31
7684566,TOBACCO_MPOWER_R_TAXREVENUELATEST,COUNTRY,NLD,EUR,Europe,YEAR,2024,TOBACCO_INDICATOR,TOBACCO_INDICATOR_Rev_VAT,,,,,,,. . .,,,,,2025-08-12T08:18:13Z,2024,2024-01-01,2024-12-31
7684698,TOBACCO_MPOWER_R_TAXREVENUELATEST,COUNTRY,AGO,AFR,Africa,YEAR,2024,TOBACCO_INDICATOR,TOBACCO_INDICATOR_Rev_curr,,,,,,,AOA,,,,,2025-08-12T08:18:13Z,2024,2024-01-01,2024-12-31
7685830,TOBACCO_MPOWER_R_TAXREVENUELATEST,COUNTRY,SDN,EMR,Eastern Mediterranean,YEAR,2024,TOBACCO_INDICATOR,TOBACCO_INDICATOR_Rev_import,,,,,,,. . .,,,,,2025-08-12T08:18:13Z,2024,2024-01-01,2024-12-31
7691606,TOBACCO_MPOWER_R_TAXREVENUELATEST,COUNTRY,BLR,EUR,Europe,YEAR,2024,TOBACCO_INDICATOR,TOBACCO_INDICATOR_Rev_year,,,,,,,2018,,,,,2025-08-12T15:04:57Z,2024,2024-01-01,2024-12-31
7699753,TOBACCO_MPOWER_R_TAXREVENUELATEST,COUNTRY,IRL,EUR,Europe,YEAR,2024,TOBACCO_INDICATOR,TOBACCO_INDICATOR_Rev_import,,,,,,,. . .,,,,,2025-08-12T08:18:13Z,2024,2024-01-01,2024-12-31
7706416,TOBACCO_MPOWER_R_TAXREVENUELATEST,COUNTRY,CHL,AMR,Americas,YEAR,2024,TOBACCO_INDICATOR,TOBACCO_INDICATOR_Rev_type,,,,,,,All tobacco products,,,,,2025-08-12T15:04:57Z,2024,2024-01-01,2024-12-31
7707860,TOBACCO_MPOWER_R_TAXREVENUELATEST,COUNTRY,BLR,EUR,Europe,YEAR,2024,TOBACCO_INDICATOR,TOBACCO_INDICATOR_Rev_VAT,,,,,,,. . .,,,,,2025-08-12T08:18:13Z,2024,2024-01-01,2024-12-31
7714438,TOBACCO_MPOWER_R_TAXREVENUELATEST,COUNTRY,MKD,EUR,Europe,YEAR,2024,TOBACCO_INDICATOR,TOBACCO_INDICATOR_Rev_type,,,,,,,All tobacco products,,,,,2025-08-12T15:04:57Z,2024,2024-01-01,2024-12-31
7723090,TOBACCO_MPOWER_R_TAXREVENUELATEST,COUNTRY,FRA,EUR,Europe,YEAR,2024,TOBACCO_INDICATOR,TOBACCO_INDICATOR_Rev_excise,,,,,,,13 417 000 000,13417000000,,,,2025-08-12T08:18:13Z,2024,2024-01-01,2024-12-31
7729571,TOBACCO_MPOWER_R_TAXREVENUELATEST,COUNTRY,FSM,WPR,Western Pacific,YEAR,2024,TOBACCO_INDICATOR,TOBACCO_INDICATOR_Rev_govt_total,,,,,,,. . .,,,,,2025-08-12T08:18:13Z,2024,2024-01-01,2024-12-31
7733267,TOBACCO_MPOWER_R_TAXREVENUELATEST,COUNTRY,PAN,AMR,Americas,YEAR,2024,TOBACCO_INDICATOR,TOBACCO_INDICATOR_Rev_curr,,,,,,,PAB,,,,,2025-08-12T08:18:13Z,2024,2024-01-01,2024-12-31
7735953,TOBACCO_MPOWER_R_TAXREVENUELATEST,COUNTRY,CMR,AFR,Africa,YEAR,2024,TOBACCO_INDICATOR,TOBACCO_INDICATOR_Rev_VAT,,,,,,,2 082 856 049,2082856049,,,,2025-08-12T08:18:13Z,2024,2024-01-01,2024-12-31
7745206,TOBACCO_MPOWER_R_TAXREVENUELATEST,COUNTRY,MLI,AFR,Africa,YEAR,2024,TOBACCO_INDICATOR,TOBACCO_INDICATOR_Rev_excise,,,,,,,7 648 949 732,7648949732,,,,2025-08-12T08:18:13Z,2024,2024-01-01,2024-12-31
7751977,TOBACCO_MPOWER_R_TAXREVENUELATEST,COUNTRY,COG,AFR,Africa,YEAR,2024,TOBACCO_INDICATOR,TOBACCO_INDICATOR_Rev_other,,,,,,,. . .,,,,,2025-08-12T08:18:13Z,2024,2024-01-01,2024-12-31
7759768,TOBACCO_MPOWER_R_TAXREVENUELATEST,COUNTRY,ISL,EUR,Europe,YEAR,2024,TOBACCO_INDICATOR,TOBACCO_INDICATOR_Rev_year,,,,,,,2023,,,,,2025-08-12T15:04:57Z,2024,2024-01-01,2024-12-31
7764675,TOBACCO_MPOWER_R_TAXREVENUELATEST,COUNTRY,GEO,EUR,Europe,YEAR,2024,TOBACCO_INDICATOR,TOBACCO_INDICATOR_Rev_VAT,,,,,,,. . .,,,,,2025-08-12T08:18:13Z,2024,2024-01-01,2024-12-31
7772842,TOBACCO_MPOWER_R_TAXREVENUELATEST,COUNTRY,BLZ,AMR,Americas,YEAR,2024,TOBACCO_INDICATOR,TOBACCO_INDICATOR_Rev_excise,,,,,,,4 818 852,4818851.82,,,,2025-08-12T08:18:13Z,2024,2024-01-01,2024-12-31
7785416,TOBACCO_MPOWER_R_TAXREVENUELATEST,COUNTRY,EGY,EMR,Eastern Mediterranean,YEAR,2024,TOBACCO_INDICATOR,TOBACCO_INDICATOR_Rev_curr,,,,,,,EGP,,,,,2025-08-12T08:18:13Z,2024,2024-01-01,2024-12-31
7789042,TOBACCO_MPOWER_R_TAXREVENUELATEST,COUNTRY,MUS,AFR,Africa,YEAR,2024,TOBACCO_INDICATOR,TOBACCO_INDICATOR_Rev_govt_total,,,,,,,8 724 654 128,8724654128,,,,2025-08-12T08:18:13Z,2024,2024-01-01,2024-12-31
7804753,TOBACCO_MPOWER_R_TAXREVENUELATEST,COUNTRY,VNM,WPR,Western Pacific,YEAR,2024,TOBACCO_INDICATOR,TOBACCO_INDICATOR_Rev_other,,,,,,,. . .,,,,,2025-08-12T08:18:13Z,2024,2024-01-01,2024-12-31
7812915,TOBACCO_MPOWER_R_TAXREVENUELATEST,COUNTRY,SAU,EMR,Eastern Mediterranean,YEAR,2024,TOBACCO_INDICATOR,TOBACCO_INDICATOR_Rev_import,,,,,,,4 023 814 259,4023814259,,,,2025-08-12T08:18:13Z,2024,2024-01-01,2024-12-31
7819103,TOBACCO_MPOWER_R_TAXREVENUELATEST,COUNTRY,MHL,WPR,Western Pacific,YEAR,2024,TOBACCO_INDICATOR,TOBACCO_INDICATOR_Rev_type,,,,,,,Cigarettes only,,,,,2025-08-12T08:18:13Z,2024,2024-01-01,2024-12-31
7819358,TOBACCO_MPOWER_R_TAXREVENUELATEST,COUNTRY,ECU,AMR,Americas,YEAR,2024,TOBACCO_INDICATOR,TOBACCO_INDICATOR_Rev_excise,,,,,,,121 245 923,121245923.36,,,,2025-08-12T15:04:57Z,2024,2024-01-01,2024-12-31
7819613,TOBACCO_MPOWER_R_TAXREVENUELATEST,COUNTRY,IRN,EMR,Eastern Mediterranean,YEAR,2024,TOBACCO_INDICATOR,TOBACCO_INDICATOR_Rev_curr,,,,,,,IRR,,,,,2025-08-12T08:18:13Z,2024,2024-01-01,2024-12-31
7825109,TOBACCO_MPOWER_R_TAXREVENUELATEST,COUNTRY,AFG,EMR,Eastern Mediterranean,YEAR,2024,TOBACCO_INDICATOR,TOBACCO_INDICATOR_Rev_other,,,,,,,0,0,,,,2025-08-12T08:18:13Z,2024,2024-01-01,2024-12-31
7834480,TOBACCO_MPOWER_R_TAXREVENUELATEST,COUNTRY,COG,AFR,Africa,YEAR,2024,TOBACCO_INDICATOR,TOBACCO_INDICATOR_Rev_type,,,,,,,All tobacco products,,,,,2025-08-12T15:04:57Z,2024,2024-01-01,2024-12-31
7841453,TOBACCO_MPOWER_R_TAXREVENUELATEST,COUNTRY,COL,AMR,Americas,YEAR,2024,TOBACCO_INDICATOR,TOBACCO_INDICATOR_Rev_curr,,,,,,,COP,,,,,2025-08-12T08:18:13Z,2024,2024-01-01,2024-12-31
7846953,TOBACCO_MPOWER_R_TAXREVENUELATEST,COUNTRY,DJI,EMR,Eastern Mediterranean,YEAR,2024,TOBACCO_INDICATOR,TOBACCO_INDICATOR_Rev_year,,,,,,,2011,,,,,2025-08-12T15:04:57Z,2024,2024-01-01,2024-12-31
7866100,TOBACCO_MPOWER_R_TAXREVENUELATEST,COUNTRY,TUR,EUR,Europe,YEAR,2024,TOBACCO_INDICATOR,TOBACCO_INDICATOR_Rev_year,,,,,,,2023,,,,,2025-08-12T15:04:57Z,2024,2024-01-01,2024-12-31
7881559,TOBACCO_MPOWER_R_TAXREVENUELATEST,COUNTRY,TZA,AFR,Africa,YEAR,2024,TOBACCO_INDICATOR,TOBACCO_INDICATOR_Rev_import,,,,,,,. . .,,,,,2025-08-12T08:18:13Z,2024,2024-01-01,2024-12-31
7885190,TOBACCO_MPOWER_R_TAXREVENUELATEST,COUNTRY,SYC,AFR,Africa,YEAR,2024,TOBACCO_INDICATOR,TOBACCO_INDICATOR_Rev_import,,,,,,,14 397 308,14397307.54,,,,2025-08-12T08:18:13Z,2024,2024-01-01,2024-12-31
7891804,TOBACCO_MPOWER_R_TAXREVENUELATEST,COUNTRY,CRI,AMR,Americas,YEAR,2024,TOBACCO_INDICATOR,TOBACCO_INDICATOR_Rev_curr,,,,,,,CRC,,,,,2025-08-12T08:18:13Z,2024,2024-01-01,2024-12-31
7903551,TOBACCO_MPOWER_R_TAXREVENUELATEST,COUNTRY,GAB,AFR,Africa,YEAR,2024,TOBACCO_INDICATOR,TOBACCO_INDICATOR_Rev_VAT,,,,,,,2 628 274 531,2628274531,,,,2025-08-12T08:18:13Z,2024,2024-01-01,2024-12-31
7906248,TOBACCO_MPOWER_R_TAXREVENUELATEST,COUNTRY,AFG,EMR,Eastern Mediterranean,YEAR,2024,TOBACCO_INDICATOR,TOBACCO_INDICATOR_Rev_import,,,,,,,1 845 000 000,1845000000,,,,2025-08-12T08:18:13Z,2024,2024-01-01,2024-12-31
7909313,TOBACCO_MPOWER_R_TAXREVENUELATEST,COUNTRY,BRA,AMR,Americas,YEAR,2024,TOBACCO_INDICATOR,TOBACCO_INDICATOR_Rev_import,,,,,,,. . .,,,,,2025-08-12T08:18:13Z,2024,2024-01-01,2024-12-31
7917243,TOBACCO_MPOWER_R_TAXREVENUELATEST,COUNTRY,TTO,AMR,Americas,YEAR,2024,TOBACCO_INDICATOR,TOBACCO_INDICATOR_Rev_curr,,,,,,,TTD,,,,,2025-08-12T08:18:13Z,2024,2024-01-01,2024-12-31
7917387,TOBACCO_MPOWER_R_TAXREVENUELATEST,COUNTRY,ARG,AMR,Americas,YEAR,2024,TOBACCO_INDICATOR,TOBACCO_INDICATOR_Rev_import,,,,,,,212 384 391,212384390.62,,,,2025-08-12T15:04:57Z,2024,2024-01-01,2024-12-31
7919766,TOBACCO_MPOWER_R_TAXREVENUELATEST,COUNTRY,LUX,EUR,Europe,YEAR,2024,TOBACCO_INDICATOR,TOBACCO_INDICATOR_Rev_year,,,,,,,2023,,,,,2025-08-12T15:04:57Z,2024,2024-01-01,2024-12-31
7923768,TOBACCO_MPOWER_R_TAXREVENUELATEST,COUNTRY,ARE,EMR,Eastern Mediterranean,YEAR,2024,TOBACCO_INDICATOR,TOBACCO_INDICATOR_Rev_govt_total,,,,,,,. . .,,,,,2025-08-12T08:18:13Z,2024,2024-01-01,2024-12-31
7925288,TOBACCO_MPOWER_R_TAXREVENUELATEST,COUNTRY,BDI,AFR,Africa,YEAR,2024,TOBACCO_INDICATOR,TOBACCO_INDICATOR_Rev_other,,,,,,,. . .,,,,,2025-08-12T08:18:13Z,2024,2024-01-01,2024-12-31
7938748,TOBACCO_MPOWER_R_TAXREVENUELATEST,COUNTRY,NIU,WPR,Western Pacific,YEAR,2024,TOBACCO_INDICATOR,TOBACCO_INDICATOR_Rev_import,,,,,,,418 063,418063.2,,,,2025-08-12T08:18:13Z,2024,2024-01-01,2024-12-31
7953131,TOBACCO_MPOWER_R_TAXREVENUELATEST,COUNTRY,PLW,WPR,Western Pacific,YEAR,2024,TOBACCO_INDICATOR,TOBACCO_INDICATOR_Rev_import,,,,,,,0,0,,,,2025-08-12T08:18:13Z,2024,2024-01-01,2024-12-31
7959108,TOBACCO_MPOWER_R_TAXREVENUELATEST,COUNTRY,KAZ,EUR,Europe,YEAR,2024,TOBACCO_INDICATOR,TOBACCO_INDICATOR_Rev_type,,,,,,,All tobacco products,,,,,2025-08-12T15:04:57Z,2024,2024-01-01,2024-12-31
7961663,TOBACCO_MPOWER_R_TAXREVENUELATEST,COUNTRY,SYR,EMR,Eastern Mediterranean,YEAR,2024,TOBACCO_INDICATOR,TOBACCO_INDICATOR_Rev_VAT,,,,,,,. . .,,,,,2025-08-12T08:18:13Z,2024,2024-01-01,2024-12-31
7966923,TOBACCO_MPOWER_R_TAXREVENUELATEST,COUNTRY,SYR,EMR,Eastern Mediterranean,YEAR,2024,TOBACCO_INDICATOR,TOBACCO_INDICATOR_Rev_type,,,,,,,. . .,,,,,2025-08-12T08:18:13Z,2024,2024-01-01,2024-12-31
7980974,TOBACCO_MPOWER_R_TAXREVENUELATEST,COUNTRY,NPL,SEAR,South-East Asia,YEAR,2024,TOBACCO_INDICATOR,TOBACCO_INDICATOR_Rev_import,,,,,,,. . .,,,,,2025-08-12T08:18:13Z,2024,2024-01-01,2024-12-31
7996476,TOBACCO_MPOWER_R_TAXREVENUELATEST,COUNTRY,JPN,WPR,Western Pacific,YEAR,2024,TOBACCO_INDICATOR,TOBACCO_INDICATOR_Rev_type,,,,,,,All tobacco products,,,,,2025-08-12T15:04:57Z,2024,2024-01-01,2024-12-31
8003407,TOBACCO_MPOWER_R_TAXREVENUELATEST,COUNTRY,AFG,EMR,Eastern Mediterranean,YEAR,2024,TOBACCO_INDICATOR,TOBACCO_INDICATOR_Rev_govt_total,,,,,,,1 845 000 000,1845000000,,,,2025-08-12T08:18:13Z,2024,2024-01-01,2024-12-31
8005200,TOBACCO_MPOWER_R_TAXREVENUELATEST,COUNTRY,FRA,EUR,Europe,YEAR,2024,TOBACCO_INDICATOR,TOBACCO_INDICATOR_Rev_type,,,,,,,All tobacco products,,,,,2025-08-12T15:04:57Z,2024,2024-01-01,2024-12-31
8008125,TOBACCO_MPOWER_R_TAXREVENUELATEST,COUNTRY,SLV,AMR,Americas,YEAR,2024,TOBACCO_INDICATOR,TOBACCO_INDICATOR_Rev_type,,,,,,,Cigarettes only,,,,,2025-08-12T08:18:13Z,2024,2024-01-01,2024-12-31
8017589,TOBACCO_MPOWER_R_TAXREVENUELATEST,COUNTRY,BWA,AFR,Africa,YEAR,2024,TOBACCO_INDICATOR,TOBACCO_INDICATOR_Rev_other,,,,,,,30 891 073,30891073.1,,,,2025-08-12T08:18:13Z,2024,2024-01-01,2024-12-31
8022264,TOBACCO_MPOWER_R_TAXREVENUELATEST,COUNTRY,ESP,EUR,Europe,YEAR,2024,TOBACCO_INDICATOR,TOBACCO_INDICATOR_Rev_import,,,,,,,. . .,,,,,2025-08-12T08:18:13Z,2024,2024-01-01,2024-12-31
8050967,TOBACCO_MPOWER_R_TAXREVENUELATEST,COUNTRY,SOM,EMR,Eastern Mediterranean,YEAR,2024,TOBACCO_INDICATOR,TOBACCO_INDICATOR_Rev_year,,,,,,,2019,,,,,2025-08-12T15:04:57Z,2024,2024-01-01,2024-12-31
8080822,TOBACCO_MPOWER_R_TAXREVENUELATEST,COUNTRY,ATG,AMR,Americas,YEAR,2024,TOBACCO_INDICATOR,TOBACCO_INDICATOR_Rev_excise,,,,,,,—,,,,,2025-08-12T08:18:13Z,2024,2024-01-01,2024-12-31
8084435,TOBACCO_MPOWER_R_TAXREVENUELATEST,COUNTRY,CRI,AMR,Americas,YEAR,2024,TOBACCO_INDICATOR,TOBACCO_INDICATOR_Rev_type,,,,,,,All tobacco products,,,,,2025-08-12T15:04:57Z,2024,2024-01-01,2024-12-31
8090534,TOBACCO_MPOWER_R_TAXREVENUELATEST,COUNTRY,GRC,EUR,Europe,YEAR,2024,TOBACCO_INDICATOR,TOBACCO_INDICATOR_Rev_govt_total,,,,,,,. . .,,,,,2025-08-12T08:18:13Z,2024,2024-01-01,2024-12-31
8092471,TOBACCO_MPOWER_R_TAXREVENUELATEST,COUNTRY,LBN,EMR,Eastern Mediterranean,YEAR,2024,TOBACCO_INDICATOR,TOBACCO_INDICATOR_Rev_excise,,,,,,,97 000 000 000,97000000000,,,,2025-08-12T08:18:13Z,2024,2024-01-01,2024-12-31
8092973,TOBACCO_MPOWER_R_TAXREVENUELATEST,COUNTRY,AZE,EUR,Europe,YEAR,2024,TOBACCO_INDICATOR,TOBACCO_INDICATOR_Rev_type,,,,,,,All tobacco products,,,,,2025-08-12T15:04:57Z,2024,2024-01-01,2024-12-31
8105400,TOBACCO_MPOWER_R_TAXREVENUELATEST,COUNTRY,GTM,AMR,Americas,YEAR,2024,TOBACCO_INDICATOR,TOBACCO_INDICATOR_Rev_excise,,,,,,,332 594 201,332594201.42,,,,2025-08-12T15:04:57Z,2024,2024-01-01,2024-12-31
8105811,TOBACCO_MPOWER_R_TAXREVENUELATEST,COUNTRY,TLS,SEAR,South-East Asia,YEAR,2024,TOBACCO_INDICATOR,TOBACCO_INDICATOR_Rev_other,,,,,,,0,0,,,,2025-08-12T08:18:13Z,2024,2024-01-01,2024-12-31
8106596,TOBACCO_MPOWER_R_TAXREVENUELATEST,COUNTRY,GRD,AMR,Americas,YEAR,2024,TOBACCO_INDICATOR,TOBACCO_INDICATOR_Rev_govt_total,,,,,,,13 246 825,13246824.54,,,,2025-08-12T08:18:13Z,2024,2024-01-01,2024-12-31
8106722,TOBACCO_MPOWER_R_TAXREVENUELATEST,COUNTRY,CMR,AFR,Africa,YEAR,2024,TOBACCO_INDICATOR,TOBACCO_INDICATOR_Rev_year,,,,,,,2018,,,,,2025-08-12T15:04:57Z,2024,2024-01-01,2024-12-31
8106808,TOBACCO_MPOWER_R_TAXREVENUELATEST,COUNTRY,AGO,AFR,Africa,YEAR,2024,TOBACCO_INDICATOR,TOBACCO_INDICATOR_Rev_year,,,,,,,2023,,,,,2025-08-12T15:04:57Z,2024,2024-01-01,2024-12-31
8107808,TOBACCO_MPOWER_R_TAXREVENUELATEST,COUNTRY,CRI,AMR,Americas,YEAR,2024,TOBACCO_INDICATOR,TOBACCO_INDICATOR_Rev_import,,,,,,,108 559 329,108559329,,,,2025-08-12T08:18:13Z,2024,2024-01-01,2024-12-31
8112886,TOBACCO_MPOWER_R_TAXREVENUELATEST,COUNTRY,TON,WPR,Western Pacific,YEAR,2024,TOBACCO_INDICATOR,TOBACCO_INDICATOR_Rev_curr,,,,,,,TOP,,,,,2025-08-12T08:18:13Z,2024,2024-01-01,2024-12-31
8120797,TOBACCO_MPOWER_R_TAXREVENUELATEST,COUNTRY,GNB,AFR,Africa,YEAR,2024,TOBACCO_INDICATOR,TOBACCO_INDICATOR_Rev_excise,,,,,,,. . .,,,,,2025-08-12T08:18:13Z,2024,2024-01-01,2024-12-31
8130377,TOBACCO_MPOWER_R_TAXREVENUELATEST,COUNTRY,TJK,EUR,Europe,YEAR,2024,TOBACCO_INDICATOR,TOBACCO_INDICATOR_Rev_year,,,,,,,2013,,,,,2025-08-12T15:04:57Z,2024,2024-01-01,2024-12-31
8131341,TOBACCO_MPOWER_R_TAXREVENUELATEST,COUNTRY,BRN,WPR,Western Pacific,YEAR,2024,TOBACCO_INDICATOR,TOBACCO_INDICATOR_Rev_year,,,,,,,2023/24,,,,,2025-08-12T08:18:13Z,2024,2024-01-01,2024-12-31
8131545,TOBACCO_MPOWER_R_TAXREVENUELATEST,COUNTRY,NIC,AMR,Americas,YEAR,2024,TOBACCO_INDICATOR,TOBACCO_INDICATOR_Rev_year,,,,,,,. . .,,,,,2025-08-12T08:18:13Z,2024,2024-01-01,2024-12-31
8132884,TOBACCO_MPOWER_R_TAXREVENUELATEST,COUNTRY,GIN,AFR,Africa,YEAR,2024,TOBACCO_INDICATOR,TOBACCO_INDICATOR_Rev_govt_total,,,,,,,300 055 128 582,300055128582,,,,2025-08-12T15:04:57Z,2024,2024-01-01,2024-12-31
8134181,TOBACCO_MPOWER_R_TAXREVENUELATEST,COUNTRY,ROU,EUR,Europe,YEAR,2024,TOBACCO_INDICATOR,TOBACCO_INDICATOR_Rev_year,,,,,,,2023,,,,,2025-08-12T15:04:57Z,2024,2024-01-01,2024-12-31
8157808,TOBACCO_MPOWER_R_TAXREVENUELATEST,COUNTRY,ECU,AMR,Americas,YEAR,2024,TOBACCO_INDICATOR,TOBACCO_INDICATOR_Rev_import,,,,,,,. . .,,,,,2025-08-12T08:18:13Z,2024,2024-01-01,2024-12-31
8169473,TOBACCO_MPOWER_R_TAXREVENUELATEST,COUNTRY,WSM,WPR,Western Pacific,YEAR,2024,TOBACCO_INDICATOR,TOBACCO_INDICATOR_Rev_type,,,,,,,All tobacco products,,,,,2025-08-12T15:04:57Z,2024,2024-01-01,2024-12-31
8169604,TOBACCO_MPOWER_R_TAXREVENUELATEST,COUNTRY,ROU,EUR,Europe,YEAR,2024,TOBACCO_INDICATOR,TOBACCO_INDICATOR_Rev_govt_total,,,,,,,. . .,,,,,2025-08-12T08:18:13Z,2024,2024-01-01,2024-12-31
8178506,TOBACCO_MPOWER_R_TAXREVENUELATEST,COUNTRY,SAU,EMR,Eastern Mediterranean,YEAR,2024,TOBACCO_INDICATOR,TOBACCO_INDICATOR_Rev_excise,,,,,,,9 062 145 946,9062145946,,,,2025-08-12T08:18:13Z,2024,2024-01-01,2024-12-31
8178783,TOBACCO_MPOWER_R_TAXREVENUELATEST,COUNTRY,SLE,AFR,Africa,YEAR,2024,TOBACCO_INDICATOR,TOBACCO_INDICATOR_Rev_other,,,,,,,7 155 177,7155177.39,,,,2025-08-12T08:18:13Z,2024,2024-01-01,2024-12-31
8180170,TOBACCO_MPOWER_R_TAXREVENUELATEST,COUNTRY,GEO,EUR,Europe,YEAR,2024,TOBACCO_INDICATOR,TOBACCO_INDICATOR_Rev_import,,,,,,,19 891 431,19891431,,,,2025-08-12T08:18:13Z,2024,2024-01-01,2024-12-31
8180551,TOBACCO_MPOWER_R_TAXREVENUELATEST,COUNTRY,MLT,EUR,Europe,YEAR,2024,TOBACCO_INDICATOR,TOBACCO_INDICATOR_Rev_govt_total,,,,,,,. . .,,,,,2025-08-12T08:18:13Z,2024,2024-01-01,2024-12-31
8188234,TOBACCO_MPOWER_R_TAXREVENUELATEST,COUNTRY,CMR,AFR,Africa,YEAR,2024,TOBACCO_INDICATOR,TOBACCO_INDICATOR_Rev_import,,,,,,,2 226 293 146,2226293146,,,,2025-08-12T08:18:13Z,2024,2024-01-01,2024-12-31
8188976,TOBACCO_MPOWER_R_TAXREVENUELATEST,COUNTRY,NOR,EUR,Europe,YEAR,2024,TOBACCO_INDICATOR,TOBACCO_INDICATOR_Rev_curr,,,,,,,NOK,,,,,2025-08-12T08:18:13Z,2024,2024-01-01,2024-12-31
8193874,TOBACCO_MPOWER_R_TAXREVENUELATEST,COUNTRY,VUT,WPR,Western Pacific,YEAR,2024,TOBACCO_INDICATOR,TOBACCO_INDICATOR_Rev_type,,,,,,,All tobacco products,,,,,2025-08-12T15:04:57Z,2024,2024-01-01,2024-12-31
8194385,TOBACCO_MPOWER_R_TAXREVENUELATEST,COUNTRY,DOM,AMR,Americas,YEAR,2024,TOBACCO_INDICATOR,TOBACCO_INDICATOR_Rev_type,,,,,,,All tobacco products,,,,,2025-08-12T15:04:57Z,2024,2024-01-01,2024-12-31
8195725,TOBACCO_MPOWER_R_TAXREVENUELATEST,COUNTRY,BWA,AFR,Africa,YEAR,2024,TOBACCO_INDICATOR,TOBACCO_INDICATOR_Rev_curr,,,,,,,BWP,,,,,2025-08-12T08:18:13Z,2024,2024-01-01,2024-12-31
8202547,TOBACCO_MPOWER_R_TAXREVENUELATEST,COUNTRY,JAM,AMR,Americas,YEAR,2024,TOBACCO_INDICATOR,TOBACCO_INDICATOR_Rev_other,,,,,,,127 435 177,127435177,,,Data not validated by the national authorities.,2025-08-12T08:18:13Z,2024,2024-01-01,2024-12-31
8207397,TOBACCO_MPOWER_R_TAXREVENUELATEST,COUNTRY,KWT,EMR,Eastern Mediterranean,YEAR,2024,TOBACCO_INDICATOR,TOBACCO_INDICATOR_Rev_other,,,,,,,—,,,,,2025-08-12T08:18:13Z,2024,2024-01-01,2024-12-31
8220779,TOBACCO_MPOWER_R_TAXREVENUELATEST,COUNTRY,RUS,EUR,Europe,YEAR,2024,TOBACCO_INDICATOR,TOBACCO_INDICATOR_Rev_excise,,,,,,,752 587 713 506,752587713506,,,,2025-08-12T15:04:57Z,2024,2024-01-01,2024-12-31
8222059,TOBACCO_MPOWER_R_TAXREVENUELATEST,COUNTRY,KIR,WPR,Western Pacific,YEAR,2024,TOBACCO_INDICATOR,TOBACCO_INDICATOR_Rev_curr,,,,,,,AUD,,,,,2025-08-12T08:18:13Z,2024,2024-01-01,2024-12-31
8225352,TOBACCO_MPOWER_R_TAXREVENUELATEST,COUNTRY,CHL,AMR,Americas,YEAR,2024,TOBACCO_INDICATOR,TOBACCO_INDICATOR_Rev_excise,,,,,,,1 030 521 560 114,1030521560114,,,,2025-08-12T15:04:57Z,2024,2024-01-01,2024-12-31
8252089,TOBACCO_MPOWER_R_TAXREVENUELATEST,COUNTRY,TGO,AFR,Africa,YEAR,2024,TOBACCO_INDICATOR,TOBACCO_INDICATOR_Rev_year,,,,,,,2023,,,,,2025-08-12T15:04:57Z,2024,2024-01-01,2024-12-31
8257034,TOBACCO_MPOWER_R_TAXREVENUELATEST,COUNTRY,DMA,AMR,Americas,YEAR,2024,TOBACCO_INDICATOR,TOBACCO_INDICATOR_Rev_other,,,,,,,37 868,37868.37,,,,2025-08-12T08:18:13Z,2024,2024-01-01,2024-12-31
8265522,TOBACCO_MPOWER_R_TAXREVENUELATEST,COUNTRY,CHE,EUR,Europe,YEAR,2024,TOBACCO_INDICATOR,TOBACCO_INDICATOR_Rev_type,,,,,,,All tobacco products,,,,,2025-08-12T15:04:57Z,2024,2024-01-01,2024-12-31
8266498,TOBACCO_MPOWER_R_TAXREVENUELATEST,COUNTRY,TCD,AFR,Africa,YEAR,2024,TOBACCO_INDICATOR,TOBACCO_INDICATOR_Rev_other,,,,,,,. . .,,,,,2025-08-12T08:18:13Z,2024,2024-01-01,2024-12-31
8269489,TOBACCO_MPOWER_R_TAXREVENUELATEST,COUNTRY,GBR,EUR,Europe,YEAR,2024,TOBACCO_INDICATOR,TOBACCO_INDICATOR_Rev_import,,,,,,,. . .,,,,,2025-08-12T08:18:13Z,2024,2024-01-01,2024-12-31
8291774,TOBACCO_MPOWER_R_TAXREVENUELATEST,COUNTRY,AGO,AFR,Africa,YEAR,2024,TOBACCO_INDICATOR,TOBACCO_INDICATOR_Rev_VAT,,,,,,,4 132 696 941,4132696941,,,,2025-08-12T08:18:13Z,2024,2024-01-01,2024-12-31
8293010,TOBACCO_MPOWER_R_TAXREVENUELATEST,COUNTRY,TUN,EMR,Eastern Mediterranean,YEAR,2024,TOBACCO_INDICATOR,TOBACCO_INDICATOR_Rev_VAT,,,,,,,301 722 773,301722773.02,,,,2025-08-12T15:04:57Z,2024,2024-01-01,2024-12-31
8296119,TOBACCO_MPOWER_R_TAXREVENUELATEST,COUNTRY,GRD,AMR,Americas,YEAR,2024,TOBACCO_INDICATOR,TOBACCO_INDICATOR_Rev_excise,,,,,,,9 758 196,9758196,,,,2025-08-12T08:18:13Z,2024,2024-01-01,2024-12-31
8299255,TOBACCO_MPOWER_R_TAXREVENUELATEST,COUNTRY,FRA,EUR,Europe,YEAR,2024,TOBACCO_INDICATOR,TOBACCO_INDICATOR_Rev_import,,,,,,,. . .,,,,,2025-08-12T08:18:13Z,2024,2024-01-01,2024-12-31
8311093,TOBACCO_MPOWER_R_TAXREVENUELATEST,COUNTRY,BLR,EUR,Europe,YEAR,2024,TOBACCO_INDICATOR,TOBACCO_INDICATOR_Rev_other,,,,,,,0,0,,,,2025-08-12T08:18:13Z,2024,2024-01-01,2024-12-31
8317895,TOBACCO_MPOWER_R_TAXREVENUELATEST,COUNTRY,KHM,WPR,Western Pacific,YEAR,2024,TOBACCO_INDICATOR,TOBACCO_INDICATOR_Rev_govt_total,,,,,,,491 288 414 124,491288414124,,,,2025-08-12T15:04:57Z,2024,2024-01-01,2024-12-31
8320896,TOBACCO_MPOWER_R_TAXREVENUELATEST,COUNTRY,TON,WPR,Western Pacific,YEAR,2024,TOBACCO_INDICATOR,TOBACCO_INDICATOR_Rev_other,,,,,,,0,0,,,,2025-08-12T08:18:13Z,2024,2024-01-01,2024-12-31
8325371,TOBACCO_MPOWER_R_TAXREVENUELATEST,COUNTRY,MNG,WPR,Western Pacific,YEAR,2024,TOBACCO_INDICATOR,TOBACCO_INDICATOR_Rev_other,,,,,,,6 451 465 647,6451465647.000001,,,,2025-08-12T08:18:13Z,2024,2024-01-01,2024-12-31
8330747,TOBACCO_MPOWER_R_TAXREVENUELATEST,COUNTRY,MEX,AMR,Americas,YEAR,2024,TOBACCO_INDICATOR,TOBACCO_INDICATOR_Rev_curr,,,,,,,MXN,,,,,2025-08-12T08:18:13Z,2024,2024-01-01,2024-12-31
8334934,TOBACCO_MPOWER_R_TAXREVENUELATEST,COUNTRY,CPV,AFR,Africa,YEAR,2024,TOBACCO_INDICATOR,TOBACCO_INDICATOR_Rev_VAT,,,,,,,46 274 924,46274924,,,,2025-08-12T08:18:13Z,2024,2024-01-01,2024-12-31
8336491,TOBACCO_MPOWER_R_TAXREVENUELATEST,COUNTRY,NZL,WPR,Western Pacific,YEAR,2024,TOBACCO_INDICATOR,TOBACCO_INDICATOR_Rev_curr,,,,,,,NZD,,,,,2025-08-12T08:18:13Z,2024,2024-01-01,2024-12-31
8339660,TOBACCO_MPOWER_R_TAXREVENUELATEST,COUNTRY,PAK,EMR,Eastern Mediterranean,YEAR,2024,TOBACCO_INDICATOR,TOBACCO_INDICATOR_Rev_type,,,,,,,Cigarettes only,,,,,2025-08-12T08:18:13Z,2024,2024-01-01,2024-12-31
8342851,TOBACCO_MPOWER_R_TAXREVENUELATEST,COUNTRY,BOL,AMR,Americas,YEAR,2024,TOBACCO_INDICATOR,TOBACCO_INDICATOR_Rev_type,,,,,,,All tobacco products,,,,,2025-08-12T15:04:57Z,2024,2024-01-01,2024-12-31
8358784,TOBACCO_MPOWER_R_TAXREVENUELATEST,COUNTRY,NIC,AMR,Americas,YEAR,2024,TOBACCO_INDICATOR,TOBACCO_INDICATOR_Rev_excise,,,,,,,. . .,,,,,2025-08-12T08:18:13Z,2024,2024-01-01,2024-12-31
8368362,TOBACCO_MPOWER_R_TAXREVENUELATEST,COUNTRY,PRK,SEAR,South-East Asia,YEAR,2024,TOBACCO_INDICATOR,TOBACCO_INDICATOR_Rev_govt_total,,,,,,,. . .,,,,,2025-08-12T08:18:13Z,2024,2024-01-01,2024-12-31
8370284,TOBACCO_MPOWER_R_TAXREVENUELATEST,COUNTRY,KHM,WPR,Western Pacific,YEAR,2024,TOBACCO_INDICATOR,TOBACCO_INDICATOR_Rev_VAT,,,,,,,154 238 000 000,154238000000,,,,2025-08-12T08:18:13Z,2024,2024-01-01,2024-12-31
8370793,TOBACCO_MPOWER_R_TAXREVENUELATEST,COUNTRY,IDN,WPR,Western Pacific,YEAR,2024,TOBACCO_INDICATOR,TOBACCO_INDICATOR_Rev_import,,,,,,,. . .,,,,,2025-08-12T08:18:13Z,2024,2024-01-01,2024-12-31
8374238,TOBACCO_MPOWER_R_TAXREVENUELATEST,COUNTRY,KOR,WPR,Western Pacific,YEAR,2024,TOBACCO_INDICATOR,TOBACCO_INDICATOR_Rev_VAT,,,,,,,1 484 500 000 000,1484499999999.9998,,,,2025-08-12T15:04:57Z,2024,2024-01-01,2024-12-31
8376076,TOBACCO_MPOWER_R_TAXREVENUELATEST,COUNTRY,CHL,AMR,Americas,YEAR,2024,TOBACCO_INDICATOR,TOBACCO_INDICATOR_Rev_other,,,,,,,0,0,,,,2025-08-12T08:18:13Z,2024,2024-01-01,2024-12-31
8377457,TOBACCO_MPOWER_R_TAXREVENUELATEST,COUNTRY,SDN,EMR,Eastern Mediterranean,YEAR,2024,TOBACCO_INDICATOR,TOBACCO_INDICATOR_Rev_year,,,,,,,2020,,,,,2025-08-12T15:04:57Z,2024,2024-01-01,2024-12-31
8390782,TOBACCO_MPOWER_R_TAXREVENUELATEST,COUNTRY,PLW,WPR,Western Pacific,YEAR,2024,TOBACCO_INDICATOR,TOBACCO_INDICATOR_Rev_other,,,,,,,0,0,,,,2025-08-12T08:18:13Z,2024,2024-01-01,2024-12-31
8399402,TOBACCO_MPOWER_R_TAXREVENUELATEST,COUNTRY,LCA,AMR,Americas,YEAR,2024,TOBACCO_INDICATOR,TOBACCO_INDICATOR_Rev_VAT,,,,,,,2 374 993,2374993,,,,2025-08-12T08:18:13Z,2024,2024-01-01,2024-12-31
8400160,TOBACCO_MPOWER_R_TAXREVENUELATEST,COUNTRY,EST,EUR,Europe,YEAR,2024,TOBACCO_INDICATOR,TOBACCO_INDICATOR_Rev_excise,,,,,,,250 970 000,250970000,,,,2025-08-12T08:18:13Z,2024,2024-01-01,2024-12-31
8400644,TOBACCO_MPOWER_R_TAXREVENUELATEST,COUNTRY,GEO,EUR,Europe,YEAR,2024,TOBACCO_INDICATOR,TOBACCO_INDICATOR_Rev_govt_total,,,,,,,. . .,,,,,2025-08-12T08:18:13Z,2024,2024-01-01,2024-12-31
8402539,TOBACCO_MPOWER_R_TAXREVENUELATEST,COUNTRY,OMN,EMR,Eastern Mediterranean,YEAR,2024,TOBACCO_INDICATOR,TOBACCO_INDICATOR_Rev_VAT,,,,,,,612 085,612085,,,,2025-08-12T08:18:13Z,2024,2024-01-01,2024-12-31
8421881,TOBACCO_MPOWER_R_TAXREVENUELATEST,COUNTRY,MNG,WPR,Western Pacific,YEAR,2024,TOBACCO_INDICATOR,TOBACCO_INDICATOR_Rev_VAT,,,,,,,35 325 055 945,35325055944.7,,,,2025-08-12T15:04:57Z,2024,2024-01-01,2024-12-31
8426737,TOBACCO_MPOWER_R_TAXREVENUELATEST,COUNTRY,SLV,AMR,Americas,YEAR,2024,TOBACCO_INDICATOR,TOBACCO_INDICATOR_Rev_year,,,,,,,2023,,,,,2025-08-12T15:04:57Z,2024,2024-01-01,2024-12-31
8446085,TOBACCO_MPOWER_R_TAXREVENUELATEST,COUNTRY,TTO,AMR,Americas,YEAR,2024,TOBACCO_INDICATOR,TOBACCO_INDICATOR_Rev_type,,,,,,,Cigarettes only,,,,,2025-08-12T08:18:13Z,2024,2024-01-01,2024-12-31
8448223,TOBACCO_MPOWER_R_TAXREVENUELATEST,COUNTRY,KIR,WPR,Western Pacific,YEAR,2024,TOBACCO_INDICATOR,TOBACCO_INDICATOR_Rev_year,,,,,,,2019,,,,,2025-08-12T15:04:57Z,2024,2024-01-01,2024-12-31
8459973,TOBACCO_MPOWER_R_TAXREVENUELATEST,COUNTRY,SEN,AFR,Africa,YEAR,2024,TOBACCO_INDICATOR,TOBACCO_INDICATOR_Rev_excise,,,,,,,19 247 475 888,19247475888,,,,2025-08-12T08:18:13Z,2024,2024-01-01,2024-12-31
8472332,TOBACCO_MPOWER_R_TAXREVENUELATEST,COUNTRY,QAT,EMR,Eastern Mediterranean,YEAR,2024,TOBACCO_INDICATOR,TOBACCO_INDICATOR_Rev_VAT,,,,,,,0,0,,,,2025-08-12T08:18:13Z,2024,2024-01-01,2024-12-31
8478579,TOBACCO_MPOWER_R_TAXREVENUELATEST,COUNTRY,LUX,EUR,Europe,YEAR,2024,TOBACCO_INDICATOR,TOBACCO_INDICATOR_Rev_curr,,,,,,,EUR,,,,,2025-08-12T08:18:13Z,2024,2024-01-01,2024-12-31
8487939,TOBACCO_MPOWER_R_TAXREVENUELATEST,COUNTRY,MAR,EMR,Eastern Mediterranean,YEAR,2024,TOBACCO_INDICATOR,TOBACCO_INDICATOR_Rev_year,,,,,,,2023,,,,,2025-08-12T15:04:57Z,2024,2024-01-01,2024-12-31
8490526,TOBACCO_MPOWER_R_TAXREVENUELATEST,COUNTRY,NZL,WPR,Western Pacific,YEAR,2024,TOBACCO_INDICATOR,TOBACCO_INDICATOR_Rev_VAT,,,,,,,. . .,,,,,2025-08-12T08:18:13Z,2024,2024-01-01,2024-12-31
8502775,TOBACCO_MPOWER_R_TAXREVENUELATEST,COUNTRY,BHR,EMR,Eastern Mediterranean,YEAR,2024,TOBACCO_INDICATOR,TOBACCO_INDICATOR_Rev_curr,,,,,,,BHD,,,,,2025-08-12T08:18:13Z,2024,2024-01-01,2024-12-31
8503690,TOBACCO_MPOWER_R_TAXREVENUELATEST,COUNTRY,ETH,AFR,Africa,YEAR,2024,TOBACCO_INDICATOR,TOBACCO_INDICATOR_Rev_govt_total,,,,,,,3 100 810 235,3100810235.33,,,,2025-08-12T15:04:57Z,2024,2024-01-01,2024-12-31
8513838,TOBACCO_MPOWER_R_TAXREVENUELATEST,COUNTRY,KGZ,EUR,Europe,YEAR,2024,TOBACCO_INDICATOR,TOBACCO_INDICATOR_Rev_govt_total,,,,,,,. . .,,,,,2025-08-12T08:18:13Z,2024,2024-01-01,2024-12-31
8558031,TOBACCO_MPOWER_R_TAXREVENUELATEST,COUNTRY,YEM,EMR,Eastern Mediterranean,YEAR,2024,TOBACCO_INDICATOR,TOBACCO_INDICATOR_Rev_govt_total,,,,,,,. . .,,,,,2025-08-12T08:18:13Z,2024,2024-01-01,2024-12-31
8561253,TOBACCO_MPOWER_R_TAXREVENUELATEST,COUNTRY,BHS,AMR,Americas,YEAR,2024,TOBACCO_INDICATOR,TOBACCO_INDICATOR_Rev_import,,,,,,,0,0,,,,2025-08-12T08:18:13Z,2024,2024-01-01,2024-12-31
8577707,TOBACCO_MPOWER_R_TAXREVENUELATEST,COUNTRY,ECU,AMR,Americas,YEAR,2024,TOBACCO_INDICATOR,TOBACCO_INDICATOR_Rev_other,,,,,,,. . .,,,,,2025-08-12T08:18:13Z,2024,2024-01-01,2024-12-31
8581078,TOBACCO_MPOWER_R_TAXREVENUELATEST,COUNTRY,NZL,WPR,Western Pacific,YEAR,2024,TOBACCO_INDICATOR,TOBACCO_INDICATOR_Rev_year,,,,,,,2024,,,,,2025-08-12T15:04:57Z,2024,2024-01-01,2024-12-31
8584667,TOBACCO_MPOWER_R_TAXREVENUELATEST,COUNTRY,TKM,EUR,Europe,YEAR,2024,TOBACCO_INDICATOR,TOBACCO_INDICATOR_Rev_VAT,,,,,,,. . .,,,,,2025-08-12T08:18:13Z,2024,2024-01-01,2024-12-31
8587862,TOBACCO_MPOWER_R_TAXREVENUELATEST,COUNTRY,LCA,AMR,Americas,YEAR,2024,TOBACCO_INDICATOR,TOBACCO_INDICATOR_Rev_excise,,,,,,,9 800 365,9800365,,,,2025-08-12T08:18:13Z,2024,2024-01-01,2024-12-31
8596043,TOBACCO_MPOWER_R_TAXREVENUELATEST,COUNTRY,BEN,AFR,Africa,YEAR,2024,TOBACCO_INDICATOR,TOBACCO_INDICATOR_Rev_year,,,,,,,2020,,,,,2025-08-12T15:04:57Z,2024,2024-01-01,2024-12-31
8608725,TOBACCO_MPOWER_R_TAXREVENUELATEST,COUNTRY,HND,AMR,Americas,YEAR,2024,TOBACCO_INDICATOR,TOBACCO_INDICATOR_Rev_VAT,,,,,,,21 828 325,21828324.91,,,,2025-08-12T08:18:13Z,2024,2024-01-01,2024-12-31
8610179,TOBACCO_MPOWER_R_TAXREVENUELATEST,COUNTRY,GIN,AFR,Africa,YEAR,2024,TOBACCO_INDICATOR,TOBACCO_INDICATOR_Rev_excise,,,,,,,144 841 074 373,144841074373,,,,2025-08-12T15:04:57Z,2024,2024-01-01,2024-12-31
8610337,TOBACCO_MPOWER_R_TAXREVENUELATEST,COUNTRY,POL,EUR,Europe,YEAR,2024,TOBACCO_INDICATOR,TOBACCO_INDICATOR_Rev_excise,,,,,,,6 093 350 900,6093350900,,,,2025-08-12T08:18:13Z,2024,2024-01-01,2024-12-31
8616916,TOBACCO_MPOWER_R_TAXREVENUELATEST,COUNTRY,USA,AMR,Americas,YEAR,2024,TOBACCO_INDICATOR,TOBACCO_INDICATOR_Rev_import,,,,,,,. . .,,,,,2025-08-12T08:18:13Z,2024,2024-01-01,2024-12-31
8630823,TOBACCO_MPOWER_R_TAXREVENUELATEST,COUNTRY,DNK,EUR,Europe,YEAR,2024,TOBACCO_INDICATOR,TOBACCO_INDICATOR_Rev_govt_total,,,,,,,. . .,,,,,2025-08-12T08:18:13Z,2024,2024-01-01,2024-12-31
8645515,TOBACCO_MPOWER_R_TAXREVENUELATEST,COUNTRY,MUS,AFR,Africa,YEAR,2024,TOBACCO_INDICATOR,TOBACCO_INDICATOR_Rev_type,,,,,,,All tobacco products,,,,,2025-08-12T15:04:57Z,2024,2024-01-01,2024-12-31
8646080,TOBACCO_MPOWER_R_TAXREVENUELATEST,COUNTRY,HRV,EUR,Europe,YEAR,2024,TOBACCO_INDICATOR,TOBACCO_INDICATOR_Rev_import,,,,,,,. . .,,,,,2025-08-12T08:18:13Z,2024,2024-01-01,2024-12-31
8647481,TOBACCO_MPOWER_R_TAXREVENUELATEST,COUNTRY,ROU,EUR,Europe,YEAR,2024,TOBACCO_INDICATOR,TOBACCO_INDICATOR_Rev_import,,,,,,,. . .,,,,,2025-08-12T08:18:13Z,2024,2024-01-01,2024-12-31
8649748,TOBACCO_MPOWER_R_TAXREVENUELATEST,COUNTRY,GUY,AMR,Americas,YEAR,2024,TOBACCO_INDICATOR,TOBACCO_INDICATOR_Rev_VAT,,,,,,,374 290 827,374290827,,,,2025-08-12T08:18:13Z,2024,2024-01-01,2024-12-31
8664091,TOBACCO_MPOWER_R_TAXREVENUELATEST,COUNTRY,WSM,WPR,Western Pacific,YEAR,2024,TOBACCO_INDICATOR,TOBACCO_INDICATOR_Rev_other,,,,,,,. . .,,,,,2025-08-12T08:18:13Z,2024,2024-01-01,2024-12-31
8670255,TOBACCO_MPOWER_R_TAXREVENUELATEST,COUNTRY,DEU,EUR,Europe,YEAR,2024,TOBACCO_INDICATOR,TOBACCO_INDICATOR_Rev_govt_total,,,,,,,. . .,,,,,2025-08-12T08:18:13Z,2024,2024-01-01,2024-12-31
8678865,TOBACCO_MPOWER_R_TAXREVENUELATEST,COUNTRY,ALB,EUR,Europe,YEAR,2024,TOBACCO_INDICATOR,TOBACCO_INDICATOR_Rev_excise,,,,,,,. . .,,,,,2025-08-12T08:18:13Z,2024,2024-01-01,2024-12-31
8682969,TOBACCO_MPOWER_R_TAXREVENUELATEST,COUNTRY,BIH,EUR,Europe,YEAR,2024,TOBACCO_INDICATOR,TOBACCO_INDICATOR_Rev_import,,,,,,,. . .,,,,,2025-08-12T08:18:13Z,2024,2024-01-01,2024-12-31
8689140,TOBACCO_MPOWER_R_TAXREVENUELATEST,COUNTRY,NER,AFR,Africa,YEAR,2024,TOBACCO_INDICATOR,TOBACCO_INDICATOR_Rev_govt_total,,,,,,,29 777 272 717,29777272717,,,,2025-08-12T08:18:13Z,2024,2024-01-01,2024-12-31
8693942,TOBACCO_MPOWER_R_TAXREVENUELATEST,COUNTRY,MYS,WPR,Western Pacific,YEAR,2024,TOBACCO_INDICATOR,TOBACCO_INDICATOR_Rev_VAT,,,,,,,371 978 907,371978907,,,,2025-08-12T08:18:13Z,2024,2024-01-01,2024-12-31
8700569,TOBACCO_MPOWER_R_TAXREVENUELATEST,COUNTRY,MEX,AMR,Americas,YEAR,2024,TOBACCO_INDICATOR,TOBACCO_INDICATOR_Rev_other,,,,,,,. . .,,,,,2025-08-12T08:18:13Z,2024,2024-01-01,2024-12-31
8705180,TOBACCO_MPOWER_R_TAXREVENUELATEST,COUNTRY,VEN,AMR,Americas,YEAR,2024,TOBACCO_INDICATOR,TOBACCO_INDICATOR_Rev_VAT,,,,,,,17 475 630 762 766,17475630762766.299,,,Data not validated by the national authorities.,2025-08-12T15:04:57Z,2024,2024-01-01,2024-12-31
8709790,TOBACCO_MPOWER_R_TAXREVENUELATEST,COUNTRY,SMR,EUR,Europe,YEAR,2024,TOBACCO_INDICATOR,TOBACCO_INDICATOR_Rev_other,,,,,,,0,0,,,,2025-08-12T08:18:13Z,2024,2024-01-01,2024-12-31
8723506,TOBACCO_MPOWER_R_TAXREVENUELATEST,COUNTRY,SYR,EMR,Eastern Mediterranean,YEAR,2024,TOBACCO_INDICATOR,TOBACCO_INDICATOR_Rev_other,,,,,,,. . .,,,,,2025-08-12T08:18:13Z,2024,2024-01-01,2024-12-31
8729266,TOBACCO_MPOWER_R_TAXREVENUELATEST,COUNTRY,VEN,AMR,Americas,YEAR,2024,TOBACCO_INDICATOR,TOBACCO_INDICATOR_Rev_other,,,,,,,. . .,,,,,2025-08-12T08:18:13Z,2024,2024-01-01,2024-12-31
8731932,TOBACCO_MPOWER_R_TAXREVENUELATEST,COUNTRY,BIH,EUR,Europe,YEAR,2024,TOBACCO_INDICATOR,TOBACCO_INDICATOR_Rev_VAT,,,,,,,. . .,,,,,2025-08-12T08:18:13Z,2024,2024-01-01,2024-12-31
8750415,TOBACCO_MPOWER_R_TAXREVENUELATEST,COUNTRY,SLV,AMR,Americas,YEAR,2024,TOBACCO_INDICATOR,TOBACCO_INDICATOR_Rev_VAT,,,,,,,7 508 261,7508261.4,,,,2025-08-12T08:18:13Z,2024,2024-01-01,2024-12-31
8751097,TOBACCO_MPOWER_R_TAXREVENUELATEST,COUNTRY,RWA,AFR,Africa,YEAR,2024,TOBACCO_INDICATOR,TOBACCO_INDICATOR_Rev_VAT,,,,,,,3 438 969 046,3438969046,,,,2025-08-12T08:18:13Z,2024,2024-01-01,2024-12-31
8761904,TOBACCO_MPOWER_R_TAXREVENUELATEST,COUNTRY,KNA,AMR,Americas,YEAR,2024,TOBACCO_INDICATOR,TOBACCO_INDICATOR_Rev_excise,,,,,,,87 414,87413.83,,,,2025-08-12T08:18:13Z,2024,2024-01-01,2024-12-31
8763971,TOBACCO_MPOWER_R_TAXREVENUELATEST,COUNTRY,MRT,AFR,Africa,YEAR,2024,TOBACCO_INDICATOR,TOBACCO_INDICATOR_Rev_excise,,,,,,,903 825 049,903825049,,,,2025-08-12T08:18:13Z,2024,2024-01-01,2024-12-31
8796190,TOBACCO_MPOWER_R_TAXREVENUELATEST,COUNTRY,ESP,EUR,Europe,YEAR,2024,TOBACCO_INDICATOR,TOBACCO_INDICATOR_Rev_curr,,,,,,,EUR,,,,,2025-08-12T08:18:13Z,2024,2024-01-01,2024-12-31
8803819,TOBACCO_MPOWER_R_TAXREVENUELATEST,COUNTRY,THA,SEAR,South-East Asia,YEAR,2024,TOBACCO_INDICATOR,TOBACCO_INDICATOR_Rev_import,,,,,,,. . .,,,,,2025-08-12T08:18:13Z,2024,2024-01-01,2024-12-31
8809198,TOBACCO_MPOWER_R_TAXREVENUELATEST,COUNTRY,BDI,AFR,Africa,YEAR,2024,TOBACCO_INDICATOR,TOBACCO_INDICATOR_Rev_VAT,,,,,,,. . .,,,,,2025-08-12T08:18:13Z,2024,2024-01-01,2024-12-31
8813589,TOBACCO_MPOWER_R_TAXREVENUELATEST,COUNTRY,SUR,AMR,Americas,YEAR,2024,TOBACCO_INDICATOR,TOBACCO_INDICATOR_Rev_curr,,,,,,,SRD,,,,,2025-08-12T08:18:13Z,2024,2024-01-01,2024-12-31
8825633,TOBACCO_MPOWER_R_TAXREVENUELATEST,COUNTRY,IRQ,EMR,Eastern Mediterranean,YEAR,2024,TOBACCO_INDICATOR,TOBACCO_INDICATOR_Rev_curr,,,,,,,. .,,,,,2025-08-12T08:18:13Z,2024,2024-01-01,2024-12-31
8827366,TOBACCO_MPOWER_R_TAXREVENUELATEST,COUNTRY,SUR,AMR,Americas,YEAR,2024,TOBACCO_INDICATOR,TOBACCO_INDICATOR_Rev_VAT,,,,,,,26 220 028,26220027.88,,,,2025-08-12T08:18:13Z,2024,2024-01-01,2024-12-31
8835976,TOBACCO_MPOWER_R_TAXREVENUELATEST,COUNTRY,MKD,EUR,Europe,YEAR,2024,TOBACCO_INDICATOR,TOBACCO_INDICATOR_Rev_excise,,,,,,,11 638 000 000,11638000000,,,,2025-08-12T08:18:13Z,2024,2024-01-01,2024-12-31
8839865,TOBACCO_MPOWER_R_TAXREVENUELATEST,COUNTRY,AUT,EUR,Europe,YEAR,2024,TOBACCO_INDICATOR,TOBACCO_INDICATOR_Rev_govt_total,,,,,,,. . .,,,,,2025-08-12T08:18:13Z,2024,2024-01-01,2024-12-31
8856041,TOBACCO_MPOWER_R_TAXREVENUELATEST,COUNTRY,KWT,EMR,Eastern Mediterranean,YEAR,2024,TOBACCO_INDICATOR,TOBACCO_INDICATOR_Rev_VAT,,,,,,,—,,,,,2025-08-12T08:18:13Z,2024,2024-01-01,2024-12-31
8879479,TOBACCO_MPOWER_R_TAXREVENUELATEST,COUNTRY,PRT,EUR,Europe,YEAR,2024,TOBACCO_INDICATOR,TOBACCO_INDICATOR_Rev_year,,,,,,,2023,,,,,2025-08-12T15:04:57Z,2024,2024-01-01,2024-12-31
8880513,TOBACCO_MPOWER_R_TAXREVENUELATEST,COUNTRY,AZE,EUR,Europe,YEAR,2024,TOBACCO_INDICATOR,TOBACCO_INDICATOR_Rev_VAT,,,,,,,. . .,,,,,2025-08-12T08:18:13Z,2024,2024-01-01,2024-12-31
8881415,TOBACCO_MPOWER_R_TAXREVENUELATEST,COUNTRY,SSD,AFR,Africa,YEAR,2024,TOBACCO_INDICATOR,TOBACCO_INDICATOR_Rev_excise,,,,,,,20 078 100 000,20078100000,,,,2025-08-12T08:18:13Z,2024,2024-01-01,2024-12-31
8884488,TOBACCO_MPOWER_R_TAXREVENUELATEST,COUNTRY,NLD,EUR,Europe,YEAR,2024,TOBACCO_INDICATOR,TOBACCO_INDICATOR_Rev_excise,,,,,,,3 168 000 000,3168000000,,,,2025-08-12T08:18:13Z,2024,2024-01-01,2024-12-31
8896800,TOBACCO_MPOWER_R_TAXREVENUELATEST,COUNTRY,BRN,WPR,Western Pacific,YEAR,2024,TOBACCO_INDICATOR,TOBACCO_INDICATOR_Rev_other,,,,,,,0,0,,,,2025-08-12T08:18:13Z,2024,2024-01-01,2024-12-31
8910139,TOBACCO_MPOWER_R_TAXREVENUELATEST,COUNTRY,ESP,EUR,Europe,YEAR,2024,TOBACCO_INDICATOR,TOBACCO_INDICATOR_Rev_excise,,,,,,,7 274 000 000,7274000000,,,,2025-08-12T08:18:13Z,2024,2024-01-01,2024-12-31
8916785,TOBACCO_MPOWER_R_TAXREVENUELATEST,COUNTRY,BRN,WPR,Western Pacific,YEAR,2024,TOBACCO_INDICATOR,TOBACCO_INDICATOR_Rev_govt_total,,,,,,,141 968,141968,,,,2025-08-12T08:18:13Z,2024,2024-01-01,2024-12-31
8918985,TOBACCO_MPOWER_R_TAXREVENUELATEST,COUNTRY,CHN,WPR,Western Pacific,YEAR,2024,TOBACCO_INDICATOR,TOBACCO_INDICATOR_Rev_type,,,,,,,All tobacco products,,,,,2025-08-12T15:04:57Z,2024,2024-01-01,2024-12-31
8924041,TOBACCO_MPOWER_R_TAXREVENUELATEST,COUNTRY,JPN,WPR,Western Pacific,YEAR,2024,TOBACCO_INDICATOR,TOBACCO_INDICATOR_Rev_import,,,,,,,. . .,,,,,2025-08-12T08:18:13Z,2024,2024-01-01,2024-12-31
8933939,TOBACCO_MPOWER_R_TAXREVENUELATEST,COUNTRY,OMN,EMR,Eastern Mediterranean,YEAR,2024,TOBACCO_INDICATOR,TOBACCO_INDICATOR_Rev_import,,,,,,,4 622 833,4622833,,,,2025-08-12T08:18:13Z,2024,2024-01-01,2024-12-31
8944700,TOBACCO_MPOWER_R_TAXREVENUELATEST,COUNTRY,SOM,EMR,Eastern Mediterranean,YEAR,2024,TOBACCO_INDICATOR,TOBACCO_INDICATOR_Rev_excise,,,,,,,—,,,,,2025-08-12T08:18:13Z,2024,2024-01-01,2024-12-31
8971513,TOBACCO_MPOWER_R_TAXREVENUELATEST,COUNTRY,COK,WPR,Western Pacific,YEAR,2024,TOBACCO_INDICATOR,TOBACCO_INDICATOR_Rev_year,,,,,,,2023,,,,,2025-08-12T15:04:57Z,2024,2024-01-01,2024-12-31
8975440,TOBACCO_MPOWER_R_TAXREVENUELATEST,COUNTRY,LCA,AMR,Americas,YEAR,2024,TOBACCO_INDICATOR,TOBACCO_INDICATOR_Rev_import,,,,,,,145 454,145454,,,,2025-08-12T08:18:13Z,2024,2024-01-01,2024-12-31
8979417,TOBACCO_MPOWER_R_TAXREVENUELATEST,COUNTRY,GEO,EUR,Europe,YEAR,2024,TOBACCO_INDICATOR,TOBACCO_INDICATOR_Rev_year,,,,,,,2023,,,,,2025-08-12T15:04:57Z,2024,2024-01-01,2024-12-31
8985038,TOBACCO_MPOWER_R_TAXREVENUELATEST,COUNTRY,TKM,EUR,Europe,YEAR,2024,TOBACCO_INDICATOR,TOBACCO_INDICATOR_Rev_year,,,,,,,2015,,,,,2025-08-12T15:04:57Z,2024,2024-01-01,2024-12-31
8988412,TOBACCO_MPOWER_R_TAXREVENUELATEST,COUNTRY,CHL,AMR,Americas,YEAR,2024,TOBACCO_INDICATOR,TOBACCO_INDICATOR_Rev_curr,,,,,,,CLP,,,,,2025-08-12T08:18:13Z,2024,2024-01-01,2024-12-31
8990709,TOBACCO_MPOWER_R_TAXREVENUELATEST,COUNTRY,TUR,EUR,Europe,YEAR,2024,TOBACCO_INDICATOR,TOBACCO_INDICATOR_Rev_VAT,,,,,,,. . .,,,,,2025-08-12T08:18:13Z,2024,2024-01-01,2024-12-31
8990801,TOBACCO_MPOWER_R_TAXREVENUELATEST,COUNTRY,GMB,AFR,Africa,YEAR,2024,TOBACCO_INDICATOR,TOBACCO_INDICATOR_Rev_govt_total,,,,,,,258 283 980,258283980,,,,2025-08-12T08:18:13Z,2024,2024-01-01,2024-12-31
8996481,TOBACCO_MPOWER_R_TAXREVENUELATEST,COUNTRY,PRK,SEAR,South-East Asia,YEAR,2024,TOBACCO_INDICATOR,TOBACCO_INDICATOR_Rev_curr,,,,,,,. .,,,,,2025-08-12T08:18:13Z,2024,2024-01-01,2024-12-31
9004225,TOBACCO_MPOWER_R_TAXREVENUELATEST,COUNTRY,BHR,EMR,Eastern Mediterranean,YEAR,2024,TOBACCO_INDICATOR,TOBACCO_INDICATOR_Rev_other,,,,,,,0,0,,,,2025-08-12T08:18:13Z,2024,2024-01-01,2024-12-31
9009576,TOBACCO_MPOWER_R_TAXREVENUELATEST,COUNTRY,KGZ,EUR,Europe,YEAR,2024,TOBACCO_INDICATOR,TOBACCO_INDICATOR_Rev_VAT,,,,,,,. . .,,,,,2025-08-12T08:18:13Z,2024,2024-01-01,2024-12-31
9009638,TOBACCO_MPOWER_R_TAXREVENUELATEST,COUNTRY,BEL,EUR,Europe,YEAR,2024,TOBACCO_INDICATOR,TOBACCO_INDICATOR_Rev_type,,,,,,,All tobacco products,,,,,2025-08-12T15:04:57Z,2024,2024-01-01,2024-12-31
9013126,TOBACCO_MPOWER_R_TAXREVENUELATEST,COUNTRY,MLI,AFR,Africa,YEAR,2024,TOBACCO_INDICATOR,TOBACCO_INDICATOR_Rev_other,,,,,,,1 314 583 591,1314583591,,,,2025-08-12T08:18:13Z,2024,2024-01-01,2024-12-31
9014729,TOBACCO_MPOWER_R_TAXREVENUELATEST,COUNTRY,AFG,EMR,Eastern Mediterranean,YEAR,2024,TOBACCO_INDICATOR,TOBACCO_INDICATOR_Rev_excise,,,,,,,—,,,,,2025-08-12T08:18:13Z,2024,2024-01-01,2024-12-31
9019692,TOBACCO_MPOWER_R_TAXREVENUELATEST,COUNTRY,AGO,AFR,Africa,YEAR,2024,TOBACCO_INDICATOR,TOBACCO_INDICATOR_Rev_other,,,,,,,0,0,,,,2025-08-12T08:18:13Z,2024,2024-01-01,2024-12-31
9026312,TOBACCO_MPOWER_R_TAXREVENUELATEST,COUNTRY,PNG,WPR,Western Pacific,YEAR,2024,TOBACCO_INDICATOR,TOBACCO_INDICATOR_Rev_govt_total,,,,,,,. . .,,,,,2025-08-12T08:18:13Z,2024,2024-01-01,2024-12-31
9039026,TOBACCO_MPOWER_R_TAXREVENUELATEST,COUNTRY,JPN,WPR,Western Pacific,YEAR,2024,TOBACCO_INDICATOR,TOBACCO_INDICATOR_Rev_excise,,,,,,,2 143 930 000 000,2143930000000,,,,2025-08-12T15:04:57Z,2024,2024-01-01,2024-12-31
9040650,TOBACCO_MPOWER_R_TAXREVENUELATEST,COUNTRY,WSM,WPR,Western Pacific,YEAR,2024,TOBACCO_INDICATOR,TOBACCO_INDICATOR_Rev_govt_total,,,,,,,. . .,,,,,2025-08-12T08:18:13Z,2024,2024-01-01,2024-12-31
9041935,TOBACCO_MPOWER_R_TAXREVENUELATEST,COUNTRY,PRK,SEAR,South-East Asia,YEAR,2024,TOBACCO_INDICATOR,TOBACCO_INDICATOR_Rev_excise,,,,,,,. . .,,,,,2025-08-12T08:18:13Z,2024,2024-01-01,2024-12-31
9042370,TOBACCO_MPOWER_R_TAXREVENUELATEST,COUNTRY,ERI,AFR,Africa,YEAR,2024,TOBACCO_INDICATOR,TOBACCO_INDICATOR_Rev_curr,,,,,,,ERN,,,,,2025-08-12T08:18:13Z,2024,2024-01-01,2024-12-31
9044903,TOBACCO_MPOWER_R_TAXREVENUELATEST,COUNTRY,TLS,SEAR,South-East Asia,YEAR,2024,TOBACCO_INDICATOR,TOBACCO_INDICATOR_Rev_import,,,,,,,199 731,199730.65,,,,2025-08-12T08:18:13Z,2024,2024-01-01,2024-12-31
9058074,TOBACCO_MPOWER_R_TAXREVENUELATEST,COUNTRY,ESP,EUR,Europe,YEAR,2024,TOBACCO_INDICATOR,TOBACCO_INDICATOR_Rev_other,,,,,,,. . .,,,,,2025-08-12T08:18:13Z,2024,2024-01-01,2024-12-31
9066992,TOBACCO_MPOWER_R_TAXREVENUELATEST,COUNTRY,GAB,AFR,Africa,YEAR,2024,TOBACCO_INDICATOR,TOBACCO_INDICATOR_Rev_other,,,,,,,1 031 000 000,1031000000,,,,2025-08-12T08:18:13Z,2024,2024-01-01,2024-12-31
9067685,TOBACCO_MPOWER_R_TAXREVENUELATEST,COUNTRY,SLV,AMR,Americas,YEAR,2024,TOBACCO_INDICATOR,TOBACCO_INDICATOR_Rev_excise,,,,,,,25 974 055,25974054.86,,,,2025-08-12T08:18:13Z,2024,2024-01-01,2024-12-31
9081914,TOBACCO_MPOWER_R_TAXREVENUELATEST,COUNTRY,PSE,EMR,Eastern Mediterranean,YEAR,2024,TOBACCO_INDICATOR,TOBACCO_INDICATOR_Rev_excise,,,,,,,1 085 547 841,1085547841,,,,2025-08-12T08:18:13Z,2024,2024-01-01,2024-12-31
9085493,TOBACCO_MPOWER_R_TAXREVENUELATEST,COUNTRY,MDA,EUR,Europe,YEAR,2024,TOBACCO_INDICATOR,TOBACCO_INDICATOR_Rev_VAT,,,,,,,. . .,,,,,2025-08-12T08:18:13Z,2024,2024-01-01,2024-12-31
9087328,TOBACCO_MPOWER_R_TAXREVENUELATEST,COUNTRY,SUR,AMR,Americas,YEAR,2024,TOBACCO_INDICATOR,TOBACCO_INDICATOR_Rev_import,,,,,,,4 435 114,4435113.5,,,,2025-08-12T08:18:13Z,2024,2024-01-01,2024-12-31
9088206,TOBACCO_MPOWER_R_TAXREVENUELATEST,COUNTRY,USA,AMR,Americas,YEAR,2024,TOBACCO_INDICATOR,TOBACCO_INDICATOR_Rev_govt_total,,,,,,,. . .,,,,,2025-08-12T08:18:13Z,2024,2024-01-01,2024-12-31
9096188,TOBACCO_MPOWER_R_TAXREVENUELATEST,COUNTRY,ARG,AMR,Americas,YEAR,2024,TOBACCO_INDICATOR,TOBACCO_INDICATOR_Rev_other,,,,,,,62 078 284 320,62078284320.229996,,,,2025-08-12T15:04:57Z,2024,2024-01-01,2024-12-31
9096667,TOBACCO_MPOWER_R_TAXREVENUELATEST,COUNTRY,CYP,EUR,Europe,YEAR,2024,TOBACCO_INDICATOR,TOBACCO_INDICATOR_Rev_year,,,,,,,2023,,,,,2025-08-12T15:04:57Z,2024,2024-01-01,2024-12-31
9097589,TOBACCO_MPOWER_R_TAXREVENUELATEST,COUNTRY,COK,WPR,Western Pacific,YEAR,2024,TOBACCO_INDICATOR,TOBACCO_INDICATOR_Rev_govt_total,,,,,,,. . .,,,,,2025-08-12T08:18:13Z,2024,2024-01-01,2024-12-31
9098072,TOBACCO_MPOWER_R_TAXREVENUELATEST,COUNTRY,SRB,EUR,Europe,YEAR,2024,TOBACCO_INDICATOR,TOBACCO_INDICATOR_Rev_curr,,,,,,,RSD,,,,,2025-08-12T08:18:13Z,2024,2024-01-01,2024-12-31
9111534,TOBACCO_MPOWER_R_TAXREVENUELATEST,COUNTRY,TCD,AFR,Africa,YEAR,2024,TOBACCO_INDICATOR,TOBACCO_INDICATOR_Rev_govt_total,,,,,,,. . .,,,,,2025-08-12T08:18:13Z,2024,2024-01-01,2024-12-31
9117465,TOBACCO_MPOWER_R_TAXREVENUELATEST,COUNTRY,BTN,SEAR,South-East Asia,YEAR,2024,TOBACCO_INDICATOR,TOBACCO_INDICATOR_Rev_year,,,,,,,2023,,,,,2025-08-12T15:04:57Z,2024,2024-01-01,2024-12-31
9126081,TOBACCO_MPOWER_R_TAXREVENUELATEST,COUNTRY,TLS,SEAR,South-East Asia,YEAR,2024,TOBACCO_INDICATOR,TOBACCO_INDICATOR_Rev_VAT,,,,,,,627 212,627212.09,,,,2025-08-12T08:18:13Z,2024,2024-01-01,2024-12-31
9127499,TOBACCO_MPOWER_R_TAXREVENUELATEST,COUNTRY,BHR,EMR,Eastern Mediterranean,YEAR,2024,TOBACCO_INDICATOR,TOBACCO_INDICATOR_Rev_year,,,,,,,2015,,,,,2025-08-12T15:04:57Z,2024,2024-01-01,2024-12-31
9129681,TOBACCO_MPOWER_R_TAXREVENUELATEST,COUNTRY,LSO,AFR,Africa,YEAR,2024,TOBACCO_INDICATOR,TOBACCO_INDICATOR_Rev_VAT,,,,,,,. . .,,,,,2025-08-12T08:18:13Z,2024,2024-01-01,2024-12-31
9142079,TOBACCO_MPOWER_R_TAXREVENUELATEST,COUNTRY,SRB,EUR,Europe,YEAR,2024,TOBACCO_INDICATOR,TOBACCO_INDICATOR_Rev_excise,,,,,,,65 338 794 634,65338794634.15,,,,2025-08-12T15:04:57Z,2024,2024-01-01,2024-12-31
9152062,TOBACCO_MPOWER_R_TAXREVENUELATEST,COUNTRY,DOM,AMR,Americas,YEAR,2024,TOBACCO_INDICATOR,TOBACCO_INDICATOR_Rev_import,,,,,,,. . .,,,,,2025-08-12T08:18:13Z,2024,2024-01-01,2024-12-31
9160773,TOBACCO_MPOWER_R_TAXREVENUELATEST,COUNTRY,IDN,WPR,Western Pacific,YEAR,2024,TOBACCO_INDICATOR,TOBACCO_INDICATOR_Rev_VAT,,,,,,,. . .,,,,,2025-08-12T08:18:13Z,2024,2024-01-01,2024-12-31
9164708,TOBACCO_MPOWER_R_TAXREVENUELATEST,COUNTRY,BOL,AMR,Americas,YEAR,2024,TOBACCO_INDICATOR,TOBACCO_INDICATOR_Rev_excise,,,,,,,195 986 815,195986815,,,,2025-08-12T08:18:13Z,2024,2024-01-01,2024-12-31
9165704,TOBACCO_MPOWER_R_TAXREVENUELATEST,COUNTRY,KEN,AFR,Africa,YEAR,2024,TOBACCO_INDICATOR,TOBACCO_INDICATOR_Rev_import,,,,,,,. . .,,,,,2025-08-12T08:18:13Z,2024,2024-01-01,2024-12-31
9166328,TOBACCO_MPOWER_R_TAXREVENUELATEST,COUNTRY,QAT,EMR,Eastern Mediterranean,YEAR,2024,TOBACCO_INDICATOR,TOBACCO_INDICATOR_Rev_curr,,,,,,,QAR,,,,,2025-08-12T08:18:13Z,2024,2024-01-01,2024-12-31
9172978,TOBACCO_MPOWER_R_TAXREVENUELATEST,COUNTRY,SEN,AFR,Africa,YEAR,2024,TOBACCO_INDICATOR,TOBACCO_INDICATOR_Rev_curr,,,,,,,XOF,,,,,2025-08-12T08:18:13Z,2024,2024-01-01,2024-12-31
9190610,TOBACCO_MPOWER_R_TAXREVENUELATEST,COUNTRY,BEN,AFR,Africa,YEAR,2024,TOBACCO_INDICATOR,TOBACCO_INDICATOR_Rev_curr,,,,,,,XOF,,,,,2025-08-12T08:18:13Z,2024,2024-01-01,2024-12-31
9192763,TOBACCO_MPOWER_R_TAXREVENUELATEST,COUNTRY,PAK,EMR,Eastern Mediterranean,YEAR,2024,TOBACCO_INDICATOR,TOBACCO_INDICATOR_Rev_import,,,,,,,. . .,,,,,2025-08-12T08:18:13Z,2024,2024-01-01,2024-12-31
9199075,TOBACCO_MPOWER_R_TAXREVENUELATEST,COUNTRY,NPL,SEAR,South-East Asia,YEAR,2024,TOBACCO_INDICATOR,TOBACCO_INDICATOR_Rev_VAT,,,,,,,. . .,,,,,2025-08-12T08:18:13Z,2024,2024-01-01,2024-12-31
9201093,TOBACCO_MPOWER_R_TAXREVENUELATEST,COUNTRY,ZMB,AFR,Africa,YEAR,2024,TOBACCO_INDICATOR,TOBACCO_INDICATOR_Rev_other,,,,,,,681 832,681832,,,,2025-08-12T08:18:13Z,2024,2024-01-01,2024-12-31
9201716,TOBACCO_MPOWER_R_TAXREVENUELATEST,COUNTRY,GHA,AFR,Africa,YEAR,2024,TOBACCO_INDICATOR,TOBACCO_INDICATOR_Rev_VAT,,,,,,,173 241 659,173241659.12,,,,2025-08-12T15:04:57Z,2024,2024-01-01,2024-12-31
9202490,TOBACCO_MPOWER_R_TAXREVENUELATEST,COUNTRY,JAM,AMR,Americas,YEAR,2024,TOBACCO_INDICATOR,TOBACCO_INDICATOR_Rev_excise,,,,,,,6 287 148 553,6287148552.999999,,,Data not validated by the national authorities.,2025-08-12T08:18:13Z,2024,2024-01-01,2024-12-31
9203603,TOBACCO_MPOWER_R_TAXREVENUELATEST,COUNTRY,UKR,EUR,Europe,YEAR,2024,TOBACCO_INDICATOR,TOBACCO_INDICATOR_Rev_import,,,,,,,. . .,,,,,2025-08-12T08:18:13Z,2024,2024-01-01,2024-12-31
9208603,TOBACCO_MPOWER_R_TAXREVENUELATEST,COUNTRY,CUB,AMR,Americas,YEAR,2024,TOBACCO_INDICATOR,TOBACCO_INDICATOR_Rev_type,,,,,,,All tobacco products,,,,,2025-08-12T15:04:57Z,2024,2024-01-01,2024-12-31
9213161,TOBACCO_MPOWER_R_TAXREVENUELATEST,COUNTRY,POL,EUR,Europe,YEAR,2024,TOBACCO_INDICATOR,TOBACCO_INDICATOR_Rev_govt_total,,,,,,,. . .,,,,,2025-08-12T08:18:13Z,2024,2024-01-01,2024-12-31
9222200,TOBACCO_MPOWER_R_TAXREVENUELATEST,COUNTRY,NAM,AFR,Africa,YEAR,2024,TOBACCO_INDICATOR,TOBACCO_INDICATOR_Rev_govt_total,,,,,,,166 993 332,166993332,,,,2025-08-12T08:18:13Z,2024,2024-01-01,2024-12-31
9229485,TOBACCO_MPOWER_R_TAXREVENUELATEST,COUNTRY,VCT,AMR,Americas,YEAR,2024,TOBACCO_INDICATOR,TOBACCO_INDICATOR_Rev_year,,,,,,,2021,,,,,2025-08-12T15:04:57Z,2024,2024-01-01,2024-12-31
9234139,TOBACCO_MPOWER_R_TAXREVENUELATEST,COUNTRY,LAO,WPR,Western Pacific,YEAR,2024,TOBACCO_INDICATOR,TOBACCO_INDICATOR_Rev_excise,,,,,,,185 074 328 912,185074328912,,,,2025-08-12T15:04:57Z,2024,2024-01-01,2024-12-31
9246024,TOBACCO_MPOWER_R_TAXREVENUELATEST,COUNTRY,ISR,EUR,Europe,YEAR,2024,TOBACCO_INDICATOR,TOBACCO_INDICATOR_Rev_other,,,,,,,. . .,,,,,2025-08-12T08:18:13Z,2024,2024-01-01,2024-12-31
9251269,TOBACCO_MPOWER_R_TAXREVENUELATEST,COUNTRY,BHS,AMR,Americas,YEAR,2024,TOBACCO_INDICATOR,TOBACCO_INDICATOR_Rev_curr,,,,,,,BSD,,,,,2025-08-12T08:18:13Z,2024,2024-01-01,2024-12-31
9259671,TOBACCO_MPOWER_R_TAXREVENUELATEST,COUNTRY,ARM,EUR,Europe,YEAR,2024,TOBACCO_INDICATOR,TOBACCO_INDICATOR_Rev_type,,,,,,,All tobacco products,,,,,2025-08-12T15:04:57Z,2024,2024-01-01,2024-12-31
9272021,TOBACCO_MPOWER_R_TAXREVENUELATEST,COUNTRY,SGP,WPR,Western Pacific,YEAR,2024,TOBACCO_INDICATOR,TOBACCO_INDICATOR_Rev_excise,,,,,,,1 118 786 000,1118786000,,,,2025-08-12T08:18:13Z,2024,2024-01-01,2024-12-31
9278518,TOBACCO_MPOWER_R_TAXREVENUELATEST,COUNTRY,VUT,WPR,Western Pacific,YEAR,2024,TOBACCO_INDICATOR,TOBACCO_INDICATOR_Rev_VAT,,,,,,,304 517 320,304517320,,,,2025-08-12T08:18:13Z,2024,2024-01-01,2024-12-31
9281278,TOBACCO_MPOWER_R_TAXREVENUELATEST,COUNTRY,KNA,AMR,Americas,YEAR,2024,TOBACCO_INDICATOR,TOBACCO_INDICATOR_Rev_other,,,,,,,125 651,125650.57,,,,2025-08-12T08:18:13Z,2024,2024-01-01,2024-12-31
9304400,TOBACCO_MPOWER_R_TAXREVENUELATEST,COUNTRY,LKA,SEAR,South-East Asia,YEAR,2024,TOBACCO_INDICATOR,TOBACCO_INDICATOR_Rev_govt_total,,,,,,,. . .,,,,,2025-08-12T08:18:13Z,2024,2024-01-01,2024-12-31
9310190,TOBACCO_MPOWER_R_TAXREVENUELATEST,COUNTRY,LTU,EUR,Europe,YEAR,2024,TOBACCO_INDICATOR,TOBACCO_INDICATOR_Rev_import,,,,,,,. . .,,,,,2025-08-12T08:18:13Z,2024,2024-01-01,2024-12-31
9312432,TOBACCO_MPOWER_R_TAXREVENUELATEST,COUNTRY,LVA,EUR,Europe,YEAR,2024,TOBACCO_INDICATOR,TOBACCO_INDICATOR_Rev_other,,,,,,,. . .,,,,,2025-08-12T08:18:13Z,2024,2024-01-01,2024-12-31
9315775,TOBACCO_MPOWER_R_TAXREVENUELATEST,COUNTRY,BLR,EUR,Europe,YEAR,2024,TOBACCO_INDICATOR,TOBACCO_INDICATOR_Rev_govt_total,,,,,,,. . .,,,,,2025-08-12T08:18:13Z,2024,2024-01-01,2024-12-31
9316181,TOBACCO_MPOWER_R_TAXREVENUELATEST,COUNTRY,SDN,EMR,Eastern Mediterranean,YEAR,2024,TOBACCO_INDICATOR,TOBACCO_INDICATOR_Rev_other,,,,,,,. . .,,,,,2025-08-12T08:18:13Z,2024,2024-01-01,2024-12-31
9333776,TOBACCO_MPOWER_R_TAXREVENUELATEST,COUNTRY,KAZ,EUR,Europe,YEAR,2024,TOBACCO_INDICATOR,TOBACCO_INDICATOR_Rev_curr,,,,,,,KZT,,,,,2025-08-12T08:18:13Z,2024,2024-01-01,2024-12-31
9335709,TOBACCO_MPOWER_R_TAXREVENUELATEST,COUNTRY,SWE,EUR,Europe,YEAR,2024,TOBACCO_INDICATOR,TOBACCO_INDICATOR_Rev_VAT,,,,,,,. . .,,,,,2025-08-12T08:18:13Z,2024,2024-01-01,2024-12-31
9336228,TOBACCO_MPOWER_R_TAXREVENUELATEST,COUNTRY,COK,WPR,Western Pacific,YEAR,2024,TOBACCO_INDICATOR,TOBACCO_INDICATOR_Rev_other,,,,,,,. . .,,,,,2025-08-12T08:18:13Z,2024,2024-01-01,2024-12-31
9340808,TOBACCO_MPOWER_R_TAXREVENUELATEST,COUNTRY,NIC,AMR,Americas,YEAR,2024,TOBACCO_INDICATOR,TOBACCO_INDICATOR_Rev_other,,,,,,,. . .,,,,,2025-08-12T08:18:13Z,2024,2024-01-01,2024-12-31
9353987,TOBACCO_MPOWER_R_TAXREVENUELATEST,COUNTRY,PAK,EMR,Eastern Mediterranean,YEAR,2024,TOBACCO_INDICATOR,TOBACCO_INDICATOR_Rev_govt_total,,,,,,,. . .,,,,,2025-08-12T08:18:13Z,2024,2024-01-01,2024-12-31
9360158,TOBACCO_MPOWER_R_TAXREVENUELATEST,COUNTRY,LBR,AFR,Africa,YEAR,2024,TOBACCO_INDICATOR,TOBACCO_INDICATOR_Rev_VAT,,,,,,,2 000 000,2000000,,,,2025-08-12T08:18:13Z,2024,2024-01-01,2024-12-31
9361689,TOBACCO_MPOWER_R_TAXREVENUELATEST,COUNTRY,UKR,EUR,Europe,YEAR,2024,TOBACCO_INDICATOR,TOBACCO_INDICATOR_Rev_excise,,,,,,,51 299 748 900,51299748900,,,,2025-08-12T08:18:13Z,2024,2024-01-01,2024-12-31
9364026,TOBACCO_MPOWER_R_TAXREVENUELATEST,COUNTRY,KNA,AMR,Americas,YEAR,2024,TOBACCO_INDICATOR,TOBACCO_INDICATOR_Rev_govt_total,,,,,,,343 750,343750,,,,2025-08-12T08:18:13Z,2024,2024-01-01,2024-12-31
9367925,TOBACCO_MPOWER_R_TAXREVENUELATEST,COUNTRY,MLT,EUR,Europe,YEAR,2024,TOBACCO_INDICATOR,TOBACCO_INDICATOR_Rev_type,,,,,,,All tobacco products,,,,,2025-08-12T15:04:57Z,2024,2024-01-01,2024-12-31
9372790,TOBACCO_MPOWER_R_TAXREVENUELATEST,COUNTRY,LVA,EUR,Europe,YEAR,2024,TOBACCO_INDICATOR,TOBACCO_INDICATOR_Rev_excise,,,,,,,267 400 000,267400000,,,,2025-08-12T08:18:13Z,2024,2024-01-01,2024-12-31
9375380,TOBACCO_MPOWER_R_TAXREVENUELATEST,COUNTRY,WSM,WPR,Western Pacific,YEAR,2024,TOBACCO_INDICATOR,TOBACCO_INDICATOR_Rev_excise,,,,,,,33 141 246,33141245.76,,,,2025-08-12T08:18:13Z,2024,2024-01-01,2024-12-31
9382882,TOBACCO_MPOWER_R_TAXREVENUELATEST,COUNTRY,COG,AFR,Africa,YEAR,2024,TOBACCO_INDICATOR,TOBACCO_INDICATOR_Rev_import,,,,,,,. . .,,,,,2025-08-12T08:18:13Z,2024,2024-01-01,2024-12-31
9383425,TOBACCO_MPOWER_R_TAXREVENUELATEST,COUNTRY,DMA,AMR,Americas,YEAR,2024,TOBACCO_INDICATOR,TOBACCO_INDICATOR_Rev_year,,,,,,,2021,,,,,2025-08-12T15:04:57Z,2024,2024-01-01,2024-12-31
9395010,TOBACCO_MPOWER_R_TAXREVENUELATEST,COUNTRY,LVA,EUR,Europe,YEAR,2024,TOBACCO_INDICATOR,TOBACCO_INDICATOR_Rev_type,,,,,,,All tobacco products,,,,,2025-08-12T15:04:57Z,2024,2024-01-01,2024-12-31
9398801,TOBACCO_MPOWER_R_TAXREVENUELATEST,COUNTRY,FJI,WPR,Western Pacific,YEAR,2024,TOBACCO_INDICATOR,TOBACCO_INDICATOR_Rev_import,,,,,,,1904,1904,,,,2025-08-12T08:18:13Z,2024,2024-01-01,2024-12-31
9399185,TOBACCO_MPOWER_R_TAXREVENUELATEST,COUNTRY,MUS,AFR,Africa,YEAR,2024,TOBACCO_INDICATOR,TOBACCO_INDICATOR_Rev_other,,,,,,,0,0,,,,2025-08-12T08:18:13Z,2024,2024-01-01,2024-12-31
9411727,TOBACCO_MPOWER_R_TAXREVENUELATEST,COUNTRY,SDN,EMR,Eastern Mediterranean,YEAR,2024,TOBACCO_INDICATOR,TOBACCO_INDICATOR_Rev_type,,,,,,,All tobacco products,,,,,2025-08-12T15:04:57Z,2024,2024-01-01,2024-12-31
9421103,TOBACCO_MPOWER_R_TAXREVENUELATEST,COUNTRY,GMB,AFR,Africa,YEAR,2024,TOBACCO_INDICATOR,TOBACCO_INDICATOR_Rev_excise,,,,,,,187 226 865,187226865,,,,2025-08-12T08:18:13Z,2024,2024-01-01,2024-12-31
9421579,TOBACCO_MPOWER_R_TAXREVENUELATEST,COUNTRY,SYC,AFR,Africa,YEAR,2024,TOBACCO_INDICATOR,TOBACCO_INDICATOR_Rev_VAT,,,,,,,36 507 349,36507348.59,,,,2025-08-12T08:18:13Z,2024,2024-01-01,2024-12-31
9430111,TOBACCO_MPOWER_R_TAXREVENUELATEST,COUNTRY,ITA,EUR,Europe,YEAR,2024,TOBACCO_INDICATOR,TOBACCO_INDICATOR_Rev_year,,,,,,,2024,,,,,2025-08-12T15:04:57Z,2024,2024-01-01,2024-12-31
9452635,TOBACCO_MPOWER_R_TAXREVENUELATEST,COUNTRY,ECU,AMR,Americas,YEAR,2024,TOBACCO_INDICATOR,TOBACCO_INDICATOR_Rev_type,,,,,,,All tobacco products,,,,,2025-08-12T15:04:57Z,2024,2024-01-01,2024-12-31
9454960,TOBACCO_MPOWER_R_TAXREVENUELATEST,COUNTRY,PNG,WPR,Western Pacific,YEAR,2024,TOBACCO_INDICATOR,TOBACCO_INDICATOR_Rev_type,,,,,,,All tobacco products,,,,,2025-08-12T15:04:57Z,2024,2024-01-01,2024-12-31
9456532,TOBACCO_MPOWER_R_TAXREVENUELATEST,COUNTRY,GTM,AMR,Americas,YEAR,2024,TOBACCO_INDICATOR,TOBACCO_INDICATOR_Rev_import,,,,,,,4 991 446,4991445.57,,,,2025-08-12T08:18:13Z,2024,2024-01-01,2024-12-31
9465348,TOBACCO_MPOWER_R_TAXREVENUELATEST,COUNTRY,PLW,WPR,Western Pacific,YEAR,2024,TOBACCO_INDICATOR,TOBACCO_INDICATOR_Rev_curr,,,,,,,USD,,,,,2025-08-12T08:18:13Z,2024,2024-01-01,2024-12-31
9475861,TOBACCO_MPOWER_R_TAXREVENUELATEST,COUNTRY,GTM,AMR,Americas,YEAR,2024,TOBACCO_INDICATOR,TOBACCO_INDICATOR_Rev_other,,,,,,,17 185 658,17185657.92,,,,2025-08-12T08:18:13Z,2024,2024-01-01,2024-12-31
9481682,TOBACCO_MPOWER_R_TAXREVENUELATEST,COUNTRY,CIV,AFR,Africa,YEAR,2024,TOBACCO_INDICATOR,TOBACCO_INDICATOR_Rev_excise,,,,,,,10 161 028 967,10161028967,,,,2025-08-12T08:18:13Z,2024,2024-01-01,2024-12-31
9484219,TOBACCO_MPOWER_R_TAXREVENUELATEST,COUNTRY,GRD,AMR,Americas,YEAR,2024,TOBACCO_INDICATOR,TOBACCO_INDICATOR_Rev_other,,,,,,,470 120,470120.28,,,,2025-08-12T08:18:13Z,2024,2024-01-01,2024-12-31
9493202,TOBACCO_MPOWER_R_TAXREVENUELATEST,COUNTRY,MNE,EUR,Europe,YEAR,2024,TOBACCO_INDICATOR,TOBACCO_INDICATOR_Rev_govt_total,,,,,,,. . .,,,,,2025-08-12T08:18:13Z,2024,2024-01-01,2024-12-31
9494420,TOBACCO_MPOWER_R_TAXREVENUELATEST,COUNTRY,EST,EUR,Europe,YEAR,2024,TOBACCO_INDICATOR,TOBACCO_INDICATOR_Rev_other,,,,,,,. . .,,,,,2025-08-12T08:18:13Z,2024,2024-01-01,2024-12-31
9498129,TOBACCO_MPOWER_R_TAXREVENUELATEST,COUNTRY,GNB,AFR,Africa,YEAR,2024,TOBACCO_INDICATOR,TOBACCO_INDICATOR_Rev_year,,,,,,,2020,,,,,2025-08-12T15:04:57Z,2024,2024-01-01,2024-12-31
9500741,TOBACCO_MPOWER_R_TAXREVENUELATEST,COUNTRY,NZL,WPR,Western Pacific,YEAR,2024,TOBACCO_INDICATOR,TOBACCO_INDICATOR_Rev_govt_total,,,,,,,. . .,,,,,2025-08-12T08:18:13Z,2024,2024-01-01,2024-12-31
9509467,TOBACCO_MPOWER_R_TAXREVENUELATEST,COUNTRY,MOZ,AFR,Africa,YEAR,2024,TOBACCO_INDICATOR,TOBACCO_INDICATOR_Rev_other,,,,,,,0,0,,,,2025-08-12T08:18:13Z,2024,2024-01-01,2024-12-31
9511529,TOBACCO_MPOWER_R_TAXREVENUELATEST,COUNTRY,UGA,AFR,Africa,YEAR,2024,TOBACCO_INDICATOR,TOBACCO_INDICATOR_Rev_curr,,,,,,,UGX,,,,,2025-08-12T08:18:13Z,2024,2024-01-01,2024-12-31
9515866,TOBACCO_MPOWER_R_TAXREVENUELATEST,COUNTRY,NOR,EUR,Europe,YEAR,2024,TOBACCO_INDICATOR,TOBACCO_INDICATOR_Rev_type,,,,,,,All tobacco products,,,,,2025-08-12T15:04:57Z,2024,2024-01-01,2024-12-31
9530495,TOBACCO_MPOWER_R_TAXREVENUELATEST,COUNTRY,OMN,EMR,Eastern Mediterranean,YEAR,2024,TOBACCO_INDICATOR,TOBACCO_INDICATOR_Rev_other,,,,,,,0,0,,,,2025-08-12T08:18:13Z,2024,2024-01-01,2024-12-31
9545215,TOBACCO_MPOWER_R_TAXREVENUELATEST,COUNTRY,MWI,AFR,Africa,YEAR,2024,TOBACCO_INDICATOR,TOBACCO_INDICATOR_Rev_type,,,,,,,Cigarettes only,,,,,2025-08-12T08:18:13Z,2024,2024-01-01,2024-12-31
9550455,TOBACCO_MPOWER_R_TAXREVENUELATEST,COUNTRY,LKA,SEAR,South-East Asia,YEAR,2024,TOBACCO_INDICATOR,TOBACCO_INDICATOR_Rev_excise,,,,,,,117 467 000 000,117467000000,,,,2025-08-12T08:18:13Z,2024,2024-01-01,2024-12-31
9559084,TOBACCO_MPOWER_R_TAXREVENUELATEST,COUNTRY,KEN,AFR,Africa,YEAR,2024,TOBACCO_INDICATOR,TOBACCO_INDICATOR_Rev_excise,,,,,,,11 522 599 759,11522599759,,,,2025-08-12T08:18:13Z,2024,2024-01-01,2024-12-31
9563691,TOBACCO_MPOWER_R_TAXREVENUELATEST,COUNTRY,ALB,EUR,Europe,YEAR,2024,TOBACCO_INDICATOR,TOBACCO_INDICATOR_Rev_type,,,,,,,Cigarettes only,,,,,2025-08-12T08:18:13Z,2024,2024-01-01,2024-12-31
9575206,TOBACCO_MPOWER_R_TAXREVENUELATEST,COUNTRY,HND,AMR,Americas,YEAR,2024,TOBACCO_INDICATOR,TOBACCO_INDICATOR_Rev_excise,,,,,,,47 039 952,47039951.89,,,,2025-08-12T08:18:13Z,2024,2024-01-01,2024-12-31
9580235,TOBACCO_MPOWER_R_TAXREVENUELATEST,COUNTRY,BDI,AFR,Africa,YEAR,2024,TOBACCO_INDICATOR,TOBACCO_INDICATOR_Rev_curr,,,,,,,BIF,,,,,2025-08-12T08:18:13Z,2024,2024-01-01,2024-12-31
9588970,TOBACCO_MPOWER_R_TAXREVENUELATEST,COUNTRY,VCT,AMR,Americas,YEAR,2024,TOBACCO_INDICATOR,TOBACCO_INDICATOR_Rev_import,,,,,,,91 909,91908.5,,,,2025-08-12T08:18:13Z,2024,2024-01-01,2024-12-31
9589805,TOBACCO_MPOWER_R_TAXREVENUELATEST,COUNTRY,KEN,AFR,Africa,YEAR,2024,TOBACCO_INDICATOR,TOBACCO_INDICATOR_Rev_type,,,,,,,All tobacco products,,,,,2025-08-12T15:04:57Z,2024,2024-01-01,2024-12-31
9594311,TOBACCO_MPOWER_R_TAXREVENUELATEST,COUNTRY,KNA,AMR,Americas,YEAR,2024,TOBACCO_INDICATOR,TOBACCO_INDICATOR_Rev_curr,,,,,,,XCD,,,,,2025-08-12T08:18:13Z,2024,2024-01-01,2024-12-31
9602324,TOBACCO_MPOWER_R_TAXREVENUELATEST,COUNTRY,CYP,EUR,Europe,YEAR,2024,TOBACCO_INDICATOR,TOBACCO_INDICATOR_Rev_VAT,,,,,,,. . .,,,,,2025-08-12T08:18:13Z,2024,2024-01-01,2024-12-31
9602507,TOBACCO_MPOWER_R_TAXREVENUELATEST,COUNTRY,BHR,EMR,Eastern Mediterranean,YEAR,2024,TOBACCO_INDICATOR,TOBACCO_INDICATOR_Rev_govt_total,,,,,,,18 300 861,18300861.17,,,,2025-08-12T08:18:13Z,2024,2024-01-01,2024-12-31
9603657,TOBACCO_MPOWER_R_TAXREVENUELATEST,COUNTRY,FSM,WPR,Western Pacific,YEAR,2024,TOBACCO_INDICATOR,TOBACCO_INDICATOR_Rev_other,,,,,,,. . .,,,,,2025-08-12T08:18:13Z,2024,2024-01-01,2024-12-31
9604268,TOBACCO_MPOWER_R_TAXREVENUELATEST,COUNTRY,THA,SEAR,South-East Asia,YEAR,2024,TOBACCO_INDICATOR,TOBACCO_INDICATOR_Rev_curr,,,,,,,THB,,,,,2025-08-12T08:18:13Z,2024,2024-01-01,2024-12-31
9609484,TOBACCO_MPOWER_R_TAXREVENUELATEST,COUNTRY,SYC,AFR,Africa,YEAR,2024,TOBACCO_INDICATOR,TOBACCO_INDICATOR_Rev_other,,,,,,,6 395 461,6395460.66,,,,2025-08-12T08:18:13Z,2024,2024-01-01,2024-12-31
9610419,TOBACCO_MPOWER_R_TAXREVENUELATEST,COUNTRY,ETH,AFR,Africa,YEAR,2024,TOBACCO_INDICATOR,TOBACCO_INDICATOR_Rev_excise,,,,,,,2 492 849 126,2492849126.18,,,,2025-08-12T15:04:57Z,2024,2024-01-01,2024-12-31
9621237,TOBACCO_MPOWER_R_TAXREVENUELATEST,COUNTRY,ISL,EUR,Europe,YEAR,2024,TOBACCO_INDICATOR,TOBACCO_INDICATOR_Rev_type,,,,,,,All tobacco products,,,,,2025-08-12T15:04:57Z,2024,2024-01-01,2024-12-31
9624015,TOBACCO_MPOWER_R_TAXREVENUELATEST,COUNTRY,EGY,EMR,Eastern Mediterranean,YEAR,2024,TOBACCO_INDICATOR,TOBACCO_INDICATOR_Rev_VAT,,,,,,,. . .,,,,,2025-08-12T08:18:13Z,2024,2024-01-01,2024-12-31
9634481,TOBACCO_MPOWER_R_TAXREVENUELATEST,COUNTRY,SVN,EUR,Europe,YEAR,2024,TOBACCO_INDICATOR,TOBACCO_INDICATOR_Rev_excise,,,,,,,472 259 600,472259600,,,,2025-08-12T08:18:13Z,2024,2024-01-01,2024-12-31
9642419,TOBACCO_MPOWER_R_TAXREVENUELATEST,COUNTRY,COM,AFR,Africa,YEAR,2024,TOBACCO_INDICATOR,TOBACCO_INDICATOR_Rev_import,,,,,,,377 259 218,377259218,,,,2025-08-12T08:18:13Z,2024,2024-01-01,2024-12-31
9653177,TOBACCO_MPOWER_R_TAXREVENUELATEST,COUNTRY,BGD,SEAR,South-East Asia,YEAR,2024,TOBACCO_INDICATOR,TOBACCO_INDICATOR_Rev_govt_total,,,,,,,. . .,,,,,2025-08-12T08:18:13Z,2024,2024-01-01,2024-12-31
9661256,TOBACCO_MPOWER_R_TAXREVENUELATEST,COUNTRY,LBN,EMR,Eastern Mediterranean,YEAR,2024,TOBACCO_INDICATOR,TOBACCO_INDICATOR_Rev_curr,,,,,,,LBP,,,,,2025-08-12T08:18:13Z,2024,2024-01-01,2024-12-31
9680283,TOBACCO_MPOWER_R_TAXREVENUELATEST,COUNTRY,SDN,EMR,Eastern Mediterranean,YEAR,2024,TOBACCO_INDICATOR,TOBACCO_INDICATOR_Rev_VAT,,,,,,,. . .,,,,,2025-08-12T08:18:13Z,2024,2024-01-01,2024-12-31
9683969,TOBACCO_MPOWER_R_TAXREVENUELATEST,COUNTRY,BEN,AFR,Africa,YEAR,2024,TOBACCO_INDICATOR,TOBACCO_INDICATOR_Rev_type,,,,,,,Cigarettes only,,,,,2025-08-12T08:18:13Z,2024,2024-01-01,2024-12-31
9705140,TOBACCO_MPOWER_R_TAXREVENUELATEST,COUNTRY,MWI,AFR,Africa,YEAR,2024,TOBACCO_INDICATOR,TOBACCO_INDICATOR_Rev_govt_total,,,,,,,7 632 600 341,7632600340.64,,,,2025-08-12T15:04:57Z,2024,2024-01-01,2024-12-31
9705769,TOBACCO_MPOWER_R_TAXREVENUELATEST,COUNTRY,PNG,WPR,Western Pacific,YEAR,2024,TOBACCO_INDICATOR,TOBACCO_INDICATOR_Rev_year,,,,,,,2024,,,,,2025-08-12T15:04:57Z,2024,2024-01-01,2024-12-31
9716051,TOBACCO_MPOWER_R_TAXREVENUELATEST,COUNTRY,GRC,EUR,Europe,YEAR,2024,TOBACCO_INDICATOR,TOBACCO_INDICATOR_Rev_import,,,,,,,. . .,,,,,2025-08-12T08:18:13Z,2024,2024-01-01,2024-12-31
9733258,TOBACCO_MPOWER_R_TAXREVENUELATEST,COUNTRY,MDG,AFR,Africa,YEAR,2024,TOBACCO_INDICATOR,TOBACCO_INDICATOR_Rev_VAT,,,,,,,. . .,,,,,2025-08-12T08:18:13Z,2024,2024-01-01,2024-12-31
9747558,TOBACCO_MPOWER_R_TAXREVENUELATEST,COUNTRY,TTO,AMR,Americas,YEAR,2024,TOBACCO_INDICATOR,TOBACCO_INDICATOR_Rev_VAT,,,,,,,. . .,,,,,2025-08-12T08:18:13Z,2024,2024-01-01,2024-12-31
9776494,TOBACCO_MPOWER_R_TAXREVENUELATEST,COUNTRY,ALB,EUR,Europe,YEAR,2024,TOBACCO_INDICATOR,TOBACCO_INDICATOR_Rev_import,,,,,,,. . .,,,,,2025-08-12T08:18:13Z,2024,2024-01-01,2024-12-31
9804928,TOBACCO_MPOWER_R_TAXREVENUELATEST,COUNTRY,JOR,EMR,Eastern Mediterranean,YEAR,2024,TOBACCO_INDICATOR,TOBACCO_INDICATOR_Rev_type,,,,,,,All tobacco products,,,,,2025-08-12T15:04:57Z,2024,2024-01-01,2024-12-31
9808257,TOBACCO_MPOWER_R_TAXREVENUELATEST,COUNTRY,DJI,EMR,Eastern Mediterranean,YEAR,2024,TOBACCO_INDICATOR,TOBACCO_INDICATOR_Rev_curr,,,,,,,DJF,,,,,2025-08-12T08:18:13Z,2024,2024-01-01,2024-12-31
9821567,TOBACCO_MPOWER_R_TAXREVENUELATEST,COUNTRY,PLW,WPR,Western Pacific,YEAR,2024,TOBACCO_INDICATOR,TOBACCO_INDICATOR_Rev_year,,,,,,,2024,,,,,2025-08-12T15:04:57Z,2024,2024-01-01,2024-12-31
9823052,TOBACCO_MPOWER_R_TAXREVENUELATEST,COUNTRY,HTI,AMR,Americas,YEAR,2024,TOBACCO_INDICATOR,TOBACCO_INDICATOR_Rev_import,,,,,,,9 728 925,9728925.18,,,,2025-08-12T08:18:13Z,2024,2024-01-01,2024-12-31
9831812,TOBACCO_MPOWER_R_TAXREVENUELATEST,COUNTRY,BLZ,AMR,Americas,YEAR,2024,TOBACCO_INDICATOR,TOBACCO_INDICATOR_Rev_curr,,,,,,,BZD,,,,,2025-08-12T08:18:13Z,2024,2024-01-01,2024-12-31
9832472,TOBACCO_MPOWER_R_TAXREVENUELATEST,COUNTRY,GNB,AFR,Africa,YEAR,2024,TOBACCO_INDICATOR,TOBACCO_INDICATOR_Rev_other,,,,,,,. . .,,,,,2025-08-12T08:18:13Z,2024,2024-01-01,2024-12-31
9846244,TOBACCO_MPOWER_R_TAXREVENUELATEST,COUNTRY,SMR,EUR,Europe,YEAR,2024,TOBACCO_INDICATOR,TOBACCO_INDICATOR_Rev_excise,,,,,,,13 950 000,13950000,,,,2025-08-12T08:18:13Z,2024,2024-01-01,2024-12-31
9857127,TOBACCO_MPOWER_R_TAXREVENUELATEST,COUNTRY,KGZ,EUR,Europe,YEAR,2024,TOBACCO_INDICATOR,TOBACCO_INDICATOR_Rev_other,,,,,,,. . .,,,,,2025-08-12T08:18:13Z,2024,2024-01-01,2024-12-31
9859882,TOBACCO_MPOWER_R_TAXREVENUELATEST,COUNTRY,NRU,WPR,Western Pacific,YEAR,2024,TOBACCO_INDICATOR,TOBACCO_INDICATOR_Rev_other,,,,,,,0,0,,,,2025-08-12T08:18:13Z,2024,2024-01-01,2024-12-31
9866287,TOBACCO_MPOWER_R_TAXREVENUELATEST,COUNTRY,LBN,EMR,Eastern Mediterranean,YEAR,2024,TOBACCO_INDICATOR,TOBACCO_INDICATOR_Rev_type,,,,,,,All tobacco products,,,,,2025-08-12T15:04:57Z,2024,2024-01-01,2024-12-31
9869008,TOBACCO_MPOWER_R_TAXREVENUELATEST,COUNTRY,MLI,AFR,Africa,YEAR,2024,TOBACCO_INDICATOR,TOBACCO_INDICATOR_Rev_govt_total,,,,,,,19 600 346 091,19600346091,,,,2025-08-12T08:18:13Z,2024,2024-01-01,2024-12-31
9880719,TOBACCO_MPOWER_R_TAXREVENUELATEST,COUNTRY,CYP,EUR,Europe,YEAR,2024,TOBACCO_INDICATOR,TOBACCO_INDICATOR_Rev_type,,,,,,,All tobacco products,,,,,2025-08-12T15:04:57Z,2024,2024-01-01,2024-12-31
9887117,TOBACCO_MPOWER_R_TAXREVENUELATEST,COUNTRY,COK,WPR,Western Pacific,YEAR,2024,TOBACCO_INDICATOR,TOBACCO_INDICATOR_Rev_excise,,,,,,,445 418,445418,,,,2025-08-12T08:18:13Z,2024,2024-01-01,2024-12-31
9887244,TOBACCO_MPOWER_R_TAXREVENUELATEST,COUNTRY,GEO,EUR,Europe,YEAR,2024,TOBACCO_INDICATOR,TOBACCO_INDICATOR_Rev_other,,,,,,,. . .,,,,,2025-08-12T08:18:13Z,2024,2024-01-01,2024-12-31
9891403,TOBACCO_MPOWER_R_TAXREVENUELATEST,COUNTRY,PER,AMR,Americas,YEAR,2024,TOBACCO_INDICATOR,TOBACCO_INDICATOR_Rev_other,,,,,,,0,0,,,,2025-08-12T08:18:13Z,2024,2024-01-01,2024-12-31
9892368,TOBACCO_MPOWER_R_TAXREVENUELATEST,COUNTRY,DNK,EUR,Europe,YEAR,2024,TOBACCO_INDICATOR,TOBACCO_INDICATOR_Rev_type,,,,,,,All tobacco products,,,,,2025-08-12T15:04:57Z,2024,2024-01-01,2024-12-31
9926354,TOBACCO_MPOWER_R_TAXREVENUELATEST,COUNTRY,MHL,WPR,Western Pacific,YEAR,2024,TOBACCO_INDICATOR,TOBACCO_INDICATOR_Rev_curr,,,,,,,USD,,,,,2025-08-12T08:18:13Z,2024,2024-01-01,2024-12-31
9943825,TOBACCO_MPOWER_R_TAXREVENUELATEST,COUNTRY,NGA,AFR,Africa,YEAR,2024,TOBACCO_INDICATOR,TOBACCO_INDICATOR_Rev_import,,,,,,,. . .,,,,,2025-08-12T08:18:13Z,2024,2024-01-01,2024-12-31
9945789,TOBACCO_MPOWER_R_TAXREVENUELATEST,COUNTRY,PRK,SEAR,South-East Asia,YEAR,2024,TOBACCO_INDICATOR,TOBACCO_INDICATOR_Rev_import,,,,,,,. . .,,,,,2025-08-12T08:18:13Z,2024,2024-01-01,2024-12-31
9956842,TOBACCO_MPOWER_R_TAXREVENUELATEST,COUNTRY,GTM,AMR,Americas,YEAR,2024,TOBACCO_INDICATOR,TOBACCO_INDICATOR_Rev_govt_total,,,,,,,399 410 019,399410018.98,,,,2025-08-12T15:04:57Z,2024,2024-01-01,2024-12-31
9962455,TOBACCO_MPOWER_R_TAXREVENUELATEST,COUNTRY,KGZ,EUR,Europe,YEAR,2024,TOBACCO_INDICATOR,TOBACCO_INDICATOR_Rev_excise,,,,,,,5 674 269 198,5674269198,,,,2025-08-12T08:18:13Z,2024,2024-01-01,2024-12-31
9962586,TOBACCO_MPOWER_R_TAXREVENUELATEST,COUNTRY,VUT,WPR,Western Pacific,YEAR,2024,TOBACCO_INDICATOR,TOBACCO_INDICATOR_Rev_year,,,,,,,2021,,,,,2025-08-12T15:04:57Z,2024,2024-01-01,2024-12-31
9980638,TOBACCO_MPOWER_R_TAXREVENUELATEST,COUNTRY,CAN,AMR,Americas,YEAR,2024,TOBACCO_INDICATOR,TOBACCO_INDICATOR_Rev_excise,,,,,,,6 340 000 000,6340000000,,,,2025-08-12T08:18:13Z,2024,2024-01-01,2024-12-31
9982110,TOBACCO_MPOWER_R_TAXREVENUELATEST,COUNTRY,SVK,EUR,Europe,YEAR,2024,TOBACCO_INDICATOR,TOBACCO_INDICATOR_Rev_VAT,,,,,,,. . .,,,,,2025-08-12T08:18:13Z,2024,2024-01-01,2024-12-31
9997302,TOBACCO_MPOWER_R_TAXREVENUELATEST,COUNTRY,SYC,AFR,Africa,YEAR,2024,TOBACCO_INDICATOR,TOBACCO_INDICATOR_Rev_govt_total,,,,,,,233 459 925,233459925.48,,,,2025-08-12T15:04:57Z,2024,2024-01-01,2024-12-31
10001652,TOBACCO_MPOWER_R_TAXREVENUELATEST,COUNTRY,LSO,AFR,Africa,YEAR,2024,TOBACCO_INDICATOR,TOBACCO_INDICATOR_Rev_other,,,,,,,. . .,,,,,2025-08-12T08:18:13Z,2024,2024-01-01,2024-12-31
10004987,TOBACCO_MPOWER_R_TAXREVENUELATEST,COUNTRY,KIR,WPR,Western Pacific,YEAR,2024,TOBACCO_INDICATOR,TOBACCO_INDICATOR_Rev_govt_total,,,,,,,. . .,,,,,2025-08-12T08:18:13Z,2024,2024-01-01,2024-12-31
10009363,TOBACCO_MPOWER_R_TAXREVENUELATEST,COUNTRY,NOR,EUR,Europe,YEAR,2024,TOBACCO_INDICATOR,TOBACCO_INDICATOR_Rev_other,,,,,,,. . .,,,,,2025-08-12T08:18:13Z,2024,2024-01-01,2024-12-31
10009393,TOBACCO_MPOWER_R_TAXREVENUELATEST,COUNTRY,BLZ,AMR,Americas,YEAR,2024,TOBACCO_INDICATOR,TOBACCO_INDICATOR_Rev_year,,,,,,,2023,,,,,2025-08-12T15:04:57Z,2024,2024-01-01,2024-12-31
10014350,TOBACCO_MPOWER_R_TAXREVENUELATEST,COUNTRY,NIU,WPR,Western Pacific,YEAR,2024,TOBACCO_INDICATOR,TOBACCO_INDICATOR_Rev_curr,,,,,,,NZD,,,,,2025-08-12T08:18:13Z,2024,2024-01-01,2024-12-31
10026294,TOBACCO_MPOWER_R_TAXREVENUELATEST,COUNTRY,IRL,EUR,Europe,YEAR,2024,TOBACCO_INDICATOR,TOBACCO_INDICATOR_Rev_curr,,,,,,,EUR,,,,,2025-08-12T08:18:13Z,2024,2024-01-01,2024-12-31
10029440,TOBACCO_MPOWER_R_TAXREVENUELATEST,COUNTRY,MHL,WPR,Western Pacific,YEAR,2024,TOBACCO_INDICATOR,TOBACCO_INDICATOR_Rev_import,,,,,,,112 000,112000,,,,2025-08-12T08:18:13Z,2024,2024-01-01,2024-12-31
10032068,TOBACCO_MPOWER_R_TAXREVENUELATEST,COUNTRY,MWI,AFR,Africa,YEAR,2024,TOBACCO_INDICATOR,TOBACCO_INDICATOR_Rev_year,,,,,,,2022,,,,,2025-08-12T15:04:57Z,2024,2024-01-01,2024-12-31
10036066,TOBACCO_MPOWER_R_TAXREVENUELATEST,COUNTRY,GIN,AFR,Africa,YEAR,2024,TOBACCO_INDICATOR,TOBACCO_INDICATOR_Rev_curr,,,,,,,GNF,,,,,2025-08-12T08:18:13Z,2024,2024-01-01,2024-12-31
10041237,TOBACCO_MPOWER_R_TAXREVENUELATEST,COUNTRY,BTN,SEAR,South-East Asia,YEAR,2024,TOBACCO_INDICATOR,TOBACCO_INDICATOR_Rev_VAT,,,,,,,0,0,,,,2025-08-12T08:18:13Z,2024,2024-01-01,2024-12-31
10048517,TOBACCO_MPOWER_R_TAXREVENUELATEST,COUNTRY,DMA,AMR,Americas,YEAR,2024,TOBACCO_INDICATOR,TOBACCO_INDICATOR_Rev_VAT,,,,,,,139 974,139973.95,,,,2025-08-12T08:18:13Z,2024,2024-01-01,2024-12-31
10049493,TOBACCO_MPOWER_R_TAXREVENUELATEST,COUNTRY,CZE,EUR,Europe,YEAR,2024,TOBACCO_INDICATOR,TOBACCO_INDICATOR_Rev_govt_total,,,,,,,. . .,,,,,2025-08-12T08:18:13Z,2024,2024-01-01,2024-12-31
10054903,TOBACCO_MPOWER_R_TAXREVENUELATEST,COUNTRY,UGA,AFR,Africa,YEAR,2024,TOBACCO_INDICATOR,TOBACCO_INDICATOR_Rev_type,,,,,,,Cigarettes only,,,,,2025-08-12T08:18:13Z,2024,2024-01-01,2024-12-31
10080773,TOBACCO_MPOWER_R_TAXREVENUELATEST,COUNTRY,GBR,EUR,Europe,YEAR,2024,TOBACCO_INDICATOR,TOBACCO_INDICATOR_Rev_year,,,,,,,2023/2024,,,,,2025-08-12T08:18:13Z,2024,2024-01-01,2024-12-31
10089225,TOBACCO_MPOWER_R_TAXREVENUELATEST,COUNTRY,LBR,AFR,Africa,YEAR,2024,TOBACCO_INDICATOR,TOBACCO_INDICATOR_Rev_type,,,,,,,All tobacco products,,,,,2025-08-12T15:04:57Z,2024,2024-01-01,2024-12-31
10099982,TOBACCO_MPOWER_R_TAXREVENUELATEST,COUNTRY,AND,EUR,Europe,YEAR,2024,TOBACCO_INDICATOR,TOBACCO_INDICATOR_Rev_import,,,,,,,77 798 172,77798172,,,,2025-08-12T08:18:13Z,2024,2024-01-01,2024-12-31
10101576,TOBACCO_MPOWER_R_TAXREVENUELATEST,COUNTRY,AND,EUR,Europe,YEAR,2024,TOBACCO_INDICATOR,TOBACCO_INDICATOR_Rev_VAT,,,,,,,4 962 574,4962574,,,,2025-08-12T08:18:13Z,2024,2024-01-01,2024-12-31
10115214,TOBACCO_MPOWER_R_TAXREVENUELATEST,COUNTRY,SWE,EUR,Europe,YEAR,2024,TOBACCO_INDICATOR,TOBACCO_INDICATOR_Rev_excise,,,,,,,955 326 300,955326300,,,,2025-08-12T08:18:13Z,2024,2024-01-01,2024-12-31
10124931,TOBACCO_MPOWER_R_TAXREVENUELATEST,COUNTRY,THA,SEAR,South-East Asia,YEAR,2024,TOBACCO_INDICATOR,TOBACCO_INDICATOR_Rev_year,,,,,,,2023,,,,,2025-08-12T15:04:57Z,2024,2024-01-01,2024-12-31
10125376,TOBACCO_MPOWER_R_TAXREVENUELATEST,COUNTRY,KOR,WPR,Western Pacific,YEAR,2024,TOBACCO_INDICATOR,TOBACCO_INDICATOR_Rev_govt_total,,,,,,,11 959 400 000 000,11959400000000,,,,2025-08-12T15:04:57Z,2024,2024-01-01,2024-12-31
10127355,TOBACCO_MPOWER_R_TAXREVENUELATEST,COUNTRY,MEX,AMR,Americas,YEAR,2024,TOBACCO_INDICATOR,TOBACCO_INDICATOR_Rev_govt_total,,,,,,,. . .,,,,,2025-08-12T08:18:13Z,2024,2024-01-01,2024-12-31
10131269,TOBACCO_MPOWER_R_TAXREVENUELATEST,COUNTRY,VNM,WPR,Western Pacific,YEAR,2024,TOBACCO_INDICATOR,TOBACCO_INDICATOR_Rev_year,,,,,,,2023,,,,,2025-08-12T15:04:57Z,2024,2024-01-01,2024-12-31
10131971,TOBACCO_MPOWER_R_TAXREVENUELATEST,COUNTRY,ATG,AMR,Americas,YEAR,2024,TOBACCO_INDICATOR,TOBACCO_INDICATOR_Rev_year,,,,,,,2021,,,,,2025-08-12T15:04:57Z,2024,2024-01-01,2024-12-31
10137867,TOBACCO_MPOWER_R_TAXREVENUELATEST,COUNTRY,EST,EUR,Europe,YEAR,2024,TOBACCO_INDICATOR,TOBACCO_INDICATOR_Rev_import,,,,,,,. . .,,,,,2025-08-12T08:18:13Z,2024,2024-01-01,2024-12-31
10139222,TOBACCO_MPOWER_R_TAXREVENUELATEST,COUNTRY,MOZ,AFR,Africa,YEAR,2024,TOBACCO_INDICATOR,TOBACCO_INDICATOR_Rev_VAT,,,,,,,1 930 033 088,1930033088.38,,,,2025-08-12T15:04:57Z,2024,2024-01-01,2024-12-31
10144394,TOBACCO_MPOWER_R_TAXREVENUELATEST,COUNTRY,LBN,EMR,Eastern Mediterranean,YEAR,2024,TOBACCO_INDICATOR,TOBACCO_INDICATOR_Rev_year,,,,,,,2019,,,,,2025-08-12T15:04:57Z,2024,2024-01-01,2024-12-31
10147318,TOBACCO_MPOWER_R_TAXREVENUELATEST,COUNTRY,KOR,WPR,Western Pacific,YEAR,2024,TOBACCO_INDICATOR,TOBACCO_INDICATOR_Rev_curr,,,,,,,KRW,,,,,2025-08-12T08:18:13Z,2024,2024-01-01,2024-12-31
10150111,TOBACCO_MPOWER_R_TAXREVENUELATEST,COUNTRY,NOR,EUR,Europe,YEAR,2024,TOBACCO_INDICATOR,TOBACCO_INDICATOR_Rev_govt_total,,,,,,,. . .,,,,,2025-08-12T08:18:13Z,2024,2024-01-01,2024-12-31
10150596,TOBACCO_MPOWER_R_TAXREVENUELATEST,COUNTRY,CHN,WPR,Western Pacific,YEAR,2024,TOBACCO_INDICATOR,TOBACCO_INDICATOR_Rev_year,,,,,,,2021,,,,,2025-08-12T15:04:57Z,2024,2024-01-01,2024-12-31
10162387,TOBACCO_MPOWER_R_TAXREVENUELATEST,COUNTRY,SYR,EMR,Eastern Mediterranean,YEAR,2024,TOBACCO_INDICATOR,TOBACCO_INDICATOR_Rev_excise,,,,,,,. . .,,,,,2025-08-12T08:18:13Z,2024,2024-01-01,2024-12-31
10164326,TOBACCO_MPOWER_R_TAXREVENUELATEST,COUNTRY,ARG,AMR,Americas,YEAR,2024,TOBACCO_INDICATOR,TOBACCO_INDICATOR_Rev_type,,,,,,,All tobacco products,,,,,2025-08-12T15:04:57Z,2024,2024-01-01,2024-12-31
10170229,TOBACCO_MPOWER_R_TAXREVENUELATEST,COUNTRY,VNM,WPR,Western Pacific,YEAR,2024,TOBACCO_INDICATOR,TOBACCO_INDICATOR_Rev_VAT,,,,,,,. . .,,,,,2025-08-12T08:18:13Z,2024,2024-01-01,2024-12-31
10172140,TOBACCO_MPOWER_R_TAXREVENUELATEST,COUNTRY,LCA,AMR,Americas,YEAR,2024,TOBACCO_INDICATOR,TOBACCO_INDICATOR_Rev_year,,,,,,,2023,,,,,2025-08-12T15:04:57Z,2024,2024-01-01,2024-12-31
10201741,TOBACCO_MPOWER_R_TAXREVENUELATEST,COUNTRY,ETH,AFR,Africa,YEAR,2024,TOBACCO_INDICATOR,TOBACCO_INDICATOR_Rev_import,,,,,,,27 252 996,27252996.17,,,,2025-08-12T08:18:13Z,2024,2024-01-01,2024-12-31
10217709,TOBACCO_MPOWER_R_TAXREVENUELATEST,COUNTRY,NPL,SEAR,South-East Asia,YEAR,2024,TOBACCO_INDICATOR,TOBACCO_INDICATOR_Rev_other,,,,,,,. . .,,,,,2025-08-12T08:18:13Z,2024,2024-01-01,2024-12-31
10224458,TOBACCO_MPOWER_R_TAXREVENUELATEST,COUNTRY,AUT,EUR,Europe,YEAR,2024,TOBACCO_INDICATOR,TOBACCO_INDICATOR_Rev_curr,,,,,,,EUR,,,,,2025-08-12T08:18:13Z,2024,2024-01-01,2024-12-31
10227624,TOBACCO_MPOWER_R_TAXREVENUELATEST,COUNTRY,CAN,AMR,Americas,YEAR,2024,TOBACCO_INDICATOR,TOBACCO_INDICATOR_Rev_import,,,,,,,. . .,,,,,2025-08-12T08:18:13Z,2024,2024-01-01,2024-12-31
10229387,TOBACCO_MPOWER_R_TAXREVENUELATEST,COUNTRY,LKA,SEAR,South-East Asia,YEAR,2024,TOBACCO_INDICATOR,TOBACCO_INDICATOR_Rev_VAT,,,,,,,. . .,,,,,2025-08-12T08:18:13Z,2024,2024-01-01,2024-12-31
10231704,TOBACCO_MPOWER_R_TAXREVENUELATEST,COUNTRY,IRQ,EMR,Eastern Mediterranean,YEAR,2024,TOBACCO_INDICATOR,TOBACCO_INDICATOR_Rev_excise,,,,,,,. . .,,,,,2025-08-12T08:18:13Z,2024,2024-01-01,2024-12-31
10232915,TOBACCO_MPOWER_R_TAXREVENUELATEST,COUNTRY,AFG,EMR,Eastern Mediterranean,YEAR,2024,TOBACCO_INDICATOR,TOBACCO_INDICATOR_Rev_type,,,,,,,Cigarettes only,,,,,2025-08-12T08:18:13Z,2024,2024-01-01,2024-12-31
10233684,TOBACCO_MPOWER_R_TAXREVENUELATEST,COUNTRY,GRC,EUR,Europe,YEAR,2024,TOBACCO_INDICATOR,TOBACCO_INDICATOR_Rev_VAT,,,,,,,. . .,,,,,2025-08-12T08:18:13Z,2024,2024-01-01,2024-12-31
10257327,TOBACCO_MPOWER_R_TAXREVENUELATEST,COUNTRY,MUS,AFR,Africa,YEAR,2024,TOBACCO_INDICATOR,TOBACCO_INDICATOR_Rev_import,,,,,,,0,0,,,,2025-08-12T08:18:13Z,2024,2024-01-01,2024-12-31
10262421,TOBACCO_MPOWER_R_TAXREVENUELATEST,COUNTRY,PRY,AMR,Americas,YEAR,2024,TOBACCO_INDICATOR,TOBACCO_INDICATOR_Rev_VAT,,,,,,,45 957 045 716,45957045716,,,,2025-08-12T08:18:13Z,2024,2024-01-01,2024-12-31
10264162,TOBACCO_MPOWER_R_TAXREVENUELATEST,COUNTRY,MOZ,AFR,Africa,YEAR,2024,TOBACCO_INDICATOR,TOBACCO_INDICATOR_Rev_year,,,,,,,2019,,,,,2025-08-12T15:04:57Z,2024,2024-01-01,2024-12-31
10269520,TOBACCO_MPOWER_R_TAXREVENUELATEST,COUNTRY,PRT,EUR,Europe,YEAR,2024,TOBACCO_INDICATOR,TOBACCO_INDICATOR_Rev_govt_total,,,,,,,. . .,,,,,2025-08-12T08:18:13Z,2024,2024-01-01,2024-12-31
10277452,TOBACCO_MPOWER_R_TAXREVENUELATEST,COUNTRY,LKA,SEAR,South-East Asia,YEAR,2024,TOBACCO_INDICATOR,TOBACCO_INDICATOR_Rev_type,,,,,,,Cigarettes only,,,,,2025-08-12T08:18:13Z,2024,2024-01-01,2024-12-31
10278960,TOBACCO_MPOWER_R_TAXREVENUELATEST,COUNTRY,DZA,AFR,Africa,YEAR,2024,TOBACCO_INDICATOR,TOBACCO_INDICATOR_Rev_VAT,,,,,,,32 716 066 302,32716066302,,,,2025-08-12T08:18:13Z,2024,2024-01-01,2024-12-31
10279586,TOBACCO_MPOWER_R_TAXREVENUELATEST,COUNTRY,COD,AFR,Africa,YEAR,2024,TOBACCO_INDICATOR,TOBACCO_INDICATOR_Rev_type,,,,,,,Cigarettes only,,,,,2025-08-12T08:18:13Z,2024,2024-01-01,2024-12-31
10281234,TOBACCO_MPOWER_R_TAXREVENUELATEST,COUNTRY,LVA,EUR,Europe,YEAR,2024,TOBACCO_INDICATOR,TOBACCO_INDICATOR_Rev_govt_total,,,,,,,. . .,,,,,2025-08-12T08:18:13Z,2024,2024-01-01,2024-12-31
