Id,IndicatorCode,SpatialDimension,SpatialDimensionValueCode,ParentLocationCode,ParentLocation,TimeDimension,TimeDim,DisaggregatingDimension1,DisaggregatingDimension1ValueCode,DisaggregatingDimension2,DisaggregatingDimension2ValueCode,DisaggregatingDimension3,DisaggregatingDimension3ValueCode,DataSourceDimension,DataSourceDimensionValueCode,Value,NumericValue,Low,High,Comments,Date,TimeDimensionValue,TimeDimensionBegin,TimeDimensionEnd
2953387,TOBACCO_MPOWER_M1_TOBACCOUSESMOKING,COUNTRY,PAN,AMR,Americas,YEAR,2024,TOBACCO_INDICATOR,TOBACCO_INDICATOR_Adult_svy_yr,,,,,,,2019,,,,,2026-01-26T16:07:43Z,2024,2024-01-01,2024-12-31
2956920,TOBACCO_MPOWER_M1_TOBACCOUSESMOKING,COUNTRY,SYR,EMR,Eastern Mediterranean,YEAR,2024,TOBACCO_INDICATOR,TOBACCO_INDICATOR_Adult_svy_national,,,,,,,National,,,,,2025-07-24T14:32:31Z,2024,2024-01-01,2024-12-31
2962176,TOBACCO_MPOWER_M1_TOBACCOUSESMOKING,COUNTRY,ARE,EMR,Eastern Mediterranean,YEAR,2024,TOBACCO_INDICATOR,TOBACCO_INDICATOR_Adult_svy_age_range,,,,,,,18-69,,,,,2025-07-24T14:32:31Z,2024,2024-01-01,2024-12-31
2988353,TOBACCO_MPOWER_M1_TOBACCOUSESMOKING,COUNTRY,DOM,AMR,Americas,YEAR,2024,TOBACCO_INDICATOR,TOBACCO_INDICATOR_Adult_svy_age_range,,,,,,,15-59 (men) 15-49 (women),,,,,2025-07-24T14:32:31Z,2024,2024-01-01,2024-12-31
3067583,TOBACCO_MPOWER_M1_TOBACCOUSESMOKING,COUNTRY,KIR,WPR,Western Pacific,YEAR,2024,TOBACCO_INDICATOR,TOBACCO_INDICATOR_Adult_svy_age_range,,,,,,,15-49,,,,,2025-07-24T14:32:31Z,2024,2024-01-01,2024-12-31
3072235,TOBACCO_MPOWER_M1_TOBACCOUSESMOKING,COUNTRY,AUS,WPR,Western Pacific,YEAR,2024,TOBACCO_INDICATOR,TOBACCO_INDICATOR_Adult_svy_yr,,,,,,,2022-23,,,,,2026-01-26T16:07:43Z,2024,2024-01-01,2024-12-31
3074036,TOBACCO_MPOWER_M1_TOBACCOUSESMOKING,COUNTRY,COG,AFR,Africa,YEAR,2024,TOBACCO_INDICATOR,TOBACCO_INDICATOR_Adult_svy_yr,,,,,,,2014-15,,,,,2026-01-26T16:07:43Z,2024,2024-01-01,2024-12-31
3098233,TOBACCO_MPOWER_M1_TOBACCOUSESMOKING,COUNTRY,DMA,AMR,Americas,YEAR,2024,TOBACCO_INDICATOR,TOBACCO_INDICATOR_Adult_svy_national,,,,,,,National,,,,,2025-07-24T14:32:31Z,2024,2024-01-01,2024-12-31
3099356,TOBACCO_MPOWER_M1_TOBACCOUSESMOKING,COUNTRY,JPN,WPR,Western Pacific,YEAR,2024,TOBACCO_INDICATOR,TOBACCO_INDICATOR_Adult_survey_title,,,,,,,National Health and Nutrition Survey,,,,,2025-07-24T14:32:31Z,2024,2024-01-01,2024-12-31
3112438,TOBACCO_MPOWER_M1_TOBACCOUSESMOKING,COUNTRY,LBY,EMR,Eastern Mediterranean,YEAR,2024,TOBACCO_INDICATOR,TOBACCO_INDICATOR_Adult_svy_national,,,,,,,National,,,,,2025-07-24T14:32:31Z,2024,2024-01-01,2024-12-31
3121005,TOBACCO_MPOWER_M1_TOBACCOUSESMOKING,COUNTRY,IRQ,EMR,Eastern Mediterranean,YEAR,2024,TOBACCO_INDICATOR,TOBACCO_INDICATOR_Adult_svy_yr,,,,,,,2015,,,,,2026-01-26T16:07:43Z,2024,2024-01-01,2024-12-31
3123585,TOBACCO_MPOWER_M1_TOBACCOUSESMOKING,COUNTRY,CAN,AMR,Americas,YEAR,2024,TOBACCO_INDICATOR,TOBACCO_INDICATOR_Adult_svy_yr,,,,,,,2023,,,,,2026-01-26T16:07:43Z,2024,2024-01-01,2024-12-31
3145639,TOBACCO_MPOWER_M1_TOBACCOUSESMOKING,COUNTRY,IRQ,EMR,Eastern Mediterranean,YEAR,2024,TOBACCO_INDICATOR,TOBACCO_INDICATOR_Adult_svy_age_range,,,,,,,18+,,,,,2025-07-24T14:32:31Z,2024,2024-01-01,2024-12-31
3163655,TOBACCO_MPOWER_M1_TOBACCOUSESMOKING,COUNTRY,ECU,AMR,Americas,YEAR,2024,TOBACCO_INDICATOR,TOBACCO_INDICATOR_Adult_svy_age_range,,,,,,,18-69,,,,,2025-07-24T14:32:31Z,2024,2024-01-01,2024-12-31
3169164,TOBACCO_MPOWER_M1_TOBACCOUSESMOKING,COUNTRY,KHM,WPR,Western Pacific,YEAR,2024,TOBACCO_INDICATOR,TOBACCO_INDICATOR_Adult_svy_age_range,,,,,,,15+,,,,,2025-07-24T14:32:31Z,2024,2024-01-01,2024-12-31
3182701,TOBACCO_MPOWER_M1_TOBACCOUSESMOKING,COUNTRY,SOM,EMR,Eastern Mediterranean,YEAR,2024,TOBACCO_INDICATOR,TOBACCO_INDICATOR_Adult_svy_age_range,,,,,,,. . .,,,,,2025-07-24T14:32:31Z,2024,2024-01-01,2024-12-31
3184585,TOBACCO_MPOWER_M1_TOBACCOUSESMOKING,COUNTRY,BEL,EUR,Europe,YEAR,2024,TOBACCO_INDICATOR,TOBACCO_INDICATOR_Adult_svy_national,,,,,,,National,,,,,2025-07-24T14:32:31Z,2024,2024-01-01,2024-12-31
3209959,TOBACCO_MPOWER_M1_TOBACCOUSESMOKING,COUNTRY,USA,AMR,Americas,YEAR,2024,TOBACCO_INDICATOR,TOBACCO_INDICATOR_Adult_svy_age_range,,,,,,,18+,,,,,2025-07-24T14:32:31Z,2024,2024-01-01,2024-12-31
3230047,TOBACCO_MPOWER_M1_TOBACCOUSESMOKING,COUNTRY,SLV,AMR,Americas,YEAR,2024,TOBACCO_INDICATOR,TOBACCO_INDICATOR_Adult_svy_national,,,,,,,National,,,,,2025-07-24T14:32:31Z,2024,2024-01-01,2024-12-31
3231312,TOBACCO_MPOWER_M1_TOBACCOUSESMOKING,COUNTRY,MCO,EUR,Europe,YEAR,2024,TOBACCO_INDICATOR,TOBACCO_INDICATOR_Adult_svy_national,,,,,,,. . .,,,,,2025-07-24T14:32:31Z,2024,2024-01-01,2024-12-31
3233211,TOBACCO_MPOWER_M1_TOBACCOUSESMOKING,COUNTRY,GIN,AFR,Africa,YEAR,2024,TOBACCO_INDICATOR,TOBACCO_INDICATOR_Adult_svy_age_range,,,,,,,15-59 (men) 15-49 (women),,,,,2025-07-24T14:32:31Z,2024,2024-01-01,2024-12-31
3265460,TOBACCO_MPOWER_M1_TOBACCOUSESMOKING,COUNTRY,COM,AFR,Africa,YEAR,2024,TOBACCO_INDICATOR,TOBACCO_INDICATOR_Adult_survey_title,,,,,,,Multiple Indicator Cluster Survey (MICS),,,,,2025-07-24T14:32:31Z,2024,2024-01-01,2024-12-31
3333521,TOBACCO_MPOWER_M1_TOBACCOUSESMOKING,COUNTRY,IRL,EUR,Europe,YEAR,2024,TOBACCO_INDICATOR,TOBACCO_INDICATOR_Adult_survey_title,,,,,,,Healthy Ireland Survey,,,,,2025-07-24T14:32:31Z,2024,2024-01-01,2024-12-31
3352290,TOBACCO_MPOWER_M1_TOBACCOUSESMOKING,COUNTRY,YEM,EMR,Eastern Mediterranean,YEAR,2024,TOBACCO_INDICATOR,TOBACCO_INDICATOR_Adult_svy_age_range,,,,,,,15+,,,,,2025-07-24T14:32:31Z,2024,2024-01-01,2024-12-31
3353856,TOBACCO_MPOWER_M1_TOBACCOUSESMOKING,COUNTRY,PRY,AMR,Americas,YEAR,2024,TOBACCO_INDICATOR,TOBACCO_INDICATOR_Adult_svy_age_range,,,,,,,18-69,,,,,2025-07-24T14:32:31Z,2024,2024-01-01,2024-12-31
3380046,TOBACCO_MPOWER_M1_TOBACCOUSESMOKING,COUNTRY,SMR,EUR,Europe,YEAR,2024,TOBACCO_INDICATOR,TOBACCO_INDICATOR_Adult_svy_yr,,,,,,,2013,,,,,2026-01-26T16:07:43Z,2024,2024-01-01,2024-12-31
3388338,TOBACCO_MPOWER_M1_TOBACCOUSESMOKING,COUNTRY,UZB,EUR,Europe,YEAR,2024,TOBACCO_INDICATOR,TOBACCO_INDICATOR_Adult_svy_national,,,,,,,National,,,,,2025-07-24T14:32:31Z,2024,2024-01-01,2024-12-31
3388873,TOBACCO_MPOWER_M1_TOBACCOUSESMOKING,COUNTRY,SMR,EUR,Europe,YEAR,2024,TOBACCO_INDICATOR,TOBACCO_INDICATOR_Adult_svy_age_range,,,,,,,15+,,,,,2025-07-24T14:32:31Z,2024,2024-01-01,2024-12-31
3394988,TOBACCO_MPOWER_M1_TOBACCOUSESMOKING,COUNTRY,POL,EUR,Europe,YEAR,2024,TOBACCO_INDICATOR,TOBACCO_INDICATOR_Adult_survey_title,,,,,,,Public Opinion Research Center (CBOS) nicotine consumption survey,,,,,2025-07-24T14:32:31Z,2024,2024-01-01,2024-12-31
3395140,TOBACCO_MPOWER_M1_TOBACCOUSESMOKING,COUNTRY,MNG,WPR,Western Pacific,YEAR,2024,TOBACCO_INDICATOR,TOBACCO_INDICATOR_Adult_survey_title,,,,,,,Social Indicator Sample Survey,,,,,2025-07-24T14:32:31Z,2024,2024-01-01,2024-12-31
3409232,TOBACCO_MPOWER_M1_TOBACCOUSESMOKING,COUNTRY,YEM,EMR,Eastern Mediterranean,YEAR,2024,TOBACCO_INDICATOR,TOBACCO_INDICATOR_Adult_survey_title,,,,,,,Demographic and Health Survey,,,,,2025-07-24T14:32:31Z,2024,2024-01-01,2024-12-31
3410061,TOBACCO_MPOWER_M1_TOBACCOUSESMOKING,COUNTRY,DEU,EUR,Europe,YEAR,2024,TOBACCO_INDICATOR,TOBACCO_INDICATOR_Adult_svy_yr,,,,,,,2021,,,,,2026-01-26T16:07:43Z,2024,2024-01-01,2024-12-31
3414799,TOBACCO_MPOWER_M1_TOBACCOUSESMOKING,COUNTRY,STP,AFR,Africa,YEAR,2024,TOBACCO_INDICATOR,TOBACCO_INDICATOR_Adult_svy_yr,,,,,,,2019,,,,,2026-01-26T16:07:43Z,2024,2024-01-01,2024-12-31
3425858,TOBACCO_MPOWER_M1_TOBACCOUSESMOKING,COUNTRY,MLT,EUR,Europe,YEAR,2024,TOBACCO_INDICATOR,TOBACCO_INDICATOR_Adult_survey_title,,,,,,,European Health Interview Survey,,,,,2025-07-24T14:32:31Z,2024,2024-01-01,2024-12-31
3432275,TOBACCO_MPOWER_M1_TOBACCOUSESMOKING,COUNTRY,FJI,WPR,Western Pacific,YEAR,2024,TOBACCO_INDICATOR,TOBACCO_INDICATOR_Adult_svy_age_range,,,,,,,15-49,,,,,2025-07-24T14:32:31Z,2024,2024-01-01,2024-12-31
3435000,TOBACCO_MPOWER_M1_TOBACCOUSESMOKING,COUNTRY,CHN,WPR,Western Pacific,YEAR,2024,TOBACCO_INDICATOR,TOBACCO_INDICATOR_Adult_svy_national,,,,,,,National,,,,,2025-07-24T14:32:31Z,2024,2024-01-01,2024-12-31
3436827,TOBACCO_MPOWER_M1_TOBACCOUSESMOKING,COUNTRY,GNB,AFR,Africa,YEAR,2024,TOBACCO_INDICATOR,TOBACCO_INDICATOR_Adult_svy_yr,,,,,,,2019,,,,,2026-01-26T16:07:43Z,2024,2024-01-01,2024-12-31
3442610,TOBACCO_MPOWER_M1_TOBACCOUSESMOKING,COUNTRY,MRT,AFR,Africa,YEAR,2024,TOBACCO_INDICATOR,TOBACCO_INDICATOR_Adult_svy_age_range,,,,,,,15+,,,,,2025-07-24T14:32:31Z,2024,2024-01-01,2024-12-31
3448147,TOBACCO_MPOWER_M1_TOBACCOUSESMOKING,COUNTRY,CZE,EUR,Europe,YEAR,2024,TOBACCO_INDICATOR,TOBACCO_INDICATOR_Adult_svy_national,,,,,,,National,,,,,2025-07-24T14:32:31Z,2024,2024-01-01,2024-12-31
3452550,TOBACCO_MPOWER_M1_TOBACCOUSESMOKING,COUNTRY,SWE,EUR,Europe,YEAR,2024,TOBACCO_INDICATOR,TOBACCO_INDICATOR_Adult_svy_age_range,,,,,,,16+,,,,,2025-07-24T14:32:31Z,2024,2024-01-01,2024-12-31
3456797,TOBACCO_MPOWER_M1_TOBACCOUSESMOKING,COUNTRY,QAT,EMR,Eastern Mediterranean,YEAR,2024,TOBACCO_INDICATOR,TOBACCO_INDICATOR_Adult_svy_national,,,,,,,National,,,,,2025-07-24T14:32:31Z,2024,2024-01-01,2024-12-31
3459110,TOBACCO_MPOWER_M1_TOBACCOUSESMOKING,COUNTRY,LSO,AFR,Africa,YEAR,2024,TOBACCO_INDICATOR,TOBACCO_INDICATOR_Adult_svy_yr,,,,,,,2023-24,,,,,2026-01-26T16:07:43Z,2024,2024-01-01,2024-12-31
3489592,TOBACCO_MPOWER_M1_TOBACCOUSESMOKING,COUNTRY,HTI,AMR,Americas,YEAR,2024,TOBACCO_INDICATOR,TOBACCO_INDICATOR_Adult_survey_title,,,,,,,"Enquête Mortalité, Morbidité et Utilisation des Services en Haïti",,,,,2025-07-24T14:32:31Z,2024,2024-01-01,2024-12-31
3496511,TOBACCO_MPOWER_M1_TOBACCOUSESMOKING,COUNTRY,YEM,EMR,Eastern Mediterranean,YEAR,2024,TOBACCO_INDICATOR,TOBACCO_INDICATOR_Adult_svy_national,,,,,,,National,,,,,2025-07-24T14:32:31Z,2024,2024-01-01,2024-12-31
3521984,TOBACCO_MPOWER_M1_TOBACCOUSESMOKING,COUNTRY,SSD,AFR,Africa,YEAR,2024,TOBACCO_INDICATOR,TOBACCO_INDICATOR_Adult_svy_age_range,,,,,,,. . .,,,,,2025-07-24T14:32:31Z,2024,2024-01-01,2024-12-31
3532859,TOBACCO_MPOWER_M1_TOBACCOUSESMOKING,COUNTRY,ARM,EUR,Europe,YEAR,2024,TOBACCO_INDICATOR,TOBACCO_INDICATOR_Adult_svy_yr,,,,,,,2022,,,,,2026-01-26T16:07:43Z,2024,2024-01-01,2024-12-31
3546238,TOBACCO_MPOWER_M1_TOBACCOUSESMOKING,COUNTRY,HRV,EUR,Europe,YEAR,2024,TOBACCO_INDICATOR,TOBACCO_INDICATOR_Adult_svy_national,,,,,,,National,,,,,2025-07-24T14:32:31Z,2024,2024-01-01,2024-12-31
3549516,TOBACCO_MPOWER_M1_TOBACCOUSESMOKING,COUNTRY,MYS,WPR,Western Pacific,YEAR,2024,TOBACCO_INDICATOR,TOBACCO_INDICATOR_Adult_svy_yr,,,,,,,2023,,,,,2026-01-26T16:07:43Z,2024,2024-01-01,2024-12-31
3594273,TOBACCO_MPOWER_M1_TOBACCOUSESMOKING,COUNTRY,COK,WPR,Western Pacific,YEAR,2024,TOBACCO_INDICATOR,TOBACCO_INDICATOR_Adult_svy_age_range,,,,,,,18-69,,,,,2025-07-24T14:32:31Z,2024,2024-01-01,2024-12-31
3617546,TOBACCO_MPOWER_M1_TOBACCOUSESMOKING,COUNTRY,MMR,SEAR,South-East Asia,YEAR,2024,TOBACCO_INDICATOR,TOBACCO_INDICATOR_Adult_survey_title,,,,,,,Demographic and Health Survey,,,,,2025-07-24T14:32:31Z,2024,2024-01-01,2024-12-31
3617570,TOBACCO_MPOWER_M1_TOBACCOUSESMOKING,COUNTRY,FJI,WPR,Western Pacific,YEAR,2024,TOBACCO_INDICATOR,TOBACCO_INDICATOR_Adult_svy_yr,,,,,,,2021,,,,,2026-01-26T16:07:43Z,2024,2024-01-01,2024-12-31
3621468,TOBACCO_MPOWER_M1_TOBACCOUSESMOKING,COUNTRY,ARG,AMR,Americas,YEAR,2024,TOBACCO_INDICATOR,TOBACCO_INDICATOR_Adult_svy_age_range,,,,,,,16-75,,,,,2025-07-24T14:32:31Z,2024,2024-01-01,2024-12-31
3630693,TOBACCO_MPOWER_M1_TOBACCOUSESMOKING,COUNTRY,UKR,EUR,Europe,YEAR,2024,TOBACCO_INDICATOR,TOBACCO_INDICATOR_Adult_svy_yr,,,,,,,2024,,,,,2026-01-26T16:07:43Z,2024,2024-01-01,2024-12-31
3655820,TOBACCO_MPOWER_M1_TOBACCOUSESMOKING,COUNTRY,TTO,AMR,Americas,YEAR,2024,TOBACCO_INDICATOR,TOBACCO_INDICATOR_Adult_svy_yr,,,,,,,2024,,,,,2026-01-26T16:07:43Z,2024,2024-01-01,2024-12-31
3659974,TOBACCO_MPOWER_M1_TOBACCOUSESMOKING,COUNTRY,SOM,EMR,Eastern Mediterranean,YEAR,2024,TOBACCO_INDICATOR,TOBACCO_INDICATOR_Adult_svy_yr,,,,,,,. . .,,,,,2026-01-26T16:07:43Z,2024,2024-01-01,2024-12-31
3660758,TOBACCO_MPOWER_M1_TOBACCOUSESMOKING,COUNTRY,DNK,EUR,Europe,YEAR,2024,TOBACCO_INDICATOR,TOBACCO_INDICATOR_Adult_svy_national,,,,,,,National,,,,,2025-07-24T14:32:31Z,2024,2024-01-01,2024-12-31
3677356,TOBACCO_MPOWER_M1_TOBACCOUSESMOKING,COUNTRY,HRV,EUR,Europe,YEAR,2024,TOBACCO_INDICATOR,TOBACCO_INDICATOR_Adult_svy_age_range,,,,,,,15-64,,,,,2025-07-24T14:32:31Z,2024,2024-01-01,2024-12-31
3682085,TOBACCO_MPOWER_M1_TOBACCOUSESMOKING,COUNTRY,GTM,AMR,Americas,YEAR,2024,TOBACCO_INDICATOR,TOBACCO_INDICATOR_Adult_svy_national,,,,,,,National,,,,,2025-07-24T14:32:31Z,2024,2024-01-01,2024-12-31
3705890,TOBACCO_MPOWER_M1_TOBACCOUSESMOKING,COUNTRY,NER,AFR,Africa,YEAR,2024,TOBACCO_INDICATOR,TOBACCO_INDICATOR_Adult_svy_age_range,,,,,,,18-69,,,,,2025-07-24T14:32:31Z,2024,2024-01-01,2024-12-31
3709675,TOBACCO_MPOWER_M1_TOBACCOUSESMOKING,COUNTRY,VCT,AMR,Americas,YEAR,2024,TOBACCO_INDICATOR,TOBACCO_INDICATOR_Adult_svy_age_range,,,,,,,18-69,,,,,2025-07-24T14:32:31Z,2024,2024-01-01,2024-12-31
3720124,TOBACCO_MPOWER_M1_TOBACCOUSESMOKING,COUNTRY,JOR,EMR,Eastern Mediterranean,YEAR,2024,TOBACCO_INDICATOR,TOBACCO_INDICATOR_Adult_svy_age_range,,,,,,,15-59 (men) 15-49 (women),,,,,2025-07-24T14:32:31Z,2024,2024-01-01,2024-12-31
3738704,TOBACCO_MPOWER_M1_TOBACCOUSESMOKING,COUNTRY,UZB,EUR,Europe,YEAR,2024,TOBACCO_INDICATOR,TOBACCO_INDICATOR_Adult_svy_age_range,,,,,,,18-69,,,,,2025-07-24T14:32:31Z,2024,2024-01-01,2024-12-31
3753832,TOBACCO_MPOWER_M1_TOBACCOUSESMOKING,COUNTRY,LUX,EUR,Europe,YEAR,2024,TOBACCO_INDICATOR,TOBACCO_INDICATOR_Adult_survey_title,,,,,,,Le tabagisme au Luxembourg,,,,,2025-07-24T14:32:31Z,2024,2024-01-01,2024-12-31
3768336,TOBACCO_MPOWER_M1_TOBACCOUSESMOKING,COUNTRY,GUY,AMR,Americas,YEAR,2024,TOBACCO_INDICATOR,TOBACCO_INDICATOR_Adult_svy_national,,,,,,,National,,,,,2025-07-24T14:32:31Z,2024,2024-01-01,2024-12-31
3780972,TOBACCO_MPOWER_M1_TOBACCOUSESMOKING,COUNTRY,ALB,EUR,Europe,YEAR,2024,TOBACCO_INDICATOR,TOBACCO_INDICATOR_Adult_survey_title,,,,,,,"Smoking uptake, prevalence and cessation in Albania",,,,,2025-07-24T14:32:31Z,2024,2024-01-01,2024-12-31
3787037,TOBACCO_MPOWER_M1_TOBACCOUSESMOKING,COUNTRY,KOR,WPR,Western Pacific,YEAR,2024,TOBACCO_INDICATOR,TOBACCO_INDICATOR_Adult_svy_yr,,,,,,,2023,,,,,2026-01-26T16:07:43Z,2024,2024-01-01,2024-12-31
3811588,TOBACCO_MPOWER_M1_TOBACCOUSESMOKING,COUNTRY,PRY,AMR,Americas,YEAR,2024,TOBACCO_INDICATOR,TOBACCO_INDICATOR_Adult_survey_title,,,,,,,Encuesta Nacional de Factores de Riesgo de Paraguay (STEPS),,,,,2025-07-24T14:32:31Z,2024,2024-01-01,2024-12-31
3825080,TOBACCO_MPOWER_M1_TOBACCOUSESMOKING,COUNTRY,NOR,EUR,Europe,YEAR,2024,TOBACCO_INDICATOR,TOBACCO_INDICATOR_Adult_survey_title,,,,,,,Statistics Norway Rusundersøkelsen,,,,,2025-07-24T14:32:31Z,2024,2024-01-01,2024-12-31
3831009,TOBACCO_MPOWER_M1_TOBACCOUSESMOKING,COUNTRY,LBY,EMR,Eastern Mediterranean,YEAR,2024,TOBACCO_INDICATOR,TOBACCO_INDICATOR_Adult_svy_age_range,,,,,,,18-69,,,,,2025-07-24T14:32:31Z,2024,2024-01-01,2024-12-31
3848279,TOBACCO_MPOWER_M1_TOBACCOUSESMOKING,COUNTRY,SAU,EMR,Eastern Mediterranean,YEAR,2024,TOBACCO_INDICATOR,TOBACCO_INDICATOR_Adult_svy_age_range,,,,,,,15+,,,,,2025-07-24T14:32:31Z,2024,2024-01-01,2024-12-31
3849132,TOBACCO_MPOWER_M1_TOBACCOUSESMOKING,COUNTRY,BRA,AMR,Americas,YEAR,2024,TOBACCO_INDICATOR,TOBACCO_INDICATOR_Adult_svy_yr,,,,,,,2019,,,,,2026-01-26T16:07:43Z,2024,2024-01-01,2024-12-31
3858619,TOBACCO_MPOWER_M1_TOBACCOUSESMOKING,COUNTRY,NIC,AMR,Americas,YEAR,2024,TOBACCO_INDICATOR,TOBACCO_INDICATOR_Adult_svy_yr,,,,,,,. . .,,,,,2026-01-26T16:07:43Z,2024,2024-01-01,2024-12-31
3873920,TOBACCO_MPOWER_M1_TOBACCOUSESMOKING,COUNTRY,NZL,WPR,Western Pacific,YEAR,2024,TOBACCO_INDICATOR,TOBACCO_INDICATOR_Adult_svy_age_range,,,,,,,15+,,,,,2025-07-24T14:32:31Z,2024,2024-01-01,2024-12-31
3878886,TOBACCO_MPOWER_M1_TOBACCOUSESMOKING,COUNTRY,GTM,AMR,Americas,YEAR,2024,TOBACCO_INDICATOR,TOBACCO_INDICATOR_Adult_survey_title,,,,,,,VI Encuesta Nacional de Salud Materno Infantil,,,,,2025-07-24T14:32:31Z,2024,2024-01-01,2024-12-31
3880200,TOBACCO_MPOWER_M1_TOBACCOUSESMOKING,COUNTRY,BEL,EUR,Europe,YEAR,2024,TOBACCO_INDICATOR,TOBACCO_INDICATOR_Adult_survey_title,,,,,,,Enquête sur le tabagisme,,,,,2025-07-24T14:32:31Z,2024,2024-01-01,2024-12-31
3883738,TOBACCO_MPOWER_M1_TOBACCOUSESMOKING,COUNTRY,ITA,EUR,Europe,YEAR,2024,TOBACCO_INDICATOR,TOBACCO_INDICATOR_Adult_svy_national,,,,,,,National,,,,,2025-07-24T14:32:31Z,2024,2024-01-01,2024-12-31
3888485,TOBACCO_MPOWER_M1_TOBACCOUSESMOKING,COUNTRY,COK,WPR,Western Pacific,YEAR,2024,TOBACCO_INDICATOR,TOBACCO_INDICATOR_Adult_svy_national,,,,,,,National,,,,,2025-07-24T14:32:31Z,2024,2024-01-01,2024-12-31
3904056,TOBACCO_MPOWER_M1_TOBACCOUSESMOKING,COUNTRY,PRK,SEAR,South-East Asia,YEAR,2024,TOBACCO_INDICATOR,TOBACCO_INDICATOR_Adult_svy_yr,,,,,,,2017,,,,,2026-01-26T16:07:43Z,2024,2024-01-01,2024-12-31
7822,TOBACCO_MPOWER_M1_TOBACCOUSESMOKING,COUNTRY,BIH,EUR,Europe,YEAR,2024,TOBACCO_INDICATOR,TOBACCO_INDICATOR_Adult_svy_age_range,,,,,,,18-85,,,,,2025-07-24T14:32:31Z,2024,2024-01-01,2024-12-31
11390,TOBACCO_MPOWER_M1_TOBACCOUSESMOKING,COUNTRY,TUN,EMR,Eastern Mediterranean,YEAR,2024,TOBACCO_INDICATOR,TOBACCO_INDICATOR_Adult_svy_national,,,,,,,National,,,,,2025-07-24T14:32:31Z,2024,2024-01-01,2024-12-31
14800,TOBACCO_MPOWER_M1_TOBACCOUSESMOKING,COUNTRY,AND,EUR,Europe,YEAR,2024,TOBACCO_INDICATOR,TOBACCO_INDICATOR_Adult_svy_age_range,,,,,,,12-75,27729,,,,2026-01-27T14:35:19Z,2024,2024-01-01,2024-12-31
33302,TOBACCO_MPOWER_M1_TOBACCOUSESMOKING,COUNTRY,JAM,AMR,Americas,YEAR,2024,TOBACCO_INDICATOR,TOBACCO_INDICATOR_Adult_svy_national,,,,,,,National,,,,,2025-07-24T14:32:31Z,2024,2024-01-01,2024-12-31
57723,TOBACCO_MPOWER_M1_TOBACCOUSESMOKING,COUNTRY,AGO,AFR,Africa,YEAR,2024,TOBACCO_INDICATOR,TOBACCO_INDICATOR_Adult_survey_title,,,,,,,Demographic and Health Survey,,,,,2025-07-24T14:32:31Z,2024,2024-01-01,2024-12-31
70747,TOBACCO_MPOWER_M1_TOBACCOUSESMOKING,COUNTRY,COG,AFR,Africa,YEAR,2024,TOBACCO_INDICATOR,TOBACCO_INDICATOR_Adult_svy_age_range,,,,,,,15-49,,,,,2025-07-24T14:32:31Z,2024,2024-01-01,2024-12-31
97850,TOBACCO_MPOWER_M1_TOBACCOUSESMOKING,COUNTRY,COL,AMR,Americas,YEAR,2024,TOBACCO_INDICATOR,TOBACCO_INDICATOR_Adult_svy_yr,,,,,,,2019,,,,,2026-01-26T16:07:43Z,2024,2024-01-01,2024-12-31
103834,TOBACCO_MPOWER_M1_TOBACCOUSESMOKING,COUNTRY,QAT,EMR,Eastern Mediterranean,YEAR,2024,TOBACCO_INDICATOR,TOBACCO_INDICATOR_Adult_svy_yr,,,,,,,2023,,,,,2026-01-26T16:07:43Z,2024,2024-01-01,2024-12-31
118610,TOBACCO_MPOWER_M1_TOBACCOUSESMOKING,COUNTRY,PNG,WPR,Western Pacific,YEAR,2024,TOBACCO_INDICATOR,TOBACCO_INDICATOR_Adult_svy_yr,,,,,,,2016-18,,,,,2026-01-26T16:07:43Z,2024,2024-01-01,2024-12-31
149858,TOBACCO_MPOWER_M1_TOBACCOUSESMOKING,COUNTRY,SUR,AMR,Americas,YEAR,2024,TOBACCO_INDICATOR,TOBACCO_INDICATOR_Adult_svy_age_range,,,,,,,25-65,,,,,2025-07-24T14:32:31Z,2024,2024-01-01,2024-12-31
167874,TOBACCO_MPOWER_M1_TOBACCOUSESMOKING,COUNTRY,PLW,WPR,Western Pacific,YEAR,2024,TOBACCO_INDICATOR,TOBACCO_INDICATOR_Adult_survey_title,,,,,,,NCD Hybrid Survey,,,,,2025-07-24T14:32:31Z,2024,2024-01-01,2024-12-31
175778,TOBACCO_MPOWER_M1_TOBACCOUSESMOKING,COUNTRY,NGA,AFR,Africa,YEAR,2024,TOBACCO_INDICATOR,TOBACCO_INDICATOR_Adult_svy_national,,,,,,,National,,,,,2025-07-24T14:32:31Z,2024,2024-01-01,2024-12-31
177455,TOBACCO_MPOWER_M1_TOBACCOUSESMOKING,COUNTRY,PRY,AMR,Americas,YEAR,2024,TOBACCO_INDICATOR,TOBACCO_INDICATOR_Adult_svy_yr,,,,,,,2022,,,,,2026-01-26T16:07:43Z,2024,2024-01-01,2024-12-31
181177,TOBACCO_MPOWER_M1_TOBACCOUSESMOKING,COUNTRY,DMA,AMR,Americas,YEAR,2024,TOBACCO_INDICATOR,TOBACCO_INDICATOR_Adult_svy_age_range,,,,,,,15-64,,,,,2025-07-24T14:32:31Z,2024,2024-01-01,2024-12-31
181799,TOBACCO_MPOWER_M1_TOBACCOUSESMOKING,COUNTRY,SYR,EMR,Eastern Mediterranean,YEAR,2024,TOBACCO_INDICATOR,TOBACCO_INDICATOR_Adult_survey_title,,,,,,,National Survey on non-communicable diseases and factors affecting their development,,,,,2025-07-24T14:32:31Z,2024,2024-01-01,2024-12-31
204868,TOBACCO_MPOWER_M1_TOBACCOUSESMOKING,COUNTRY,PRT,EUR,Europe,YEAR,2024,TOBACCO_INDICATOR,TOBACCO_INDICATOR_Adult_survey_title,,,,,,,Inquérito Nacional ao Consumo de Substâncias Psicoactivas na População Portuguesa,,,,,2025-07-24T14:32:31Z,2024,2024-01-01,2024-12-31
241413,TOBACCO_MPOWER_M1_TOBACCOUSESMOKING,COUNTRY,CAN,AMR,Americas,YEAR,2024,TOBACCO_INDICATOR,TOBACCO_INDICATOR_Adult_svy_national,,,,,,,National,,,,,2025-07-24T14:32:31Z,2024,2024-01-01,2024-12-31
247691,TOBACCO_MPOWER_M1_TOBACCOUSESMOKING,COUNTRY,POL,EUR,Europe,YEAR,2024,TOBACCO_INDICATOR,TOBACCO_INDICATOR_Adult_svy_age_range,,,,,,,18+,,,,,2025-07-24T14:32:31Z,2024,2024-01-01,2024-12-31
251986,TOBACCO_MPOWER_M1_TOBACCOUSESMOKING,COUNTRY,RUS,EUR,Europe,YEAR,2024,TOBACCO_INDICATOR,TOBACCO_INDICATOR_Adult_svy_national,,,,,,,National,,,,,2025-07-24T14:32:31Z,2024,2024-01-01,2024-12-31
255807,TOBACCO_MPOWER_M1_TOBACCOUSESMOKING,COUNTRY,CAN,AMR,Americas,YEAR,2024,TOBACCO_INDICATOR,TOBACCO_INDICATOR_Adult_svy_age_range,,,,,,,18+,,,,,2025-07-24T14:32:31Z,2024,2024-01-01,2024-12-31
256541,TOBACCO_MPOWER_M1_TOBACCOUSESMOKING,COUNTRY,TCD,AFR,Africa,YEAR,2024,TOBACCO_INDICATOR,TOBACCO_INDICATOR_Adult_survey_title,,,,,,,Demographic and Health Survey,,,,,2025-07-24T14:32:31Z,2024,2024-01-01,2024-12-31
271755,TOBACCO_MPOWER_M1_TOBACCOUSESMOKING,COUNTRY,KGZ,EUR,Europe,YEAR,2024,TOBACCO_INDICATOR,TOBACCO_INDICATOR_Adult_svy_age_range,,,,,,,18-69,,,,,2025-07-24T14:32:31Z,2024,2024-01-01,2024-12-31
278299,TOBACCO_MPOWER_M1_TOBACCOUSESMOKING,COUNTRY,JOR,EMR,Eastern Mediterranean,YEAR,2024,TOBACCO_INDICATOR,TOBACCO_INDICATOR_Adult_svy_yr,,,,,,,2023,,,,,2026-01-26T16:07:43Z,2024,2024-01-01,2024-12-31
282137,TOBACCO_MPOWER_M1_TOBACCOUSESMOKING,COUNTRY,MNE,EUR,Europe,YEAR,2024,TOBACCO_INDICATOR,TOBACCO_INDICATOR_Adult_svy_national,,,,,,,National,,,,,2025-07-24T14:32:31Z,2024,2024-01-01,2024-12-31
305671,TOBACCO_MPOWER_M1_TOBACCOUSESMOKING,COUNTRY,MNE,EUR,Europe,YEAR,2024,TOBACCO_INDICATOR,TOBACCO_INDICATOR_Adult_svy_yr,,,,,,,2019,,,,,2026-01-26T16:07:43Z,2024,2024-01-01,2024-12-31
327411,TOBACCO_MPOWER_M1_TOBACCOUSESMOKING,COUNTRY,TUR,EUR,Europe,YEAR,2024,TOBACCO_INDICATOR,TOBACCO_INDICATOR_Adult_svy_national,,,,,,,National,,,,,2025-07-24T14:32:31Z,2024,2024-01-01,2024-12-31
341705,TOBACCO_MPOWER_M1_TOBACCOUSESMOKING,COUNTRY,LSO,AFR,Africa,YEAR,2024,TOBACCO_INDICATOR,TOBACCO_INDICATOR_Adult_survey_title,,,,,,,Demographic and Health Survey,,,,,2025-07-24T14:32:31Z,2024,2024-01-01,2024-12-31
342100,TOBACCO_MPOWER_M1_TOBACCOUSESMOKING,COUNTRY,BEN,AFR,Africa,YEAR,2024,TOBACCO_INDICATOR,TOBACCO_INDICATOR_Adult_survey_title,,,,,,,L'Enquete STEPS Au Benin,,,,,2025-07-24T14:32:31Z,2024,2024-01-01,2024-12-31
350805,TOBACCO_MPOWER_M1_TOBACCOUSESMOKING,COUNTRY,BGR,EUR,Europe,YEAR,2024,TOBACCO_INDICATOR,TOBACCO_INDICATOR_Adult_svy_national,,,,,,,National,,,,,2025-07-24T14:32:31Z,2024,2024-01-01,2024-12-31
365476,TOBACCO_MPOWER_M1_TOBACCOUSESMOKING,COUNTRY,NPL,SEAR,South-East Asia,YEAR,2024,TOBACCO_INDICATOR,TOBACCO_INDICATOR_Adult_svy_yr,,,,,,,2022,,,,,2026-01-26T16:07:43Z,2024,2024-01-01,2024-12-31
367929,TOBACCO_MPOWER_M1_TOBACCOUSESMOKING,COUNTRY,BIH,EUR,Europe,YEAR,2024,TOBACCO_INDICATOR,TOBACCO_INDICATOR_Adult_svy_national,,,,,,,Federal,,,,,2025-07-24T14:32:31Z,2024,2024-01-01,2024-12-31
368179,TOBACCO_MPOWER_M1_TOBACCOUSESMOKING,COUNTRY,KAZ,EUR,Europe,YEAR,2024,TOBACCO_INDICATOR,TOBACCO_INDICATOR_Adult_survey_title,,,,,,,Tobacco consumption by the adult population in the Republic of Kazakhstan,,,,,2025-07-24T14:32:31Z,2024,2024-01-01,2024-12-31
374656,TOBACCO_MPOWER_M1_TOBACCOUSESMOKING,COUNTRY,CIV,AFR,Africa,YEAR,2024,TOBACCO_INDICATOR,TOBACCO_INDICATOR_Adult_svy_yr,,,,,,,2021,,,,,2026-01-26T16:07:43Z,2024,2024-01-01,2024-12-31
402643,TOBACCO_MPOWER_M1_TOBACCOUSESMOKING,COUNTRY,EGY,EMR,Eastern Mediterranean,YEAR,2024,TOBACCO_INDICATOR,TOBACCO_INDICATOR_Adult_survey_title,,,,,,,STEPS Survey,,,,,2025-07-24T14:32:31Z,2024,2024-01-01,2024-12-31
402964,TOBACCO_MPOWER_M1_TOBACCOUSESMOKING,COUNTRY,BRB,AMR,Americas,YEAR,2024,TOBACCO_INDICATOR,TOBACCO_INDICATOR_Adult_svy_national,,,,,,,National,,,,,2025-07-24T14:32:31Z,2024,2024-01-01,2024-12-31
405593,TOBACCO_MPOWER_M1_TOBACCOUSESMOKING,COUNTRY,LVA,EUR,Europe,YEAR,2024,TOBACCO_INDICATOR,TOBACCO_INDICATOR_Adult_svy_age_range,,,,,,,15-74,,,,,2025-07-24T14:32:31Z,2024,2024-01-01,2024-12-31
425575,TOBACCO_MPOWER_M1_TOBACCOUSESMOKING,COUNTRY,USA,AMR,Americas,YEAR,2024,TOBACCO_INDICATOR,TOBACCO_INDICATOR_Adult_svy_yr,,,,,,,2023,,,,,2026-01-26T16:07:43Z,2024,2024-01-01,2024-12-31
440494,TOBACCO_MPOWER_M1_TOBACCOUSESMOKING,COUNTRY,GAB,AFR,Africa,YEAR,2024,TOBACCO_INDICATOR,TOBACCO_INDICATOR_Adult_svy_national,,,,,,,National,,,,,2025-07-24T14:32:31Z,2024,2024-01-01,2024-12-31
450729,TOBACCO_MPOWER_M1_TOBACCOUSESMOKING,COUNTRY,THA,SEAR,South-East Asia,YEAR,2024,TOBACCO_INDICATOR,TOBACCO_INDICATOR_Adult_svy_age_range,,,,,,,15+,,,,,2025-07-24T14:32:31Z,2024,2024-01-01,2024-12-31
451692,TOBACCO_MPOWER_M1_TOBACCOUSESMOKING,COUNTRY,MWI,AFR,Africa,YEAR,2024,TOBACCO_INDICATOR,TOBACCO_INDICATOR_Adult_svy_national,,,,,,,National,,,,,2025-07-24T14:32:31Z,2024,2024-01-01,2024-12-31
473840,TOBACCO_MPOWER_M1_TOBACCOUSESMOKING,COUNTRY,STP,AFR,Africa,YEAR,2024,TOBACCO_INDICATOR,TOBACCO_INDICATOR_Adult_svy_age_range,,,,,,,15-69,,,,,2025-07-24T14:32:31Z,2024,2024-01-01,2024-12-31
498987,TOBACCO_MPOWER_M1_TOBACCOUSESMOKING,COUNTRY,IDN,WPR,Western Pacific,YEAR,2024,TOBACCO_INDICATOR,TOBACCO_INDICATOR_Adult_svy_yr,,,,,,,2023,,,,,2026-01-26T16:07:43Z,2024,2024-01-01,2024-12-31
522623,TOBACCO_MPOWER_M1_TOBACCOUSESMOKING,COUNTRY,ESP,EUR,Europe,YEAR,2024,TOBACCO_INDICATOR,TOBACCO_INDICATOR_Adult_svy_national,,,,,,,National,,,,,2025-07-24T14:32:31Z,2024,2024-01-01,2024-12-31
542442,TOBACCO_MPOWER_M1_TOBACCOUSESMOKING,COUNTRY,CIV,AFR,Africa,YEAR,2024,TOBACCO_INDICATOR,TOBACCO_INDICATOR_Adult_svy_national,,,,,,,National,,,,,2025-07-24T14:32:31Z,2024,2024-01-01,2024-12-31
559806,TOBACCO_MPOWER_M1_TOBACCOUSESMOKING,COUNTRY,LBR,AFR,Africa,YEAR,2024,TOBACCO_INDICATOR,TOBACCO_INDICATOR_Adult_survey_title,,,,,,,Demographic and Health Survey,,,,,2025-07-24T14:32:31Z,2024,2024-01-01,2024-12-31
585036,TOBACCO_MPOWER_M1_TOBACCOUSESMOKING,COUNTRY,DOM,AMR,Americas,YEAR,2024,TOBACCO_INDICATOR,TOBACCO_INDICATOR_Adult_svy_national,,,,,,,National,,,,,2025-07-24T14:32:31Z,2024,2024-01-01,2024-12-31
592205,TOBACCO_MPOWER_M1_TOBACCOUSESMOKING,COUNTRY,STP,AFR,Africa,YEAR,2024,TOBACCO_INDICATOR,TOBACCO_INDICATOR_Adult_survey_title,,,,,,,Sao Tomé et Principe Enquête STEPS,,,,,2025-07-24T14:32:31Z,2024,2024-01-01,2024-12-31
636851,TOBACCO_MPOWER_M1_TOBACCOUSESMOKING,COUNTRY,COK,WPR,Western Pacific,YEAR,2024,TOBACCO_INDICATOR,TOBACCO_INDICATOR_Adult_survey_title,,,,,,,STEPS Survey,,,,,2025-07-24T14:32:31Z,2024,2024-01-01,2024-12-31
659508,TOBACCO_MPOWER_M1_TOBACCOUSESMOKING,COUNTRY,GMB,AFR,Africa,YEAR,2024,TOBACCO_INDICATOR,TOBACCO_INDICATOR_Adult_svy_national,,,,,,,National,,,,,2025-07-24T14:32:31Z,2024,2024-01-01,2024-12-31
670384,TOBACCO_MPOWER_M1_TOBACCOUSESMOKING,COUNTRY,MEX,AMR,Americas,YEAR,2024,TOBACCO_INDICATOR,TOBACCO_INDICATOR_Adult_svy_national,,,,,,,National,,,,,2025-07-24T14:32:31Z,2024,2024-01-01,2024-12-31
688357,TOBACCO_MPOWER_M1_TOBACCOUSESMOKING,COUNTRY,ZMB,AFR,Africa,YEAR,2024,TOBACCO_INDICATOR,TOBACCO_INDICATOR_Adult_survey_title,,,,,,,Demographic and Health Survey,,,,,2025-07-24T14:32:31Z,2024,2024-01-01,2024-12-31
689125,TOBACCO_MPOWER_M1_TOBACCOUSESMOKING,COUNTRY,DZA,AFR,Africa,YEAR,2024,TOBACCO_INDICATOR,TOBACCO_INDICATOR_Adult_svy_national,,,,,,,National,,,,,2025-07-24T14:32:31Z,2024,2024-01-01,2024-12-31
693258,TOBACCO_MPOWER_M1_TOBACCOUSESMOKING,COUNTRY,KHM,WPR,Western Pacific,YEAR,2024,TOBACCO_INDICATOR,TOBACCO_INDICATOR_Adult_svy_yr,,,,,,,2021,,,,,2026-01-26T16:07:43Z,2024,2024-01-01,2024-12-31
747849,TOBACCO_MPOWER_M1_TOBACCOUSESMOKING,COUNTRY,DMA,AMR,Americas,YEAR,2024,TOBACCO_INDICATOR,TOBACCO_INDICATOR_Adult_survey_title,,,,,,,Dominica STEPS Survey,,,,,2025-07-24T14:32:31Z,2024,2024-01-01,2024-12-31
755309,TOBACCO_MPOWER_M1_TOBACCOUSESMOKING,COUNTRY,TTO,AMR,Americas,YEAR,2024,TOBACCO_INDICATOR,TOBACCO_INDICATOR_Adult_svy_age_range,,,,,,,15-64,,,,,2025-07-24T14:32:31Z,2024,2024-01-01,2024-12-31
761484,TOBACCO_MPOWER_M1_TOBACCOUSESMOKING,COUNTRY,ISR,EUR,Europe,YEAR,2024,TOBACCO_INDICATOR,TOBACCO_INDICATOR_Adult_survey_title,,,,,,,National Health Interview Survey (INHIS-4),,,,,2025-07-24T14:32:31Z,2024,2024-01-01,2024-12-31
794560,TOBACCO_MPOWER_M1_TOBACCOUSESMOKING,COUNTRY,BWA,AFR,Africa,YEAR,2024,TOBACCO_INDICATOR,TOBACCO_INDICATOR_Adult_svy_national,,,,,,,National,,,,,2025-07-24T14:32:31Z,2024,2024-01-01,2024-12-31
821141,TOBACCO_MPOWER_M1_TOBACCOUSESMOKING,COUNTRY,HTI,AMR,Americas,YEAR,2024,TOBACCO_INDICATOR,TOBACCO_INDICATOR_Adult_svy_national,,,,,,,National,,,,,2025-07-24T14:32:31Z,2024,2024-01-01,2024-12-31
824346,TOBACCO_MPOWER_M1_TOBACCOUSESMOKING,COUNTRY,GHA,AFR,Africa,YEAR,2024,TOBACCO_INDICATOR,TOBACCO_INDICATOR_Adult_svy_age_range,,,,,,,15-59 (men) 15-49 (women),,,,,2025-07-24T14:32:31Z,2024,2024-01-01,2024-12-31
834654,TOBACCO_MPOWER_M1_TOBACCOUSESMOKING,COUNTRY,BLR,EUR,Europe,YEAR,2024,TOBACCO_INDICATOR,TOBACCO_INDICATOR_Adult_svy_yr,,,,,,,2023,,,,,2026-01-26T16:07:43Z,2024,2024-01-01,2024-12-31
836220,TOBACCO_MPOWER_M1_TOBACCOUSESMOKING,COUNTRY,RWA,AFR,Africa,YEAR,2024,TOBACCO_INDICATOR,TOBACCO_INDICATOR_Adult_survey_title,,,,,,,Rwanda STEPS,,,,,2025-07-24T14:32:31Z,2024,2024-01-01,2024-12-31
851273,TOBACCO_MPOWER_M1_TOBACCOUSESMOKING,COUNTRY,FIN,EUR,Europe,YEAR,2024,TOBACCO_INDICATOR,TOBACCO_INDICATOR_Adult_svy_yr,,,,,,,2022,,,,,2026-01-26T16:07:43Z,2024,2024-01-01,2024-12-31
851602,TOBACCO_MPOWER_M1_TOBACCOUSESMOKING,COUNTRY,NGA,AFR,Africa,YEAR,2024,TOBACCO_INDICATOR,TOBACCO_INDICATOR_Adult_survey_title,,,,,,,Demographic and Health Survey,,,,,2025-07-24T14:32:31Z,2024,2024-01-01,2024-12-31
852846,TOBACCO_MPOWER_M1_TOBACCOUSESMOKING,COUNTRY,NLD,EUR,Europe,YEAR,2024,TOBACCO_INDICATOR,TOBACCO_INDICATOR_Adult_svy_yr,,,,,,,2023,,,,,2026-01-26T16:07:43Z,2024,2024-01-01,2024-12-31
929218,TOBACCO_MPOWER_M1_TOBACCOUSESMOKING,COUNTRY,TUN,EMR,Eastern Mediterranean,YEAR,2024,TOBACCO_INDICATOR,TOBACCO_INDICATOR_Adult_svy_yr,,,,,,,2023,,,,,2026-01-26T16:07:43Z,2024,2024-01-01,2024-12-31
947409,TOBACCO_MPOWER_M1_TOBACCOUSESMOKING,COUNTRY,AZE,EUR,Europe,YEAR,2024,TOBACCO_INDICATOR,TOBACCO_INDICATOR_Adult_svy_age_range,,,,,,,15+,,,,,2025-07-24T14:32:31Z,2024,2024-01-01,2024-12-31
956528,TOBACCO_MPOWER_M1_TOBACCOUSESMOKING,COUNTRY,LAO,WPR,Western Pacific,YEAR,2024,TOBACCO_INDICATOR,TOBACCO_INDICATOR_Adult_survey_title,,,,,,,Multiple Indicator Cluster Survey (MICS),,,,,2025-07-24T14:32:31Z,2024,2024-01-01,2024-12-31
992696,TOBACCO_MPOWER_M1_TOBACCOUSESMOKING,COUNTRY,SRB,EUR,Europe,YEAR,2024,TOBACCO_INDICATOR,TOBACCO_INDICATOR_Adult_survey_title,,,,,,,Survey on psychoactive substance use and gambling among adults,,,,,2025-07-24T14:32:31Z,2024,2024-01-01,2024-12-31
994796,TOBACCO_MPOWER_M1_TOBACCOUSESMOKING,COUNTRY,TUV,WPR,Western Pacific,YEAR,2024,TOBACCO_INDICATOR,TOBACCO_INDICATOR_Adult_svy_national,,,,,,,National,,,,,2025-07-24T14:32:31Z,2024,2024-01-01,2024-12-31
1013302,TOBACCO_MPOWER_M1_TOBACCOUSESMOKING,COUNTRY,DNK,EUR,Europe,YEAR,2024,TOBACCO_INDICATOR,TOBACCO_INDICATOR_Adult_survey_title,,,,,,,National Health Survey,,,,,2025-07-24T14:32:31Z,2024,2024-01-01,2024-12-31
1016574,TOBACCO_MPOWER_M1_TOBACCOUSESMOKING,COUNTRY,GIN,AFR,Africa,YEAR,2024,TOBACCO_INDICATOR,TOBACCO_INDICATOR_Adult_svy_national,,,,,,,National,,,,,2025-07-24T14:32:31Z,2024,2024-01-01,2024-12-31
1047411,TOBACCO_MPOWER_M1_TOBACCOUSESMOKING,COUNTRY,KEN,AFR,Africa,YEAR,2024,TOBACCO_INDICATOR,TOBACCO_INDICATOR_Adult_svy_age_range,,,,,,,15-54 (men) 15-49 (women),,,,,2025-07-24T14:32:31Z,2024,2024-01-01,2024-12-31
1064500,TOBACCO_MPOWER_M1_TOBACCOUSESMOKING,COUNTRY,DZA,AFR,Africa,YEAR,2024,TOBACCO_INDICATOR,TOBACCO_INDICATOR_Adult_survey_title,,,,,,,Enquête STEPS,,,,,2025-07-24T14:32:31Z,2024,2024-01-01,2024-12-31
1078302,TOBACCO_MPOWER_M1_TOBACCOUSESMOKING,COUNTRY,BEL,EUR,Europe,YEAR,2024,TOBACCO_INDICATOR,TOBACCO_INDICATOR_Adult_svy_yr,,,,,,,2022,,,,,2026-01-26T16:07:43Z,2024,2024-01-01,2024-12-31
1086702,TOBACCO_MPOWER_M1_TOBACCOUSESMOKING,COUNTRY,NGA,AFR,Africa,YEAR,2024,TOBACCO_INDICATOR,TOBACCO_INDICATOR_Adult_svy_yr,,,,,,,2018,,,,,2026-01-26T16:07:43Z,2024,2024-01-01,2024-12-31
1089107,TOBACCO_MPOWER_M1_TOBACCOUSESMOKING,COUNTRY,SLB,WPR,Western Pacific,YEAR,2024,TOBACCO_INDICATOR,TOBACCO_INDICATOR_Adult_survey_title,,,,,,,STEPS Survey,,,,,2025-07-24T14:32:31Z,2024,2024-01-01,2024-12-31
1125429,TOBACCO_MPOWER_M1_TOBACCOUSESMOKING,COUNTRY,TUN,EMR,Eastern Mediterranean,YEAR,2024,TOBACCO_INDICATOR,TOBACCO_INDICATOR_Adult_svy_age_range,,,,,,,15-49,,,,,2025-07-24T14:32:31Z,2024,2024-01-01,2024-12-31
1161836,TOBACCO_MPOWER_M1_TOBACCOUSESMOKING,COUNTRY,KGZ,EUR,Europe,YEAR,2024,TOBACCO_INDICATOR,TOBACCO_INDICATOR_Adult_survey_title,,,,,,,STEPS,,,,,2025-07-24T14:32:31Z,2024,2024-01-01,2024-12-31
1166079,TOBACCO_MPOWER_M1_TOBACCOUSESMOKING,COUNTRY,BDI,AFR,Africa,YEAR,2024,TOBACCO_INDICATOR,TOBACCO_INDICATOR_Adult_svy_national,,,,,,,National,,,,,2025-07-24T14:32:31Z,2024,2024-01-01,2024-12-31
1185860,TOBACCO_MPOWER_M1_TOBACCOUSESMOKING,COUNTRY,TUV,WPR,Western Pacific,YEAR,2024,TOBACCO_INDICATOR,TOBACCO_INDICATOR_Adult_survey_title,,,,,,,Multiple Indicator Cluster Survey (MICS),,,,,2025-07-24T14:32:31Z,2024,2024-01-01,2024-12-31
1201048,TOBACCO_MPOWER_M1_TOBACCOUSESMOKING,COUNTRY,SOM,EMR,Eastern Mediterranean,YEAR,2024,TOBACCO_INDICATOR,TOBACCO_INDICATOR_Adult_svy_national,,,,,,,. . .,,,,,2025-07-24T14:32:31Z,2024,2024-01-01,2024-12-31
1226556,TOBACCO_MPOWER_M1_TOBACCOUSESMOKING,COUNTRY,PAK,EMR,Eastern Mediterranean,YEAR,2024,TOBACCO_INDICATOR,TOBACCO_INDICATOR_Adult_svy_yr,,,,,,,2017-18,,,,,2026-01-26T16:07:43Z,2024,2024-01-01,2024-12-31
1245059,TOBACCO_MPOWER_M1_TOBACCOUSESMOKING,COUNTRY,LTU,EUR,Europe,YEAR,2024,TOBACCO_INDICATOR,TOBACCO_INDICATOR_Adult_svy_yr,,,,,,,2021,,,,,2026-01-26T16:07:43Z,2024,2024-01-01,2024-12-31
1251485,TOBACCO_MPOWER_M1_TOBACCOUSESMOKING,COUNTRY,SGP,WPR,Western Pacific,YEAR,2024,TOBACCO_INDICATOR,TOBACCO_INDICATOR_Adult_svy_age_range,,,,,,,18-74,,,,,2025-07-24T14:32:31Z,2024,2024-01-01,2024-12-31
1280692,TOBACCO_MPOWER_M1_TOBACCOUSESMOKING,COUNTRY,SDN,EMR,Eastern Mediterranean,YEAR,2024,TOBACCO_INDICATOR,TOBACCO_INDICATOR_Adult_svy_national,,,,,,,National,,,,,2025-07-24T14:32:31Z,2024,2024-01-01,2024-12-31
1284382,TOBACCO_MPOWER_M1_TOBACCOUSESMOKING,COUNTRY,SAU,EMR,Eastern Mediterranean,YEAR,2024,TOBACCO_INDICATOR,TOBACCO_INDICATOR_Adult_svy_national,,,,,,,National,,,,,2025-07-24T14:32:31Z,2024,2024-01-01,2024-12-31
1286070,TOBACCO_MPOWER_M1_TOBACCOUSESMOKING,COUNTRY,GNB,AFR,Africa,YEAR,2024,TOBACCO_INDICATOR,TOBACCO_INDICATOR_Adult_svy_age_range,,,,,,,15-49,,,,,2025-07-24T14:32:31Z,2024,2024-01-01,2024-12-31
1288591,TOBACCO_MPOWER_M1_TOBACCOUSESMOKING,COUNTRY,GRC,EUR,Europe,YEAR,2024,TOBACCO_INDICATOR,TOBACCO_INDICATOR_Adult_svy_national,,,,,,,National,,,,,2025-07-24T14:32:31Z,2024,2024-01-01,2024-12-31
1301825,TOBACCO_MPOWER_M1_TOBACCOUSESMOKING,COUNTRY,TGO,AFR,Africa,YEAR,2024,TOBACCO_INDICATOR,TOBACCO_INDICATOR_Adult_svy_age_range,,,,,,,18-69,,,,,2025-07-24T14:32:31Z,2024,2024-01-01,2024-12-31
1318430,TOBACCO_MPOWER_M1_TOBACCOUSESMOKING,COUNTRY,BFA,AFR,Africa,YEAR,2024,TOBACCO_INDICATOR,TOBACCO_INDICATOR_Adult_svy_age_range,,,,,,,18-69,,,,,2025-07-24T14:32:31Z,2024,2024-01-01,2024-12-31
1337888,TOBACCO_MPOWER_M1_TOBACCOUSESMOKING,COUNTRY,SYC,AFR,Africa,YEAR,2024,TOBACCO_INDICATOR,TOBACCO_INDICATOR_Adult_svy_yr,,,,,,,2023,,,,,2026-01-26T16:07:43Z,2024,2024-01-01,2024-12-31
1343879,TOBACCO_MPOWER_M1_TOBACCOUSESMOKING,COUNTRY,ISR,EUR,Europe,YEAR,2024,TOBACCO_INDICATOR,TOBACCO_INDICATOR_Adult_svy_national,,,,,,,National,,,,,2025-07-24T14:32:31Z,2024,2024-01-01,2024-12-31
1379738,TOBACCO_MPOWER_M1_TOBACCOUSESMOKING,COUNTRY,LVA,EUR,Europe,YEAR,2024,TOBACCO_INDICATOR,TOBACCO_INDICATOR_Adult_svy_national,,,,,,,National,,,,,2025-07-24T14:32:31Z,2024,2024-01-01,2024-12-31
1392912,TOBACCO_MPOWER_M1_TOBACCOUSESMOKING,COUNTRY,ATG,AMR,Americas,YEAR,2024,TOBACCO_INDICATOR,TOBACCO_INDICATOR_Adult_svy_national,,,,,,,. . .,,,,,2025-07-24T14:32:31Z,2024,2024-01-01,2024-12-31
1416955,TOBACCO_MPOWER_M1_TOBACCOUSESMOKING,COUNTRY,AZE,EUR,Europe,YEAR,2024,TOBACCO_INDICATOR,TOBACCO_INDICATOR_Adult_svy_yr,,,,,,,2023,,,,,2026-01-26T16:07:43Z,2024,2024-01-01,2024-12-31
1429586,TOBACCO_MPOWER_M1_TOBACCOUSESMOKING,COUNTRY,GEO,EUR,Europe,YEAR,2024,TOBACCO_INDICATOR,TOBACCO_INDICATOR_Adult_svy_age_range,,,,,,,18+,,,,,2025-07-24T14:32:31Z,2024,2024-01-01,2024-12-31
1432778,TOBACCO_MPOWER_M1_TOBACCOUSESMOKING,COUNTRY,HRV,EUR,Europe,YEAR,2024,TOBACCO_INDICATOR,TOBACCO_INDICATOR_Adult_svy_yr,,,,,,,2023,,,,,2026-01-26T16:07:43Z,2024,2024-01-01,2024-12-31
1447942,TOBACCO_MPOWER_M1_TOBACCOUSESMOKING,COUNTRY,TON,WPR,Western Pacific,YEAR,2024,TOBACCO_INDICATOR,TOBACCO_INDICATOR_Adult_svy_age_range,,,,,,,15-49,,,,,2025-07-24T14:32:31Z,2024,2024-01-01,2024-12-31
1454248,TOBACCO_MPOWER_M1_TOBACCOUSESMOKING,COUNTRY,KWT,EMR,Eastern Mediterranean,YEAR,2024,TOBACCO_INDICATOR,TOBACCO_INDICATOR_Adult_svy_age_range,,,,,,,18-69,,,,,2025-07-24T14:32:31Z,2024,2024-01-01,2024-12-31
1456639,TOBACCO_MPOWER_M1_TOBACCOUSESMOKING,COUNTRY,ARG,AMR,Americas,YEAR,2024,TOBACCO_INDICATOR,TOBACCO_INDICATOR_Adult_svy_yr,,,,,,,2022,,,,,2026-01-26T16:07:43Z,2024,2024-01-01,2024-12-31
1462037,TOBACCO_MPOWER_M1_TOBACCOUSESMOKING,COUNTRY,ZAF,AFR,Africa,YEAR,2024,TOBACCO_INDICATOR,TOBACCO_INDICATOR_Adult_svy_age_range,,,,,,,15+,,,,,2025-07-24T14:32:31Z,2024,2024-01-01,2024-12-31
1464071,TOBACCO_MPOWER_M1_TOBACCOUSESMOKING,COUNTRY,PNG,WPR,Western Pacific,YEAR,2024,TOBACCO_INDICATOR,TOBACCO_INDICATOR_Adult_survey_title,,,,,,,Demographic and Health Survey,,,,,2025-07-24T14:32:31Z,2024,2024-01-01,2024-12-31
1473966,TOBACCO_MPOWER_M1_TOBACCOUSESMOKING,COUNTRY,LKA,SEAR,South-East Asia,YEAR,2024,TOBACCO_INDICATOR,TOBACCO_INDICATOR_Adult_svy_age_range,,,,,,,18-69,,,,,2025-07-24T14:32:31Z,2024,2024-01-01,2024-12-31
1477550,TOBACCO_MPOWER_M1_TOBACCOUSESMOKING,COUNTRY,AND,EUR,Europe,YEAR,2024,TOBACCO_INDICATOR,TOBACCO_INDICATOR_Adult_svy_yr,,,,,,,2017-18,,,,,2026-01-26T16:07:43Z,2024,2024-01-01,2024-12-31
1486321,TOBACCO_MPOWER_M1_TOBACCOUSESMOKING,COUNTRY,SVK,EUR,Europe,YEAR,2024,TOBACCO_INDICATOR,TOBACCO_INDICATOR_Adult_svy_yr,,,,,,,2019,,,,,2026-01-26T16:07:43Z,2024,2024-01-01,2024-12-31
1487676,TOBACCO_MPOWER_M1_TOBACCOUSESMOKING,COUNTRY,PAN,AMR,Americas,YEAR,2024,TOBACCO_INDICATOR,TOBACCO_INDICATOR_Adult_survey_title,,,,,,,Encuesta Nacional de Salud,,,,,2025-07-24T14:32:31Z,2024,2024-01-01,2024-12-31
1525482,TOBACCO_MPOWER_M1_TOBACCOUSESMOKING,COUNTRY,ARM,EUR,Europe,YEAR,2024,TOBACCO_INDICATOR,TOBACCO_INDICATOR_Adult_survey_title,,,,,,,Health System Performance Assessment Survey,,,,,2025-07-24T14:32:31Z,2024,2024-01-01,2024-12-31
1526182,TOBACCO_MPOWER_M1_TOBACCOUSESMOKING,COUNTRY,SVN,EUR,Europe,YEAR,2024,TOBACCO_INDICATOR,TOBACCO_INDICATOR_Adult_svy_national,,,,,,,National,,,,,2025-07-24T14:32:31Z,2024,2024-01-01,2024-12-31
1526984,TOBACCO_MPOWER_M1_TOBACCOUSESMOKING,COUNTRY,JAM,AMR,Americas,YEAR,2024,TOBACCO_INDICATOR,TOBACCO_INDICATOR_Adult_survey_title,,,,,,,Health and Lifestyle Survey III,,,,,2025-07-24T14:32:31Z,2024,2024-01-01,2024-12-31
1545310,TOBACCO_MPOWER_M1_TOBACCOUSESMOKING,COUNTRY,HND,AMR,Americas,YEAR,2024,TOBACCO_INDICATOR,TOBACCO_INDICATOR_Adult_svy_age_range,,,,,,,15-49,,,,,2025-07-24T14:32:31Z,2024,2024-01-01,2024-12-31
1546678,TOBACCO_MPOWER_M1_TOBACCOUSESMOKING,COUNTRY,MEX,AMR,Americas,YEAR,2024,TOBACCO_INDICATOR,TOBACCO_INDICATOR_Adult_survey_title,,,,,,,Global Adult Tobacco Survey (GATS),,,,,2025-07-24T14:32:31Z,2024,2024-01-01,2024-12-31
1548222,TOBACCO_MPOWER_M1_TOBACCOUSESMOKING,COUNTRY,MMR,SEAR,South-East Asia,YEAR,2024,TOBACCO_INDICATOR,TOBACCO_INDICATOR_Adult_svy_age_range,,,,,,,15-49,,,,,2025-07-24T14:32:31Z,2024,2024-01-01,2024-12-31
1552513,TOBACCO_MPOWER_M1_TOBACCOUSESMOKING,COUNTRY,ECU,AMR,Americas,YEAR,2024,TOBACCO_INDICATOR,TOBACCO_INDICATOR_Adult_svy_yr,,,,,,,2018,,,,,2026-01-26T16:07:43Z,2024,2024-01-01,2024-12-31
1554792,TOBACCO_MPOWER_M1_TOBACCOUSESMOKING,COUNTRY,SWZ,AFR,Africa,YEAR,2024,TOBACCO_INDICATOR,TOBACCO_INDICATOR_Adult_svy_age_range,,,,,,,15-49,,,,,2025-07-24T14:32:31Z,2024,2024-01-01,2024-12-31
1556238,TOBACCO_MPOWER_M1_TOBACCOUSESMOKING,COUNTRY,ALB,EUR,Europe,YEAR,2024,TOBACCO_INDICATOR,TOBACCO_INDICATOR_Adult_svy_yr,,,,,,,2019,,,,,2026-01-26T16:07:43Z,2024,2024-01-01,2024-12-31
1565976,TOBACCO_MPOWER_M1_TOBACCOUSESMOKING,COUNTRY,IND,SEAR,South-East Asia,YEAR,2024,TOBACCO_INDICATOR,TOBACCO_INDICATOR_Adult_survey_title,,,,,,,National Family Health Survey,,,,,2025-07-24T14:32:31Z,2024,2024-01-01,2024-12-31
1573237,TOBACCO_MPOWER_M1_TOBACCOUSESMOKING,COUNTRY,HUN,EUR,Europe,YEAR,2024,TOBACCO_INDICATOR,TOBACCO_INDICATOR_Adult_survey_title,,,,,,,European Health Interview Survey,,,,,2025-07-24T14:32:31Z,2024,2024-01-01,2024-12-31
1618953,TOBACCO_MPOWER_M1_TOBACCOUSESMOKING,COUNTRY,MDV,SEAR,South-East Asia,YEAR,2024,TOBACCO_INDICATOR,TOBACCO_INDICATOR_Adult_svy_national,,,,,,,National,,,,,2025-07-24T14:32:31Z,2024,2024-01-01,2024-12-31
1622158,TOBACCO_MPOWER_M1_TOBACCOUSESMOKING,COUNTRY,ISL,EUR,Europe,YEAR,2024,TOBACCO_INDICATOR,TOBACCO_INDICATOR_Adult_survey_title,,,,,,,Tóbakskönnun by Gallup,,,,,2025-07-24T14:32:31Z,2024,2024-01-01,2024-12-31
1626601,TOBACCO_MPOWER_M1_TOBACCOUSESMOKING,COUNTRY,OMN,EMR,Eastern Mediterranean,YEAR,2024,TOBACCO_INDICATOR,TOBACCO_INDICATOR_Adult_survey_title,,,,,,,STEPS Survey,,,,,2025-07-24T14:32:31Z,2024,2024-01-01,2024-12-31
1650816,TOBACCO_MPOWER_M1_TOBACCOUSESMOKING,COUNTRY,BGR,EUR,Europe,YEAR,2024,TOBACCO_INDICATOR,TOBACCO_INDICATOR_Adult_survey_title,,,,,,,National Survey of Risk Factors for Health,,,,,2025-07-24T14:32:31Z,2024,2024-01-01,2024-12-31
1659721,TOBACCO_MPOWER_M1_TOBACCOUSESMOKING,COUNTRY,NLD,EUR,Europe,YEAR,2024,TOBACCO_INDICATOR,TOBACCO_INDICATOR_Adult_svy_age_range,,,,,,,18+,,,,,2025-07-24T14:32:31Z,2024,2024-01-01,2024-12-31
1677205,TOBACCO_MPOWER_M1_TOBACCOUSESMOKING,COUNTRY,TTO,AMR,Americas,YEAR,2024,TOBACCO_INDICATOR,TOBACCO_INDICATOR_Adult_svy_national,,,,,,,National,,,,,2025-07-24T14:32:31Z,2024,2024-01-01,2024-12-31
1681553,TOBACCO_MPOWER_M1_TOBACCOUSESMOKING,COUNTRY,KWT,EMR,Eastern Mediterranean,YEAR,2024,TOBACCO_INDICATOR,TOBACCO_INDICATOR_Adult_svy_national,,,,,,,National,,,,,2025-07-24T14:32:31Z,2024,2024-01-01,2024-12-31
1686807,TOBACCO_MPOWER_M1_TOBACCOUSESMOKING,COUNTRY,RUS,EUR,Europe,YEAR,2024,TOBACCO_INDICATOR,TOBACCO_INDICATOR_Adult_svy_age_range,,,,,,,15+,,,,,2025-07-24T14:32:31Z,2024,2024-01-01,2024-12-31
1696942,TOBACCO_MPOWER_M1_TOBACCOUSESMOKING,COUNTRY,FIN,EUR,Europe,YEAR,2024,TOBACCO_INDICATOR,TOBACCO_INDICATOR_Adult_svy_national,,,,,,,National,,,,,2025-07-24T14:32:31Z,2024,2024-01-01,2024-12-31
1699301,TOBACCO_MPOWER_M1_TOBACCOUSESMOKING,COUNTRY,MOZ,AFR,Africa,YEAR,2024,TOBACCO_INDICATOR,TOBACCO_INDICATOR_Adult_svy_age_range,,,,,,,15-54 (men) 15-49 (women),,,,,2025-07-24T14:32:31Z,2024,2024-01-01,2024-12-31
1721516,TOBACCO_MPOWER_M1_TOBACCOUSESMOKING,COUNTRY,ROU,EUR,Europe,YEAR,2024,TOBACCO_INDICATOR,TOBACCO_INDICATOR_Adult_svy_yr,,,,,,,2019,,,,,2026-01-26T16:07:43Z,2024,2024-01-01,2024-12-31
1732679,TOBACCO_MPOWER_M1_TOBACCOUSESMOKING,COUNTRY,LAO,WPR,Western Pacific,YEAR,2024,TOBACCO_INDICATOR,TOBACCO_INDICATOR_Adult_svy_national,,,,,,,National,,,,,2025-07-24T14:32:31Z,2024,2024-01-01,2024-12-31
1733758,TOBACCO_MPOWER_M1_TOBACCOUSESMOKING,COUNTRY,USA,AMR,Americas,YEAR,2024,TOBACCO_INDICATOR,TOBACCO_INDICATOR_Adult_svy_national,,,,,,,National,,,,,2025-07-24T14:32:31Z,2024,2024-01-01,2024-12-31
1762253,TOBACCO_MPOWER_M1_TOBACCOUSESMOKING,COUNTRY,LCA,AMR,Americas,YEAR,2024,TOBACCO_INDICATOR,TOBACCO_INDICATOR_Adult_svy_yr,,,,,,,2019-20,,,,,2026-01-26T16:07:43Z,2024,2024-01-01,2024-12-31
1780630,TOBACCO_MPOWER_M1_TOBACCOUSESMOKING,COUNTRY,SWE,EUR,Europe,YEAR,2024,TOBACCO_INDICATOR,TOBACCO_INDICATOR_Adult_svy_national,,,,,,,National,,,,,2025-07-24T14:32:31Z,2024,2024-01-01,2024-12-31
1796027,TOBACCO_MPOWER_M1_TOBACCOUSESMOKING,COUNTRY,PRK,SEAR,South-East Asia,YEAR,2024,TOBACCO_INDICATOR,TOBACCO_INDICATOR_Adult_svy_age_range,,,,,,,15+,,,,,2025-07-24T14:32:31Z,2024,2024-01-01,2024-12-31
1799659,TOBACCO_MPOWER_M1_TOBACCOUSESMOKING,COUNTRY,PLW,WPR,Western Pacific,YEAR,2024,TOBACCO_INDICATOR,TOBACCO_INDICATOR_Adult_svy_age_range,,,,,,,18+,,,,,2025-07-24T14:32:31Z,2024,2024-01-01,2024-12-31
1810623,TOBACCO_MPOWER_M1_TOBACCOUSESMOKING,COUNTRY,ROU,EUR,Europe,YEAR,2024,TOBACCO_INDICATOR,TOBACCO_INDICATOR_Adult_survey_title,,,,,,,European Health Interview Survey,,,,,2025-07-24T14:32:31Z,2024,2024-01-01,2024-12-31
1813552,TOBACCO_MPOWER_M1_TOBACCOUSESMOKING,COUNTRY,UZB,EUR,Europe,YEAR,2024,TOBACCO_INDICATOR,TOBACCO_INDICATOR_Adult_survey_title,,,,,,,Uzbekistan STEPS Survey,,,,,2025-07-24T14:32:31Z,2024,2024-01-01,2024-12-31
1849676,TOBACCO_MPOWER_M1_TOBACCOUSESMOKING,COUNTRY,ZWE,AFR,Africa,YEAR,2024,TOBACCO_INDICATOR,TOBACCO_INDICATOR_Adult_svy_age_range,,,,,,,15-54 (men) 15-49 (women),,,,,2025-07-24T14:32:31Z,2024,2024-01-01,2024-12-31
1856247,TOBACCO_MPOWER_M1_TOBACCOUSESMOKING,COUNTRY,COL,AMR,Americas,YEAR,2024,TOBACCO_INDICATOR,TOBACCO_INDICATOR_Adult_svy_age_range,,,,,,,12-65,24077,,,,2026-01-27T14:35:19Z,2024,2024-01-01,2024-12-31
1865700,TOBACCO_MPOWER_M1_TOBACCOUSESMOKING,COUNTRY,LBN,EMR,Eastern Mediterranean,YEAR,2024,TOBACCO_INDICATOR,TOBACCO_INDICATOR_Adult_survey_title,,,,,,,STEPS Survey,,,,,2025-07-24T14:32:31Z,2024,2024-01-01,2024-12-31
1880603,TOBACCO_MPOWER_M1_TOBACCOUSESMOKING,COUNTRY,BFA,AFR,Africa,YEAR,2024,TOBACCO_INDICATOR,TOBACCO_INDICATOR_Adult_svy_national,,,,,,,National,,,,,2025-07-24T14:32:31Z,2024,2024-01-01,2024-12-31
1904564,TOBACCO_MPOWER_M1_TOBACCOUSESMOKING,COUNTRY,SRB,EUR,Europe,YEAR,2024,TOBACCO_INDICATOR,TOBACCO_INDICATOR_Adult_svy_national,,,,,,,National,,,,,2025-07-24T14:32:31Z,2024,2024-01-01,2024-12-31
1910421,TOBACCO_MPOWER_M1_TOBACCOUSESMOKING,COUNTRY,TKM,EUR,Europe,YEAR,2024,TOBACCO_INDICATOR,TOBACCO_INDICATOR_Adult_svy_yr,,,,,,,2018,,,,,2026-01-26T16:07:43Z,2024,2024-01-01,2024-12-31
1917951,TOBACCO_MPOWER_M1_TOBACCOUSESMOKING,COUNTRY,GNQ,AFR,Africa,YEAR,2024,TOBACCO_INDICATOR,TOBACCO_INDICATOR_Adult_svy_yr,,,,,,,2011,,,,,2026-01-26T16:07:43Z,2024,2024-01-01,2024-12-31
1918792,TOBACCO_MPOWER_M1_TOBACCOUSESMOKING,COUNTRY,ERI,AFR,Africa,YEAR,2024,TOBACCO_INDICATOR,TOBACCO_INDICATOR_Adult_survey_title,,,,,,,Eritrea STEPS survey,,,,,2025-07-24T14:32:31Z,2024,2024-01-01,2024-12-31
1921893,TOBACCO_MPOWER_M1_TOBACCOUSESMOKING,COUNTRY,LKA,SEAR,South-East Asia,YEAR,2024,TOBACCO_INDICATOR,TOBACCO_INDICATOR_Adult_survey_title,,,,,,,STEPS Survey,,,,,2025-07-24T14:32:31Z,2024,2024-01-01,2024-12-31
1922117,TOBACCO_MPOWER_M1_TOBACCOUSESMOKING,COUNTRY,COM,AFR,Africa,YEAR,2024,TOBACCO_INDICATOR,TOBACCO_INDICATOR_Adult_svy_national,,,,,,,National,,,,,2025-07-24T14:32:31Z,2024,2024-01-01,2024-12-31
1946026,TOBACCO_MPOWER_M1_TOBACCOUSESMOKING,COUNTRY,PHL,WPR,Western Pacific,YEAR,2024,TOBACCO_INDICATOR,TOBACCO_INDICATOR_Adult_svy_yr,,,,,,,2021,,,,,2026-01-26T16:07:43Z,2024,2024-01-01,2024-12-31
1971267,TOBACCO_MPOWER_M1_TOBACCOUSESMOKING,COUNTRY,UGA,AFR,Africa,YEAR,2024,TOBACCO_INDICATOR,TOBACCO_INDICATOR_Adult_svy_age_range,,,,,,,15+,,,,,2025-07-24T14:32:31Z,2024,2024-01-01,2024-12-31
1980776,TOBACCO_MPOWER_M1_TOBACCOUSESMOKING,COUNTRY,MDG,AFR,Africa,YEAR,2024,TOBACCO_INDICATOR,TOBACCO_INDICATOR_Adult_svy_yr,,,,,,,2021,,,,,2026-01-26T16:07:43Z,2024,2024-01-01,2024-12-31
2003618,TOBACCO_MPOWER_M1_TOBACCOUSESMOKING,COUNTRY,SLB,WPR,Western Pacific,YEAR,2024,TOBACCO_INDICATOR,TOBACCO_INDICATOR_Adult_svy_national,,,,,,,National,,,,,2025-07-24T14:32:31Z,2024,2024-01-01,2024-12-31
2004597,TOBACCO_MPOWER_M1_TOBACCOUSESMOKING,COUNTRY,VUT,WPR,Western Pacific,YEAR,2024,TOBACCO_INDICATOR,TOBACCO_INDICATOR_Adult_svy_national,,,,,,,National,,,,,2025-07-24T14:32:31Z,2024,2024-01-01,2024-12-31
2013567,TOBACCO_MPOWER_M1_TOBACCOUSESMOKING,COUNTRY,PER,AMR,Americas,YEAR,2024,TOBACCO_INDICATOR,TOBACCO_INDICATOR_Adult_survey_title,,,,,,,Encuesta Demográfica y de Salud Familiar,,,,,2025-07-24T14:32:31Z,2024,2024-01-01,2024-12-31
2019732,TOBACCO_MPOWER_M1_TOBACCOUSESMOKING,COUNTRY,AND,EUR,Europe,YEAR,2024,TOBACCO_INDICATOR,TOBACCO_INDICATOR_Adult_survey_title,,,,,,,Enquesta nutricional d’Andorra,,,,,2025-07-24T14:32:31Z,2024,2024-01-01,2024-12-31
2038858,TOBACCO_MPOWER_M1_TOBACCOUSESMOKING,COUNTRY,CHN,WPR,Western Pacific,YEAR,2024,TOBACCO_INDICATOR,TOBACCO_INDICATOR_Adult_svy_age_range,,,,,,,15+,,,,,2025-07-24T14:32:31Z,2024,2024-01-01,2024-12-31
2043461,TOBACCO_MPOWER_M1_TOBACCOUSESMOKING,COUNTRY,ATG,AMR,Americas,YEAR,2024,TOBACCO_INDICATOR,TOBACCO_INDICATOR_Adult_survey_title,,,,,,,. . .,,,,,2025-07-24T14:32:31Z,2024,2024-01-01,2024-12-31
2046888,TOBACCO_MPOWER_M1_TOBACCOUSESMOKING,COUNTRY,MUS,AFR,Africa,YEAR,2024,TOBACCO_INDICATOR,TOBACCO_INDICATOR_Adult_survey_title,,,,,,,Mauritius Noncommunicable Disease Survey,,,,,2025-07-24T14:32:31Z,2024,2024-01-01,2024-12-31
2047064,TOBACCO_MPOWER_M1_TOBACCOUSESMOKING,COUNTRY,BHS,AMR,Americas,YEAR,2024,TOBACCO_INDICATOR,TOBACCO_INDICATOR_Adult_survey_title,,,,,,,Bahamas STEPS,,,,,2025-07-24T14:32:31Z,2024,2024-01-01,2024-12-31
2052728,TOBACCO_MPOWER_M1_TOBACCOUSESMOKING,COUNTRY,SYR,EMR,Eastern Mediterranean,YEAR,2024,TOBACCO_INDICATOR,TOBACCO_INDICATOR_Adult_svy_age_range,,,,,,,15-65,,,,,2025-07-24T14:32:31Z,2024,2024-01-01,2024-12-31
2055393,TOBACCO_MPOWER_M1_TOBACCOUSESMOKING,COUNTRY,VEN,AMR,Americas,YEAR,2024,TOBACCO_INDICATOR,TOBACCO_INDICATOR_Adult_svy_national,,,,,,,National,,,,,2025-07-24T14:32:31Z,2024,2024-01-01,2024-12-31
2093688,TOBACCO_MPOWER_M1_TOBACCOUSESMOKING,COUNTRY,IDN,WPR,Western Pacific,YEAR,2024,TOBACCO_INDICATOR,TOBACCO_INDICATOR_Adult_survey_title,,,,,,,Survei Kesehatan Indonesia (SKI),,,,,2025-07-24T14:32:31Z,2024,2024-01-01,2024-12-31
2094045,TOBACCO_MPOWER_M1_TOBACCOUSESMOKING,COUNTRY,ARE,EMR,Eastern Mediterranean,YEAR,2024,TOBACCO_INDICATOR,TOBACCO_INDICATOR_Adult_svy_national,,,,,,,National,,,,,2025-07-24T14:32:31Z,2024,2024-01-01,2024-12-31
2117907,TOBACCO_MPOWER_M1_TOBACCOUSESMOKING,COUNTRY,BGD,SEAR,South-East Asia,YEAR,2024,TOBACCO_INDICATOR,TOBACCO_INDICATOR_Adult_survey_title,,,,,,,STEPS Survey,,,,,2025-07-24T14:32:31Z,2024,2024-01-01,2024-12-31
2124868,TOBACCO_MPOWER_M1_TOBACCOUSESMOKING,COUNTRY,CAN,AMR,Americas,YEAR,2024,TOBACCO_INDICATOR,TOBACCO_INDICATOR_Adult_survey_title,,,,,,,Canadian Community Health Survey,,,,,2025-07-24T14:32:31Z,2024,2024-01-01,2024-12-31
2128445,TOBACCO_MPOWER_M1_TOBACCOUSESMOKING,COUNTRY,DNK,EUR,Europe,YEAR,2024,TOBACCO_INDICATOR,TOBACCO_INDICATOR_Adult_svy_yr,,,,,,,2023,,,,,2026-01-26T16:07:43Z,2024,2024-01-01,2024-12-31
2131754,TOBACCO_MPOWER_M1_TOBACCOUSESMOKING,COUNTRY,CMR,AFR,Africa,YEAR,2024,TOBACCO_INDICATOR,TOBACCO_INDICATOR_Adult_svy_yr,,,,,,,2018,,,,,2026-01-26T16:07:43Z,2024,2024-01-01,2024-12-31
2145448,TOBACCO_MPOWER_M1_TOBACCOUSESMOKING,COUNTRY,PAK,EMR,Eastern Mediterranean,YEAR,2024,TOBACCO_INDICATOR,TOBACCO_INDICATOR_Adult_svy_age_range,,,,,,,15-49,,,,,2025-07-24T14:32:31Z,2024,2024-01-01,2024-12-31
2147776,TOBACCO_MPOWER_M1_TOBACCOUSESMOKING,COUNTRY,BRN,WPR,Western Pacific,YEAR,2024,TOBACCO_INDICATOR,TOBACCO_INDICATOR_Adult_survey_title,,,,,,,STEPS Survey (preliminary results),,,,,2025-07-24T14:32:31Z,2024,2024-01-01,2024-12-31
2171084,TOBACCO_MPOWER_M1_TOBACCOUSESMOKING,COUNTRY,MRT,AFR,Africa,YEAR,2024,TOBACCO_INDICATOR,TOBACCO_INDICATOR_Adult_svy_national,,,,,,,National,,,,,2025-07-24T14:32:31Z,2024,2024-01-01,2024-12-31
2176513,TOBACCO_MPOWER_M1_TOBACCOUSESMOKING,COUNTRY,DOM,AMR,Americas,YEAR,2024,TOBACCO_INDICATOR,TOBACCO_INDICATOR_Adult_survey_title,,,,,,,Demographic and Health Survey,,,,,2025-07-24T14:32:31Z,2024,2024-01-01,2024-12-31
2190243,TOBACCO_MPOWER_M1_TOBACCOUSESMOKING,COUNTRY,SVN,EUR,Europe,YEAR,2024,TOBACCO_INDICATOR,TOBACCO_INDICATOR_Adult_svy_yr,,,,,,,2022,,,,,2026-01-26T16:07:43Z,2024,2024-01-01,2024-12-31
2193210,TOBACCO_MPOWER_M1_TOBACCOUSESMOKING,COUNTRY,AUS,WPR,Western Pacific,YEAR,2024,TOBACCO_INDICATOR,TOBACCO_INDICATOR_Adult_svy_national,,,,,,,National,,,,,2025-07-24T14:32:31Z,2024,2024-01-01,2024-12-31
2217517,TOBACCO_MPOWER_M1_TOBACCOUSESMOKING,COUNTRY,CZE,EUR,Europe,YEAR,2024,TOBACCO_INDICATOR,TOBACCO_INDICATOR_Adult_svy_age_range,,,,,,,15+,,,,,2025-07-24T14:32:31Z,2024,2024-01-01,2024-12-31
2224289,TOBACCO_MPOWER_M1_TOBACCOUSESMOKING,COUNTRY,CIV,AFR,Africa,YEAR,2024,TOBACCO_INDICATOR,TOBACCO_INDICATOR_Adult_survey_title,,,,,,,Demographic and Health Survey,,,,,2025-07-24T14:32:31Z,2024,2024-01-01,2024-12-31
2225585,TOBACCO_MPOWER_M1_TOBACCOUSESMOKING,COUNTRY,MYS,WPR,Western Pacific,YEAR,2024,TOBACCO_INDICATOR,TOBACCO_INDICATOR_Adult_svy_age_range,,,,,,,15+,,,,,2025-07-24T14:32:31Z,2024,2024-01-01,2024-12-31
2229454,TOBACCO_MPOWER_M1_TOBACCOUSESMOKING,COUNTRY,ETH,AFR,Africa,YEAR,2024,TOBACCO_INDICATOR,TOBACCO_INDICATOR_Adult_svy_national,,,,,,,National,,,,,2025-07-24T14:32:31Z,2024,2024-01-01,2024-12-31
2250890,TOBACCO_MPOWER_M1_TOBACCOUSESMOKING,COUNTRY,GIN,AFR,Africa,YEAR,2024,TOBACCO_INDICATOR,TOBACCO_INDICATOR_Adult_survey_title,,,,,,,Demographic and Health Survey,,,,,2025-07-24T14:32:31Z,2024,2024-01-01,2024-12-31
2268165,TOBACCO_MPOWER_M1_TOBACCOUSESMOKING,COUNTRY,SWZ,AFR,Africa,YEAR,2024,TOBACCO_INDICATOR,TOBACCO_INDICATOR_Adult_svy_national,,,,,,,National,,,,,2025-07-24T14:32:31Z,2024,2024-01-01,2024-12-31
2279224,TOBACCO_MPOWER_M1_TOBACCOUSESMOKING,COUNTRY,KIR,WPR,Western Pacific,YEAR,2024,TOBACCO_INDICATOR,TOBACCO_INDICATOR_Adult_survey_title,,,,,,,Multiple Indicator Cluster Survey (MICS),,,,,2025-07-24T14:32:31Z,2024,2024-01-01,2024-12-31
2302503,TOBACCO_MPOWER_M1_TOBACCOUSESMOKING,COUNTRY,LBN,EMR,Eastern Mediterranean,YEAR,2024,TOBACCO_INDICATOR,TOBACCO_INDICATOR_Adult_svy_yr,,,,,,,2023,,,,,2026-01-26T16:07:43Z,2024,2024-01-01,2024-12-31
2308033,TOBACCO_MPOWER_M1_TOBACCOUSESMOKING,COUNTRY,SYC,AFR,Africa,YEAR,2024,TOBACCO_INDICATOR,TOBACCO_INDICATOR_Adult_svy_age_range,,,,,,,18-74,,,,,2025-07-24T14:32:31Z,2024,2024-01-01,2024-12-31
2318323,TOBACCO_MPOWER_M1_TOBACCOUSESMOKING,COUNTRY,MYS,WPR,Western Pacific,YEAR,2024,TOBACCO_INDICATOR,TOBACCO_INDICATOR_Adult_svy_national,,,,,,,National,,,,,2025-07-24T14:32:31Z,2024,2024-01-01,2024-12-31
2330668,TOBACCO_MPOWER_M1_TOBACCOUSESMOKING,COUNTRY,FJI,WPR,Western Pacific,YEAR,2024,TOBACCO_INDICATOR,TOBACCO_INDICATOR_Adult_survey_title,,,,,,,Multiple Indicator Cluster Survey (MICS),,,,,2025-07-24T14:32:31Z,2024,2024-01-01,2024-12-31
2344426,TOBACCO_MPOWER_M1_TOBACCOUSESMOKING,COUNTRY,GNQ,AFR,Africa,YEAR,2024,TOBACCO_INDICATOR,TOBACCO_INDICATOR_Adult_survey_title,,,,,,,Encuesta Demografica y de Salud,,,,,2025-07-24T14:32:31Z,2024,2024-01-01,2024-12-31
2357827,TOBACCO_MPOWER_M1_TOBACCOUSESMOKING,COUNTRY,OMN,EMR,Eastern Mediterranean,YEAR,2024,TOBACCO_INDICATOR,TOBACCO_INDICATOR_Adult_svy_yr,,,,,,,2017,,,,,2026-01-26T16:07:43Z,2024,2024-01-01,2024-12-31
2386061,TOBACCO_MPOWER_M1_TOBACCOUSESMOKING,COUNTRY,GHA,AFR,Africa,YEAR,2024,TOBACCO_INDICATOR,TOBACCO_INDICATOR_Adult_svy_yr,,,,,,,2022,,,,,2026-01-26T16:07:43Z,2024,2024-01-01,2024-12-31
2386380,TOBACCO_MPOWER_M1_TOBACCOUSESMOKING,COUNTRY,ARE,EMR,Eastern Mediterranean,YEAR,2024,TOBACCO_INDICATOR,TOBACCO_INDICATOR_Adult_survey_title,,,,,,,National Health Survey (STEPS),,,,,2025-07-24T14:32:31Z,2024,2024-01-01,2024-12-31
2387569,TOBACCO_MPOWER_M1_TOBACCOUSESMOKING,COUNTRY,BIH,EUR,Europe,YEAR,2024,TOBACCO_INDICATOR,TOBACCO_INDICATOR_Adult_svy_yr,,,,,,,2019,,,,,2026-01-26T16:07:43Z,2024,2024-01-01,2024-12-31
2391521,TOBACCO_MPOWER_M1_TOBACCOUSESMOKING,COUNTRY,LBR,AFR,Africa,YEAR,2024,TOBACCO_INDICATOR,TOBACCO_INDICATOR_Adult_svy_national,,,,,,,National,,,,,2025-07-24T14:32:31Z,2024,2024-01-01,2024-12-31
2401138,TOBACCO_MPOWER_M1_TOBACCOUSESMOKING,COUNTRY,KGZ,EUR,Europe,YEAR,2024,TOBACCO_INDICATOR,TOBACCO_INDICATOR_Adult_svy_national,,,,,,,National,,,,,2025-07-24T14:32:31Z,2024,2024-01-01,2024-12-31
2402711,TOBACCO_MPOWER_M1_TOBACCOUSESMOKING,COUNTRY,PER,AMR,Americas,YEAR,2024,TOBACCO_INDICATOR,TOBACCO_INDICATOR_Adult_svy_age_range,,,,,,,15+,,,,,2025-07-24T14:32:31Z,2024,2024-01-01,2024-12-31
2415480,TOBACCO_MPOWER_M1_TOBACCOUSESMOKING,COUNTRY,FIN,EUR,Europe,YEAR,2024,TOBACCO_INDICATOR,TOBACCO_INDICATOR_Adult_svy_age_range,,,,,,,20-64,,,,,2025-07-24T14:32:31Z,2024,2024-01-01,2024-12-31
2416726,TOBACCO_MPOWER_M1_TOBACCOUSESMOKING,COUNTRY,FIN,EUR,Europe,YEAR,2024,TOBACCO_INDICATOR,TOBACCO_INDICATOR_Adult_survey_title,,,,,,,Healthy Finland Survey,,,,,2025-07-24T14:32:31Z,2024,2024-01-01,2024-12-31
2450396,TOBACCO_MPOWER_M1_TOBACCOUSESMOKING,COUNTRY,CUB,AMR,Americas,YEAR,2024,TOBACCO_INDICATOR,TOBACCO_INDICATOR_Adult_svy_age_range,,,,,,,15-49,,,,,2025-07-24T14:32:31Z,2024,2024-01-01,2024-12-31
2453107,TOBACCO_MPOWER_M1_TOBACCOUSESMOKING,COUNTRY,COG,AFR,Africa,YEAR,2024,TOBACCO_INDICATOR,TOBACCO_INDICATOR_Adult_survey_title,,,,,,,Enquête par grappes à indicateurs multiples (MICS),,,,,2025-07-24T14:32:31Z,2024,2024-01-01,2024-12-31
2456893,TOBACCO_MPOWER_M1_TOBACCOUSESMOKING,COUNTRY,MAR,EMR,Eastern Mediterranean,YEAR,2024,TOBACCO_INDICATOR,TOBACCO_INDICATOR_Adult_svy_yr,,,,,,,2017,,,,,2026-01-26T16:07:43Z,2024,2024-01-01,2024-12-31
2474018,TOBACCO_MPOWER_M1_TOBACCOUSESMOKING,COUNTRY,LBR,AFR,Africa,YEAR,2024,TOBACCO_INDICATOR,TOBACCO_INDICATOR_Adult_svy_yr,,,,,,,2019-20,,,,,2026-01-26T16:07:43Z,2024,2024-01-01,2024-12-31
2475928,TOBACCO_MPOWER_M1_TOBACCOUSESMOKING,COUNTRY,CPV,AFR,Africa,YEAR,2024,TOBACCO_INDICATOR,TOBACCO_INDICATOR_Adult_survey_title,,,,,,,Cap Vert Enquête STEPS,,,,,2025-07-24T14:32:31Z,2024,2024-01-01,2024-12-31
2533731,TOBACCO_MPOWER_M1_TOBACCOUSESMOKING,COUNTRY,BOL,AMR,Americas,YEAR,2024,TOBACCO_INDICATOR,TOBACCO_INDICATOR_Adult_svy_yr,,,,,,,2019,,,,,2026-01-26T16:07:43Z,2024,2024-01-01,2024-12-31
2535922,TOBACCO_MPOWER_M1_TOBACCOUSESMOKING,COUNTRY,GNB,AFR,Africa,YEAR,2024,TOBACCO_INDICATOR,TOBACCO_INDICATOR_Adult_survey_title,,,,,,,Multiple Indicator Cluster Survey (MICS),,,,,2025-07-24T14:32:31Z,2024,2024-01-01,2024-12-31
2553793,TOBACCO_MPOWER_M1_TOBACCOUSESMOKING,COUNTRY,PHL,WPR,Western Pacific,YEAR,2024,TOBACCO_INDICATOR,TOBACCO_INDICATOR_Adult_svy_age_range,,,,,,,15+,,,,,2025-07-24T14:32:31Z,2024,2024-01-01,2024-12-31
2563300,TOBACCO_MPOWER_M1_TOBACCOUSESMOKING,COUNTRY,JPN,WPR,Western Pacific,YEAR,2024,TOBACCO_INDICATOR,TOBACCO_INDICATOR_Adult_svy_yr,,,,,,,2023,,,,,2026-01-26T16:07:43Z,2024,2024-01-01,2024-12-31
2567085,TOBACCO_MPOWER_M1_TOBACCOUSESMOKING,COUNTRY,ISR,EUR,Europe,YEAR,2024,TOBACCO_INDICATOR,TOBACCO_INDICATOR_Adult_svy_yr,,,,,,,2022-23,,,,,2026-01-26T16:07:43Z,2024,2024-01-01,2024-12-31
2595480,TOBACCO_MPOWER_M1_TOBACCOUSESMOKING,COUNTRY,CUB,AMR,Americas,YEAR,2024,TOBACCO_INDICATOR,TOBACCO_INDICATOR_Adult_svy_national,,,,,,,National,,,,,2025-07-24T14:32:31Z,2024,2024-01-01,2024-12-31
2596461,TOBACCO_MPOWER_M1_TOBACCOUSESMOKING,COUNTRY,KWT,EMR,Eastern Mediterranean,YEAR,2024,TOBACCO_INDICATOR,TOBACCO_INDICATOR_Adult_survey_title,,,,,,,STEPS Survey,,,,,2025-07-24T14:32:31Z,2024,2024-01-01,2024-12-31
2601214,TOBACCO_MPOWER_M1_TOBACCOUSESMOKING,COUNTRY,SEN,AFR,Africa,YEAR,2024,TOBACCO_INDICATOR,TOBACCO_INDICATOR_Adult_svy_national,,,,,,,National,,,,,2025-07-24T14:32:31Z,2024,2024-01-01,2024-12-31
2609802,TOBACCO_MPOWER_M1_TOBACCOUSESMOKING,COUNTRY,IRN,EMR,Eastern Mediterranean,YEAR,2024,TOBACCO_INDICATOR,TOBACCO_INDICATOR_Adult_svy_age_range,,,,,,,18+,,,,,2025-07-24T14:32:31Z,2024,2024-01-01,2024-12-31
2628686,TOBACCO_MPOWER_M1_TOBACCOUSESMOKING,COUNTRY,UKR,EUR,Europe,YEAR,2024,TOBACCO_INDICATOR,TOBACCO_INDICATOR_Adult_survey_title,,,,,,,Kyiv International Institute of Sociology face-to-face survey,,,,,2025-07-24T14:32:31Z,2024,2024-01-01,2024-12-31
2634318,TOBACCO_MPOWER_M1_TOBACCOUSESMOKING,COUNTRY,MDG,AFR,Africa,YEAR,2024,TOBACCO_INDICATOR,TOBACCO_INDICATOR_Adult_svy_national,,,,,,,National,,,,,2025-07-24T14:32:31Z,2024,2024-01-01,2024-12-31
2652715,TOBACCO_MPOWER_M1_TOBACCOUSESMOKING,COUNTRY,HUN,EUR,Europe,YEAR,2024,TOBACCO_INDICATOR,TOBACCO_INDICATOR_Adult_svy_national,,,,,,,National,,,,,2025-07-24T14:32:31Z,2024,2024-01-01,2024-12-31
2684709,TOBACCO_MPOWER_M1_TOBACCOUSESMOKING,COUNTRY,URY,AMR,Americas,YEAR,2024,TOBACCO_INDICATOR,TOBACCO_INDICATOR_Adult_svy_national,,,,,,,National,,,,,2025-07-24T14:32:31Z,2024,2024-01-01,2024-12-31
2710332,TOBACCO_MPOWER_M1_TOBACCOUSESMOKING,COUNTRY,MKD,EUR,Europe,YEAR,2024,TOBACCO_INDICATOR,TOBACCO_INDICATOR_Adult_svy_yr,,,,,,,2023,,,,,2026-01-26T16:07:43Z,2024,2024-01-01,2024-12-31
2723731,TOBACCO_MPOWER_M1_TOBACCOUSESMOKING,COUNTRY,BFA,AFR,Africa,YEAR,2024,TOBACCO_INDICATOR,TOBACCO_INDICATOR_Adult_survey_title,,,,,,,"Enquête STEPs sur les facteurs de risque des maladies non transmissibles, Burkina Faso",,,,,2025-07-24T14:32:31Z,2024,2024-01-01,2024-12-31
2743026,TOBACCO_MPOWER_M1_TOBACCOUSESMOKING,COUNTRY,GEO,EUR,Europe,YEAR,2024,TOBACCO_INDICATOR,TOBACCO_INDICATOR_Adult_svy_yr,,,,,,,2020,,,,,2026-01-26T16:07:43Z,2024,2024-01-01,2024-12-31
2755463,TOBACCO_MPOWER_M1_TOBACCOUSESMOKING,COUNTRY,MDG,AFR,Africa,YEAR,2024,TOBACCO_INDICATOR,TOBACCO_INDICATOR_Adult_svy_age_range,,,,,,,15-49,,,,,2025-07-24T14:32:31Z,2024,2024-01-01,2024-12-31
2756510,TOBACCO_MPOWER_M1_TOBACCOUSESMOKING,COUNTRY,NOR,EUR,Europe,YEAR,2024,TOBACCO_INDICATOR,TOBACCO_INDICATOR_Adult_svy_yr,,,,,,,2024,,,,,2026-01-26T16:07:43Z,2024,2024-01-01,2024-12-31
2757978,TOBACCO_MPOWER_M1_TOBACCOUSESMOKING,COUNTRY,PSE,EMR,Eastern Mediterranean,YEAR,2024,TOBACCO_INDICATOR,TOBACCO_INDICATOR_Adult_svy_national,,,,,,,National,,,,,2025-07-24T14:32:31Z,2024,2024-01-01,2024-12-31
2775918,TOBACCO_MPOWER_M1_TOBACCOUSESMOKING,COUNTRY,SUR,AMR,Americas,YEAR,2024,TOBACCO_INDICATOR,TOBACCO_INDICATOR_Adult_svy_yr,,,,,,,2013,,,,,2026-01-26T16:07:43Z,2024,2024-01-01,2024-12-31
2775962,TOBACCO_MPOWER_M1_TOBACCOUSESMOKING,COUNTRY,COD,AFR,Africa,YEAR,2024,TOBACCO_INDICATOR,TOBACCO_INDICATOR_Adult_svy_age_range,,,,,,,15-49,,,,,2025-07-24T14:32:31Z,2024,2024-01-01,2024-12-31
2789979,TOBACCO_MPOWER_M1_TOBACCOUSESMOKING,COUNTRY,CRI,AMR,Americas,YEAR,2024,TOBACCO_INDICATOR,TOBACCO_INDICATOR_Adult_svy_yr,,,,,,,2022,,,,,2026-01-26T16:07:43Z,2024,2024-01-01,2024-12-31
2849578,TOBACCO_MPOWER_M1_TOBACCOUSESMOKING,COUNTRY,SVK,EUR,Europe,YEAR,2024,TOBACCO_INDICATOR,TOBACCO_INDICATOR_Adult_svy_national,,,,,,,National,,,,,2025-07-24T14:32:31Z,2024,2024-01-01,2024-12-31
2880322,TOBACCO_MPOWER_M1_TOBACCOUSESMOKING,COUNTRY,VUT,WPR,Western Pacific,YEAR,2024,TOBACCO_INDICATOR,TOBACCO_INDICATOR_Adult_survey_title,,,,,,,Multiple Indicator Cluster Survey (MICS),,,,,2025-07-24T14:32:31Z,2024,2024-01-01,2024-12-31
2880903,TOBACCO_MPOWER_M1_TOBACCOUSESMOKING,COUNTRY,PAK,EMR,Eastern Mediterranean,YEAR,2024,TOBACCO_INDICATOR,TOBACCO_INDICATOR_Adult_survey_title,,,,,,,Demographic and Health Survey,,,,,2025-07-24T14:32:31Z,2024,2024-01-01,2024-12-31
2890820,TOBACCO_MPOWER_M1_TOBACCOUSESMOKING,COUNTRY,SOM,EMR,Eastern Mediterranean,YEAR,2024,TOBACCO_INDICATOR,TOBACCO_INDICATOR_Adult_survey_title,,,,,,,. . .,,,,,2025-07-24T14:32:31Z,2024,2024-01-01,2024-12-31
2902599,TOBACCO_MPOWER_M1_TOBACCOUSESMOKING,COUNTRY,CRI,AMR,Americas,YEAR,2024,TOBACCO_INDICATOR,TOBACCO_INDICATOR_Adult_svy_age_range,,,,,,,15+,,,,,2025-07-24T14:32:31Z,2024,2024-01-01,2024-12-31
2902850,TOBACCO_MPOWER_M1_TOBACCOUSESMOKING,COUNTRY,CIV,AFR,Africa,YEAR,2024,TOBACCO_INDICATOR,TOBACCO_INDICATOR_Adult_svy_age_range,,,,,,,15-59 (men) 15-49 (women),,,,,2025-07-24T14:32:31Z,2024,2024-01-01,2024-12-31
2912456,TOBACCO_MPOWER_M1_TOBACCOUSESMOKING,COUNTRY,ARM,EUR,Europe,YEAR,2024,TOBACCO_INDICATOR,TOBACCO_INDICATOR_Adult_svy_age_range,,,,,,,15+,,,,,2025-07-24T14:32:31Z,2024,2024-01-01,2024-12-31
2918188,TOBACCO_MPOWER_M1_TOBACCOUSESMOKING,COUNTRY,OMN,EMR,Eastern Mediterranean,YEAR,2024,TOBACCO_INDICATOR,TOBACCO_INDICATOR_Adult_svy_national,,,,,,,National,,,,,2025-07-24T14:32:31Z,2024,2024-01-01,2024-12-31
2930123,TOBACCO_MPOWER_M1_TOBACCOUSESMOKING,COUNTRY,COG,AFR,Africa,YEAR,2024,TOBACCO_INDICATOR,TOBACCO_INDICATOR_Adult_svy_national,,,,,,,National,,,,,2025-07-24T14:32:31Z,2024,2024-01-01,2024-12-31
2932561,TOBACCO_MPOWER_M1_TOBACCOUSESMOKING,COUNTRY,LKA,SEAR,South-East Asia,YEAR,2024,TOBACCO_INDICATOR,TOBACCO_INDICATOR_Adult_svy_yr,,,,,,,2021,,,,,2026-01-26T16:07:43Z,2024,2024-01-01,2024-12-31
3977843,TOBACCO_MPOWER_M1_TOBACCOUSESMOKING,COUNTRY,FRA,EUR,Europe,YEAR,2024,TOBACCO_INDICATOR,TOBACCO_INDICATOR_Adult_svy_yr,,,,,,,2022,,,,,2026-01-26T16:07:43Z,2024,2024-01-01,2024-12-31
4007802,TOBACCO_MPOWER_M1_TOBACCOUSESMOKING,COUNTRY,IND,SEAR,South-East Asia,YEAR,2024,TOBACCO_INDICATOR,TOBACCO_INDICATOR_Adult_svy_yr,,,,,,,2019-21,,,,,2026-01-26T16:07:43Z,2024,2024-01-01,2024-12-31
4007950,TOBACCO_MPOWER_M1_TOBACCOUSESMOKING,COUNTRY,YEM,EMR,Eastern Mediterranean,YEAR,2024,TOBACCO_INDICATOR,TOBACCO_INDICATOR_Adult_svy_yr,,,,,,,2013,,,,,2026-01-26T16:07:43Z,2024,2024-01-01,2024-12-31
4008925,TOBACCO_MPOWER_M1_TOBACCOUSESMOKING,COUNTRY,GRD,AMR,Americas,YEAR,2024,TOBACCO_INDICATOR,TOBACCO_INDICATOR_Adult_svy_yr,,,,,,,2010-11,,,,,2026-01-26T16:07:43Z,2024,2024-01-01,2024-12-31
4030106,TOBACCO_MPOWER_M1_TOBACCOUSESMOKING,COUNTRY,VCT,AMR,Americas,YEAR,2024,TOBACCO_INDICATOR,TOBACCO_INDICATOR_Adult_svy_national,,,,,,,National,,,,,2025-07-24T14:32:31Z,2024,2024-01-01,2024-12-31
4034416,TOBACCO_MPOWER_M1_TOBACCOUSESMOKING,COUNTRY,BLZ,AMR,Americas,YEAR,2024,TOBACCO_INDICATOR,TOBACCO_INDICATOR_Adult_survey_title,,,,,,,Multiple Indicator Cluster Survey (MICS),,,,,2025-07-24T14:32:31Z,2024,2024-01-01,2024-12-31
4037381,TOBACCO_MPOWER_M1_TOBACCOUSESMOKING,COUNTRY,ATG,AMR,Americas,YEAR,2024,TOBACCO_INDICATOR,TOBACCO_INDICATOR_Adult_svy_age_range,,,,,,,. . .,,,,,2025-07-24T14:32:31Z,2024,2024-01-01,2024-12-31
4051682,TOBACCO_MPOWER_M1_TOBACCOUSESMOKING,COUNTRY,TUV,WPR,Western Pacific,YEAR,2024,TOBACCO_INDICATOR,TOBACCO_INDICATOR_Adult_svy_yr,,,,,,,2019-20,,,,,2026-01-26T16:07:43Z,2024,2024-01-01,2024-12-31
4078498,TOBACCO_MPOWER_M1_TOBACCOUSESMOKING,COUNTRY,SSD,AFR,Africa,YEAR,2024,TOBACCO_INDICATOR,TOBACCO_INDICATOR_Adult_survey_title,,,,,,,. . .,,,,,2025-07-24T14:32:31Z,2024,2024-01-01,2024-12-31
4083517,TOBACCO_MPOWER_M1_TOBACCOUSESMOKING,COUNTRY,WSM,WPR,Western Pacific,YEAR,2024,TOBACCO_INDICATOR,TOBACCO_INDICATOR_Adult_svy_age_range,,,,,,,15-49,,,,,2025-07-24T14:32:31Z,2024,2024-01-01,2024-12-31
4110233,TOBACCO_MPOWER_M1_TOBACCOUSESMOKING,COUNTRY,VCT,AMR,Americas,YEAR,2024,TOBACCO_INDICATOR,TOBACCO_INDICATOR_Adult_survey_title,,,,,,,National Health and Nutrition Survey,,,,,2025-07-24T14:32:31Z,2024,2024-01-01,2024-12-31
4116809,TOBACCO_MPOWER_M1_TOBACCOUSESMOKING,COUNTRY,MHL,WPR,Western Pacific,YEAR,2024,TOBACCO_INDICATOR,TOBACCO_INDICATOR_Adult_svy_national,,,,,,,National,,,,,2025-07-24T14:32:31Z,2024,2024-01-01,2024-12-31
4136713,TOBACCO_MPOWER_M1_TOBACCOUSESMOKING,COUNTRY,CHL,AMR,Americas,YEAR,2024,TOBACCO_INDICATOR,TOBACCO_INDICATOR_Adult_svy_national,,,,,,,National,,,,,2025-07-24T14:32:31Z,2024,2024-01-01,2024-12-31
4141367,TOBACCO_MPOWER_M1_TOBACCOUSESMOKING,COUNTRY,BEL,EUR,Europe,YEAR,2024,TOBACCO_INDICATOR,TOBACCO_INDICATOR_Adult_svy_age_range,,,,,,,15-75,,,,,2025-07-24T14:32:31Z,2024,2024-01-01,2024-12-31
4169396,TOBACCO_MPOWER_M1_TOBACCOUSESMOKING,COUNTRY,ARE,EMR,Eastern Mediterranean,YEAR,2024,TOBACCO_INDICATOR,TOBACCO_INDICATOR_Adult_svy_yr,,,,,,,2017-18,,,,,2026-01-26T16:07:43Z,2024,2024-01-01,2024-12-31
4178848,TOBACCO_MPOWER_M1_TOBACCOUSESMOKING,COUNTRY,KEN,AFR,Africa,YEAR,2024,TOBACCO_INDICATOR,TOBACCO_INDICATOR_Adult_survey_title,,,,,,,Demographic and Health Survey,,,,,2025-07-24T14:32:31Z,2024,2024-01-01,2024-12-31
4184761,TOBACCO_MPOWER_M1_TOBACCOUSESMOKING,COUNTRY,SRB,EUR,Europe,YEAR,2024,TOBACCO_INDICATOR,TOBACCO_INDICATOR_Adult_svy_yr,,,,,,,2023,,,,,2026-01-26T16:07:43Z,2024,2024-01-01,2024-12-31
4193729,TOBACCO_MPOWER_M1_TOBACCOUSESMOKING,COUNTRY,RWA,AFR,Africa,YEAR,2024,TOBACCO_INDICATOR,TOBACCO_INDICATOR_Adult_svy_yr,,,,,,,2021,,,,,2026-01-26T16:07:43Z,2024,2024-01-01,2024-12-31
4205954,TOBACCO_MPOWER_M1_TOBACCOUSESMOKING,COUNTRY,NIU,WPR,Western Pacific,YEAR,2024,TOBACCO_INDICATOR,TOBACCO_INDICATOR_Adult_survey_title,,,,,,,Census of Population and Housing,,,,,2025-07-24T14:32:31Z,2024,2024-01-01,2024-12-31
4212765,TOBACCO_MPOWER_M1_TOBACCOUSESMOKING,COUNTRY,PAN,AMR,Americas,YEAR,2024,TOBACCO_INDICATOR,TOBACCO_INDICATOR_Adult_svy_age_range,,,,,,,15+,,,,,2025-07-24T14:32:31Z,2024,2024-01-01,2024-12-31
4221082,TOBACCO_MPOWER_M1_TOBACCOUSESMOKING,COUNTRY,GEO,EUR,Europe,YEAR,2024,TOBACCO_INDICATOR,TOBACCO_INDICATOR_Adult_survey_title,,,,,,,Public Support Study on Banning Smoking in Taxies,,,,,2025-07-24T14:32:31Z,2024,2024-01-01,2024-12-31
4221207,TOBACCO_MPOWER_M1_TOBACCOUSESMOKING,COUNTRY,IDN,WPR,Western Pacific,YEAR,2024,TOBACCO_INDICATOR,TOBACCO_INDICATOR_Adult_svy_age_range,,,,,,,15+,,,,,2025-07-24T14:32:31Z,2024,2024-01-01,2024-12-31
4228111,TOBACCO_MPOWER_M1_TOBACCOUSESMOKING,COUNTRY,MYS,WPR,Western Pacific,YEAR,2024,TOBACCO_INDICATOR,TOBACCO_INDICATOR_Adult_survey_title,,,,,,,Global Adult Tobacco Survey (GATS),,,,,2025-07-24T14:32:31Z,2024,2024-01-01,2024-12-31
4249888,TOBACCO_MPOWER_M1_TOBACCOUSESMOKING,COUNTRY,KWT,EMR,Eastern Mediterranean,YEAR,2024,TOBACCO_INDICATOR,TOBACCO_INDICATOR_Adult_svy_yr,,,,,,,2014,,,,,2026-01-26T16:07:43Z,2024,2024-01-01,2024-12-31
4266998,TOBACCO_MPOWER_M1_TOBACCOUSESMOKING,COUNTRY,BRN,WPR,Western Pacific,YEAR,2024,TOBACCO_INDICATOR,TOBACCO_INDICATOR_Adult_svy_age_range,,,,,,,18-69,,,,,2025-07-24T14:32:31Z,2024,2024-01-01,2024-12-31
4274146,TOBACCO_MPOWER_M1_TOBACCOUSESMOKING,COUNTRY,DJI,EMR,Eastern Mediterranean,YEAR,2024,TOBACCO_INDICATOR,TOBACCO_INDICATOR_Adult_svy_national,,,,,,,National,,,,,2025-07-24T14:32:31Z,2024,2024-01-01,2024-12-31
4282349,TOBACCO_MPOWER_M1_TOBACCOUSESMOKING,COUNTRY,KEN,AFR,Africa,YEAR,2024,TOBACCO_INDICATOR,TOBACCO_INDICATOR_Adult_svy_national,,,,,,,National,,,,,2025-07-24T14:32:31Z,2024,2024-01-01,2024-12-31
4317074,TOBACCO_MPOWER_M1_TOBACCOUSESMOKING,COUNTRY,MLI,AFR,Africa,YEAR,2024,TOBACCO_INDICATOR,TOBACCO_INDICATOR_Adult_svy_age_range,,,,,,,15-59 (men) 15-49 (women),,,,,2025-07-24T14:32:31Z,2024,2024-01-01,2024-12-31
4358971,TOBACCO_MPOWER_M1_TOBACCOUSESMOKING,COUNTRY,SYC,AFR,Africa,YEAR,2024,TOBACCO_INDICATOR,TOBACCO_INDICATOR_Adult_survey_title,,,,,,,The Seychelles Heart Study V,,,,,2025-07-24T14:32:31Z,2024,2024-01-01,2024-12-31
4374259,TOBACCO_MPOWER_M1_TOBACCOUSESMOKING,COUNTRY,SLB,WPR,Western Pacific,YEAR,2024,TOBACCO_INDICATOR,TOBACCO_INDICATOR_Adult_svy_yr,,,,,,,2015,,,,,2026-01-26T16:07:43Z,2024,2024-01-01,2024-12-31
4381153,TOBACCO_MPOWER_M1_TOBACCOUSESMOKING,COUNTRY,MCO,EUR,Europe,YEAR,2024,TOBACCO_INDICATOR,TOBACCO_INDICATOR_Adult_svy_yr,,,,,,,. . .,,,,,2026-01-26T16:07:43Z,2024,2024-01-01,2024-12-31
4392918,TOBACCO_MPOWER_M1_TOBACCOUSESMOKING,COUNTRY,HUN,EUR,Europe,YEAR,2024,TOBACCO_INDICATOR,TOBACCO_INDICATOR_Adult_svy_yr,,,,,,,2019,,,,,2026-01-26T16:07:43Z,2024,2024-01-01,2024-12-31
4419708,TOBACCO_MPOWER_M1_TOBACCOUSESMOKING,COUNTRY,EGY,EMR,Eastern Mediterranean,YEAR,2024,TOBACCO_INDICATOR,TOBACCO_INDICATOR_Adult_svy_national,,,,,,,National,,,,,2025-07-24T14:32:31Z,2024,2024-01-01,2024-12-31
4437123,TOBACCO_MPOWER_M1_TOBACCOUSESMOKING,COUNTRY,KHM,WPR,Western Pacific,YEAR,2024,TOBACCO_INDICATOR,TOBACCO_INDICATOR_Adult_survey_title,,,,,,,National Adult Tobacco Survey of Cambodia,,,,,2025-07-24T14:32:31Z,2024,2024-01-01,2024-12-31
4446455,TOBACCO_MPOWER_M1_TOBACCOUSESMOKING,COUNTRY,MHL,WPR,Western Pacific,YEAR,2024,TOBACCO_INDICATOR,TOBACCO_INDICATOR_Adult_survey_title,,,,,,,NCD Hybrid Survey,,,,,2025-07-24T14:32:31Z,2024,2024-01-01,2024-12-31
4468198,TOBACCO_MPOWER_M1_TOBACCOUSESMOKING,COUNTRY,GRD,AMR,Americas,YEAR,2024,TOBACCO_INDICATOR,TOBACCO_INDICATOR_Adult_svy_national,,,,,,,National,,,,,2025-07-24T14:32:31Z,2024,2024-01-01,2024-12-31
4468202,TOBACCO_MPOWER_M1_TOBACCOUSESMOKING,COUNTRY,ERI,AFR,Africa,YEAR,2024,TOBACCO_INDICATOR,TOBACCO_INDICATOR_Adult_svy_yr,,,,,,,2010,,,,,2026-01-26T16:07:43Z,2024,2024-01-01,2024-12-31
4492685,TOBACCO_MPOWER_M1_TOBACCOUSESMOKING,COUNTRY,KAZ,EUR,Europe,YEAR,2024,TOBACCO_INDICATOR,TOBACCO_INDICATOR_Adult_svy_age_range,,,,,,,15+,,,,,2025-07-24T14:32:31Z,2024,2024-01-01,2024-12-31
4515086,TOBACCO_MPOWER_M1_TOBACCOUSESMOKING,COUNTRY,KIR,WPR,Western Pacific,YEAR,2024,TOBACCO_INDICATOR,TOBACCO_INDICATOR_Adult_svy_national,,,,,,,National,,,,,2025-07-24T14:32:31Z,2024,2024-01-01,2024-12-31
4545987,TOBACCO_MPOWER_M1_TOBACCOUSESMOKING,COUNTRY,NRU,WPR,Western Pacific,YEAR,2024,TOBACCO_INDICATOR,TOBACCO_INDICATOR_Adult_svy_yr,,,,,,,2023,,,,,2026-01-26T16:07:43Z,2024,2024-01-01,2024-12-31
4557821,TOBACCO_MPOWER_M1_TOBACCOUSESMOKING,COUNTRY,NER,AFR,Africa,YEAR,2024,TOBACCO_INDICATOR,TOBACCO_INDICATOR_Adult_svy_national,,,,,,,National,,,,,2025-07-24T14:32:31Z,2024,2024-01-01,2024-12-31
4563046,TOBACCO_MPOWER_M1_TOBACCOUSESMOKING,COUNTRY,GRD,AMR,Americas,YEAR,2024,TOBACCO_INDICATOR,TOBACCO_INDICATOR_Adult_svy_age_range,,,,,,,25-64,,,,,2025-07-24T14:32:31Z,2024,2024-01-01,2024-12-31
4564484,TOBACCO_MPOWER_M1_TOBACCOUSESMOKING,COUNTRY,DZA,AFR,Africa,YEAR,2024,TOBACCO_INDICATOR,TOBACCO_INDICATOR_Adult_svy_yr,,,,,,,2016-17,,,,,2026-01-26T16:07:43Z,2024,2024-01-01,2024-12-31
4599036,TOBACCO_MPOWER_M1_TOBACCOUSESMOKING,COUNTRY,TGO,AFR,Africa,YEAR,2024,TOBACCO_INDICATOR,TOBACCO_INDICATOR_Adult_svy_national,,,,,,,National,,,,,2025-07-24T14:32:31Z,2024,2024-01-01,2024-12-31
4605421,TOBACCO_MPOWER_M1_TOBACCOUSESMOKING,COUNTRY,SLE,AFR,Africa,YEAR,2024,TOBACCO_INDICATOR,TOBACCO_INDICATOR_Adult_svy_national,,,,,,,National,,,,,2025-07-24T14:32:31Z,2024,2024-01-01,2024-12-31
4630615,TOBACCO_MPOWER_M1_TOBACCOUSESMOKING,COUNTRY,SYC,AFR,Africa,YEAR,2024,TOBACCO_INDICATOR,TOBACCO_INDICATOR_Adult_svy_national,,,,,,,National,,,,,2025-07-24T14:32:31Z,2024,2024-01-01,2024-12-31
4639615,TOBACCO_MPOWER_M1_TOBACCOUSESMOKING,COUNTRY,JOR,EMR,Eastern Mediterranean,YEAR,2024,TOBACCO_INDICATOR,TOBACCO_INDICATOR_Adult_svy_national,,,,,,,National,,,,,2025-07-24T14:32:31Z,2024,2024-01-01,2024-12-31
4683140,TOBACCO_MPOWER_M1_TOBACCOUSESMOKING,COUNTRY,TLS,SEAR,South-East Asia,YEAR,2024,TOBACCO_INDICATOR,TOBACCO_INDICATOR_Adult_svy_age_range,,,,,,,18-69,,,,,2025-07-24T14:32:31Z,2024,2024-01-01,2024-12-31
4696936,TOBACCO_MPOWER_M1_TOBACCOUSESMOKING,COUNTRY,AFG,EMR,Eastern Mediterranean,YEAR,2024,TOBACCO_INDICATOR,TOBACCO_INDICATOR_Adult_svy_yr,,,,,,,2019,,,,,2026-01-26T16:07:43Z,2024,2024-01-01,2024-12-31
4697471,TOBACCO_MPOWER_M1_TOBACCOUSESMOKING,COUNTRY,TLS,SEAR,South-East Asia,YEAR,2024,TOBACCO_INDICATOR,TOBACCO_INDICATOR_Adult_survey_title,,,,,,,National Survey on NCDs and NCD risk factors among adults,,,,,2025-07-24T14:32:31Z,2024,2024-01-01,2024-12-31
4721156,TOBACCO_MPOWER_M1_TOBACCOUSESMOKING,COUNTRY,MRT,AFR,Africa,YEAR,2024,TOBACCO_INDICATOR,TOBACCO_INDICATOR_Adult_survey_title,,,,,,,Global Adult Tobacco Survey (GATS),,,,,2025-07-24T14:32:31Z,2024,2024-01-01,2024-12-31
4736156,TOBACCO_MPOWER_M1_TOBACCOUSESMOKING,COUNTRY,PRK,SEAR,South-East Asia,YEAR,2024,TOBACCO_INDICATOR,TOBACCO_INDICATOR_Adult_svy_national,,,,,,,National,,,,,2025-07-24T14:32:31Z,2024,2024-01-01,2024-12-31
4747154,TOBACCO_MPOWER_M1_TOBACCOUSESMOKING,COUNTRY,IND,SEAR,South-East Asia,YEAR,2024,TOBACCO_INDICATOR,TOBACCO_INDICATOR_Adult_svy_national,,,,,,,National,,,,,2025-07-24T14:32:31Z,2024,2024-01-01,2024-12-31
4748704,TOBACCO_MPOWER_M1_TOBACCOUSESMOKING,COUNTRY,ECU,AMR,Americas,YEAR,2024,TOBACCO_INDICATOR,TOBACCO_INDICATOR_Adult_survey_title,,,,,,,STEPS Survey,,,,,2025-07-24T14:32:31Z,2024,2024-01-01,2024-12-31
4806751,TOBACCO_MPOWER_M1_TOBACCOUSESMOKING,COUNTRY,SGP,WPR,Western Pacific,YEAR,2024,TOBACCO_INDICATOR,TOBACCO_INDICATOR_Adult_svy_yr,,,,,,,2023,,,,,2026-01-26T16:07:43Z,2024,2024-01-01,2024-12-31
4818348,TOBACCO_MPOWER_M1_TOBACCOUSESMOKING,COUNTRY,LBY,EMR,Eastern Mediterranean,YEAR,2024,TOBACCO_INDICATOR,TOBACCO_INDICATOR_Adult_survey_title,,,,,,,STEPS Survey,,,,,2025-07-24T14:32:31Z,2024,2024-01-01,2024-12-31
4826426,TOBACCO_MPOWER_M1_TOBACCOUSESMOKING,COUNTRY,BEN,AFR,Africa,YEAR,2024,TOBACCO_INDICATOR,TOBACCO_INDICATOR_Adult_svy_national,,,,,,,National,,,,,2025-07-24T14:32:31Z,2024,2024-01-01,2024-12-31
4831069,TOBACCO_MPOWER_M1_TOBACCOUSESMOKING,COUNTRY,NAM,AFR,Africa,YEAR,2024,TOBACCO_INDICATOR,TOBACCO_INDICATOR_Adult_svy_age_range,,,,,,,15-49,,,,,2025-07-24T14:32:31Z,2024,2024-01-01,2024-12-31
4861130,TOBACCO_MPOWER_M1_TOBACCOUSESMOKING,COUNTRY,ISR,EUR,Europe,YEAR,2024,TOBACCO_INDICATOR,TOBACCO_INDICATOR_Adult_svy_age_range,,,,,,,21+,,,,,2025-07-24T14:32:31Z,2024,2024-01-01,2024-12-31
4865084,TOBACCO_MPOWER_M1_TOBACCOUSESMOKING,COUNTRY,RWA,AFR,Africa,YEAR,2024,TOBACCO_INDICATOR,TOBACCO_INDICATOR_Adult_svy_age_range,,,,,,,18-69,,,,,2025-07-24T14:32:31Z,2024,2024-01-01,2024-12-31
4909050,TOBACCO_MPOWER_M1_TOBACCOUSESMOKING,COUNTRY,VNM,WPR,Western Pacific,YEAR,2024,TOBACCO_INDICATOR,TOBACCO_INDICATOR_Adult_svy_national,,,,,,,National,,,,,2025-07-24T14:32:31Z,2024,2024-01-01,2024-12-31
4911609,TOBACCO_MPOWER_M1_TOBACCOUSESMOKING,COUNTRY,LAO,WPR,Western Pacific,YEAR,2024,TOBACCO_INDICATOR,TOBACCO_INDICATOR_Adult_svy_age_range,,,,,,,15-49,,,,,2025-07-24T14:32:31Z,2024,2024-01-01,2024-12-31
4924064,TOBACCO_MPOWER_M1_TOBACCOUSESMOKING,COUNTRY,CZE,EUR,Europe,YEAR,2024,TOBACCO_INDICATOR,TOBACCO_INDICATOR_Adult_survey_title,,,,,,,National Research on Tobacco and Alcohol Use in the Czech Republic (NAUTA),,,,,2025-07-24T14:32:31Z,2024,2024-01-01,2024-12-31
4935638,TOBACCO_MPOWER_M1_TOBACCOUSESMOKING,COUNTRY,BOL,AMR,Americas,YEAR,2024,TOBACCO_INDICATOR,TOBACCO_INDICATOR_Adult_survey_title,,,,,,,STEPS Survey,,,,,2025-07-24T14:32:31Z,2024,2024-01-01,2024-12-31
4948601,TOBACCO_MPOWER_M1_TOBACCOUSESMOKING,COUNTRY,MLI,AFR,Africa,YEAR,2024,TOBACCO_INDICATOR,TOBACCO_INDICATOR_Adult_svy_yr,,,,,,,2018,,,,,2026-01-26T16:07:43Z,2024,2024-01-01,2024-12-31
4962957,TOBACCO_MPOWER_M1_TOBACCOUSESMOKING,COUNTRY,MEX,AMR,Americas,YEAR,2024,TOBACCO_INDICATOR,TOBACCO_INDICATOR_Adult_svy_age_range,,,,,,,15+,,,,,2025-07-24T14:32:31Z,2024,2024-01-01,2024-12-31
4967627,TOBACCO_MPOWER_M1_TOBACCOUSESMOKING,COUNTRY,NIC,AMR,Americas,YEAR,2024,TOBACCO_INDICATOR,TOBACCO_INDICATOR_Adult_svy_national,,,,,,,. . .,,,,,2025-07-24T14:32:31Z,2024,2024-01-01,2024-12-31
4973914,TOBACCO_MPOWER_M1_TOBACCOUSESMOKING,COUNTRY,VEN,AMR,Americas,YEAR,2024,TOBACCO_INDICATOR,TOBACCO_INDICATOR_Adult_svy_age_range,,,,,,,18-65,,,,,2025-07-24T14:32:31Z,2024,2024-01-01,2024-12-31
4979200,TOBACCO_MPOWER_M1_TOBACCOUSESMOKING,COUNTRY,CAF,AFR,Africa,YEAR,2024,TOBACCO_INDICATOR,TOBACCO_INDICATOR_Adult_survey_title,,,,,,,Multiple Indicator Cluster Survey (MICS),,,,,2025-07-24T14:32:31Z,2024,2024-01-01,2024-12-31
4985920,TOBACCO_MPOWER_M1_TOBACCOUSESMOKING,COUNTRY,DEU,EUR,Europe,YEAR,2024,TOBACCO_INDICATOR,TOBACCO_INDICATOR_Adult_svy_national,,,,,,,National,,,,,2025-07-24T14:32:31Z,2024,2024-01-01,2024-12-31
4995206,TOBACCO_MPOWER_M1_TOBACCOUSESMOKING,COUNTRY,GRC,EUR,Europe,YEAR,2024,TOBACCO_INDICATOR,TOBACCO_INDICATOR_Adult_svy_yr,,,,,,,2019,,,,,2026-01-26T16:07:43Z,2024,2024-01-01,2024-12-31
5008260,TOBACCO_MPOWER_M1_TOBACCOUSESMOKING,COUNTRY,MRT,AFR,Africa,YEAR,2024,TOBACCO_INDICATOR,TOBACCO_INDICATOR_Adult_svy_yr,,,,,,,2021,,,,,2026-01-26T16:07:43Z,2024,2024-01-01,2024-12-31
5010258,TOBACCO_MPOWER_M1_TOBACCOUSESMOKING,COUNTRY,LKA,SEAR,South-East Asia,YEAR,2024,TOBACCO_INDICATOR,TOBACCO_INDICATOR_Adult_svy_national,,,,,,,National,,,,,2025-07-24T14:32:31Z,2024,2024-01-01,2024-12-31
5051714,TOBACCO_MPOWER_M1_TOBACCOUSESMOKING,COUNTRY,TUV,WPR,Western Pacific,YEAR,2024,TOBACCO_INDICATOR,TOBACCO_INDICATOR_Adult_svy_age_range,,,,,,,15-49,,,,,2025-07-24T14:32:31Z,2024,2024-01-01,2024-12-31
5053579,TOBACCO_MPOWER_M1_TOBACCOUSESMOKING,COUNTRY,CRI,AMR,Americas,YEAR,2024,TOBACCO_INDICATOR,TOBACCO_INDICATOR_Adult_svy_national,,,,,,,National,,,,,2025-07-24T14:32:31Z,2024,2024-01-01,2024-12-31
5064183,TOBACCO_MPOWER_M1_TOBACCOUSESMOKING,COUNTRY,COM,AFR,Africa,YEAR,2024,TOBACCO_INDICATOR,TOBACCO_INDICATOR_Adult_svy_yr,,,,,,,2022,,,,,2026-01-26T16:07:43Z,2024,2024-01-01,2024-12-31
5067402,TOBACCO_MPOWER_M1_TOBACCOUSESMOKING,COUNTRY,SLE,AFR,Africa,YEAR,2024,TOBACCO_INDICATOR,TOBACCO_INDICATOR_Adult_svy_age_range,,,,,,,15-49,,,,,2025-07-24T14:32:31Z,2024,2024-01-01,2024-12-31
5105153,TOBACCO_MPOWER_M1_TOBACCOUSESMOKING,COUNTRY,ERI,AFR,Africa,YEAR,2024,TOBACCO_INDICATOR,TOBACCO_INDICATOR_Adult_svy_age_range,,,,,,,25-74,,,,,2025-07-24T14:32:31Z,2024,2024-01-01,2024-12-31
5106626,TOBACCO_MPOWER_M1_TOBACCOUSESMOKING,COUNTRY,URY,AMR,Americas,YEAR,2024,TOBACCO_INDICATOR,TOBACCO_INDICATOR_Adult_svy_age_range,,,,,,,15+,,,,,2025-07-24T14:32:31Z,2024,2024-01-01,2024-12-31
5109534,TOBACCO_MPOWER_M1_TOBACCOUSESMOKING,COUNTRY,TJK,EUR,Europe,YEAR,2024,TOBACCO_INDICATOR,TOBACCO_INDICATOR_Adult_svy_national,,,,,,,National,,,,,2025-07-24T14:32:31Z,2024,2024-01-01,2024-12-31
5110960,TOBACCO_MPOWER_M1_TOBACCOUSESMOKING,COUNTRY,VCT,AMR,Americas,YEAR,2024,TOBACCO_INDICATOR,TOBACCO_INDICATOR_Adult_svy_yr,,,,,,,2013-14,,,,,2026-01-26T16:07:43Z,2024,2024-01-01,2024-12-31
5120914,TOBACCO_MPOWER_M1_TOBACCOUSESMOKING,COUNTRY,EST,EUR,Europe,YEAR,2024,TOBACCO_INDICATOR,TOBACCO_INDICATOR_Adult_survey_title,,,,,,,Health Behaviour among Estonian Adult Population,,,,,2025-07-24T14:32:31Z,2024,2024-01-01,2024-12-31
5125789,TOBACCO_MPOWER_M1_TOBACCOUSESMOKING,COUNTRY,BRN,WPR,Western Pacific,YEAR,2024,TOBACCO_INDICATOR,TOBACCO_INDICATOR_Adult_svy_national,,,,,,,National,,,,,2025-07-24T14:32:31Z,2024,2024-01-01,2024-12-31
5139383,TOBACCO_MPOWER_M1_TOBACCOUSESMOKING,COUNTRY,CYP,EUR,Europe,YEAR,2024,TOBACCO_INDICATOR,TOBACCO_INDICATOR_Adult_svy_yr,,,,,,,2023,,,,,2026-01-26T16:07:43Z,2024,2024-01-01,2024-12-31
5180545,TOBACCO_MPOWER_M1_TOBACCOUSESMOKING,COUNTRY,BGD,SEAR,South-East Asia,YEAR,2024,TOBACCO_INDICATOR,TOBACCO_INDICATOR_Adult_svy_yr,,,,,,,2022,,,,,2026-01-26T16:07:43Z,2024,2024-01-01,2024-12-31
5192748,TOBACCO_MPOWER_M1_TOBACCOUSESMOKING,COUNTRY,PAK,EMR,Eastern Mediterranean,YEAR,2024,TOBACCO_INDICATOR,TOBACCO_INDICATOR_Adult_svy_national,,,,,,,National,,,,,2025-07-24T14:32:31Z,2024,2024-01-01,2024-12-31
5200377,TOBACCO_MPOWER_M1_TOBACCOUSESMOKING,COUNTRY,CHE,EUR,Europe,YEAR,2024,TOBACCO_INDICATOR,TOBACCO_INDICATOR_Adult_survey_title,,,,,,,Enquête Santé et Lifestyle,,,,,2025-07-24T14:32:31Z,2024,2024-01-01,2024-12-31
5207464,TOBACCO_MPOWER_M1_TOBACCOUSESMOKING,COUNTRY,TJK,EUR,Europe,YEAR,2024,TOBACCO_INDICATOR,TOBACCO_INDICATOR_Adult_survey_title,,,,,,,STEPS Survey,,,,,2025-07-24T14:32:31Z,2024,2024-01-01,2024-12-31
5232200,TOBACCO_MPOWER_M1_TOBACCOUSESMOKING,COUNTRY,RUS,EUR,Europe,YEAR,2024,TOBACCO_INDICATOR,TOBACCO_INDICATOR_Adult_svy_yr,,,,,,,2024,,,,,2026-01-26T16:07:43Z,2024,2024-01-01,2024-12-31
5248202,TOBACCO_MPOWER_M1_TOBACCOUSESMOKING,COUNTRY,JOR,EMR,Eastern Mediterranean,YEAR,2024,TOBACCO_INDICATOR,TOBACCO_INDICATOR_Adult_survey_title,,,,,,,Jordan Population and Family Health Survey,,,,,2025-07-24T14:32:31Z,2024,2024-01-01,2024-12-31
5249959,TOBACCO_MPOWER_M1_TOBACCOUSESMOKING,COUNTRY,BOL,AMR,Americas,YEAR,2024,TOBACCO_INDICATOR,TOBACCO_INDICATOR_Adult_svy_age_range,,,,,,,18-69,,,,,2025-07-24T14:32:31Z,2024,2024-01-01,2024-12-31
5258863,TOBACCO_MPOWER_M1_TOBACCOUSESMOKING,COUNTRY,BDI,AFR,Africa,YEAR,2024,TOBACCO_INDICATOR,TOBACCO_INDICATOR_Adult_svy_age_range,,,,,,,15-59 (men) 15-49 (women),,,,,2025-07-24T14:32:31Z,2024,2024-01-01,2024-12-31
5265996,TOBACCO_MPOWER_M1_TOBACCOUSESMOKING,COUNTRY,NRU,WPR,Western Pacific,YEAR,2024,TOBACCO_INDICATOR,TOBACCO_INDICATOR_Adult_svy_age_range,,,,,,,15-49,,,,,2025-07-24T14:32:31Z,2024,2024-01-01,2024-12-31
5268529,TOBACCO_MPOWER_M1_TOBACCOUSESMOKING,COUNTRY,PHL,WPR,Western Pacific,YEAR,2024,TOBACCO_INDICATOR,TOBACCO_INDICATOR_Adult_svy_national,,,,,,,National,,,,,2025-07-24T14:32:31Z,2024,2024-01-01,2024-12-31
5291625,TOBACCO_MPOWER_M1_TOBACCOUSESMOKING,COUNTRY,ITA,EUR,Europe,YEAR,2024,TOBACCO_INDICATOR,TOBACCO_INDICATOR_Adult_svy_yr,,,,,,,2024,,,,,2026-01-26T16:07:43Z,2024,2024-01-01,2024-12-31
5304287,TOBACCO_MPOWER_M1_TOBACCOUSESMOKING,COUNTRY,BRB,AMR,Americas,YEAR,2024,TOBACCO_INDICATOR,TOBACCO_INDICATOR_Adult_survey_title,,,,,,,Health of the Nation,,,,,2025-07-24T14:32:31Z,2024,2024-01-01,2024-12-31
5328846,TOBACCO_MPOWER_M1_TOBACCOUSESMOKING,COUNTRY,SVN,EUR,Europe,YEAR,2024,TOBACCO_INDICATOR,TOBACCO_INDICATOR_Adult_svy_age_range,,,,,,,18-74,,,,,2025-07-24T14:32:31Z,2024,2024-01-01,2024-12-31
5347959,TOBACCO_MPOWER_M1_TOBACCOUSESMOKING,COUNTRY,SEN,AFR,Africa,YEAR,2024,TOBACCO_INDICATOR,TOBACCO_INDICATOR_Adult_svy_age_range,,,,,,,15+,,,,,2025-07-24T14:32:31Z,2024,2024-01-01,2024-12-31
5397506,TOBACCO_MPOWER_M1_TOBACCOUSESMOKING,COUNTRY,TON,WPR,Western Pacific,YEAR,2024,TOBACCO_INDICATOR,TOBACCO_INDICATOR_Adult_survey_title,,,,,,,Multiple Indicator Cluster Survey (MICS),,,,,2025-07-24T14:32:31Z,2024,2024-01-01,2024-12-31
5400101,TOBACCO_MPOWER_M1_TOBACCOUSESMOKING,COUNTRY,MEX,AMR,Americas,YEAR,2024,TOBACCO_INDICATOR,TOBACCO_INDICATOR_Adult_svy_yr,,,,,,,2023,,,,,2026-01-26T16:07:43Z,2024,2024-01-01,2024-12-31
5419901,TOBACCO_MPOWER_M1_TOBACCOUSESMOKING,COUNTRY,CHL,AMR,Americas,YEAR,2024,TOBACCO_INDICATOR,TOBACCO_INDICATOR_Adult_svy_age_range,,,,,,,12-65,24077,,,,2026-01-27T14:35:19Z,2024,2024-01-01,2024-12-31
5421694,TOBACCO_MPOWER_M1_TOBACCOUSESMOKING,COUNTRY,BGD,SEAR,South-East Asia,YEAR,2024,TOBACCO_INDICATOR,TOBACCO_INDICATOR_Adult_svy_age_range,,,,,,,18-69,,,,,2025-07-24T14:32:31Z,2024,2024-01-01,2024-12-31
5449449,TOBACCO_MPOWER_M1_TOBACCOUSESMOKING,COUNTRY,ALB,EUR,Europe,YEAR,2024,TOBACCO_INDICATOR,TOBACCO_INDICATOR_Adult_svy_age_range,,,,,,,18-85,,,,,2025-07-24T14:32:31Z,2024,2024-01-01,2024-12-31
5462387,TOBACCO_MPOWER_M1_TOBACCOUSESMOKING,COUNTRY,SLB,WPR,Western Pacific,YEAR,2024,TOBACCO_INDICATOR,TOBACCO_INDICATOR_Adult_svy_age_range,,,,,,,18-69,,,,,2025-07-24T14:32:31Z,2024,2024-01-01,2024-12-31
5465461,TOBACCO_MPOWER_M1_TOBACCOUSESMOKING,COUNTRY,MKD,EUR,Europe,YEAR,2024,TOBACCO_INDICATOR,TOBACCO_INDICATOR_Adult_svy_age_range,,,,,,,18+,,,,,2025-07-24T14:32:31Z,2024,2024-01-01,2024-12-31
5472094,TOBACCO_MPOWER_M1_TOBACCOUSESMOKING,COUNTRY,BRA,AMR,Americas,YEAR,2024,TOBACCO_INDICATOR,TOBACCO_INDICATOR_Adult_survey_title,,,,,,,Pesquisa Nacional de Saúde (National Health Survey),,,,,2025-07-24T14:32:31Z,2024,2024-01-01,2024-12-31
5473034,TOBACCO_MPOWER_M1_TOBACCOUSESMOKING,COUNTRY,AUT,EUR,Europe,YEAR,2024,TOBACCO_INDICATOR,TOBACCO_INDICATOR_Adult_svy_national,,,,,,,National,,,,,2025-07-24T14:32:31Z,2024,2024-01-01,2024-12-31
5475475,TOBACCO_MPOWER_M1_TOBACCOUSESMOKING,COUNTRY,COD,AFR,Africa,YEAR,2024,TOBACCO_INDICATOR,TOBACCO_INDICATOR_Adult_svy_yr,,,,,,,2017-18,,,,,2026-01-26T16:07:43Z,2024,2024-01-01,2024-12-31
5508546,TOBACCO_MPOWER_M1_TOBACCOUSESMOKING,COUNTRY,SWE,EUR,Europe,YEAR,2024,TOBACCO_INDICATOR,TOBACCO_INDICATOR_Adult_survey_title,,,,,,,Swedish Living Conditions Survey,,,,,2025-07-24T14:32:31Z,2024,2024-01-01,2024-12-31
5514377,TOBACCO_MPOWER_M1_TOBACCOUSESMOKING,COUNTRY,DZA,AFR,Africa,YEAR,2024,TOBACCO_INDICATOR,TOBACCO_INDICATOR_Adult_svy_age_range,,,,,,,18-69,,,,,2025-07-24T14:32:31Z,2024,2024-01-01,2024-12-31
5545047,TOBACCO_MPOWER_M1_TOBACCOUSESMOKING,COUNTRY,COK,WPR,Western Pacific,YEAR,2024,TOBACCO_INDICATOR,TOBACCO_INDICATOR_Adult_svy_yr,,,,,,,2022,,,,,2026-01-26T16:07:43Z,2024,2024-01-01,2024-12-31
5571258,TOBACCO_MPOWER_M1_TOBACCOUSESMOKING,COUNTRY,GIN,AFR,Africa,YEAR,2024,TOBACCO_INDICATOR,TOBACCO_INDICATOR_Adult_svy_yr,,,,,,,2018,,,,,2026-01-26T16:07:43Z,2024,2024-01-01,2024-12-31
5572582,TOBACCO_MPOWER_M1_TOBACCOUSESMOKING,COUNTRY,GAB,AFR,Africa,YEAR,2024,TOBACCO_INDICATOR,TOBACCO_INDICATOR_Adult_svy_age_range,,,,,,,15-59 (men) 15-49 (women),,,,,2025-07-24T14:32:31Z,2024,2024-01-01,2024-12-31
5576159,TOBACCO_MPOWER_M1_TOBACCOUSESMOKING,COUNTRY,KIR,WPR,Western Pacific,YEAR,2024,TOBACCO_INDICATOR,TOBACCO_INDICATOR_Adult_svy_yr,,,,,,,2018-19,,,,,2026-01-26T16:07:43Z,2024,2024-01-01,2024-12-31
5605188,TOBACCO_MPOWER_M1_TOBACCOUSESMOKING,COUNTRY,GNQ,AFR,Africa,YEAR,2024,TOBACCO_INDICATOR,TOBACCO_INDICATOR_Adult_svy_age_range,,,,,,,15-59 (men) 15-49 (women),,,,,2025-07-24T14:32:31Z,2024,2024-01-01,2024-12-31
5609615,TOBACCO_MPOWER_M1_TOBACCOUSESMOKING,COUNTRY,GUY,AMR,Americas,YEAR,2024,TOBACCO_INDICATOR,TOBACCO_INDICATOR_Adult_svy_age_range,,,,,,,18-69,,,,,2025-07-24T14:32:31Z,2024,2024-01-01,2024-12-31
5658205,TOBACCO_MPOWER_M1_TOBACCOUSESMOKING,COUNTRY,GTM,AMR,Americas,YEAR,2024,TOBACCO_INDICATOR,TOBACCO_INDICATOR_Adult_svy_yr,,,,,,,2014-15,,,,,2026-01-26T16:07:43Z,2024,2024-01-01,2024-12-31
5658495,TOBACCO_MPOWER_M1_TOBACCOUSESMOKING,COUNTRY,PSE,EMR,Eastern Mediterranean,YEAR,2024,TOBACCO_INDICATOR,TOBACCO_INDICATOR_Adult_survey_title,,,,,,,TQS survey,,,,,2025-07-24T14:32:31Z,2024,2024-01-01,2024-12-31
5693798,TOBACCO_MPOWER_M1_TOBACCOUSESMOKING,COUNTRY,EGY,EMR,Eastern Mediterranean,YEAR,2024,TOBACCO_INDICATOR,TOBACCO_INDICATOR_Adult_svy_age_range,,,,,,,15-69,,,,,2025-07-24T14:32:31Z,2024,2024-01-01,2024-12-31
5737403,TOBACCO_MPOWER_M1_TOBACCOUSESMOKING,COUNTRY,KNA,AMR,Americas,YEAR,2024,TOBACCO_INDICATOR,TOBACCO_INDICATOR_Adult_survey_title,,,,,,,STEPS Survey,,,,,2025-07-24T14:32:31Z,2024,2024-01-01,2024-12-31
5746790,TOBACCO_MPOWER_M1_TOBACCOUSESMOKING,COUNTRY,LVA,EUR,Europe,YEAR,2024,TOBACCO_INDICATOR,TOBACCO_INDICATOR_Adult_survey_title,,,,,,,Health behaviour among Latvian adult population,,,,,2025-07-24T14:32:31Z,2024,2024-01-01,2024-12-31
5753243,TOBACCO_MPOWER_M1_TOBACCOUSESMOKING,COUNTRY,IRL,EUR,Europe,YEAR,2024,TOBACCO_INDICATOR,TOBACCO_INDICATOR_Adult_svy_national,,,,,,,National,,,,,2025-07-24T14:32:31Z,2024,2024-01-01,2024-12-31
5780100,TOBACCO_MPOWER_M1_TOBACCOUSESMOKING,COUNTRY,MLT,EUR,Europe,YEAR,2024,TOBACCO_INDICATOR,TOBACCO_INDICATOR_Adult_svy_national,,,,,,,National,,,,,2025-07-24T14:32:31Z,2024,2024-01-01,2024-12-31
5792449,TOBACCO_MPOWER_M1_TOBACCOUSESMOKING,COUNTRY,TKM,EUR,Europe,YEAR,2024,TOBACCO_INDICATOR,TOBACCO_INDICATOR_Adult_survey_title,,,,,,,Turkmenistan STEPS,,,,,2025-07-24T14:32:31Z,2024,2024-01-01,2024-12-31
5806652,TOBACCO_MPOWER_M1_TOBACCOUSESMOKING,COUNTRY,BHR,EMR,Eastern Mediterranean,YEAR,2024,TOBACCO_INDICATOR,TOBACCO_INDICATOR_Adult_svy_yr,,,,,,,2017-19,,,,,2026-01-26T16:07:43Z,2024,2024-01-01,2024-12-31
5818808,TOBACCO_MPOWER_M1_TOBACCOUSESMOKING,COUNTRY,CYP,EUR,Europe,YEAR,2024,TOBACCO_INDICATOR,TOBACCO_INDICATOR_Adult_svy_age_range,,,,,,,18-64,,,,,2025-07-24T14:32:31Z,2024,2024-01-01,2024-12-31
5823653,TOBACCO_MPOWER_M1_TOBACCOUSESMOKING,COUNTRY,BHS,AMR,Americas,YEAR,2024,TOBACCO_INDICATOR,TOBACCO_INDICATOR_Adult_svy_yr,,,,,,,2019,,,,,2026-01-26T16:07:43Z,2024,2024-01-01,2024-12-31
5840907,TOBACCO_MPOWER_M1_TOBACCOUSESMOKING,COUNTRY,AGO,AFR,Africa,YEAR,2024,TOBACCO_INDICATOR,TOBACCO_INDICATOR_Adult_svy_age_range,,,,,,,15-49,,,,,2025-07-24T14:32:31Z,2024,2024-01-01,2024-12-31
5858909,TOBACCO_MPOWER_M1_TOBACCOUSESMOKING,COUNTRY,BEN,AFR,Africa,YEAR,2024,TOBACCO_INDICATOR,TOBACCO_INDICATOR_Adult_svy_yr,,,,,,,2023-24,,,,,2026-01-26T16:07:43Z,2024,2024-01-01,2024-12-31
5866706,TOBACCO_MPOWER_M1_TOBACCOUSESMOKING,COUNTRY,GBR,EUR,Europe,YEAR,2024,TOBACCO_INDICATOR,TOBACCO_INDICATOR_Adult_svy_age_range,,,,,,,18+,,,,,2025-07-24T14:32:31Z,2024,2024-01-01,2024-12-31
5867901,TOBACCO_MPOWER_M1_TOBACCOUSESMOKING,COUNTRY,ZWE,AFR,Africa,YEAR,2024,TOBACCO_INDICATOR,TOBACCO_INDICATOR_Adult_survey_title,,,,,,,Demographic and Health Survey,,,,,2025-07-24T14:32:31Z,2024,2024-01-01,2024-12-31
5879823,TOBACCO_MPOWER_M1_TOBACCOUSESMOKING,COUNTRY,PRT,EUR,Europe,YEAR,2024,TOBACCO_INDICATOR,TOBACCO_INDICATOR_Adult_svy_age_range,,,,,,,15-74,,,,,2025-07-24T14:32:31Z,2024,2024-01-01,2024-12-31
5886087,TOBACCO_MPOWER_M1_TOBACCOUSESMOKING,COUNTRY,PNG,WPR,Western Pacific,YEAR,2024,TOBACCO_INDICATOR,TOBACCO_INDICATOR_Adult_svy_age_range,,,,,,,15-49,,,,,2025-07-24T14:32:31Z,2024,2024-01-01,2024-12-31
5920470,TOBACCO_MPOWER_M1_TOBACCOUSESMOKING,COUNTRY,NPL,SEAR,South-East Asia,YEAR,2024,TOBACCO_INDICATOR,TOBACCO_INDICATOR_Adult_survey_title,,,,,,,Demographic and Health Survey,,,,,2025-07-24T14:32:31Z,2024,2024-01-01,2024-12-31
5930498,TOBACCO_MPOWER_M1_TOBACCOUSESMOKING,COUNTRY,NZL,WPR,Western Pacific,YEAR,2024,TOBACCO_INDICATOR,TOBACCO_INDICATOR_Adult_survey_title,,,,,,,New Zealand Health Survey,,,,,2025-07-24T14:32:31Z,2024,2024-01-01,2024-12-31
5931485,TOBACCO_MPOWER_M1_TOBACCOUSESMOKING,COUNTRY,MKD,EUR,Europe,YEAR,2024,TOBACCO_INDICATOR,TOBACCO_INDICATOR_Adult_svy_national,,,,,,,National,,,,,2025-07-24T14:32:31Z,2024,2024-01-01,2024-12-31
5946555,TOBACCO_MPOWER_M1_TOBACCOUSESMOKING,COUNTRY,CYP,EUR,Europe,YEAR,2024,TOBACCO_INDICATOR,TOBACCO_INDICATOR_Adult_svy_national,,,,,,,National,,,,,2025-07-24T14:32:31Z,2024,2024-01-01,2024-12-31
5961635,TOBACCO_MPOWER_M1_TOBACCOUSESMOKING,COUNTRY,SUR,AMR,Americas,YEAR,2024,TOBACCO_INDICATOR,TOBACCO_INDICATOR_Adult_svy_national,,,,,,,National,,,,,2025-07-24T14:32:31Z,2024,2024-01-01,2024-12-31
5981974,TOBACCO_MPOWER_M1_TOBACCOUSESMOKING,COUNTRY,KNA,AMR,Americas,YEAR,2024,TOBACCO_INDICATOR,TOBACCO_INDICATOR_Adult_svy_national,,,,,,,National,,,,,2025-07-24T14:32:31Z,2024,2024-01-01,2024-12-31
5993738,TOBACCO_MPOWER_M1_TOBACCOUSESMOKING,COUNTRY,AND,EUR,Europe,YEAR,2024,TOBACCO_INDICATOR,TOBACCO_INDICATOR_Adult_svy_national,,,,,,,National,,,,,2025-07-24T14:32:31Z,2024,2024-01-01,2024-12-31
5998939,TOBACCO_MPOWER_M1_TOBACCOUSESMOKING,COUNTRY,SWZ,AFR,Africa,YEAR,2024,TOBACCO_INDICATOR,TOBACCO_INDICATOR_Adult_svy_yr,,,,,,,2021-22,,,,,2026-01-26T16:07:43Z,2024,2024-01-01,2024-12-31
5999414,TOBACCO_MPOWER_M1_TOBACCOUSESMOKING,COUNTRY,GRC,EUR,Europe,YEAR,2024,TOBACCO_INDICATOR,TOBACCO_INDICATOR_Adult_svy_age_range,,,,,,,15+,,,,,2025-07-24T14:32:31Z,2024,2024-01-01,2024-12-31
6051561,TOBACCO_MPOWER_M1_TOBACCOUSESMOKING,COUNTRY,GHA,AFR,Africa,YEAR,2024,TOBACCO_INDICATOR,TOBACCO_INDICATOR_Adult_svy_national,,,,,,,National,,,,,2025-07-24T14:32:31Z,2024,2024-01-01,2024-12-31
6057139,TOBACCO_MPOWER_M1_TOBACCOUSESMOKING,COUNTRY,BHR,EMR,Eastern Mediterranean,YEAR,2024,TOBACCO_INDICATOR,TOBACCO_INDICATOR_Adult_survey_title,,,,,,,National Health Survey,,,,,2025-07-24T14:32:31Z,2024,2024-01-01,2024-12-31
6061560,TOBACCO_MPOWER_M1_TOBACCOUSESMOKING,COUNTRY,HRV,EUR,Europe,YEAR,2024,TOBACCO_INDICATOR,TOBACCO_INDICATOR_Adult_survey_title,,,,,,,Stanju u području ovisnosti u općoj populaciji Republike Hrvatske,,,,,2025-07-24T14:32:31Z,2024,2024-01-01,2024-12-31
6089130,TOBACCO_MPOWER_M1_TOBACCOUSESMOKING,COUNTRY,ZMB,AFR,Africa,YEAR,2024,TOBACCO_INDICATOR,TOBACCO_INDICATOR_Adult_svy_age_range,,,,,,,15-59 (men) 15-49 (women),,,,,2025-07-24T14:32:31Z,2024,2024-01-01,2024-12-31
6095156,TOBACCO_MPOWER_M1_TOBACCOUSESMOKING,COUNTRY,BLZ,AMR,Americas,YEAR,2024,TOBACCO_INDICATOR,TOBACCO_INDICATOR_Adult_svy_age_range,,,,,,,15-49,,,,,2025-07-24T14:32:31Z,2024,2024-01-01,2024-12-31
6111105,TOBACCO_MPOWER_M1_TOBACCOUSESMOKING,COUNTRY,WSM,WPR,Western Pacific,YEAR,2024,TOBACCO_INDICATOR,TOBACCO_INDICATOR_Adult_svy_yr,,,,,,,2019-20,,,,,2026-01-26T16:07:43Z,2024,2024-01-01,2024-12-31
6131781,TOBACCO_MPOWER_M1_TOBACCOUSESMOKING,COUNTRY,TKM,EUR,Europe,YEAR,2024,TOBACCO_INDICATOR,TOBACCO_INDICATOR_Adult_svy_age_range,,,,,,,18-69,,,,,2025-07-24T14:32:31Z,2024,2024-01-01,2024-12-31
6163458,TOBACCO_MPOWER_M1_TOBACCOUSESMOKING,COUNTRY,BLR,EUR,Europe,YEAR,2024,TOBACCO_INDICATOR,TOBACCO_INDICATOR_Adult_survey_title,,,,,,,выборочное обследование домашних хозяйств по уровню жизни (Sample survey of households living standards),,,,,2025-07-24T14:32:31Z,2024,2024-01-01,2024-12-31
6164717,TOBACCO_MPOWER_M1_TOBACCOUSESMOKING,COUNTRY,TTO,AMR,Americas,YEAR,2024,TOBACCO_INDICATOR,TOBACCO_INDICATOR_Adult_survey_title,,,,,,,Pan American STEPS Noncommunicable Diseases and Risk Factors Survey,,,,,2025-07-24T14:32:31Z,2024,2024-01-01,2024-12-31
6167230,TOBACCO_MPOWER_M1_TOBACCOUSESMOKING,COUNTRY,CZE,EUR,Europe,YEAR,2024,TOBACCO_INDICATOR,TOBACCO_INDICATOR_Adult_svy_yr,,,,,,,2023,,,,,2026-01-26T16:07:43Z,2024,2024-01-01,2024-12-31
6185555,TOBACCO_MPOWER_M1_TOBACCOUSESMOKING,COUNTRY,NZL,WPR,Western Pacific,YEAR,2024,TOBACCO_INDICATOR,TOBACCO_INDICATOR_Adult_svy_yr,,,,,,,2023-24,,,,,2026-01-26T16:07:43Z,2024,2024-01-01,2024-12-31
6206627,TOBACCO_MPOWER_M1_TOBACCOUSESMOKING,COUNTRY,SLE,AFR,Africa,YEAR,2024,TOBACCO_INDICATOR,TOBACCO_INDICATOR_Adult_survey_title,,,,,,,Demographic and Health Survey,,,,,2025-07-24T14:32:31Z,2024,2024-01-01,2024-12-31
6206898,TOBACCO_MPOWER_M1_TOBACCOUSESMOKING,COUNTRY,MNG,WPR,Western Pacific,YEAR,2024,TOBACCO_INDICATOR,TOBACCO_INDICATOR_Adult_svy_age_range,,,,,,,15-49,,,,,2025-07-24T14:32:31Z,2024,2024-01-01,2024-12-31
6219425,TOBACCO_MPOWER_M1_TOBACCOUSESMOKING,COUNTRY,SVK,EUR,Europe,YEAR,2024,TOBACCO_INDICATOR,TOBACCO_INDICATOR_Adult_survey_title,,,,,,,European Health Interview Survey,,,,,2025-07-24T14:32:31Z,2024,2024-01-01,2024-12-31
6220770,TOBACCO_MPOWER_M1_TOBACCOUSESMOKING,COUNTRY,BFA,AFR,Africa,YEAR,2024,TOBACCO_INDICATOR,TOBACCO_INDICATOR_Adult_svy_yr,,,,,,,2021,,,,,2026-01-26T16:07:43Z,2024,2024-01-01,2024-12-31
6231457,TOBACCO_MPOWER_M1_TOBACCOUSESMOKING,COUNTRY,NAM,AFR,Africa,YEAR,2024,TOBACCO_INDICATOR,TOBACCO_INDICATOR_Adult_svy_yr,,,,,,,2013,,,,,2026-01-26T16:07:43Z,2024,2024-01-01,2024-12-31
6239371,TOBACCO_MPOWER_M1_TOBACCOUSESMOKING,COUNTRY,CHL,AMR,Americas,YEAR,2024,TOBACCO_INDICATOR,TOBACCO_INDICATOR_Adult_survey_title,,,,,,,Estudio Nacional de Drogas en Población General de Chile,,,,,2025-07-24T14:32:31Z,2024,2024-01-01,2024-12-31
6253041,TOBACCO_MPOWER_M1_TOBACCOUSESMOKING,COUNTRY,UZB,EUR,Europe,YEAR,2024,TOBACCO_INDICATOR,TOBACCO_INDICATOR_Adult_svy_yr,,,,,,,2019,,,,,2026-01-26T16:07:43Z,2024,2024-01-01,2024-12-31
6254441,TOBACCO_MPOWER_M1_TOBACCOUSESMOKING,COUNTRY,TCD,AFR,Africa,YEAR,2024,TOBACCO_INDICATOR,TOBACCO_INDICATOR_Adult_svy_yr,,,,,,,2014-15,,,,,2026-01-26T16:07:43Z,2024,2024-01-01,2024-12-31
6275363,TOBACCO_MPOWER_M1_TOBACCOUSESMOKING,COUNTRY,COL,AMR,Americas,YEAR,2024,TOBACCO_INDICATOR,TOBACCO_INDICATOR_Adult_survey_title,,,,,,,Estudio Nacional de Consumo de Sustancias Psicoactivas en Colombia,,,,,2025-07-24T14:32:31Z,2024,2024-01-01,2024-12-31
6280293,TOBACCO_MPOWER_M1_TOBACCOUSESMOKING,COUNTRY,FSM,WPR,Western Pacific,YEAR,2024,TOBACCO_INDICATOR,TOBACCO_INDICATOR_Adult_svy_yr,,,,,,,2012,,,,,2026-01-26T16:07:43Z,2024,2024-01-01,2024-12-31
6296404,TOBACCO_MPOWER_M1_TOBACCOUSESMOKING,COUNTRY,SSD,AFR,Africa,YEAR,2024,TOBACCO_INDICATOR,TOBACCO_INDICATOR_Adult_svy_yr,,,,,,,. . .,,,,,2026-01-26T16:07:43Z,2024,2024-01-01,2024-12-31
6299800,TOBACCO_MPOWER_M1_TOBACCOUSESMOKING,COUNTRY,DJI,EMR,Eastern Mediterranean,YEAR,2024,TOBACCO_INDICATOR,TOBACCO_INDICATOR_Adult_survey_title,,,,,,,Enquête Djiboutienne sur la santé de la famille (PAPFAM),,,,,2025-07-24T14:32:31Z,2024,2024-01-01,2024-12-31
6304798,TOBACCO_MPOWER_M1_TOBACCOUSESMOKING,COUNTRY,WSM,WPR,Western Pacific,YEAR,2024,TOBACCO_INDICATOR,TOBACCO_INDICATOR_Adult_svy_national,,,,,,,National,,,,,2025-07-24T14:32:31Z,2024,2024-01-01,2024-12-31
6324041,TOBACCO_MPOWER_M1_TOBACCOUSESMOKING,COUNTRY,DJI,EMR,Eastern Mediterranean,YEAR,2024,TOBACCO_INDICATOR,TOBACCO_INDICATOR_Adult_svy_yr,,,,,,,2012,,,,,2026-01-26T16:07:43Z,2024,2024-01-01,2024-12-31
6335477,TOBACCO_MPOWER_M1_TOBACCOUSESMOKING,COUNTRY,ROU,EUR,Europe,YEAR,2024,TOBACCO_INDICATOR,TOBACCO_INDICATOR_Adult_svy_age_range,,,,,,,15+,,,,,2025-07-24T14:32:31Z,2024,2024-01-01,2024-12-31
6351078,TOBACCO_MPOWER_M1_TOBACCOUSESMOKING,COUNTRY,SWE,EUR,Europe,YEAR,2024,TOBACCO_INDICATOR,TOBACCO_INDICATOR_Adult_svy_yr,,,,,,,2023,,,,,2026-01-26T16:07:43Z,2024,2024-01-01,2024-12-31
6353200,TOBACCO_MPOWER_M1_TOBACCOUSESMOKING,COUNTRY,SLV,AMR,Americas,YEAR,2024,TOBACCO_INDICATOR,TOBACCO_INDICATOR_Adult_svy_age_range,,,,,,,18+,,,,,2025-07-24T14:32:31Z,2024,2024-01-01,2024-12-31
6372474,TOBACCO_MPOWER_M1_TOBACCOUSESMOKING,COUNTRY,SSD,AFR,Africa,YEAR,2024,TOBACCO_INDICATOR,TOBACCO_INDICATOR_Adult_svy_national,,,,,,,. . .,,,,,2025-07-24T14:32:31Z,2024,2024-01-01,2024-12-31
6426186,TOBACCO_MPOWER_M1_TOBACCOUSESMOKING,COUNTRY,KHM,WPR,Western Pacific,YEAR,2024,TOBACCO_INDICATOR,TOBACCO_INDICATOR_Adult_svy_national,,,,,,,National,,,,,2025-07-24T14:32:31Z,2024,2024-01-01,2024-12-31
6434915,TOBACCO_MPOWER_M1_TOBACCOUSESMOKING,COUNTRY,MUS,AFR,Africa,YEAR,2024,TOBACCO_INDICATOR,TOBACCO_INDICATOR_Adult_svy_age_range,,,,,,,25-74,,,,,2025-07-24T14:32:31Z,2024,2024-01-01,2024-12-31
6452495,TOBACCO_MPOWER_M1_TOBACCOUSESMOKING,COUNTRY,PAN,AMR,Americas,YEAR,2024,TOBACCO_INDICATOR,TOBACCO_INDICATOR_Adult_svy_national,,,,,,,National,,,,,2025-07-24T14:32:31Z,2024,2024-01-01,2024-12-31
6458691,TOBACCO_MPOWER_M1_TOBACCOUSESMOKING,COUNTRY,CRI,AMR,Americas,YEAR,2024,TOBACCO_INDICATOR,TOBACCO_INDICATOR_Adult_survey_title,,,,,,,Global Adult Tobacco Survey (GATS),,,,,2025-07-24T14:32:31Z,2024,2024-01-01,2024-12-31
6515016,TOBACCO_MPOWER_M1_TOBACCOUSESMOKING,COUNTRY,CHN,WPR,Western Pacific,YEAR,2024,TOBACCO_INDICATOR,TOBACCO_INDICATOR_Adult_svy_yr,,,,,,,2022,,,,,2026-01-26T16:07:43Z,2024,2024-01-01,2024-12-31
6536134,TOBACCO_MPOWER_M1_TOBACCOUSESMOKING,COUNTRY,VNM,WPR,Western Pacific,YEAR,2024,TOBACCO_INDICATOR,TOBACCO_INDICATOR_Adult_svy_age_range,,,,,,,15+,,,,,2025-07-24T14:32:31Z,2024,2024-01-01,2024-12-31
6548046,TOBACCO_MPOWER_M1_TOBACCOUSESMOKING,COUNTRY,PSE,EMR,Eastern Mediterranean,YEAR,2024,TOBACCO_INDICATOR,TOBACCO_INDICATOR_Adult_svy_yr,,,,,,,2022,,,,,2026-01-26T16:07:43Z,2024,2024-01-01,2024-12-31
6554787,TOBACCO_MPOWER_M1_TOBACCOUSESMOKING,COUNTRY,VUT,WPR,Western Pacific,YEAR,2024,TOBACCO_INDICATOR,TOBACCO_INDICATOR_Adult_svy_yr,,,,,,,2023,,,,,2026-01-26T16:07:43Z,2024,2024-01-01,2024-12-31
6556305,TOBACCO_MPOWER_M1_TOBACCOUSESMOKING,COUNTRY,TZA,AFR,Africa,YEAR,2024,TOBACCO_INDICATOR,TOBACCO_INDICATOR_Adult_survey_title,,,,,,,Demographic and Health Survey,,,,,2025-07-24T14:32:31Z,2024,2024-01-01,2024-12-31
6560450,TOBACCO_MPOWER_M1_TOBACCOUSESMOKING,COUNTRY,BLR,EUR,Europe,YEAR,2024,TOBACCO_INDICATOR,TOBACCO_INDICATOR_Adult_svy_national,,,,,,,National,,,,,2025-07-24T14:32:31Z,2024,2024-01-01,2024-12-31
6563817,TOBACCO_MPOWER_M1_TOBACCOUSESMOKING,COUNTRY,PSE,EMR,Eastern Mediterranean,YEAR,2024,TOBACCO_INDICATOR,TOBACCO_INDICATOR_Adult_svy_age_range,,,,,,,18-69,,,,,2025-07-24T14:32:31Z,2024,2024-01-01,2024-12-31
6583242,TOBACCO_MPOWER_M1_TOBACCOUSESMOKING,COUNTRY,TUR,EUR,Europe,YEAR,2024,TOBACCO_INDICATOR,TOBACCO_INDICATOR_Adult_svy_yr,,,,,,,2022,,,,,2026-01-26T16:07:43Z,2024,2024-01-01,2024-12-31
6635859,TOBACCO_MPOWER_M1_TOBACCOUSESMOKING,COUNTRY,TJK,EUR,Europe,YEAR,2024,TOBACCO_INDICATOR,TOBACCO_INDICATOR_Adult_svy_age_range,,,,,,,18-69,,,,,2025-07-24T14:32:31Z,2024,2024-01-01,2024-12-31
6641085,TOBACCO_MPOWER_M1_TOBACCOUSESMOKING,COUNTRY,KAZ,EUR,Europe,YEAR,2024,TOBACCO_INDICATOR,TOBACCO_INDICATOR_Adult_svy_national,,,,,,,National,,,,,2025-07-24T14:32:31Z,2024,2024-01-01,2024-12-31
6642770,TOBACCO_MPOWER_M1_TOBACCOUSESMOKING,COUNTRY,ETH,AFR,Africa,YEAR,2024,TOBACCO_INDICATOR,TOBACCO_INDICATOR_Adult_svy_age_range,,,,,,,15+,,,,,2025-07-24T14:32:31Z,2024,2024-01-01,2024-12-31
6644845,TOBACCO_MPOWER_M1_TOBACCOUSESMOKING,COUNTRY,TZA,AFR,Africa,YEAR,2024,TOBACCO_INDICATOR,TOBACCO_INDICATOR_Adult_svy_national,,,,,,,National,,,,,2025-07-24T14:32:31Z,2024,2024-01-01,2024-12-31
6648598,TOBACCO_MPOWER_M1_TOBACCOUSESMOKING,COUNTRY,TON,WPR,Western Pacific,YEAR,2024,TOBACCO_INDICATOR,TOBACCO_INDICATOR_Adult_svy_yr,,,,,,,2019,,,,,2026-01-26T16:07:43Z,2024,2024-01-01,2024-12-31
6649567,TOBACCO_MPOWER_M1_TOBACCOUSESMOKING,COUNTRY,CMR,AFR,Africa,YEAR,2024,TOBACCO_INDICATOR,TOBACCO_INDICATOR_Adult_svy_age_range,,,,,,,15-64,,,,,2025-07-24T14:32:31Z,2024,2024-01-01,2024-12-31
6650093,TOBACCO_MPOWER_M1_TOBACCOUSESMOKING,COUNTRY,KNA,AMR,Americas,YEAR,2024,TOBACCO_INDICATOR,TOBACCO_INDICATOR_Adult_svy_yr,,,,,,,2007-08,,,,,2026-01-26T16:07:43Z,2024,2024-01-01,2024-12-31
6724617,TOBACCO_MPOWER_M1_TOBACCOUSESMOKING,COUNTRY,CYP,EUR,Europe,YEAR,2024,TOBACCO_INDICATOR,TOBACCO_INDICATOR_Adult_survey_title,,,,,,,National addictions authority general population survey,,,,,2025-07-24T14:32:31Z,2024,2024-01-01,2024-12-31
6740086,TOBACCO_MPOWER_M1_TOBACCOUSESMOKING,COUNTRY,CUB,AMR,Americas,YEAR,2024,TOBACCO_INDICATOR,TOBACCO_INDICATOR_Adult_survey_title,,,,,,,Encuesta de Indicadores Múltiples por Conglomerados (MICS),,,,,2025-07-24T14:32:31Z,2024,2024-01-01,2024-12-31
6754275,TOBACCO_MPOWER_M1_TOBACCOUSESMOKING,COUNTRY,CMR,AFR,Africa,YEAR,2024,TOBACCO_INDICATOR,TOBACCO_INDICATOR_Adult_svy_national,,,,,,,National,,,,,2025-07-24T14:32:31Z,2024,2024-01-01,2024-12-31
6774384,TOBACCO_MPOWER_M1_TOBACCOUSESMOKING,COUNTRY,CHE,EUR,Europe,YEAR,2024,TOBACCO_INDICATOR,TOBACCO_INDICATOR_Adult_svy_national,,,,,,,National,,,,,2025-07-24T14:32:31Z,2024,2024-01-01,2024-12-31
6776719,TOBACCO_MPOWER_M1_TOBACCOUSESMOKING,COUNTRY,KGZ,EUR,Europe,YEAR,2024,TOBACCO_INDICATOR,TOBACCO_INDICATOR_Adult_svy_yr,,,,,,,2023,,,,,2026-01-26T16:07:43Z,2024,2024-01-01,2024-12-31
6787966,TOBACCO_MPOWER_M1_TOBACCOUSESMOKING,COUNTRY,NPL,SEAR,South-East Asia,YEAR,2024,TOBACCO_INDICATOR,TOBACCO_INDICATOR_Adult_svy_national,,,,,,,National,,,,,2025-07-24T14:32:31Z,2024,2024-01-01,2024-12-31
6788954,TOBACCO_MPOWER_M1_TOBACCOUSESMOKING,COUNTRY,MWI,AFR,Africa,YEAR,2024,TOBACCO_INDICATOR,TOBACCO_INDICATOR_Adult_survey_title,,,,,,,Multiple Indicator Cluster Survey (MICS),,,,,2025-07-24T14:32:31Z,2024,2024-01-01,2024-12-31
6798709,TOBACCO_MPOWER_M1_TOBACCOUSESMOKING,COUNTRY,MWI,AFR,Africa,YEAR,2024,TOBACCO_INDICATOR,TOBACCO_INDICATOR_Adult_svy_age_range,,,,,,,15-49,,,,,2025-07-24T14:32:31Z,2024,2024-01-01,2024-12-31
6803412,TOBACCO_MPOWER_M1_TOBACCOUSESMOKING,COUNTRY,NPL,SEAR,South-East Asia,YEAR,2024,TOBACCO_INDICATOR,TOBACCO_INDICATOR_Adult_svy_age_range,,,,,,,15-49,,,,,2025-07-24T14:32:31Z,2024,2024-01-01,2024-12-31
6805711,TOBACCO_MPOWER_M1_TOBACCOUSESMOKING,COUNTRY,JAM,AMR,Americas,YEAR,2024,TOBACCO_INDICATOR,TOBACCO_INDICATOR_Adult_svy_yr,,,,,,,2016-17,,,,,2026-01-26T16:07:43Z,2024,2024-01-01,2024-12-31
6813064,TOBACCO_MPOWER_M1_TOBACCOUSESMOKING,COUNTRY,MUS,AFR,Africa,YEAR,2024,TOBACCO_INDICATOR,TOBACCO_INDICATOR_Adult_svy_yr,,,,,,,2021,,,,,2026-01-26T16:07:43Z,2024,2024-01-01,2024-12-31
6829317,TOBACCO_MPOWER_M1_TOBACCOUSESMOKING,COUNTRY,GMB,AFR,Africa,YEAR,2024,TOBACCO_INDICATOR,TOBACCO_INDICATOR_Adult_svy_age_range,,,,,,,15-59 (men) 15-49 (women),,,,,2025-07-24T14:32:31Z,2024,2024-01-01,2024-12-31
6832958,TOBACCO_MPOWER_M1_TOBACCOUSESMOKING,COUNTRY,COL,AMR,Americas,YEAR,2024,TOBACCO_INDICATOR,TOBACCO_INDICATOR_Adult_svy_national,,,,,,,National,,,,,2025-07-24T14:32:31Z,2024,2024-01-01,2024-12-31
6853861,TOBACCO_MPOWER_M1_TOBACCOUSESMOKING,COUNTRY,BWA,AFR,Africa,YEAR,2024,TOBACCO_INDICATOR,TOBACCO_INDICATOR_Adult_svy_yr,,,,,,,2017,,,,,2026-01-26T16:07:43Z,2024,2024-01-01,2024-12-31
6854938,TOBACCO_MPOWER_M1_TOBACCOUSESMOKING,COUNTRY,MCO,EUR,Europe,YEAR,2024,TOBACCO_INDICATOR,TOBACCO_INDICATOR_Adult_svy_age_range,,,,,,,. . .,,,,,2025-07-24T14:32:31Z,2024,2024-01-01,2024-12-31
6873012,TOBACCO_MPOWER_M1_TOBACCOUSESMOKING,COUNTRY,IRN,EMR,Eastern Mediterranean,YEAR,2024,TOBACCO_INDICATOR,TOBACCO_INDICATOR_Adult_svy_national,,,,,,,National,,,,,2025-07-24T14:32:31Z,2024,2024-01-01,2024-12-31
6877255,TOBACCO_MPOWER_M1_TOBACCOUSESMOKING,COUNTRY,LUX,EUR,Europe,YEAR,2024,TOBACCO_INDICATOR,TOBACCO_INDICATOR_Adult_svy_yr,,,,,,,2023,,,,,2026-01-26T16:07:43Z,2024,2024-01-01,2024-12-31
6882827,TOBACCO_MPOWER_M1_TOBACCOUSESMOKING,COUNTRY,OMN,EMR,Eastern Mediterranean,YEAR,2024,TOBACCO_INDICATOR,TOBACCO_INDICATOR_Adult_svy_age_range,,,,,,,15+,,,,,2025-07-24T14:32:31Z,2024,2024-01-01,2024-12-31
6898540,TOBACCO_MPOWER_M1_TOBACCOUSESMOKING,COUNTRY,NOR,EUR,Europe,YEAR,2024,TOBACCO_INDICATOR,TOBACCO_INDICATOR_Adult_svy_national,,,,,,,National,,,,,2025-07-24T14:32:31Z,2024,2024-01-01,2024-12-31
6899547,TOBACCO_MPOWER_M1_TOBACCOUSESMOKING,COUNTRY,BRB,AMR,Americas,YEAR,2024,TOBACCO_INDICATOR,TOBACCO_INDICATOR_Adult_svy_yr,,,,,,,2011-12,,,,,2026-01-26T16:07:43Z,2024,2024-01-01,2024-12-31
6912097,TOBACCO_MPOWER_M1_TOBACCOUSESMOKING,COUNTRY,AZE,EUR,Europe,YEAR,2024,TOBACCO_INDICATOR,TOBACCO_INDICATOR_Adult_svy_national,,,,,,,National,,,,,2025-07-24T14:32:31Z,2024,2024-01-01,2024-12-31
6929096,TOBACCO_MPOWER_M1_TOBACCOUSESMOKING,COUNTRY,MDV,SEAR,South-East Asia,YEAR,2024,TOBACCO_INDICATOR,TOBACCO_INDICATOR_Adult_svy_yr,,,,,,,2020-21,,,,,2026-01-26T16:07:43Z,2024,2024-01-01,2024-12-31
6945064,TOBACCO_MPOWER_M1_TOBACCOUSESMOKING,COUNTRY,ZAF,AFR,Africa,YEAR,2024,TOBACCO_INDICATOR,TOBACCO_INDICATOR_Adult_svy_national,,,,,,,National,,,,,2025-07-24T14:32:31Z,2024,2024-01-01,2024-12-31
6954594,TOBACCO_MPOWER_M1_TOBACCOUSESMOKING,COUNTRY,CPV,AFR,Africa,YEAR,2024,TOBACCO_INDICATOR,TOBACCO_INDICATOR_Adult_svy_age_range,,,,,,,18-69,,,,,2025-07-24T14:32:31Z,2024,2024-01-01,2024-12-31
6964098,TOBACCO_MPOWER_M1_TOBACCOUSESMOKING,COUNTRY,GMB,AFR,Africa,YEAR,2024,TOBACCO_INDICATOR,TOBACCO_INDICATOR_Adult_svy_yr,,,,,,,2019-20,,,,,2026-01-26T16:07:43Z,2024,2024-01-01,2024-12-31
6967780,TOBACCO_MPOWER_M1_TOBACCOUSESMOKING,COUNTRY,COM,AFR,Africa,YEAR,2024,TOBACCO_INDICATOR,TOBACCO_INDICATOR_Adult_svy_age_range,,,,,,,15-49,,,,,2025-07-24T14:32:31Z,2024,2024-01-01,2024-12-31
6991611,TOBACCO_MPOWER_M1_TOBACCOUSESMOKING,COUNTRY,MUS,AFR,Africa,YEAR,2024,TOBACCO_INDICATOR,TOBACCO_INDICATOR_Adult_svy_national,,,,,,,National,,,,,2025-07-24T14:32:31Z,2024,2024-01-01,2024-12-31
6998027,TOBACCO_MPOWER_M1_TOBACCOUSESMOKING,COUNTRY,FRA,EUR,Europe,YEAR,2024,TOBACCO_INDICATOR,TOBACCO_INDICATOR_Adult_svy_national,,,,,,,National,,,,,2025-07-24T14:32:31Z,2024,2024-01-01,2024-12-31
7025468,TOBACCO_MPOWER_M1_TOBACCOUSESMOKING,COUNTRY,GMB,AFR,Africa,YEAR,2024,TOBACCO_INDICATOR,TOBACCO_INDICATOR_Adult_survey_title,,,,,,,Demographic and Health Survey,,,,,2025-07-24T14:32:31Z,2024,2024-01-01,2024-12-31
7038611,TOBACCO_MPOWER_M1_TOBACCOUSESMOKING,COUNTRY,LTU,EUR,Europe,YEAR,2024,TOBACCO_INDICATOR,TOBACCO_INDICATOR_Adult_svy_national,,,,,,,National,,,,,2025-07-24T14:32:31Z,2024,2024-01-01,2024-12-31
7064802,TOBACCO_MPOWER_M1_TOBACCOUSESMOKING,COUNTRY,MMR,SEAR,South-East Asia,YEAR,2024,TOBACCO_INDICATOR,TOBACCO_INDICATOR_Adult_svy_yr,,,,,,,2015-16,,,,,2026-01-26T16:07:43Z,2024,2024-01-01,2024-12-31
7090646,TOBACCO_MPOWER_M1_TOBACCOUSESMOKING,COUNTRY,SDN,EMR,Eastern Mediterranean,YEAR,2024,TOBACCO_INDICATOR,TOBACCO_INDICATOR_Adult_svy_yr,,,,,,,2016,,,,,2026-01-26T16:07:43Z,2024,2024-01-01,2024-12-31
7114637,TOBACCO_MPOWER_M1_TOBACCOUSESMOKING,COUNTRY,NLD,EUR,Europe,YEAR,2024,TOBACCO_INDICATOR,TOBACCO_INDICATOR_Adult_survey_title,,,,,,,"Health Survey/Lifestyle Monitor, Statistics Netherlands (CBS) in collaboration with National Institute for Public Health and the Environment (RIVM) and Trimbos-institute",,,,,2025-07-24T14:32:31Z,2024,2024-01-01,2024-12-31
7126178,TOBACCO_MPOWER_M1_TOBACCOUSESMOKING,COUNTRY,MNE,EUR,Europe,YEAR,2024,TOBACCO_INDICATOR,TOBACCO_INDICATOR_Adult_svy_age_range,,,,,,,18-85,,,,,2025-07-24T14:32:31Z,2024,2024-01-01,2024-12-31
7135734,TOBACCO_MPOWER_M1_TOBACCOUSESMOKING,COUNTRY,NOR,EUR,Europe,YEAR,2024,TOBACCO_INDICATOR,TOBACCO_INDICATOR_Adult_svy_age_range,,,,,,,16-79,,,,,2025-07-24T14:32:31Z,2024,2024-01-01,2024-12-31
7146917,TOBACCO_MPOWER_M1_TOBACCOUSESMOKING,COUNTRY,MLI,AFR,Africa,YEAR,2024,TOBACCO_INDICATOR,TOBACCO_INDICATOR_Adult_svy_national,,,,,,,National,,,,,2025-07-24T14:32:31Z,2024,2024-01-01,2024-12-31
7170197,TOBACCO_MPOWER_M1_TOBACCOUSESMOKING,COUNTRY,COD,AFR,Africa,YEAR,2024,TOBACCO_INDICATOR,TOBACCO_INDICATOR_Adult_svy_national,,,,,,,National,,,,,2025-07-24T14:32:31Z,2024,2024-01-01,2024-12-31
7175848,TOBACCO_MPOWER_M1_TOBACCOUSESMOKING,COUNTRY,AGO,AFR,Africa,YEAR,2024,TOBACCO_INDICATOR,TOBACCO_INDICATOR_Adult_svy_national,,,,,,,National,,,,,2025-07-24T14:32:31Z,2024,2024-01-01,2024-12-31
7183130,TOBACCO_MPOWER_M1_TOBACCOUSESMOKING,COUNTRY,LCA,AMR,Americas,YEAR,2024,TOBACCO_INDICATOR,TOBACCO_INDICATOR_Adult_svy_national,,,,,,,National,,,,,2025-07-24T14:32:31Z,2024,2024-01-01,2024-12-31
7204111,TOBACCO_MPOWER_M1_TOBACCOUSESMOKING,COUNTRY,ARG,AMR,Americas,YEAR,2024,TOBACCO_INDICATOR,TOBACCO_INDICATOR_Adult_survey_title,,,,,,,Encuesta Nacional de Consumos y Prácticas de Cuidado,,,,,2025-07-24T14:32:31Z,2024,2024-01-01,2024-12-31
7243830,TOBACCO_MPOWER_M1_TOBACCOUSESMOKING,COUNTRY,AUT,EUR,Europe,YEAR,2024,TOBACCO_INDICATOR,TOBACCO_INDICATOR_Adult_svy_yr,,,,,,,2022,,,,,2026-01-26T16:07:43Z,2024,2024-01-01,2024-12-31
7245970,TOBACCO_MPOWER_M1_TOBACCOUSESMOKING,COUNTRY,NIU,WPR,Western Pacific,YEAR,2024,TOBACCO_INDICATOR,TOBACCO_INDICATOR_Adult_svy_age_range,,,,,,,15+,,,,,2025-07-24T14:32:31Z,2024,2024-01-01,2024-12-31
7248238,TOBACCO_MPOWER_M1_TOBACCOUSESMOKING,COUNTRY,KAZ,EUR,Europe,YEAR,2024,TOBACCO_INDICATOR,TOBACCO_INDICATOR_Adult_svy_yr,,,,,,,2023,,,,,2026-01-26T16:07:43Z,2024,2024-01-01,2024-12-31
7262322,TOBACCO_MPOWER_M1_TOBACCOUSESMOKING,COUNTRY,IND,SEAR,South-East Asia,YEAR,2024,TOBACCO_INDICATOR,TOBACCO_INDICATOR_Adult_svy_age_range,,,,,,,15+,,,,,2025-07-24T14:32:31Z,2024,2024-01-01,2024-12-31
7264773,TOBACCO_MPOWER_M1_TOBACCOUSESMOKING,COUNTRY,USA,AMR,Americas,YEAR,2024,TOBACCO_INDICATOR,TOBACCO_INDICATOR_Adult_survey_title,,,,,,,National Survey on Drug Use and Health (NSDUH),,,,,2025-07-24T14:32:31Z,2024,2024-01-01,2024-12-31
7266371,TOBACCO_MPOWER_M1_TOBACCOUSESMOKING,COUNTRY,MKD,EUR,Europe,YEAR,2024,TOBACCO_INDICATOR,TOBACCO_INDICATOR_Adult_survey_title,,,,,,,COM-B Model Survey,,,,,2025-07-24T14:32:31Z,2024,2024-01-01,2024-12-31
7275167,TOBACCO_MPOWER_M1_TOBACCOUSESMOKING,COUNTRY,MAR,EMR,Eastern Mediterranean,YEAR,2024,TOBACCO_INDICATOR,TOBACCO_INDICATOR_Adult_svy_age_range,,,,,,,18-69,,,,,2025-07-24T14:32:31Z,2024,2024-01-01,2024-12-31
7276078,TOBACCO_MPOWER_M1_TOBACCOUSESMOKING,COUNTRY,CHL,AMR,Americas,YEAR,2024,TOBACCO_INDICATOR,TOBACCO_INDICATOR_Adult_svy_yr,,,,,,,2022,,,,,2026-01-26T16:07:43Z,2024,2024-01-01,2024-12-31
7277605,TOBACCO_MPOWER_M1_TOBACCOUSESMOKING,COUNTRY,CPV,AFR,Africa,YEAR,2024,TOBACCO_INDICATOR,TOBACCO_INDICATOR_Adult_svy_national,,,,,,,National,,,,,2025-07-24T14:32:31Z,2024,2024-01-01,2024-12-31
7277963,TOBACCO_MPOWER_M1_TOBACCOUSESMOKING,COUNTRY,TUR,EUR,Europe,YEAR,2024,TOBACCO_INDICATOR,TOBACCO_INDICATOR_Adult_survey_title,,,,,,,Turkey Health Survey,,,,,2025-07-24T14:32:31Z,2024,2024-01-01,2024-12-31
7281439,TOBACCO_MPOWER_M1_TOBACCOUSESMOKING,COUNTRY,SUR,AMR,Americas,YEAR,2024,TOBACCO_INDICATOR,TOBACCO_INDICATOR_Adult_survey_title,,,,,,,STEPS Survey,,,,,2025-07-24T14:32:31Z,2024,2024-01-01,2024-12-31
7281808,TOBACCO_MPOWER_M1_TOBACCOUSESMOKING,COUNTRY,AUS,WPR,Western Pacific,YEAR,2024,TOBACCO_INDICATOR,TOBACCO_INDICATOR_Adult_survey_title,,,,,,,National Drug Strategy Household Survey,,,,,2025-07-24T14:32:31Z,2024,2024-01-01,2024-12-31
7304543,TOBACCO_MPOWER_M1_TOBACCOUSESMOKING,COUNTRY,CPV,AFR,Africa,YEAR,2024,TOBACCO_INDICATOR,TOBACCO_INDICATOR_Adult_svy_yr,,,,,,,2020,,,,,2026-01-26T16:07:43Z,2024,2024-01-01,2024-12-31
7307817,TOBACCO_MPOWER_M1_TOBACCOUSESMOKING,COUNTRY,VEN,AMR,Americas,YEAR,2024,TOBACCO_INDICATOR,TOBACCO_INDICATOR_Adult_svy_yr,,,,,,,2011,,,,,2026-01-26T16:07:43Z,2024,2024-01-01,2024-12-31
7308853,TOBACCO_MPOWER_M1_TOBACCOUSESMOKING,COUNTRY,URY,AMR,Americas,YEAR,2024,TOBACCO_INDICATOR,TOBACCO_INDICATOR_Adult_svy_yr,,,,,,,2023,,,,,2026-01-26T16:07:43Z,2024,2024-01-01,2024-12-31
7323979,TOBACCO_MPOWER_M1_TOBACCOUSESMOKING,COUNTRY,SYR,EMR,Eastern Mediterranean,YEAR,2024,TOBACCO_INDICATOR,TOBACCO_INDICATOR_Adult_svy_yr,,,,,,,2002-03,,,,,2026-01-26T16:07:43Z,2024,2024-01-01,2024-12-31
7345016,TOBACCO_MPOWER_M1_TOBACCOUSESMOKING,COUNTRY,HTI,AMR,Americas,YEAR,2024,TOBACCO_INDICATOR,TOBACCO_INDICATOR_Adult_svy_age_range,,,,,,,15-64,,,,,2025-07-24T14:32:31Z,2024,2024-01-01,2024-12-31
7355178,TOBACCO_MPOWER_M1_TOBACCOUSESMOKING,COUNTRY,UKR,EUR,Europe,YEAR,2024,TOBACCO_INDICATOR,TOBACCO_INDICATOR_Adult_svy_age_range,,,,,,,18+,,,,,2025-07-24T14:32:31Z,2024,2024-01-01,2024-12-31
7358442,TOBACCO_MPOWER_M1_TOBACCOUSESMOKING,COUNTRY,MOZ,AFR,Africa,YEAR,2024,TOBACCO_INDICATOR,TOBACCO_INDICATOR_Adult_svy_national,,,,,,,National,,,,,2025-07-24T14:32:31Z,2024,2024-01-01,2024-12-31
7363160,TOBACCO_MPOWER_M1_TOBACCOUSESMOKING,COUNTRY,MDV,SEAR,South-East Asia,YEAR,2024,TOBACCO_INDICATOR,TOBACCO_INDICATOR_Adult_svy_age_range,,,,,,,15-69,,,,,2025-07-24T14:32:31Z,2024,2024-01-01,2024-12-31
7383224,TOBACCO_MPOWER_M1_TOBACCOUSESMOKING,COUNTRY,BDI,AFR,Africa,YEAR,2024,TOBACCO_INDICATOR,TOBACCO_INDICATOR_Adult_svy_yr,,,,,,,2016-17,,,,,2026-01-26T16:07:43Z,2024,2024-01-01,2024-12-31
7391980,TOBACCO_MPOWER_M1_TOBACCOUSESMOKING,COUNTRY,SLV,AMR,Americas,YEAR,2024,TOBACCO_INDICATOR,TOBACCO_INDICATOR_Adult_survey_title,,,,,,,Encuesta Nacional de Alcohol y Tabaco (ENAT),,,,,2025-07-24T14:32:31Z,2024,2024-01-01,2024-12-31
7400450,TOBACCO_MPOWER_M1_TOBACCOUSESMOKING,COUNTRY,SLV,AMR,Americas,YEAR,2024,TOBACCO_INDICATOR,TOBACCO_INDICATOR_Adult_svy_yr,,,,,,,2022,,,,,2026-01-26T16:07:43Z,2024,2024-01-01,2024-12-31
7413972,TOBACCO_MPOWER_M1_TOBACCOUSESMOKING,COUNTRY,CAF,AFR,Africa,YEAR,2024,TOBACCO_INDICATOR,TOBACCO_INDICATOR_Adult_svy_national,,,,,,,Subnational,,,,,2025-07-24T14:32:31Z,2024,2024-01-01,2024-12-31
7416481,TOBACCO_MPOWER_M1_TOBACCOUSESMOKING,COUNTRY,QAT,EMR,Eastern Mediterranean,YEAR,2024,TOBACCO_INDICATOR,TOBACCO_INDICATOR_Adult_survey_title,,,,,,,Qatar STEPS,,,,,2025-07-24T14:32:31Z,2024,2024-01-01,2024-12-31
7435146,TOBACCO_MPOWER_M1_TOBACCOUSESMOKING,COUNTRY,WSM,WPR,Western Pacific,YEAR,2024,TOBACCO_INDICATOR,TOBACCO_INDICATOR_Adult_survey_title,,,,,,,Multiple Indicator Cluster Survey (MICS),,,,,2025-07-24T14:32:31Z,2024,2024-01-01,2024-12-31
7458510,TOBACCO_MPOWER_M1_TOBACCOUSESMOKING,COUNTRY,STP,AFR,Africa,YEAR,2024,TOBACCO_INDICATOR,TOBACCO_INDICATOR_Adult_svy_national,,,,,,,National,,,,,2025-07-24T14:32:31Z,2024,2024-01-01,2024-12-31
7480702,TOBACCO_MPOWER_M1_TOBACCOUSESMOKING,COUNTRY,PRT,EUR,Europe,YEAR,2024,TOBACCO_INDICATOR,TOBACCO_INDICATOR_Adult_svy_yr,,,,,,,2022,,,,,2026-01-26T16:07:43Z,2024,2024-01-01,2024-12-31
7498879,TOBACCO_MPOWER_M1_TOBACCOUSESMOKING,COUNTRY,NRU,WPR,Western Pacific,YEAR,2024,TOBACCO_INDICATOR,TOBACCO_INDICATOR_Adult_svy_national,,,,,,,National,,,,,2025-07-24T14:32:31Z,2024,2024-01-01,2024-12-31
7513823,TOBACCO_MPOWER_M1_TOBACCOUSESMOKING,COUNTRY,LBN,EMR,Eastern Mediterranean,YEAR,2024,TOBACCO_INDICATOR,TOBACCO_INDICATOR_Adult_svy_age_range,,,,,,,18-69,,,,,2025-07-24T14:32:31Z,2024,2024-01-01,2024-12-31
7532200,TOBACCO_MPOWER_M1_TOBACCOUSESMOKING,COUNTRY,CHN,WPR,Western Pacific,YEAR,2024,TOBACCO_INDICATOR,TOBACCO_INDICATOR_Adult_survey_title,,,,,,,China Adult Tobacco Survey,,,,,2025-07-24T14:32:31Z,2024,2024-01-01,2024-12-31
7556002,TOBACCO_MPOWER_M1_TOBACCOUSESMOKING,COUNTRY,BHR,EMR,Eastern Mediterranean,YEAR,2024,TOBACCO_INDICATOR,TOBACCO_INDICATOR_Adult_svy_national,,,,,,,National,,,,,2025-07-24T14:32:31Z,2024,2024-01-01,2024-12-31
7595733,TOBACCO_MPOWER_M1_TOBACCOUSESMOKING,COUNTRY,BWA,AFR,Africa,YEAR,2024,TOBACCO_INDICATOR,TOBACCO_INDICATOR_Adult_survey_title,,,,,,,Global Adult Tobacco Survey (GATS),,,,,2025-07-24T14:32:31Z,2024,2024-01-01,2024-12-31
7602567,TOBACCO_MPOWER_M1_TOBACCOUSESMOKING,COUNTRY,SWZ,AFR,Africa,YEAR,2024,TOBACCO_INDICATOR,TOBACCO_INDICATOR_Adult_survey_title,,,,,,,Multiple Indicator Cluster Survey (MICS),,,,,2025-07-24T14:32:31Z,2024,2024-01-01,2024-12-31
7627389,TOBACCO_MPOWER_M1_TOBACCOUSESMOKING,COUNTRY,SAU,EMR,Eastern Mediterranean,YEAR,2024,TOBACCO_INDICATOR,TOBACCO_INDICATOR_Adult_svy_yr,,,,,,,2023,,,,,2026-01-26T16:07:43Z,2024,2024-01-01,2024-12-31
7677259,TOBACCO_MPOWER_M1_TOBACCOUSESMOKING,COUNTRY,BTN,SEAR,South-East Asia,YEAR,2024,TOBACCO_INDICATOR,TOBACCO_INDICATOR_Adult_svy_age_range,,,,,,,15-69,,,,,2025-07-24T14:32:31Z,2024,2024-01-01,2024-12-31
7677604,TOBACCO_MPOWER_M1_TOBACCOUSESMOKING,COUNTRY,BHS,AMR,Americas,YEAR,2024,TOBACCO_INDICATOR,TOBACCO_INDICATOR_Adult_svy_age_range,,,,,,,18-69,,,,,2025-07-24T14:32:31Z,2024,2024-01-01,2024-12-31
7679682,TOBACCO_MPOWER_M1_TOBACCOUSESMOKING,COUNTRY,LSO,AFR,Africa,YEAR,2024,TOBACCO_INDICATOR,TOBACCO_INDICATOR_Adult_svy_national,,,,,,,National,,,,,2025-07-24T14:32:31Z,2024,2024-01-01,2024-12-31
7680649,TOBACCO_MPOWER_M1_TOBACCOUSESMOKING,COUNTRY,DOM,AMR,Americas,YEAR,2024,TOBACCO_INDICATOR,TOBACCO_INDICATOR_Adult_svy_yr,,,,,,,2013,,,,,2026-01-26T16:07:43Z,2024,2024-01-01,2024-12-31
7724540,TOBACCO_MPOWER_M1_TOBACCOUSESMOKING,COUNTRY,VEN,AMR,Americas,YEAR,2024,TOBACCO_INDICATOR,TOBACCO_INDICATOR_Adult_survey_title,,,,,,,Estudio Nacional de Drogas en Población General,,,,,2025-07-24T14:32:31Z,2024,2024-01-01,2024-12-31
7746184,TOBACCO_MPOWER_M1_TOBACCOUSESMOKING,COUNTRY,LCA,AMR,Americas,YEAR,2024,TOBACCO_INDICATOR,TOBACCO_INDICATOR_Adult_survey_title,,,,,,,STEPS Survey,,,,,2025-07-24T14:32:31Z,2024,2024-01-01,2024-12-31
7756260,TOBACCO_MPOWER_M1_TOBACCOUSESMOKING,COUNTRY,URY,AMR,Americas,YEAR,2024,TOBACCO_INDICATOR,TOBACCO_INDICATOR_Adult_survey_title,,,,,,,Encuesta Continua de Hogares,,,,,2025-07-24T14:32:31Z,2024,2024-01-01,2024-12-31
7760644,TOBACCO_MPOWER_M1_TOBACCOUSESMOKING,COUNTRY,BOL,AMR,Americas,YEAR,2024,TOBACCO_INDICATOR,TOBACCO_INDICATOR_Adult_svy_national,,,,,,,National,,,,,2025-07-24T14:32:31Z,2024,2024-01-01,2024-12-31
7764602,TOBACCO_MPOWER_M1_TOBACCOUSESMOKING,COUNTRY,RWA,AFR,Africa,YEAR,2024,TOBACCO_INDICATOR,TOBACCO_INDICATOR_Adult_svy_national,,,,,,,National,,,,,2025-07-24T14:32:31Z,2024,2024-01-01,2024-12-31
7775937,TOBACCO_MPOWER_M1_TOBACCOUSESMOKING,COUNTRY,SDN,EMR,Eastern Mediterranean,YEAR,2024,TOBACCO_INDICATOR,TOBACCO_INDICATOR_Adult_svy_age_range,,,,,,,18-69,,,,,2025-07-24T14:32:31Z,2024,2024-01-01,2024-12-31
7778252,TOBACCO_MPOWER_M1_TOBACCOUSESMOKING,COUNTRY,BHS,AMR,Americas,YEAR,2024,TOBACCO_INDICATOR,TOBACCO_INDICATOR_Adult_svy_national,,,,,,,National,,,,,2025-07-24T14:32:31Z,2024,2024-01-01,2024-12-31
7786396,TOBACCO_MPOWER_M1_TOBACCOUSESMOKING,COUNTRY,ETH,AFR,Africa,YEAR,2024,TOBACCO_INDICATOR,TOBACCO_INDICATOR_Adult_survey_title,,,,,,,Global Adult Tobacco Survey (GATS),,,,,2025-07-24T14:32:31Z,2024,2024-01-01,2024-12-31
7797502,TOBACCO_MPOWER_M1_TOBACCOUSESMOKING,COUNTRY,BGR,EUR,Europe,YEAR,2024,TOBACCO_INDICATOR,TOBACCO_INDICATOR_Adult_svy_age_range,,,,,,,20+,,,,,2025-07-24T14:32:31Z,2024,2024-01-01,2024-12-31
7803767,TOBACCO_MPOWER_M1_TOBACCOUSESMOKING,COUNTRY,FRA,EUR,Europe,YEAR,2024,TOBACCO_INDICATOR,TOBACCO_INDICATOR_Adult_svy_age_range,,,,,,,18-75,,,,,2025-07-24T14:32:31Z,2024,2024-01-01,2024-12-31
7806132,TOBACCO_MPOWER_M1_TOBACCOUSESMOKING,COUNTRY,NZL,WPR,Western Pacific,YEAR,2024,TOBACCO_INDICATOR,TOBACCO_INDICATOR_Adult_svy_national,,,,,,,National,,,,,2025-07-24T14:32:31Z,2024,2024-01-01,2024-12-31
7810629,TOBACCO_MPOWER_M1_TOBACCOUSESMOKING,COUNTRY,NIC,AMR,Americas,YEAR,2024,TOBACCO_INDICATOR,TOBACCO_INDICATOR_Adult_survey_title,,,,,,,. . .,,,,,2025-07-24T14:32:31Z,2024,2024-01-01,2024-12-31
7813064,TOBACCO_MPOWER_M1_TOBACCOUSESMOKING,COUNTRY,MDA,EUR,Europe,YEAR,2024,TOBACCO_INDICATOR,TOBACCO_INDICATOR_Adult_svy_national,,,,,,,National,,,,,2025-07-24T14:32:31Z,2024,2024-01-01,2024-12-31
7814374,TOBACCO_MPOWER_M1_TOBACCOUSESMOKING,COUNTRY,ESP,EUR,Europe,YEAR,2024,TOBACCO_INDICATOR,TOBACCO_INDICATOR_Adult_svy_yr,,,,,,,2024,,,,,2026-01-26T16:07:43Z,2024,2024-01-01,2024-12-31
7814664,TOBACCO_MPOWER_M1_TOBACCOUSESMOKING,COUNTRY,ZAF,AFR,Africa,YEAR,2024,TOBACCO_INDICATOR,TOBACCO_INDICATOR_Adult_svy_yr,,,,,,,2021,,,,,2026-01-26T16:07:43Z,2024,2024-01-01,2024-12-31
7835604,TOBACCO_MPOWER_M1_TOBACCOUSESMOKING,COUNTRY,AUT,EUR,Europe,YEAR,2024,TOBACCO_INDICATOR,TOBACCO_INDICATOR_Adult_svy_age_range,,,,,,,15+,,,,,2025-07-24T14:32:31Z,2024,2024-01-01,2024-12-31
7835655,TOBACCO_MPOWER_M1_TOBACCOUSESMOKING,COUNTRY,IRL,EUR,Europe,YEAR,2024,TOBACCO_INDICATOR,TOBACCO_INDICATOR_Adult_svy_yr,,,,,,,2024,,,,,2026-01-26T16:07:43Z,2024,2024-01-01,2024-12-31
7837556,TOBACCO_MPOWER_M1_TOBACCOUSESMOKING,COUNTRY,VNM,WPR,Western Pacific,YEAR,2024,TOBACCO_INDICATOR,TOBACCO_INDICATOR_Adult_survey_title,,,,,,,STEPS Survey,,,,,2025-07-24T14:32:31Z,2024,2024-01-01,2024-12-31
7839130,TOBACCO_MPOWER_M1_TOBACCOUSESMOKING,COUNTRY,EST,EUR,Europe,YEAR,2024,TOBACCO_INDICATOR,TOBACCO_INDICATOR_Adult_svy_national,,,,,,,National,,,,,2025-07-24T14:32:31Z,2024,2024-01-01,2024-12-31
7853695,TOBACCO_MPOWER_M1_TOBACCOUSESMOKING,COUNTRY,GTM,AMR,Americas,YEAR,2024,TOBACCO_INDICATOR,TOBACCO_INDICATOR_Adult_svy_age_range,,,,,,,15-49,,,,,2025-07-24T14:32:31Z,2024,2024-01-01,2024-12-31
7888528,TOBACCO_MPOWER_M1_TOBACCOUSESMOKING,COUNTRY,TKM,EUR,Europe,YEAR,2024,TOBACCO_INDICATOR,TOBACCO_INDICATOR_Adult_svy_national,,,,,,,National,,,,,2025-07-24T14:32:31Z,2024,2024-01-01,2024-12-31
7894096,TOBACCO_MPOWER_M1_TOBACCOUSESMOKING,COUNTRY,TON,WPR,Western Pacific,YEAR,2024,TOBACCO_INDICATOR,TOBACCO_INDICATOR_Adult_svy_national,,,,,,,National,,,,,2025-07-24T14:32:31Z,2024,2024-01-01,2024-12-31
7894514,TOBACCO_MPOWER_M1_TOBACCOUSESMOKING,COUNTRY,MWI,AFR,Africa,YEAR,2024,TOBACCO_INDICATOR,TOBACCO_INDICATOR_Adult_svy_yr,,,,,,,2019-20,,,,,2026-01-26T16:07:43Z,2024,2024-01-01,2024-12-31
7897203,TOBACCO_MPOWER_M1_TOBACCOUSESMOKING,COUNTRY,GBR,EUR,Europe,YEAR,2024,TOBACCO_INDICATOR,TOBACCO_INDICATOR_Adult_svy_yr,,,,,,,2023,,,,,2026-01-26T16:07:43Z,2024,2024-01-01,2024-12-31
7926174,TOBACCO_MPOWER_M1_TOBACCOUSESMOKING,COUNTRY,HND,AMR,Americas,YEAR,2024,TOBACCO_INDICATOR,TOBACCO_INDICATOR_Adult_svy_national,,,,,,,National,,,,,2025-07-24T14:32:31Z,2024,2024-01-01,2024-12-31
7937770,TOBACCO_MPOWER_M1_TOBACCOUSESMOKING,COUNTRY,BTN,SEAR,South-East Asia,YEAR,2024,TOBACCO_INDICATOR,TOBACCO_INDICATOR_Adult_survey_title,,,,,,,National Health Survey,,,,,2025-07-24T14:32:31Z,2024,2024-01-01,2024-12-31
7938504,TOBACCO_MPOWER_M1_TOBACCOUSESMOKING,COUNTRY,CHE,EUR,Europe,YEAR,2024,TOBACCO_INDICATOR,TOBACCO_INDICATOR_Adult_svy_age_range,,,,,,,15+,,,,,2025-07-24T14:32:31Z,2024,2024-01-01,2024-12-31
7959461,TOBACCO_MPOWER_M1_TOBACCOUSESMOKING,COUNTRY,GUY,AMR,Americas,YEAR,2024,TOBACCO_INDICATOR,TOBACCO_INDICATOR_Adult_survey_title,,,,,,,Guyana STEPS Survey,,,,,2025-07-24T14:32:31Z,2024,2024-01-01,2024-12-31
7971208,TOBACCO_MPOWER_M1_TOBACCOUSESMOKING,COUNTRY,GAB,AFR,Africa,YEAR,2024,TOBACCO_INDICATOR,TOBACCO_INDICATOR_Adult_svy_yr,,,,,,,2019-21,,,,,2026-01-26T16:07:43Z,2024,2024-01-01,2024-12-31
7983768,TOBACCO_MPOWER_M1_TOBACCOUSESMOKING,COUNTRY,NIU,WPR,Western Pacific,YEAR,2024,TOBACCO_INDICATOR,TOBACCO_INDICATOR_Adult_svy_national,,,,,,,National,,,,,2025-07-24T14:32:31Z,2024,2024-01-01,2024-12-31
8022667,TOBACCO_MPOWER_M1_TOBACCOUSESMOKING,COUNTRY,DEU,EUR,Europe,YEAR,2024,TOBACCO_INDICATOR,TOBACCO_INDICATOR_Adult_svy_age_range,,,,,,,18-64,,,,,2025-07-24T14:32:31Z,2024,2024-01-01,2024-12-31
8049681,TOBACCO_MPOWER_M1_TOBACCOUSESMOKING,COUNTRY,NIC,AMR,Americas,YEAR,2024,TOBACCO_INDICATOR,TOBACCO_INDICATOR_Adult_svy_age_range,,,,,,,. . .,,,,,2025-07-24T14:32:31Z,2024,2024-01-01,2024-12-31
8067281,TOBACCO_MPOWER_M1_TOBACCOUSESMOKING,COUNTRY,ROU,EUR,Europe,YEAR,2024,TOBACCO_INDICATOR,TOBACCO_INDICATOR_Adult_svy_national,,,,,,,National,,,,,2025-07-24T14:32:31Z,2024,2024-01-01,2024-12-31
8132943,TOBACCO_MPOWER_M1_TOBACCOUSESMOKING,COUNTRY,BRB,AMR,Americas,YEAR,2024,TOBACCO_INDICATOR,TOBACCO_INDICATOR_Adult_svy_age_range,,,,,,,25+,,,,,2025-07-24T14:32:31Z,2024,2024-01-01,2024-12-31
8133145,TOBACCO_MPOWER_M1_TOBACCOUSESMOKING,COUNTRY,BDI,AFR,Africa,YEAR,2024,TOBACCO_INDICATOR,TOBACCO_INDICATOR_Adult_survey_title,,,,,,,Demographic and Health Survey,,,,,2025-07-24T14:32:31Z,2024,2024-01-01,2024-12-31
8138229,TOBACCO_MPOWER_M1_TOBACCOUSESMOKING,COUNTRY,GAB,AFR,Africa,YEAR,2024,TOBACCO_INDICATOR,TOBACCO_INDICATOR_Adult_survey_title,,,,,,,Demographic and Health Survey,,,,,2025-07-24T14:32:31Z,2024,2024-01-01,2024-12-31
8142298,TOBACCO_MPOWER_M1_TOBACCOUSESMOKING,COUNTRY,MNG,WPR,Western Pacific,YEAR,2024,TOBACCO_INDICATOR,TOBACCO_INDICATOR_Adult_svy_yr,,,,,,,2023,,,,,2026-01-26T16:07:43Z,2024,2024-01-01,2024-12-31
8144771,TOBACCO_MPOWER_M1_TOBACCOUSESMOKING,COUNTRY,ESP,EUR,Europe,YEAR,2024,TOBACCO_INDICATOR,TOBACCO_INDICATOR_Adult_survey_title,,,,,,,Encuesta sobre Alcohol y Drogas en España (EDADES),,,,,2025-07-24T14:32:31Z,2024,2024-01-01,2024-12-31
8152411,TOBACCO_MPOWER_M1_TOBACCOUSESMOKING,COUNTRY,NGA,AFR,Africa,YEAR,2024,TOBACCO_INDICATOR,TOBACCO_INDICATOR_Adult_svy_age_range,,,,,,,15-49,,,,,2025-07-24T14:32:31Z,2024,2024-01-01,2024-12-31
8152748,TOBACCO_MPOWER_M1_TOBACCOUSESMOKING,COUNTRY,TUN,EMR,Eastern Mediterranean,YEAR,2024,TOBACCO_INDICATOR,TOBACCO_INDICATOR_Adult_survey_title,,,,,,,Multiple Indicator Cluster Survey (MICS),,,,,2025-07-24T14:32:31Z,2024,2024-01-01,2024-12-31
8153848,TOBACCO_MPOWER_M1_TOBACCOUSESMOKING,COUNTRY,IRL,EUR,Europe,YEAR,2024,TOBACCO_INDICATOR,TOBACCO_INDICATOR_Adult_svy_age_range,,,,,,,15+,,,,,2025-07-24T14:32:31Z,2024,2024-01-01,2024-12-31
8156599,TOBACCO_MPOWER_M1_TOBACCOUSESMOKING,COUNTRY,TUR,EUR,Europe,YEAR,2024,TOBACCO_INDICATOR,TOBACCO_INDICATOR_Adult_svy_age_range,,,,,,,15+,,,,,2025-07-24T14:32:31Z,2024,2024-01-01,2024-12-31
8175070,TOBACCO_MPOWER_M1_TOBACCOUSESMOKING,COUNTRY,MNG,WPR,Western Pacific,YEAR,2024,TOBACCO_INDICATOR,TOBACCO_INDICATOR_Adult_svy_national,,,,,,,National,,,,,2025-07-24T14:32:31Z,2024,2024-01-01,2024-12-31
8183798,TOBACCO_MPOWER_M1_TOBACCOUSESMOKING,COUNTRY,SEN,AFR,Africa,YEAR,2024,TOBACCO_INDICATOR,TOBACCO_INDICATOR_Adult_svy_yr,,,,,,,2023,,,,,2026-01-26T16:07:43Z,2024,2024-01-01,2024-12-31
8186902,TOBACCO_MPOWER_M1_TOBACCOUSESMOKING,COUNTRY,ITA,EUR,Europe,YEAR,2024,TOBACCO_INDICATOR,TOBACCO_INDICATOR_Adult_survey_title,,,,,,,Indagine ISS-DOXA,,,,,2025-07-24T14:32:31Z,2024,2024-01-01,2024-12-31
8218761,TOBACCO_MPOWER_M1_TOBACCOUSESMOKING,COUNTRY,AUT,EUR,Europe,YEAR,2024,TOBACCO_INDICATOR,TOBACCO_INDICATOR_Adult_survey_title,,,,,,,Österreichische Repräsentativerhebung zu Konsum‐ und Verhaltensweisen mit Suchtpotenzial,,,,,2025-07-24T14:32:31Z,2024,2024-01-01,2024-12-31
8262789,TOBACCO_MPOWER_M1_TOBACCOUSESMOKING,COUNTRY,SGP,WPR,Western Pacific,YEAR,2024,TOBACCO_INDICATOR,TOBACCO_INDICATOR_Adult_survey_title,,,,,,,National Population Health Survey,,,,,2025-07-24T14:32:31Z,2024,2024-01-01,2024-12-31
8264205,TOBACCO_MPOWER_M1_TOBACCOUSESMOKING,COUNTRY,CUB,AMR,Americas,YEAR,2024,TOBACCO_INDICATOR,TOBACCO_INDICATOR_Adult_svy_yr,,,,,,,2019,,,,,2026-01-26T16:07:43Z,2024,2024-01-01,2024-12-31
8288378,TOBACCO_MPOWER_M1_TOBACCOUSESMOKING,COUNTRY,ERI,AFR,Africa,YEAR,2024,TOBACCO_INDICATOR,TOBACCO_INDICATOR_Adult_svy_national,,,,,,,National,,,,,2025-07-24T14:32:31Z,2024,2024-01-01,2024-12-31
8297718,TOBACCO_MPOWER_M1_TOBACCOUSESMOKING,COUNTRY,IRN,EMR,Eastern Mediterranean,YEAR,2024,TOBACCO_INDICATOR,TOBACCO_INDICATOR_Adult_svy_yr,,,,,,,2021,,,,,2026-01-26T16:07:43Z,2024,2024-01-01,2024-12-31
8315682,TOBACCO_MPOWER_M1_TOBACCOUSESMOKING,COUNTRY,GHA,AFR,Africa,YEAR,2024,TOBACCO_INDICATOR,TOBACCO_INDICATOR_Adult_survey_title,,,,,,,Demographic and Health Survey,,,,,2025-07-24T14:32:31Z,2024,2024-01-01,2024-12-31
8377898,TOBACCO_MPOWER_M1_TOBACCOUSESMOKING,COUNTRY,GEO,EUR,Europe,YEAR,2024,TOBACCO_INDICATOR,TOBACCO_INDICATOR_Adult_svy_national,,,,,,,National,,,,,2025-07-24T14:32:31Z,2024,2024-01-01,2024-12-31
8393423,TOBACCO_MPOWER_M1_TOBACCOUSESMOKING,COUNTRY,MDG,AFR,Africa,YEAR,2024,TOBACCO_INDICATOR,TOBACCO_INDICATOR_Adult_survey_title,,,,,,,Demographic and Health Survey,,,,,2025-07-24T14:32:31Z,2024,2024-01-01,2024-12-31
8396851,TOBACCO_MPOWER_M1_TOBACCOUSESMOKING,COUNTRY,FRA,EUR,Europe,YEAR,2024,TOBACCO_INDICATOR,TOBACCO_INDICATOR_Adult_survey_title,,,,,,,Baromètre santé,,,,,2025-07-24T14:32:31Z,2024,2024-01-01,2024-12-31
8404611,TOBACCO_MPOWER_M1_TOBACCOUSESMOKING,COUNTRY,JAM,AMR,Americas,YEAR,2024,TOBACCO_INDICATOR,TOBACCO_INDICATOR_Adult_svy_age_range,,,,,,,15+,,,,,2025-07-24T14:32:31Z,2024,2024-01-01,2024-12-31
8413655,TOBACCO_MPOWER_M1_TOBACCOUSESMOKING,COUNTRY,MAR,EMR,Eastern Mediterranean,YEAR,2024,TOBACCO_INDICATOR,TOBACCO_INDICATOR_Adult_survey_title,,,,,,,STEPS Survey,,,,,2025-07-24T14:32:31Z,2024,2024-01-01,2024-12-31
8420402,TOBACCO_MPOWER_M1_TOBACCOUSESMOKING,COUNTRY,LAO,WPR,Western Pacific,YEAR,2024,TOBACCO_INDICATOR,TOBACCO_INDICATOR_Adult_svy_yr,,,,,,,2023,,,,,2026-01-26T16:07:43Z,2024,2024-01-01,2024-12-31
8440917,TOBACCO_MPOWER_M1_TOBACCOUSESMOKING,COUNTRY,MCO,EUR,Europe,YEAR,2024,TOBACCO_INDICATOR,TOBACCO_INDICATOR_Adult_survey_title,,,,,,,. . .,,,,,2025-07-24T14:32:31Z,2024,2024-01-01,2024-12-31
8453662,TOBACCO_MPOWER_M1_TOBACCOUSESMOKING,COUNTRY,SMR,EUR,Europe,YEAR,2024,TOBACCO_INDICATOR,TOBACCO_INDICATOR_Adult_svy_national,,,,,,,National,,,,,2025-07-24T14:32:31Z,2024,2024-01-01,2024-12-31
8466888,TOBACCO_MPOWER_M1_TOBACCOUSESMOKING,COUNTRY,TGO,AFR,Africa,YEAR,2024,TOBACCO_INDICATOR,TOBACCO_INDICATOR_Adult_survey_title,,,,,,,STEPS Survey,,,,,2025-07-24T14:32:31Z,2024,2024-01-01,2024-12-31
8468692,TOBACCO_MPOWER_M1_TOBACCOUSESMOKING,COUNTRY,ARM,EUR,Europe,YEAR,2024,TOBACCO_INDICATOR,TOBACCO_INDICATOR_Adult_svy_national,,,,,,,National,,,,,2025-07-24T14:32:31Z,2024,2024-01-01,2024-12-31
8485258,TOBACCO_MPOWER_M1_TOBACCOUSESMOKING,COUNTRY,TCD,AFR,Africa,YEAR,2024,TOBACCO_INDICATOR,TOBACCO_INDICATOR_Adult_svy_age_range,,,,,,,15+,,,,,2025-07-24T14:32:31Z,2024,2024-01-01,2024-12-31
8493386,TOBACCO_MPOWER_M1_TOBACCOUSESMOKING,COUNTRY,PRY,AMR,Americas,YEAR,2024,TOBACCO_INDICATOR,TOBACCO_INDICATOR_Adult_svy_national,,,,,,,National,,,,,2025-07-24T14:32:31Z,2024,2024-01-01,2024-12-31
8501713,TOBACCO_MPOWER_M1_TOBACCOUSESMOKING,COUNTRY,MOZ,AFR,Africa,YEAR,2024,TOBACCO_INDICATOR,TOBACCO_INDICATOR_Adult_svy_yr,,,,,,,2022-23,,,,,2026-01-26T16:07:43Z,2024,2024-01-01,2024-12-31
8530724,TOBACCO_MPOWER_M1_TOBACCOUSESMOKING,COUNTRY,SLE,AFR,Africa,YEAR,2024,TOBACCO_INDICATOR,TOBACCO_INDICATOR_Adult_svy_yr,,,,,,,2019,,,,,2026-01-26T16:07:43Z,2024,2024-01-01,2024-12-31
8570072,TOBACCO_MPOWER_M1_TOBACCOUSESMOKING,COUNTRY,UGA,AFR,Africa,YEAR,2024,TOBACCO_INDICATOR,TOBACCO_INDICATOR_Adult_svy_national,,,,,,,National,,,,,2025-07-24T14:32:31Z,2024,2024-01-01,2024-12-31
8570349,TOBACCO_MPOWER_M1_TOBACCOUSESMOKING,COUNTRY,NER,AFR,Africa,YEAR,2024,TOBACCO_INDICATOR,TOBACCO_INDICATOR_Adult_survey_title,,,,,,,L'Enquete Nationale sur les facteurs de risque des maladies non transmissibles,,,,,2025-07-24T14:32:31Z,2024,2024-01-01,2024-12-31
8579694,TOBACCO_MPOWER_M1_TOBACCOUSESMOKING,COUNTRY,JPN,WPR,Western Pacific,YEAR,2024,TOBACCO_INDICATOR,TOBACCO_INDICATOR_Adult_svy_age_range,,,,,,,20+,,,,,2025-07-24T14:32:31Z,2024,2024-01-01,2024-12-31
8584929,TOBACCO_MPOWER_M1_TOBACCOUSESMOKING,COUNTRY,MHL,WPR,Western Pacific,YEAR,2024,TOBACCO_INDICATOR,TOBACCO_INDICATOR_Adult_svy_age_range,,,,,,,18+,,,,,2025-07-24T14:32:31Z,2024,2024-01-01,2024-12-31
8585870,TOBACCO_MPOWER_M1_TOBACCOUSESMOKING,COUNTRY,QAT,EMR,Eastern Mediterranean,YEAR,2024,TOBACCO_INDICATOR,TOBACCO_INDICATOR_Adult_svy_age_range,,,,,,,18-69,,,,,2025-07-24T14:32:31Z,2024,2024-01-01,2024-12-31
8591365,TOBACCO_MPOWER_M1_TOBACCOUSESMOKING,COUNTRY,PNG,WPR,Western Pacific,YEAR,2024,TOBACCO_INDICATOR,TOBACCO_INDICATOR_Adult_svy_national,,,,,,,National,,,,,2025-07-24T14:32:31Z,2024,2024-01-01,2024-12-31
8599248,TOBACCO_MPOWER_M1_TOBACCOUSESMOKING,COUNTRY,MLT,EUR,Europe,YEAR,2024,TOBACCO_INDICATOR,TOBACCO_INDICATOR_Adult_svy_age_range,,,,,,,15+,,,,,2025-07-24T14:32:31Z,2024,2024-01-01,2024-12-31
8603305,TOBACCO_MPOWER_M1_TOBACCOUSESMOKING,COUNTRY,ITA,EUR,Europe,YEAR,2024,TOBACCO_INDICATOR,TOBACCO_INDICATOR_Adult_svy_age_range,,,,,,,15+,,,,,2025-07-24T14:32:31Z,2024,2024-01-01,2024-12-31
8621814,TOBACCO_MPOWER_M1_TOBACCOUSESMOKING,COUNTRY,ZWE,AFR,Africa,YEAR,2024,TOBACCO_INDICATOR,TOBACCO_INDICATOR_Adult_svy_yr,,,,,,,2015,,,,,2026-01-26T16:07:43Z,2024,2024-01-01,2024-12-31
8631810,TOBACCO_MPOWER_M1_TOBACCOUSESMOKING,COUNTRY,BLR,EUR,Europe,YEAR,2024,TOBACCO_INDICATOR,TOBACCO_INDICATOR_Adult_svy_age_range,,,,,,,16+,,,,,2025-07-24T14:32:31Z,2024,2024-01-01,2024-12-31
8641629,TOBACCO_MPOWER_M1_TOBACCOUSESMOKING,COUNTRY,KNA,AMR,Americas,YEAR,2024,TOBACCO_INDICATOR,TOBACCO_INDICATOR_Adult_svy_age_range,,,,,,,25-64,,,,,2025-07-24T14:32:31Z,2024,2024-01-01,2024-12-31
8674368,TOBACCO_MPOWER_M1_TOBACCOUSESMOKING,COUNTRY,UGA,AFR,Africa,YEAR,2024,TOBACCO_INDICATOR,TOBACCO_INDICATOR_Adult_survey_title,,,,,,,Global Adult Tobacco Survey (GATS),,,,,2025-07-24T14:32:31Z,2024,2024-01-01,2024-12-31
8705032,TOBACCO_MPOWER_M1_TOBACCOUSESMOKING,COUNTRY,IDN,WPR,Western Pacific,YEAR,2024,TOBACCO_INDICATOR,TOBACCO_INDICATOR_Adult_svy_national,,,,,,,National,,,,,2025-07-24T14:32:31Z,2024,2024-01-01,2024-12-31
8706816,TOBACCO_MPOWER_M1_TOBACCOUSESMOKING,COUNTRY,THA,SEAR,South-East Asia,YEAR,2024,TOBACCO_INDICATOR,TOBACCO_INDICATOR_Adult_svy_national,,,,,,,National,,,,,2025-07-24T14:32:31Z,2024,2024-01-01,2024-12-31
8713358,TOBACCO_MPOWER_M1_TOBACCOUSESMOKING,COUNTRY,KOR,WPR,Western Pacific,YEAR,2024,TOBACCO_INDICATOR,TOBACCO_INDICATOR_Adult_svy_national,,,,,,,National,,,,,2025-07-24T14:32:31Z,2024,2024-01-01,2024-12-31
8715620,TOBACCO_MPOWER_M1_TOBACCOUSESMOKING,COUNTRY,THA,SEAR,South-East Asia,YEAR,2024,TOBACCO_INDICATOR,TOBACCO_INDICATOR_Adult_survey_title,,,,,,,Health Behaviour of the Population Survey,,,,,2025-07-24T14:32:31Z,2024,2024-01-01,2024-12-31
8730312,TOBACCO_MPOWER_M1_TOBACCOUSESMOKING,COUNTRY,FSM,WPR,Western Pacific,YEAR,2024,TOBACCO_INDICATOR,TOBACCO_INDICATOR_Adult_svy_national,,,,,,,National,,,,,2025-07-24T14:32:31Z,2024,2024-01-01,2024-12-31
8744418,TOBACCO_MPOWER_M1_TOBACCOUSESMOKING,COUNTRY,NRU,WPR,Western Pacific,YEAR,2024,TOBACCO_INDICATOR,TOBACCO_INDICATOR_Adult_survey_title,,,,,,,Multiple Indicator Cluster Survey (MICS),,,,,2025-07-24T14:32:31Z,2024,2024-01-01,2024-12-31
8751951,TOBACCO_MPOWER_M1_TOBACCOUSESMOKING,COUNTRY,SVN,EUR,Europe,YEAR,2024,TOBACCO_INDICATOR,TOBACCO_INDICATOR_Adult_survey_title,,,,,,,Use of tobacco and related products in Slovenia,,,,,2025-07-24T14:32:31Z,2024,2024-01-01,2024-12-31
8772015,TOBACCO_MPOWER_M1_TOBACCOUSESMOKING,COUNTRY,UGA,AFR,Africa,YEAR,2024,TOBACCO_INDICATOR,TOBACCO_INDICATOR_Adult_svy_yr,,,,,,,2023,,,,,2026-01-26T16:07:43Z,2024,2024-01-01,2024-12-31
8785912,TOBACCO_MPOWER_M1_TOBACCOUSESMOKING,COUNTRY,MDV,SEAR,South-East Asia,YEAR,2024,TOBACCO_INDICATOR,TOBACCO_INDICATOR_Adult_survey_title,,,,,,,STEPS Survey,,,,,2025-07-24T14:32:31Z,2024,2024-01-01,2024-12-31
8789058,TOBACCO_MPOWER_M1_TOBACCOUSESMOKING,COUNTRY,TCD,AFR,Africa,YEAR,2024,TOBACCO_INDICATOR,TOBACCO_INDICATOR_Adult_svy_national,,,,,,,National,,,,,2025-07-24T14:32:31Z,2024,2024-01-01,2024-12-31
8823139,TOBACCO_MPOWER_M1_TOBACCOUSESMOKING,COUNTRY,DEU,EUR,Europe,YEAR,2024,TOBACCO_INDICATOR,TOBACCO_INDICATOR_Adult_survey_title,,,,,,,Epidemiologischer Suchtsurvey (ESA),,,,,2025-07-24T14:32:31Z,2024,2024-01-01,2024-12-31
8838272,TOBACCO_MPOWER_M1_TOBACCOUSESMOKING,COUNTRY,BRA,AMR,Americas,YEAR,2024,TOBACCO_INDICATOR,TOBACCO_INDICATOR_Adult_svy_age_range,,,,,,,18+,,,,,2025-07-24T14:32:31Z,2024,2024-01-01,2024-12-31
8839214,TOBACCO_MPOWER_M1_TOBACCOUSESMOKING,COUNTRY,IRQ,EMR,Eastern Mediterranean,YEAR,2024,TOBACCO_INDICATOR,TOBACCO_INDICATOR_Adult_survey_title,,,,,,,STEPS Survey,,,,,2025-07-24T14:32:31Z,2024,2024-01-01,2024-12-31
8846112,TOBACCO_MPOWER_M1_TOBACCOUSESMOKING,COUNTRY,GNQ,AFR,Africa,YEAR,2024,TOBACCO_INDICATOR,TOBACCO_INDICATOR_Adult_svy_national,,,,,,,National,,,,,2025-07-24T14:32:31Z,2024,2024-01-01,2024-12-31
8897700,TOBACCO_MPOWER_M1_TOBACCOUSESMOKING,COUNTRY,CHE,EUR,Europe,YEAR,2024,TOBACCO_INDICATOR,TOBACCO_INDICATOR_Adult_svy_yr,,,,,,,2023,,,,,2026-01-26T16:07:43Z,2024,2024-01-01,2024-12-31
8934963,TOBACCO_MPOWER_M1_TOBACCOUSESMOKING,COUNTRY,SEN,AFR,Africa,YEAR,2024,TOBACCO_INDICATOR,TOBACCO_INDICATOR_Adult_survey_title,,,,,,,Global Adult Tobacco Survey (GATS),,,,,2025-07-24T14:32:31Z,2024,2024-01-01,2024-12-31
8937070,TOBACCO_MPOWER_M1_TOBACCOUSESMOKING,COUNTRY,KEN,AFR,Africa,YEAR,2024,TOBACCO_INDICATOR,TOBACCO_INDICATOR_Adult_svy_yr,,,,,,,2022,,,,,2026-01-26T16:07:43Z,2024,2024-01-01,2024-12-31
8959499,TOBACCO_MPOWER_M1_TOBACCOUSESMOKING,COUNTRY,UKR,EUR,Europe,YEAR,2024,TOBACCO_INDICATOR,TOBACCO_INDICATOR_Adult_svy_national,,,,,,,National,,,,,2025-07-24T14:32:31Z,2024,2024-01-01,2024-12-31
8970945,TOBACCO_MPOWER_M1_TOBACCOUSESMOKING,COUNTRY,PRK,SEAR,South-East Asia,YEAR,2024,TOBACCO_INDICATOR,TOBACCO_INDICATOR_Adult_survey_title,,,,,,,National Adult Tobacco Survey,,,,,2025-07-24T14:32:31Z,2024,2024-01-01,2024-12-31
8983198,TOBACCO_MPOWER_M1_TOBACCOUSESMOKING,COUNTRY,ISL,EUR,Europe,YEAR,2024,TOBACCO_INDICATOR,TOBACCO_INDICATOR_Adult_svy_yr,,,,,,,2023,,,,,2026-01-26T16:07:43Z,2024,2024-01-01,2024-12-31
8997547,TOBACCO_MPOWER_M1_TOBACCOUSESMOKING,COUNTRY,PLW,WPR,Western Pacific,YEAR,2024,TOBACCO_INDICATOR,TOBACCO_INDICATOR_Adult_svy_yr,,,,,,,2023,,,,,2026-01-26T16:07:43Z,2024,2024-01-01,2024-12-31
9001122,TOBACCO_MPOWER_M1_TOBACCOUSESMOKING,COUNTRY,CAF,AFR,Africa,YEAR,2024,TOBACCO_INDICATOR,TOBACCO_INDICATOR_Adult_svy_age_range,,,,,,,15-49,,,,,2025-07-24T14:32:31Z,2024,2024-01-01,2024-12-31
9017531,TOBACCO_MPOWER_M1_TOBACCOUSESMOKING,COUNTRY,BEN,AFR,Africa,YEAR,2024,TOBACCO_INDICATOR,TOBACCO_INDICATOR_Adult_svy_age_range,,,,,,,18-69,,,,,2025-07-24T14:32:31Z,2024,2024-01-01,2024-12-31
9038225,TOBACCO_MPOWER_M1_TOBACCOUSESMOKING,COUNTRY,AZE,EUR,Europe,YEAR,2024,TOBACCO_INDICATOR,TOBACCO_INDICATOR_Adult_survey_title,,,,,,,Household Budget Survey,,,,,2025-07-24T14:32:31Z,2024,2024-01-01,2024-12-31
9042222,TOBACCO_MPOWER_M1_TOBACCOUSESMOKING,COUNTRY,ZWE,AFR,Africa,YEAR,2024,TOBACCO_INDICATOR,TOBACCO_INDICATOR_Adult_svy_national,,,,,,,National,,,,,2025-07-24T14:32:31Z,2024,2024-01-01,2024-12-31
9049185,TOBACCO_MPOWER_M1_TOBACCOUSESMOKING,COUNTRY,SGP,WPR,Western Pacific,YEAR,2024,TOBACCO_INDICATOR,TOBACCO_INDICATOR_Adult_svy_national,,,,,,,National,,,,,2025-07-24T14:32:31Z,2024,2024-01-01,2024-12-31
9050578,TOBACCO_MPOWER_M1_TOBACCOUSESMOKING,COUNTRY,PER,AMR,Americas,YEAR,2024,TOBACCO_INDICATOR,TOBACCO_INDICATOR_Adult_svy_national,,,,,,,National,,,,,2025-07-24T14:32:31Z,2024,2024-01-01,2024-12-31
9062850,TOBACCO_MPOWER_M1_TOBACCOUSESMOKING,COUNTRY,LUX,EUR,Europe,YEAR,2024,TOBACCO_INDICATOR,TOBACCO_INDICATOR_Adult_svy_national,,,,,,,National,,,,,2025-07-24T14:32:31Z,2024,2024-01-01,2024-12-31
9073148,TOBACCO_MPOWER_M1_TOBACCOUSESMOKING,COUNTRY,SVK,EUR,Europe,YEAR,2024,TOBACCO_INDICATOR,TOBACCO_INDICATOR_Adult_svy_age_range,,,,,,,15+,,,,,2025-07-24T14:32:31Z,2024,2024-01-01,2024-12-31
9075323,TOBACCO_MPOWER_M1_TOBACCOUSESMOKING,COUNTRY,NER,AFR,Africa,YEAR,2024,TOBACCO_INDICATOR,TOBACCO_INDICATOR_Adult_svy_yr,,,,,,,2021,,,,,2026-01-26T16:07:43Z,2024,2024-01-01,2024-12-31
9082252,TOBACCO_MPOWER_M1_TOBACCOUSESMOKING,COUNTRY,PRT,EUR,Europe,YEAR,2024,TOBACCO_INDICATOR,TOBACCO_INDICATOR_Adult_svy_national,,,,,,,National,,,,,2025-07-24T14:32:31Z,2024,2024-01-01,2024-12-31
9092158,TOBACCO_MPOWER_M1_TOBACCOUSESMOKING,COUNTRY,NLD,EUR,Europe,YEAR,2024,TOBACCO_INDICATOR,TOBACCO_INDICATOR_Adult_svy_national,,,,,,,National,,,,,2025-07-24T14:32:31Z,2024,2024-01-01,2024-12-31
9101542,TOBACCO_MPOWER_M1_TOBACCOUSESMOKING,COUNTRY,IRN,EMR,Eastern Mediterranean,YEAR,2024,TOBACCO_INDICATOR,TOBACCO_INDICATOR_Adult_survey_title,,,,,,,STEPS Survey,,,,,2025-07-24T14:32:31Z,2024,2024-01-01,2024-12-31
9110308,TOBACCO_MPOWER_M1_TOBACCOUSESMOKING,COUNTRY,IRQ,EMR,Eastern Mediterranean,YEAR,2024,TOBACCO_INDICATOR,TOBACCO_INDICATOR_Adult_svy_national,,,,,,,National,,,,,2025-07-24T14:32:31Z,2024,2024-01-01,2024-12-31
9131641,TOBACCO_MPOWER_M1_TOBACCOUSESMOKING,COUNTRY,SAU,EMR,Eastern Mediterranean,YEAR,2024,TOBACCO_INDICATOR,TOBACCO_INDICATOR_Adult_survey_title,,,,,,,National Health Survey,,,,,2025-07-24T14:32:31Z,2024,2024-01-01,2024-12-31
9162618,TOBACCO_MPOWER_M1_TOBACCOUSESMOKING,COUNTRY,NAM,AFR,Africa,YEAR,2024,TOBACCO_INDICATOR,TOBACCO_INDICATOR_Adult_survey_title,,,,,,,Demographic and Health Survey,,,,,2025-07-24T14:32:31Z,2024,2024-01-01,2024-12-31
9186439,TOBACCO_MPOWER_M1_TOBACCOUSESMOKING,COUNTRY,MLT,EUR,Europe,YEAR,2024,TOBACCO_INDICATOR,TOBACCO_INDICATOR_Adult_svy_yr,,,,,,,2019-20,,,,,2026-01-26T16:07:43Z,2024,2024-01-01,2024-12-31
9192916,TOBACCO_MPOWER_M1_TOBACCOUSESMOKING,COUNTRY,LBY,EMR,Eastern Mediterranean,YEAR,2024,TOBACCO_INDICATOR,TOBACCO_INDICATOR_Adult_svy_yr,,,,,,,2023,,,,,2026-01-26T16:07:43Z,2024,2024-01-01,2024-12-31
9202306,TOBACCO_MPOWER_M1_TOBACCOUSESMOKING,COUNTRY,LBR,AFR,Africa,YEAR,2024,TOBACCO_INDICATOR,TOBACCO_INDICATOR_Adult_svy_age_range,,,,,,,15-59 (men) 15-49 (women),,,,,2025-07-24T14:32:31Z,2024,2024-01-01,2024-12-31
9222023,TOBACCO_MPOWER_M1_TOBACCOUSESMOKING,COUNTRY,BTN,SEAR,South-East Asia,YEAR,2024,TOBACCO_INDICATOR,TOBACCO_INDICATOR_Adult_svy_yr,,,,,,,2023,,,,,2026-01-26T16:07:43Z,2024,2024-01-01,2024-12-31
9225291,TOBACCO_MPOWER_M1_TOBACCOUSESMOKING,COUNTRY,SRB,EUR,Europe,YEAR,2024,TOBACCO_INDICATOR,TOBACCO_INDICATOR_Adult_svy_age_range,,,,,,,18-64,,,,,2025-07-24T14:32:31Z,2024,2024-01-01,2024-12-31
9226844,TOBACCO_MPOWER_M1_TOBACCOUSESMOKING,COUNTRY,ZMB,AFR,Africa,YEAR,2024,TOBACCO_INDICATOR,TOBACCO_INDICATOR_Adult_svy_yr,,,,,,,2018,,,,,2026-01-26T16:07:43Z,2024,2024-01-01,2024-12-31
9266461,TOBACCO_MPOWER_M1_TOBACCOUSESMOKING,COUNTRY,RUS,EUR,Europe,YEAR,2024,TOBACCO_INDICATOR,TOBACCO_INDICATOR_Adult_survey_title,,,,,,,Росстат. Выборочное наблюдение состояния здоровья населения. Selective monitoring of the health of the population survey (Rosstat),,,,,2025-07-24T14:32:31Z,2024,2024-01-01,2024-12-31
9281998,TOBACCO_MPOWER_M1_TOBACCOUSESMOKING,COUNTRY,MDA,EUR,Europe,YEAR,2024,TOBACCO_INDICATOR,TOBACCO_INDICATOR_Adult_svy_age_range,,,,,,,18-69,,,,,2025-07-24T14:32:31Z,2024,2024-01-01,2024-12-31
9291162,TOBACCO_MPOWER_M1_TOBACCOUSESMOKING,COUNTRY,LSO,AFR,Africa,YEAR,2024,TOBACCO_INDICATOR,TOBACCO_INDICATOR_Adult_svy_age_range,,,,,,,15-59 (men) 15-49 (women),,,,,2025-07-24T14:32:31Z,2024,2024-01-01,2024-12-31
9309812,TOBACCO_MPOWER_M1_TOBACCOUSESMOKING,COUNTRY,NAM,AFR,Africa,YEAR,2024,TOBACCO_INDICATOR,TOBACCO_INDICATOR_Adult_svy_national,,,,,,,National,,,,,2025-07-24T14:32:31Z,2024,2024-01-01,2024-12-31
9327671,TOBACCO_MPOWER_M1_TOBACCOUSESMOKING,COUNTRY,LUX,EUR,Europe,YEAR,2024,TOBACCO_INDICATOR,TOBACCO_INDICATOR_Adult_svy_age_range,,,,,,,16+,,,,,2025-07-24T14:32:31Z,2024,2024-01-01,2024-12-31
9343208,TOBACCO_MPOWER_M1_TOBACCOUSESMOKING,COUNTRY,KOR,WPR,Western Pacific,YEAR,2024,TOBACCO_INDICATOR,TOBACCO_INDICATOR_Adult_svy_age_range,,,,,,,19+,,,,,2025-07-24T14:32:31Z,2024,2024-01-01,2024-12-31
9344782,TOBACCO_MPOWER_M1_TOBACCOUSESMOKING,COUNTRY,BRA,AMR,Americas,YEAR,2024,TOBACCO_INDICATOR,TOBACCO_INDICATOR_Adult_svy_national,,,,,,,National,,,,,2025-07-24T14:32:31Z,2024,2024-01-01,2024-12-31
9353535,TOBACCO_MPOWER_M1_TOBACCOUSESMOKING,COUNTRY,TLS,SEAR,South-East Asia,YEAR,2024,TOBACCO_INDICATOR,TOBACCO_INDICATOR_Adult_svy_yr,,,,,,,2023,,,,,2026-01-26T16:07:43Z,2024,2024-01-01,2024-12-31
9355923,TOBACCO_MPOWER_M1_TOBACCOUSESMOKING,COUNTRY,PER,AMR,Americas,YEAR,2024,TOBACCO_INDICATOR,TOBACCO_INDICATOR_Adult_svy_yr,,,,,,,2023,,,,,2026-01-26T16:07:43Z,2024,2024-01-01,2024-12-31
9379860,TOBACCO_MPOWER_M1_TOBACCOUSESMOKING,COUNTRY,ARG,AMR,Americas,YEAR,2024,TOBACCO_INDICATOR,TOBACCO_INDICATOR_Adult_svy_national,,,,,,,National,,,,,2025-07-24T14:32:31Z,2024,2024-01-01,2024-12-31
9382898,TOBACCO_MPOWER_M1_TOBACCOUSESMOKING,COUNTRY,GNB,AFR,Africa,YEAR,2024,TOBACCO_INDICATOR,TOBACCO_INDICATOR_Adult_svy_national,,,,,,,National,,,,,2025-07-24T14:32:31Z,2024,2024-01-01,2024-12-31
9396862,TOBACCO_MPOWER_M1_TOBACCOUSESMOKING,COUNTRY,BHR,EMR,Eastern Mediterranean,YEAR,2024,TOBACCO_INDICATOR,TOBACCO_INDICATOR_Adult_svy_age_range,,,,,,,18+,,,,,2025-07-24T14:32:31Z,2024,2024-01-01,2024-12-31
9401128,TOBACCO_MPOWER_M1_TOBACCOUSESMOKING,COUNTRY,TZA,AFR,Africa,YEAR,2024,TOBACCO_INDICATOR,TOBACCO_INDICATOR_Adult_svy_age_range,,,,,,,15-49,,,,,2025-07-24T14:32:31Z,2024,2024-01-01,2024-12-31
9424240,TOBACCO_MPOWER_M1_TOBACCOUSESMOKING,COUNTRY,AFG,EMR,Eastern Mediterranean,YEAR,2024,TOBACCO_INDICATOR,TOBACCO_INDICATOR_Adult_survey_title,,,,,,,STEPS Survey,,,,,2025-07-24T14:32:31Z,2024,2024-01-01,2024-12-31
9429673,TOBACCO_MPOWER_M1_TOBACCOUSESMOKING,COUNTRY,VNM,WPR,Western Pacific,YEAR,2024,TOBACCO_INDICATOR,TOBACCO_INDICATOR_Adult_svy_yr,,,,,,,2021,,,,,2026-01-26T16:07:43Z,2024,2024-01-01,2024-12-31
9430504,TOBACCO_MPOWER_M1_TOBACCOUSESMOKING,COUNTRY,TGO,AFR,Africa,YEAR,2024,TOBACCO_INDICATOR,TOBACCO_INDICATOR_Adult_svy_yr,,,,,,,2021,,,,,2026-01-26T16:07:43Z,2024,2024-01-01,2024-12-31
9440728,TOBACCO_MPOWER_M1_TOBACCOUSESMOKING,COUNTRY,THA,SEAR,South-East Asia,YEAR,2024,TOBACCO_INDICATOR,TOBACCO_INDICATOR_Adult_svy_yr,,,,,,,2021,,,,,2026-01-26T16:07:43Z,2024,2024-01-01,2024-12-31
9444624,TOBACCO_MPOWER_M1_TOBACCOUSESMOKING,COUNTRY,EGY,EMR,Eastern Mediterranean,YEAR,2024,TOBACCO_INDICATOR,TOBACCO_INDICATOR_Adult_svy_yr,,,,,,,2016-17,,,,,2026-01-26T16:07:43Z,2024,2024-01-01,2024-12-31
9462212,TOBACCO_MPOWER_M1_TOBACCOUSESMOKING,COUNTRY,FJI,WPR,Western Pacific,YEAR,2024,TOBACCO_INDICATOR,TOBACCO_INDICATOR_Adult_svy_national,,,,,,,National,,,,,2025-07-24T14:32:31Z,2024,2024-01-01,2024-12-31
9483367,TOBACCO_MPOWER_M1_TOBACCOUSESMOKING,COUNTRY,BGD,SEAR,South-East Asia,YEAR,2024,TOBACCO_INDICATOR,TOBACCO_INDICATOR_Adult_svy_national,,,,,,,National,,,,,2025-07-24T14:32:31Z,2024,2024-01-01,2024-12-31
9492872,TOBACCO_MPOWER_M1_TOBACCOUSESMOKING,COUNTRY,TJK,EUR,Europe,YEAR,2024,TOBACCO_INDICATOR,TOBACCO_INDICATOR_Adult_svy_yr,,,,,,,2016-17,,,,,2026-01-26T16:07:43Z,2024,2024-01-01,2024-12-31
9503771,TOBACCO_MPOWER_M1_TOBACCOUSESMOKING,COUNTRY,GBR,EUR,Europe,YEAR,2024,TOBACCO_INDICATOR,TOBACCO_INDICATOR_Adult_svy_national,,,,,,,National,,,,,2025-07-24T14:32:31Z,2024,2024-01-01,2024-12-31
9504534,TOBACCO_MPOWER_M1_TOBACCOUSESMOKING,COUNTRY,VUT,WPR,Western Pacific,YEAR,2024,TOBACCO_INDICATOR,TOBACCO_INDICATOR_Adult_svy_age_range,,,,,,,15-49,,,,,2025-07-24T14:32:31Z,2024,2024-01-01,2024-12-31
9505984,TOBACCO_MPOWER_M1_TOBACCOUSESMOKING,COUNTRY,MNE,EUR,Europe,YEAR,2024,TOBACCO_INDICATOR,TOBACCO_INDICATOR_Adult_survey_title,,,,,,,Adult Tobacco Use in Montenegro (ISEA),,,,,2025-07-24T14:32:31Z,2024,2024-01-01,2024-12-31
9513105,TOBACCO_MPOWER_M1_TOBACCOUSESMOKING,COUNTRY,ESP,EUR,Europe,YEAR,2024,TOBACCO_INDICATOR,TOBACCO_INDICATOR_Adult_svy_age_range,,,,,,,15-64,,,,,2025-07-24T14:32:31Z,2024,2024-01-01,2024-12-31
9533004,TOBACCO_MPOWER_M1_TOBACCOUSESMOKING,COUNTRY,AUS,WPR,Western Pacific,YEAR,2024,TOBACCO_INDICATOR,TOBACCO_INDICATOR_Adult_svy_age_range,,,,,,,14+,,,,,2025-07-24T14:32:31Z,2024,2024-01-01,2024-12-31
9538840,TOBACCO_MPOWER_M1_TOBACCOUSESMOKING,COUNTRY,HTI,AMR,Americas,YEAR,2024,TOBACCO_INDICATOR,TOBACCO_INDICATOR_Adult_svy_yr,,,,,,,2016-17,,,,,2026-01-26T16:07:43Z,2024,2024-01-01,2024-12-31
9540899,TOBACCO_MPOWER_M1_TOBACCOUSESMOKING,COUNTRY,HUN,EUR,Europe,YEAR,2024,TOBACCO_INDICATOR,TOBACCO_INDICATOR_Adult_svy_age_range,,,,,,,15+,,,,,2025-07-24T14:32:31Z,2024,2024-01-01,2024-12-31
9549172,TOBACCO_MPOWER_M1_TOBACCOUSESMOKING,COUNTRY,DJI,EMR,Eastern Mediterranean,YEAR,2024,TOBACCO_INDICATOR,TOBACCO_INDICATOR_Adult_svy_age_range,,,,,,,10+,,,,,2025-07-24T14:32:31Z,2024,2024-01-01,2024-12-31
9563509,TOBACCO_MPOWER_M1_TOBACCOUSESMOKING,COUNTRY,HND,AMR,Americas,YEAR,2024,TOBACCO_INDICATOR,TOBACCO_INDICATOR_Adult_svy_yr,,,,,,,2019,,,,,2026-01-26T16:07:43Z,2024,2024-01-01,2024-12-31
9571879,TOBACCO_MPOWER_M1_TOBACCOUSESMOKING,COUNTRY,ISL,EUR,Europe,YEAR,2024,TOBACCO_INDICATOR,TOBACCO_INDICATOR_Adult_svy_national,,,,,,,National,,,,,2025-07-24T14:32:31Z,2024,2024-01-01,2024-12-31
9577661,TOBACCO_MPOWER_M1_TOBACCOUSESMOKING,COUNTRY,ZAF,AFR,Africa,YEAR,2024,TOBACCO_INDICATOR,TOBACCO_INDICATOR_Adult_survey_title,,,,,,,Global Adult Tobacco Survey (GATS),,,,,2025-07-24T14:32:31Z,2024,2024-01-01,2024-12-31
9604192,TOBACCO_MPOWER_M1_TOBACCOUSESMOKING,COUNTRY,PHL,WPR,Western Pacific,YEAR,2024,TOBACCO_INDICATOR,TOBACCO_INDICATOR_Adult_survey_title,,,,,,,Global Adult Tobacco Survey (GATS),,,,,2025-07-24T14:32:31Z,2024,2024-01-01,2024-12-31
9617280,TOBACCO_MPOWER_M1_TOBACCOUSESMOKING,COUNTRY,TZA,AFR,Africa,YEAR,2024,TOBACCO_INDICATOR,TOBACCO_INDICATOR_Adult_svy_yr,,,,,,,2022,,,,,2026-01-26T16:07:43Z,2024,2024-01-01,2024-12-31
9633546,TOBACCO_MPOWER_M1_TOBACCOUSESMOKING,COUNTRY,MDA,EUR,Europe,YEAR,2024,TOBACCO_INDICATOR,TOBACCO_INDICATOR_Adult_svy_yr,,,,,,,2021,,,,,2026-01-26T16:07:43Z,2024,2024-01-01,2024-12-31
9635538,TOBACCO_MPOWER_M1_TOBACCOUSESMOKING,COUNTRY,POL,EUR,Europe,YEAR,2024,TOBACCO_INDICATOR,TOBACCO_INDICATOR_Adult_svy_national,,,,,,,National,,,,,2025-07-24T14:32:31Z,2024,2024-01-01,2024-12-31
9660982,TOBACCO_MPOWER_M1_TOBACCOUSESMOKING,COUNTRY,COD,AFR,Africa,YEAR,2024,TOBACCO_INDICATOR,TOBACCO_INDICATOR_Adult_survey_title,,,,,,,Multiple Indicator Cluster Survey (MICS),,,,,2025-07-24T14:32:31Z,2024,2024-01-01,2024-12-31
9664048,TOBACCO_MPOWER_M1_TOBACCOUSESMOKING,COUNTRY,MLI,AFR,Africa,YEAR,2024,TOBACCO_INDICATOR,TOBACCO_INDICATOR_Adult_survey_title,,,,,,,Demographic and Health Survey,,,,,2025-07-24T14:32:31Z,2024,2024-01-01,2024-12-31
9665431,TOBACCO_MPOWER_M1_TOBACCOUSESMOKING,COUNTRY,BTN,SEAR,South-East Asia,YEAR,2024,TOBACCO_INDICATOR,TOBACCO_INDICATOR_Adult_svy_national,,,,,,,National,,,,,2025-07-24T14:32:31Z,2024,2024-01-01,2024-12-31
9702442,TOBACCO_MPOWER_M1_TOBACCOUSESMOKING,COUNTRY,DMA,AMR,Americas,YEAR,2024,TOBACCO_INDICATOR,TOBACCO_INDICATOR_Adult_svy_yr,,,,,,,2007-08,,,,,2026-01-26T16:07:43Z,2024,2024-01-01,2024-12-31
9706602,TOBACCO_MPOWER_M1_TOBACCOUSESMOKING,COUNTRY,CAF,AFR,Africa,YEAR,2024,TOBACCO_INDICATOR,TOBACCO_INDICATOR_Adult_svy_yr,,,,,,,2018-19,,,,,2026-01-26T16:07:43Z,2024,2024-01-01,2024-12-31
9710728,TOBACCO_MPOWER_M1_TOBACCOUSESMOKING,COUNTRY,ISL,EUR,Europe,YEAR,2024,TOBACCO_INDICATOR,TOBACCO_INDICATOR_Adult_svy_age_range,,,,,,,18+,,,,,2025-07-24T14:32:31Z,2024,2024-01-01,2024-12-31
9719781,TOBACCO_MPOWER_M1_TOBACCOUSESMOKING,COUNTRY,KOR,WPR,Western Pacific,YEAR,2024,TOBACCO_INDICATOR,TOBACCO_INDICATOR_Adult_survey_title,,,,,,,Korea National Health and Nutrition Examination Survey (KNHANES),,,,,2025-07-24T14:32:31Z,2024,2024-01-01,2024-12-31
9719912,TOBACCO_MPOWER_M1_TOBACCOUSESMOKING,COUNTRY,BIH,EUR,Europe,YEAR,2024,TOBACCO_INDICATOR,TOBACCO_INDICATOR_Adult_survey_title,,,,,,,Tobacco Consumption in Bosnia and Herzegovina,,,,,2025-07-24T14:32:31Z,2024,2024-01-01,2024-12-31
9722840,TOBACCO_MPOWER_M1_TOBACCOUSESMOKING,COUNTRY,SMR,EUR,Europe,YEAR,2024,TOBACCO_INDICATOR,TOBACCO_INDICATOR_Adult_survey_title,,,,,,,Unnamed sample survey,,,,,2025-07-24T14:32:31Z,2024,2024-01-01,2024-12-31
9722921,TOBACCO_MPOWER_M1_TOBACCOUSESMOKING,COUNTRY,GBR,EUR,Europe,YEAR,2024,TOBACCO_INDICATOR,TOBACCO_INDICATOR_Adult_survey_title,,,,,,,Annual Population Survey,,,,,2025-07-24T14:32:31Z,2024,2024-01-01,2024-12-31
9738926,TOBACCO_MPOWER_M1_TOBACCOUSESMOKING,COUNTRY,LTU,EUR,Europe,YEAR,2024,TOBACCO_INDICATOR,TOBACCO_INDICATOR_Adult_svy_age_range,,,,,,,15-64,,,,,2025-07-24T14:32:31Z,2024,2024-01-01,2024-12-31
9741580,TOBACCO_MPOWER_M1_TOBACCOUSESMOKING,COUNTRY,EST,EUR,Europe,YEAR,2024,TOBACCO_INDICATOR,TOBACCO_INDICATOR_Adult_svy_age_range,,,,,,,16-64,,,,,2025-07-24T14:32:31Z,2024,2024-01-01,2024-12-31
9773540,TOBACCO_MPOWER_M1_TOBACCOUSESMOKING,COUNTRY,MAR,EMR,Eastern Mediterranean,YEAR,2024,TOBACCO_INDICATOR,TOBACCO_INDICATOR_Adult_svy_national,,,,,,,National,,,,,2025-07-24T14:32:31Z,2024,2024-01-01,2024-12-31
9797769,TOBACCO_MPOWER_M1_TOBACCOUSESMOKING,COUNTRY,ALB,EUR,Europe,YEAR,2024,TOBACCO_INDICATOR,TOBACCO_INDICATOR_Adult_svy_national,,,,,,,National,,,,,2025-07-24T14:32:31Z,2024,2024-01-01,2024-12-31
9799961,TOBACCO_MPOWER_M1_TOBACCOUSESMOKING,COUNTRY,BRN,WPR,Western Pacific,YEAR,2024,TOBACCO_INDICATOR,TOBACCO_INDICATOR_Adult_svy_yr,,,,,,,2022-23,,,,,2026-01-26T16:07:43Z,2024,2024-01-01,2024-12-31
9825808,TOBACCO_MPOWER_M1_TOBACCOUSESMOKING,COUNTRY,CMR,AFR,Africa,YEAR,2024,TOBACCO_INDICATOR,TOBACCO_INDICATOR_Adult_survey_title,,,,,,,Demographic and Health Survey,,,,,2025-07-24T14:32:31Z,2024,2024-01-01,2024-12-31
9828927,TOBACCO_MPOWER_M1_TOBACCOUSESMOKING,COUNTRY,EST,EUR,Europe,YEAR,2024,TOBACCO_INDICATOR,TOBACCO_INDICATOR_Adult_svy_yr,,,,,,,2022,,,,,2026-01-26T16:07:43Z,2024,2024-01-01,2024-12-31
9850812,TOBACCO_MPOWER_M1_TOBACCOUSESMOKING,COUNTRY,ETH,AFR,Africa,YEAR,2024,TOBACCO_INDICATOR,TOBACCO_INDICATOR_Adult_svy_yr,,,,,,,2024,,,,,2026-01-26T16:07:43Z,2024,2024-01-01,2024-12-31
9866218,TOBACCO_MPOWER_M1_TOBACCOUSESMOKING,COUNTRY,NIU,WPR,Western Pacific,YEAR,2024,TOBACCO_INDICATOR,TOBACCO_INDICATOR_Adult_svy_yr,,,,,,,2022,,,,,2026-01-26T16:07:43Z,2024,2024-01-01,2024-12-31
9870145,TOBACCO_MPOWER_M1_TOBACCOUSESMOKING,COUNTRY,DNK,EUR,Europe,YEAR,2024,TOBACCO_INDICATOR,TOBACCO_INDICATOR_Adult_svy_age_range,,,,,,,16+,,,,,2025-07-24T14:32:31Z,2024,2024-01-01,2024-12-31
9897534,TOBACCO_MPOWER_M1_TOBACCOUSESMOKING,COUNTRY,FSM,WPR,Western Pacific,YEAR,2024,TOBACCO_INDICATOR,TOBACCO_INDICATOR_Adult_svy_age_range,,,,,,,12-98,36130,,,,2026-01-27T14:35:19Z,2024,2024-01-01,2024-12-31
9920025,TOBACCO_MPOWER_M1_TOBACCOUSESMOKING,COUNTRY,GRD,AMR,Americas,YEAR,2024,TOBACCO_INDICATOR,TOBACCO_INDICATOR_Adult_survey_title,,,,,,,Grenada STEPS,,,,,2025-07-24T14:32:31Z,2024,2024-01-01,2024-12-31
9940834,TOBACCO_MPOWER_M1_TOBACCOUSESMOKING,COUNTRY,ECU,AMR,Americas,YEAR,2024,TOBACCO_INDICATOR,TOBACCO_INDICATOR_Adult_svy_national,,,,,,,National,,,,,2025-07-24T14:32:31Z,2024,2024-01-01,2024-12-31
9954051,TOBACCO_MPOWER_M1_TOBACCOUSESMOKING,COUNTRY,MDA,EUR,Europe,YEAR,2024,TOBACCO_INDICATOR,TOBACCO_INDICATOR_Adult_survey_title,,,,,,,STEPS Survey,,,,,2025-07-24T14:32:31Z,2024,2024-01-01,2024-12-31
9960909,TOBACCO_MPOWER_M1_TOBACCOUSESMOKING,COUNTRY,AGO,AFR,Africa,YEAR,2024,TOBACCO_INDICATOR,TOBACCO_INDICATOR_Adult_svy_yr,,,,,,,2015-16,,,,,2026-01-26T16:07:43Z,2024,2024-01-01,2024-12-31
9995355,TOBACCO_MPOWER_M1_TOBACCOUSESMOKING,COUNTRY,GUY,AMR,Americas,YEAR,2024,TOBACCO_INDICATOR,TOBACCO_INDICATOR_Adult_svy_yr,,,,,,,2016,,,,,2026-01-26T16:07:43Z,2024,2024-01-01,2024-12-31
9998905,TOBACCO_MPOWER_M1_TOBACCOUSESMOKING,COUNTRY,BWA,AFR,Africa,YEAR,2024,TOBACCO_INDICATOR,TOBACCO_INDICATOR_Adult_svy_age_range,,,,,,,15+,,,,,2025-07-24T14:32:31Z,2024,2024-01-01,2024-12-31
10010187,TOBACCO_MPOWER_M1_TOBACCOUSESMOKING,COUNTRY,BGR,EUR,Europe,YEAR,2024,TOBACCO_INDICATOR,TOBACCO_INDICATOR_Adult_svy_yr,,,,,,,2020,,,,,2026-01-26T16:07:43Z,2024,2024-01-01,2024-12-31
10011423,TOBACCO_MPOWER_M1_TOBACCOUSESMOKING,COUNTRY,AFG,EMR,Eastern Mediterranean,YEAR,2024,TOBACCO_INDICATOR,TOBACCO_INDICATOR_Adult_svy_age_range,,,,,,,18-69,,,,,2025-07-24T14:32:31Z,2024,2024-01-01,2024-12-31
10018686,TOBACCO_MPOWER_M1_TOBACCOUSESMOKING,COUNTRY,JPN,WPR,Western Pacific,YEAR,2024,TOBACCO_INDICATOR,TOBACCO_INDICATOR_Adult_svy_national,,,,,,,National,,,,,2025-07-24T14:32:31Z,2024,2024-01-01,2024-12-31
10026015,TOBACCO_MPOWER_M1_TOBACCOUSESMOKING,COUNTRY,LBN,EMR,Eastern Mediterranean,YEAR,2024,TOBACCO_INDICATOR,TOBACCO_INDICATOR_Adult_svy_national,,,,,,,National,,,,,2025-07-24T14:32:31Z,2024,2024-01-01,2024-12-31
10054434,TOBACCO_MPOWER_M1_TOBACCOUSESMOKING,COUNTRY,POL,EUR,Europe,YEAR,2024,TOBACCO_INDICATOR,TOBACCO_INDICATOR_Adult_svy_yr,,,,,,,2021,,,,,2026-01-26T16:07:43Z,2024,2024-01-01,2024-12-31
10057271,TOBACCO_MPOWER_M1_TOBACCOUSESMOKING,COUNTRY,HND,AMR,Americas,YEAR,2024,TOBACCO_INDICATOR,TOBACCO_INDICATOR_Adult_survey_title,,,,,,,Multiple Indicator Cluster Survey (MICS),,,,,2025-07-24T14:32:31Z,2024,2024-01-01,2024-12-31
10061972,TOBACCO_MPOWER_M1_TOBACCOUSESMOKING,COUNTRY,BLZ,AMR,Americas,YEAR,2024,TOBACCO_INDICATOR,TOBACCO_INDICATOR_Adult_svy_yr,,,,,,,2015,,,,,2026-01-26T16:07:43Z,2024,2024-01-01,2024-12-31
10072114,TOBACCO_MPOWER_M1_TOBACCOUSESMOKING,COUNTRY,TLS,SEAR,South-East Asia,YEAR,2024,TOBACCO_INDICATOR,TOBACCO_INDICATOR_Adult_svy_national,,,,,,,National,,,,,2025-07-24T14:32:31Z,2024,2024-01-01,2024-12-31
10082792,TOBACCO_MPOWER_M1_TOBACCOUSESMOKING,COUNTRY,MOZ,AFR,Africa,YEAR,2024,TOBACCO_INDICATOR,TOBACCO_INDICATOR_Adult_survey_title,,,,,,,Demographic and Health Survey,,,,,2025-07-24T14:32:31Z,2024,2024-01-01,2024-12-31
10110918,TOBACCO_MPOWER_M1_TOBACCOUSESMOKING,COUNTRY,ATG,AMR,Americas,YEAR,2024,TOBACCO_INDICATOR,TOBACCO_INDICATOR_Adult_svy_yr,,,,,,,. . .,,,,,2026-01-26T16:07:43Z,2024,2024-01-01,2024-12-31
10122489,TOBACCO_MPOWER_M1_TOBACCOUSESMOKING,COUNTRY,GRC,EUR,Europe,YEAR,2024,TOBACCO_INDICATOR,TOBACCO_INDICATOR_Adult_survey_title,,,,,,,European Health Interview Survey,,,,,2025-07-24T14:32:31Z,2024,2024-01-01,2024-12-31
10128993,TOBACCO_MPOWER_M1_TOBACCOUSESMOKING,COUNTRY,MMR,SEAR,South-East Asia,YEAR,2024,TOBACCO_INDICATOR,TOBACCO_INDICATOR_Adult_svy_national,,,,,,,National,,,,,2025-07-24T14:32:31Z,2024,2024-01-01,2024-12-31
10157308,TOBACCO_MPOWER_M1_TOBACCOUSESMOKING,COUNTRY,BLZ,AMR,Americas,YEAR,2024,TOBACCO_INDICATOR,TOBACCO_INDICATOR_Adult_svy_national,,,,,,,National,,,,,2025-07-24T14:32:31Z,2024,2024-01-01,2024-12-31
10168054,TOBACCO_MPOWER_M1_TOBACCOUSESMOKING,COUNTRY,LCA,AMR,Americas,YEAR,2024,TOBACCO_INDICATOR,TOBACCO_INDICATOR_Adult_svy_age_range,,,,,,,18+,,,,,2025-07-24T14:32:31Z,2024,2024-01-01,2024-12-31
10178906,TOBACCO_MPOWER_M1_TOBACCOUSESMOKING,COUNTRY,LTU,EUR,Europe,YEAR,2024,TOBACCO_INDICATOR,TOBACCO_INDICATOR_Adult_survey_title,,,,,,,GPS Study - Study of the Prevalence of Psychoactive Substance Use in the General Population,,,,,2025-07-24T14:32:31Z,2024,2024-01-01,2024-12-31
10184127,TOBACCO_MPOWER_M1_TOBACCOUSESMOKING,COUNTRY,FSM,WPR,Western Pacific,YEAR,2024,TOBACCO_INDICATOR,TOBACCO_INDICATOR_Adult_survey_title,,,,,,,National Outcome Measures Survey,,,,,2025-07-24T14:32:31Z,2024,2024-01-01,2024-12-31
10189547,TOBACCO_MPOWER_M1_TOBACCOUSESMOKING,COUNTRY,AFG,EMR,Eastern Mediterranean,YEAR,2024,TOBACCO_INDICATOR,TOBACCO_INDICATOR_Adult_svy_national,,,,,,,National,,,,,2025-07-24T14:32:31Z,2024,2024-01-01,2024-12-31
10208258,TOBACCO_MPOWER_M1_TOBACCOUSESMOKING,COUNTRY,MHL,WPR,Western Pacific,YEAR,2024,TOBACCO_INDICATOR,TOBACCO_INDICATOR_Adult_svy_yr,,,,,,,2023,,,,,2026-01-26T16:07:43Z,2024,2024-01-01,2024-12-31
10209554,TOBACCO_MPOWER_M1_TOBACCOUSESMOKING,COUNTRY,SDN,EMR,Eastern Mediterranean,YEAR,2024,TOBACCO_INDICATOR,TOBACCO_INDICATOR_Adult_survey_title,,,,,,,STEPS Survey,,,,,2025-07-24T14:32:31Z,2024,2024-01-01,2024-12-31
10213724,TOBACCO_MPOWER_M1_TOBACCOUSESMOKING,COUNTRY,ZMB,AFR,Africa,YEAR,2024,TOBACCO_INDICATOR,TOBACCO_INDICATOR_Adult_svy_national,,,,,,,National,,,,,2025-07-24T14:32:31Z,2024,2024-01-01,2024-12-31
10252160,TOBACCO_MPOWER_M1_TOBACCOUSESMOKING,COUNTRY,LVA,EUR,Europe,YEAR,2024,TOBACCO_INDICATOR,TOBACCO_INDICATOR_Adult_svy_yr,,,,,,,2022,,,,,2026-01-26T16:07:43Z,2024,2024-01-01,2024-12-31
10253031,TOBACCO_MPOWER_M1_TOBACCOUSESMOKING,COUNTRY,PLW,WPR,Western Pacific,YEAR,2024,TOBACCO_INDICATOR,TOBACCO_INDICATOR_Adult_svy_national,,,,,,,National,,,,,2025-07-24T14:32:31Z,2024,2024-01-01,2024-12-31
