Id,IndicatorCode,SpatialDimension,SpatialDimensionValueCode,ParentLocationCode,ParentLocation,TimeDimension,TimeDim,DisaggregatingDimension1,DisaggregatingDimension1ValueCode,DisaggregatingDimension2,DisaggregatingDimension2ValueCode,DisaggregatingDimension3,DisaggregatingDimension3ValueCode,DataSourceDimension,DataSourceDimensionValueCode,Value,NumericValue,Low,High,Comments,Date,TimeDimensionValue,TimeDimensionBegin,TimeDimensionEnd
2957206,TOBACCO_MPOWER_M3_TOBACCOUSESMOKINGSCHOOL,COUNTRY,CZE,EUR,Europe,YEAR,2024,TOBACCO_INDICATOR,TOBACCO_INDICATOR_Youth_survey_title,,,,,,,Global Youth Tobacco Survey,,,,,2025-07-24T14:32:31Z,2024,2024-01-01,2024-12-31
2969199,TOBACCO_MPOWER_M3_TOBACCOUSESMOKINGSCHOOL,COUNTRY,TZA,AFR,Africa,YEAR,2024,TOBACCO_INDICATOR,TOBACCO_INDICATOR_Youth_svy_age_range,,,,,,,13-15,,,,,2025-07-24T14:32:31Z,2024,2024-01-01,2024-12-31
2975377,TOBACCO_MPOWER_M3_TOBACCOUSESMOKINGSCHOOL,COUNTRY,KEN,AFR,Africa,YEAR,2024,TOBACCO_INDICATOR,TOBACCO_INDICATOR_Youth_svy_yr,,,,,,,2013,2013,,,,2025-07-24T14:32:31Z,2024,2024-01-01,2024-12-31
3004126,TOBACCO_MPOWER_M3_TOBACCOUSESMOKINGSCHOOL,COUNTRY,SSD,AFR,Africa,YEAR,2024,TOBACCO_INDICATOR,TOBACCO_INDICATOR_Youth_survey_title,,,,,,,. . .,,,,,2025-07-24T14:32:31Z,2024,2024-01-01,2024-12-31
3004913,TOBACCO_MPOWER_M3_TOBACCOUSESMOKINGSCHOOL,COUNTRY,USA,AMR,Americas,YEAR,2024,TOBACCO_INDICATOR,TOBACCO_INDICATOR_Youth_survey_title,,,,,,,National Youth Tobacco Survey,,,,,2025-07-24T14:32:31Z,2024,2024-01-01,2024-12-31
3009248,TOBACCO_MPOWER_M3_TOBACCOUSESMOKINGSCHOOL,COUNTRY,MKD,EUR,Europe,YEAR,2024,TOBACCO_INDICATOR,TOBACCO_INDICATOR_Youth_svy_age_range,,,,,,,15-15,,,,,2025-07-24T14:32:31Z,2024,2024-01-01,2024-12-31
3022637,TOBACCO_MPOWER_M3_TOBACCOUSESMOKINGSCHOOL,COUNTRY,BRN,WPR,Western Pacific,YEAR,2024,TOBACCO_INDICATOR,TOBACCO_INDICATOR_Youth_svy_national,,,,,,,National,,,,,2025-07-24T14:32:31Z,2024,2024-01-01,2024-12-31
3030714,TOBACCO_MPOWER_M3_TOBACCOUSESMOKINGSCHOOL,COUNTRY,BLR,EUR,Europe,YEAR,2024,TOBACCO_INDICATOR,TOBACCO_INDICATOR_Youth_svy_age_range,,,,,,,13-15,,,,,2025-07-24T14:32:31Z,2024,2024-01-01,2024-12-31
3054989,TOBACCO_MPOWER_M3_TOBACCOUSESMOKINGSCHOOL,COUNTRY,VCT,AMR,Americas,YEAR,2024,TOBACCO_INDICATOR,TOBACCO_INDICATOR_Youth_svy_yr,,,,,,,2018,2018,,,,2025-07-24T14:32:31Z,2024,2024-01-01,2024-12-31
3058056,TOBACCO_MPOWER_M3_TOBACCOUSESMOKINGSCHOOL,COUNTRY,GRC,EUR,Europe,YEAR,2024,TOBACCO_INDICATOR,TOBACCO_INDICATOR_Youth_svy_yr,,,,,,,2023,2023,,,,2025-07-24T14:32:31Z,2024,2024-01-01,2024-12-31
3063884,TOBACCO_MPOWER_M3_TOBACCOUSESMOKINGSCHOOL,COUNTRY,DEU,EUR,Europe,YEAR,2024,TOBACCO_INDICATOR,TOBACCO_INDICATOR_Youth_svy_yr,,,,,,,2021-22,,,,,2025-07-24T14:32:31Z,2024,2024-01-01,2024-12-31
3067865,TOBACCO_MPOWER_M3_TOBACCOUSESMOKINGSCHOOL,COUNTRY,FRA,EUR,Europe,YEAR,2024,TOBACCO_INDICATOR,TOBACCO_INDICATOR_Youth_svy_age_range,,,,,,,15-15,,,,,2025-07-24T14:32:31Z,2024,2024-01-01,2024-12-31
3073439,TOBACCO_MPOWER_M3_TOBACCOUSESMOKINGSCHOOL,COUNTRY,CPV,AFR,Africa,YEAR,2024,TOBACCO_INDICATOR,TOBACCO_INDICATOR_Youth_svy_national,,,,,,,National,,,,,2025-07-24T14:32:31Z,2024,2024-01-01,2024-12-31
3096767,TOBACCO_MPOWER_M3_TOBACCOUSESMOKINGSCHOOL,COUNTRY,ZWE,AFR,Africa,YEAR,2024,TOBACCO_INDICATOR,TOBACCO_INDICATOR_Youth_svy_national,,,,,,,National,,,,,2025-07-24T14:32:31Z,2024,2024-01-01,2024-12-31
3098767,TOBACCO_MPOWER_M3_TOBACCOUSESMOKINGSCHOOL,COUNTRY,COG,AFR,Africa,YEAR,2024,TOBACCO_INDICATOR,TOBACCO_INDICATOR_Youth_survey_title,,,,,,,Global Youth Tobacco Survey,,,,,2025-07-24T14:32:31Z,2024,2024-01-01,2024-12-31
3115466,TOBACCO_MPOWER_M3_TOBACCOUSESMOKINGSCHOOL,COUNTRY,FRA,EUR,Europe,YEAR,2024,TOBACCO_INDICATOR,TOBACCO_INDICATOR_Youth_survey_title,,,,,,,Health Behaviour in School-aged Children,,,,,2025-07-24T14:32:31Z,2024,2024-01-01,2024-12-31
3119394,TOBACCO_MPOWER_M3_TOBACCOUSESMOKINGSCHOOL,COUNTRY,GHA,AFR,Africa,YEAR,2024,TOBACCO_INDICATOR,TOBACCO_INDICATOR_Youth_svy_age_range,,,,,,,13-15,,,,,2025-07-24T14:32:31Z,2024,2024-01-01,2024-12-31
3178745,TOBACCO_MPOWER_M3_TOBACCOUSESMOKINGSCHOOL,COUNTRY,UGA,AFR,Africa,YEAR,2024,TOBACCO_INDICATOR,TOBACCO_INDICATOR_Youth_survey_title,,,,,,,Global Youth Tobacco Survey,,,,,2025-07-24T14:32:31Z,2024,2024-01-01,2024-12-31
3179546,TOBACCO_MPOWER_M3_TOBACCOUSESMOKINGSCHOOL,COUNTRY,LAO,WPR,Western Pacific,YEAR,2024,TOBACCO_INDICATOR,TOBACCO_INDICATOR_Youth_survey_title,,,,,,,Global Youth Tobacco Survey,,,,,2025-07-24T14:32:31Z,2024,2024-01-01,2024-12-31
3195232,TOBACCO_MPOWER_M3_TOBACCOUSESMOKINGSCHOOL,COUNTRY,KWT,EMR,Eastern Mediterranean,YEAR,2024,TOBACCO_INDICATOR,TOBACCO_INDICATOR_Youth_svy_national,,,,,,,National,,,,,2025-07-24T14:32:31Z,2024,2024-01-01,2024-12-31
3198906,TOBACCO_MPOWER_M3_TOBACCOUSESMOKINGSCHOOL,COUNTRY,ROU,EUR,Europe,YEAR,2024,TOBACCO_INDICATOR,TOBACCO_INDICATOR_Youth_svy_yr,,,,,,,2021-22,,,,,2025-07-24T14:32:31Z,2024,2024-01-01,2024-12-31
3205200,TOBACCO_MPOWER_M3_TOBACCOUSESMOKINGSCHOOL,COUNTRY,GHA,AFR,Africa,YEAR,2024,TOBACCO_INDICATOR,TOBACCO_INDICATOR_Youth_svy_national,,,,,,,National,,,,,2025-07-24T14:32:31Z,2024,2024-01-01,2024-12-31
3219509,TOBACCO_MPOWER_M3_TOBACCOUSESMOKINGSCHOOL,COUNTRY,GIN,AFR,Africa,YEAR,2024,TOBACCO_INDICATOR,TOBACCO_INDICATOR_Youth_svy_age_range,,,,,,,13-15,,,,,2025-07-24T14:32:31Z,2024,2024-01-01,2024-12-31
3223682,TOBACCO_MPOWER_M3_TOBACCOUSESMOKINGSCHOOL,COUNTRY,CAN,AMR,Americas,YEAR,2024,TOBACCO_INDICATOR,TOBACCO_INDICATOR_Youth_svy_national,,,,,,,National,,,,,2025-07-24T14:32:31Z,2024,2024-01-01,2024-12-31
3239489,TOBACCO_MPOWER_M3_TOBACCOUSESMOKINGSCHOOL,COUNTRY,NPL,SEAR,South-East Asia,YEAR,2024,TOBACCO_INDICATOR,TOBACCO_INDICATOR_Youth_svy_age_range,,,,,,,13-15,,,,,2025-07-24T14:32:31Z,2024,2024-01-01,2024-12-31
3240665,TOBACCO_MPOWER_M3_TOBACCOUSESMOKINGSCHOOL,COUNTRY,LSO,AFR,Africa,YEAR,2024,TOBACCO_INDICATOR,TOBACCO_INDICATOR_Youth_svy_yr,,,,,,,2008,2008,,,,2025-07-24T14:32:31Z,2024,2024-01-01,2024-12-31
3241880,TOBACCO_MPOWER_M3_TOBACCOUSESMOKINGSCHOOL,COUNTRY,BHR,EMR,Eastern Mediterranean,YEAR,2024,TOBACCO_INDICATOR,TOBACCO_INDICATOR_Youth_svy_age_range,,,,,,,13-15,,,,,2025-07-24T14:32:31Z,2024,2024-01-01,2024-12-31
3256592,TOBACCO_MPOWER_M3_TOBACCOUSESMOKINGSCHOOL,COUNTRY,IRQ,EMR,Eastern Mediterranean,YEAR,2024,TOBACCO_INDICATOR,TOBACCO_INDICATOR_Youth_svy_age_range,,,,,,,13-15,,,,,2025-07-24T14:32:31Z,2024,2024-01-01,2024-12-31
3257304,TOBACCO_MPOWER_M3_TOBACCOUSESMOKINGSCHOOL,COUNTRY,KIR,WPR,Western Pacific,YEAR,2024,TOBACCO_INDICATOR,TOBACCO_INDICATOR_Youth_svy_national,,,,,,,National,,,,,2025-07-24T14:32:31Z,2024,2024-01-01,2024-12-31
3292088,TOBACCO_MPOWER_M3_TOBACCOUSESMOKINGSCHOOL,COUNTRY,PAK,EMR,Eastern Mediterranean,YEAR,2024,TOBACCO_INDICATOR,TOBACCO_INDICATOR_Youth_svy_yr,,,,,,,2022,2022,,,,2025-07-24T14:32:31Z,2024,2024-01-01,2024-12-31
3303022,TOBACCO_MPOWER_M3_TOBACCOUSESMOKINGSCHOOL,COUNTRY,LTU,EUR,Europe,YEAR,2024,TOBACCO_INDICATOR,TOBACCO_INDICATOR_Youth_svy_age_range,,,,,,,13-15,,,,,2025-07-24T14:32:31Z,2024,2024-01-01,2024-12-31
3304994,TOBACCO_MPOWER_M3_TOBACCOUSESMOKINGSCHOOL,COUNTRY,LAO,WPR,Western Pacific,YEAR,2024,TOBACCO_INDICATOR,TOBACCO_INDICATOR_Youth_svy_national,,,,,,,National,,,,,2025-07-24T14:32:31Z,2024,2024-01-01,2024-12-31
3319051,TOBACCO_MPOWER_M3_TOBACCOUSESMOKINGSCHOOL,COUNTRY,HRV,EUR,Europe,YEAR,2024,TOBACCO_INDICATOR,TOBACCO_INDICATOR_Youth_survey_title,,,,,,,Health Behaviour in School-aged Children,,,,,2025-07-24T14:32:31Z,2024,2024-01-01,2024-12-31
3336020,TOBACCO_MPOWER_M3_TOBACCOUSESMOKINGSCHOOL,COUNTRY,BIH,EUR,Europe,YEAR,2024,TOBACCO_INDICATOR,TOBACCO_INDICATOR_Youth_svy_national,,,,,,,Federal,,,,Combined results for Republika Srpska and Federation of Bosnia and Herzegovina,2025-07-24T14:32:31Z,2024,2024-01-01,2024-12-31
3341732,TOBACCO_MPOWER_M3_TOBACCOUSESMOKINGSCHOOL,COUNTRY,POL,EUR,Europe,YEAR,2024,TOBACCO_INDICATOR,TOBACCO_INDICATOR_Youth_survey_title,,,,,,,Global Youth Tobacco Survey,,,,,2025-07-24T14:32:31Z,2024,2024-01-01,2024-12-31
3354390,TOBACCO_MPOWER_M3_TOBACCOUSESMOKINGSCHOOL,COUNTRY,LBY,EMR,Eastern Mediterranean,YEAR,2024,TOBACCO_INDICATOR,TOBACCO_INDICATOR_Youth_survey_title,,,,,,,Global Youth Tobacco Survey,,,,,2025-07-24T14:32:31Z,2024,2024-01-01,2024-12-31
3357490,TOBACCO_MPOWER_M3_TOBACCOUSESMOKINGSCHOOL,COUNTRY,LSO,AFR,Africa,YEAR,2024,TOBACCO_INDICATOR,TOBACCO_INDICATOR_Youth_svy_national,,,,,,,National,,,,,2025-07-24T14:32:31Z,2024,2024-01-01,2024-12-31
3370724,TOBACCO_MPOWER_M3_TOBACCOUSESMOKINGSCHOOL,COUNTRY,NRU,WPR,Western Pacific,YEAR,2024,TOBACCO_INDICATOR,TOBACCO_INDICATOR_Youth_survey_title,,,,,,,Global School-Based Student Health Survey,,,,,2025-07-24T14:32:31Z,2024,2024-01-01,2024-12-31
3380387,TOBACCO_MPOWER_M3_TOBACCOUSESMOKINGSCHOOL,COUNTRY,AFG,EMR,Eastern Mediterranean,YEAR,2024,TOBACCO_INDICATOR,TOBACCO_INDICATOR_Youth_svy_national,,,,,,,Subnational,,,,,2025-07-24T14:32:31Z,2024,2024-01-01,2024-12-31
3388196,TOBACCO_MPOWER_M3_TOBACCOUSESMOKINGSCHOOL,COUNTRY,IRN,EMR,Eastern Mediterranean,YEAR,2024,TOBACCO_INDICATOR,TOBACCO_INDICATOR_Youth_survey_title,,,,,,,Global Youth Tobacco Survey,,,,,2025-07-24T14:32:31Z,2024,2024-01-01,2024-12-31
3392475,TOBACCO_MPOWER_M3_TOBACCOUSESMOKINGSCHOOL,COUNTRY,LTU,EUR,Europe,YEAR,2024,TOBACCO_INDICATOR,TOBACCO_INDICATOR_Youth_survey_title,,,,,,,Global Youth Tobacco Survey,,,,,2025-07-24T14:32:31Z,2024,2024-01-01,2024-12-31
3417871,TOBACCO_MPOWER_M3_TOBACCOUSESMOKINGSCHOOL,COUNTRY,DNK,EUR,Europe,YEAR,2024,TOBACCO_INDICATOR,TOBACCO_INDICATOR_Youth_svy_yr,,,,,,,2021-22,,,,,2025-07-24T14:32:31Z,2024,2024-01-01,2024-12-31
3450962,TOBACCO_MPOWER_M3_TOBACCOUSESMOKINGSCHOOL,COUNTRY,ISR,EUR,Europe,YEAR,2024,TOBACCO_INDICATOR,TOBACCO_INDICATOR_Youth_svy_national,,,,,,,National,,,,,2025-07-24T14:32:31Z,2024,2024-01-01,2024-12-31
3453901,TOBACCO_MPOWER_M3_TOBACCOUSESMOKINGSCHOOL,COUNTRY,QAT,EMR,Eastern Mediterranean,YEAR,2024,TOBACCO_INDICATOR,TOBACCO_INDICATOR_Youth_svy_national,,,,,,,National,,,,,2025-07-24T14:32:31Z,2024,2024-01-01,2024-12-31
3461540,TOBACCO_MPOWER_M3_TOBACCOUSESMOKINGSCHOOL,COUNTRY,MEX,AMR,Americas,YEAR,2024,TOBACCO_INDICATOR,TOBACCO_INDICATOR_Youth_survey_title,,,,,,,Global Youth Tobacco Survey,,,,,2025-07-24T14:32:31Z,2024,2024-01-01,2024-12-31
3467731,TOBACCO_MPOWER_M3_TOBACCOUSESMOKINGSCHOOL,COUNTRY,UZB,EUR,Europe,YEAR,2024,TOBACCO_INDICATOR,TOBACCO_INDICATOR_Youth_survey_title,,,,,,,Global Youth Tobacco Survey,,,,,2025-07-24T14:32:31Z,2024,2024-01-01,2024-12-31
3475158,TOBACCO_MPOWER_M3_TOBACCOUSESMOKINGSCHOOL,COUNTRY,MLT,EUR,Europe,YEAR,2024,TOBACCO_INDICATOR,TOBACCO_INDICATOR_Youth_svy_age_range,,,,,,,15-15,,,,,2025-07-24T14:32:31Z,2024,2024-01-01,2024-12-31
3487582,TOBACCO_MPOWER_M3_TOBACCOUSESMOKINGSCHOOL,COUNTRY,TLS,SEAR,South-East Asia,YEAR,2024,TOBACCO_INDICATOR,TOBACCO_INDICATOR_Youth_svy_yr,,,,,,,2019,2019,,,,2025-07-24T14:32:31Z,2024,2024-01-01,2024-12-31
3495125,TOBACCO_MPOWER_M3_TOBACCOUSESMOKINGSCHOOL,COUNTRY,ATG,AMR,Americas,YEAR,2024,TOBACCO_INDICATOR,TOBACCO_INDICATOR_Youth_svy_yr,,,,,,,2017,2017,,,,2025-07-24T14:32:31Z,2024,2024-01-01,2024-12-31
3506650,TOBACCO_MPOWER_M3_TOBACCOUSESMOKINGSCHOOL,COUNTRY,LBY,EMR,Eastern Mediterranean,YEAR,2024,TOBACCO_INDICATOR,TOBACCO_INDICATOR_Youth_svy_yr,,,,,,,2010,2010,,,,2025-07-24T14:32:31Z,2024,2024-01-01,2024-12-31
3508890,TOBACCO_MPOWER_M3_TOBACCOUSESMOKINGSCHOOL,COUNTRY,IND,SEAR,South-East Asia,YEAR,2024,TOBACCO_INDICATOR,TOBACCO_INDICATOR_Youth_survey_title,,,,,,,Global Youth Tobacco Survey,,,,,2025-07-24T14:32:31Z,2024,2024-01-01,2024-12-31
3514745,TOBACCO_MPOWER_M3_TOBACCOUSESMOKINGSCHOOL,COUNTRY,PAN,AMR,Americas,YEAR,2024,TOBACCO_INDICATOR,TOBACCO_INDICATOR_Youth_survey_title,,,,,,,Global Youth Tobacco Survey,,,,,2025-07-24T14:32:31Z,2024,2024-01-01,2024-12-31
3519023,TOBACCO_MPOWER_M3_TOBACCOUSESMOKINGSCHOOL,COUNTRY,ZWE,AFR,Africa,YEAR,2024,TOBACCO_INDICATOR,TOBACCO_INDICATOR_Youth_svy_yr,,,,,,,2014,2014,,,,2025-07-24T14:32:31Z,2024,2024-01-01,2024-12-31
3562982,TOBACCO_MPOWER_M3_TOBACCOUSESMOKINGSCHOOL,COUNTRY,AGO,AFR,Africa,YEAR,2024,TOBACCO_INDICATOR,TOBACCO_INDICATOR_Youth_svy_yr,,,,,,,2010,2010,,,,2025-07-24T14:32:31Z,2024,2024-01-01,2024-12-31
3580427,TOBACCO_MPOWER_M3_TOBACCOUSESMOKINGSCHOOL,COUNTRY,UKR,EUR,Europe,YEAR,2024,TOBACCO_INDICATOR,TOBACCO_INDICATOR_Youth_svy_national,,,,,,,National,,,,,2025-07-24T14:32:31Z,2024,2024-01-01,2024-12-31
3592280,TOBACCO_MPOWER_M3_TOBACCOUSESMOKINGSCHOOL,COUNTRY,HTI,AMR,Americas,YEAR,2024,TOBACCO_INDICATOR,TOBACCO_INDICATOR_Youth_svy_yr,,,,,,,2005,2005,,,,2025-07-24T14:32:31Z,2024,2024-01-01,2024-12-31
3592661,TOBACCO_MPOWER_M3_TOBACCOUSESMOKINGSCHOOL,COUNTRY,IRQ,EMR,Eastern Mediterranean,YEAR,2024,TOBACCO_INDICATOR,TOBACCO_INDICATOR_Youth_survey_title,,,,,,,Global Youth Tobacco Survey,,,,,2025-07-24T14:32:31Z,2024,2024-01-01,2024-12-31
3609761,TOBACCO_MPOWER_M3_TOBACCOUSESMOKINGSCHOOL,COUNTRY,NIU,WPR,Western Pacific,YEAR,2024,TOBACCO_INDICATOR,TOBACCO_INDICATOR_Youth_svy_yr,,,,,,,2019,2019,,,,2025-07-24T14:32:31Z,2024,2024-01-01,2024-12-31
3643633,TOBACCO_MPOWER_M3_TOBACCOUSESMOKINGSCHOOL,COUNTRY,SLE,AFR,Africa,YEAR,2024,TOBACCO_INDICATOR,TOBACCO_INDICATOR_Youth_svy_national,,,,,,,National,,,,,2025-07-24T14:32:31Z,2024,2024-01-01,2024-12-31
3652038,TOBACCO_MPOWER_M3_TOBACCOUSESMOKINGSCHOOL,COUNTRY,SVK,EUR,Europe,YEAR,2024,TOBACCO_INDICATOR,TOBACCO_INDICATOR_Youth_survey_title,,,,,,,Health Behaviour in School-aged Children,,,,,2025-07-24T14:32:31Z,2024,2024-01-01,2024-12-31
3654069,TOBACCO_MPOWER_M3_TOBACCOUSESMOKINGSCHOOL,COUNTRY,IRN,EMR,Eastern Mediterranean,YEAR,2024,TOBACCO_INDICATOR,TOBACCO_INDICATOR_Youth_svy_national,,,,,,,National,,,,,2025-07-24T14:32:31Z,2024,2024-01-01,2024-12-31
3659603,TOBACCO_MPOWER_M3_TOBACCOUSESMOKINGSCHOOL,COUNTRY,TKM,EUR,Europe,YEAR,2024,TOBACCO_INDICATOR,TOBACCO_INDICATOR_Youth_svy_national,,,,,,,National,,,,,2025-07-24T14:32:31Z,2024,2024-01-01,2024-12-31
3688152,TOBACCO_MPOWER_M3_TOBACCOUSESMOKINGSCHOOL,COUNTRY,THA,SEAR,South-East Asia,YEAR,2024,TOBACCO_INDICATOR,TOBACCO_INDICATOR_Youth_survey_title,,,,,,,Global Youth Tobacco Survey,,,,,2025-07-24T14:32:31Z,2024,2024-01-01,2024-12-31
3714109,TOBACCO_MPOWER_M3_TOBACCOUSESMOKINGSCHOOL,COUNTRY,CHN,WPR,Western Pacific,YEAR,2024,TOBACCO_INDICATOR,TOBACCO_INDICATOR_Youth_survey_title,,,,,,,Global Youth Tobacco Survey,,,,,2025-07-24T14:32:31Z,2024,2024-01-01,2024-12-31
3725313,TOBACCO_MPOWER_M3_TOBACCOUSESMOKINGSCHOOL,COUNTRY,JPN,WPR,Western Pacific,YEAR,2024,TOBACCO_INDICATOR,TOBACCO_INDICATOR_Youth_svy_yr,,,,,,,2021,2021,,,,2025-07-24T14:32:31Z,2024,2024-01-01,2024-12-31
3738231,TOBACCO_MPOWER_M3_TOBACCOUSESMOKINGSCHOOL,COUNTRY,SOM,EMR,Eastern Mediterranean,YEAR,2024,TOBACCO_INDICATOR,TOBACCO_INDICATOR_Youth_svy_national,,,,,,,Subnational,,,,,2025-07-24T14:32:31Z,2024,2024-01-01,2024-12-31
3765790,TOBACCO_MPOWER_M3_TOBACCOUSESMOKINGSCHOOL,COUNTRY,MNG,WPR,Western Pacific,YEAR,2024,TOBACCO_INDICATOR,TOBACCO_INDICATOR_Youth_svy_national,,,,,,,National,,,,,2025-07-24T14:32:31Z,2024,2024-01-01,2024-12-31
3777805,TOBACCO_MPOWER_M3_TOBACCOUSESMOKINGSCHOOL,COUNTRY,MLI,AFR,Africa,YEAR,2024,TOBACCO_INDICATOR,TOBACCO_INDICATOR_Youth_svy_yr,,,,,,,2008,2008,,,,2025-07-24T14:32:31Z,2024,2024-01-01,2024-12-31
3782469,TOBACCO_MPOWER_M3_TOBACCOUSESMOKINGSCHOOL,COUNTRY,PLW,WPR,Western Pacific,YEAR,2024,TOBACCO_INDICATOR,TOBACCO_INDICATOR_Youth_svy_yr,,,,,,,2022,2022,,,,2025-07-24T14:32:31Z,2024,2024-01-01,2024-12-31
3784464,TOBACCO_MPOWER_M3_TOBACCOUSESMOKINGSCHOOL,COUNTRY,PER,AMR,Americas,YEAR,2024,TOBACCO_INDICATOR,TOBACCO_INDICATOR_Youth_svy_age_range,,,,,,,13-15,,,,,2025-07-24T14:32:31Z,2024,2024-01-01,2024-12-31
3814297,TOBACCO_MPOWER_M3_TOBACCOUSESMOKINGSCHOOL,COUNTRY,BWA,AFR,Africa,YEAR,2024,TOBACCO_INDICATOR,TOBACCO_INDICATOR_Youth_svy_national,,,,,,,National,,,,,2025-07-24T14:32:31Z,2024,2024-01-01,2024-12-31
3817680,TOBACCO_MPOWER_M3_TOBACCOUSESMOKINGSCHOOL,COUNTRY,ZMB,AFR,Africa,YEAR,2024,TOBACCO_INDICATOR,TOBACCO_INDICATOR_Youth_svy_yr,,,,,,,2021,2021,,,,2025-07-24T14:32:31Z,2024,2024-01-01,2024-12-31
3842389,TOBACCO_MPOWER_M3_TOBACCOUSESMOKINGSCHOOL,COUNTRY,PER,AMR,Americas,YEAR,2024,TOBACCO_INDICATOR,TOBACCO_INDICATOR_Youth_svy_yr,,,,,,,2019,2019,,,,2025-07-24T14:32:31Z,2024,2024-01-01,2024-12-31
3854175,TOBACCO_MPOWER_M3_TOBACCOUSESMOKINGSCHOOL,COUNTRY,BLZ,AMR,Americas,YEAR,2024,TOBACCO_INDICATOR,TOBACCO_INDICATOR_Youth_svy_age_range,,,,,,,13-15,,,,,2025-07-24T14:32:31Z,2024,2024-01-01,2024-12-31
3857371,TOBACCO_MPOWER_M3_TOBACCOUSESMOKINGSCHOOL,COUNTRY,HTI,AMR,Americas,YEAR,2024,TOBACCO_INDICATOR,TOBACCO_INDICATOR_Youth_svy_age_range,,,,,,,13-15,,,,,2025-07-24T14:32:31Z,2024,2024-01-01,2024-12-31
3877513,TOBACCO_MPOWER_M3_TOBACCOUSESMOKINGSCHOOL,COUNTRY,NOR,EUR,Europe,YEAR,2024,TOBACCO_INDICATOR,TOBACCO_INDICATOR_Youth_svy_yr,,,,,,,2024,2024,,,,2025-07-24T14:32:31Z,2024,2024-01-01,2024-12-31
3880474,TOBACCO_MPOWER_M3_TOBACCOUSESMOKINGSCHOOL,COUNTRY,GHA,AFR,Africa,YEAR,2024,TOBACCO_INDICATOR,TOBACCO_INDICATOR_Youth_survey_title,,,,,,,Global Youth Tobacco Survey,,,,,2025-07-24T14:32:31Z,2024,2024-01-01,2024-12-31
3894427,TOBACCO_MPOWER_M3_TOBACCOUSESMOKINGSCHOOL,COUNTRY,TKM,EUR,Europe,YEAR,2024,TOBACCO_INDICATOR,TOBACCO_INDICATOR_Youth_survey_title,,,,,,,Global Youth Tobacco Survey,,,,,2025-07-24T14:32:31Z,2024,2024-01-01,2024-12-31
3903885,TOBACCO_MPOWER_M3_TOBACCOUSESMOKINGSCHOOL,COUNTRY,TUR,EUR,Europe,YEAR,2024,TOBACCO_INDICATOR,TOBACCO_INDICATOR_Youth_svy_age_range,,,,,,,13-15,,,,,2025-07-24T14:32:31Z,2024,2024-01-01,2024-12-31
3934189,TOBACCO_MPOWER_M3_TOBACCOUSESMOKINGSCHOOL,COUNTRY,MUS,AFR,Africa,YEAR,2024,TOBACCO_INDICATOR,TOBACCO_INDICATOR_Youth_svy_national,,,,,,,National,,,,,2025-07-24T14:32:31Z,2024,2024-01-01,2024-12-31
3939222,TOBACCO_MPOWER_M3_TOBACCOUSESMOKINGSCHOOL,COUNTRY,BGR,EUR,Europe,YEAR,2024,TOBACCO_INDICATOR,TOBACCO_INDICATOR_Youth_svy_national,,,,,,,National,,,,,2025-07-24T14:32:31Z,2024,2024-01-01,2024-12-31
3939589,TOBACCO_MPOWER_M3_TOBACCOUSESMOKINGSCHOOL,COUNTRY,SGP,WPR,Western Pacific,YEAR,2024,TOBACCO_INDICATOR,TOBACCO_INDICATOR_Youth_svy_age_range,,,,,,,13-20,,,,,2025-07-24T14:32:31Z,2024,2024-01-01,2024-12-31
17928,TOBACCO_MPOWER_M3_TOBACCOUSESMOKINGSCHOOL,COUNTRY,BHS,AMR,Americas,YEAR,2024,TOBACCO_INDICATOR,TOBACCO_INDICATOR_Youth_survey_title,,,,,,,Global Youth Tobacco Survey,,,,,2025-07-24T14:32:31Z,2024,2024-01-01,2024-12-31
35751,TOBACCO_MPOWER_M3_TOBACCOUSESMOKINGSCHOOL,COUNTRY,GRD,AMR,Americas,YEAR,2024,TOBACCO_INDICATOR,TOBACCO_INDICATOR_Youth_survey_title,,,,,,,Global Youth Tobacco Survey,,,,,2025-07-24T14:32:31Z,2024,2024-01-01,2024-12-31
52950,TOBACCO_MPOWER_M3_TOBACCOUSESMOKINGSCHOOL,COUNTRY,BRN,WPR,Western Pacific,YEAR,2024,TOBACCO_INDICATOR,TOBACCO_INDICATOR_Youth_survey_title,,,,,,,Global Youth Tobacco Survey,,,,,2025-07-24T14:32:31Z,2024,2024-01-01,2024-12-31
85182,TOBACCO_MPOWER_M3_TOBACCOUSESMOKINGSCHOOL,COUNTRY,QAT,EMR,Eastern Mediterranean,YEAR,2024,TOBACCO_INDICATOR,TOBACCO_INDICATOR_Youth_svy_age_range,,,,,,,13-15,,,,,2025-07-24T14:32:31Z,2024,2024-01-01,2024-12-31
90176,TOBACCO_MPOWER_M3_TOBACCOUSESMOKINGSCHOOL,COUNTRY,PER,AMR,Americas,YEAR,2024,TOBACCO_INDICATOR,TOBACCO_INDICATOR_Youth_svy_national,,,,,,,National,,,,,2025-07-24T14:32:31Z,2024,2024-01-01,2024-12-31
119338,TOBACCO_MPOWER_M3_TOBACCOUSESMOKINGSCHOOL,COUNTRY,ALB,EUR,Europe,YEAR,2024,TOBACCO_INDICATOR,TOBACCO_INDICATOR_Youth_svy_national,,,,,,,National,,,,,2025-07-24T14:32:31Z,2024,2024-01-01,2024-12-31
130495,TOBACCO_MPOWER_M3_TOBACCOUSESMOKINGSCHOOL,COUNTRY,BEL,EUR,Europe,YEAR,2024,TOBACCO_INDICATOR,TOBACCO_INDICATOR_Youth_survey_title,,,,,,,VAD-Leerlingenbevraging (Flemish Region),,,,"Belgium completed school-based surveys in all regions of the country to monitor tobacco use, however data are not aggregated at national level.",2025-07-24T14:32:31Z,2024,2024-01-01,2024-12-31
167699,TOBACCO_MPOWER_M3_TOBACCOUSESMOKINGSCHOOL,COUNTRY,JOR,EMR,Eastern Mediterranean,YEAR,2024,TOBACCO_INDICATOR,TOBACCO_INDICATOR_Youth_svy_yr,,,,,,,2014,2014,,,,2025-07-24T14:32:31Z,2024,2024-01-01,2024-12-31
188870,TOBACCO_MPOWER_M3_TOBACCOUSESMOKINGSCHOOL,COUNTRY,ESP,EUR,Europe,YEAR,2024,TOBACCO_INDICATOR,TOBACCO_INDICATOR_Youth_svy_national,,,,,,,National,,,,,2025-07-24T14:32:31Z,2024,2024-01-01,2024-12-31
219073,TOBACCO_MPOWER_M3_TOBACCOUSESMOKINGSCHOOL,COUNTRY,PAN,AMR,Americas,YEAR,2024,TOBACCO_INDICATOR,TOBACCO_INDICATOR_Youth_svy_yr,,,,,,,2023,2023,,,,2025-07-24T14:32:31Z,2024,2024-01-01,2024-12-31
231011,TOBACCO_MPOWER_M3_TOBACCOUSESMOKINGSCHOOL,COUNTRY,BGR,EUR,Europe,YEAR,2024,TOBACCO_INDICATOR,TOBACCO_INDICATOR_Youth_svy_age_range,,,,,,,13-15,,,,,2025-07-24T14:32:31Z,2024,2024-01-01,2024-12-31
238212,TOBACCO_MPOWER_M3_TOBACCOUSESMOKINGSCHOOL,COUNTRY,MYS,WPR,Western Pacific,YEAR,2024,TOBACCO_INDICATOR,TOBACCO_INDICATOR_Youth_survey_title,,,,,,,National School-Based Student Health Survey,,,,,2025-07-24T14:32:31Z,2024,2024-01-01,2024-12-31
276837,TOBACCO_MPOWER_M3_TOBACCOUSESMOKINGSCHOOL,COUNTRY,TZA,AFR,Africa,YEAR,2024,TOBACCO_INDICATOR,TOBACCO_INDICATOR_Youth_survey_title,,,,,,,Global Youth Tobacco Survey,,,,,2025-07-24T14:32:31Z,2024,2024-01-01,2024-12-31
284176,TOBACCO_MPOWER_M3_TOBACCOUSESMOKINGSCHOOL,COUNTRY,SYC,AFR,Africa,YEAR,2024,TOBACCO_INDICATOR,TOBACCO_INDICATOR_Youth_svy_yr,,,,,,,2015,2015,,,,2025-07-24T14:32:31Z,2024,2024-01-01,2024-12-31
286528,TOBACCO_MPOWER_M3_TOBACCOUSESMOKINGSCHOOL,COUNTRY,BGD,SEAR,South-East Asia,YEAR,2024,TOBACCO_INDICATOR,TOBACCO_INDICATOR_Youth_svy_yr,,,,,,,2014,2014,,,,2025-07-24T14:32:31Z,2024,2024-01-01,2024-12-31
286845,TOBACCO_MPOWER_M3_TOBACCOUSESMOKINGSCHOOL,COUNTRY,SLE,AFR,Africa,YEAR,2024,TOBACCO_INDICATOR,TOBACCO_INDICATOR_Youth_svy_age_range,,,,,,,13-15,,,,,2025-07-24T14:32:31Z,2024,2024-01-01,2024-12-31
301841,TOBACCO_MPOWER_M3_TOBACCOUSESMOKINGSCHOOL,COUNTRY,QAT,EMR,Eastern Mediterranean,YEAR,2024,TOBACCO_INDICATOR,TOBACCO_INDICATOR_Youth_survey_title,,,,,,,Global Youth Tobacco Survey,,,,,2025-07-24T14:32:31Z,2024,2024-01-01,2024-12-31
304701,TOBACCO_MPOWER_M3_TOBACCOUSESMOKINGSCHOOL,COUNTRY,GNQ,AFR,Africa,YEAR,2024,TOBACCO_INDICATOR,TOBACCO_INDICATOR_Youth_svy_national,,,,,,,National,,,,,2025-07-24T14:32:31Z,2024,2024-01-01,2024-12-31
316847,TOBACCO_MPOWER_M3_TOBACCOUSESMOKINGSCHOOL,COUNTRY,GMB,AFR,Africa,YEAR,2024,TOBACCO_INDICATOR,TOBACCO_INDICATOR_Youth_svy_yr,,,,,,,2017,2017,,,,2025-07-24T14:32:31Z,2024,2024-01-01,2024-12-31
324614,TOBACCO_MPOWER_M3_TOBACCOUSESMOKINGSCHOOL,COUNTRY,MOZ,AFR,Africa,YEAR,2024,TOBACCO_INDICATOR,TOBACCO_INDICATOR_Youth_svy_yr,,,,,,,2015,2015,,,,2025-07-24T14:32:31Z,2024,2024-01-01,2024-12-31
326000,TOBACCO_MPOWER_M3_TOBACCOUSESMOKINGSCHOOL,COUNTRY,SGP,WPR,Western Pacific,YEAR,2024,TOBACCO_INDICATOR,TOBACCO_INDICATOR_Youth_survey_title,,,,,,,Student Health Survey,,,,,2025-07-24T14:32:31Z,2024,2024-01-01,2024-12-31
343698,TOBACCO_MPOWER_M3_TOBACCOUSESMOKINGSCHOOL,COUNTRY,KGZ,EUR,Europe,YEAR,2024,TOBACCO_INDICATOR,TOBACCO_INDICATOR_Youth_survey_title,,,,,,,Health Behaviour in School-aged Children,,,,,2025-07-24T14:32:31Z,2024,2024-01-01,2024-12-31
356002,TOBACCO_MPOWER_M3_TOBACCOUSESMOKINGSCHOOL,COUNTRY,ETH,AFR,Africa,YEAR,2024,TOBACCO_INDICATOR,TOBACCO_INDICATOR_Youth_svy_yr,,,,,,,2023,2023,,,,2025-07-24T14:32:31Z,2024,2024-01-01,2024-12-31
357584,TOBACCO_MPOWER_M3_TOBACCOUSESMOKINGSCHOOL,COUNTRY,MUS,AFR,Africa,YEAR,2024,TOBACCO_INDICATOR,TOBACCO_INDICATOR_Youth_svy_age_range,,,,,,,13-15,,,,,2025-07-24T14:32:31Z,2024,2024-01-01,2024-12-31
373047,TOBACCO_MPOWER_M3_TOBACCOUSESMOKINGSCHOOL,COUNTRY,MCO,EUR,Europe,YEAR,2024,TOBACCO_INDICATOR,TOBACCO_INDICATOR_Youth_svy_national,,,,,,,National,,,,,2025-07-24T14:32:31Z,2024,2024-01-01,2024-12-31
376742,TOBACCO_MPOWER_M3_TOBACCOUSESMOKINGSCHOOL,COUNTRY,KAZ,EUR,Europe,YEAR,2024,TOBACCO_INDICATOR,TOBACCO_INDICATOR_Youth_svy_yr,,,,,,,2021-22,,,,,2025-07-24T14:32:31Z,2024,2024-01-01,2024-12-31
428540,TOBACCO_MPOWER_M3_TOBACCOUSESMOKINGSCHOOL,COUNTRY,PRT,EUR,Europe,YEAR,2024,TOBACCO_INDICATOR,TOBACCO_INDICATOR_Youth_svy_yr,,,,,,,2022,2022,,,,2025-07-24T14:32:31Z,2024,2024-01-01,2024-12-31
436690,TOBACCO_MPOWER_M3_TOBACCOUSESMOKINGSCHOOL,COUNTRY,MLI,AFR,Africa,YEAR,2024,TOBACCO_INDICATOR,TOBACCO_INDICATOR_Youth_svy_age_range,,,,,,,13-15,,,,,2025-07-24T14:32:31Z,2024,2024-01-01,2024-12-31
441156,TOBACCO_MPOWER_M3_TOBACCOUSESMOKINGSCHOOL,COUNTRY,DOM,AMR,Americas,YEAR,2024,TOBACCO_INDICATOR,TOBACCO_INDICATOR_Youth_svy_age_range,,,,,,,13-15,,,,,2025-07-24T14:32:31Z,2024,2024-01-01,2024-12-31
446632,TOBACCO_MPOWER_M3_TOBACCOUSESMOKINGSCHOOL,COUNTRY,ROU,EUR,Europe,YEAR,2024,TOBACCO_INDICATOR,TOBACCO_INDICATOR_Youth_svy_national,,,,,,,National,,,,,2025-07-24T14:32:31Z,2024,2024-01-01,2024-12-31
467329,TOBACCO_MPOWER_M3_TOBACCOUSESMOKINGSCHOOL,COUNTRY,AND,EUR,Europe,YEAR,2024,TOBACCO_INDICATOR,TOBACCO_INDICATOR_Youth_survey_title,,,,,,,. . .,,,,,2025-07-24T14:32:31Z,2024,2024-01-01,2024-12-31
471335,TOBACCO_MPOWER_M3_TOBACCOUSESMOKINGSCHOOL,COUNTRY,MYS,WPR,Western Pacific,YEAR,2024,TOBACCO_INDICATOR,TOBACCO_INDICATOR_Youth_svy_yr,,,,,,,2022,2022,,,,2025-07-24T14:32:31Z,2024,2024-01-01,2024-12-31
477977,TOBACCO_MPOWER_M3_TOBACCOUSESMOKINGSCHOOL,COUNTRY,NGA,AFR,Africa,YEAR,2024,TOBACCO_INDICATOR,TOBACCO_INDICATOR_Youth_survey_title,,,,,,,Global Youth Tobacco Survey (Abuja),,,,,2025-07-24T14:32:31Z,2024,2024-01-01,2024-12-31
488964,TOBACCO_MPOWER_M3_TOBACCOUSESMOKINGSCHOOL,COUNTRY,NZL,WPR,Western Pacific,YEAR,2024,TOBACCO_INDICATOR,TOBACCO_INDICATOR_Youth_svy_age_range,,,,,,,14-15,,,,,2025-07-24T14:32:31Z,2024,2024-01-01,2024-12-31
489328,TOBACCO_MPOWER_M3_TOBACCOUSESMOKINGSCHOOL,COUNTRY,NIC,AMR,Americas,YEAR,2024,TOBACCO_INDICATOR,TOBACCO_INDICATOR_Youth_survey_title,,,,,,,. . .,,,,,2025-07-24T14:32:31Z,2024,2024-01-01,2024-12-31
491915,TOBACCO_MPOWER_M3_TOBACCOUSESMOKINGSCHOOL,COUNTRY,JAM,AMR,Americas,YEAR,2024,TOBACCO_INDICATOR,TOBACCO_INDICATOR_Youth_survey_title,,,,,,,Global Youth Tobacco Survey,,,,,2025-07-24T14:32:31Z,2024,2024-01-01,2024-12-31
495017,TOBACCO_MPOWER_M3_TOBACCOUSESMOKINGSCHOOL,COUNTRY,AZE,EUR,Europe,YEAR,2024,TOBACCO_INDICATOR,TOBACCO_INDICATOR_Youth_svy_age_range,,,,,,,15-15,,,,,2025-07-24T14:32:31Z,2024,2024-01-01,2024-12-31
502724,TOBACCO_MPOWER_M3_TOBACCOUSESMOKINGSCHOOL,COUNTRY,COL,AMR,Americas,YEAR,2024,TOBACCO_INDICATOR,TOBACCO_INDICATOR_Youth_svy_yr,,,,,,,2022,2022,,,,2025-07-24T14:32:31Z,2024,2024-01-01,2024-12-31
513559,TOBACCO_MPOWER_M3_TOBACCOUSESMOKINGSCHOOL,COUNTRY,ISR,EUR,Europe,YEAR,2024,TOBACCO_INDICATOR,TOBACCO_INDICATOR_Youth_svy_yr,,,,,,,2021-22,,,,,2025-07-24T14:32:31Z,2024,2024-01-01,2024-12-31
514974,TOBACCO_MPOWER_M3_TOBACCOUSESMOKINGSCHOOL,COUNTRY,ISR,EUR,Europe,YEAR,2024,TOBACCO_INDICATOR,TOBACCO_INDICATOR_Youth_svy_age_range,,,,,,,15-15,,,,,2025-07-24T14:32:31Z,2024,2024-01-01,2024-12-31
515692,TOBACCO_MPOWER_M3_TOBACCOUSESMOKINGSCHOOL,COUNTRY,SVN,EUR,Europe,YEAR,2024,TOBACCO_INDICATOR,TOBACCO_INDICATOR_Youth_svy_national,,,,,,,National,,,,,2025-07-24T14:32:31Z,2024,2024-01-01,2024-12-31
518509,TOBACCO_MPOWER_M3_TOBACCOUSESMOKINGSCHOOL,COUNTRY,UGA,AFR,Africa,YEAR,2024,TOBACCO_INDICATOR,TOBACCO_INDICATOR_Youth_svy_yr,,,,,,,2018,2018,,,,2025-07-24T14:32:31Z,2024,2024-01-01,2024-12-31
527117,TOBACCO_MPOWER_M3_TOBACCOUSESMOKINGSCHOOL,COUNTRY,NLD,EUR,Europe,YEAR,2024,TOBACCO_INDICATOR,TOBACCO_INDICATOR_Youth_svy_yr,,,,,,,2021-22,,,,,2025-07-24T14:32:31Z,2024,2024-01-01,2024-12-31
546460,TOBACCO_MPOWER_M3_TOBACCOUSESMOKINGSCHOOL,COUNTRY,NER,AFR,Africa,YEAR,2024,TOBACCO_INDICATOR,TOBACCO_INDICATOR_Youth_svy_age_range,,,,,,,13-15,,,,,2025-07-24T14:32:31Z,2024,2024-01-01,2024-12-31
561850,TOBACCO_MPOWER_M3_TOBACCOUSESMOKINGSCHOOL,COUNTRY,SWE,EUR,Europe,YEAR,2024,TOBACCO_INDICATOR,TOBACCO_INDICATOR_Youth_svy_age_range,,,,,,,15-16,,,,,2025-07-24T14:32:31Z,2024,2024-01-01,2024-12-31
567853,TOBACCO_MPOWER_M3_TOBACCOUSESMOKINGSCHOOL,COUNTRY,STP,AFR,Africa,YEAR,2024,TOBACCO_INDICATOR,TOBACCO_INDICATOR_Youth_svy_yr,,,,,,,2010,2010,,,,2025-07-24T14:32:31Z,2024,2024-01-01,2024-12-31
568418,TOBACCO_MPOWER_M3_TOBACCOUSESMOKINGSCHOOL,COUNTRY,TCD,AFR,Africa,YEAR,2024,TOBACCO_INDICATOR,TOBACCO_INDICATOR_Youth_svy_national,,,,,,,National,,,,,2025-07-24T14:32:31Z,2024,2024-01-01,2024-12-31
577316,TOBACCO_MPOWER_M3_TOBACCOUSESMOKINGSCHOOL,COUNTRY,IDN,WPR,Western Pacific,YEAR,2024,TOBACCO_INDICATOR,TOBACCO_INDICATOR_Youth_svy_national,,,,,,,National,,,,,2025-07-24T14:32:31Z,2024,2024-01-01,2024-12-31
581949,TOBACCO_MPOWER_M3_TOBACCOUSESMOKINGSCHOOL,COUNTRY,GTM,AMR,Americas,YEAR,2024,TOBACCO_INDICATOR,TOBACCO_INDICATOR_Youth_svy_yr,,,,,,,2015,2015,,,,2025-07-24T14:32:31Z,2024,2024-01-01,2024-12-31
582194,TOBACCO_MPOWER_M3_TOBACCOUSESMOKINGSCHOOL,COUNTRY,LBY,EMR,Eastern Mediterranean,YEAR,2024,TOBACCO_INDICATOR,TOBACCO_INDICATOR_Youth_svy_age_range,,,,,,,13-15,,,,,2025-07-24T14:32:31Z,2024,2024-01-01,2024-12-31
583415,TOBACCO_MPOWER_M3_TOBACCOUSESMOKINGSCHOOL,COUNTRY,BOL,AMR,Americas,YEAR,2024,TOBACCO_INDICATOR,TOBACCO_INDICATOR_Youth_svy_national,,,,,,,National,,,,,2025-07-24T14:32:31Z,2024,2024-01-01,2024-12-31
586535,TOBACCO_MPOWER_M3_TOBACCOUSESMOKINGSCHOOL,COUNTRY,BEN,AFR,Africa,YEAR,2024,TOBACCO_INDICATOR,TOBACCO_INDICATOR_Youth_svy_national,,,,,,,National,,,,,2025-07-24T14:32:31Z,2024,2024-01-01,2024-12-31
612756,TOBACCO_MPOWER_M3_TOBACCOUSESMOKINGSCHOOL,COUNTRY,LVA,EUR,Europe,YEAR,2024,TOBACCO_INDICATOR,TOBACCO_INDICATOR_Youth_svy_national,,,,,,,National,,,,,2025-07-24T14:32:31Z,2024,2024-01-01,2024-12-31
624334,TOBACCO_MPOWER_M3_TOBACCOUSESMOKINGSCHOOL,COUNTRY,TKM,EUR,Europe,YEAR,2024,TOBACCO_INDICATOR,TOBACCO_INDICATOR_Youth_svy_yr,,,,,,,2015,2015,,,,2025-07-24T14:32:31Z,2024,2024-01-01,2024-12-31
624986,TOBACCO_MPOWER_M3_TOBACCOUSESMOKINGSCHOOL,COUNTRY,SVK,EUR,Europe,YEAR,2024,TOBACCO_INDICATOR,TOBACCO_INDICATOR_Youth_svy_yr,,,,,,,2021-22,,,,,2025-07-24T14:32:31Z,2024,2024-01-01,2024-12-31
629493,TOBACCO_MPOWER_M3_TOBACCOUSESMOKINGSCHOOL,COUNTRY,TUV,WPR,Western Pacific,YEAR,2024,TOBACCO_INDICATOR,TOBACCO_INDICATOR_Youth_svy_national,,,,,,,National,,,,,2025-07-24T14:32:31Z,2024,2024-01-01,2024-12-31
675472,TOBACCO_MPOWER_M3_TOBACCOUSESMOKINGSCHOOL,COUNTRY,PRK,SEAR,South-East Asia,YEAR,2024,TOBACCO_INDICATOR,TOBACCO_INDICATOR_Youth_svy_yr,,,,,,,. . .,,,,,2025-07-24T14:32:31Z,2024,2024-01-01,2024-12-31
688506,TOBACCO_MPOWER_M3_TOBACCOUSESMOKINGSCHOOL,COUNTRY,NLD,EUR,Europe,YEAR,2024,TOBACCO_INDICATOR,TOBACCO_INDICATOR_Youth_svy_national,,,,,,,National,,,,,2025-07-24T14:32:31Z,2024,2024-01-01,2024-12-31
690890,TOBACCO_MPOWER_M3_TOBACCOUSESMOKINGSCHOOL,COUNTRY,PRY,AMR,Americas,YEAR,2024,TOBACCO_INDICATOR,TOBACCO_INDICATOR_Youth_svy_age_range,,,,,,,13-15,,,,,2025-07-24T14:32:31Z,2024,2024-01-01,2024-12-31
741567,TOBACCO_MPOWER_M3_TOBACCOUSESMOKINGSCHOOL,COUNTRY,WSM,WPR,Western Pacific,YEAR,2024,TOBACCO_INDICATOR,TOBACCO_INDICATOR_Youth_survey_title,,,,,,,Global Youth Tobacco Survey,,,,,2025-07-24T14:32:31Z,2024,2024-01-01,2024-12-31
794150,TOBACCO_MPOWER_M3_TOBACCOUSESMOKINGSCHOOL,COUNTRY,BLZ,AMR,Americas,YEAR,2024,TOBACCO_INDICATOR,TOBACCO_INDICATOR_Youth_svy_yr,,,,,,,2014,2014,,,,2025-07-24T14:32:31Z,2024,2024-01-01,2024-12-31
796278,TOBACCO_MPOWER_M3_TOBACCOUSESMOKINGSCHOOL,COUNTRY,TON,WPR,Western Pacific,YEAR,2024,TOBACCO_INDICATOR,TOBACCO_INDICATOR_Youth_svy_yr,,,,,,,2017,2017,,,,2025-07-24T14:32:31Z,2024,2024-01-01,2024-12-31
839340,TOBACCO_MPOWER_M3_TOBACCOUSESMOKINGSCHOOL,COUNTRY,MDG,AFR,Africa,YEAR,2024,TOBACCO_INDICATOR,TOBACCO_INDICATOR_Youth_svy_national,,,,,,,National,,,,,2025-07-24T14:32:31Z,2024,2024-01-01,2024-12-31
846120,TOBACCO_MPOWER_M3_TOBACCOUSESMOKINGSCHOOL,COUNTRY,BRB,AMR,Americas,YEAR,2024,TOBACCO_INDICATOR,TOBACCO_INDICATOR_Youth_svy_age_range,,,,,,,13-15,,,,,2025-07-24T14:32:31Z,2024,2024-01-01,2024-12-31
846151,TOBACCO_MPOWER_M3_TOBACCOUSESMOKINGSCHOOL,COUNTRY,BRA,AMR,Americas,YEAR,2024,TOBACCO_INDICATOR,TOBACCO_INDICATOR_Youth_svy_national,,,,,,,National,,,,,2025-07-24T14:32:31Z,2024,2024-01-01,2024-12-31
859696,TOBACCO_MPOWER_M3_TOBACCOUSESMOKINGSCHOOL,COUNTRY,PRT,EUR,Europe,YEAR,2024,TOBACCO_INDICATOR,TOBACCO_INDICATOR_Youth_survey_title,,,,,,,Health Behaviour in School-aged Children,,,,,2025-07-24T14:32:31Z,2024,2024-01-01,2024-12-31
859738,TOBACCO_MPOWER_M3_TOBACCOUSESMOKINGSCHOOL,COUNTRY,BEL,EUR,Europe,YEAR,2024,TOBACCO_INDICATOR,TOBACCO_INDICATOR_Youth_svy_national,,,,,,,Subnational,,,,"Belgium completed school-based surveys in all regions of the country to monitor tobacco use, however data are not aggregated at national level.",2025-07-24T14:32:31Z,2024,2024-01-01,2024-12-31
931376,TOBACCO_MPOWER_M3_TOBACCOUSESMOKINGSCHOOL,COUNTRY,KNA,AMR,Americas,YEAR,2024,TOBACCO_INDICATOR,TOBACCO_INDICATOR_Youth_survey_title,,,,,,,Global Youth Tobacco Survey,,,,,2025-07-24T14:32:31Z,2024,2024-01-01,2024-12-31
948242,TOBACCO_MPOWER_M3_TOBACCOUSESMOKINGSCHOOL,COUNTRY,ZMB,AFR,Africa,YEAR,2024,TOBACCO_INDICATOR,TOBACCO_INDICATOR_Youth_svy_national,,,,,,,National,,,,,2025-07-24T14:32:31Z,2024,2024-01-01,2024-12-31
951451,TOBACCO_MPOWER_M3_TOBACCOUSESMOKINGSCHOOL,COUNTRY,MCO,EUR,Europe,YEAR,2024,TOBACCO_INDICATOR,TOBACCO_INDICATOR_Youth_svy_age_range,,,,,,,lycée 2nde-15 t,,,,,2025-07-24T14:32:31Z,2024,2024-01-01,2024-12-31
999458,TOBACCO_MPOWER_M3_TOBACCOUSESMOKINGSCHOOL,COUNTRY,GRD,AMR,Americas,YEAR,2024,TOBACCO_INDICATOR,TOBACCO_INDICATOR_Youth_svy_age_range,,,,,,,13-15,,,,,2025-07-24T14:32:31Z,2024,2024-01-01,2024-12-31
1001360,TOBACCO_MPOWER_M3_TOBACCOUSESMOKINGSCHOOL,COUNTRY,SEN,AFR,Africa,YEAR,2024,TOBACCO_INDICATOR,TOBACCO_INDICATOR_Youth_svy_age_range,,,,,,,13-15,,,,,2025-07-24T14:32:31Z,2024,2024-01-01,2024-12-31
1010460,TOBACCO_MPOWER_M3_TOBACCOUSESMOKINGSCHOOL,COUNTRY,TJK,EUR,Europe,YEAR,2024,TOBACCO_INDICATOR,TOBACCO_INDICATOR_Youth_svy_age_range,,,,,,,15-15,,,,,2025-07-24T14:32:31Z,2024,2024-01-01,2024-12-31
1028301,TOBACCO_MPOWER_M3_TOBACCOUSESMOKINGSCHOOL,COUNTRY,NIC,AMR,Americas,YEAR,2024,TOBACCO_INDICATOR,TOBACCO_INDICATOR_Youth_svy_age_range,,,,,,,. . .,,,,,2025-07-24T14:32:31Z,2024,2024-01-01,2024-12-31
1029055,TOBACCO_MPOWER_M3_TOBACCOUSESMOKINGSCHOOL,COUNTRY,GEO,EUR,Europe,YEAR,2024,TOBACCO_INDICATOR,TOBACCO_INDICATOR_Youth_svy_age_range,,,,,,,13-15,,,,,2025-07-24T14:32:31Z,2024,2024-01-01,2024-12-31
1034416,TOBACCO_MPOWER_M3_TOBACCOUSESMOKINGSCHOOL,COUNTRY,CAF,AFR,Africa,YEAR,2024,TOBACCO_INDICATOR,TOBACCO_INDICATOR_Youth_svy_age_range,,,,,,,13-15,,,,,2025-07-24T14:32:31Z,2024,2024-01-01,2024-12-31
1042250,TOBACCO_MPOWER_M3_TOBACCOUSESMOKINGSCHOOL,COUNTRY,SWZ,AFR,Africa,YEAR,2024,TOBACCO_INDICATOR,TOBACCO_INDICATOR_Youth_survey_title,,,,,,,Global Youth Tobacco Survey,,,,,2025-07-24T14:32:31Z,2024,2024-01-01,2024-12-31
1045419,TOBACCO_MPOWER_M3_TOBACCOUSESMOKINGSCHOOL,COUNTRY,TLS,SEAR,South-East Asia,YEAR,2024,TOBACCO_INDICATOR,TOBACCO_INDICATOR_Youth_svy_national,,,,,,,National,,,,,2025-07-24T14:32:31Z,2024,2024-01-01,2024-12-31
1048843,TOBACCO_MPOWER_M3_TOBACCOUSESMOKINGSCHOOL,COUNTRY,ARM,EUR,Europe,YEAR,2024,TOBACCO_INDICATOR,TOBACCO_INDICATOR_Youth_svy_national,,,,,,,National,,,,,2025-07-24T14:32:31Z,2024,2024-01-01,2024-12-31
1065044,TOBACCO_MPOWER_M3_TOBACCOUSESMOKINGSCHOOL,COUNTRY,CPV,AFR,Africa,YEAR,2024,TOBACCO_INDICATOR,TOBACCO_INDICATOR_Youth_survey_title,,,,,,,Global Youth Tobacco Survey,,,,,2025-07-24T14:32:31Z,2024,2024-01-01,2024-12-31
1086046,TOBACCO_MPOWER_M3_TOBACCOUSESMOKINGSCHOOL,COUNTRY,SOM,EMR,Eastern Mediterranean,YEAR,2024,TOBACCO_INDICATOR,TOBACCO_INDICATOR_Youth_survey_title,,,,,,,Global Youth Tobacco Survey (Somaliland),,,,,2025-07-24T14:32:31Z,2024,2024-01-01,2024-12-31
1094083,TOBACCO_MPOWER_M3_TOBACCOUSESMOKINGSCHOOL,COUNTRY,GMB,AFR,Africa,YEAR,2024,TOBACCO_INDICATOR,TOBACCO_INDICATOR_Youth_svy_age_range,,,,,,,13-15,,,,,2025-07-24T14:32:31Z,2024,2024-01-01,2024-12-31
1101427,TOBACCO_MPOWER_M3_TOBACCOUSESMOKINGSCHOOL,COUNTRY,SVN,EUR,Europe,YEAR,2024,TOBACCO_INDICATOR,TOBACCO_INDICATOR_Youth_svy_age_range,,,,,,,15-15,,,,,2025-07-24T14:32:31Z,2024,2024-01-01,2024-12-31
1159987,TOBACCO_MPOWER_M3_TOBACCOUSESMOKINGSCHOOL,COUNTRY,CUB,AMR,Americas,YEAR,2024,TOBACCO_INDICATOR,TOBACCO_INDICATOR_Youth_svy_yr,,,,,,,2018,2018,,,,2025-07-24T14:32:31Z,2024,2024-01-01,2024-12-31
1184901,TOBACCO_MPOWER_M3_TOBACCOUSESMOKINGSCHOOL,COUNTRY,BLR,EUR,Europe,YEAR,2024,TOBACCO_INDICATOR,TOBACCO_INDICATOR_Youth_svy_national,,,,,,,National,,,,,2025-07-24T14:32:31Z,2024,2024-01-01,2024-12-31
1199838,TOBACCO_MPOWER_M3_TOBACCOUSESMOKINGSCHOOL,COUNTRY,MAR,EMR,Eastern Mediterranean,YEAR,2024,TOBACCO_INDICATOR,TOBACCO_INDICATOR_Youth_svy_national,,,,,,,National,,,,,2025-07-24T14:32:31Z,2024,2024-01-01,2024-12-31
1211292,TOBACCO_MPOWER_M3_TOBACCOUSESMOKINGSCHOOL,COUNTRY,YEM,EMR,Eastern Mediterranean,YEAR,2024,TOBACCO_INDICATOR,TOBACCO_INDICATOR_Youth_svy_national,,,,,,,National,,,,,2025-07-24T14:32:31Z,2024,2024-01-01,2024-12-31
1221245,TOBACCO_MPOWER_M3_TOBACCOUSESMOKINGSCHOOL,COUNTRY,ERI,AFR,Africa,YEAR,2024,TOBACCO_INDICATOR,TOBACCO_INDICATOR_Youth_survey_title,,,,,,,Global Youth Tobacco Survey,,,,,2025-07-24T14:32:31Z,2024,2024-01-01,2024-12-31
1246886,TOBACCO_MPOWER_M3_TOBACCOUSESMOKINGSCHOOL,COUNTRY,GUY,AMR,Americas,YEAR,2024,TOBACCO_INDICATOR,TOBACCO_INDICATOR_Youth_survey_title,,,,,,,Global Youth Tobacco Survey,,,,,2025-07-24T14:32:31Z,2024,2024-01-01,2024-12-31
1293941,TOBACCO_MPOWER_M3_TOBACCOUSESMOKINGSCHOOL,COUNTRY,BDI,AFR,Africa,YEAR,2024,TOBACCO_INDICATOR,TOBACCO_INDICATOR_Youth_survey_title,,,,,,,Global Youth Tobacco Survey,,,,,2025-07-24T14:32:31Z,2024,2024-01-01,2024-12-31
1302659,TOBACCO_MPOWER_M3_TOBACCOUSESMOKINGSCHOOL,COUNTRY,COK,WPR,Western Pacific,YEAR,2024,TOBACCO_INDICATOR,TOBACCO_INDICATOR_Youth_survey_title,,,,,,,Global Youth Tobacco Survey,,,,,2025-07-24T14:32:31Z,2024,2024-01-01,2024-12-31
1315903,TOBACCO_MPOWER_M3_TOBACCOUSESMOKINGSCHOOL,COUNTRY,MAR,EMR,Eastern Mediterranean,YEAR,2024,TOBACCO_INDICATOR,TOBACCO_INDICATOR_Youth_svy_age_range,,,,,,,13-15,,,,,2025-07-24T14:32:31Z,2024,2024-01-01,2024-12-31
1332206,TOBACCO_MPOWER_M3_TOBACCOUSESMOKINGSCHOOL,COUNTRY,MRT,AFR,Africa,YEAR,2024,TOBACCO_INDICATOR,TOBACCO_INDICATOR_Youth_survey_title,,,,,,,Global Youth Tobacco Survey,,,,,2025-07-24T14:32:31Z,2024,2024-01-01,2024-12-31
1338975,TOBACCO_MPOWER_M3_TOBACCOUSESMOKINGSCHOOL,COUNTRY,CHN,WPR,Western Pacific,YEAR,2024,TOBACCO_INDICATOR,TOBACCO_INDICATOR_Youth_svy_national,,,,,,,National,,,,,2025-07-24T14:32:31Z,2024,2024-01-01,2024-12-31
1345857,TOBACCO_MPOWER_M3_TOBACCOUSESMOKINGSCHOOL,COUNTRY,BLZ,AMR,Americas,YEAR,2024,TOBACCO_INDICATOR,TOBACCO_INDICATOR_Youth_svy_national,,,,,,,National,,,,,2025-07-24T14:32:31Z,2024,2024-01-01,2024-12-31
1355872,TOBACCO_MPOWER_M3_TOBACCOUSESMOKINGSCHOOL,COUNTRY,VNM,WPR,Western Pacific,YEAR,2024,TOBACCO_INDICATOR,TOBACCO_INDICATOR_Youth_svy_age_range,,,,,,,13-15,,,,,2025-07-24T14:32:31Z,2024,2024-01-01,2024-12-31
1366319,TOBACCO_MPOWER_M3_TOBACCOUSESMOKINGSCHOOL,COUNTRY,HND,AMR,Americas,YEAR,2024,TOBACCO_INDICATOR,TOBACCO_INDICATOR_Youth_survey_title,,,,,,,Global Youth Tobacco Survey,,,,,2025-07-24T14:32:31Z,2024,2024-01-01,2024-12-31
1370863,TOBACCO_MPOWER_M3_TOBACCOUSESMOKINGSCHOOL,COUNTRY,LKA,SEAR,South-East Asia,YEAR,2024,TOBACCO_INDICATOR,TOBACCO_INDICATOR_Youth_survey_title,,,,,,,Global School-Based Student Health Survey,,,,,2025-07-24T14:32:31Z,2024,2024-01-01,2024-12-31
1376596,TOBACCO_MPOWER_M3_TOBACCOUSESMOKINGSCHOOL,COUNTRY,SUR,AMR,Americas,YEAR,2024,TOBACCO_INDICATOR,TOBACCO_INDICATOR_Youth_svy_age_range,,,,,,,13-15,,,,,2025-07-24T14:32:31Z,2024,2024-01-01,2024-12-31
1378737,TOBACCO_MPOWER_M3_TOBACCOUSESMOKINGSCHOOL,COUNTRY,MHL,WPR,Western Pacific,YEAR,2024,TOBACCO_INDICATOR,TOBACCO_INDICATOR_Youth_svy_yr,,,,,,,2023,2023,,,,2025-07-24T14:32:31Z,2024,2024-01-01,2024-12-31
1384008,TOBACCO_MPOWER_M3_TOBACCOUSESMOKINGSCHOOL,COUNTRY,FSM,WPR,Western Pacific,YEAR,2024,TOBACCO_INDICATOR,TOBACCO_INDICATOR_Youth_svy_national,,,,,,,National,,,,,2025-07-24T14:32:31Z,2024,2024-01-01,2024-12-31
1384196,TOBACCO_MPOWER_M3_TOBACCOUSESMOKINGSCHOOL,COUNTRY,TTO,AMR,Americas,YEAR,2024,TOBACCO_INDICATOR,TOBACCO_INDICATOR_Youth_svy_national,,,,,,,National,,,,,2025-07-24T14:32:31Z,2024,2024-01-01,2024-12-31
1392527,TOBACCO_MPOWER_M3_TOBACCOUSESMOKINGSCHOOL,COUNTRY,SYR,EMR,Eastern Mediterranean,YEAR,2024,TOBACCO_INDICATOR,TOBACCO_INDICATOR_Youth_svy_yr,,,,,,,2010,2010,,,,2025-07-24T14:32:31Z,2024,2024-01-01,2024-12-31
1393719,TOBACCO_MPOWER_M3_TOBACCOUSESMOKINGSCHOOL,COUNTRY,TJK,EUR,Europe,YEAR,2024,TOBACCO_INDICATOR,TOBACCO_INDICATOR_Youth_svy_yr,,,,,,,2021-22,,,,,2025-07-24T14:32:31Z,2024,2024-01-01,2024-12-31
1405789,TOBACCO_MPOWER_M3_TOBACCOUSESMOKINGSCHOOL,COUNTRY,FSM,WPR,Western Pacific,YEAR,2024,TOBACCO_INDICATOR,TOBACCO_INDICATOR_Youth_svy_age_range,,,,,,,13-15,,,,,2025-07-24T14:32:31Z,2024,2024-01-01,2024-12-31
1427765,TOBACCO_MPOWER_M3_TOBACCOUSESMOKINGSCHOOL,COUNTRY,CIV,AFR,Africa,YEAR,2024,TOBACCO_INDICATOR,TOBACCO_INDICATOR_Youth_svy_age_range,,,,,,,13-15,,,,,2025-07-24T14:32:31Z,2024,2024-01-01,2024-12-31
1437554,TOBACCO_MPOWER_M3_TOBACCOUSESMOKINGSCHOOL,COUNTRY,KAZ,EUR,Europe,YEAR,2024,TOBACCO_INDICATOR,TOBACCO_INDICATOR_Youth_svy_national,,,,,,,National,,,,,2025-07-24T14:32:31Z,2024,2024-01-01,2024-12-31
1451269,TOBACCO_MPOWER_M3_TOBACCOUSESMOKINGSCHOOL,COUNTRY,MOZ,AFR,Africa,YEAR,2024,TOBACCO_INDICATOR,TOBACCO_INDICATOR_Youth_survey_title,,,,,,,Global School-Based Student Health Survey,,,,,2025-07-24T14:32:31Z,2024,2024-01-01,2024-12-31
1455835,TOBACCO_MPOWER_M3_TOBACCOUSESMOKINGSCHOOL,COUNTRY,SLB,WPR,Western Pacific,YEAR,2024,TOBACCO_INDICATOR,TOBACCO_INDICATOR_Youth_svy_yr,,,,,,,2023,2023,,,,2025-07-24T14:32:31Z,2024,2024-01-01,2024-12-31
1478094,TOBACCO_MPOWER_M3_TOBACCOUSESMOKINGSCHOOL,COUNTRY,TLS,SEAR,South-East Asia,YEAR,2024,TOBACCO_INDICATOR,TOBACCO_INDICATOR_Youth_survey_title,,,,,,,Global Youth Tobacco Survey,,,,,2025-07-24T14:32:31Z,2024,2024-01-01,2024-12-31
1485660,TOBACCO_MPOWER_M3_TOBACCOUSESMOKINGSCHOOL,COUNTRY,ZWE,AFR,Africa,YEAR,2024,TOBACCO_INDICATOR,TOBACCO_INDICATOR_Youth_survey_title,,,,,,,Global Youth Tobacco Survey,,,,,2025-07-24T14:32:31Z,2024,2024-01-01,2024-12-31
1504495,TOBACCO_MPOWER_M3_TOBACCOUSESMOKINGSCHOOL,COUNTRY,CRI,AMR,Americas,YEAR,2024,TOBACCO_INDICATOR,TOBACCO_INDICATOR_Youth_svy_national,,,,,,,National,,,,,2025-07-24T14:32:31Z,2024,2024-01-01,2024-12-31
1512593,TOBACCO_MPOWER_M3_TOBACCOUSESMOKINGSCHOOL,COUNTRY,GAB,AFR,Africa,YEAR,2024,TOBACCO_INDICATOR,TOBACCO_INDICATOR_Youth_survey_title,,,,,,,Global Youth Tobacco Survey,,,,,2025-07-24T14:32:31Z,2024,2024-01-01,2024-12-31
1554992,TOBACCO_MPOWER_M3_TOBACCOUSESMOKINGSCHOOL,COUNTRY,BRA,AMR,Americas,YEAR,2024,TOBACCO_INDICATOR,TOBACCO_INDICATOR_Youth_svy_yr,,,,,,,2019,2019,,,,2025-07-24T14:32:31Z,2024,2024-01-01,2024-12-31
1559341,TOBACCO_MPOWER_M3_TOBACCOUSESMOKINGSCHOOL,COUNTRY,BOL,AMR,Americas,YEAR,2024,TOBACCO_INDICATOR,TOBACCO_INDICATOR_Youth_survey_title,,,,,,,Global Youth Tobacco Survey,,,,,2025-07-24T14:32:31Z,2024,2024-01-01,2024-12-31
1579091,TOBACCO_MPOWER_M3_TOBACCOUSESMOKINGSCHOOL,COUNTRY,URY,AMR,Americas,YEAR,2024,TOBACCO_INDICATOR,TOBACCO_INDICATOR_Youth_survey_title,,,,,,,Global Youth Tobacco Survey,,,,,2025-07-24T14:32:31Z,2024,2024-01-01,2024-12-31
1610938,TOBACCO_MPOWER_M3_TOBACCOUSESMOKINGSCHOOL,COUNTRY,ARE,EMR,Eastern Mediterranean,YEAR,2024,TOBACCO_INDICATOR,TOBACCO_INDICATOR_Youth_svy_age_range,,,,,,,13-15,,,,,2025-07-24T14:32:31Z,2024,2024-01-01,2024-12-31
1628129,TOBACCO_MPOWER_M3_TOBACCOUSESMOKINGSCHOOL,COUNTRY,BGD,SEAR,South-East Asia,YEAR,2024,TOBACCO_INDICATOR,TOBACCO_INDICATOR_Youth_svy_national,,,,,,,National,,,,,2025-07-24T14:32:31Z,2024,2024-01-01,2024-12-31
1656792,TOBACCO_MPOWER_M3_TOBACCOUSESMOKINGSCHOOL,COUNTRY,IND,SEAR,South-East Asia,YEAR,2024,TOBACCO_INDICATOR,TOBACCO_INDICATOR_Youth_svy_age_range,,,,,,,13-15,,,,,2025-07-24T14:32:31Z,2024,2024-01-01,2024-12-31
1662499,TOBACCO_MPOWER_M3_TOBACCOUSESMOKINGSCHOOL,COUNTRY,CUB,AMR,Americas,YEAR,2024,TOBACCO_INDICATOR,TOBACCO_INDICATOR_Youth_svy_national,,,,,,,National,,,,,2025-07-24T14:32:31Z,2024,2024-01-01,2024-12-31
1675520,TOBACCO_MPOWER_M3_TOBACCOUSESMOKINGSCHOOL,COUNTRY,SRB,EUR,Europe,YEAR,2024,TOBACCO_INDICATOR,TOBACCO_INDICATOR_Youth_survey_title,,,,,,,Health Behaviour in School-aged Children,,,,,2025-07-24T14:32:31Z,2024,2024-01-01,2024-12-31
1681244,TOBACCO_MPOWER_M3_TOBACCOUSESMOKINGSCHOOL,COUNTRY,RUS,EUR,Europe,YEAR,2024,TOBACCO_INDICATOR,TOBACCO_INDICATOR_Youth_svy_national,,,,,,,National,,,,,2025-07-24T14:32:31Z,2024,2024-01-01,2024-12-31
1699366,TOBACCO_MPOWER_M3_TOBACCOUSESMOKINGSCHOOL,COUNTRY,MDA,EUR,Europe,YEAR,2024,TOBACCO_INDICATOR,TOBACCO_INDICATOR_Youth_survey_title,,,,,,,Health Behaviour in School-aged Children,,,,,2025-07-24T14:32:31Z,2024,2024-01-01,2024-12-31
1701704,TOBACCO_MPOWER_M3_TOBACCOUSESMOKINGSCHOOL,COUNTRY,SWE,EUR,Europe,YEAR,2024,TOBACCO_INDICATOR,TOBACCO_INDICATOR_Youth_svy_national,,,,,,,National,,,,,2025-07-24T14:32:31Z,2024,2024-01-01,2024-12-31
1723041,TOBACCO_MPOWER_M3_TOBACCOUSESMOKINGSCHOOL,COUNTRY,PAK,EMR,Eastern Mediterranean,YEAR,2024,TOBACCO_INDICATOR,TOBACCO_INDICATOR_Youth_survey_title,,,,,,,Global Youth Tobacco Survey,,,,,2025-07-24T14:32:31Z,2024,2024-01-01,2024-12-31
1731340,TOBACCO_MPOWER_M3_TOBACCOUSESMOKINGSCHOOL,COUNTRY,COM,AFR,Africa,YEAR,2024,TOBACCO_INDICATOR,TOBACCO_INDICATOR_Youth_survey_title,,,,,,,Global Youth Tobacco Survey,,,,,2025-07-24T14:32:31Z,2024,2024-01-01,2024-12-31
1742046,TOBACCO_MPOWER_M3_TOBACCOUSESMOKINGSCHOOL,COUNTRY,ERI,AFR,Africa,YEAR,2024,TOBACCO_INDICATOR,TOBACCO_INDICATOR_Youth_svy_yr,,,,,,,2006,2006,,,,2025-07-24T14:32:31Z,2024,2024-01-01,2024-12-31
1753141,TOBACCO_MPOWER_M3_TOBACCOUSESMOKINGSCHOOL,COUNTRY,NER,AFR,Africa,YEAR,2024,TOBACCO_INDICATOR,TOBACCO_INDICATOR_Youth_svy_yr,,,,,,,2009,2009,,,,2025-07-24T14:32:31Z,2024,2024-01-01,2024-12-31
1760417,TOBACCO_MPOWER_M3_TOBACCOUSESMOKINGSCHOOL,COUNTRY,TUV,WPR,Western Pacific,YEAR,2024,TOBACCO_INDICATOR,TOBACCO_INDICATOR_Youth_svy_age_range,,,,,,,13-15,,,,,2025-07-24T14:32:31Z,2024,2024-01-01,2024-12-31
1794690,TOBACCO_MPOWER_M3_TOBACCOUSESMOKINGSCHOOL,COUNTRY,TUN,EMR,Eastern Mediterranean,YEAR,2024,TOBACCO_INDICATOR,TOBACCO_INDICATOR_Youth_survey_title,,,,,,,Global Youth Tobacco Survey,,,,,2025-07-24T14:32:31Z,2024,2024-01-01,2024-12-31
1806138,TOBACCO_MPOWER_M3_TOBACCOUSESMOKINGSCHOOL,COUNTRY,VCT,AMR,Americas,YEAR,2024,TOBACCO_INDICATOR,TOBACCO_INDICATOR_Youth_svy_age_range,,,,,,,13-15,,,,,2025-07-24T14:32:31Z,2024,2024-01-01,2024-12-31
1807810,TOBACCO_MPOWER_M3_TOBACCOUSESMOKINGSCHOOL,COUNTRY,NIC,AMR,Americas,YEAR,2024,TOBACCO_INDICATOR,TOBACCO_INDICATOR_Youth_svy_national,,,,,,,. . .,,,,,2025-07-24T14:32:31Z,2024,2024-01-01,2024-12-31
1820791,TOBACCO_MPOWER_M3_TOBACCOUSESMOKINGSCHOOL,COUNTRY,PRK,SEAR,South-East Asia,YEAR,2024,TOBACCO_INDICATOR,TOBACCO_INDICATOR_Youth_survey_title,,,,,,,. . .,,,,,2025-07-24T14:32:31Z,2024,2024-01-01,2024-12-31
1823707,TOBACCO_MPOWER_M3_TOBACCOUSESMOKINGSCHOOL,COUNTRY,ESP,EUR,Europe,YEAR,2024,TOBACCO_INDICATOR,TOBACCO_INDICATOR_Youth_svy_age_range,,,,,,,14-18,,,,,2025-07-24T14:32:31Z,2024,2024-01-01,2024-12-31
1830203,TOBACCO_MPOWER_M3_TOBACCOUSESMOKINGSCHOOL,COUNTRY,HRV,EUR,Europe,YEAR,2024,TOBACCO_INDICATOR,TOBACCO_INDICATOR_Youth_svy_yr,,,,,,,2021-22,,,,,2025-07-24T14:32:31Z,2024,2024-01-01,2024-12-31
1838725,TOBACCO_MPOWER_M3_TOBACCOUSESMOKINGSCHOOL,COUNTRY,ARM,EUR,Europe,YEAR,2024,TOBACCO_INDICATOR,TOBACCO_INDICATOR_Youth_survey_title,,,,,,,Health Behaviour in School-aged Children,,,,,2025-07-24T14:32:31Z,2024,2024-01-01,2024-12-31
1850977,TOBACCO_MPOWER_M3_TOBACCOUSESMOKINGSCHOOL,COUNTRY,HND,AMR,Americas,YEAR,2024,TOBACCO_INDICATOR,TOBACCO_INDICATOR_Youth_svy_yr,,,,,,,2016,2016,,,,2025-07-24T14:32:31Z,2024,2024-01-01,2024-12-31
1863963,TOBACCO_MPOWER_M3_TOBACCOUSESMOKINGSCHOOL,COUNTRY,MDV,SEAR,South-East Asia,YEAR,2024,TOBACCO_INDICATOR,TOBACCO_INDICATOR_Youth_svy_national,,,,,,,National,,,,,2025-07-24T14:32:31Z,2024,2024-01-01,2024-12-31
1869079,TOBACCO_MPOWER_M3_TOBACCOUSESMOKINGSCHOOL,COUNTRY,BTN,SEAR,South-East Asia,YEAR,2024,TOBACCO_INDICATOR,TOBACCO_INDICATOR_Youth_survey_title,,,,,,,Global Youth Tobacco Survey,,,,,2025-07-24T14:32:31Z,2024,2024-01-01,2024-12-31
1873685,TOBACCO_MPOWER_M3_TOBACCOUSESMOKINGSCHOOL,COUNTRY,GRC,EUR,Europe,YEAR,2024,TOBACCO_INDICATOR,TOBACCO_INDICATOR_Youth_survey_title,,,,,,,Global Youth Tobacco Survey,,,,,2025-07-24T14:32:31Z,2024,2024-01-01,2024-12-31
1908955,TOBACCO_MPOWER_M3_TOBACCOUSESMOKINGSCHOOL,COUNTRY,CAF,AFR,Africa,YEAR,2024,TOBACCO_INDICATOR,TOBACCO_INDICATOR_Youth_svy_national,,,,,,,Subnational,,,,,2025-07-24T14:32:31Z,2024,2024-01-01,2024-12-31
1922674,TOBACCO_MPOWER_M3_TOBACCOUSESMOKINGSCHOOL,COUNTRY,LBN,EMR,Eastern Mediterranean,YEAR,2024,TOBACCO_INDICATOR,TOBACCO_INDICATOR_Youth_svy_national,,,,,,,National,,,,,2025-07-24T14:32:31Z,2024,2024-01-01,2024-12-31
1949716,TOBACCO_MPOWER_M3_TOBACCOUSESMOKINGSCHOOL,COUNTRY,TON,WPR,Western Pacific,YEAR,2024,TOBACCO_INDICATOR,TOBACCO_INDICATOR_Youth_svy_age_range,,,,,,,13-15,,,,,2025-07-24T14:32:31Z,2024,2024-01-01,2024-12-31
1962645,TOBACCO_MPOWER_M3_TOBACCOUSESMOKINGSCHOOL,COUNTRY,LBR,AFR,Africa,YEAR,2024,TOBACCO_INDICATOR,TOBACCO_INDICATOR_Youth_svy_yr,,,,,,,2017,2017,,,,2025-07-24T14:32:31Z,2024,2024-01-01,2024-12-31
1969117,TOBACCO_MPOWER_M3_TOBACCOUSESMOKINGSCHOOL,COUNTRY,MNG,WPR,Western Pacific,YEAR,2024,TOBACCO_INDICATOR,TOBACCO_INDICATOR_Youth_svy_yr,,,,,,,2023,2023,,,,2025-07-24T14:32:31Z,2024,2024-01-01,2024-12-31
1972057,TOBACCO_MPOWER_M3_TOBACCOUSESMOKINGSCHOOL,COUNTRY,BDI,AFR,Africa,YEAR,2024,TOBACCO_INDICATOR,TOBACCO_INDICATOR_Youth_svy_age_range,,,,,,,13-15,,,,,2025-07-24T14:32:31Z,2024,2024-01-01,2024-12-31
2001953,TOBACCO_MPOWER_M3_TOBACCOUSESMOKINGSCHOOL,COUNTRY,ALB,EUR,Europe,YEAR,2024,TOBACCO_INDICATOR,TOBACCO_INDICATOR_Youth_svy_yr,,,,,,,2021-22,,,,,2025-07-24T14:32:31Z,2024,2024-01-01,2024-12-31
2020541,TOBACCO_MPOWER_M3_TOBACCOUSESMOKINGSCHOOL,COUNTRY,AZE,EUR,Europe,YEAR,2024,TOBACCO_INDICATOR,TOBACCO_INDICATOR_Youth_svy_national,,,,,,,National,,,,,2025-07-24T14:32:31Z,2024,2024-01-01,2024-12-31
2021062,TOBACCO_MPOWER_M3_TOBACCOUSESMOKINGSCHOOL,COUNTRY,SWE,EUR,Europe,YEAR,2024,TOBACCO_INDICATOR,TOBACCO_INDICATOR_Youth_svy_yr,,,,,,,2022,2022,,,,2025-07-24T14:32:31Z,2024,2024-01-01,2024-12-31
2031758,TOBACCO_MPOWER_M3_TOBACCOUSESMOKINGSCHOOL,COUNTRY,ZAF,AFR,Africa,YEAR,2024,TOBACCO_INDICATOR,TOBACCO_INDICATOR_Youth_svy_age_range,,,,,,,13-15,,,,,2025-07-24T14:32:31Z,2024,2024-01-01,2024-12-31
2033371,TOBACCO_MPOWER_M3_TOBACCOUSESMOKINGSCHOOL,COUNTRY,GRC,EUR,Europe,YEAR,2024,TOBACCO_INDICATOR,TOBACCO_INDICATOR_Youth_svy_age_range,,,,,,,13-15,,,,,2025-07-24T14:32:31Z,2024,2024-01-01,2024-12-31
2043868,TOBACCO_MPOWER_M3_TOBACCOUSESMOKINGSCHOOL,COUNTRY,NZL,WPR,Western Pacific,YEAR,2024,TOBACCO_INDICATOR,TOBACCO_INDICATOR_Youth_svy_national,,,,,,,National,,,,,2025-07-24T14:32:31Z,2024,2024-01-01,2024-12-31
2066593,TOBACCO_MPOWER_M3_TOBACCOUSESMOKINGSCHOOL,COUNTRY,LCA,AMR,Americas,YEAR,2024,TOBACCO_INDICATOR,TOBACCO_INDICATOR_Youth_svy_yr,,,,,,,2018,2018,,,,2025-07-24T14:32:31Z,2024,2024-01-01,2024-12-31
2071041,TOBACCO_MPOWER_M3_TOBACCOUSESMOKINGSCHOOL,COUNTRY,TKM,EUR,Europe,YEAR,2024,TOBACCO_INDICATOR,TOBACCO_INDICATOR_Youth_svy_age_range,,,,,,,13-15,,,,,2025-07-24T14:32:31Z,2024,2024-01-01,2024-12-31
2084396,TOBACCO_MPOWER_M3_TOBACCOUSESMOKINGSCHOOL,COUNTRY,MHL,WPR,Western Pacific,YEAR,2024,TOBACCO_INDICATOR,TOBACCO_INDICATOR_Youth_survey_title,,,,,,,Global Youth Tobacco Survey,,,,,2025-07-24T14:32:31Z,2024,2024-01-01,2024-12-31
2115289,TOBACCO_MPOWER_M3_TOBACCOUSESMOKINGSCHOOL,COUNTRY,GUY,AMR,Americas,YEAR,2024,TOBACCO_INDICATOR,TOBACCO_INDICATOR_Youth_svy_national,,,,,,,National,,,,,2025-07-24T14:32:31Z,2024,2024-01-01,2024-12-31
2132301,TOBACCO_MPOWER_M3_TOBACCOUSESMOKINGSCHOOL,COUNTRY,MAR,EMR,Eastern Mediterranean,YEAR,2024,TOBACCO_INDICATOR,TOBACCO_INDICATOR_Youth_survey_title,,,,,,,Global Youth Tobacco Survey,,,,,2025-07-24T14:32:31Z,2024,2024-01-01,2024-12-31
2161319,TOBACCO_MPOWER_M3_TOBACCOUSESMOKINGSCHOOL,COUNTRY,ARG,AMR,Americas,YEAR,2024,TOBACCO_INDICATOR,TOBACCO_INDICATOR_Youth_svy_age_range,,,,,,,13-15,,,,,2025-07-24T14:32:31Z,2024,2024-01-01,2024-12-31
2166977,TOBACCO_MPOWER_M3_TOBACCOUSESMOKINGSCHOOL,COUNTRY,SDN,EMR,Eastern Mediterranean,YEAR,2024,TOBACCO_INDICATOR,TOBACCO_INDICATOR_Youth_survey_title,,,,,,,Global Youth Tobacco Survey,,,,,2025-07-24T14:32:31Z,2024,2024-01-01,2024-12-31
2210263,TOBACCO_MPOWER_M3_TOBACCOUSESMOKINGSCHOOL,COUNTRY,PNG,WPR,Western Pacific,YEAR,2024,TOBACCO_INDICATOR,TOBACCO_INDICATOR_Youth_svy_national,,,,,,,National,,,,,2025-07-24T14:32:31Z,2024,2024-01-01,2024-12-31
2221172,TOBACCO_MPOWER_M3_TOBACCOUSESMOKINGSCHOOL,COUNTRY,USA,AMR,Americas,YEAR,2024,TOBACCO_INDICATOR,TOBACCO_INDICATOR_Youth_svy_yr,,,,,,,2024,2024,,,,2025-07-24T14:32:31Z,2024,2024-01-01,2024-12-31
2238764,TOBACCO_MPOWER_M3_TOBACCOUSESMOKINGSCHOOL,COUNTRY,GNQ,AFR,Africa,YEAR,2024,TOBACCO_INDICATOR,TOBACCO_INDICATOR_Youth_survey_title,,,,,,,Global Youth Tobacco Survey,,,,,2025-07-24T14:32:31Z,2024,2024-01-01,2024-12-31
2240623,TOBACCO_MPOWER_M3_TOBACCOUSESMOKINGSCHOOL,COUNTRY,KNA,AMR,Americas,YEAR,2024,TOBACCO_INDICATOR,TOBACCO_INDICATOR_Youth_svy_national,,,,,,,National,,,,,2025-07-24T14:32:31Z,2024,2024-01-01,2024-12-31
2272780,TOBACCO_MPOWER_M3_TOBACCOUSESMOKINGSCHOOL,COUNTRY,HTI,AMR,Americas,YEAR,2024,TOBACCO_INDICATOR,TOBACCO_INDICATOR_Youth_svy_national,,,,,,,National,,,,,2025-07-24T14:32:31Z,2024,2024-01-01,2024-12-31
2274981,TOBACCO_MPOWER_M3_TOBACCOUSESMOKINGSCHOOL,COUNTRY,ALB,EUR,Europe,YEAR,2024,TOBACCO_INDICATOR,TOBACCO_INDICATOR_Youth_svy_age_range,,,,,,,15-15,,,,,2025-07-24T14:32:31Z,2024,2024-01-01,2024-12-31
2283111,TOBACCO_MPOWER_M3_TOBACCOUSESMOKINGSCHOOL,COUNTRY,GIN,AFR,Africa,YEAR,2024,TOBACCO_INDICATOR,TOBACCO_INDICATOR_Youth_svy_yr,,,,,,,2008,2008,,,,2025-07-24T14:32:31Z,2024,2024-01-01,2024-12-31
2305874,TOBACCO_MPOWER_M3_TOBACCOUSESMOKINGSCHOOL,COUNTRY,MDA,EUR,Europe,YEAR,2024,TOBACCO_INDICATOR,TOBACCO_INDICATOR_Youth_svy_yr,,,,,,,2021-22,,,,,2025-07-24T14:32:31Z,2024,2024-01-01,2024-12-31
2314717,TOBACCO_MPOWER_M3_TOBACCOUSESMOKINGSCHOOL,COUNTRY,MWI,AFR,Africa,YEAR,2024,TOBACCO_INDICATOR,TOBACCO_INDICATOR_Youth_survey_title,,,,,,,Global Youth Tobacco Survey,,,,,2025-07-24T14:32:31Z,2024,2024-01-01,2024-12-31
2348938,TOBACCO_MPOWER_M3_TOBACCOUSESMOKINGSCHOOL,COUNTRY,KIR,WPR,Western Pacific,YEAR,2024,TOBACCO_INDICATOR,TOBACCO_INDICATOR_Youth_survey_title,,,,,,,Global School-Based Student Health Survey,,,,,2025-07-24T14:32:31Z,2024,2024-01-01,2024-12-31
2357610,TOBACCO_MPOWER_M3_TOBACCOUSESMOKINGSCHOOL,COUNTRY,CHL,AMR,Americas,YEAR,2024,TOBACCO_INDICATOR,TOBACCO_INDICATOR_Youth_svy_yr,,,,,,,2023,2023,,,,2025-07-24T14:32:31Z,2024,2024-01-01,2024-12-31
2361977,TOBACCO_MPOWER_M3_TOBACCOUSESMOKINGSCHOOL,COUNTRY,LBR,AFR,Africa,YEAR,2024,TOBACCO_INDICATOR,TOBACCO_INDICATOR_Youth_svy_national,,,,,,,National,,,,,2025-07-24T14:32:31Z,2024,2024-01-01,2024-12-31
2371857,TOBACCO_MPOWER_M3_TOBACCOUSESMOKINGSCHOOL,COUNTRY,COD,AFR,Africa,YEAR,2024,TOBACCO_INDICATOR,TOBACCO_INDICATOR_Youth_survey_title,,,,,,,Global Youth Tobacco Survey (Kinshasa),,,,,2025-07-24T14:32:31Z,2024,2024-01-01,2024-12-31
2389149,TOBACCO_MPOWER_M3_TOBACCOUSESMOKINGSCHOOL,COUNTRY,AGO,AFR,Africa,YEAR,2024,TOBACCO_INDICATOR,TOBACCO_INDICATOR_Youth_svy_national,,,,,,,Subnational,,,,,2025-07-24T14:32:31Z,2024,2024-01-01,2024-12-31
2390574,TOBACCO_MPOWER_M3_TOBACCOUSESMOKINGSCHOOL,COUNTRY,PRY,AMR,Americas,YEAR,2024,TOBACCO_INDICATOR,TOBACCO_INDICATOR_Youth_svy_national,,,,,,,National,,,,,2025-07-24T14:32:31Z,2024,2024-01-01,2024-12-31
2425122,TOBACCO_MPOWER_M3_TOBACCOUSESMOKINGSCHOOL,COUNTRY,TCD,AFR,Africa,YEAR,2024,TOBACCO_INDICATOR,TOBACCO_INDICATOR_Youth_svy_age_range,,,,,,,13-15,,,,,2025-07-24T14:32:31Z,2024,2024-01-01,2024-12-31
2431572,TOBACCO_MPOWER_M3_TOBACCOUSESMOKINGSCHOOL,COUNTRY,GAB,AFR,Africa,YEAR,2024,TOBACCO_INDICATOR,TOBACCO_INDICATOR_Youth_svy_yr,,,,,,,2014,2014,,,,2025-07-24T14:32:31Z,2024,2024-01-01,2024-12-31
2433163,TOBACCO_MPOWER_M3_TOBACCOUSESMOKINGSCHOOL,COUNTRY,CAN,AMR,Americas,YEAR,2024,TOBACCO_INDICATOR,TOBACCO_INDICATOR_Youth_svy_yr,,,,,,,2021-22,,,,,2025-07-24T14:32:31Z,2024,2024-01-01,2024-12-31
2478047,TOBACCO_MPOWER_M3_TOBACCOUSESMOKINGSCHOOL,COUNTRY,SDN,EMR,Eastern Mediterranean,YEAR,2024,TOBACCO_INDICATOR,TOBACCO_INDICATOR_Youth_svy_age_range,,,,,,,13-15,,,,,2025-07-24T14:32:31Z,2024,2024-01-01,2024-12-31
2479090,TOBACCO_MPOWER_M3_TOBACCOUSESMOKINGSCHOOL,COUNTRY,MLT,EUR,Europe,YEAR,2024,TOBACCO_INDICATOR,TOBACCO_INDICATOR_Youth_svy_national,,,,,,,National,,,,,2025-07-24T14:32:31Z,2024,2024-01-01,2024-12-31
2495123,TOBACCO_MPOWER_M3_TOBACCOUSESMOKINGSCHOOL,COUNTRY,AUT,EUR,Europe,YEAR,2024,TOBACCO_INDICATOR,TOBACCO_INDICATOR_Youth_survey_title,,,,,,,European School Survey Project on Alcohol and Other Drugs,,,,,2025-07-24T14:32:31Z,2024,2024-01-01,2024-12-31
2495726,TOBACCO_MPOWER_M3_TOBACCOUSESMOKINGSCHOOL,COUNTRY,VEN,AMR,Americas,YEAR,2024,TOBACCO_INDICATOR,TOBACCO_INDICATOR_Youth_svy_yr,,,,,,,2019,2019,,,,2025-07-24T14:32:31Z,2024,2024-01-01,2024-12-31
2501616,TOBACCO_MPOWER_M3_TOBACCOUSESMOKINGSCHOOL,COUNTRY,AUT,EUR,Europe,YEAR,2024,TOBACCO_INDICATOR,TOBACCO_INDICATOR_Youth_svy_national,,,,,,,National,,,,,2025-07-24T14:32:31Z,2024,2024-01-01,2024-12-31
2506663,TOBACCO_MPOWER_M3_TOBACCOUSESMOKINGSCHOOL,COUNTRY,OMN,EMR,Eastern Mediterranean,YEAR,2024,TOBACCO_INDICATOR,TOBACCO_INDICATOR_Youth_survey_title,,,,,,,Global Youth Tobacco Survey,,,,,2025-07-24T14:32:31Z,2024,2024-01-01,2024-12-31
2517361,TOBACCO_MPOWER_M3_TOBACCOUSESMOKINGSCHOOL,COUNTRY,DZA,AFR,Africa,YEAR,2024,TOBACCO_INDICATOR,TOBACCO_INDICATOR_Youth_svy_yr,,,,,,,2013,2013,,,,2025-07-24T14:32:31Z,2024,2024-01-01,2024-12-31
2536480,TOBACCO_MPOWER_M3_TOBACCOUSESMOKINGSCHOOL,COUNTRY,COD,AFR,Africa,YEAR,2024,TOBACCO_INDICATOR,TOBACCO_INDICATOR_Youth_svy_yr,,,,,,,2008,2008,,,,2025-07-24T14:32:31Z,2024,2024-01-01,2024-12-31
2560489,TOBACCO_MPOWER_M3_TOBACCOUSESMOKINGSCHOOL,COUNTRY,MRT,AFR,Africa,YEAR,2024,TOBACCO_INDICATOR,TOBACCO_INDICATOR_Youth_svy_yr,,,,,,,2018,2018,,,,2025-07-24T14:32:31Z,2024,2024-01-01,2024-12-31
2585973,TOBACCO_MPOWER_M3_TOBACCOUSESMOKINGSCHOOL,COUNTRY,PSE,EMR,Eastern Mediterranean,YEAR,2024,TOBACCO_INDICATOR,TOBACCO_INDICATOR_Youth_svy_yr,,,,,,,2016,2016,,,,2025-07-24T14:32:31Z,2024,2024-01-01,2024-12-31
2627808,TOBACCO_MPOWER_M3_TOBACCOUSESMOKINGSCHOOL,COUNTRY,ROU,EUR,Europe,YEAR,2024,TOBACCO_INDICATOR,TOBACCO_INDICATOR_Youth_svy_age_range,,,,,,,15-15,,,,,2025-07-24T14:32:31Z,2024,2024-01-01,2024-12-31
2629730,TOBACCO_MPOWER_M3_TOBACCOUSESMOKINGSCHOOL,COUNTRY,FSM,WPR,Western Pacific,YEAR,2024,TOBACCO_INDICATOR,TOBACCO_INDICATOR_Youth_survey_title,,,,,,,Global Youth Tobacco Survey,,,,,2025-07-24T14:32:31Z,2024,2024-01-01,2024-12-31
2655701,TOBACCO_MPOWER_M3_TOBACCOUSESMOKINGSCHOOL,COUNTRY,ETH,AFR,Africa,YEAR,2024,TOBACCO_INDICATOR,TOBACCO_INDICATOR_Youth_survey_title,,,,,,,Global Youth Tobacco Survey,,,,,2025-07-24T14:32:31Z,2024,2024-01-01,2024-12-31
2657526,TOBACCO_MPOWER_M3_TOBACCOUSESMOKINGSCHOOL,COUNTRY,UZB,EUR,Europe,YEAR,2024,TOBACCO_INDICATOR,TOBACCO_INDICATOR_Youth_svy_national,,,,,,,National,,,,,2025-07-24T14:32:31Z,2024,2024-01-01,2024-12-31
2661948,TOBACCO_MPOWER_M3_TOBACCOUSESMOKINGSCHOOL,COUNTRY,CUB,AMR,Americas,YEAR,2024,TOBACCO_INDICATOR,TOBACCO_INDICATOR_Youth_svy_age_range,,,,,,,13-15,,,,,2025-07-24T14:32:31Z,2024,2024-01-01,2024-12-31
2670645,TOBACCO_MPOWER_M3_TOBACCOUSESMOKINGSCHOOL,COUNTRY,SUR,AMR,Americas,YEAR,2024,TOBACCO_INDICATOR,TOBACCO_INDICATOR_Youth_svy_national,,,,,,,National,,,,,2025-07-24T14:32:31Z,2024,2024-01-01,2024-12-31
2672124,TOBACCO_MPOWER_M3_TOBACCOUSESMOKINGSCHOOL,COUNTRY,PER,AMR,Americas,YEAR,2024,TOBACCO_INDICATOR,TOBACCO_INDICATOR_Youth_survey_title,,,,,,,Global Youth Tobacco Survey,,,,,2025-07-24T14:32:31Z,2024,2024-01-01,2024-12-31
2687528,TOBACCO_MPOWER_M3_TOBACCOUSESMOKINGSCHOOL,COUNTRY,BWA,AFR,Africa,YEAR,2024,TOBACCO_INDICATOR,TOBACCO_INDICATOR_Youth_svy_yr,,,,,,,2008,2008,,,,2025-07-24T14:32:31Z,2024,2024-01-01,2024-12-31
2691532,TOBACCO_MPOWER_M3_TOBACCOUSESMOKINGSCHOOL,COUNTRY,VEN,AMR,Americas,YEAR,2024,TOBACCO_INDICATOR,TOBACCO_INDICATOR_Youth_survey_title,,,,,,,Global Youth Tobacco Survey,,,,,2025-07-24T14:32:31Z,2024,2024-01-01,2024-12-31
2709217,TOBACCO_MPOWER_M3_TOBACCOUSESMOKINGSCHOOL,COUNTRY,YEM,EMR,Eastern Mediterranean,YEAR,2024,TOBACCO_INDICATOR,TOBACCO_INDICATOR_Youth_svy_age_range,,,,,,,13-15,,,,,2025-07-24T14:32:31Z,2024,2024-01-01,2024-12-31
2717510,TOBACCO_MPOWER_M3_TOBACCOUSESMOKINGSCHOOL,COUNTRY,DEU,EUR,Europe,YEAR,2024,TOBACCO_INDICATOR,TOBACCO_INDICATOR_Youth_svy_age_range,,,,,,,15-15,,,,,2025-07-24T14:32:31Z,2024,2024-01-01,2024-12-31
2733320,TOBACCO_MPOWER_M3_TOBACCOUSESMOKINGSCHOOL,COUNTRY,DJI,EMR,Eastern Mediterranean,YEAR,2024,TOBACCO_INDICATOR,TOBACCO_INDICATOR_Youth_survey_title,,,,,,,Global Youth Tobacco Survey,,,,,2025-07-24T14:32:31Z,2024,2024-01-01,2024-12-31
2741757,TOBACCO_MPOWER_M3_TOBACCOUSESMOKINGSCHOOL,COUNTRY,MLT,EUR,Europe,YEAR,2024,TOBACCO_INDICATOR,TOBACCO_INDICATOR_Youth_survey_title,,,,,,,Health Behaviour in School-aged Children,,,,,2025-07-24T14:32:31Z,2024,2024-01-01,2024-12-31
2757561,TOBACCO_MPOWER_M3_TOBACCOUSESMOKINGSCHOOL,COUNTRY,CHE,EUR,Europe,YEAR,2024,TOBACCO_INDICATOR,TOBACCO_INDICATOR_Youth_survey_title,,,,,,,Health Behaviour in School-aged Children,,,,,2025-07-24T14:32:31Z,2024,2024-01-01,2024-12-31
2810249,TOBACCO_MPOWER_M3_TOBACCOUSESMOKINGSCHOOL,COUNTRY,MDV,SEAR,South-East Asia,YEAR,2024,TOBACCO_INDICATOR,TOBACCO_INDICATOR_Youth_svy_age_range,,,,,,,13-15,,,,,2025-07-24T14:32:31Z,2024,2024-01-01,2024-12-31
2821507,TOBACCO_MPOWER_M3_TOBACCOUSESMOKINGSCHOOL,COUNTRY,SUR,AMR,Americas,YEAR,2024,TOBACCO_INDICATOR,TOBACCO_INDICATOR_Youth_svy_yr,,,,,,,2022,2022,,,,2025-07-24T14:32:31Z,2024,2024-01-01,2024-12-31
2837597,TOBACCO_MPOWER_M3_TOBACCOUSESMOKINGSCHOOL,COUNTRY,POL,EUR,Europe,YEAR,2024,TOBACCO_INDICATOR,TOBACCO_INDICATOR_Youth_svy_age_range,,,,,,,13-15,,,,,2025-07-24T14:32:31Z,2024,2024-01-01,2024-12-31
2867175,TOBACCO_MPOWER_M3_TOBACCOUSESMOKINGSCHOOL,COUNTRY,STP,AFR,Africa,YEAR,2024,TOBACCO_INDICATOR,TOBACCO_INDICATOR_Youth_survey_title,,,,,,,Global Youth Tobacco Survey,,,,,2025-07-24T14:32:31Z,2024,2024-01-01,2024-12-31
2877003,TOBACCO_MPOWER_M3_TOBACCOUSESMOKINGSCHOOL,COUNTRY,GUY,AMR,Americas,YEAR,2024,TOBACCO_INDICATOR,TOBACCO_INDICATOR_Youth_svy_age_range,,,,,,,13-15,,,,,2025-07-24T14:32:31Z,2024,2024-01-01,2024-12-31
2885003,TOBACCO_MPOWER_M3_TOBACCOUSESMOKINGSCHOOL,COUNTRY,FRA,EUR,Europe,YEAR,2024,TOBACCO_INDICATOR,TOBACCO_INDICATOR_Youth_svy_national,,,,,,,National,,,,,2025-07-24T14:32:31Z,2024,2024-01-01,2024-12-31
2892037,TOBACCO_MPOWER_M3_TOBACCOUSESMOKINGSCHOOL,COUNTRY,JPN,WPR,Western Pacific,YEAR,2024,TOBACCO_INDICATOR,TOBACCO_INDICATOR_Youth_survey_title,,,,,,,National survey on underage smoking and drinking,,,,,2025-07-24T14:32:31Z,2024,2024-01-01,2024-12-31
2900990,TOBACCO_MPOWER_M3_TOBACCOUSESMOKINGSCHOOL,COUNTRY,VEN,AMR,Americas,YEAR,2024,TOBACCO_INDICATOR,TOBACCO_INDICATOR_Youth_svy_age_range,,,,,,,13-15,,,,,2025-07-24T14:32:31Z,2024,2024-01-01,2024-12-31
2909687,TOBACCO_MPOWER_M3_TOBACCOUSESMOKINGSCHOOL,COUNTRY,BRB,AMR,Americas,YEAR,2024,TOBACCO_INDICATOR,TOBACCO_INDICATOR_Youth_svy_national,,,,,,,National,,,,,2025-07-24T14:32:31Z,2024,2024-01-01,2024-12-31
2916541,TOBACCO_MPOWER_M3_TOBACCOUSESMOKINGSCHOOL,COUNTRY,DOM,AMR,Americas,YEAR,2024,TOBACCO_INDICATOR,TOBACCO_INDICATOR_Youth_svy_national,,,,,,,National,,,,,2025-07-24T14:32:31Z,2024,2024-01-01,2024-12-31
2920515,TOBACCO_MPOWER_M3_TOBACCOUSESMOKINGSCHOOL,COUNTRY,TON,WPR,Western Pacific,YEAR,2024,TOBACCO_INDICATOR,TOBACCO_INDICATOR_Youth_svy_national,,,,,,,National,,,,,2025-07-24T14:32:31Z,2024,2024-01-01,2024-12-31
2926173,TOBACCO_MPOWER_M3_TOBACCOUSESMOKINGSCHOOL,COUNTRY,GEO,EUR,Europe,YEAR,2024,TOBACCO_INDICATOR,TOBACCO_INDICATOR_Youth_svy_national,,,,,,,National,,,,,2025-07-24T14:32:31Z,2024,2024-01-01,2024-12-31
2927875,TOBACCO_MPOWER_M3_TOBACCOUSESMOKINGSCHOOL,COUNTRY,SOM,EMR,Eastern Mediterranean,YEAR,2024,TOBACCO_INDICATOR,TOBACCO_INDICATOR_Youth_svy_yr,,,,,,,2007,2007,,,,2025-07-24T14:32:31Z,2024,2024-01-01,2024-12-31
2933932,TOBACCO_MPOWER_M3_TOBACCOUSESMOKINGSCHOOL,COUNTRY,TGO,AFR,Africa,YEAR,2024,TOBACCO_INDICATOR,TOBACCO_INDICATOR_Youth_svy_age_range,,,,,,,13-15,,,,,2025-07-24T14:32:31Z,2024,2024-01-01,2024-12-31
3952134,TOBACCO_MPOWER_M3_TOBACCOUSESMOKINGSCHOOL,COUNTRY,COM,AFR,Africa,YEAR,2024,TOBACCO_INDICATOR,TOBACCO_INDICATOR_Youth_svy_national,,,,,,,National,,,,,2025-07-24T14:32:31Z,2024,2024-01-01,2024-12-31
3962495,TOBACCO_MPOWER_M3_TOBACCOUSESMOKINGSCHOOL,COUNTRY,DMA,AMR,Americas,YEAR,2024,TOBACCO_INDICATOR,TOBACCO_INDICATOR_Youth_svy_age_range,,,,,,,13-15,,,,,2025-07-24T14:32:31Z,2024,2024-01-01,2024-12-31
3979265,TOBACCO_MPOWER_M3_TOBACCOUSESMOKINGSCHOOL,COUNTRY,NER,AFR,Africa,YEAR,2024,TOBACCO_INDICATOR,TOBACCO_INDICATOR_Youth_svy_national,,,,,,,National,,,,,2025-07-24T14:32:31Z,2024,2024-01-01,2024-12-31
3980902,TOBACCO_MPOWER_M3_TOBACCOUSESMOKINGSCHOOL,COUNTRY,MEX,AMR,Americas,YEAR,2024,TOBACCO_INDICATOR,TOBACCO_INDICATOR_Youth_svy_age_range,,,,,,,13-15,,,,,2025-07-24T14:32:31Z,2024,2024-01-01,2024-12-31
4013819,TOBACCO_MPOWER_M3_TOBACCOUSESMOKINGSCHOOL,COUNTRY,NIU,WPR,Western Pacific,YEAR,2024,TOBACCO_INDICATOR,TOBACCO_INDICATOR_Youth_svy_national,,,,,,,National,,,,,2025-07-24T14:32:31Z,2024,2024-01-01,2024-12-31
4029244,TOBACCO_MPOWER_M3_TOBACCOUSESMOKINGSCHOOL,COUNTRY,LCA,AMR,Americas,YEAR,2024,TOBACCO_INDICATOR,TOBACCO_INDICATOR_Youth_svy_national,,,,,,,National,,,,,2025-07-24T14:32:31Z,2024,2024-01-01,2024-12-31
4031077,TOBACCO_MPOWER_M3_TOBACCOUSESMOKINGSCHOOL,COUNTRY,GTM,AMR,Americas,YEAR,2024,TOBACCO_INDICATOR,TOBACCO_INDICATOR_Youth_svy_national,,,,,,,National,,,,,2025-07-24T14:32:31Z,2024,2024-01-01,2024-12-31
4057294,TOBACCO_MPOWER_M3_TOBACCOUSESMOKINGSCHOOL,COUNTRY,EST,EUR,Europe,YEAR,2024,TOBACCO_INDICATOR,TOBACCO_INDICATOR_Youth_svy_national,,,,,,,National,,,,,2025-07-24T14:32:31Z,2024,2024-01-01,2024-12-31
4057770,TOBACCO_MPOWER_M3_TOBACCOUSESMOKINGSCHOOL,COUNTRY,AFG,EMR,Eastern Mediterranean,YEAR,2024,TOBACCO_INDICATOR,TOBACCO_INDICATOR_Youth_svy_yr,,,,,,,2017,2017,,,,2025-07-24T14:32:31Z,2024,2024-01-01,2024-12-31
4093558,TOBACCO_MPOWER_M3_TOBACCOUSESMOKINGSCHOOL,COUNTRY,COL,AMR,Americas,YEAR,2024,TOBACCO_INDICATOR,TOBACCO_INDICATOR_Youth_svy_age_range,,,,,,,7th -11th grade,,,,,2025-07-24T14:32:31Z,2024,2024-01-01,2024-12-31
4122191,TOBACCO_MPOWER_M3_TOBACCOUSESMOKINGSCHOOL,COUNTRY,GBR,EUR,Europe,YEAR,2024,TOBACCO_INDICATOR,TOBACCO_INDICATOR_Youth_survey_title,,,,,,,"Smoking, Drinking and Drug Use Among Young People in England",,,,"Data representative of England only. Surveys are also carried out in Scotland, Wales and Northern Ireland.",2025-07-24T14:32:31Z,2024,2024-01-01,2024-12-31
4127905,TOBACCO_MPOWER_M3_TOBACCOUSESMOKINGSCHOOL,COUNTRY,BIH,EUR,Europe,YEAR,2024,TOBACCO_INDICATOR,TOBACCO_INDICATOR_Youth_svy_age_range,,,,,,,13-15,,,,,2025-07-24T14:32:31Z,2024,2024-01-01,2024-12-31
4128252,TOBACCO_MPOWER_M3_TOBACCOUSESMOKINGSCHOOL,COUNTRY,OMN,EMR,Eastern Mediterranean,YEAR,2024,TOBACCO_INDICATOR,TOBACCO_INDICATOR_Youth_svy_age_range,,,,,,,13-15,,,,,2025-07-24T14:32:31Z,2024,2024-01-01,2024-12-31
4160543,TOBACCO_MPOWER_M3_TOBACCOUSESMOKINGSCHOOL,COUNTRY,SLV,AMR,Americas,YEAR,2024,TOBACCO_INDICATOR,TOBACCO_INDICATOR_Youth_svy_yr,,,,,,,2021,2021,,,,2025-07-24T14:32:31Z,2024,2024-01-01,2024-12-31
4161451,TOBACCO_MPOWER_M3_TOBACCOUSESMOKINGSCHOOL,COUNTRY,SYR,EMR,Eastern Mediterranean,YEAR,2024,TOBACCO_INDICATOR,TOBACCO_INDICATOR_Youth_survey_title,,,,,,,Global Youth Tobacco Survey,,,,,2025-07-24T14:32:31Z,2024,2024-01-01,2024-12-31
4189393,TOBACCO_MPOWER_M3_TOBACCOUSESMOKINGSCHOOL,COUNTRY,CRI,AMR,Americas,YEAR,2024,TOBACCO_INDICATOR,TOBACCO_INDICATOR_Youth_survey_title,,,,,,,Global Youth Tobacco Survey,,,,,2025-07-24T14:32:31Z,2024,2024-01-01,2024-12-31
4191221,TOBACCO_MPOWER_M3_TOBACCOUSESMOKINGSCHOOL,COUNTRY,PRK,SEAR,South-East Asia,YEAR,2024,TOBACCO_INDICATOR,TOBACCO_INDICATOR_Youth_svy_national,,,,,,,. . .,,,,,2025-07-24T14:32:31Z,2024,2024-01-01,2024-12-31
4202857,TOBACCO_MPOWER_M3_TOBACCOUSESMOKINGSCHOOL,COUNTRY,KOR,WPR,Western Pacific,YEAR,2024,TOBACCO_INDICATOR,TOBACCO_INDICATOR_Youth_svy_age_range,,,,,,,13-18,,,,,2025-07-24T14:32:31Z,2024,2024-01-01,2024-12-31
4233238,TOBACCO_MPOWER_M3_TOBACCOUSESMOKINGSCHOOL,COUNTRY,IRN,EMR,Eastern Mediterranean,YEAR,2024,TOBACCO_INDICATOR,TOBACCO_INDICATOR_Youth_svy_age_range,,,,,,,13-15,,,,,2025-07-24T14:32:31Z,2024,2024-01-01,2024-12-31
4256040,TOBACCO_MPOWER_M3_TOBACCOUSESMOKINGSCHOOL,COUNTRY,DOM,AMR,Americas,YEAR,2024,TOBACCO_INDICATOR,TOBACCO_INDICATOR_Youth_svy_yr,,,,,,,2016,2016,,,,2025-07-24T14:32:31Z,2024,2024-01-01,2024-12-31
4259047,TOBACCO_MPOWER_M3_TOBACCOUSESMOKINGSCHOOL,COUNTRY,KHM,WPR,Western Pacific,YEAR,2024,TOBACCO_INDICATOR,TOBACCO_INDICATOR_Youth_svy_age_range,,,,,,,13-15,,,,,2025-07-24T14:32:31Z,2024,2024-01-01,2024-12-31
4264843,TOBACCO_MPOWER_M3_TOBACCOUSESMOKINGSCHOOL,COUNTRY,KHM,WPR,Western Pacific,YEAR,2024,TOBACCO_INDICATOR,TOBACCO_INDICATOR_Youth_svy_national,,,,,,,National,,,,,2025-07-24T14:32:31Z,2024,2024-01-01,2024-12-31
4271917,TOBACCO_MPOWER_M3_TOBACCOUSESMOKINGSCHOOL,COUNTRY,CHN,WPR,Western Pacific,YEAR,2024,TOBACCO_INDICATOR,TOBACCO_INDICATOR_Youth_svy_yr,,,,,,,2023,2023,,,,2025-07-24T14:32:31Z,2024,2024-01-01,2024-12-31
4289728,TOBACCO_MPOWER_M3_TOBACCOUSESMOKINGSCHOOL,COUNTRY,SVN,EUR,Europe,YEAR,2024,TOBACCO_INDICATOR,TOBACCO_INDICATOR_Youth_svy_yr,,,,,,,2021-22,,,,,2025-07-24T14:32:31Z,2024,2024-01-01,2024-12-31
4292968,TOBACCO_MPOWER_M3_TOBACCOUSESMOKINGSCHOOL,COUNTRY,MLI,AFR,Africa,YEAR,2024,TOBACCO_INDICATOR,TOBACCO_INDICATOR_Youth_svy_national,,,,,,,National,,,,,2025-07-24T14:32:31Z,2024,2024-01-01,2024-12-31
4301393,TOBACCO_MPOWER_M3_TOBACCOUSESMOKINGSCHOOL,COUNTRY,DZA,AFR,Africa,YEAR,2024,TOBACCO_INDICATOR,TOBACCO_INDICATOR_Youth_svy_age_range,,,,,,,13-15,,,,,2025-07-24T14:32:31Z,2024,2024-01-01,2024-12-31
4303508,TOBACCO_MPOWER_M3_TOBACCOUSESMOKINGSCHOOL,COUNTRY,DMA,AMR,Americas,YEAR,2024,TOBACCO_INDICATOR,TOBACCO_INDICATOR_Youth_svy_national,,,,,,,National,,,,,2025-07-24T14:32:31Z,2024,2024-01-01,2024-12-31
4311949,TOBACCO_MPOWER_M3_TOBACCOUSESMOKINGSCHOOL,COUNTRY,KEN,AFR,Africa,YEAR,2024,TOBACCO_INDICATOR,TOBACCO_INDICATOR_Youth_svy_national,,,,,,,National,,,,,2025-07-24T14:32:31Z,2024,2024-01-01,2024-12-31
4324420,TOBACCO_MPOWER_M3_TOBACCOUSESMOKINGSCHOOL,COUNTRY,EGY,EMR,Eastern Mediterranean,YEAR,2024,TOBACCO_INDICATOR,TOBACCO_INDICATOR_Youth_svy_yr,,,,,,,2014,2014,,,,2025-07-24T14:32:31Z,2024,2024-01-01,2024-12-31
4352023,TOBACCO_MPOWER_M3_TOBACCOUSESMOKINGSCHOOL,COUNTRY,COM,AFR,Africa,YEAR,2024,TOBACCO_INDICATOR,TOBACCO_INDICATOR_Youth_svy_yr,,,,,,,2015,2015,,,,2025-07-24T14:32:31Z,2024,2024-01-01,2024-12-31
4361109,TOBACCO_MPOWER_M3_TOBACCOUSESMOKINGSCHOOL,COUNTRY,NGA,AFR,Africa,YEAR,2024,TOBACCO_INDICATOR,TOBACCO_INDICATOR_Youth_svy_yr,,,,,,,2008,2008,,,,2025-07-24T14:32:31Z,2024,2024-01-01,2024-12-31
4363147,TOBACCO_MPOWER_M3_TOBACCOUSESMOKINGSCHOOL,COUNTRY,VNM,WPR,Western Pacific,YEAR,2024,TOBACCO_INDICATOR,TOBACCO_INDICATOR_Youth_svy_yr,,,,,,,2022,2022,,,,2025-07-24T14:32:31Z,2024,2024-01-01,2024-12-31
4375631,TOBACCO_MPOWER_M3_TOBACCOUSESMOKINGSCHOOL,COUNTRY,NGA,AFR,Africa,YEAR,2024,TOBACCO_INDICATOR,TOBACCO_INDICATOR_Youth_svy_national,,,,,,,Subnational,,,,,2025-07-24T14:32:31Z,2024,2024-01-01,2024-12-31
4406464,TOBACCO_MPOWER_M3_TOBACCOUSESMOKINGSCHOOL,COUNTRY,EST,EUR,Europe,YEAR,2024,TOBACCO_INDICATOR,TOBACCO_INDICATOR_Youth_survey_title,,,,,,,Health Behaviour in School-aged Children,,,,,2025-07-24T14:32:31Z,2024,2024-01-01,2024-12-31
4436306,TOBACCO_MPOWER_M3_TOBACCOUSESMOKINGSCHOOL,COUNTRY,BLZ,AMR,Americas,YEAR,2024,TOBACCO_INDICATOR,TOBACCO_INDICATOR_Youth_survey_title,,,,,,,Global Youth Tobacco Survey,,,,,2025-07-24T14:32:31Z,2024,2024-01-01,2024-12-31
4444936,TOBACCO_MPOWER_M3_TOBACCOUSESMOKINGSCHOOL,COUNTRY,SMR,EUR,Europe,YEAR,2024,TOBACCO_INDICATOR,TOBACCO_INDICATOR_Youth_svy_national,,,,,,,National,,,,,2025-07-24T14:32:31Z,2024,2024-01-01,2024-12-31
4448852,TOBACCO_MPOWER_M3_TOBACCOUSESMOKINGSCHOOL,COUNTRY,SGP,WPR,Western Pacific,YEAR,2024,TOBACCO_INDICATOR,TOBACCO_INDICATOR_Youth_svy_yr,,,,,,,2014-16,,,,,2025-07-24T14:32:31Z,2024,2024-01-01,2024-12-31
4450769,TOBACCO_MPOWER_M3_TOBACCOUSESMOKINGSCHOOL,COUNTRY,CUB,AMR,Americas,YEAR,2024,TOBACCO_INDICATOR,TOBACCO_INDICATOR_Youth_survey_title,,,,,,,Global Youth Tobacco Survey,,,,,2025-07-24T14:32:31Z,2024,2024-01-01,2024-12-31
4459744,TOBACCO_MPOWER_M3_TOBACCOUSESMOKINGSCHOOL,COUNTRY,SLB,WPR,Western Pacific,YEAR,2024,TOBACCO_INDICATOR,TOBACCO_INDICATOR_Youth_svy_national,,,,,,,National,,,,,2025-07-24T14:32:31Z,2024,2024-01-01,2024-12-31
4513872,TOBACCO_MPOWER_M3_TOBACCOUSESMOKINGSCHOOL,COUNTRY,GNB,AFR,Africa,YEAR,2024,TOBACCO_INDICATOR,TOBACCO_INDICATOR_Youth_svy_age_range,,,,,,,13-15,,,,,2025-07-24T14:32:31Z,2024,2024-01-01,2024-12-31
4522171,TOBACCO_MPOWER_M3_TOBACCOUSESMOKINGSCHOOL,COUNTRY,GNB,AFR,Africa,YEAR,2024,TOBACCO_INDICATOR,TOBACCO_INDICATOR_Youth_svy_national,,,,,,,Subnational,,,,,2025-07-24T14:32:31Z,2024,2024-01-01,2024-12-31
4524699,TOBACCO_MPOWER_M3_TOBACCOUSESMOKINGSCHOOL,COUNTRY,AND,EUR,Europe,YEAR,2024,TOBACCO_INDICATOR,TOBACCO_INDICATOR_Youth_svy_yr,,,,,,,. . .,,,,,2025-07-24T14:32:31Z,2024,2024-01-01,2024-12-31
4527346,TOBACCO_MPOWER_M3_TOBACCOUSESMOKINGSCHOOL,COUNTRY,NPL,SEAR,South-East Asia,YEAR,2024,TOBACCO_INDICATOR,TOBACCO_INDICATOR_Youth_svy_national,,,,,,,National,,,,,2025-07-24T14:32:31Z,2024,2024-01-01,2024-12-31
4535783,TOBACCO_MPOWER_M3_TOBACCOUSESMOKINGSCHOOL,COUNTRY,RWA,AFR,Africa,YEAR,2024,TOBACCO_INDICATOR,TOBACCO_INDICATOR_Youth_svy_national,,,,,,,National,,,,,2025-07-24T14:32:31Z,2024,2024-01-01,2024-12-31
4536023,TOBACCO_MPOWER_M3_TOBACCOUSESMOKINGSCHOOL,COUNTRY,GBR,EUR,Europe,YEAR,2024,TOBACCO_INDICATOR,TOBACCO_INDICATOR_Youth_svy_yr,,,,,,,2023,2023,,,,2025-07-24T14:32:31Z,2024,2024-01-01,2024-12-31
4540616,TOBACCO_MPOWER_M3_TOBACCOUSESMOKINGSCHOOL,COUNTRY,CAN,AMR,Americas,YEAR,2024,TOBACCO_INDICATOR,TOBACCO_INDICATOR_Youth_svy_age_range,,,,,,,Grades 7-9,,,,,2025-07-24T14:32:31Z,2024,2024-01-01,2024-12-31
4548380,TOBACCO_MPOWER_M3_TOBACCOUSESMOKINGSCHOOL,COUNTRY,RUS,EUR,Europe,YEAR,2024,TOBACCO_INDICATOR,TOBACCO_INDICATOR_Youth_svy_age_range,,,,,,,13-15,,,,,2025-07-24T14:32:31Z,2024,2024-01-01,2024-12-31
4552915,TOBACCO_MPOWER_M3_TOBACCOUSESMOKINGSCHOOL,COUNTRY,PHL,WPR,Western Pacific,YEAR,2024,TOBACCO_INDICATOR,TOBACCO_INDICATOR_Youth_svy_age_range,,,,,,,13-15,,,,,2025-07-24T14:32:31Z,2024,2024-01-01,2024-12-31
4576782,TOBACCO_MPOWER_M3_TOBACCOUSESMOKINGSCHOOL,COUNTRY,SDN,EMR,Eastern Mediterranean,YEAR,2024,TOBACCO_INDICATOR,TOBACCO_INDICATOR_Youth_svy_national,,,,,,,National,,,,,2025-07-24T14:32:31Z,2024,2024-01-01,2024-12-31
4582890,TOBACCO_MPOWER_M3_TOBACCOUSESMOKINGSCHOOL,COUNTRY,THA,SEAR,South-East Asia,YEAR,2024,TOBACCO_INDICATOR,TOBACCO_INDICATOR_Youth_svy_national,,,,,,,National,,,,,2025-07-24T14:32:31Z,2024,2024-01-01,2024-12-31
4619092,TOBACCO_MPOWER_M3_TOBACCOUSESMOKINGSCHOOL,COUNTRY,MAR,EMR,Eastern Mediterranean,YEAR,2024,TOBACCO_INDICATOR,TOBACCO_INDICATOR_Youth_svy_yr,,,,,,,2023,2023,,,,2025-07-24T14:32:31Z,2024,2024-01-01,2024-12-31
4637244,TOBACCO_MPOWER_M3_TOBACCOUSESMOKINGSCHOOL,COUNTRY,SSD,AFR,Africa,YEAR,2024,TOBACCO_INDICATOR,TOBACCO_INDICATOR_Youth_svy_national,,,,,,,. . .,,,,,2025-07-24T14:32:31Z,2024,2024-01-01,2024-12-31
4652182,TOBACCO_MPOWER_M3_TOBACCOUSESMOKINGSCHOOL,COUNTRY,BDI,AFR,Africa,YEAR,2024,TOBACCO_INDICATOR,TOBACCO_INDICATOR_Youth_svy_national,,,,,,,National,,,,,2025-07-24T14:32:31Z,2024,2024-01-01,2024-12-31
4654927,TOBACCO_MPOWER_M3_TOBACCOUSESMOKINGSCHOOL,COUNTRY,COG,AFR,Africa,YEAR,2024,TOBACCO_INDICATOR,TOBACCO_INDICATOR_Youth_svy_yr,,,,,,,2019,2019,,,,2025-07-24T14:32:31Z,2024,2024-01-01,2024-12-31
4667504,TOBACCO_MPOWER_M3_TOBACCOUSESMOKINGSCHOOL,COUNTRY,ECU,AMR,Americas,YEAR,2024,TOBACCO_INDICATOR,TOBACCO_INDICATOR_Youth_survey_title,,,,,,,Global Youth Tobacco Survey,,,,,2025-07-24T14:32:31Z,2024,2024-01-01,2024-12-31
4685669,TOBACCO_MPOWER_M3_TOBACCOUSESMOKINGSCHOOL,COUNTRY,NZL,WPR,Western Pacific,YEAR,2024,TOBACCO_INDICATOR,TOBACCO_INDICATOR_Youth_svy_yr,,,,,,,2024,2024,,,,2025-07-24T14:32:31Z,2024,2024-01-01,2024-12-31
4693658,TOBACCO_MPOWER_M3_TOBACCOUSESMOKINGSCHOOL,COUNTRY,UKR,EUR,Europe,YEAR,2024,TOBACCO_INDICATOR,TOBACCO_INDICATOR_Youth_survey_title,,,,,,,European School Survey Project on Alcohol and Other Drugs,,,,,2025-07-24T14:32:31Z,2024,2024-01-01,2024-12-31
4694141,TOBACCO_MPOWER_M3_TOBACCOUSESMOKINGSCHOOL,COUNTRY,CYP,EUR,Europe,YEAR,2024,TOBACCO_INDICATOR,TOBACCO_INDICATOR_Youth_svy_national,,,,,,,National,,,,,2025-07-24T14:32:31Z,2024,2024-01-01,2024-12-31
4711930,TOBACCO_MPOWER_M3_TOBACCOUSESMOKINGSCHOOL,COUNTRY,BWA,AFR,Africa,YEAR,2024,TOBACCO_INDICATOR,TOBACCO_INDICATOR_Youth_survey_title,,,,,,,Global Youth Tobacco Survey,,,,,2025-07-24T14:32:31Z,2024,2024-01-01,2024-12-31
4731948,TOBACCO_MPOWER_M3_TOBACCOUSESMOKINGSCHOOL,COUNTRY,GBR,EUR,Europe,YEAR,2024,TOBACCO_INDICATOR,TOBACCO_INDICATOR_Youth_svy_age_range,,,,,,,11-15,45976,,,,2026-01-27T14:35:19Z,2024,2024-01-01,2024-12-31
4736678,TOBACCO_MPOWER_M3_TOBACCOUSESMOKINGSCHOOL,COUNTRY,GAB,AFR,Africa,YEAR,2024,TOBACCO_INDICATOR,TOBACCO_INDICATOR_Youth_svy_age_range,,,,,,,13-15,,,,,2025-07-24T14:32:31Z,2024,2024-01-01,2024-12-31
4775361,TOBACCO_MPOWER_M3_TOBACCOUSESMOKINGSCHOOL,COUNTRY,GIN,AFR,Africa,YEAR,2024,TOBACCO_INDICATOR,TOBACCO_INDICATOR_Youth_svy_national,,,,,,,National,,,,,2025-07-24T14:32:31Z,2024,2024-01-01,2024-12-31
4784667,TOBACCO_MPOWER_M3_TOBACCOUSESMOKINGSCHOOL,COUNTRY,HUN,EUR,Europe,YEAR,2024,TOBACCO_INDICATOR,TOBACCO_INDICATOR_Youth_svy_age_range,,,,,,,15-15,,,,,2025-07-24T14:32:31Z,2024,2024-01-01,2024-12-31
4792742,TOBACCO_MPOWER_M3_TOBACCOUSESMOKINGSCHOOL,COUNTRY,IRQ,EMR,Eastern Mediterranean,YEAR,2024,TOBACCO_INDICATOR,TOBACCO_INDICATOR_Youth_svy_national,,,,,,,National,,,,,2025-07-24T14:32:31Z,2024,2024-01-01,2024-12-31
4797832,TOBACCO_MPOWER_M3_TOBACCOUSESMOKINGSCHOOL,COUNTRY,RWA,AFR,Africa,YEAR,2024,TOBACCO_INDICATOR,TOBACCO_INDICATOR_Youth_survey_title,,,,,,,Global Youth Tobacco Survey,,,,,2025-07-24T14:32:31Z,2024,2024-01-01,2024-12-31
4815755,TOBACCO_MPOWER_M3_TOBACCOUSESMOKINGSCHOOL,COUNTRY,TUR,EUR,Europe,YEAR,2024,TOBACCO_INDICATOR,TOBACCO_INDICATOR_Youth_svy_national,,,,,,,National,,,,,2025-07-24T14:32:31Z,2024,2024-01-01,2024-12-31
4838356,TOBACCO_MPOWER_M3_TOBACCOUSESMOKINGSCHOOL,COUNTRY,BHS,AMR,Americas,YEAR,2024,TOBACCO_INDICATOR,TOBACCO_INDICATOR_Youth_svy_yr,,,,,,,2023,2023,,,,2025-07-24T14:32:31Z,2024,2024-01-01,2024-12-31
4851969,TOBACCO_MPOWER_M3_TOBACCOUSESMOKINGSCHOOL,COUNTRY,TGO,AFR,Africa,YEAR,2024,TOBACCO_INDICATOR,TOBACCO_INDICATOR_Youth_svy_national,,,,,,,National,,,,,2025-07-24T14:32:31Z,2024,2024-01-01,2024-12-31
4864314,TOBACCO_MPOWER_M3_TOBACCOUSESMOKINGSCHOOL,COUNTRY,KNA,AMR,Americas,YEAR,2024,TOBACCO_INDICATOR,TOBACCO_INDICATOR_Youth_svy_age_range,,,,,,,13-15,,,,,2025-07-24T14:32:31Z,2024,2024-01-01,2024-12-31
4865270,TOBACCO_MPOWER_M3_TOBACCOUSESMOKINGSCHOOL,COUNTRY,MKD,EUR,Europe,YEAR,2024,TOBACCO_INDICATOR,TOBACCO_INDICATOR_Youth_survey_title,,,,,,,Health Behaviour in School-aged Children,,,,,2025-07-24T14:32:31Z,2024,2024-01-01,2024-12-31
4868115,TOBACCO_MPOWER_M3_TOBACCOUSESMOKINGSCHOOL,COUNTRY,COG,AFR,Africa,YEAR,2024,TOBACCO_INDICATOR,TOBACCO_INDICATOR_Youth_svy_national,,,,,,,National,,,,,2025-07-24T14:32:31Z,2024,2024-01-01,2024-12-31
4905744,TOBACCO_MPOWER_M3_TOBACCOUSESMOKINGSCHOOL,COUNTRY,COG,AFR,Africa,YEAR,2024,TOBACCO_INDICATOR,TOBACCO_INDICATOR_Youth_svy_age_range,,,,,,,13-15,,,,,2025-07-24T14:32:31Z,2024,2024-01-01,2024-12-31
4914734,TOBACCO_MPOWER_M3_TOBACCOUSESMOKINGSCHOOL,COUNTRY,CIV,AFR,Africa,YEAR,2024,TOBACCO_INDICATOR,TOBACCO_INDICATOR_Youth_survey_title,,,,,,,Global Youth Tobacco Survey,,,,,2025-07-24T14:32:31Z,2024,2024-01-01,2024-12-31
4917437,TOBACCO_MPOWER_M3_TOBACCOUSESMOKINGSCHOOL,COUNTRY,TTO,AMR,Americas,YEAR,2024,TOBACCO_INDICATOR,TOBACCO_INDICATOR_Youth_svy_age_range,,,,,,,13-15,,,,,2025-07-24T14:32:31Z,2024,2024-01-01,2024-12-31
4920363,TOBACCO_MPOWER_M3_TOBACCOUSESMOKINGSCHOOL,COUNTRY,TLS,SEAR,South-East Asia,YEAR,2024,TOBACCO_INDICATOR,TOBACCO_INDICATOR_Youth_svy_age_range,,,,,,,13-15,,,,,2025-07-24T14:32:31Z,2024,2024-01-01,2024-12-31
4921401,TOBACCO_MPOWER_M3_TOBACCOUSESMOKINGSCHOOL,COUNTRY,SEN,AFR,Africa,YEAR,2024,TOBACCO_INDICATOR,TOBACCO_INDICATOR_Youth_survey_title,,,,,,,Global Youth Tobacco Survey,,,,,2025-07-24T14:32:31Z,2024,2024-01-01,2024-12-31
4927822,TOBACCO_MPOWER_M3_TOBACCOUSESMOKINGSCHOOL,COUNTRY,ATG,AMR,Americas,YEAR,2024,TOBACCO_INDICATOR,TOBACCO_INDICATOR_Youth_survey_title,,,,,,,Global Youth Tobacco Survey,,,,,2025-07-24T14:32:31Z,2024,2024-01-01,2024-12-31
4928038,TOBACCO_MPOWER_M3_TOBACCOUSESMOKINGSCHOOL,COUNTRY,SRB,EUR,Europe,YEAR,2024,TOBACCO_INDICATOR,TOBACCO_INDICATOR_Youth_svy_national,,,,,,,National,,,,,2025-07-24T14:32:31Z,2024,2024-01-01,2024-12-31
4971003,TOBACCO_MPOWER_M3_TOBACCOUSESMOKINGSCHOOL,COUNTRY,VUT,WPR,Western Pacific,YEAR,2024,TOBACCO_INDICATOR,TOBACCO_INDICATOR_Youth_svy_yr,,,,,,,2017,2017,,,,2025-07-24T14:32:31Z,2024,2024-01-01,2024-12-31
4971960,TOBACCO_MPOWER_M3_TOBACCOUSESMOKINGSCHOOL,COUNTRY,GNQ,AFR,Africa,YEAR,2024,TOBACCO_INDICATOR,TOBACCO_INDICATOR_Youth_svy_yr,,,,,,,2008,2008,,,,2025-07-24T14:32:31Z,2024,2024-01-01,2024-12-31
4996875,TOBACCO_MPOWER_M3_TOBACCOUSESMOKINGSCHOOL,COUNTRY,NPL,SEAR,South-East Asia,YEAR,2024,TOBACCO_INDICATOR,TOBACCO_INDICATOR_Youth_svy_yr,,,,,,,2015,2015,,,,2025-07-24T14:32:31Z,2024,2024-01-01,2024-12-31
5000300,TOBACCO_MPOWER_M3_TOBACCOUSESMOKINGSCHOOL,COUNTRY,UKR,EUR,Europe,YEAR,2024,TOBACCO_INDICATOR,TOBACCO_INDICATOR_Youth_svy_age_range,,,,,,,15-16,,,,,2025-07-24T14:32:31Z,2024,2024-01-01,2024-12-31
5033117,TOBACCO_MPOWER_M3_TOBACCOUSESMOKINGSCHOOL,COUNTRY,KWT,EMR,Eastern Mediterranean,YEAR,2024,TOBACCO_INDICATOR,TOBACCO_INDICATOR_Youth_survey_title,,,,,,,Global Youth Tobacco Survey,,,,,2025-07-24T14:32:31Z,2024,2024-01-01,2024-12-31
5033141,TOBACCO_MPOWER_M3_TOBACCOUSESMOKINGSCHOOL,COUNTRY,NRU,WPR,Western Pacific,YEAR,2024,TOBACCO_INDICATOR,TOBACCO_INDICATOR_Youth_svy_national,,,,,,,National,,,,,2025-07-24T14:32:31Z,2024,2024-01-01,2024-12-31
5034615,TOBACCO_MPOWER_M3_TOBACCOUSESMOKINGSCHOOL,COUNTRY,PAK,EMR,Eastern Mediterranean,YEAR,2024,TOBACCO_INDICATOR,TOBACCO_INDICATOR_Youth_svy_national,,,,,,,National,,,,,2025-07-24T14:32:31Z,2024,2024-01-01,2024-12-31
5040831,TOBACCO_MPOWER_M3_TOBACCOUSESMOKINGSCHOOL,COUNTRY,LBN,EMR,Eastern Mediterranean,YEAR,2024,TOBACCO_INDICATOR,TOBACCO_INDICATOR_Youth_survey_title,,,,,,,Global School-Based Student Health Survey,,,,,2025-07-24T14:32:31Z,2024,2024-01-01,2024-12-31
5043839,TOBACCO_MPOWER_M3_TOBACCOUSESMOKINGSCHOOL,COUNTRY,MMR,SEAR,South-East Asia,YEAR,2024,TOBACCO_INDICATOR,TOBACCO_INDICATOR_Youth_svy_age_range,,,,,,,13-15,,,,,2025-07-24T14:32:31Z,2024,2024-01-01,2024-12-31
5074131,TOBACCO_MPOWER_M3_TOBACCOUSESMOKINGSCHOOL,COUNTRY,AND,EUR,Europe,YEAR,2024,TOBACCO_INDICATOR,TOBACCO_INDICATOR_Youth_svy_age_range,,,,,,,. . .,,,,,2025-07-24T14:32:31Z,2024,2024-01-01,2024-12-31
5077623,TOBACCO_MPOWER_M3_TOBACCOUSESMOKINGSCHOOL,COUNTRY,USA,AMR,Americas,YEAR,2024,TOBACCO_INDICATOR,TOBACCO_INDICATOR_Youth_svy_national,,,,,,,National,,,,,2025-07-24T14:32:31Z,2024,2024-01-01,2024-12-31
5080070,TOBACCO_MPOWER_M3_TOBACCOUSESMOKINGSCHOOL,COUNTRY,AGO,AFR,Africa,YEAR,2024,TOBACCO_INDICATOR,TOBACCO_INDICATOR_Youth_svy_age_range,,,,,,,13-15,,,,,2025-07-24T14:32:31Z,2024,2024-01-01,2024-12-31
5082848,TOBACCO_MPOWER_M3_TOBACCOUSESMOKINGSCHOOL,COUNTRY,AUT,EUR,Europe,YEAR,2024,TOBACCO_INDICATOR,TOBACCO_INDICATOR_Youth_svy_yr,,,,,,,2024,2024,,,,2025-07-24T14:32:31Z,2024,2024-01-01,2024-12-31
5093608,TOBACCO_MPOWER_M3_TOBACCOUSESMOKINGSCHOOL,COUNTRY,MMR,SEAR,South-East Asia,YEAR,2024,TOBACCO_INDICATOR,TOBACCO_INDICATOR_Youth_survey_title,,,,,,,Global Youth Tobacco Survey,,,,,2025-07-24T14:32:31Z,2024,2024-01-01,2024-12-31
5094859,TOBACCO_MPOWER_M3_TOBACCOUSESMOKINGSCHOOL,COUNTRY,SLV,AMR,Americas,YEAR,2024,TOBACCO_INDICATOR,TOBACCO_INDICATOR_Youth_survey_title,,,,,,,Global Youth Tobacco Survey,,,,,2025-07-24T14:32:31Z,2024,2024-01-01,2024-12-31
5097363,TOBACCO_MPOWER_M3_TOBACCOUSESMOKINGSCHOOL,COUNTRY,GRC,EUR,Europe,YEAR,2024,TOBACCO_INDICATOR,TOBACCO_INDICATOR_Youth_svy_national,,,,,,,National,,,,,2025-07-24T14:32:31Z,2024,2024-01-01,2024-12-31
5126414,TOBACCO_MPOWER_M3_TOBACCOUSESMOKINGSCHOOL,COUNTRY,CMR,AFR,Africa,YEAR,2024,TOBACCO_INDICATOR,TOBACCO_INDICATOR_Youth_survey_title,,,,,,,Global Youth Tobacco Survey,,,,,2025-07-24T14:32:31Z,2024,2024-01-01,2024-12-31
5129991,TOBACCO_MPOWER_M3_TOBACCOUSESMOKINGSCHOOL,COUNTRY,DJI,EMR,Eastern Mediterranean,YEAR,2024,TOBACCO_INDICATOR,TOBACCO_INDICATOR_Youth_svy_age_range,,,,,,,13-15,,,,,2025-07-24T14:32:31Z,2024,2024-01-01,2024-12-31
5136986,TOBACCO_MPOWER_M3_TOBACCOUSESMOKINGSCHOOL,COUNTRY,HTI,AMR,Americas,YEAR,2024,TOBACCO_INDICATOR,TOBACCO_INDICATOR_Youth_survey_title,,,,,,,Global Youth Tobacco Survey,,,,,2025-07-24T14:32:31Z,2024,2024-01-01,2024-12-31
5170726,TOBACCO_MPOWER_M3_TOBACCOUSESMOKINGSCHOOL,COUNTRY,FJI,WPR,Western Pacific,YEAR,2024,TOBACCO_INDICATOR,TOBACCO_INDICATOR_Youth_svy_national,,,,,,,National,,,,,2025-07-24T14:32:31Z,2024,2024-01-01,2024-12-31
5197984,TOBACCO_MPOWER_M3_TOBACCOUSESMOKINGSCHOOL,COUNTRY,ZAF,AFR,Africa,YEAR,2024,TOBACCO_INDICATOR,TOBACCO_INDICATOR_Youth_svy_national,,,,,,,National,,,,,2025-07-24T14:32:31Z,2024,2024-01-01,2024-12-31
5201215,TOBACCO_MPOWER_M3_TOBACCOUSESMOKINGSCHOOL,COUNTRY,MOZ,AFR,Africa,YEAR,2024,TOBACCO_INDICATOR,TOBACCO_INDICATOR_Youth_svy_national,,,,,,,National,,,,,2025-07-24T14:32:31Z,2024,2024-01-01,2024-12-31
5218779,TOBACCO_MPOWER_M3_TOBACCOUSESMOKINGSCHOOL,COUNTRY,AUS,WPR,Western Pacific,YEAR,2024,TOBACCO_INDICATOR,TOBACCO_INDICATOR_Youth_survey_title,,,,,,,Australian Secondary School Students Alcohol and other Drugs Survey (ASSAD),,,,,2025-07-24T14:32:31Z,2024,2024-01-01,2024-12-31
5220533,TOBACCO_MPOWER_M3_TOBACCOUSESMOKINGSCHOOL,COUNTRY,SMR,EUR,Europe,YEAR,2024,TOBACCO_INDICATOR,TOBACCO_INDICATOR_Youth_svy_age_range,,,,,,,13-15,,,,,2025-07-24T14:32:31Z,2024,2024-01-01,2024-12-31
5239833,TOBACCO_MPOWER_M3_TOBACCOUSESMOKINGSCHOOL,COUNTRY,STP,AFR,Africa,YEAR,2024,TOBACCO_INDICATOR,TOBACCO_INDICATOR_Youth_svy_national,,,,,,,National,,,,,2025-07-24T14:32:31Z,2024,2024-01-01,2024-12-31
5253073,TOBACCO_MPOWER_M3_TOBACCOUSESMOKINGSCHOOL,COUNTRY,USA,AMR,Americas,YEAR,2024,TOBACCO_INDICATOR,TOBACCO_INDICATOR_Youth_svy_age_range,,,,,,,Middle-school,,,,,2025-07-24T14:32:31Z,2024,2024-01-01,2024-12-31
5253634,TOBACCO_MPOWER_M3_TOBACCOUSESMOKINGSCHOOL,COUNTRY,QAT,EMR,Eastern Mediterranean,YEAR,2024,TOBACCO_INDICATOR,TOBACCO_INDICATOR_Youth_svy_yr,,,,,,,2018,2018,,,,2025-07-24T14:32:31Z,2024,2024-01-01,2024-12-31
5254678,TOBACCO_MPOWER_M3_TOBACCOUSESMOKINGSCHOOL,COUNTRY,WSM,WPR,Western Pacific,YEAR,2024,TOBACCO_INDICATOR,TOBACCO_INDICATOR_Youth_svy_national,,,,,,,National,,,,,2025-07-24T14:32:31Z,2024,2024-01-01,2024-12-31
5260516,TOBACCO_MPOWER_M3_TOBACCOUSESMOKINGSCHOOL,COUNTRY,LBY,EMR,Eastern Mediterranean,YEAR,2024,TOBACCO_INDICATOR,TOBACCO_INDICATOR_Youth_svy_national,,,,,,,National,,,,,2025-07-24T14:32:31Z,2024,2024-01-01,2024-12-31
5289554,TOBACCO_MPOWER_M3_TOBACCOUSESMOKINGSCHOOL,COUNTRY,KIR,WPR,Western Pacific,YEAR,2024,TOBACCO_INDICATOR,TOBACCO_INDICATOR_Youth_svy_yr,,,,,,,2022,2022,,,,2025-07-24T14:32:31Z,2024,2024-01-01,2024-12-31
5291237,TOBACCO_MPOWER_M3_TOBACCOUSESMOKINGSCHOOL,COUNTRY,LVA,EUR,Europe,YEAR,2024,TOBACCO_INDICATOR,TOBACCO_INDICATOR_Youth_survey_title,,,,,,,Health Behaviour in School-aged Children,,,,,2025-07-24T14:32:31Z,2024,2024-01-01,2024-12-31
5394519,TOBACCO_MPOWER_M3_TOBACCOUSESMOKINGSCHOOL,COUNTRY,AZE,EUR,Europe,YEAR,2024,TOBACCO_INDICATOR,TOBACCO_INDICATOR_Youth_svy_yr,,,,,,,2017-18,,,,,2025-07-24T14:32:31Z,2024,2024-01-01,2024-12-31
5424755,TOBACCO_MPOWER_M3_TOBACCOUSESMOKINGSCHOOL,COUNTRY,HND,AMR,Americas,YEAR,2024,TOBACCO_INDICATOR,TOBACCO_INDICATOR_Youth_svy_national,,,,,,,National,,,,,2025-07-24T14:32:31Z,2024,2024-01-01,2024-12-31
5437394,TOBACCO_MPOWER_M3_TOBACCOUSESMOKINGSCHOOL,COUNTRY,SYR,EMR,Eastern Mediterranean,YEAR,2024,TOBACCO_INDICATOR,TOBACCO_INDICATOR_Youth_svy_national,,,,,,,National,,,,,2025-07-24T14:32:31Z,2024,2024-01-01,2024-12-31
5443467,TOBACCO_MPOWER_M3_TOBACCOUSESMOKINGSCHOOL,COUNTRY,HUN,EUR,Europe,YEAR,2024,TOBACCO_INDICATOR,TOBACCO_INDICATOR_Youth_survey_title,,,,,,,Health Behaviour in School-aged Children,,,,,2025-07-24T14:32:31Z,2024,2024-01-01,2024-12-31
5462670,TOBACCO_MPOWER_M3_TOBACCOUSESMOKINGSCHOOL,COUNTRY,IRL,EUR,Europe,YEAR,2024,TOBACCO_INDICATOR,TOBACCO_INDICATOR_Youth_svy_yr,,,,,,,2021-22,,,,,2025-07-24T14:32:31Z,2024,2024-01-01,2024-12-31
5463792,TOBACCO_MPOWER_M3_TOBACCOUSESMOKINGSCHOOL,COUNTRY,FIN,EUR,Europe,YEAR,2024,TOBACCO_INDICATOR,TOBACCO_INDICATOR_Youth_svy_age_range,,,,,,,8th-9th grade,,,,,2025-07-24T14:32:31Z,2024,2024-01-01,2024-12-31
5466467,TOBACCO_MPOWER_M3_TOBACCOUSESMOKINGSCHOOL,COUNTRY,SAU,EMR,Eastern Mediterranean,YEAR,2024,TOBACCO_INDICATOR,TOBACCO_INDICATOR_Youth_svy_yr,,,,,,,2022,2022,,,,2025-07-24T14:32:31Z,2024,2024-01-01,2024-12-31
5473417,TOBACCO_MPOWER_M3_TOBACCOUSESMOKINGSCHOOL,COUNTRY,UKR,EUR,Europe,YEAR,2024,TOBACCO_INDICATOR,TOBACCO_INDICATOR_Youth_svy_yr,,,,,,,2019,2019,,,,2025-07-24T14:32:31Z,2024,2024-01-01,2024-12-31
5483976,TOBACCO_MPOWER_M3_TOBACCOUSESMOKINGSCHOOL,COUNTRY,BRN,WPR,Western Pacific,YEAR,2024,TOBACCO_INDICATOR,TOBACCO_INDICATOR_Youth_svy_age_range,,,,,,,13-15,,,,,2025-07-24T14:32:31Z,2024,2024-01-01,2024-12-31
5506403,TOBACCO_MPOWER_M3_TOBACCOUSESMOKINGSCHOOL,COUNTRY,SGP,WPR,Western Pacific,YEAR,2024,TOBACCO_INDICATOR,TOBACCO_INDICATOR_Youth_svy_national,,,,,,,National,,,,,2025-07-24T14:32:31Z,2024,2024-01-01,2024-12-31
5512448,TOBACCO_MPOWER_M3_TOBACCOUSESMOKINGSCHOOL,COUNTRY,WSM,WPR,Western Pacific,YEAR,2024,TOBACCO_INDICATOR,TOBACCO_INDICATOR_Youth_svy_age_range,,,,,,,13-15,,,,,2025-07-24T14:32:31Z,2024,2024-01-01,2024-12-31
5542179,TOBACCO_MPOWER_M3_TOBACCOUSESMOKINGSCHOOL,COUNTRY,MDA,EUR,Europe,YEAR,2024,TOBACCO_INDICATOR,TOBACCO_INDICATOR_Youth_svy_age_range,,,,,,,15-15,,,,,2025-07-24T14:32:31Z,2024,2024-01-01,2024-12-31
5549436,TOBACCO_MPOWER_M3_TOBACCOUSESMOKINGSCHOOL,COUNTRY,LUX,EUR,Europe,YEAR,2024,TOBACCO_INDICATOR,TOBACCO_INDICATOR_Youth_svy_age_range,,,,,,,15-15,,,,,2025-07-24T14:32:31Z,2024,2024-01-01,2024-12-31
5556607,TOBACCO_MPOWER_M3_TOBACCOUSESMOKINGSCHOOL,COUNTRY,CRI,AMR,Americas,YEAR,2024,TOBACCO_INDICATOR,TOBACCO_INDICATOR_Youth_svy_age_range,,,,,,,13-15,,,,,2025-07-24T14:32:31Z,2024,2024-01-01,2024-12-31
5615030,TOBACCO_MPOWER_M3_TOBACCOUSESMOKINGSCHOOL,COUNTRY,MOZ,AFR,Africa,YEAR,2024,TOBACCO_INDICATOR,TOBACCO_INDICATOR_Youth_svy_age_range,,,,,,,13-15,,,,,2025-07-24T14:32:31Z,2024,2024-01-01,2024-12-31
5624614,TOBACCO_MPOWER_M3_TOBACCOUSESMOKINGSCHOOL,COUNTRY,SDN,EMR,Eastern Mediterranean,YEAR,2024,TOBACCO_INDICATOR,TOBACCO_INDICATOR_Youth_svy_yr,,,,,,,2014,2014,,,,2025-07-24T14:32:31Z,2024,2024-01-01,2024-12-31
5650991,TOBACCO_MPOWER_M3_TOBACCOUSESMOKINGSCHOOL,COUNTRY,LTU,EUR,Europe,YEAR,2024,TOBACCO_INDICATOR,TOBACCO_INDICATOR_Youth_svy_national,,,,,,,National,,,,,2025-07-24T14:32:31Z,2024,2024-01-01,2024-12-31
5652148,TOBACCO_MPOWER_M3_TOBACCOUSESMOKINGSCHOOL,COUNTRY,AFG,EMR,Eastern Mediterranean,YEAR,2024,TOBACCO_INDICATOR,TOBACCO_INDICATOR_Youth_survey_title,,,,,,,Global Youth Tobacco Survey (Kabul),,,,,2025-07-24T14:32:31Z,2024,2024-01-01,2024-12-31
5657511,TOBACCO_MPOWER_M3_TOBACCOUSESMOKINGSCHOOL,COUNTRY,JPN,WPR,Western Pacific,YEAR,2024,TOBACCO_INDICATOR,TOBACCO_INDICATOR_Youth_svy_age_range,,,,,,,Junior-High,,,,,2025-07-24T14:32:31Z,2024,2024-01-01,2024-12-31
5675663,TOBACCO_MPOWER_M3_TOBACCOUSESMOKINGSCHOOL,COUNTRY,AUS,WPR,Western Pacific,YEAR,2024,TOBACCO_INDICATOR,TOBACCO_INDICATOR_Youth_svy_yr,,,,,,,2022-23,,,,,2025-07-24T14:32:31Z,2024,2024-01-01,2024-12-31
5684253,TOBACCO_MPOWER_M3_TOBACCOUSESMOKINGSCHOOL,COUNTRY,ATG,AMR,Americas,YEAR,2024,TOBACCO_INDICATOR,TOBACCO_INDICATOR_Youth_svy_national,,,,,,,National,,,,,2025-07-24T14:32:31Z,2024,2024-01-01,2024-12-31
5715487,TOBACCO_MPOWER_M3_TOBACCOUSESMOKINGSCHOOL,COUNTRY,VCT,AMR,Americas,YEAR,2024,TOBACCO_INDICATOR,TOBACCO_INDICATOR_Youth_survey_title,,,,,,,Global Youth Tobacco Survey,,,,,2025-07-24T14:32:31Z,2024,2024-01-01,2024-12-31
5729815,TOBACCO_MPOWER_M3_TOBACCOUSESMOKINGSCHOOL,COUNTRY,ZAF,AFR,Africa,YEAR,2024,TOBACCO_INDICATOR,TOBACCO_INDICATOR_Youth_survey_title,,,,,,,Global Youth Tobacco Survey,,,,,2025-07-24T14:32:31Z,2024,2024-01-01,2024-12-31
5756223,TOBACCO_MPOWER_M3_TOBACCOUSESMOKINGSCHOOL,COUNTRY,CZE,EUR,Europe,YEAR,2024,TOBACCO_INDICATOR,TOBACCO_INDICATOR_Youth_svy_age_range,,,,,,,13-15,,,,,2025-07-24T14:32:31Z,2024,2024-01-01,2024-12-31
5756417,TOBACCO_MPOWER_M3_TOBACCOUSESMOKINGSCHOOL,COUNTRY,CHL,AMR,Americas,YEAR,2024,TOBACCO_INDICATOR,TOBACCO_INDICATOR_Youth_survey_title,,,,,,,Estudio Nacional de Drogas en Población Escolar de Chile,,,,,2025-07-24T14:32:31Z,2024,2024-01-01,2024-12-31
5770305,TOBACCO_MPOWER_M3_TOBACCOUSESMOKINGSCHOOL,COUNTRY,LCA,AMR,Americas,YEAR,2024,TOBACCO_INDICATOR,TOBACCO_INDICATOR_Youth_survey_title,,,,,,,Global School-Based Student Health Survey,,,,,2025-07-24T14:32:31Z,2024,2024-01-01,2024-12-31
5782026,TOBACCO_MPOWER_M3_TOBACCOUSESMOKINGSCHOOL,COUNTRY,COD,AFR,Africa,YEAR,2024,TOBACCO_INDICATOR,TOBACCO_INDICATOR_Youth_svy_age_range,,,,,,,13-15,,,,,2025-07-24T14:32:31Z,2024,2024-01-01,2024-12-31
5790651,TOBACCO_MPOWER_M3_TOBACCOUSESMOKINGSCHOOL,COUNTRY,VUT,WPR,Western Pacific,YEAR,2024,TOBACCO_INDICATOR,TOBACCO_INDICATOR_Youth_svy_national,,,,,,,National,,,,,2025-07-24T14:32:31Z,2024,2024-01-01,2024-12-31
5825985,TOBACCO_MPOWER_M3_TOBACCOUSESMOKINGSCHOOL,COUNTRY,NAM,AFR,Africa,YEAR,2024,TOBACCO_INDICATOR,TOBACCO_INDICATOR_Youth_survey_title,,,,,,,Global School-Based Student Health Survey,,,,,2025-07-24T14:32:31Z,2024,2024-01-01,2024-12-31
5869347,TOBACCO_MPOWER_M3_TOBACCOUSESMOKINGSCHOOL,COUNTRY,BEN,AFR,Africa,YEAR,2024,TOBACCO_INDICATOR,TOBACCO_INDICATOR_Youth_survey_title,,,,,,,Global School-Based Student Health Survey,,,,,2025-07-24T14:32:31Z,2024,2024-01-01,2024-12-31
5885930,TOBACCO_MPOWER_M3_TOBACCOUSESMOKINGSCHOOL,COUNTRY,PRT,EUR,Europe,YEAR,2024,TOBACCO_INDICATOR,TOBACCO_INDICATOR_Youth_svy_national,,,,,,,National,,,,,2025-07-24T14:32:31Z,2024,2024-01-01,2024-12-31
5889220,TOBACCO_MPOWER_M3_TOBACCOUSESMOKINGSCHOOL,COUNTRY,MKD,EUR,Europe,YEAR,2024,TOBACCO_INDICATOR,TOBACCO_INDICATOR_Youth_svy_national,,,,,,,National,,,,,2025-07-24T14:32:31Z,2024,2024-01-01,2024-12-31
5889257,TOBACCO_MPOWER_M3_TOBACCOUSESMOKINGSCHOOL,COUNTRY,IND,SEAR,South-East Asia,YEAR,2024,TOBACCO_INDICATOR,TOBACCO_INDICATOR_Youth_svy_national,,,,,,,National,,,,,2025-07-24T14:32:31Z,2024,2024-01-01,2024-12-31
5890393,TOBACCO_MPOWER_M3_TOBACCOUSESMOKINGSCHOOL,COUNTRY,AUT,EUR,Europe,YEAR,2024,TOBACCO_INDICATOR,TOBACCO_INDICATOR_Youth_svy_age_range,,,,,,,15-16,,,,,2025-07-24T14:32:31Z,2024,2024-01-01,2024-12-31
5900514,TOBACCO_MPOWER_M3_TOBACCOUSESMOKINGSCHOOL,COUNTRY,SAU,EMR,Eastern Mediterranean,YEAR,2024,TOBACCO_INDICATOR,TOBACCO_INDICATOR_Youth_survey_title,,,,,,,Global Youth Tobacco Survey,,,,,2025-07-24T14:32:31Z,2024,2024-01-01,2024-12-31
5910082,TOBACCO_MPOWER_M3_TOBACCOUSESMOKINGSCHOOL,COUNTRY,CAF,AFR,Africa,YEAR,2024,TOBACCO_INDICATOR,TOBACCO_INDICATOR_Youth_survey_title,,,,,,,Global Youth Tobacco Survey (Bangui),,,,,2025-07-24T14:32:31Z,2024,2024-01-01,2024-12-31
5928892,TOBACCO_MPOWER_M3_TOBACCOUSESMOKINGSCHOOL,COUNTRY,AND,EUR,Europe,YEAR,2024,TOBACCO_INDICATOR,TOBACCO_INDICATOR_Youth_svy_national,,,,,,,. . .,,,,,2025-07-24T14:32:31Z,2024,2024-01-01,2024-12-31
5942906,TOBACCO_MPOWER_M3_TOBACCOUSESMOKINGSCHOOL,COUNTRY,NZL,WPR,Western Pacific,YEAR,2024,TOBACCO_INDICATOR,TOBACCO_INDICATOR_Youth_survey_title,,,,,,,ASH Year 10 Survey,,,,,2025-07-24T14:32:31Z,2024,2024-01-01,2024-12-31
5953570,TOBACCO_MPOWER_M3_TOBACCOUSESMOKINGSCHOOL,COUNTRY,BFA,AFR,Africa,YEAR,2024,TOBACCO_INDICATOR,TOBACCO_INDICATOR_Youth_svy_age_range,,,,,,,13-15,,,,,2025-07-24T14:32:31Z,2024,2024-01-01,2024-12-31
5978743,TOBACCO_MPOWER_M3_TOBACCOUSESMOKINGSCHOOL,COUNTRY,MRT,AFR,Africa,YEAR,2024,TOBACCO_INDICATOR,TOBACCO_INDICATOR_Youth_svy_age_range,,,,,,,13-15,,,,,2025-07-24T14:32:31Z,2024,2024-01-01,2024-12-31
5981136,TOBACCO_MPOWER_M3_TOBACCOUSESMOKINGSCHOOL,COUNTRY,THA,SEAR,South-East Asia,YEAR,2024,TOBACCO_INDICATOR,TOBACCO_INDICATOR_Youth_svy_yr,,,,,,,2022,2022,,,,2025-07-24T14:32:31Z,2024,2024-01-01,2024-12-31
5991606,TOBACCO_MPOWER_M3_TOBACCOUSESMOKINGSCHOOL,COUNTRY,DMA,AMR,Americas,YEAR,2024,TOBACCO_INDICATOR,TOBACCO_INDICATOR_Youth_svy_yr,,,,,,,2009,2009,,,,2025-07-24T14:32:31Z,2024,2024-01-01,2024-12-31
5994875,TOBACCO_MPOWER_M3_TOBACCOUSESMOKINGSCHOOL,COUNTRY,BRB,AMR,Americas,YEAR,2024,TOBACCO_INDICATOR,TOBACCO_INDICATOR_Youth_svy_yr,,,,,,,2013,2013,,,,2025-07-24T14:32:31Z,2024,2024-01-01,2024-12-31
5994945,TOBACCO_MPOWER_M3_TOBACCOUSESMOKINGSCHOOL,COUNTRY,BHS,AMR,Americas,YEAR,2024,TOBACCO_INDICATOR,TOBACCO_INDICATOR_Youth_svy_age_range,,,,,,,13-15,,,,,2025-07-24T14:32:31Z,2024,2024-01-01,2024-12-31
6000908,TOBACCO_MPOWER_M3_TOBACCOUSESMOKINGSCHOOL,COUNTRY,LKA,SEAR,South-East Asia,YEAR,2024,TOBACCO_INDICATOR,TOBACCO_INDICATOR_Youth_svy_age_range,,,,,,,13-15,,,,,2025-07-24T14:32:31Z,2024,2024-01-01,2024-12-31
6003770,TOBACCO_MPOWER_M3_TOBACCOUSESMOKINGSCHOOL,COUNTRY,GRD,AMR,Americas,YEAR,2024,TOBACCO_INDICATOR,TOBACCO_INDICATOR_Youth_svy_national,,,,,,,National,,,,,2025-07-24T14:32:31Z,2024,2024-01-01,2024-12-31
6010072,TOBACCO_MPOWER_M3_TOBACCOUSESMOKINGSCHOOL,COUNTRY,IRL,EUR,Europe,YEAR,2024,TOBACCO_INDICATOR,TOBACCO_INDICATOR_Youth_svy_national,,,,,,,National,,,,,2025-07-24T14:32:31Z,2024,2024-01-01,2024-12-31
6013686,TOBACCO_MPOWER_M3_TOBACCOUSESMOKINGSCHOOL,COUNTRY,TUV,WPR,Western Pacific,YEAR,2024,TOBACCO_INDICATOR,TOBACCO_INDICATOR_Youth_svy_yr,,,,,,,2018,2018,,,,2025-07-24T14:32:31Z,2024,2024-01-01,2024-12-31
6015072,TOBACCO_MPOWER_M3_TOBACCOUSESMOKINGSCHOOL,COUNTRY,NRU,WPR,Western Pacific,YEAR,2024,TOBACCO_INDICATOR,TOBACCO_INDICATOR_Youth_svy_age_range,,,,,,,13-15,,,,,2025-07-24T14:32:31Z,2024,2024-01-01,2024-12-31
6024515,TOBACCO_MPOWER_M3_TOBACCOUSESMOKINGSCHOOL,COUNTRY,KEN,AFR,Africa,YEAR,2024,TOBACCO_INDICATOR,TOBACCO_INDICATOR_Youth_survey_title,,,,,,,Global Youth Tobacco Survey,,,,,2025-07-24T14:32:31Z,2024,2024-01-01,2024-12-31
6026817,TOBACCO_MPOWER_M3_TOBACCOUSESMOKINGSCHOOL,COUNTRY,TZA,AFR,Africa,YEAR,2024,TOBACCO_INDICATOR,TOBACCO_INDICATOR_Youth_svy_yr,,,,,,,2016,2016,,,,2025-07-24T14:32:31Z,2024,2024-01-01,2024-12-31
6043086,TOBACCO_MPOWER_M3_TOBACCOUSESMOKINGSCHOOL,COUNTRY,SUR,AMR,Americas,YEAR,2024,TOBACCO_INDICATOR,TOBACCO_INDICATOR_Youth_survey_title,,,,,,,Global Youth Tobacco Survey,,,,,2025-07-24T14:32:31Z,2024,2024-01-01,2024-12-31
6060934,TOBACCO_MPOWER_M3_TOBACCOUSESMOKINGSCHOOL,COUNTRY,GNB,AFR,Africa,YEAR,2024,TOBACCO_INDICATOR,TOBACCO_INDICATOR_Youth_survey_title,,,,,,,Global Youth Tobacco Survey (Bissau),,,,,2025-07-24T14:32:31Z,2024,2024-01-01,2024-12-31
6065215,TOBACCO_MPOWER_M3_TOBACCOUSESMOKINGSCHOOL,COUNTRY,VNM,WPR,Western Pacific,YEAR,2024,TOBACCO_INDICATOR,TOBACCO_INDICATOR_Youth_svy_national,,,,,,,National,,,,,2025-07-24T14:32:31Z,2024,2024-01-01,2024-12-31
6083601,TOBACCO_MPOWER_M3_TOBACCOUSESMOKINGSCHOOL,COUNTRY,MDV,SEAR,South-East Asia,YEAR,2024,TOBACCO_INDICATOR,TOBACCO_INDICATOR_Youth_survey_title,,,,,,,Global Youth Tobacco Survey,,,,,2025-07-24T14:32:31Z,2024,2024-01-01,2024-12-31
6083992,TOBACCO_MPOWER_M3_TOBACCOUSESMOKINGSCHOOL,COUNTRY,FJI,WPR,Western Pacific,YEAR,2024,TOBACCO_INDICATOR,TOBACCO_INDICATOR_Youth_svy_yr,,,,,,,2016,2016,,,,2025-07-24T14:32:31Z,2024,2024-01-01,2024-12-31
6086200,TOBACCO_MPOWER_M3_TOBACCOUSESMOKINGSCHOOL,COUNTRY,SWZ,AFR,Africa,YEAR,2024,TOBACCO_INDICATOR,TOBACCO_INDICATOR_Youth_svy_national,,,,,,,National,,,,,2025-07-24T14:32:31Z,2024,2024-01-01,2024-12-31
6106953,TOBACCO_MPOWER_M3_TOBACCOUSESMOKINGSCHOOL,COUNTRY,IDN,WPR,Western Pacific,YEAR,2024,TOBACCO_INDICATOR,TOBACCO_INDICATOR_Youth_svy_yr,,,,,,,2023,2023,,,,2025-07-24T14:32:31Z,2024,2024-01-01,2024-12-31
6108725,TOBACCO_MPOWER_M3_TOBACCOUSESMOKINGSCHOOL,COUNTRY,ARG,AMR,Americas,YEAR,2024,TOBACCO_INDICATOR,TOBACCO_INDICATOR_Youth_svy_yr,,,,,,,2018,2018,,,,2025-07-24T14:32:31Z,2024,2024-01-01,2024-12-31
6110290,TOBACCO_MPOWER_M3_TOBACCOUSESMOKINGSCHOOL,COUNTRY,KWT,EMR,Eastern Mediterranean,YEAR,2024,TOBACCO_INDICATOR,TOBACCO_INDICATOR_Youth_svy_age_range,,,,,,,13-15,,,,,2025-07-24T14:32:31Z,2024,2024-01-01,2024-12-31
6153304,TOBACCO_MPOWER_M3_TOBACCOUSESMOKINGSCHOOL,COUNTRY,NIU,WPR,Western Pacific,YEAR,2024,TOBACCO_INDICATOR,TOBACCO_INDICATOR_Youth_survey_title,,,,,,,Global Youth Tobacco Survey,,,,,2025-07-24T14:32:31Z,2024,2024-01-01,2024-12-31
6186750,TOBACCO_MPOWER_M3_TOBACCOUSESMOKINGSCHOOL,COUNTRY,BGR,EUR,Europe,YEAR,2024,TOBACCO_INDICATOR,TOBACCO_INDICATOR_Youth_svy_yr,,,,,,,2023,2023,,,,2025-07-24T14:32:31Z,2024,2024-01-01,2024-12-31
6192232,TOBACCO_MPOWER_M3_TOBACCOUSESMOKINGSCHOOL,COUNTRY,CZE,EUR,Europe,YEAR,2024,TOBACCO_INDICATOR,TOBACCO_INDICATOR_Youth_svy_yr,,,,,,,2022,2022,,,,2025-07-24T14:32:31Z,2024,2024-01-01,2024-12-31
6196891,TOBACCO_MPOWER_M3_TOBACCOUSESMOKINGSCHOOL,COUNTRY,CHE,EUR,Europe,YEAR,2024,TOBACCO_INDICATOR,TOBACCO_INDICATOR_Youth_svy_age_range,,,,,,,15-15,,,,,2025-07-24T14:32:31Z,2024,2024-01-01,2024-12-31
6214173,TOBACCO_MPOWER_M3_TOBACCOUSESMOKINGSCHOOL,COUNTRY,CHE,EUR,Europe,YEAR,2024,TOBACCO_INDICATOR,TOBACCO_INDICATOR_Youth_svy_yr,,,,,,,2022,2022,,,,2025-07-24T14:32:31Z,2024,2024-01-01,2024-12-31
6221823,TOBACCO_MPOWER_M3_TOBACCOUSESMOKINGSCHOOL,COUNTRY,SRB,EUR,Europe,YEAR,2024,TOBACCO_INDICATOR,TOBACCO_INDICATOR_Youth_svy_age_range,,,,,,,15-15,,,,,2025-07-24T14:32:31Z,2024,2024-01-01,2024-12-31
6221983,TOBACCO_MPOWER_M3_TOBACCOUSESMOKINGSCHOOL,COUNTRY,NER,AFR,Africa,YEAR,2024,TOBACCO_INDICATOR,TOBACCO_INDICATOR_Youth_survey_title,,,,,,,Global Youth Tobacco Survey,,,,,2025-07-24T14:32:31Z,2024,2024-01-01,2024-12-31
6225141,TOBACCO_MPOWER_M3_TOBACCOUSESMOKINGSCHOOL,COUNTRY,GTM,AMR,Americas,YEAR,2024,TOBACCO_INDICATOR,TOBACCO_INDICATOR_Youth_svy_age_range,,,,,,,13-15,,,,,2025-07-24T14:32:31Z,2024,2024-01-01,2024-12-31
6225610,TOBACCO_MPOWER_M3_TOBACCOUSESMOKINGSCHOOL,COUNTRY,SLE,AFR,Africa,YEAR,2024,TOBACCO_INDICATOR,TOBACCO_INDICATOR_Youth_svy_yr,,,,,,,2017,2017,,,,2025-07-24T14:32:31Z,2024,2024-01-01,2024-12-31
6226825,TOBACCO_MPOWER_M3_TOBACCOUSESMOKINGSCHOOL,COUNTRY,JOR,EMR,Eastern Mediterranean,YEAR,2024,TOBACCO_INDICATOR,TOBACCO_INDICATOR_Youth_svy_age_range,,,,,,,13-15,,,,,2025-07-24T14:32:31Z,2024,2024-01-01,2024-12-31
6229024,TOBACCO_MPOWER_M3_TOBACCOUSESMOKINGSCHOOL,COUNTRY,SMR,EUR,Europe,YEAR,2024,TOBACCO_INDICATOR,TOBACCO_INDICATOR_Youth_svy_yr,,,,,,,2022,2022,,,,2025-07-24T14:32:31Z,2024,2024-01-01,2024-12-31
6235076,TOBACCO_MPOWER_M3_TOBACCOUSESMOKINGSCHOOL,COUNTRY,KHM,WPR,Western Pacific,YEAR,2024,TOBACCO_INDICATOR,TOBACCO_INDICATOR_Youth_survey_title,,,,,,,Global Youth Tobacco Survey,,,,,2025-07-24T14:32:31Z,2024,2024-01-01,2024-12-31
6235119,TOBACCO_MPOWER_M3_TOBACCOUSESMOKINGSCHOOL,COUNTRY,SVN,EUR,Europe,YEAR,2024,TOBACCO_INDICATOR,TOBACCO_INDICATOR_Youth_survey_title,,,,,,,Health Behaviour in School-aged Children,,,,,2025-07-24T14:32:31Z,2024,2024-01-01,2024-12-31
6248553,TOBACCO_MPOWER_M3_TOBACCOUSESMOKINGSCHOOL,COUNTRY,BLR,EUR,Europe,YEAR,2024,TOBACCO_INDICATOR,TOBACCO_INDICATOR_Youth_survey_title,,,,,,,Global Youth Tobacco Survey,,,,,2025-07-24T14:32:31Z,2024,2024-01-01,2024-12-31
6252803,TOBACCO_MPOWER_M3_TOBACCOUSESMOKINGSCHOOL,COUNTRY,CIV,AFR,Africa,YEAR,2024,TOBACCO_INDICATOR,TOBACCO_INDICATOR_Youth_svy_yr,,,,,,,2023,2023,,,,2025-07-24T14:32:31Z,2024,2024-01-01,2024-12-31
6257937,TOBACCO_MPOWER_M3_TOBACCOUSESMOKINGSCHOOL,COUNTRY,PRY,AMR,Americas,YEAR,2024,TOBACCO_INDICATOR,TOBACCO_INDICATOR_Youth_survey_title,,,,,,,Global Youth Tobacco Survey,,,,,2025-07-24T14:32:31Z,2024,2024-01-01,2024-12-31
6258069,TOBACCO_MPOWER_M3_TOBACCOUSESMOKINGSCHOOL,COUNTRY,ARM,EUR,Europe,YEAR,2024,TOBACCO_INDICATOR,TOBACCO_INDICATOR_Youth_svy_age_range,,,,,,,15-15,,,,,2025-07-24T14:32:31Z,2024,2024-01-01,2024-12-31
6271781,TOBACCO_MPOWER_M3_TOBACCOUSESMOKINGSCHOOL,COUNTRY,IRL,EUR,Europe,YEAR,2024,TOBACCO_INDICATOR,TOBACCO_INDICATOR_Youth_svy_age_range,,,,,,,15-15,,,,,2025-07-24T14:32:31Z,2024,2024-01-01,2024-12-31
6286292,TOBACCO_MPOWER_M3_TOBACCOUSESMOKINGSCHOOL,COUNTRY,DZA,AFR,Africa,YEAR,2024,TOBACCO_INDICATOR,TOBACCO_INDICATOR_Youth_survey_title,,,,,,,Global Youth Tobacco Survey,,,,,2025-07-24T14:32:31Z,2024,2024-01-01,2024-12-31
6296098,TOBACCO_MPOWER_M3_TOBACCOUSESMOKINGSCHOOL,COUNTRY,MDG,AFR,Africa,YEAR,2024,TOBACCO_INDICATOR,TOBACCO_INDICATOR_Youth_svy_yr,,,,,,,2018,2018,,,,2025-07-24T14:32:31Z,2024,2024-01-01,2024-12-31
6356821,TOBACCO_MPOWER_M3_TOBACCOUSESMOKINGSCHOOL,COUNTRY,URY,AMR,Americas,YEAR,2024,TOBACCO_INDICATOR,TOBACCO_INDICATOR_Youth_svy_national,,,,,,,National,,,,,2025-07-24T14:32:31Z,2024,2024-01-01,2024-12-31
6359482,TOBACCO_MPOWER_M3_TOBACCOUSESMOKINGSCHOOL,COUNTRY,NLD,EUR,Europe,YEAR,2024,TOBACCO_INDICATOR,TOBACCO_INDICATOR_Youth_svy_age_range,,,,,,,15-15,,,,,2025-07-24T14:32:31Z,2024,2024-01-01,2024-12-31
6359874,TOBACCO_MPOWER_M3_TOBACCOUSESMOKINGSCHOOL,COUNTRY,COM,AFR,Africa,YEAR,2024,TOBACCO_INDICATOR,TOBACCO_INDICATOR_Youth_svy_age_range,,,,,,,13-15,,,,,2025-07-24T14:32:31Z,2024,2024-01-01,2024-12-31
6367761,TOBACCO_MPOWER_M3_TOBACCOUSESMOKINGSCHOOL,COUNTRY,PRT,EUR,Europe,YEAR,2024,TOBACCO_INDICATOR,TOBACCO_INDICATOR_Youth_svy_age_range,,,,,,,15-15,,,,,2025-07-24T14:32:31Z,2024,2024-01-01,2024-12-31
6395694,TOBACCO_MPOWER_M3_TOBACCOUSESMOKINGSCHOOL,COUNTRY,PRK,SEAR,South-East Asia,YEAR,2024,TOBACCO_INDICATOR,TOBACCO_INDICATOR_Youth_svy_age_range,,,,,,,. . .,,,,,2025-07-24T14:32:31Z,2024,2024-01-01,2024-12-31
6395897,TOBACCO_MPOWER_M3_TOBACCOUSESMOKINGSCHOOL,COUNTRY,STP,AFR,Africa,YEAR,2024,TOBACCO_INDICATOR,TOBACCO_INDICATOR_Youth_svy_age_range,,,,,,,13-15,,,,,2025-07-24T14:32:31Z,2024,2024-01-01,2024-12-31
6400961,TOBACCO_MPOWER_M3_TOBACCOUSESMOKINGSCHOOL,COUNTRY,MUS,AFR,Africa,YEAR,2024,TOBACCO_INDICATOR,TOBACCO_INDICATOR_Youth_svy_yr,,,,,,,2017,2017,,,,2025-07-24T14:32:31Z,2024,2024-01-01,2024-12-31
6406479,TOBACCO_MPOWER_M3_TOBACCOUSESMOKINGSCHOOL,COUNTRY,ITA,EUR,Europe,YEAR,2024,TOBACCO_INDICATOR,TOBACCO_INDICATOR_Youth_svy_national,,,,,,,National,,,,,2025-07-24T14:32:31Z,2024,2024-01-01,2024-12-31
6418038,TOBACCO_MPOWER_M3_TOBACCOUSESMOKINGSCHOOL,COUNTRY,PLW,WPR,Western Pacific,YEAR,2024,TOBACCO_INDICATOR,TOBACCO_INDICATOR_Youth_svy_age_range,,,,,,,13-15,,,,,2025-07-24T14:32:31Z,2024,2024-01-01,2024-12-31
6423355,TOBACCO_MPOWER_M3_TOBACCOUSESMOKINGSCHOOL,COUNTRY,NOR,EUR,Europe,YEAR,2024,TOBACCO_INDICATOR,TOBACCO_INDICATOR_Youth_svy_national,,,,,,,National,,,,,2025-07-24T14:32:31Z,2024,2024-01-01,2024-12-31
6429861,TOBACCO_MPOWER_M3_TOBACCOUSESMOKINGSCHOOL,COUNTRY,CHL,AMR,Americas,YEAR,2024,TOBACCO_INDICATOR,TOBACCO_INDICATOR_Youth_svy_age_range,,,,,,,13-17,,,,,2025-07-24T14:32:31Z,2024,2024-01-01,2024-12-31
6502554,TOBACCO_MPOWER_M3_TOBACCOUSESMOKINGSCHOOL,COUNTRY,BRN,WPR,Western Pacific,YEAR,2024,TOBACCO_INDICATOR,TOBACCO_INDICATOR_Youth_svy_yr,,,,,,,2019,2019,,,,2025-07-24T14:32:31Z,2024,2024-01-01,2024-12-31
6554599,TOBACCO_MPOWER_M3_TOBACCOUSESMOKINGSCHOOL,COUNTRY,CHL,AMR,Americas,YEAR,2024,TOBACCO_INDICATOR,TOBACCO_INDICATOR_Youth_svy_national,,,,,,,National,,,,,2025-07-24T14:32:31Z,2024,2024-01-01,2024-12-31
6555938,TOBACCO_MPOWER_M3_TOBACCOUSESMOKINGSCHOOL,COUNTRY,KGZ,EUR,Europe,YEAR,2024,TOBACCO_INDICATOR,TOBACCO_INDICATOR_Youth_svy_yr,,,,,,,2021-22,,,,,2025-07-24T14:32:31Z,2024,2024-01-01,2024-12-31
6559341,TOBACCO_MPOWER_M3_TOBACCOUSESMOKINGSCHOOL,COUNTRY,LVA,EUR,Europe,YEAR,2024,TOBACCO_INDICATOR,TOBACCO_INDICATOR_Youth_svy_yr,,,,,,,2021-22,,,,,2025-07-24T14:32:31Z,2024,2024-01-01,2024-12-31
6567391,TOBACCO_MPOWER_M3_TOBACCOUSESMOKINGSCHOOL,COUNTRY,ALB,EUR,Europe,YEAR,2024,TOBACCO_INDICATOR,TOBACCO_INDICATOR_Youth_survey_title,,,,,,,Health Behaviour in School-aged Children,,,,,2025-07-24T14:32:31Z,2024,2024-01-01,2024-12-31
6598175,TOBACCO_MPOWER_M3_TOBACCOUSESMOKINGSCHOOL,COUNTRY,SYR,EMR,Eastern Mediterranean,YEAR,2024,TOBACCO_INDICATOR,TOBACCO_INDICATOR_Youth_svy_age_range,,,,,,,13-15,,,,,2025-07-24T14:32:31Z,2024,2024-01-01,2024-12-31
6610714,TOBACCO_MPOWER_M3_TOBACCOUSESMOKINGSCHOOL,COUNTRY,UZB,EUR,Europe,YEAR,2024,TOBACCO_INDICATOR,TOBACCO_INDICATOR_Youth_svy_yr,,,,,,,2021,2021,,,,2025-07-24T14:32:31Z,2024,2024-01-01,2024-12-31
6612405,TOBACCO_MPOWER_M3_TOBACCOUSESMOKINGSCHOOL,COUNTRY,GHA,AFR,Africa,YEAR,2024,TOBACCO_INDICATOR,TOBACCO_INDICATOR_Youth_svy_yr,,,,,,,2017,2017,,,,2025-07-24T14:32:31Z,2024,2024-01-01,2024-12-31
6612537,TOBACCO_MPOWER_M3_TOBACCOUSESMOKINGSCHOOL,COUNTRY,EST,EUR,Europe,YEAR,2024,TOBACCO_INDICATOR,TOBACCO_INDICATOR_Youth_svy_age_range,,,,,,,15-15,,,,,2025-07-24T14:32:31Z,2024,2024-01-01,2024-12-31
6624242,TOBACCO_MPOWER_M3_TOBACCOUSESMOKINGSCHOOL,COUNTRY,OMN,EMR,Eastern Mediterranean,YEAR,2024,TOBACCO_INDICATOR,TOBACCO_INDICATOR_Youth_svy_national,,,,,,,National,,,,,2025-07-24T14:32:31Z,2024,2024-01-01,2024-12-31
6639585,TOBACCO_MPOWER_M3_TOBACCOUSESMOKINGSCHOOL,COUNTRY,UGA,AFR,Africa,YEAR,2024,TOBACCO_INDICATOR,TOBACCO_INDICATOR_Youth_svy_national,,,,,,,National,,,,,2025-07-24T14:32:31Z,2024,2024-01-01,2024-12-31
6687824,TOBACCO_MPOWER_M3_TOBACCOUSESMOKINGSCHOOL,COUNTRY,MYS,WPR,Western Pacific,YEAR,2024,TOBACCO_INDICATOR,TOBACCO_INDICATOR_Youth_svy_national,,,,,,,National,,,,,2025-07-24T14:32:31Z,2024,2024-01-01,2024-12-31
6690345,TOBACCO_MPOWER_M3_TOBACCOUSESMOKINGSCHOOL,COUNTRY,CHN,WPR,Western Pacific,YEAR,2024,TOBACCO_INDICATOR,TOBACCO_INDICATOR_Youth_svy_age_range,,,,,,,Junior-High,,,,,2025-07-24T14:32:31Z,2024,2024-01-01,2024-12-31
6695417,TOBACCO_MPOWER_M3_TOBACCOUSESMOKINGSCHOOL,COUNTRY,BEN,AFR,Africa,YEAR,2024,TOBACCO_INDICATOR,TOBACCO_INDICATOR_Youth_svy_yr,,,,,,,2016,2016,,,,2025-07-24T14:32:31Z,2024,2024-01-01,2024-12-31
6733553,TOBACCO_MPOWER_M3_TOBACCOUSESMOKINGSCHOOL,COUNTRY,NAM,AFR,Africa,YEAR,2024,TOBACCO_INDICATOR,TOBACCO_INDICATOR_Youth_svy_national,,,,,,,National,,,,,2025-07-24T14:32:31Z,2024,2024-01-01,2024-12-31
6748101,TOBACCO_MPOWER_M3_TOBACCOUSESMOKINGSCHOOL,COUNTRY,TCD,AFR,Africa,YEAR,2024,TOBACCO_INDICATOR,TOBACCO_INDICATOR_Youth_svy_yr,,,,,,,2019,2019,,,,2025-07-24T14:32:31Z,2024,2024-01-01,2024-12-31
6755491,TOBACCO_MPOWER_M3_TOBACCOUSESMOKINGSCHOOL,COUNTRY,TUR,EUR,Europe,YEAR,2024,TOBACCO_INDICATOR,TOBACCO_INDICATOR_Youth_survey_title,,,,,,,Global Youth Tobacco Survey,,,,,2025-07-24T14:32:31Z,2024,2024-01-01,2024-12-31
6764275,TOBACCO_MPOWER_M3_TOBACCOUSESMOKINGSCHOOL,COUNTRY,CYP,EUR,Europe,YEAR,2024,TOBACCO_INDICATOR,TOBACCO_INDICATOR_Youth_svy_age_range,,,,,,,15-15,,,,,2025-07-24T14:32:31Z,2024,2024-01-01,2024-12-31
6789482,TOBACCO_MPOWER_M3_TOBACCOUSESMOKINGSCHOOL,COUNTRY,HUN,EUR,Europe,YEAR,2024,TOBACCO_INDICATOR,TOBACCO_INDICATOR_Youth_svy_yr,,,,,,,2021-22,,,,,2025-07-24T14:32:31Z,2024,2024-01-01,2024-12-31
6790077,TOBACCO_MPOWER_M3_TOBACCOUSESMOKINGSCHOOL,COUNTRY,COD,AFR,Africa,YEAR,2024,TOBACCO_INDICATOR,TOBACCO_INDICATOR_Youth_svy_national,,,,,,,Subnational,,,,,2025-07-24T14:32:31Z,2024,2024-01-01,2024-12-31
6807767,TOBACCO_MPOWER_M3_TOBACCOUSESMOKINGSCHOOL,COUNTRY,GRD,AMR,Americas,YEAR,2024,TOBACCO_INDICATOR,TOBACCO_INDICATOR_Youth_svy_yr,,,,,,,2016,2016,,,,2025-07-24T14:32:31Z,2024,2024-01-01,2024-12-31
6812924,TOBACCO_MPOWER_M3_TOBACCOUSESMOKINGSCHOOL,COUNTRY,SRB,EUR,Europe,YEAR,2024,TOBACCO_INDICATOR,TOBACCO_INDICATOR_Youth_svy_yr,,,,,,,2021-22,,,,,2025-07-24T14:32:31Z,2024,2024-01-01,2024-12-31
6816001,TOBACCO_MPOWER_M3_TOBACCOUSESMOKINGSCHOOL,COUNTRY,MDG,AFR,Africa,YEAR,2024,TOBACCO_INDICATOR,TOBACCO_INDICATOR_Youth_svy_age_range,,,,,,,13-15,,,,,2025-07-24T14:32:31Z,2024,2024-01-01,2024-12-31
6817129,TOBACCO_MPOWER_M3_TOBACCOUSESMOKINGSCHOOL,COUNTRY,TCD,AFR,Africa,YEAR,2024,TOBACCO_INDICATOR,TOBACCO_INDICATOR_Youth_survey_title,,,,,,,Global Youth Tobacco Survey,,,,,2025-07-24T14:32:31Z,2024,2024-01-01,2024-12-31
6822550,TOBACCO_MPOWER_M3_TOBACCOUSESMOKINGSCHOOL,COUNTRY,ARE,EMR,Eastern Mediterranean,YEAR,2024,TOBACCO_INDICATOR,TOBACCO_INDICATOR_Youth_svy_yr,,,,,,,2016,2016,,,,2025-07-24T14:32:31Z,2024,2024-01-01,2024-12-31
6824664,TOBACCO_MPOWER_M3_TOBACCOUSESMOKINGSCHOOL,COUNTRY,CMR,AFR,Africa,YEAR,2024,TOBACCO_INDICATOR,TOBACCO_INDICATOR_Youth_svy_national,,,,,,,National,,,,,2025-07-24T14:32:31Z,2024,2024-01-01,2024-12-31
6826617,TOBACCO_MPOWER_M3_TOBACCOUSESMOKINGSCHOOL,COUNTRY,LKA,SEAR,South-East Asia,YEAR,2024,TOBACCO_INDICATOR,TOBACCO_INDICATOR_Youth_svy_national,,,,,,,National,,,,,2025-07-24T14:32:31Z,2024,2024-01-01,2024-12-31
6836080,TOBACCO_MPOWER_M3_TOBACCOUSESMOKINGSCHOOL,COUNTRY,BWA,AFR,Africa,YEAR,2024,TOBACCO_INDICATOR,TOBACCO_INDICATOR_Youth_svy_age_range,,,,,,,13-15,,,,,2025-07-24T14:32:31Z,2024,2024-01-01,2024-12-31
6836354,TOBACCO_MPOWER_M3_TOBACCOUSESMOKINGSCHOOL,COUNTRY,NIU,WPR,Western Pacific,YEAR,2024,TOBACCO_INDICATOR,TOBACCO_INDICATOR_Youth_svy_age_range,,,,,,,13-15,,,,,2025-07-24T14:32:31Z,2024,2024-01-01,2024-12-31
6843274,TOBACCO_MPOWER_M3_TOBACCOUSESMOKINGSCHOOL,COUNTRY,KNA,AMR,Americas,YEAR,2024,TOBACCO_INDICATOR,TOBACCO_INDICATOR_Youth_svy_yr,,,,,,,2024,2024,,,,2025-07-24T14:32:31Z,2024,2024-01-01,2024-12-31
6864925,TOBACCO_MPOWER_M3_TOBACCOUSESMOKINGSCHOOL,COUNTRY,ETH,AFR,Africa,YEAR,2024,TOBACCO_INDICATOR,TOBACCO_INDICATOR_Youth_svy_national,,,,,,,National,,,,,2025-07-24T14:32:31Z,2024,2024-01-01,2024-12-31
6882263,TOBACCO_MPOWER_M3_TOBACCOUSESMOKINGSCHOOL,COUNTRY,BHR,EMR,Eastern Mediterranean,YEAR,2024,TOBACCO_INDICATOR,TOBACCO_INDICATOR_Youth_svy_yr,,,,,,,2016,2016,,,,2025-07-24T14:32:31Z,2024,2024-01-01,2024-12-31
6886211,TOBACCO_MPOWER_M3_TOBACCOUSESMOKINGSCHOOL,COUNTRY,LVA,EUR,Europe,YEAR,2024,TOBACCO_INDICATOR,TOBACCO_INDICATOR_Youth_svy_age_range,,,,,,,15-15,,,,,2025-07-24T14:32:31Z,2024,2024-01-01,2024-12-31
6892560,TOBACCO_MPOWER_M3_TOBACCOUSESMOKINGSCHOOL,COUNTRY,JOR,EMR,Eastern Mediterranean,YEAR,2024,TOBACCO_INDICATOR,TOBACCO_INDICATOR_Youth_svy_national,,,,,,,National,,,,,2025-07-24T14:32:31Z,2024,2024-01-01,2024-12-31
6894329,TOBACCO_MPOWER_M3_TOBACCOUSESMOKINGSCHOOL,COUNTRY,PNG,WPR,Western Pacific,YEAR,2024,TOBACCO_INDICATOR,TOBACCO_INDICATOR_Youth_survey_title,,,,,,,Global Youth Tobacco Survey,,,,,2025-07-24T14:32:31Z,2024,2024-01-01,2024-12-31
6907795,TOBACCO_MPOWER_M3_TOBACCOUSESMOKINGSCHOOL,COUNTRY,JOR,EMR,Eastern Mediterranean,YEAR,2024,TOBACCO_INDICATOR,TOBACCO_INDICATOR_Youth_survey_title,,,,,,,Global Youth Tobacco Survey,,,,,2025-07-24T14:32:31Z,2024,2024-01-01,2024-12-31
6911003,TOBACCO_MPOWER_M3_TOBACCOUSESMOKINGSCHOOL,COUNTRY,MNG,WPR,Western Pacific,YEAR,2024,TOBACCO_INDICATOR,TOBACCO_INDICATOR_Youth_svy_age_range,,,,,,,13-17,,,,,2025-07-24T14:32:31Z,2024,2024-01-01,2024-12-31
6963307,TOBACCO_MPOWER_M3_TOBACCOUSESMOKINGSCHOOL,COUNTRY,BTN,SEAR,South-East Asia,YEAR,2024,TOBACCO_INDICATOR,TOBACCO_INDICATOR_Youth_svy_age_range,,,,,,,13-15,,,,,2025-07-24T14:32:31Z,2024,2024-01-01,2024-12-31
6972081,TOBACCO_MPOWER_M3_TOBACCOUSESMOKINGSCHOOL,COUNTRY,PNG,WPR,Western Pacific,YEAR,2024,TOBACCO_INDICATOR,TOBACCO_INDICATOR_Youth_svy_yr,,,,,,,2016,2016,,,,2025-07-24T14:32:31Z,2024,2024-01-01,2024-12-31
6976736,TOBACCO_MPOWER_M3_TOBACCOUSESMOKINGSCHOOL,COUNTRY,SEN,AFR,Africa,YEAR,2024,TOBACCO_INDICATOR,TOBACCO_INDICATOR_Youth_svy_national,,,,,,,National,,,,,2025-07-24T14:32:31Z,2024,2024-01-01,2024-12-31
6985813,TOBACCO_MPOWER_M3_TOBACCOUSESMOKINGSCHOOL,COUNTRY,GEO,EUR,Europe,YEAR,2024,TOBACCO_INDICATOR,TOBACCO_INDICATOR_Youth_svy_yr,,,,,,,2023,2023,,,,2025-07-24T14:32:31Z,2024,2024-01-01,2024-12-31
6994632,TOBACCO_MPOWER_M3_TOBACCOUSESMOKINGSCHOOL,COUNTRY,YEM,EMR,Eastern Mediterranean,YEAR,2024,TOBACCO_INDICATOR,TOBACCO_INDICATOR_Youth_svy_yr,,,,,,,2014,2014,,,,2025-07-24T14:32:31Z,2024,2024-01-01,2024-12-31
6998983,TOBACCO_MPOWER_M3_TOBACCOUSESMOKINGSCHOOL,COUNTRY,KGZ,EUR,Europe,YEAR,2024,TOBACCO_INDICATOR,TOBACCO_INDICATOR_Youth_svy_national,,,,,,,National,,,,,2025-07-24T14:32:31Z,2024,2024-01-01,2024-12-31
7037612,TOBACCO_MPOWER_M3_TOBACCOUSESMOKINGSCHOOL,COUNTRY,MMR,SEAR,South-East Asia,YEAR,2024,TOBACCO_INDICATOR,TOBACCO_INDICATOR_Youth_svy_yr,,,,,,,2016,2016,,,,2025-07-24T14:32:31Z,2024,2024-01-01,2024-12-31
7054763,TOBACCO_MPOWER_M3_TOBACCOUSESMOKINGSCHOOL,COUNTRY,BTN,SEAR,South-East Asia,YEAR,2024,TOBACCO_INDICATOR,TOBACCO_INDICATOR_Youth_svy_national,,,,,,,National,,,,,2025-07-24T14:32:31Z,2024,2024-01-01,2024-12-31
7056536,TOBACCO_MPOWER_M3_TOBACCOUSESMOKINGSCHOOL,COUNTRY,NPL,SEAR,South-East Asia,YEAR,2024,TOBACCO_INDICATOR,TOBACCO_INDICATOR_Youth_survey_title,,,,,,,Global School-Based Student Health Survey,,,,,2025-07-24T14:32:31Z,2024,2024-01-01,2024-12-31
7057529,TOBACCO_MPOWER_M3_TOBACCOUSESMOKINGSCHOOL,COUNTRY,RUS,EUR,Europe,YEAR,2024,TOBACCO_INDICATOR,TOBACCO_INDICATOR_Youth_survey_title,,,,,,,Global Youth Tobacco Survey,,,,,2025-07-24T14:32:31Z,2024,2024-01-01,2024-12-31
7077147,TOBACCO_MPOWER_M3_TOBACCOUSESMOKINGSCHOOL,COUNTRY,NOR,EUR,Europe,YEAR,2024,TOBACCO_INDICATOR,TOBACCO_INDICATOR_Youth_survey_title,,,,,,,Ungdata,,,,,2025-07-24T14:32:31Z,2024,2024-01-01,2024-12-31
7077988,TOBACCO_MPOWER_M3_TOBACCOUSESMOKINGSCHOOL,COUNTRY,BFA,AFR,Africa,YEAR,2024,TOBACCO_INDICATOR,TOBACCO_INDICATOR_Youth_svy_yr,,,,,,,2009,2009,,,,2025-07-24T14:32:31Z,2024,2024-01-01,2024-12-31
7079241,TOBACCO_MPOWER_M3_TOBACCOUSESMOKINGSCHOOL,COUNTRY,TUV,WPR,Western Pacific,YEAR,2024,TOBACCO_INDICATOR,TOBACCO_INDICATOR_Youth_survey_title,,,,,,,Global Youth Tobacco Survey,,,,,2025-07-24T14:32:31Z,2024,2024-01-01,2024-12-31
7100237,TOBACCO_MPOWER_M3_TOBACCOUSESMOKINGSCHOOL,COUNTRY,DJI,EMR,Eastern Mediterranean,YEAR,2024,TOBACCO_INDICATOR,TOBACCO_INDICATOR_Youth_svy_yr,,,,,,,2013,2013,,,,2025-07-24T14:32:31Z,2024,2024-01-01,2024-12-31
7111091,TOBACCO_MPOWER_M3_TOBACCOUSESMOKINGSCHOOL,COUNTRY,POL,EUR,Europe,YEAR,2024,TOBACCO_INDICATOR,TOBACCO_INDICATOR_Youth_svy_yr,,,,,,,2022,2022,,,,2025-07-24T14:32:31Z,2024,2024-01-01,2024-12-31
7117700,TOBACCO_MPOWER_M3_TOBACCOUSESMOKINGSCHOOL,COUNTRY,HND,AMR,Americas,YEAR,2024,TOBACCO_INDICATOR,TOBACCO_INDICATOR_Youth_svy_age_range,,,,,,,13-15,,,,,2025-07-24T14:32:31Z,2024,2024-01-01,2024-12-31
7122217,TOBACCO_MPOWER_M3_TOBACCOUSESMOKINGSCHOOL,COUNTRY,MHL,WPR,Western Pacific,YEAR,2024,TOBACCO_INDICATOR,TOBACCO_INDICATOR_Youth_svy_national,,,,,,,National,,,,,2025-07-24T14:32:31Z,2024,2024-01-01,2024-12-31
7141304,TOBACCO_MPOWER_M3_TOBACCOUSESMOKINGSCHOOL,COUNTRY,BIH,EUR,Europe,YEAR,2024,TOBACCO_INDICATOR,TOBACCO_INDICATOR_Youth_survey_title,,,,,,,Global Youth Tobacco Survey (Federation of BH),,,,Combined results for Republika Srpska and Federation of Bosnia and Herzegovina,2025-07-24T14:32:31Z,2024,2024-01-01,2024-12-31
7147942,TOBACCO_MPOWER_M3_TOBACCOUSESMOKINGSCHOOL,COUNTRY,TON,WPR,Western Pacific,YEAR,2024,TOBACCO_INDICATOR,TOBACCO_INDICATOR_Youth_survey_title,,,,,,,Global School-Based Student Health Survey,,,,,2025-07-24T14:32:31Z,2024,2024-01-01,2024-12-31
7148968,TOBACCO_MPOWER_M3_TOBACCOUSESMOKINGSCHOOL,COUNTRY,URY,AMR,Americas,YEAR,2024,TOBACCO_INDICATOR,TOBACCO_INDICATOR_Youth_svy_yr,,,,,,,2019,2019,,,,2025-07-24T14:32:31Z,2024,2024-01-01,2024-12-31
7154528,TOBACCO_MPOWER_M3_TOBACCOUSESMOKINGSCHOOL,COUNTRY,PLW,WPR,Western Pacific,YEAR,2024,TOBACCO_INDICATOR,TOBACCO_INDICATOR_Youth_svy_national,,,,,,,National,,,,,2025-07-24T14:32:31Z,2024,2024-01-01,2024-12-31
7159004,TOBACCO_MPOWER_M3_TOBACCOUSESMOKINGSCHOOL,COUNTRY,TUN,EMR,Eastern Mediterranean,YEAR,2024,TOBACCO_INDICATOR,TOBACCO_INDICATOR_Youth_svy_yr,,,,,,,2017,2017,,,,2025-07-24T14:32:31Z,2024,2024-01-01,2024-12-31
7208569,TOBACCO_MPOWER_M3_TOBACCOUSESMOKINGSCHOOL,COUNTRY,GBR,EUR,Europe,YEAR,2024,TOBACCO_INDICATOR,TOBACCO_INDICATOR_Youth_svy_national,,,,,,,Subnational,,,,"Data representative of England only. Surveys are also carried out in Scotland, Wales and Northern Ireland.",2025-07-24T14:32:31Z,2024,2024-01-01,2024-12-31
7220405,TOBACCO_MPOWER_M3_TOBACCOUSESMOKINGSCHOOL,COUNTRY,EGY,EMR,Eastern Mediterranean,YEAR,2024,TOBACCO_INDICATOR,TOBACCO_INDICATOR_Youth_svy_age_range,,,,,,,13-15,,,,,2025-07-24T14:32:31Z,2024,2024-01-01,2024-12-31
7230652,TOBACCO_MPOWER_M3_TOBACCOUSESMOKINGSCHOOL,COUNTRY,ITA,EUR,Europe,YEAR,2024,TOBACCO_INDICATOR,TOBACCO_INDICATOR_Youth_svy_age_range,,,,,,,13-15,,,,,2025-07-24T14:32:31Z,2024,2024-01-01,2024-12-31
7232592,TOBACCO_MPOWER_M3_TOBACCOUSESMOKINGSCHOOL,COUNTRY,VCT,AMR,Americas,YEAR,2024,TOBACCO_INDICATOR,TOBACCO_INDICATOR_Youth_svy_national,,,,,,,National,,,,,2025-07-24T14:32:31Z,2024,2024-01-01,2024-12-31
7240355,TOBACCO_MPOWER_M3_TOBACCOUSESMOKINGSCHOOL,COUNTRY,HRV,EUR,Europe,YEAR,2024,TOBACCO_INDICATOR,TOBACCO_INDICATOR_Youth_svy_age_range,,,,,,,15-15,,,,,2025-07-24T14:32:31Z,2024,2024-01-01,2024-12-31
7243891,TOBACCO_MPOWER_M3_TOBACCOUSESMOKINGSCHOOL,COUNTRY,BGD,SEAR,South-East Asia,YEAR,2024,TOBACCO_INDICATOR,TOBACCO_INDICATOR_Youth_survey_title,,,,,,,Global School-Based Student Health Survey,,,,,2025-07-24T14:32:31Z,2024,2024-01-01,2024-12-31
7253026,TOBACCO_MPOWER_M3_TOBACCOUSESMOKINGSCHOOL,COUNTRY,ARE,EMR,Eastern Mediterranean,YEAR,2024,TOBACCO_INDICATOR,TOBACCO_INDICATOR_Youth_svy_national,,,,,,,National,,,,,2025-07-24T14:32:31Z,2024,2024-01-01,2024-12-31
7254618,TOBACCO_MPOWER_M3_TOBACCOUSESMOKINGSCHOOL,COUNTRY,LBR,AFR,Africa,YEAR,2024,TOBACCO_INDICATOR,TOBACCO_INDICATOR_Youth_svy_age_range,,,,,,,13-15,,,,,2025-07-24T14:32:31Z,2024,2024-01-01,2024-12-31
7302034,TOBACCO_MPOWER_M3_TOBACCOUSESMOKINGSCHOOL,COUNTRY,FJI,WPR,Western Pacific,YEAR,2024,TOBACCO_INDICATOR,TOBACCO_INDICATOR_Youth_survey_title,,,,,,,Global Youth Tobacco Survey,,,,,2025-07-24T14:32:31Z,2024,2024-01-01,2024-12-31
7302786,TOBACCO_MPOWER_M3_TOBACCOUSESMOKINGSCHOOL,COUNTRY,MUS,AFR,Africa,YEAR,2024,TOBACCO_INDICATOR,TOBACCO_INDICATOR_Youth_survey_title,,,,,,,Global School-Based Student Health Survey,,,,,2025-07-24T14:32:31Z,2024,2024-01-01,2024-12-31
7304938,TOBACCO_MPOWER_M3_TOBACCOUSESMOKINGSCHOOL,COUNTRY,LBR,AFR,Africa,YEAR,2024,TOBACCO_INDICATOR,TOBACCO_INDICATOR_Youth_survey_title,,,,,,,Global School-Based Student Health Survey,,,,,2025-07-24T14:32:31Z,2024,2024-01-01,2024-12-31
7309991,TOBACCO_MPOWER_M3_TOBACCOUSESMOKINGSCHOOL,COUNTRY,SAU,EMR,Eastern Mediterranean,YEAR,2024,TOBACCO_INDICATOR,TOBACCO_INDICATOR_Youth_svy_national,,,,,,,National,,,,,2025-07-24T14:32:31Z,2024,2024-01-01,2024-12-31
7361877,TOBACCO_MPOWER_M3_TOBACCOUSESMOKINGSCHOOL,COUNTRY,GIN,AFR,Africa,YEAR,2024,TOBACCO_INDICATOR,TOBACCO_INDICATOR_Youth_survey_title,,,,,,,Global Youth Tobacco Survey,,,,,2025-07-24T14:32:31Z,2024,2024-01-01,2024-12-31
7362698,TOBACCO_MPOWER_M3_TOBACCOUSESMOKINGSCHOOL,COUNTRY,EGY,EMR,Eastern Mediterranean,YEAR,2024,TOBACCO_INDICATOR,TOBACCO_INDICATOR_Youth_svy_national,,,,,,,National,,,,,2025-07-24T14:32:31Z,2024,2024-01-01,2024-12-31
7365026,TOBACCO_MPOWER_M3_TOBACCOUSESMOKINGSCHOOL,COUNTRY,NLD,EUR,Europe,YEAR,2024,TOBACCO_INDICATOR,TOBACCO_INDICATOR_Youth_survey_title,,,,,,,Health Behaviour in School-aged Children,,,,,2025-07-24T14:32:31Z,2024,2024-01-01,2024-12-31
7370174,TOBACCO_MPOWER_M3_TOBACCOUSESMOKINGSCHOOL,COUNTRY,JAM,AMR,Americas,YEAR,2024,TOBACCO_INDICATOR,TOBACCO_INDICATOR_Youth_svy_yr,,,,,,,2017,2017,,,,2025-07-24T14:32:31Z,2024,2024-01-01,2024-12-31
7375195,TOBACCO_MPOWER_M3_TOBACCOUSESMOKINGSCHOOL,COUNTRY,BDI,AFR,Africa,YEAR,2024,TOBACCO_INDICATOR,TOBACCO_INDICATOR_Youth_svy_yr,,,,,,,2008,2008,,,,2025-07-24T14:32:31Z,2024,2024-01-01,2024-12-31
7380930,TOBACCO_MPOWER_M3_TOBACCOUSESMOKINGSCHOOL,COUNTRY,BIH,EUR,Europe,YEAR,2024,TOBACCO_INDICATOR,TOBACCO_INDICATOR_Youth_svy_yr,,,,,,,2018-19,,,,,2025-07-24T14:32:31Z,2024,2024-01-01,2024-12-31
7382686,TOBACCO_MPOWER_M3_TOBACCOUSESMOKINGSCHOOL,COUNTRY,PNG,WPR,Western Pacific,YEAR,2024,TOBACCO_INDICATOR,TOBACCO_INDICATOR_Youth_svy_age_range,,,,,,,13-15,,,,,2025-07-24T14:32:31Z,2024,2024-01-01,2024-12-31
7394519,TOBACCO_MPOWER_M3_TOBACCOUSESMOKINGSCHOOL,COUNTRY,MDA,EUR,Europe,YEAR,2024,TOBACCO_INDICATOR,TOBACCO_INDICATOR_Youth_svy_national,,,,,,,National,,,,,2025-07-24T14:32:31Z,2024,2024-01-01,2024-12-31
7396712,TOBACCO_MPOWER_M3_TOBACCOUSESMOKINGSCHOOL,COUNTRY,MNE,EUR,Europe,YEAR,2024,TOBACCO_INDICATOR,TOBACCO_INDICATOR_Youth_survey_title,,,,,,,European School Survey Project on Alcohol and Other Drugs,,,,,2025-07-24T14:32:31Z,2024,2024-01-01,2024-12-31
7402743,TOBACCO_MPOWER_M3_TOBACCOUSESMOKINGSCHOOL,COUNTRY,TUN,EMR,Eastern Mediterranean,YEAR,2024,TOBACCO_INDICATOR,TOBACCO_INDICATOR_Youth_svy_national,,,,,,,National,,,,,2025-07-24T14:32:31Z,2024,2024-01-01,2024-12-31
7474021,TOBACCO_MPOWER_M3_TOBACCOUSESMOKINGSCHOOL,COUNTRY,CHE,EUR,Europe,YEAR,2024,TOBACCO_INDICATOR,TOBACCO_INDICATOR_Youth_svy_national,,,,,,,National,,,,,2025-07-24T14:32:31Z,2024,2024-01-01,2024-12-31
7479074,TOBACCO_MPOWER_M3_TOBACCOUSESMOKINGSCHOOL,COUNTRY,SEN,AFR,Africa,YEAR,2024,TOBACCO_INDICATOR,TOBACCO_INDICATOR_Youth_svy_yr,,,,,,,2020,2020,,,,2025-07-24T14:32:31Z,2024,2024-01-01,2024-12-31
7484791,TOBACCO_MPOWER_M3_TOBACCOUSESMOKINGSCHOOL,COUNTRY,GNQ,AFR,Africa,YEAR,2024,TOBACCO_INDICATOR,TOBACCO_INDICATOR_Youth_svy_age_range,,,,,,,13-15,,,,,2025-07-24T14:32:31Z,2024,2024-01-01,2024-12-31
7491581,TOBACCO_MPOWER_M3_TOBACCOUSESMOKINGSCHOOL,COUNTRY,UZB,EUR,Europe,YEAR,2024,TOBACCO_INDICATOR,TOBACCO_INDICATOR_Youth_svy_age_range,,,,,,,13-15,,,,,2025-07-24T14:32:31Z,2024,2024-01-01,2024-12-31
7502416,TOBACCO_MPOWER_M3_TOBACCOUSESMOKINGSCHOOL,COUNTRY,BFA,AFR,Africa,YEAR,2024,TOBACCO_INDICATOR,TOBACCO_INDICATOR_Youth_survey_title,,,,,,,Global Youth Tobacco Survey (Ouagadougou),,,,,2025-07-24T14:32:31Z,2024,2024-01-01,2024-12-31
7526653,TOBACCO_MPOWER_M3_TOBACCOUSESMOKINGSCHOOL,COUNTRY,PLW,WPR,Western Pacific,YEAR,2024,TOBACCO_INDICATOR,TOBACCO_INDICATOR_Youth_survey_title,,,,,,,Global Youth Tobacco Survey,,,,,2025-07-24T14:32:31Z,2024,2024-01-01,2024-12-31
7531441,TOBACCO_MPOWER_M3_TOBACCOUSESMOKINGSCHOOL,COUNTRY,FIN,EUR,Europe,YEAR,2024,TOBACCO_INDICATOR,TOBACCO_INDICATOR_Youth_svy_yr,,,,,,,2023,2023,,,,2025-07-24T14:32:31Z,2024,2024-01-01,2024-12-31
7541826,TOBACCO_MPOWER_M3_TOBACCOUSESMOKINGSCHOOL,COUNTRY,MNE,EUR,Europe,YEAR,2024,TOBACCO_INDICATOR,TOBACCO_INDICATOR_Youth_svy_national,,,,,,,National,,,,,2025-07-24T14:32:31Z,2024,2024-01-01,2024-12-31
7617830,TOBACCO_MPOWER_M3_TOBACCOUSESMOKINGSCHOOL,COUNTRY,KAZ,EUR,Europe,YEAR,2024,TOBACCO_INDICATOR,TOBACCO_INDICATOR_Youth_svy_age_range,,,,,,,15-15,,,,,2025-07-24T14:32:31Z,2024,2024-01-01,2024-12-31
7631214,TOBACCO_MPOWER_M3_TOBACCOUSESMOKINGSCHOOL,COUNTRY,IRN,EMR,Eastern Mediterranean,YEAR,2024,TOBACCO_INDICATOR,TOBACCO_INDICATOR_Youth_svy_yr,,,,,,,2016,2016,,,,2025-07-24T14:32:31Z,2024,2024-01-01,2024-12-31
7636270,TOBACCO_MPOWER_M3_TOBACCOUSESMOKINGSCHOOL,COUNTRY,MMR,SEAR,South-East Asia,YEAR,2024,TOBACCO_INDICATOR,TOBACCO_INDICATOR_Youth_svy_national,,,,,,,National,,,,,2025-07-24T14:32:31Z,2024,2024-01-01,2024-12-31
7647418,TOBACCO_MPOWER_M3_TOBACCOUSESMOKINGSCHOOL,COUNTRY,PAN,AMR,Americas,YEAR,2024,TOBACCO_INDICATOR,TOBACCO_INDICATOR_Youth_svy_national,,,,,,,National,,,,,2025-07-24T14:32:31Z,2024,2024-01-01,2024-12-31
7684188,TOBACCO_MPOWER_M3_TOBACCOUSESMOKINGSCHOOL,COUNTRY,MLT,EUR,Europe,YEAR,2024,TOBACCO_INDICATOR,TOBACCO_INDICATOR_Youth_svy_yr,,,,,,,2021-22,,,,,2025-07-24T14:32:31Z,2024,2024-01-01,2024-12-31
7711701,TOBACCO_MPOWER_M3_TOBACCOUSESMOKINGSCHOOL,COUNTRY,COK,WPR,Western Pacific,YEAR,2024,TOBACCO_INDICATOR,TOBACCO_INDICATOR_Youth_svy_national,,,,,,,National,,,,,2025-07-24T14:32:31Z,2024,2024-01-01,2024-12-31
7715636,TOBACCO_MPOWER_M3_TOBACCOUSESMOKINGSCHOOL,COUNTRY,AUS,WPR,Western Pacific,YEAR,2024,TOBACCO_INDICATOR,TOBACCO_INDICATOR_Youth_svy_national,,,,,,,National,,,,,2025-07-24T14:32:31Z,2024,2024-01-01,2024-12-31
7733201,TOBACCO_MPOWER_M3_TOBACCOUSESMOKINGSCHOOL,COUNTRY,MEX,AMR,Americas,YEAR,2024,TOBACCO_INDICATOR,TOBACCO_INDICATOR_Youth_svy_national,,,,,,,National,,,,,2025-07-24T14:32:31Z,2024,2024-01-01,2024-12-31
7737425,TOBACCO_MPOWER_M3_TOBACCOUSESMOKINGSCHOOL,COUNTRY,ERI,AFR,Africa,YEAR,2024,TOBACCO_INDICATOR,TOBACCO_INDICATOR_Youth_svy_age_range,,,,,,,13-15,,,,,2025-07-24T14:32:31Z,2024,2024-01-01,2024-12-31
7744335,TOBACCO_MPOWER_M3_TOBACCOUSESMOKINGSCHOOL,COUNTRY,GMB,AFR,Africa,YEAR,2024,TOBACCO_INDICATOR,TOBACCO_INDICATOR_Youth_svy_national,,,,,,,National,,,,,2025-07-24T14:32:31Z,2024,2024-01-01,2024-12-31
7750117,TOBACCO_MPOWER_M3_TOBACCOUSESMOKINGSCHOOL,COUNTRY,KEN,AFR,Africa,YEAR,2024,TOBACCO_INDICATOR,TOBACCO_INDICATOR_Youth_svy_age_range,,,,,,,13-15,,,,,2025-07-24T14:32:31Z,2024,2024-01-01,2024-12-31
7765717,TOBACCO_MPOWER_M3_TOBACCOUSESMOKINGSCHOOL,COUNTRY,VEN,AMR,Americas,YEAR,2024,TOBACCO_INDICATOR,TOBACCO_INDICATOR_Youth_svy_national,,,,,,,National,,,,,2025-07-24T14:32:31Z,2024,2024-01-01,2024-12-31
7780919,TOBACCO_MPOWER_M3_TOBACCOUSESMOKINGSCHOOL,COUNTRY,BGR,EUR,Europe,YEAR,2024,TOBACCO_INDICATOR,TOBACCO_INDICATOR_Youth_survey_title,,,,,,,Global Youth Tobacco Survey,,,,,2025-07-24T14:32:31Z,2024,2024-01-01,2024-12-31
7801412,TOBACCO_MPOWER_M3_TOBACCOUSESMOKINGSCHOOL,COUNTRY,BFA,AFR,Africa,YEAR,2024,TOBACCO_INDICATOR,TOBACCO_INDICATOR_Youth_svy_national,,,,,,,Subnational,,,,,2025-07-24T14:32:31Z,2024,2024-01-01,2024-12-31
7811610,TOBACCO_MPOWER_M3_TOBACCOUSESMOKINGSCHOOL,COUNTRY,ROU,EUR,Europe,YEAR,2024,TOBACCO_INDICATOR,TOBACCO_INDICATOR_Youth_survey_title,,,,,,,Health Behaviour in School-aged Children,,,,,2025-07-24T14:32:31Z,2024,2024-01-01,2024-12-31
7820164,TOBACCO_MPOWER_M3_TOBACCOUSESMOKINGSCHOOL,COUNTRY,SLB,WPR,Western Pacific,YEAR,2024,TOBACCO_INDICATOR,TOBACCO_INDICATOR_Youth_svy_age_range,,,,,,,13-15,,,,,2025-07-24T14:32:31Z,2024,2024-01-01,2024-12-31
7822152,TOBACCO_MPOWER_M3_TOBACCOUSESMOKINGSCHOOL,COUNTRY,MCO,EUR,Europe,YEAR,2024,TOBACCO_INDICATOR,TOBACCO_INDICATOR_Youth_svy_yr,,,,,,,2019,2019,,,,2025-07-24T14:32:31Z,2024,2024-01-01,2024-12-31
7832800,TOBACCO_MPOWER_M3_TOBACCOUSESMOKINGSCHOOL,COUNTRY,CYP,EUR,Europe,YEAR,2024,TOBACCO_INDICATOR,TOBACCO_INDICATOR_Youth_survey_title,,,,,,,Health Behaviour in School-aged Children,,,,,2025-07-24T14:32:31Z,2024,2024-01-01,2024-12-31
7836297,TOBACCO_MPOWER_M3_TOBACCOUSESMOKINGSCHOOL,COUNTRY,ESP,EUR,Europe,YEAR,2024,TOBACCO_INDICATOR,TOBACCO_INDICATOR_Youth_survey_title,,,,,,,European School Survey Project on Alcohol and Other Drugs,,,,,2025-07-24T14:32:31Z,2024,2024-01-01,2024-12-31
7846627,TOBACCO_MPOWER_M3_TOBACCOUSESMOKINGSCHOOL,COUNTRY,LUX,EUR,Europe,YEAR,2024,TOBACCO_INDICATOR,TOBACCO_INDICATOR_Youth_survey_title,,,,,,,Health Behaviour in School-aged Children,,,,,2025-07-24T14:32:31Z,2024,2024-01-01,2024-12-31
7850200,TOBACCO_MPOWER_M3_TOBACCOUSESMOKINGSCHOOL,COUNTRY,MLI,AFR,Africa,YEAR,2024,TOBACCO_INDICATOR,TOBACCO_INDICATOR_Youth_survey_title,,,,,,,Global Youth Tobacco Survey,,,,,2025-07-24T14:32:31Z,2024,2024-01-01,2024-12-31
7855611,TOBACCO_MPOWER_M3_TOBACCOUSESMOKINGSCHOOL,COUNTRY,TUN,EMR,Eastern Mediterranean,YEAR,2024,TOBACCO_INDICATOR,TOBACCO_INDICATOR_Youth_svy_age_range,,,,,,,13-15,,,,,2025-07-24T14:32:31Z,2024,2024-01-01,2024-12-31
7867233,TOBACCO_MPOWER_M3_TOBACCOUSESMOKINGSCHOOL,COUNTRY,BOL,AMR,Americas,YEAR,2024,TOBACCO_INDICATOR,TOBACCO_INDICATOR_Youth_svy_yr,,,,,,,2018,2018,,,,2025-07-24T14:32:31Z,2024,2024-01-01,2024-12-31
7884690,TOBACCO_MPOWER_M3_TOBACCOUSESMOKINGSCHOOL,COUNTRY,UGA,AFR,Africa,YEAR,2024,TOBACCO_INDICATOR,TOBACCO_INDICATOR_Youth_svy_age_range,,,,,,,13-15,,,,,2025-07-24T14:32:31Z,2024,2024-01-01,2024-12-31
7895950,TOBACCO_MPOWER_M3_TOBACCOUSESMOKINGSCHOOL,COUNTRY,PSE,EMR,Eastern Mediterranean,YEAR,2024,TOBACCO_INDICATOR,TOBACCO_INDICATOR_Youth_svy_national,,,,,,,Subnational,,,,Global Youth Tobacco Survey (Gaza Strip) was completed in 2013.,2025-07-24T14:32:31Z,2024,2024-01-01,2024-12-31
7918329,TOBACCO_MPOWER_M3_TOBACCOUSESMOKINGSCHOOL,COUNTRY,BLR,EUR,Europe,YEAR,2024,TOBACCO_INDICATOR,TOBACCO_INDICATOR_Youth_svy_yr,,,,,,,2021,2021,,,,2025-07-24T14:32:31Z,2024,2024-01-01,2024-12-31
7963334,TOBACCO_MPOWER_M3_TOBACCOUSESMOKINGSCHOOL,COUNTRY,SYC,AFR,Africa,YEAR,2024,TOBACCO_INDICATOR,TOBACCO_INDICATOR_Youth_svy_national,,,,,,,National,,,,,2025-07-24T14:32:31Z,2024,2024-01-01,2024-12-31
7968372,TOBACCO_MPOWER_M3_TOBACCOUSESMOKINGSCHOOL,COUNTRY,ARE,EMR,Eastern Mediterranean,YEAR,2024,TOBACCO_INDICATOR,TOBACCO_INDICATOR_Youth_survey_title,,,,,,,Global School-Based Student Health Survey,,,,,2025-07-24T14:32:31Z,2024,2024-01-01,2024-12-31
7973784,TOBACCO_MPOWER_M3_TOBACCOUSESMOKINGSCHOOL,COUNTRY,ZMB,AFR,Africa,YEAR,2024,TOBACCO_INDICATOR,TOBACCO_INDICATOR_Youth_survey_title,,,,,,,Global Youth Tobacco Survey,,,,,2025-07-24T14:32:31Z,2024,2024-01-01,2024-12-31
7993949,TOBACCO_MPOWER_M3_TOBACCOUSESMOKINGSCHOOL,COUNTRY,LTU,EUR,Europe,YEAR,2024,TOBACCO_INDICATOR,TOBACCO_INDICATOR_Youth_svy_yr,,,,,,,2022,2022,,,,2025-07-24T14:32:31Z,2024,2024-01-01,2024-12-31
7995169,TOBACCO_MPOWER_M3_TOBACCOUSESMOKINGSCHOOL,COUNTRY,ARG,AMR,Americas,YEAR,2024,TOBACCO_INDICATOR,TOBACCO_INDICATOR_Youth_survey_title,,,,,,,Global Youth Tobacco Survey,,,,,2025-07-24T14:32:31Z,2024,2024-01-01,2024-12-31
8017439,TOBACCO_MPOWER_M3_TOBACCOUSESMOKINGSCHOOL,COUNTRY,FIN,EUR,Europe,YEAR,2024,TOBACCO_INDICATOR,TOBACCO_INDICATOR_Youth_survey_title,,,,,,,National School Health Promotion Study,,,,,2025-07-24T14:32:31Z,2024,2024-01-01,2024-12-31
8076212,TOBACCO_MPOWER_M3_TOBACCOUSESMOKINGSCHOOL,COUNTRY,ERI,AFR,Africa,YEAR,2024,TOBACCO_INDICATOR,TOBACCO_INDICATOR_Youth_svy_national,,,,,,,National,,,,,2025-07-24T14:32:31Z,2024,2024-01-01,2024-12-31
8085286,TOBACCO_MPOWER_M3_TOBACCOUSESMOKINGSCHOOL,COUNTRY,BRA,AMR,Americas,YEAR,2024,TOBACCO_INDICATOR,TOBACCO_INDICATOR_Youth_svy_age_range,,,,,,,13-15,,,,,2025-07-24T14:32:31Z,2024,2024-01-01,2024-12-31
8094602,TOBACCO_MPOWER_M3_TOBACCOUSESMOKINGSCHOOL,COUNTRY,ATG,AMR,Americas,YEAR,2024,TOBACCO_INDICATOR,TOBACCO_INDICATOR_Youth_svy_age_range,,,,,,,13-15,,,,,2025-07-24T14:32:31Z,2024,2024-01-01,2024-12-31
8105765,TOBACCO_MPOWER_M3_TOBACCOUSESMOKINGSCHOOL,COUNTRY,COK,WPR,Western Pacific,YEAR,2024,TOBACCO_INDICATOR,TOBACCO_INDICATOR_Youth_svy_yr,,,,,,,2016,2016,,,,2025-07-24T14:32:31Z,2024,2024-01-01,2024-12-31
8107546,TOBACCO_MPOWER_M3_TOBACCOUSESMOKINGSCHOOL,COUNTRY,JAM,AMR,Americas,YEAR,2024,TOBACCO_INDICATOR,TOBACCO_INDICATOR_Youth_svy_national,,,,,,,National,,,,,2025-07-24T14:32:31Z,2024,2024-01-01,2024-12-31
8136998,TOBACCO_MPOWER_M3_TOBACCOUSESMOKINGSCHOOL,COUNTRY,FIN,EUR,Europe,YEAR,2024,TOBACCO_INDICATOR,TOBACCO_INDICATOR_Youth_svy_national,,,,,,,National,,,,,2025-07-24T14:32:31Z,2024,2024-01-01,2024-12-31
8137510,TOBACCO_MPOWER_M3_TOBACCOUSESMOKINGSCHOOL,COUNTRY,ISL,EUR,Europe,YEAR,2024,TOBACCO_INDICATOR,TOBACCO_INDICATOR_Youth_svy_national,,,,,,,National,,,,,2025-07-24T14:32:31Z,2024,2024-01-01,2024-12-31
8141185,TOBACCO_MPOWER_M3_TOBACCOUSESMOKINGSCHOOL,COUNTRY,GAB,AFR,Africa,YEAR,2024,TOBACCO_INDICATOR,TOBACCO_INDICATOR_Youth_svy_national,,,,,,,National,,,,,2025-07-24T14:32:31Z,2024,2024-01-01,2024-12-31
8167565,TOBACCO_MPOWER_M3_TOBACCOUSESMOKINGSCHOOL,COUNTRY,TGO,AFR,Africa,YEAR,2024,TOBACCO_INDICATOR,TOBACCO_INDICATOR_Youth_survey_title,,,,,,,Global Youth Tobacco Survey,,,,,2025-07-24T14:32:31Z,2024,2024-01-01,2024-12-31
8174420,TOBACCO_MPOWER_M3_TOBACCOUSESMOKINGSCHOOL,COUNTRY,MDG,AFR,Africa,YEAR,2024,TOBACCO_INDICATOR,TOBACCO_INDICATOR_Youth_survey_title,,,,,,,Global Youth Tobacco Survey,,,,,2025-07-24T14:32:31Z,2024,2024-01-01,2024-12-31
8187187,TOBACCO_MPOWER_M3_TOBACCOUSESMOKINGSCHOOL,COUNTRY,DMA,AMR,Americas,YEAR,2024,TOBACCO_INDICATOR,TOBACCO_INDICATOR_Youth_survey_title,,,,,,,Global Youth Tobacco Survey,,,,,2025-07-24T14:32:31Z,2024,2024-01-01,2024-12-31
8204982,TOBACCO_MPOWER_M3_TOBACCOUSESMOKINGSCHOOL,COUNTRY,DNK,EUR,Europe,YEAR,2024,TOBACCO_INDICATOR,TOBACCO_INDICATOR_Youth_svy_national,,,,,,,National,,,,,2025-07-24T14:32:31Z,2024,2024-01-01,2024-12-31
8208633,TOBACCO_MPOWER_M3_TOBACCOUSESMOKINGSCHOOL,COUNTRY,BHS,AMR,Americas,YEAR,2024,TOBACCO_INDICATOR,TOBACCO_INDICATOR_Youth_svy_national,,,,,,,National,,,,,2025-07-24T14:32:31Z,2024,2024-01-01,2024-12-31
8214764,TOBACCO_MPOWER_M3_TOBACCOUSESMOKINGSCHOOL,COUNTRY,TTO,AMR,Americas,YEAR,2024,TOBACCO_INDICATOR,TOBACCO_INDICATOR_Youth_survey_title,,,,,,,Global Youth Tobacco Survey,,,,,2025-07-24T14:32:31Z,2024,2024-01-01,2024-12-31
8219386,TOBACCO_MPOWER_M3_TOBACCOUSESMOKINGSCHOOL,COUNTRY,CAF,AFR,Africa,YEAR,2024,TOBACCO_INDICATOR,TOBACCO_INDICATOR_Youth_svy_yr,,,,,,,2008,2008,,,,2025-07-24T14:32:31Z,2024,2024-01-01,2024-12-31
8250865,TOBACCO_MPOWER_M3_TOBACCOUSESMOKINGSCHOOL,COUNTRY,ARG,AMR,Americas,YEAR,2024,TOBACCO_INDICATOR,TOBACCO_INDICATOR_Youth_svy_national,,,,,,,National,,,,,2025-07-24T14:32:31Z,2024,2024-01-01,2024-12-31
8252319,TOBACCO_MPOWER_M3_TOBACCOUSESMOKINGSCHOOL,COUNTRY,DNK,EUR,Europe,YEAR,2024,TOBACCO_INDICATOR,TOBACCO_INDICATOR_Youth_svy_age_range,,,,,,,15-15,,,,,2025-07-24T14:32:31Z,2024,2024-01-01,2024-12-31
8275288,TOBACCO_MPOWER_M3_TOBACCOUSESMOKINGSCHOOL,COUNTRY,OMN,EMR,Eastern Mediterranean,YEAR,2024,TOBACCO_INDICATOR,TOBACCO_INDICATOR_Youth_svy_yr,,,,,,,2016,2016,,,,2025-07-24T14:32:31Z,2024,2024-01-01,2024-12-31
8285715,TOBACCO_MPOWER_M3_TOBACCOUSESMOKINGSCHOOL,COUNTRY,CAN,AMR,Americas,YEAR,2024,TOBACCO_INDICATOR,TOBACCO_INDICATOR_Youth_survey_title,,,,,,,"Canadian Student Tobacco, Alcohol and Drugs Survey (CSTADS)",,,,,2025-07-24T14:32:31Z,2024,2024-01-01,2024-12-31
8294555,TOBACCO_MPOWER_M3_TOBACCOUSESMOKINGSCHOOL,COUNTRY,FJI,WPR,Western Pacific,YEAR,2024,TOBACCO_INDICATOR,TOBACCO_INDICATOR_Youth_svy_age_range,,,,,,,13-15,,,,,2025-07-24T14:32:31Z,2024,2024-01-01,2024-12-31
8313551,TOBACCO_MPOWER_M3_TOBACCOUSESMOKINGSCHOOL,COUNTRY,GNB,AFR,Africa,YEAR,2024,TOBACCO_INDICATOR,TOBACCO_INDICATOR_Youth_svy_yr,,,,,,,2008,2008,,,,2025-07-24T14:32:31Z,2024,2024-01-01,2024-12-31
8314920,TOBACCO_MPOWER_M3_TOBACCOUSESMOKINGSCHOOL,COUNTRY,VUT,WPR,Western Pacific,YEAR,2024,TOBACCO_INDICATOR,TOBACCO_INDICATOR_Youth_survey_title,,,,,,,Global Youth Tobacco Survey,,,,,2025-07-24T14:32:31Z,2024,2024-01-01,2024-12-31
8331054,TOBACCO_MPOWER_M3_TOBACCOUSESMOKINGSCHOOL,COUNTRY,ZWE,AFR,Africa,YEAR,2024,TOBACCO_INDICATOR,TOBACCO_INDICATOR_Youth_svy_age_range,,,,,,,13-15,,,,,2025-07-24T14:32:31Z,2024,2024-01-01,2024-12-31
8358346,TOBACCO_MPOWER_M3_TOBACCOUSESMOKINGSCHOOL,COUNTRY,BTN,SEAR,South-East Asia,YEAR,2024,TOBACCO_INDICATOR,TOBACCO_INDICATOR_Youth_svy_yr,,,,,,,2019,2019,,,,2025-07-24T14:32:31Z,2024,2024-01-01,2024-12-31
8358543,TOBACCO_MPOWER_M3_TOBACCOUSESMOKINGSCHOOL,COUNTRY,JAM,AMR,Americas,YEAR,2024,TOBACCO_INDICATOR,TOBACCO_INDICATOR_Youth_svy_age_range,,,,,,,13-15,,,,,2025-07-24T14:32:31Z,2024,2024-01-01,2024-12-31
8371209,TOBACCO_MPOWER_M3_TOBACCOUSESMOKINGSCHOOL,COUNTRY,ESP,EUR,Europe,YEAR,2024,TOBACCO_INDICATOR,TOBACCO_INDICATOR_Youth_svy_yr,,,,,,,2023,2023,,,,2025-07-24T14:32:31Z,2024,2024-01-01,2024-12-31
8371961,TOBACCO_MPOWER_M3_TOBACCOUSESMOKINGSCHOOL,COUNTRY,CYP,EUR,Europe,YEAR,2024,TOBACCO_INDICATOR,TOBACCO_INDICATOR_Youth_svy_yr,,,,,,,2021-22,,,,,2025-07-24T14:32:31Z,2024,2024-01-01,2024-12-31
8373079,TOBACCO_MPOWER_M3_TOBACCOUSESMOKINGSCHOOL,COUNTRY,AFG,EMR,Eastern Mediterranean,YEAR,2024,TOBACCO_INDICATOR,TOBACCO_INDICATOR_Youth_svy_age_range,,,,,,,13-15,,,,,2025-07-24T14:32:31Z,2024,2024-01-01,2024-12-31
8394030,TOBACCO_MPOWER_M3_TOBACCOUSESMOKINGSCHOOL,COUNTRY,GUY,AMR,Americas,YEAR,2024,TOBACCO_INDICATOR,TOBACCO_INDICATOR_Youth_svy_yr,,,,,,,2015,2015,,,,2025-07-24T14:32:31Z,2024,2024-01-01,2024-12-31
8423588,TOBACCO_MPOWER_M3_TOBACCOUSESMOKINGSCHOOL,COUNTRY,ARM,EUR,Europe,YEAR,2024,TOBACCO_INDICATOR,TOBACCO_INDICATOR_Youth_svy_yr,,,,,,,2021-22,,,,,2025-07-24T14:32:31Z,2024,2024-01-01,2024-12-31
8432507,TOBACCO_MPOWER_M3_TOBACCOUSESMOKINGSCHOOL,COUNTRY,AUS,WPR,Western Pacific,YEAR,2024,TOBACCO_INDICATOR,TOBACCO_INDICATOR_Youth_svy_age_range,,,,,,,12-17,46008,,,,2026-01-27T14:35:19Z,2024,2024-01-01,2024-12-31
8435740,TOBACCO_MPOWER_M3_TOBACCOUSESMOKINGSCHOOL,COUNTRY,CRI,AMR,Americas,YEAR,2024,TOBACCO_INDICATOR,TOBACCO_INDICATOR_Youth_svy_yr,,,,,,,2023,2023,,,,2025-07-24T14:32:31Z,2024,2024-01-01,2024-12-31
8450325,TOBACCO_MPOWER_M3_TOBACCOUSESMOKINGSCHOOL,COUNTRY,HUN,EUR,Europe,YEAR,2024,TOBACCO_INDICATOR,TOBACCO_INDICATOR_Youth_svy_national,,,,,,,National,,,,,2025-07-24T14:32:31Z,2024,2024-01-01,2024-12-31
8479203,TOBACCO_MPOWER_M3_TOBACCOUSESMOKINGSCHOOL,COUNTRY,LUX,EUR,Europe,YEAR,2024,TOBACCO_INDICATOR,TOBACCO_INDICATOR_Youth_svy_yr,,,,,,,2021-22,,,,,2025-07-24T14:32:31Z,2024,2024-01-01,2024-12-31
8490210,TOBACCO_MPOWER_M3_TOBACCOUSESMOKINGSCHOOL,COUNTRY,LSO,AFR,Africa,YEAR,2024,TOBACCO_INDICATOR,TOBACCO_INDICATOR_Youth_survey_title,,,,,,,Global Youth Tobacco Survey,,,,,2025-07-24T14:32:31Z,2024,2024-01-01,2024-12-31
8491396,TOBACCO_MPOWER_M3_TOBACCOUSESMOKINGSCHOOL,COUNTRY,COK,WPR,Western Pacific,YEAR,2024,TOBACCO_INDICATOR,TOBACCO_INDICATOR_Youth_svy_age_range,,,,,,,13-15,,,,,2025-07-24T14:32:31Z,2024,2024-01-01,2024-12-31
8493448,TOBACCO_MPOWER_M3_TOBACCOUSESMOKINGSCHOOL,COUNTRY,NAM,AFR,Africa,YEAR,2024,TOBACCO_INDICATOR,TOBACCO_INDICATOR_Youth_svy_yr,,,,,,,2013,2013,,,,2025-07-24T14:32:31Z,2024,2024-01-01,2024-12-31
8499090,TOBACCO_MPOWER_M3_TOBACCOUSESMOKINGSCHOOL,COUNTRY,PHL,WPR,Western Pacific,YEAR,2024,TOBACCO_INDICATOR,TOBACCO_INDICATOR_Youth_survey_title,,,,,,,Global Youth Tobacco Survey,,,,,2025-07-24T14:32:31Z,2024,2024-01-01,2024-12-31
8504969,TOBACCO_MPOWER_M3_TOBACCOUSESMOKINGSCHOOL,COUNTRY,BHR,EMR,Eastern Mediterranean,YEAR,2024,TOBACCO_INDICATOR,TOBACCO_INDICATOR_Youth_svy_national,,,,,,,National,,,,,2025-07-24T14:32:31Z,2024,2024-01-01,2024-12-31
8516134,TOBACCO_MPOWER_M3_TOBACCOUSESMOKINGSCHOOL,COUNTRY,DEU,EUR,Europe,YEAR,2024,TOBACCO_INDICATOR,TOBACCO_INDICATOR_Youth_survey_title,,,,,,,Health Behaviour in School-aged Children,,,,,2025-07-24T14:32:31Z,2024,2024-01-01,2024-12-31
8524184,TOBACCO_MPOWER_M3_TOBACCOUSESMOKINGSCHOOL,COUNTRY,LBN,EMR,Eastern Mediterranean,YEAR,2024,TOBACCO_INDICATOR,TOBACCO_INDICATOR_Youth_svy_age_range,,,,,,,13-15,,,,,2025-07-24T14:32:31Z,2024,2024-01-01,2024-12-31
8538128,TOBACCO_MPOWER_M3_TOBACCOUSESMOKINGSCHOOL,COUNTRY,EST,EUR,Europe,YEAR,2024,TOBACCO_INDICATOR,TOBACCO_INDICATOR_Youth_svy_yr,,,,,,,2021-22,,,,,2025-07-24T14:32:31Z,2024,2024-01-01,2024-12-31
8555269,TOBACCO_MPOWER_M3_TOBACCOUSESMOKINGSCHOOL,COUNTRY,SWZ,AFR,Africa,YEAR,2024,TOBACCO_INDICATOR,TOBACCO_INDICATOR_Youth_svy_age_range,,,,,,,13-15,,,,,2025-07-24T14:32:31Z,2024,2024-01-01,2024-12-31
8606718,TOBACCO_MPOWER_M3_TOBACCOUSESMOKINGSCHOOL,COUNTRY,TGO,AFR,Africa,YEAR,2024,TOBACCO_INDICATOR,TOBACCO_INDICATOR_Youth_svy_yr,,,,,,,2019,2019,,,,2025-07-24T14:32:31Z,2024,2024-01-01,2024-12-31
8647935,TOBACCO_MPOWER_M3_TOBACCOUSESMOKINGSCHOOL,COUNTRY,VUT,WPR,Western Pacific,YEAR,2024,TOBACCO_INDICATOR,TOBACCO_INDICATOR_Youth_svy_age_range,,,,,,,13-15,,,,,2025-07-24T14:32:31Z,2024,2024-01-01,2024-12-31
8656925,TOBACCO_MPOWER_M3_TOBACCOUSESMOKINGSCHOOL,COUNTRY,LKA,SEAR,South-East Asia,YEAR,2024,TOBACCO_INDICATOR,TOBACCO_INDICATOR_Youth_svy_yr,,,,,,,2016,2016,,,,2025-07-24T14:32:31Z,2024,2024-01-01,2024-12-31
8660714,TOBACCO_MPOWER_M3_TOBACCOUSESMOKINGSCHOOL,COUNTRY,FRA,EUR,Europe,YEAR,2024,TOBACCO_INDICATOR,TOBACCO_INDICATOR_Youth_svy_yr,,,,,,,2021-22,,,,,2025-07-24T14:32:31Z,2024,2024-01-01,2024-12-31
8666378,TOBACCO_MPOWER_M3_TOBACCOUSESMOKINGSCHOOL,COUNTRY,SLV,AMR,Americas,YEAR,2024,TOBACCO_INDICATOR,TOBACCO_INDICATOR_Youth_svy_national,,,,,,,National,,,,,2025-07-24T14:32:31Z,2024,2024-01-01,2024-12-31
8672012,TOBACCO_MPOWER_M3_TOBACCOUSESMOKINGSCHOOL,COUNTRY,PSE,EMR,Eastern Mediterranean,YEAR,2024,TOBACCO_INDICATOR,TOBACCO_INDICATOR_Youth_survey_title,,,,,,,Global Youth Tobacco Survey (West Bank),,,,Global Youth Tobacco Survey (Gaza Strip) was completed in 2013.,2025-07-24T14:32:31Z,2024,2024-01-01,2024-12-31
8691611,TOBACCO_MPOWER_M3_TOBACCOUSESMOKINGSCHOOL,COUNTRY,PHL,WPR,Western Pacific,YEAR,2024,TOBACCO_INDICATOR,TOBACCO_INDICATOR_Youth_svy_national,,,,,,,National,,,,,2025-07-24T14:32:31Z,2024,2024-01-01,2024-12-31
8710522,TOBACCO_MPOWER_M3_TOBACCOUSESMOKINGSCHOOL,COUNTRY,NIC,AMR,Americas,YEAR,2024,TOBACCO_INDICATOR,TOBACCO_INDICATOR_Youth_svy_yr,,,,,,,. . .,,,,,2025-07-24T14:32:31Z,2024,2024-01-01,2024-12-31
8711432,TOBACCO_MPOWER_M3_TOBACCOUSESMOKINGSCHOOL,COUNTRY,MKD,EUR,Europe,YEAR,2024,TOBACCO_INDICATOR,TOBACCO_INDICATOR_Youth_svy_yr,,,,,,,2021-22,,,,,2025-07-24T14:32:31Z,2024,2024-01-01,2024-12-31
8731426,TOBACCO_MPOWER_M3_TOBACCOUSESMOKINGSCHOOL,COUNTRY,BRA,AMR,Americas,YEAR,2024,TOBACCO_INDICATOR,TOBACCO_INDICATOR_Youth_survey_title,,,,,,,Pesquisa Nacional de Saúde do Escolar (PENSE),,,,,2025-07-24T14:32:31Z,2024,2024-01-01,2024-12-31
8732314,TOBACCO_MPOWER_M3_TOBACCOUSESMOKINGSCHOOL,COUNTRY,KHM,WPR,Western Pacific,YEAR,2024,TOBACCO_INDICATOR,TOBACCO_INDICATOR_Youth_svy_yr,,,,,,,2022,2022,,,,2025-07-24T14:32:31Z,2024,2024-01-01,2024-12-31
8733352,TOBACCO_MPOWER_M3_TOBACCOUSESMOKINGSCHOOL,COUNTRY,FSM,WPR,Western Pacific,YEAR,2024,TOBACCO_INDICATOR,TOBACCO_INDICATOR_Youth_svy_yr,,,,,,,2019,2019,,,,2025-07-24T14:32:31Z,2024,2024-01-01,2024-12-31
8747668,TOBACCO_MPOWER_M3_TOBACCOUSESMOKINGSCHOOL,COUNTRY,ISL,EUR,Europe,YEAR,2024,TOBACCO_INDICATOR,TOBACCO_INDICATOR_Youth_svy_age_range,,,,,,,15-15,,,,,2025-07-24T14:32:31Z,2024,2024-01-01,2024-12-31
8770633,TOBACCO_MPOWER_M3_TOBACCOUSESMOKINGSCHOOL,COUNTRY,WSM,WPR,Western Pacific,YEAR,2024,TOBACCO_INDICATOR,TOBACCO_INDICATOR_Youth_svy_yr,,,,,,,2017,2017,,,,2025-07-24T14:32:31Z,2024,2024-01-01,2024-12-31
8819860,TOBACCO_MPOWER_M3_TOBACCOUSESMOKINGSCHOOL,COUNTRY,ITA,EUR,Europe,YEAR,2024,TOBACCO_INDICATOR,TOBACCO_INDICATOR_Youth_survey_title,,,,,,,Global Youth Tobacco Survey,,,,,2025-07-24T14:32:31Z,2024,2024-01-01,2024-12-31
8821094,TOBACCO_MPOWER_M3_TOBACCOUSESMOKINGSCHOOL,COUNTRY,MYS,WPR,Western Pacific,YEAR,2024,TOBACCO_INDICATOR,TOBACCO_INDICATOR_Youth_svy_age_range,,,,,,,13-17,,,,,2025-07-24T14:32:31Z,2024,2024-01-01,2024-12-31
8823776,TOBACCO_MPOWER_M3_TOBACCOUSESMOKINGSCHOOL,COUNTRY,SOM,EMR,Eastern Mediterranean,YEAR,2024,TOBACCO_INDICATOR,TOBACCO_INDICATOR_Youth_svy_age_range,,,,,,,13-15,,,,,2025-07-24T14:32:31Z,2024,2024-01-01,2024-12-31
8866854,TOBACCO_MPOWER_M3_TOBACCOUSESMOKINGSCHOOL,COUNTRY,BEL,EUR,Europe,YEAR,2024,TOBACCO_INDICATOR,TOBACCO_INDICATOR_Youth_svy_yr,,,,,,,2022-23,,,,,2025-07-24T14:32:31Z,2024,2024-01-01,2024-12-31
8911532,TOBACCO_MPOWER_M3_TOBACCOUSESMOKINGSCHOOL,COUNTRY,MRT,AFR,Africa,YEAR,2024,TOBACCO_INDICATOR,TOBACCO_INDICATOR_Youth_svy_national,,,,,,,National,,,,,2025-07-24T14:32:31Z,2024,2024-01-01,2024-12-31
8944291,TOBACCO_MPOWER_M3_TOBACCOUSESMOKINGSCHOOL,COUNTRY,MDV,SEAR,South-East Asia,YEAR,2024,TOBACCO_INDICATOR,TOBACCO_INDICATOR_Youth_svy_yr,,,,,,,2019,2019,,,,2025-07-24T14:32:31Z,2024,2024-01-01,2024-12-31
8945807,TOBACCO_MPOWER_M3_TOBACCOUSESMOKINGSCHOOL,COUNTRY,TUR,EUR,Europe,YEAR,2024,TOBACCO_INDICATOR,TOBACCO_INDICATOR_Youth_svy_yr,,,,,,,2017,2017,,,,2025-07-24T14:32:31Z,2024,2024-01-01,2024-12-31
8949927,TOBACCO_MPOWER_M3_TOBACCOUSESMOKINGSCHOOL,COUNTRY,ETH,AFR,Africa,YEAR,2024,TOBACCO_INDICATOR,TOBACCO_INDICATOR_Youth_svy_age_range,,,,,,,13-15,,,,,2025-07-24T14:32:31Z,2024,2024-01-01,2024-12-31
8957715,TOBACCO_MPOWER_M3_TOBACCOUSESMOKINGSCHOOL,COUNTRY,SMR,EUR,Europe,YEAR,2024,TOBACCO_INDICATOR,TOBACCO_INDICATOR_Youth_survey_title,,,,,,,Global Youth Tobacco Survey,,,,,2025-07-24T14:32:31Z,2024,2024-01-01,2024-12-31
8962487,TOBACCO_MPOWER_M3_TOBACCOUSESMOKINGSCHOOL,COUNTRY,IDN,WPR,Western Pacific,YEAR,2024,TOBACCO_INDICATOR,TOBACCO_INDICATOR_Youth_svy_age_range,,,,,,,13-17,,,,,2025-07-24T14:32:31Z,2024,2024-01-01,2024-12-31
8980924,TOBACCO_MPOWER_M3_TOBACCOUSESMOKINGSCHOOL,COUNTRY,CPV,AFR,Africa,YEAR,2024,TOBACCO_INDICATOR,TOBACCO_INDICATOR_Youth_svy_yr,,,,,,,2023,2023,,,,2025-07-24T14:32:31Z,2024,2024-01-01,2024-12-31
8986027,TOBACCO_MPOWER_M3_TOBACCOUSESMOKINGSCHOOL,COUNTRY,NRU,WPR,Western Pacific,YEAR,2024,TOBACCO_INDICATOR,TOBACCO_INDICATOR_Youth_svy_yr,,,,,,,2011,2011,,,,2025-07-24T14:32:31Z,2024,2024-01-01,2024-12-31
9007466,TOBACCO_MPOWER_M3_TOBACCOUSESMOKINGSCHOOL,COUNTRY,MNE,EUR,Europe,YEAR,2024,TOBACCO_INDICATOR,TOBACCO_INDICATOR_Youth_svy_yr,,,,,,,2019,2019,,,,2025-07-24T14:32:31Z,2024,2024-01-01,2024-12-31
9014828,TOBACCO_MPOWER_M3_TOBACCOUSESMOKINGSCHOOL,COUNTRY,ZMB,AFR,Africa,YEAR,2024,TOBACCO_INDICATOR,TOBACCO_INDICATOR_Youth_svy_age_range,,,,,,,13-15,,,,,2025-07-24T14:32:31Z,2024,2024-01-01,2024-12-31
9027007,TOBACCO_MPOWER_M3_TOBACCOUSESMOKINGSCHOOL,COUNTRY,MWI,AFR,Africa,YEAR,2024,TOBACCO_INDICATOR,TOBACCO_INDICATOR_Youth_svy_age_range,,,,,,,13-15,,,,,2025-07-24T14:32:31Z,2024,2024-01-01,2024-12-31
9034402,TOBACCO_MPOWER_M3_TOBACCOUSESMOKINGSCHOOL,COUNTRY,AZE,EUR,Europe,YEAR,2024,TOBACCO_INDICATOR,TOBACCO_INDICATOR_Youth_survey_title,,,,,,,Health Behaviour in School-aged Children,,,,,2025-07-24T14:32:31Z,2024,2024-01-01,2024-12-31
9064419,TOBACCO_MPOWER_M3_TOBACCOUSESMOKINGSCHOOL,COUNTRY,DNK,EUR,Europe,YEAR,2024,TOBACCO_INDICATOR,TOBACCO_INDICATOR_Youth_survey_title,,,,,,,Health Behaviour in School-aged Children,,,,,2025-07-24T14:32:31Z,2024,2024-01-01,2024-12-31
9094383,TOBACCO_MPOWER_M3_TOBACCOUSESMOKINGSCHOOL,COUNTRY,BOL,AMR,Americas,YEAR,2024,TOBACCO_INDICATOR,TOBACCO_INDICATOR_Youth_svy_age_range,,,,,,,13-15,,,,,2025-07-24T14:32:31Z,2024,2024-01-01,2024-12-31
9114597,TOBACCO_MPOWER_M3_TOBACCOUSESMOKINGSCHOOL,COUNTRY,RWA,AFR,Africa,YEAR,2024,TOBACCO_INDICATOR,TOBACCO_INDICATOR_Youth_svy_yr,,,,,,,2008,2008,,,,2025-07-24T14:32:31Z,2024,2024-01-01,2024-12-31
9143842,TOBACCO_MPOWER_M3_TOBACCOUSESMOKINGSCHOOL,COUNTRY,GMB,AFR,Africa,YEAR,2024,TOBACCO_INDICATOR,TOBACCO_INDICATOR_Youth_survey_title,,,,,,,Global Youth Tobacco Survey,,,,,2025-07-24T14:32:31Z,2024,2024-01-01,2024-12-31
9171320,TOBACCO_MPOWER_M3_TOBACCOUSESMOKINGSCHOOL,COUNTRY,KWT,EMR,Eastern Mediterranean,YEAR,2024,TOBACCO_INDICATOR,TOBACCO_INDICATOR_Youth_svy_yr,,,,,,,2016,2016,,,,2025-07-24T14:32:31Z,2024,2024-01-01,2024-12-31
9177463,TOBACCO_MPOWER_M3_TOBACCOUSESMOKINGSCHOOL,COUNTRY,ECU,AMR,Americas,YEAR,2024,TOBACCO_INDICATOR,TOBACCO_INDICATOR_Youth_svy_yr,,,,,,,2016,2016,,,,2025-07-24T14:32:31Z,2024,2024-01-01,2024-12-31
9177577,TOBACCO_MPOWER_M3_TOBACCOUSESMOKINGSCHOOL,COUNTRY,SVK,EUR,Europe,YEAR,2024,TOBACCO_INDICATOR,TOBACCO_INDICATOR_Youth_svy_national,,,,,,,National,,,,,2025-07-24T14:32:31Z,2024,2024-01-01,2024-12-31
9180221,TOBACCO_MPOWER_M3_TOBACCOUSESMOKINGSCHOOL,COUNTRY,CMR,AFR,Africa,YEAR,2024,TOBACCO_INDICATOR,TOBACCO_INDICATOR_Youth_svy_age_range,,,,,,,13-15,,,,,2025-07-24T14:32:31Z,2024,2024-01-01,2024-12-31
9208105,TOBACCO_MPOWER_M3_TOBACCOUSESMOKINGSCHOOL,COUNTRY,LUX,EUR,Europe,YEAR,2024,TOBACCO_INDICATOR,TOBACCO_INDICATOR_Youth_svy_national,,,,,,,National,,,,,2025-07-24T14:32:31Z,2024,2024-01-01,2024-12-31
9247107,TOBACCO_MPOWER_M3_TOBACCOUSESMOKINGSCHOOL,COUNTRY,ISL,EUR,Europe,YEAR,2024,TOBACCO_INDICATOR,TOBACCO_INDICATOR_Youth_svy_yr,,,,,,,2021-22,,,,,2025-07-24T14:32:31Z,2024,2024-01-01,2024-12-31
9257146,TOBACCO_MPOWER_M3_TOBACCOUSESMOKINGSCHOOL,COUNTRY,YEM,EMR,Eastern Mediterranean,YEAR,2024,TOBACCO_INDICATOR,TOBACCO_INDICATOR_Youth_survey_title,,,,,,,Global Youth Tobacco Survey,,,,,2025-07-24T14:32:31Z,2024,2024-01-01,2024-12-31
9259965,TOBACCO_MPOWER_M3_TOBACCOUSESMOKINGSCHOOL,COUNTRY,ZAF,AFR,Africa,YEAR,2024,TOBACCO_INDICATOR,TOBACCO_INDICATOR_Youth_svy_yr,,,,,,,2011,2011,,,,2025-07-24T14:32:31Z,2024,2024-01-01,2024-12-31
9269975,TOBACCO_MPOWER_M3_TOBACCOUSESMOKINGSCHOOL,COUNTRY,PAN,AMR,Americas,YEAR,2024,TOBACCO_INDICATOR,TOBACCO_INDICATOR_Youth_svy_age_range,,,,,,,13-15,,,,,2025-07-24T14:32:31Z,2024,2024-01-01,2024-12-31
9293771,TOBACCO_MPOWER_M3_TOBACCOUSESMOKINGSCHOOL,COUNTRY,LCA,AMR,Americas,YEAR,2024,TOBACCO_INDICATOR,TOBACCO_INDICATOR_Youth_svy_age_range,,,,,,,13-15,,,,,2025-07-24T14:32:31Z,2024,2024-01-01,2024-12-31
9337223,TOBACCO_MPOWER_M3_TOBACCOUSESMOKINGSCHOOL,COUNTRY,DOM,AMR,Americas,YEAR,2024,TOBACCO_INDICATOR,TOBACCO_INDICATOR_Youth_survey_title,,,,,,,Global Youth Tobacco Survey,,,,,2025-07-24T14:32:31Z,2024,2024-01-01,2024-12-31
9372847,TOBACCO_MPOWER_M3_TOBACCOUSESMOKINGSCHOOL,COUNTRY,SLE,AFR,Africa,YEAR,2024,TOBACCO_INDICATOR,TOBACCO_INDICATOR_Youth_survey_title,,,,,,,Global Youth Tobacco Survey,,,,,2025-07-24T14:32:31Z,2024,2024-01-01,2024-12-31
9406051,TOBACCO_MPOWER_M3_TOBACCOUSESMOKINGSCHOOL,COUNTRY,MWI,AFR,Africa,YEAR,2024,TOBACCO_INDICATOR,TOBACCO_INDICATOR_Youth_svy_yr,,,,,,,2009,2009,,,,2025-07-24T14:32:31Z,2024,2024-01-01,2024-12-31
9409860,TOBACCO_MPOWER_M3_TOBACCOUSESMOKINGSCHOOL,COUNTRY,SAU,EMR,Eastern Mediterranean,YEAR,2024,TOBACCO_INDICATOR,TOBACCO_INDICATOR_Youth_svy_age_range,,,,,,,13-15,,,,,2025-07-24T14:32:31Z,2024,2024-01-01,2024-12-31
9411549,TOBACCO_MPOWER_M3_TOBACCOUSESMOKINGSCHOOL,COUNTRY,IDN,WPR,Western Pacific,YEAR,2024,TOBACCO_INDICATOR,TOBACCO_INDICATOR_Youth_survey_title,,,,,,,Global School-Based Student Health Survey,,,,,2025-07-24T14:32:31Z,2024,2024-01-01,2024-12-31
9412122,TOBACCO_MPOWER_M3_TOBACCOUSESMOKINGSCHOOL,COUNTRY,KOR,WPR,Western Pacific,YEAR,2024,TOBACCO_INDICATOR,TOBACCO_INDICATOR_Youth_svy_national,,,,,,,National,,,,,2025-07-24T14:32:31Z,2024,2024-01-01,2024-12-31
9441371,TOBACCO_MPOWER_M3_TOBACCOUSESMOKINGSCHOOL,COUNTRY,ECU,AMR,Americas,YEAR,2024,TOBACCO_INDICATOR,TOBACCO_INDICATOR_Youth_svy_age_range,,,,,,,13-15,,,,,2025-07-24T14:32:31Z,2024,2024-01-01,2024-12-31
9450361,TOBACCO_MPOWER_M3_TOBACCOUSESMOKINGSCHOOL,COUNTRY,SYC,AFR,Africa,YEAR,2024,TOBACCO_INDICATOR,TOBACCO_INDICATOR_Youth_survey_title,,,,,,,Global Youth Tobacco Survey,,,,,2025-07-24T14:32:31Z,2024,2024-01-01,2024-12-31
9461248,TOBACCO_MPOWER_M3_TOBACCOUSESMOKINGSCHOOL,COUNTRY,AGO,AFR,Africa,YEAR,2024,TOBACCO_INDICATOR,TOBACCO_INDICATOR_Youth_survey_title,,,,,,,Global Youth Tobacco Survey (Huambo),,,,,2025-07-24T14:32:31Z,2024,2024-01-01,2024-12-31
9476549,TOBACCO_MPOWER_M3_TOBACCOUSESMOKINGSCHOOL,COUNTRY,BHR,EMR,Eastern Mediterranean,YEAR,2024,TOBACCO_INDICATOR,TOBACCO_INDICATOR_Youth_survey_title,,,,,,,Global School-Based Student Health Survey,,,,,2025-07-24T14:32:31Z,2024,2024-01-01,2024-12-31
9497571,TOBACCO_MPOWER_M3_TOBACCOUSESMOKINGSCHOOL,COUNTRY,SLV,AMR,Americas,YEAR,2024,TOBACCO_INDICATOR,TOBACCO_INDICATOR_Youth_svy_age_range,,,,,,,13-15,,,,,2025-07-24T14:32:31Z,2024,2024-01-01,2024-12-31
9501901,TOBACCO_MPOWER_M3_TOBACCOUSESMOKINGSCHOOL,COUNTRY,IND,SEAR,South-East Asia,YEAR,2024,TOBACCO_INDICATOR,TOBACCO_INDICATOR_Youth_svy_yr,,,,,,,2019,2019,,,,2025-07-24T14:32:31Z,2024,2024-01-01,2024-12-31
9527491,TOBACCO_MPOWER_M3_TOBACCOUSESMOKINGSCHOOL,COUNTRY,TTO,AMR,Americas,YEAR,2024,TOBACCO_INDICATOR,TOBACCO_INDICATOR_Youth_svy_yr,,,,,,,2017,2017,,,,2025-07-24T14:32:31Z,2024,2024-01-01,2024-12-31
9530946,TOBACCO_MPOWER_M3_TOBACCOUSESMOKINGSCHOOL,COUNTRY,CMR,AFR,Africa,YEAR,2024,TOBACCO_INDICATOR,TOBACCO_INDICATOR_Youth_svy_yr,,,,,,,2014,2014,,,,2025-07-24T14:32:31Z,2024,2024-01-01,2024-12-31
9541739,TOBACCO_MPOWER_M3_TOBACCOUSESMOKINGSCHOOL,COUNTRY,ISL,EUR,Europe,YEAR,2024,TOBACCO_INDICATOR,TOBACCO_INDICATOR_Youth_survey_title,,,,,,,Health Behaviour in School-aged Children,,,,,2025-07-24T14:32:31Z,2024,2024-01-01,2024-12-31
9557071,TOBACCO_MPOWER_M3_TOBACCOUSESMOKINGSCHOOL,COUNTRY,SLB,WPR,Western Pacific,YEAR,2024,TOBACCO_INDICATOR,TOBACCO_INDICATOR_Youth_survey_title,,,,,,,Global Youth Tobacco Survey,,,,,2025-07-24T14:32:31Z,2024,2024-01-01,2024-12-31
9577903,TOBACCO_MPOWER_M3_TOBACCOUSESMOKINGSCHOOL,COUNTRY,MCO,EUR,Europe,YEAR,2024,TOBACCO_INDICATOR,TOBACCO_INDICATOR_Youth_survey_title,,,,,,,European School Survey Project on Alcohol and Other Drugs (ESPAD),,,,,2025-07-24T14:32:31Z,2024,2024-01-01,2024-12-31
9579732,TOBACCO_MPOWER_M3_TOBACCOUSESMOKINGSCHOOL,COUNTRY,BRB,AMR,Americas,YEAR,2024,TOBACCO_INDICATOR,TOBACCO_INDICATOR_Youth_survey_title,,,,,,,Global Youth Tobacco Survey,,,,,2025-07-24T14:32:31Z,2024,2024-01-01,2024-12-31
9594733,TOBACCO_MPOWER_M3_TOBACCOUSESMOKINGSCHOOL,COUNTRY,KGZ,EUR,Europe,YEAR,2024,TOBACCO_INDICATOR,TOBACCO_INDICATOR_Youth_svy_age_range,,,,,,,15-15,,,,,2025-07-24T14:32:31Z,2024,2024-01-01,2024-12-31
9616144,TOBACCO_MPOWER_M3_TOBACCOUSESMOKINGSCHOOL,COUNTRY,NGA,AFR,Africa,YEAR,2024,TOBACCO_INDICATOR,TOBACCO_INDICATOR_Youth_svy_age_range,,,,,,,13-15,,,,,2025-07-24T14:32:31Z,2024,2024-01-01,2024-12-31
9631808,TOBACCO_MPOWER_M3_TOBACCOUSESMOKINGSCHOOL,COUNTRY,MEX,AMR,Americas,YEAR,2024,TOBACCO_INDICATOR,TOBACCO_INDICATOR_Youth_svy_yr,,,,,,,2011,2011,,,,2025-07-24T14:32:31Z,2024,2024-01-01,2024-12-31
9646518,TOBACCO_MPOWER_M3_TOBACCOUSESMOKINGSCHOOL,COUNTRY,MNG,WPR,Western Pacific,YEAR,2024,TOBACCO_INDICATOR,TOBACCO_INDICATOR_Youth_survey_title,,,,,,,Global School-Based Student Health Survey,,,,,2025-07-24T14:32:31Z,2024,2024-01-01,2024-12-31
9647764,TOBACCO_MPOWER_M3_TOBACCOUSESMOKINGSCHOOL,COUNTRY,BGD,SEAR,South-East Asia,YEAR,2024,TOBACCO_INDICATOR,TOBACCO_INDICATOR_Youth_svy_age_range,,,,,,,13-15,,,,,2025-07-24T14:32:31Z,2024,2024-01-01,2024-12-31
9650826,TOBACCO_MPOWER_M3_TOBACCOUSESMOKINGSCHOOL,COUNTRY,SWE,EUR,Europe,YEAR,2024,TOBACCO_INDICATOR,TOBACCO_INDICATOR_Youth_survey_title,,,,,,,The Swedish Council for Information on Alcohol and Other Drugs; CAN:s nationella skolundersökning,,,,,2025-07-24T14:32:31Z,2024,2024-01-01,2024-12-31
9664832,TOBACCO_MPOWER_M3_TOBACCOUSESMOKINGSCHOOL,COUNTRY,GEO,EUR,Europe,YEAR,2024,TOBACCO_INDICATOR,TOBACCO_INDICATOR_Youth_survey_title,,,,,,,Global Youth Tobacco Survey,,,,,2025-07-24T14:32:31Z,2024,2024-01-01,2024-12-31
9671837,TOBACCO_MPOWER_M3_TOBACCOUSESMOKINGSCHOOL,COUNTRY,SYC,AFR,Africa,YEAR,2024,TOBACCO_INDICATOR,TOBACCO_INDICATOR_Youth_svy_age_range,,,,,,,13-15,,,,,2025-07-24T14:32:31Z,2024,2024-01-01,2024-12-31
9698150,TOBACCO_MPOWER_M3_TOBACCOUSESMOKINGSCHOOL,COUNTRY,NOR,EUR,Europe,YEAR,2024,TOBACCO_INDICATOR,TOBACCO_INDICATOR_Youth_svy_age_range,,,,,,,12-19,46010,,,,2026-01-27T14:35:19Z,2024,2024-01-01,2024-12-31
9705176,TOBACCO_MPOWER_M3_TOBACCOUSESMOKINGSCHOOL,COUNTRY,RWA,AFR,Africa,YEAR,2024,TOBACCO_INDICATOR,TOBACCO_INDICATOR_Youth_svy_age_range,,,,,,,13-15,,,,,2025-07-24T14:32:31Z,2024,2024-01-01,2024-12-31
9705704,TOBACCO_MPOWER_M3_TOBACCOUSESMOKINGSCHOOL,COUNTRY,URY,AMR,Americas,YEAR,2024,TOBACCO_INDICATOR,TOBACCO_INDICATOR_Youth_svy_age_range,,,,,,,13-15,,,,,2025-07-24T14:32:31Z,2024,2024-01-01,2024-12-31
9710173,TOBACCO_MPOWER_M3_TOBACCOUSESMOKINGSCHOOL,COUNTRY,EGY,EMR,Eastern Mediterranean,YEAR,2024,TOBACCO_INDICATOR,TOBACCO_INDICATOR_Youth_survey_title,,,,,,,Global Youth Tobacco Survey,,,,,2025-07-24T14:32:31Z,2024,2024-01-01,2024-12-31
9740597,TOBACCO_MPOWER_M3_TOBACCOUSESMOKINGSCHOOL,COUNTRY,BEN,AFR,Africa,YEAR,2024,TOBACCO_INDICATOR,TOBACCO_INDICATOR_Youth_svy_age_range,,,,,,,13-15,,,,,2025-07-24T14:32:31Z,2024,2024-01-01,2024-12-31
9754037,TOBACCO_MPOWER_M3_TOBACCOUSESMOKINGSCHOOL,COUNTRY,ITA,EUR,Europe,YEAR,2024,TOBACCO_INDICATOR,TOBACCO_INDICATOR_Youth_svy_yr,,,,,,,2022,2022,,,,2025-07-24T14:32:31Z,2024,2024-01-01,2024-12-31
9769937,TOBACCO_MPOWER_M3_TOBACCOUSESMOKINGSCHOOL,COUNTRY,ISR,EUR,Europe,YEAR,2024,TOBACCO_INDICATOR,TOBACCO_INDICATOR_Youth_survey_title,,,,,,,Health Behaviour in School-aged Children,,,,,2025-07-24T14:32:31Z,2024,2024-01-01,2024-12-31
9772733,TOBACCO_MPOWER_M3_TOBACCOUSESMOKINGSCHOOL,COUNTRY,CZE,EUR,Europe,YEAR,2024,TOBACCO_INDICATOR,TOBACCO_INDICATOR_Youth_svy_national,,,,,,,National,,,,,2025-07-24T14:32:31Z,2024,2024-01-01,2024-12-31
9780129,TOBACCO_MPOWER_M3_TOBACCOUSESMOKINGSCHOOL,COUNTRY,KIR,WPR,Western Pacific,YEAR,2024,TOBACCO_INDICATOR,TOBACCO_INDICATOR_Youth_svy_age_range,,,,,,,13-17,,,,,2025-07-24T14:32:31Z,2024,2024-01-01,2024-12-31
9781772,TOBACCO_MPOWER_M3_TOBACCOUSESMOKINGSCHOOL,COUNTRY,TJK,EUR,Europe,YEAR,2024,TOBACCO_INDICATOR,TOBACCO_INDICATOR_Youth_svy_national,,,,,,,National,,,,,2025-07-24T14:32:31Z,2024,2024-01-01,2024-12-31
9805637,TOBACCO_MPOWER_M3_TOBACCOUSESMOKINGSCHOOL,COUNTRY,SWZ,AFR,Africa,YEAR,2024,TOBACCO_INDICATOR,TOBACCO_INDICATOR_Youth_svy_yr,,,,,,,2009,2009,,,,2025-07-24T14:32:31Z,2024,2024-01-01,2024-12-31
9816815,TOBACCO_MPOWER_M3_TOBACCOUSESMOKINGSCHOOL,COUNTRY,HRV,EUR,Europe,YEAR,2024,TOBACCO_INDICATOR,TOBACCO_INDICATOR_Youth_svy_national,,,,,,,National,,,,,2025-07-24T14:32:31Z,2024,2024-01-01,2024-12-31
9818356,TOBACCO_MPOWER_M3_TOBACCOUSESMOKINGSCHOOL,COUNTRY,PAK,EMR,Eastern Mediterranean,YEAR,2024,TOBACCO_INDICATOR,TOBACCO_INDICATOR_Youth_svy_age_range,,,,,,,13-15,,,,,2025-07-24T14:32:31Z,2024,2024-01-01,2024-12-31
9818747,TOBACCO_MPOWER_M3_TOBACCOUSESMOKINGSCHOOL,COUNTRY,DJI,EMR,Eastern Mediterranean,YEAR,2024,TOBACCO_INDICATOR,TOBACCO_INDICATOR_Youth_svy_national,,,,,,,National,,,,,2025-07-24T14:32:31Z,2024,2024-01-01,2024-12-31
9822049,TOBACCO_MPOWER_M3_TOBACCOUSESMOKINGSCHOOL,COUNTRY,TJK,EUR,Europe,YEAR,2024,TOBACCO_INDICATOR,TOBACCO_INDICATOR_Youth_survey_title,,,,,,,Health Behaviour in School-aged Children,,,,,2025-07-24T14:32:31Z,2024,2024-01-01,2024-12-31
9834756,TOBACCO_MPOWER_M3_TOBACCOUSESMOKINGSCHOOL,COUNTRY,MNE,EUR,Europe,YEAR,2024,TOBACCO_INDICATOR,TOBACCO_INDICATOR_Youth_svy_age_range,,,,,,,15-16,,,,,2025-07-24T14:32:31Z,2024,2024-01-01,2024-12-31
9855333,TOBACCO_MPOWER_M3_TOBACCOUSESMOKINGSCHOOL,COUNTRY,COL,AMR,Americas,YEAR,2024,TOBACCO_INDICATOR,TOBACCO_INDICATOR_Youth_svy_national,,,,,,,National,,,,,2025-07-24T14:32:31Z,2024,2024-01-01,2024-12-31
9863850,TOBACCO_MPOWER_M3_TOBACCOUSESMOKINGSCHOOL,COUNTRY,TZA,AFR,Africa,YEAR,2024,TOBACCO_INDICATOR,TOBACCO_INDICATOR_Youth_svy_national,,,,,,,National,,,,,2025-07-24T14:32:31Z,2024,2024-01-01,2024-12-31
9879016,TOBACCO_MPOWER_M3_TOBACCOUSESMOKINGSCHOOL,COUNTRY,CIV,AFR,Africa,YEAR,2024,TOBACCO_INDICATOR,TOBACCO_INDICATOR_Youth_svy_national,,,,,,,National,,,,,2025-07-24T14:32:31Z,2024,2024-01-01,2024-12-31
9887378,TOBACCO_MPOWER_M3_TOBACCOUSESMOKINGSCHOOL,COUNTRY,IRL,EUR,Europe,YEAR,2024,TOBACCO_INDICATOR,TOBACCO_INDICATOR_Youth_survey_title,,,,,,,Health Behaviour in School-aged Children,,,,,2025-07-24T14:32:31Z,2024,2024-01-01,2024-12-31
9903332,TOBACCO_MPOWER_M3_TOBACCOUSESMOKINGSCHOOL,COUNTRY,JPN,WPR,Western Pacific,YEAR,2024,TOBACCO_INDICATOR,TOBACCO_INDICATOR_Youth_svy_national,,,,,,,National,,,,,2025-07-24T14:32:31Z,2024,2024-01-01,2024-12-31
9910565,TOBACCO_MPOWER_M3_TOBACCOUSESMOKINGSCHOOL,COUNTRY,BEL,EUR,Europe,YEAR,2024,TOBACCO_INDICATOR,TOBACCO_INDICATOR_Youth_svy_age_range,,,,,,,12-18,46009,,,,2026-01-27T14:35:19Z,2024,2024-01-01,2024-12-31
9924248,TOBACCO_MPOWER_M3_TOBACCOUSESMOKINGSCHOOL,COUNTRY,RUS,EUR,Europe,YEAR,2024,TOBACCO_INDICATOR,TOBACCO_INDICATOR_Youth_svy_yr,,,,,,,2021,2021,,,,2025-07-24T14:32:31Z,2024,2024-01-01,2024-12-31
9952247,TOBACCO_MPOWER_M3_TOBACCOUSESMOKINGSCHOOL,COUNTRY,DZA,AFR,Africa,YEAR,2024,TOBACCO_INDICATOR,TOBACCO_INDICATOR_Youth_svy_national,,,,,,,National,,,,,2025-07-24T14:32:31Z,2024,2024-01-01,2024-12-31
9967165,TOBACCO_MPOWER_M3_TOBACCOUSESMOKINGSCHOOL,COUNTRY,DEU,EUR,Europe,YEAR,2024,TOBACCO_INDICATOR,TOBACCO_INDICATOR_Youth_svy_national,,,,,,,National,,,,,2025-07-24T14:32:31Z,2024,2024-01-01,2024-12-31
9974951,TOBACCO_MPOWER_M3_TOBACCOUSESMOKINGSCHOOL,COUNTRY,NAM,AFR,Africa,YEAR,2024,TOBACCO_INDICATOR,TOBACCO_INDICATOR_Youth_svy_age_range,,,,,,,13-15,,,,,2025-07-24T14:32:31Z,2024,2024-01-01,2024-12-31
9985765,TOBACCO_MPOWER_M3_TOBACCOUSESMOKINGSCHOOL,COUNTRY,PSE,EMR,Eastern Mediterranean,YEAR,2024,TOBACCO_INDICATOR,TOBACCO_INDICATOR_Youth_svy_age_range,,,,,,,13-15,,,,,2025-07-24T14:32:31Z,2024,2024-01-01,2024-12-31
10015336,TOBACCO_MPOWER_M3_TOBACCOUSESMOKINGSCHOOL,COUNTRY,ECU,AMR,Americas,YEAR,2024,TOBACCO_INDICATOR,TOBACCO_INDICATOR_Youth_svy_national,,,,,,,National,,,,,2025-07-24T14:32:31Z,2024,2024-01-01,2024-12-31
10053688,TOBACCO_MPOWER_M3_TOBACCOUSESMOKINGSCHOOL,COUNTRY,GTM,AMR,Americas,YEAR,2024,TOBACCO_INDICATOR,TOBACCO_INDICATOR_Youth_survey_title,,,,,,,Global Youth Tobacco Survey,,,,,2025-07-24T14:32:31Z,2024,2024-01-01,2024-12-31
10064981,TOBACCO_MPOWER_M3_TOBACCOUSESMOKINGSCHOOL,COUNTRY,LAO,WPR,Western Pacific,YEAR,2024,TOBACCO_INDICATOR,TOBACCO_INDICATOR_Youth_svy_age_range,,,,,,,13-15,,,,,2025-07-24T14:32:31Z,2024,2024-01-01,2024-12-31
10065606,TOBACCO_MPOWER_M3_TOBACCOUSESMOKINGSCHOOL,COUNTRY,SVK,EUR,Europe,YEAR,2024,TOBACCO_INDICATOR,TOBACCO_INDICATOR_Youth_svy_age_range,,,,,,,15-15,,,,,2025-07-24T14:32:31Z,2024,2024-01-01,2024-12-31
10066968,TOBACCO_MPOWER_M3_TOBACCOUSESMOKINGSCHOOL,COUNTRY,LSO,AFR,Africa,YEAR,2024,TOBACCO_INDICATOR,TOBACCO_INDICATOR_Youth_svy_age_range,,,,,,,13-15,,,,,2025-07-24T14:32:31Z,2024,2024-01-01,2024-12-31
10075591,TOBACCO_MPOWER_M3_TOBACCOUSESMOKINGSCHOOL,COUNTRY,THA,SEAR,South-East Asia,YEAR,2024,TOBACCO_INDICATOR,TOBACCO_INDICATOR_Youth_svy_age_range,,,,,,,13-15,,,,,2025-07-24T14:32:31Z,2024,2024-01-01,2024-12-31
10116796,TOBACCO_MPOWER_M3_TOBACCOUSESMOKINGSCHOOL,COUNTRY,KOR,WPR,Western Pacific,YEAR,2024,TOBACCO_INDICATOR,TOBACCO_INDICATOR_Youth_survey_title,,,,,,,Korea Youth Risk Behavior Web-based Survey,,,,,2025-07-24T14:32:31Z,2024,2024-01-01,2024-12-31
10170517,TOBACCO_MPOWER_M3_TOBACCOUSESMOKINGSCHOOL,COUNTRY,SSD,AFR,Africa,YEAR,2024,TOBACCO_INDICATOR,TOBACCO_INDICATOR_Youth_svy_age_range,,,,,,,. . .,,,,,2025-07-24T14:32:31Z,2024,2024-01-01,2024-12-31
10174146,TOBACCO_MPOWER_M3_TOBACCOUSESMOKINGSCHOOL,COUNTRY,KOR,WPR,Western Pacific,YEAR,2024,TOBACCO_INDICATOR,TOBACCO_INDICATOR_Youth_svy_yr,,,,,,,2024,2024,,,,2025-07-24T14:32:31Z,2024,2024-01-01,2024-12-31
10192577,TOBACCO_MPOWER_M3_TOBACCOUSESMOKINGSCHOOL,COUNTRY,IRQ,EMR,Eastern Mediterranean,YEAR,2024,TOBACCO_INDICATOR,TOBACCO_INDICATOR_Youth_svy_yr,,,,,,,2019,2019,,,,2025-07-24T14:32:31Z,2024,2024-01-01,2024-12-31
10203580,TOBACCO_MPOWER_M3_TOBACCOUSESMOKINGSCHOOL,COUNTRY,POL,EUR,Europe,YEAR,2024,TOBACCO_INDICATOR,TOBACCO_INDICATOR_Youth_svy_national,,,,,,,National,,,,,2025-07-24T14:32:31Z,2024,2024-01-01,2024-12-31
10205092,TOBACCO_MPOWER_M3_TOBACCOUSESMOKINGSCHOOL,COUNTRY,LBN,EMR,Eastern Mediterranean,YEAR,2024,TOBACCO_INDICATOR,TOBACCO_INDICATOR_Youth_svy_yr,,,,,,,2017,2017,,,,2025-07-24T14:32:31Z,2024,2024-01-01,2024-12-31
10205591,TOBACCO_MPOWER_M3_TOBACCOUSESMOKINGSCHOOL,COUNTRY,COL,AMR,Americas,YEAR,2024,TOBACCO_INDICATOR,TOBACCO_INDICATOR_Youth_survey_title,,,,,,,Encuesta Nacional sobre Consumo de Sustancias Psicoactivas en Población Escolar,,,,,2025-07-24T14:32:31Z,2024,2024-01-01,2024-12-31
10217242,TOBACCO_MPOWER_M3_TOBACCOUSESMOKINGSCHOOL,COUNTRY,VNM,WPR,Western Pacific,YEAR,2024,TOBACCO_INDICATOR,TOBACCO_INDICATOR_Youth_survey_title,,,,,,,Viet Nam Youth Tobacco Survey,,,,,2025-07-24T14:32:31Z,2024,2024-01-01,2024-12-31
10223083,TOBACCO_MPOWER_M3_TOBACCOUSESMOKINGSCHOOL,COUNTRY,MHL,WPR,Western Pacific,YEAR,2024,TOBACCO_INDICATOR,TOBACCO_INDICATOR_Youth_svy_age_range,,,,,,,13-15,,,,,2025-07-24T14:32:31Z,2024,2024-01-01,2024-12-31
10226138,TOBACCO_MPOWER_M3_TOBACCOUSESMOKINGSCHOOL,COUNTRY,SSD,AFR,Africa,YEAR,2024,TOBACCO_INDICATOR,TOBACCO_INDICATOR_Youth_svy_yr,,,,,,,. . .,,,,,2025-07-24T14:32:31Z,2024,2024-01-01,2024-12-31
10250322,TOBACCO_MPOWER_M3_TOBACCOUSESMOKINGSCHOOL,COUNTRY,PHL,WPR,Western Pacific,YEAR,2024,TOBACCO_INDICATOR,TOBACCO_INDICATOR_Youth_svy_yr,,,,,,,2019,2019,,,,2025-07-24T14:32:31Z,2024,2024-01-01,2024-12-31
10251108,TOBACCO_MPOWER_M3_TOBACCOUSESMOKINGSCHOOL,COUNTRY,CPV,AFR,Africa,YEAR,2024,TOBACCO_INDICATOR,TOBACCO_INDICATOR_Youth_svy_age_range,,,,,,,13-15,,,,,2025-07-24T14:32:31Z,2024,2024-01-01,2024-12-31
10251979,TOBACCO_MPOWER_M3_TOBACCOUSESMOKINGSCHOOL,COUNTRY,LAO,WPR,Western Pacific,YEAR,2024,TOBACCO_INDICATOR,TOBACCO_INDICATOR_Youth_svy_yr,,,,,,,2016,2016,,,,2025-07-24T14:32:31Z,2024,2024-01-01,2024-12-31
10271068,TOBACCO_MPOWER_M3_TOBACCOUSESMOKINGSCHOOL,COUNTRY,KAZ,EUR,Europe,YEAR,2024,TOBACCO_INDICATOR,TOBACCO_INDICATOR_Youth_survey_title,,,,,,,Health Behaviour in School-aged Children,,,,,2025-07-24T14:32:31Z,2024,2024-01-01,2024-12-31
10272143,TOBACCO_MPOWER_M3_TOBACCOUSESMOKINGSCHOOL,COUNTRY,PRY,AMR,Americas,YEAR,2024,TOBACCO_INDICATOR,TOBACCO_INDICATOR_Youth_svy_yr,,,,,,,2019,2019,,,,2025-07-24T14:32:31Z,2024,2024-01-01,2024-12-31
10278717,TOBACCO_MPOWER_M3_TOBACCOUSESMOKINGSCHOOL,COUNTRY,MWI,AFR,Africa,YEAR,2024,TOBACCO_INDICATOR,TOBACCO_INDICATOR_Youth_svy_national,,,,,,,National,,,,,2025-07-24T14:32:31Z,2024,2024-01-01,2024-12-31
