Id,IndicatorCode,SpatialDimension,SpatialDimensionValueCode,ParentLocationCode,ParentLocation,TimeDimension,TimeDim,DisaggregatingDimension1,DisaggregatingDimension1ValueCode,DisaggregatingDimension2,DisaggregatingDimension2ValueCode,DisaggregatingDimension3,DisaggregatingDimension3ValueCode,DataSourceDimension,DataSourceDimensionValueCode,Value,NumericValue,Low,High,Comments,Date,TimeDimensionValue,TimeDimensionBegin,TimeDimensionEnd
2957878,TOBACCO_MPOWER_M4_SMOKELESSECIGARETTESSCHOOL,COUNTRY,FRA,EUR,Europe,YEAR,2024,TOBACCO_INDICATOR,TOBACCO_INDICATOR_Yth_nonsmoked_age_grp,,,,,,,15-15,,,,,2025-07-24T14:32:31Z,2024,2024-01-01,2024-12-31
2973700,TOBACCO_MPOWER_M4_SMOKELESSECIGARETTESSCHOOL,COUNTRY,ZWE,AFR,Africa,YEAR,2024,TOBACCO_INDICATOR,TOBACCO_INDICATOR_Yth_nonsmoked_national,,,,,,,National,,,,,2025-07-24T14:32:31Z,2024,2024-01-01,2024-12-31
2976219,TOBACCO_MPOWER_M4_SMOKELESSECIGARETTESSCHOOL,COUNTRY,SMR,EUR,Europe,YEAR,2024,TOBACCO_INDICATOR,TOBACCO_INDICATOR_Yth_nonsmoked_age_grp,,,,,,,13-15,,,,,2025-07-24T14:32:31Z,2024,2024-01-01,2024-12-31
3018385,TOBACCO_MPOWER_M4_SMOKELESSECIGARETTESSCHOOL,COUNTRY,ARE,EMR,Eastern Mediterranean,YEAR,2024,TOBACCO_INDICATOR,TOBACCO_INDICATOR_Yth_nonsmoked_age_grp,,,,,,,13-15,,,,,2025-07-24T14:32:31Z,2024,2024-01-01,2024-12-31
3042781,TOBACCO_MPOWER_M4_SMOKELESSECIGARETTESSCHOOL,COUNTRY,HUN,EUR,Europe,YEAR,2024,TOBACCO_INDICATOR,TOBACCO_INDICATOR_Yth_nonsmoked_svy_title,,,,,,,Health Behaviour in School-aged Children,,,,,2025-07-24T14:32:31Z,2024,2024-01-01,2024-12-31
3056298,TOBACCO_MPOWER_M4_SMOKELESSECIGARETTESSCHOOL,COUNTRY,MYS,WPR,Western Pacific,YEAR,2024,TOBACCO_INDICATOR,TOBACCO_INDICATOR_Yth_nonsmoked_age_grp,,,,,,,13-17,,,,,2025-07-24T14:32:31Z,2024,2024-01-01,2024-12-31
3067733,TOBACCO_MPOWER_M4_SMOKELESSECIGARETTESSCHOOL,COUNTRY,UKR,EUR,Europe,YEAR,2024,TOBACCO_INDICATOR,TOBACCO_INDICATOR_Yth_nonsmoked_svy_yr,,,,,,,2019,2019,,,,2025-07-24T14:32:31Z,2024,2024-01-01,2024-12-31
3071066,TOBACCO_MPOWER_M4_SMOKELESSECIGARETTESSCHOOL,COUNTRY,UGA,AFR,Africa,YEAR,2024,TOBACCO_INDICATOR,TOBACCO_INDICATOR_Yth_nonsmoked_svy_yr,,,,,,,2018,2018,,,,2025-07-24T14:32:31Z,2024,2024-01-01,2024-12-31
3085024,TOBACCO_MPOWER_M4_SMOKELESSECIGARETTESSCHOOL,COUNTRY,MOZ,AFR,Africa,YEAR,2024,TOBACCO_INDICATOR,TOBACCO_INDICATOR_Yth_nonsmoked_age_grp,,,,,,,13-15,,,,,2025-07-24T14:32:31Z,2024,2024-01-01,2024-12-31
3092309,TOBACCO_MPOWER_M4_SMOKELESSECIGARETTESSCHOOL,COUNTRY,SDN,EMR,Eastern Mediterranean,YEAR,2024,TOBACCO_INDICATOR,TOBACCO_INDICATOR_Yth_nonsmoked_national,,,,,,,National,,,,,2025-07-24T14:32:31Z,2024,2024-01-01,2024-12-31
3095232,TOBACCO_MPOWER_M4_SMOKELESSECIGARETTESSCHOOL,COUNTRY,GRD,AMR,Americas,YEAR,2024,TOBACCO_INDICATOR,TOBACCO_INDICATOR_Yth_nonsmoked_age_grp,,,,,,,13-15,,,,,2025-07-24T14:32:31Z,2024,2024-01-01,2024-12-31
3095291,TOBACCO_MPOWER_M4_SMOKELESSECIGARETTESSCHOOL,COUNTRY,DZA,AFR,Africa,YEAR,2024,TOBACCO_INDICATOR,TOBACCO_INDICATOR_Yth_nonsmoked_svy_yr,,,,,,,2013,2013,,,,2025-07-24T14:32:31Z,2024,2024-01-01,2024-12-31
3108372,TOBACCO_MPOWER_M4_SMOKELESSECIGARETTESSCHOOL,COUNTRY,CPV,AFR,Africa,YEAR,2024,TOBACCO_INDICATOR,TOBACCO_INDICATOR_Yth_nonsmoked_svy_title,,,,,,,Global Youth Tobacco Survey,,,,,2025-07-24T14:32:31Z,2024,2024-01-01,2024-12-31
3118572,TOBACCO_MPOWER_M4_SMOKELESSECIGARETTESSCHOOL,COUNTRY,YEM,EMR,Eastern Mediterranean,YEAR,2024,TOBACCO_INDICATOR,TOBACCO_INDICATOR_Yth_nonsmoked_svy_yr,,,,,,,2014,2014,,,,2025-07-24T14:32:31Z,2024,2024-01-01,2024-12-31
3123798,TOBACCO_MPOWER_M4_SMOKELESSECIGARETTESSCHOOL,COUNTRY,CUB,AMR,Americas,YEAR,2024,TOBACCO_INDICATOR,TOBACCO_INDICATOR_Yth_nonsmoked_svy_yr,,,,,,,2018,2018,,,,2025-07-24T14:32:31Z,2024,2024-01-01,2024-12-31
3133911,TOBACCO_MPOWER_M4_SMOKELESSECIGARETTESSCHOOL,COUNTRY,VNM,WPR,Western Pacific,YEAR,2024,TOBACCO_INDICATOR,TOBACCO_INDICATOR_Yth_nonsmoked_svy_yr,,,,,,,2022,2022,,,,2025-07-24T14:32:31Z,2024,2024-01-01,2024-12-31
3137556,TOBACCO_MPOWER_M4_SMOKELESSECIGARETTESSCHOOL,COUNTRY,ARG,AMR,Americas,YEAR,2024,TOBACCO_INDICATOR,TOBACCO_INDICATOR_Yth_nonsmoked_svy_title,,,,,,,Global Youth Tobacco Survey,,,,,2025-07-24T14:32:31Z,2024,2024-01-01,2024-12-31
3183827,TOBACCO_MPOWER_M4_SMOKELESSECIGARETTESSCHOOL,COUNTRY,SLV,AMR,Americas,YEAR,2024,TOBACCO_INDICATOR,TOBACCO_INDICATOR_Yth_nonsmoked_svy_yr,,,,,,,2021,2021,,,,2025-07-24T14:32:31Z,2024,2024-01-01,2024-12-31
3218833,TOBACCO_MPOWER_M4_SMOKELESSECIGARETTESSCHOOL,COUNTRY,ARM,EUR,Europe,YEAR,2024,TOBACCO_INDICATOR,TOBACCO_INDICATOR_Yth_nonsmoked_svy_title,,,,,,,Health Behaviour in School-aged Children,,,,,2025-07-24T14:32:31Z,2024,2024-01-01,2024-12-31
3224271,TOBACCO_MPOWER_M4_SMOKELESSECIGARETTESSCHOOL,COUNTRY,SYC,AFR,Africa,YEAR,2024,TOBACCO_INDICATOR,TOBACCO_INDICATOR_Yth_nonsmoked_svy_title,,,,,,,Global Youth Tobacco Survey,,,,,2025-07-24T14:32:31Z,2024,2024-01-01,2024-12-31
3227583,TOBACCO_MPOWER_M4_SMOKELESSECIGARETTESSCHOOL,COUNTRY,DMA,AMR,Americas,YEAR,2024,TOBACCO_INDICATOR,TOBACCO_INDICATOR_Yth_nonsmoked_age_grp,,,,,,,13-15,,,,,2025-07-24T14:32:31Z,2024,2024-01-01,2024-12-31
3230818,TOBACCO_MPOWER_M4_SMOKELESSECIGARETTESSCHOOL,COUNTRY,ALB,EUR,Europe,YEAR,2024,TOBACCO_INDICATOR,TOBACCO_INDICATOR_Yth_nonsmoked_svy_yr,,,,,,,2021-22,,,,,2025-07-24T14:32:31Z,2024,2024-01-01,2024-12-31
3240710,TOBACCO_MPOWER_M4_SMOKELESSECIGARETTESSCHOOL,COUNTRY,VEN,AMR,Americas,YEAR,2024,TOBACCO_INDICATOR,TOBACCO_INDICATOR_Yth_nonsmoked_national,,,,,,,National,,,,,2025-07-24T14:32:31Z,2024,2024-01-01,2024-12-31
3251549,TOBACCO_MPOWER_M4_SMOKELESSECIGARETTESSCHOOL,COUNTRY,MOZ,AFR,Africa,YEAR,2024,TOBACCO_INDICATOR,TOBACCO_INDICATOR_Yth_nonsmoked_svy_yr,,,,,,,2013,2013,,,,2025-07-24T14:32:31Z,2024,2024-01-01,2024-12-31
3280107,TOBACCO_MPOWER_M4_SMOKELESSECIGARETTESSCHOOL,COUNTRY,PAK,EMR,Eastern Mediterranean,YEAR,2024,TOBACCO_INDICATOR,TOBACCO_INDICATOR_Yth_nonsmoked_svy_title,,,,,,,Global Youth Tobacco Survey,,,,,2025-07-24T14:32:31Z,2024,2024-01-01,2024-12-31
3284430,TOBACCO_MPOWER_M4_SMOKELESSECIGARETTESSCHOOL,COUNTRY,KNA,AMR,Americas,YEAR,2024,TOBACCO_INDICATOR,TOBACCO_INDICATOR_Yth_nonsmoked_svy_title,,,,,,,Global Youth Tobacco Survey,,,,,2025-07-24T14:32:31Z,2024,2024-01-01,2024-12-31
3294413,TOBACCO_MPOWER_M4_SMOKELESSECIGARETTESSCHOOL,COUNTRY,BGR,EUR,Europe,YEAR,2024,TOBACCO_INDICATOR,TOBACCO_INDICATOR_Yth_nonsmoked_svy_yr,,,,,,,2023,2023,,,,2025-07-24T14:32:31Z,2024,2024-01-01,2024-12-31
3300589,TOBACCO_MPOWER_M4_SMOKELESSECIGARETTESSCHOOL,COUNTRY,IRQ,EMR,Eastern Mediterranean,YEAR,2024,TOBACCO_INDICATOR,TOBACCO_INDICATOR_Yth_nonsmoked_national,,,,,,,National,,,,,2025-07-24T14:32:31Z,2024,2024-01-01,2024-12-31
3302621,TOBACCO_MPOWER_M4_SMOKELESSECIGARETTESSCHOOL,COUNTRY,SYR,EMR,Eastern Mediterranean,YEAR,2024,TOBACCO_INDICATOR,TOBACCO_INDICATOR_Yth_nonsmoked_svy_yr,,,,,,,. . .,,,,,2025-07-24T14:32:31Z,2024,2024-01-01,2024-12-31
3340502,TOBACCO_MPOWER_M4_SMOKELESSECIGARETTESSCHOOL,COUNTRY,BRB,AMR,Americas,YEAR,2024,TOBACCO_INDICATOR,TOBACCO_INDICATOR_Yth_nonsmoked_svy_title,,,,,,,Global Youth Tobacco Survey,,,,,2025-07-24T14:32:31Z,2024,2024-01-01,2024-12-31
3347762,TOBACCO_MPOWER_M4_SMOKELESSECIGARETTESSCHOOL,COUNTRY,KEN,AFR,Africa,YEAR,2024,TOBACCO_INDICATOR,TOBACCO_INDICATOR_Yth_nonsmoked_svy_yr,,,,,,,2013,2013,,,,2025-07-24T14:32:31Z,2024,2024-01-01,2024-12-31
3358316,TOBACCO_MPOWER_M4_SMOKELESSECIGARETTESSCHOOL,COUNTRY,DZA,AFR,Africa,YEAR,2024,TOBACCO_INDICATOR,TOBACCO_INDICATOR_Yth_nonsmoked_national,,,,,,,National,,,,,2025-07-24T14:32:31Z,2024,2024-01-01,2024-12-31
3371977,TOBACCO_MPOWER_M4_SMOKELESSECIGARETTESSCHOOL,COUNTRY,CAN,AMR,Americas,YEAR,2024,TOBACCO_INDICATOR,TOBACCO_INDICATOR_Yth_nonsmoked_national,,,,,,,National,,,,,2025-07-24T14:32:31Z,2024,2024-01-01,2024-12-31
3375079,TOBACCO_MPOWER_M4_SMOKELESSECIGARETTESSCHOOL,COUNTRY,USA,AMR,Americas,YEAR,2024,TOBACCO_INDICATOR,TOBACCO_INDICATOR_Yth_nonsmoked_svy_title,,,,,,,National Youth Tobacco Survey,,,,,2025-07-24T14:32:31Z,2024,2024-01-01,2024-12-31
3383469,TOBACCO_MPOWER_M4_SMOKELESSECIGARETTESSCHOOL,COUNTRY,ALB,EUR,Europe,YEAR,2024,TOBACCO_INDICATOR,TOBACCO_INDICATOR_Yth_nonsmoked_national,,,,,,,National,,,,,2025-07-24T14:32:31Z,2024,2024-01-01,2024-12-31
3386438,TOBACCO_MPOWER_M4_SMOKELESSECIGARETTESSCHOOL,COUNTRY,SDN,EMR,Eastern Mediterranean,YEAR,2024,TOBACCO_INDICATOR,TOBACCO_INDICATOR_Yth_nonsmoked_svy_yr,,,,,,,2014,2014,,,,2025-07-24T14:32:31Z,2024,2024-01-01,2024-12-31
3395966,TOBACCO_MPOWER_M4_SMOKELESSECIGARETTESSCHOOL,COUNTRY,STP,AFR,Africa,YEAR,2024,TOBACCO_INDICATOR,TOBACCO_INDICATOR_Yth_nonsmoked_national,,,,,,,. . .,,,,,2025-07-24T14:32:31Z,2024,2024-01-01,2024-12-31
3400751,TOBACCO_MPOWER_M4_SMOKELESSECIGARETTESSCHOOL,COUNTRY,CAF,AFR,Africa,YEAR,2024,TOBACCO_INDICATOR,TOBACCO_INDICATOR_Yth_nonsmoked_national,,,,,,,Subnational,,,,,2025-07-24T14:32:31Z,2024,2024-01-01,2024-12-31
3402776,TOBACCO_MPOWER_M4_SMOKELESSECIGARETTESSCHOOL,COUNTRY,SYC,AFR,Africa,YEAR,2024,TOBACCO_INDICATOR,TOBACCO_INDICATOR_Yth_nonsmoked_age_grp,,,,,,,13-15,,,,,2025-07-24T14:32:31Z,2024,2024-01-01,2024-12-31
3406529,TOBACCO_MPOWER_M4_SMOKELESSECIGARETTESSCHOOL,COUNTRY,MNG,WPR,Western Pacific,YEAR,2024,TOBACCO_INDICATOR,TOBACCO_INDICATOR_Yth_nonsmoked_age_grp,,,,,,,13-17,,,,,2025-07-24T14:32:31Z,2024,2024-01-01,2024-12-31
3418079,TOBACCO_MPOWER_M4_SMOKELESSECIGARETTESSCHOOL,COUNTRY,TLS,SEAR,South-East Asia,YEAR,2024,TOBACCO_INDICATOR,TOBACCO_INDICATOR_Yth_nonsmoked_svy_yr,,,,,,,2019,2019,,,,2025-07-24T14:32:31Z,2024,2024-01-01,2024-12-31
3491425,TOBACCO_MPOWER_M4_SMOKELESSECIGARETTESSCHOOL,COUNTRY,LBR,AFR,Africa,YEAR,2024,TOBACCO_INDICATOR,TOBACCO_INDICATOR_Yth_nonsmoked_svy_yr,,,,,,,2008,2008,,,,2025-07-24T14:32:31Z,2024,2024-01-01,2024-12-31
3493233,TOBACCO_MPOWER_M4_SMOKELESSECIGARETTESSCHOOL,COUNTRY,PRY,AMR,Americas,YEAR,2024,TOBACCO_INDICATOR,TOBACCO_INDICATOR_Yth_nonsmoked_svy_title,,,,,,,Global Youth Tobacco Survey,,,,,2025-07-24T14:32:31Z,2024,2024-01-01,2024-12-31
3496011,TOBACCO_MPOWER_M4_SMOKELESSECIGARETTESSCHOOL,COUNTRY,AUT,EUR,Europe,YEAR,2024,TOBACCO_INDICATOR,TOBACCO_INDICATOR_Yth_nonsmoked_age_grp,,,,,,,15-16,,,,,2025-07-24T14:32:31Z,2024,2024-01-01,2024-12-31
3536914,TOBACCO_MPOWER_M4_SMOKELESSECIGARETTESSCHOOL,COUNTRY,TUN,EMR,Eastern Mediterranean,YEAR,2024,TOBACCO_INDICATOR,TOBACCO_INDICATOR_Yth_nonsmoked_svy_title,,,,,,,Global Youth Tobacco Survey,,,,,2025-07-24T14:32:31Z,2024,2024-01-01,2024-12-31
3537401,TOBACCO_MPOWER_M4_SMOKELESSECIGARETTESSCHOOL,COUNTRY,DOM,AMR,Americas,YEAR,2024,TOBACCO_INDICATOR,TOBACCO_INDICATOR_Yth_nonsmoked_national,,,,,,,National,,,,,2025-07-24T14:32:31Z,2024,2024-01-01,2024-12-31
3537402,TOBACCO_MPOWER_M4_SMOKELESSECIGARETTESSCHOOL,COUNTRY,PRT,EUR,Europe,YEAR,2024,TOBACCO_INDICATOR,TOBACCO_INDICATOR_Yth_nonsmoked_national,,,,,,,National,,,,,2025-07-24T14:32:31Z,2024,2024-01-01,2024-12-31
3546752,TOBACCO_MPOWER_M4_SMOKELESSECIGARETTESSCHOOL,COUNTRY,PAN,AMR,Americas,YEAR,2024,TOBACCO_INDICATOR,TOBACCO_INDICATOR_Yth_nonsmoked_svy_title,,,,,,,Global Youth Tobacco Survey,,,,,2025-07-24T14:32:31Z,2024,2024-01-01,2024-12-31
3551770,TOBACCO_MPOWER_M4_SMOKELESSECIGARETTESSCHOOL,COUNTRY,CAN,AMR,Americas,YEAR,2024,TOBACCO_INDICATOR,TOBACCO_INDICATOR_Yth_nonsmoked_svy_yr,,,,,,,2021-22,,,,,2025-07-24T14:32:31Z,2024,2024-01-01,2024-12-31
3571318,TOBACCO_MPOWER_M4_SMOKELESSECIGARETTESSCHOOL,COUNTRY,HRV,EUR,Europe,YEAR,2024,TOBACCO_INDICATOR,TOBACCO_INDICATOR_Yth_nonsmoked_svy_title,,,,,,,Health Behaviour in School-aged Children,,,,,2025-07-24T14:32:31Z,2024,2024-01-01,2024-12-31
3576124,TOBACCO_MPOWER_M4_SMOKELESSECIGARETTESSCHOOL,COUNTRY,CPV,AFR,Africa,YEAR,2024,TOBACCO_INDICATOR,TOBACCO_INDICATOR_Yth_nonsmoked_national,,,,,,,National,,,,,2025-07-24T14:32:31Z,2024,2024-01-01,2024-12-31
3588053,TOBACCO_MPOWER_M4_SMOKELESSECIGARETTESSCHOOL,COUNTRY,MRT,AFR,Africa,YEAR,2024,TOBACCO_INDICATOR,TOBACCO_INDICATOR_Yth_nonsmoked_national,,,,,,,National,,,,,2025-07-24T14:32:31Z,2024,2024-01-01,2024-12-31
3594855,TOBACCO_MPOWER_M4_SMOKELESSECIGARETTESSCHOOL,COUNTRY,KEN,AFR,Africa,YEAR,2024,TOBACCO_INDICATOR,TOBACCO_INDICATOR_Yth_nonsmoked_age_grp,,,,,,,13-15,,,,,2025-07-24T14:32:31Z,2024,2024-01-01,2024-12-31
3595688,TOBACCO_MPOWER_M4_SMOKELESSECIGARETTESSCHOOL,COUNTRY,LSO,AFR,Africa,YEAR,2024,TOBACCO_INDICATOR,TOBACCO_INDICATOR_Yth_nonsmoked_age_grp,,,,,,,13-15,,,,,2025-07-24T14:32:31Z,2024,2024-01-01,2024-12-31
3600581,TOBACCO_MPOWER_M4_SMOKELESSECIGARETTESSCHOOL,COUNTRY,IRQ,EMR,Eastern Mediterranean,YEAR,2024,TOBACCO_INDICATOR,TOBACCO_INDICATOR_Yth_nonsmoked_svy_yr,,,,,,,2019,2019,,,,2025-07-24T14:32:31Z,2024,2024-01-01,2024-12-31
3615018,TOBACCO_MPOWER_M4_SMOKELESSECIGARETTESSCHOOL,COUNTRY,CMR,AFR,Africa,YEAR,2024,TOBACCO_INDICATOR,TOBACCO_INDICATOR_Yth_nonsmoked_svy_title,,,,,,,Global Youth Tobacco Survey,,,,,2025-07-24T14:32:31Z,2024,2024-01-01,2024-12-31
3618556,TOBACCO_MPOWER_M4_SMOKELESSECIGARETTESSCHOOL,COUNTRY,MOZ,AFR,Africa,YEAR,2024,TOBACCO_INDICATOR,TOBACCO_INDICATOR_Yth_nonsmoked_svy_title,,,,,,,Global Youth Tobacco Survey,,,,,2025-07-24T14:32:31Z,2024,2024-01-01,2024-12-31
3630291,TOBACCO_MPOWER_M4_SMOKELESSECIGARETTESSCHOOL,COUNTRY,GNB,AFR,Africa,YEAR,2024,TOBACCO_INDICATOR,TOBACCO_INDICATOR_Yth_nonsmoked_svy_yr,,,,,,,. . .,,,,,2025-07-24T14:32:31Z,2024,2024-01-01,2024-12-31
3635493,TOBACCO_MPOWER_M4_SMOKELESSECIGARETTESSCHOOL,COUNTRY,HRV,EUR,Europe,YEAR,2024,TOBACCO_INDICATOR,TOBACCO_INDICATOR_Yth_nonsmoked_national,,,,,,,National,,,,,2025-07-24T14:32:31Z,2024,2024-01-01,2024-12-31
3643448,TOBACCO_MPOWER_M4_SMOKELESSECIGARETTESSCHOOL,COUNTRY,SMR,EUR,Europe,YEAR,2024,TOBACCO_INDICATOR,TOBACCO_INDICATOR_Yth_nonsmoked_national,,,,,,,National,,,,,2025-07-24T14:32:31Z,2024,2024-01-01,2024-12-31
3644113,TOBACCO_MPOWER_M4_SMOKELESSECIGARETTESSCHOOL,COUNTRY,CUB,AMR,Americas,YEAR,2024,TOBACCO_INDICATOR,TOBACCO_INDICATOR_Yth_nonsmoked_national,,,,,,,National,,,,,2025-07-24T14:32:31Z,2024,2024-01-01,2024-12-31
3653494,TOBACCO_MPOWER_M4_SMOKELESSECIGARETTESSCHOOL,COUNTRY,SLE,AFR,Africa,YEAR,2024,TOBACCO_INDICATOR,TOBACCO_INDICATOR_Yth_nonsmoked_age_grp,,,,,,,13-15,,,,,2025-07-24T14:32:31Z,2024,2024-01-01,2024-12-31
3680820,TOBACCO_MPOWER_M4_SMOKELESSECIGARETTESSCHOOL,COUNTRY,NIU,WPR,Western Pacific,YEAR,2024,TOBACCO_INDICATOR,TOBACCO_INDICATOR_Yth_nonsmoked_svy_yr,,,,,,,2019,2019,,,,2025-07-24T14:32:31Z,2024,2024-01-01,2024-12-31
3681856,TOBACCO_MPOWER_M4_SMOKELESSECIGARETTESSCHOOL,COUNTRY,SYC,AFR,Africa,YEAR,2024,TOBACCO_INDICATOR,TOBACCO_INDICATOR_Yth_nonsmoked_svy_yr,,,,,,,2015,2015,,,,2025-07-24T14:32:31Z,2024,2024-01-01,2024-12-31
3687224,TOBACCO_MPOWER_M4_SMOKELESSECIGARETTESSCHOOL,COUNTRY,SAU,EMR,Eastern Mediterranean,YEAR,2024,TOBACCO_INDICATOR,TOBACCO_INDICATOR_Yth_nonsmoked_svy_title,,,,,,,Global Youth Tobacco Survey,,,,,2025-07-24T14:32:31Z,2024,2024-01-01,2024-12-31
3713105,TOBACCO_MPOWER_M4_SMOKELESSECIGARETTESSCHOOL,COUNTRY,AND,EUR,Europe,YEAR,2024,TOBACCO_INDICATOR,TOBACCO_INDICATOR_Yth_nonsmoked_national,,,,,,,. . .,,,,,2025-07-24T14:32:31Z,2024,2024-01-01,2024-12-31
3727115,TOBACCO_MPOWER_M4_SMOKELESSECIGARETTESSCHOOL,COUNTRY,POL,EUR,Europe,YEAR,2024,TOBACCO_INDICATOR,TOBACCO_INDICATOR_Yth_nonsmoked_age_grp,,,,,,,13-15,,,,,2025-07-24T14:32:31Z,2024,2024-01-01,2024-12-31
3744187,TOBACCO_MPOWER_M4_SMOKELESSECIGARETTESSCHOOL,COUNTRY,KEN,AFR,Africa,YEAR,2024,TOBACCO_INDICATOR,TOBACCO_INDICATOR_Yth_nonsmoked_national,,,,,,,National,,,,,2025-07-24T14:32:31Z,2024,2024-01-01,2024-12-31
3753352,TOBACCO_MPOWER_M4_SMOKELESSECIGARETTESSCHOOL,COUNTRY,SSD,AFR,Africa,YEAR,2024,TOBACCO_INDICATOR,TOBACCO_INDICATOR_Yth_nonsmoked_svy_title,,,,,,,. . .,,,,,2025-07-24T14:32:31Z,2024,2024-01-01,2024-12-31
3760979,TOBACCO_MPOWER_M4_SMOKELESSECIGARETTESSCHOOL,COUNTRY,CAF,AFR,Africa,YEAR,2024,TOBACCO_INDICATOR,TOBACCO_INDICATOR_Yth_nonsmoked_svy_title,,,,,,,Global Youth Tobacco Survey (Bangui),,,,,2025-07-24T14:32:31Z,2024,2024-01-01,2024-12-31
3764153,TOBACCO_MPOWER_M4_SMOKELESSECIGARETTESSCHOOL,COUNTRY,SLB,WPR,Western Pacific,YEAR,2024,TOBACCO_INDICATOR,TOBACCO_INDICATOR_Yth_nonsmoked_svy_yr,,,,,,,2023,2023,,,,2025-07-24T14:32:31Z,2024,2024-01-01,2024-12-31
3766897,TOBACCO_MPOWER_M4_SMOKELESSECIGARETTESSCHOOL,COUNTRY,ECU,AMR,Americas,YEAR,2024,TOBACCO_INDICATOR,TOBACCO_INDICATOR_Yth_nonsmoked_age_grp,,,,,,,13-15,,,,,2025-07-24T14:32:31Z,2024,2024-01-01,2024-12-31
3780027,TOBACCO_MPOWER_M4_SMOKELESSECIGARETTESSCHOOL,COUNTRY,GAB,AFR,Africa,YEAR,2024,TOBACCO_INDICATOR,TOBACCO_INDICATOR_Yth_nonsmoked_svy_yr,,,,,,,2014,2014,,,,2025-07-24T14:32:31Z,2024,2024-01-01,2024-12-31
3806369,TOBACCO_MPOWER_M4_SMOKELESSECIGARETTESSCHOOL,COUNTRY,ECU,AMR,Americas,YEAR,2024,TOBACCO_INDICATOR,TOBACCO_INDICATOR_Yth_nonsmoked_svy_title,,,,,,,Global Youth Tobacco Survey,,,,,2025-07-24T14:32:31Z,2024,2024-01-01,2024-12-31
3818587,TOBACCO_MPOWER_M4_SMOKELESSECIGARETTESSCHOOL,COUNTRY,BHS,AMR,Americas,YEAR,2024,TOBACCO_INDICATOR,TOBACCO_INDICATOR_Yth_nonsmoked_svy_yr,,,,,,,2023,2023,,,,2025-07-24T14:32:31Z,2024,2024-01-01,2024-12-31
3827152,TOBACCO_MPOWER_M4_SMOKELESSECIGARETTESSCHOOL,COUNTRY,SMR,EUR,Europe,YEAR,2024,TOBACCO_INDICATOR,TOBACCO_INDICATOR_Yth_nonsmoked_svy_yr,,,,,,,2022,2022,,,,2025-07-24T14:32:31Z,2024,2024-01-01,2024-12-31
3829725,TOBACCO_MPOWER_M4_SMOKELESSECIGARETTESSCHOOL,COUNTRY,UGA,AFR,Africa,YEAR,2024,TOBACCO_INDICATOR,TOBACCO_INDICATOR_Yth_nonsmoked_svy_title,,,,,,,Global Youth Tobacco Survey,,,,,2025-07-24T14:32:31Z,2024,2024-01-01,2024-12-31
3857066,TOBACCO_MPOWER_M4_SMOKELESSECIGARETTESSCHOOL,COUNTRY,GEO,EUR,Europe,YEAR,2024,TOBACCO_INDICATOR,TOBACCO_INDICATOR_Yth_nonsmoked_national,,,,,,,National,,,,,2025-07-24T14:32:31Z,2024,2024-01-01,2024-12-31
3875816,TOBACCO_MPOWER_M4_SMOKELESSECIGARETTESSCHOOL,COUNTRY,BIH,EUR,Europe,YEAR,2024,TOBACCO_INDICATOR,TOBACCO_INDICATOR_Yth_nonsmoked_national,,,,,,,Federal,,,,,2025-07-24T14:32:31Z,2024,2024-01-01,2024-12-31
3881178,TOBACCO_MPOWER_M4_SMOKELESSECIGARETTESSCHOOL,COUNTRY,CHL,AMR,Americas,YEAR,2024,TOBACCO_INDICATOR,TOBACCO_INDICATOR_Yth_nonsmoked_svy_title,,,,,,,. . .,,,,,2025-07-24T14:32:31Z,2024,2024-01-01,2024-12-31
3884463,TOBACCO_MPOWER_M4_SMOKELESSECIGARETTESSCHOOL,COUNTRY,COG,AFR,Africa,YEAR,2024,TOBACCO_INDICATOR,TOBACCO_INDICATOR_Yth_nonsmoked_national,,,,,,,National,,,,,2025-07-24T14:32:31Z,2024,2024-01-01,2024-12-31
3896051,TOBACCO_MPOWER_M4_SMOKELESSECIGARETTESSCHOOL,COUNTRY,CAN,AMR,Americas,YEAR,2024,TOBACCO_INDICATOR,TOBACCO_INDICATOR_Yth_nonsmoked_age_grp,,,,,,,Grades 7-9,,,,,2025-07-24T14:32:31Z,2024,2024-01-01,2024-12-31
3897548,TOBACCO_MPOWER_M4_SMOKELESSECIGARETTESSCHOOL,COUNTRY,BIH,EUR,Europe,YEAR,2024,TOBACCO_INDICATOR,TOBACCO_INDICATOR_Yth_nonsmoked_svy_yr,,,,,,,2018-19,,,,,2025-07-24T14:32:31Z,2024,2024-01-01,2024-12-31
3898773,TOBACCO_MPOWER_M4_SMOKELESSECIGARETTESSCHOOL,COUNTRY,CAF,AFR,Africa,YEAR,2024,TOBACCO_INDICATOR,TOBACCO_INDICATOR_Yth_nonsmoked_svy_yr,,,,,,,2008,2008,,,,2025-07-24T14:32:31Z,2024,2024-01-01,2024-12-31
3903443,TOBACCO_MPOWER_M4_SMOKELESSECIGARETTESSCHOOL,COUNTRY,MRT,AFR,Africa,YEAR,2024,TOBACCO_INDICATOR,TOBACCO_INDICATOR_Yth_nonsmoked_svy_title,,,,,,,Global Youth Tobacco Survey,,,,,2025-07-24T14:32:31Z,2024,2024-01-01,2024-12-31
3925896,TOBACCO_MPOWER_M4_SMOKELESSECIGARETTESSCHOOL,COUNTRY,MKD,EUR,Europe,YEAR,2024,TOBACCO_INDICATOR,TOBACCO_INDICATOR_Yth_nonsmoked_svy_title,,,,,,,European School Survey Project on Alcohol and Other Drugs,,,,,2025-07-24T14:32:31Z,2024,2024-01-01,2024-12-31
3942464,TOBACCO_MPOWER_M4_SMOKELESSECIGARETTESSCHOOL,COUNTRY,KOR,WPR,Western Pacific,YEAR,2024,TOBACCO_INDICATOR,TOBACCO_INDICATOR_Yth_nonsmoked_national,,,,,,,National,,,,,2025-07-24T14:32:31Z,2024,2024-01-01,2024-12-31
58369,TOBACCO_MPOWER_M4_SMOKELESSECIGARETTESSCHOOL,COUNTRY,FJI,WPR,Western Pacific,YEAR,2024,TOBACCO_INDICATOR,TOBACCO_INDICATOR_Yth_nonsmoked_svy_title,,,,,,,Global Youth Tobacco Survey,,,,,2025-07-24T14:32:31Z,2024,2024-01-01,2024-12-31
62034,TOBACCO_MPOWER_M4_SMOKELESSECIGARETTESSCHOOL,COUNTRY,MRT,AFR,Africa,YEAR,2024,TOBACCO_INDICATOR,TOBACCO_INDICATOR_Yth_nonsmoked_age_grp,,,,,,,13-15,,,,,2025-07-24T14:32:31Z,2024,2024-01-01,2024-12-31
83258,TOBACCO_MPOWER_M4_SMOKELESSECIGARETTESSCHOOL,COUNTRY,FSM,WPR,Western Pacific,YEAR,2024,TOBACCO_INDICATOR,TOBACCO_INDICATOR_Yth_nonsmoked_age_grp,,,,,,,13-15,,,,,2025-07-24T14:32:31Z,2024,2024-01-01,2024-12-31
94692,TOBACCO_MPOWER_M4_SMOKELESSECIGARETTESSCHOOL,COUNTRY,GIN,AFR,Africa,YEAR,2024,TOBACCO_INDICATOR,TOBACCO_INDICATOR_Yth_nonsmoked_national,,,,,,,. . .,,,,,2025-07-24T14:32:31Z,2024,2024-01-01,2024-12-31
124455,TOBACCO_MPOWER_M4_SMOKELESSECIGARETTESSCHOOL,COUNTRY,GHA,AFR,Africa,YEAR,2024,TOBACCO_INDICATOR,TOBACCO_INDICATOR_Yth_nonsmoked_age_grp,,,,,,,13-15,,,,,2025-07-24T14:32:31Z,2024,2024-01-01,2024-12-31
158250,TOBACCO_MPOWER_M4_SMOKELESSECIGARETTESSCHOOL,COUNTRY,MUS,AFR,Africa,YEAR,2024,TOBACCO_INDICATOR,TOBACCO_INDICATOR_Yth_nonsmoked_national,,,,,,,National,,,,,2025-07-24T14:32:31Z,2024,2024-01-01,2024-12-31
161222,TOBACCO_MPOWER_M4_SMOKELESSECIGARETTESSCHOOL,COUNTRY,TKM,EUR,Europe,YEAR,2024,TOBACCO_INDICATOR,TOBACCO_INDICATOR_Yth_nonsmoked_national,,,,,,,National,,,,,2025-07-24T14:32:31Z,2024,2024-01-01,2024-12-31
161930,TOBACCO_MPOWER_M4_SMOKELESSECIGARETTESSCHOOL,COUNTRY,MKD,EUR,Europe,YEAR,2024,TOBACCO_INDICATOR,TOBACCO_INDICATOR_Yth_nonsmoked_svy_yr,,,,,,,2019,2019,,,,2025-07-24T14:32:31Z,2024,2024-01-01,2024-12-31
164914,TOBACCO_MPOWER_M4_SMOKELESSECIGARETTESSCHOOL,COUNTRY,CHE,EUR,Europe,YEAR,2024,TOBACCO_INDICATOR,TOBACCO_INDICATOR_Yth_nonsmoked_svy_title,,,,,,,Health Behaviour in School-aged Children,,,,,2025-07-24T14:32:31Z,2024,2024-01-01,2024-12-31
169004,TOBACCO_MPOWER_M4_SMOKELESSECIGARETTESSCHOOL,COUNTRY,MHL,WPR,Western Pacific,YEAR,2024,TOBACCO_INDICATOR,TOBACCO_INDICATOR_Yth_nonsmoked_svy_title,,,,,,,Global Youth Tobacco Survey,,,,,2025-07-24T14:32:31Z,2024,2024-01-01,2024-12-31
176332,TOBACCO_MPOWER_M4_SMOKELESSECIGARETTESSCHOOL,COUNTRY,SMR,EUR,Europe,YEAR,2024,TOBACCO_INDICATOR,TOBACCO_INDICATOR_Yth_nonsmoked_svy_title,,,,,,,Global Youth Tobacco Survey,,,,,2025-07-24T14:32:31Z,2024,2024-01-01,2024-12-31
199218,TOBACCO_MPOWER_M4_SMOKELESSECIGARETTESSCHOOL,COUNTRY,COD,AFR,Africa,YEAR,2024,TOBACCO_INDICATOR,TOBACCO_INDICATOR_Yth_nonsmoked_age_grp,,,,,,,13-15,,,,,2025-07-24T14:32:31Z,2024,2024-01-01,2024-12-31
215079,TOBACCO_MPOWER_M4_SMOKELESSECIGARETTESSCHOOL,COUNTRY,KOR,WPR,Western Pacific,YEAR,2024,TOBACCO_INDICATOR,TOBACCO_INDICATOR_Yth_nonsmoked_age_grp,,,,,,,13-18,,,,,2025-07-24T14:32:31Z,2024,2024-01-01,2024-12-31
229855,TOBACCO_MPOWER_M4_SMOKELESSECIGARETTESSCHOOL,COUNTRY,TLS,SEAR,South-East Asia,YEAR,2024,TOBACCO_INDICATOR,TOBACCO_INDICATOR_Yth_nonsmoked_national,,,,,,,National,,,,,2025-07-24T14:32:31Z,2024,2024-01-01,2024-12-31
246982,TOBACCO_MPOWER_M4_SMOKELESSECIGARETTESSCHOOL,COUNTRY,FIN,EUR,Europe,YEAR,2024,TOBACCO_INDICATOR,TOBACCO_INDICATOR_Yth_nonsmoked_age_grp,,,,,,,8th-9th grade,,,,,2025-07-24T14:32:31Z,2024,2024-01-01,2024-12-31
293171,TOBACCO_MPOWER_M4_SMOKELESSECIGARETTESSCHOOL,COUNTRY,BEN,AFR,Africa,YEAR,2024,TOBACCO_INDICATOR,TOBACCO_INDICATOR_Yth_nonsmoked_svy_yr,,,,,,,. . .,,,,,2025-07-24T14:32:31Z,2024,2024-01-01,2024-12-31
303395,TOBACCO_MPOWER_M4_SMOKELESSECIGARETTESSCHOOL,COUNTRY,UZB,EUR,Europe,YEAR,2024,TOBACCO_INDICATOR,TOBACCO_INDICATOR_Yth_nonsmoked_svy_title,,,,,,,Global Youth Tobacco Survey,,,,,2025-07-24T14:32:31Z,2024,2024-01-01,2024-12-31
312238,TOBACCO_MPOWER_M4_SMOKELESSECIGARETTESSCHOOL,COUNTRY,AUS,WPR,Western Pacific,YEAR,2024,TOBACCO_INDICATOR,TOBACCO_INDICATOR_Yth_nonsmoked_svy_yr,,,,,,,2022-23,,,,,2025-07-24T14:32:31Z,2024,2024-01-01,2024-12-31
338478,TOBACCO_MPOWER_M4_SMOKELESSECIGARETTESSCHOOL,COUNTRY,URY,AMR,Americas,YEAR,2024,TOBACCO_INDICATOR,TOBACCO_INDICATOR_Yth_nonsmoked_svy_yr,,,,,,,2019,2019,,,,2025-07-24T14:32:31Z,2024,2024-01-01,2024-12-31
345104,TOBACCO_MPOWER_M4_SMOKELESSECIGARETTESSCHOOL,COUNTRY,GRC,EUR,Europe,YEAR,2024,TOBACCO_INDICATOR,TOBACCO_INDICATOR_Yth_nonsmoked_svy_yr,,,,,,,2023,2023,,,,2025-07-24T14:32:31Z,2024,2024-01-01,2024-12-31
347157,TOBACCO_MPOWER_M4_SMOKELESSECIGARETTESSCHOOL,COUNTRY,VEN,AMR,Americas,YEAR,2024,TOBACCO_INDICATOR,TOBACCO_INDICATOR_Yth_nonsmoked_svy_yr,,,,,,,2019,2019,,,,2025-07-24T14:32:31Z,2024,2024-01-01,2024-12-31
357479,TOBACCO_MPOWER_M4_SMOKELESSECIGARETTESSCHOOL,COUNTRY,BRN,WPR,Western Pacific,YEAR,2024,TOBACCO_INDICATOR,TOBACCO_INDICATOR_Yth_nonsmoked_svy_title,,,,,,,Global Youth Tobacco Survey,,,,,2025-07-24T14:32:31Z,2024,2024-01-01,2024-12-31
394507,TOBACCO_MPOWER_M4_SMOKELESSECIGARETTESSCHOOL,COUNTRY,MWI,AFR,Africa,YEAR,2024,TOBACCO_INDICATOR,TOBACCO_INDICATOR_Yth_nonsmoked_national,,,,,,,National,,,,,2025-07-24T14:32:31Z,2024,2024-01-01,2024-12-31
424045,TOBACCO_MPOWER_M4_SMOKELESSECIGARETTESSCHOOL,COUNTRY,EST,EUR,Europe,YEAR,2024,TOBACCO_INDICATOR,TOBACCO_INDICATOR_Yth_nonsmoked_svy_yr,,,,,,,2021-22,,,,,2025-07-24T14:32:31Z,2024,2024-01-01,2024-12-31
440114,TOBACCO_MPOWER_M4_SMOKELESSECIGARETTESSCHOOL,COUNTRY,MEX,AMR,Americas,YEAR,2024,TOBACCO_INDICATOR,TOBACCO_INDICATOR_Yth_nonsmoked_national,,,,,,,National,,,,,2025-07-24T14:32:31Z,2024,2024-01-01,2024-12-31
444590,TOBACCO_MPOWER_M4_SMOKELESSECIGARETTESSCHOOL,COUNTRY,MMR,SEAR,South-East Asia,YEAR,2024,TOBACCO_INDICATOR,TOBACCO_INDICATOR_Yth_nonsmoked_svy_title,,,,,,,Global Youth Tobacco Survey,,,,,2025-07-24T14:32:31Z,2024,2024-01-01,2024-12-31
454736,TOBACCO_MPOWER_M4_SMOKELESSECIGARETTESSCHOOL,COUNTRY,WSM,WPR,Western Pacific,YEAR,2024,TOBACCO_INDICATOR,TOBACCO_INDICATOR_Yth_nonsmoked_svy_yr,,,,,,,2017,2017,,,,2025-07-24T14:32:31Z,2024,2024-01-01,2024-12-31
457205,TOBACCO_MPOWER_M4_SMOKELESSECIGARETTESSCHOOL,COUNTRY,AFG,EMR,Eastern Mediterranean,YEAR,2024,TOBACCO_INDICATOR,TOBACCO_INDICATOR_Yth_nonsmoked_svy_yr,,,,,,,2017,2017,,,,2025-07-24T14:32:31Z,2024,2024-01-01,2024-12-31
485915,TOBACCO_MPOWER_M4_SMOKELESSECIGARETTESSCHOOL,COUNTRY,TUV,WPR,Western Pacific,YEAR,2024,TOBACCO_INDICATOR,TOBACCO_INDICATOR_Yth_nonsmoked_svy_yr,,,,,,,2018,2018,,,,2025-07-24T14:32:31Z,2024,2024-01-01,2024-12-31
501826,TOBACCO_MPOWER_M4_SMOKELESSECIGARETTESSCHOOL,COUNTRY,MNE,EUR,Europe,YEAR,2024,TOBACCO_INDICATOR,TOBACCO_INDICATOR_Yth_nonsmoked_svy_yr,,,,,,,2019,2019,,,,2025-07-24T14:32:31Z,2024,2024-01-01,2024-12-31
503669,TOBACCO_MPOWER_M4_SMOKELESSECIGARETTESSCHOOL,COUNTRY,MLT,EUR,Europe,YEAR,2024,TOBACCO_INDICATOR,TOBACCO_INDICATOR_Yth_nonsmoked_svy_title,,,,,,,Health Behaviour in School-aged Children,,,,,2025-07-24T14:32:31Z,2024,2024-01-01,2024-12-31
559803,TOBACCO_MPOWER_M4_SMOKELESSECIGARETTESSCHOOL,COUNTRY,CHL,AMR,Americas,YEAR,2024,TOBACCO_INDICATOR,TOBACCO_INDICATOR_Yth_nonsmoked_age_grp,,,,,,,. . .,,,,,2025-07-24T14:32:31Z,2024,2024-01-01,2024-12-31
568009,TOBACCO_MPOWER_M4_SMOKELESSECIGARETTESSCHOOL,COUNTRY,QAT,EMR,Eastern Mediterranean,YEAR,2024,TOBACCO_INDICATOR,TOBACCO_INDICATOR_Yth_nonsmoked_national,,,,,,,National,,,,,2025-07-24T14:32:31Z,2024,2024-01-01,2024-12-31
575069,TOBACCO_MPOWER_M4_SMOKELESSECIGARETTESSCHOOL,COUNTRY,LVA,EUR,Europe,YEAR,2024,TOBACCO_INDICATOR,TOBACCO_INDICATOR_Yth_nonsmoked_svy_yr,,,,,,,2021-22,,,,,2025-07-24T14:32:31Z,2024,2024-01-01,2024-12-31
593654,TOBACCO_MPOWER_M4_SMOKELESSECIGARETTESSCHOOL,COUNTRY,ARG,AMR,Americas,YEAR,2024,TOBACCO_INDICATOR,TOBACCO_INDICATOR_Yth_nonsmoked_national,,,,,,,National,,,,,2025-07-24T14:32:31Z,2024,2024-01-01,2024-12-31
603696,TOBACCO_MPOWER_M4_SMOKELESSECIGARETTESSCHOOL,COUNTRY,NIU,WPR,Western Pacific,YEAR,2024,TOBACCO_INDICATOR,TOBACCO_INDICATOR_Yth_nonsmoked_svy_title,,,,,,,Global Youth Tobacco Survey,,,,,2025-07-24T14:32:31Z,2024,2024-01-01,2024-12-31
609866,TOBACCO_MPOWER_M4_SMOKELESSECIGARETTESSCHOOL,COUNTRY,SLB,WPR,Western Pacific,YEAR,2024,TOBACCO_INDICATOR,TOBACCO_INDICATOR_Yth_nonsmoked_svy_title,,,,,,,Global Youth Tobacco Survey,,,,,2025-07-24T14:32:31Z,2024,2024-01-01,2024-12-31
616870,TOBACCO_MPOWER_M4_SMOKELESSECIGARETTESSCHOOL,COUNTRY,GBR,EUR,Europe,YEAR,2024,TOBACCO_INDICATOR,TOBACCO_INDICATOR_Yth_nonsmoked_national,,,,,,,Subnational,,,,"Data representative of England only. Surveys are also carried out in Scotland, Wales and Northern Ireland.",2025-07-24T14:32:31Z,2024,2024-01-01,2024-12-31
640045,TOBACCO_MPOWER_M4_SMOKELESSECIGARETTESSCHOOL,COUNTRY,TUR,EUR,Europe,YEAR,2024,TOBACCO_INDICATOR,TOBACCO_INDICATOR_Yth_nonsmoked_svy_title,,,,,,,. . .,,,,,2025-07-24T14:32:31Z,2024,2024-01-01,2024-12-31
648334,TOBACCO_MPOWER_M4_SMOKELESSECIGARETTESSCHOOL,COUNTRY,KAZ,EUR,Europe,YEAR,2024,TOBACCO_INDICATOR,TOBACCO_INDICATOR_Yth_nonsmoked_svy_yr,,,,,,,2021-22,,,,,2025-07-24T14:32:31Z,2024,2024-01-01,2024-12-31
651999,TOBACCO_MPOWER_M4_SMOKELESSECIGARETTESSCHOOL,COUNTRY,ISR,EUR,Europe,YEAR,2024,TOBACCO_INDICATOR,TOBACCO_INDICATOR_Yth_nonsmoked_age_grp,,,,,,,15-15,,,,,2025-07-24T14:32:31Z,2024,2024-01-01,2024-12-31
668468,TOBACCO_MPOWER_M4_SMOKELESSECIGARETTESSCHOOL,COUNTRY,PHL,WPR,Western Pacific,YEAR,2024,TOBACCO_INDICATOR,TOBACCO_INDICATOR_Yth_nonsmoked_svy_title,,,,,,,Global Youth Tobacco Survey,,,,,2025-07-24T14:32:31Z,2024,2024-01-01,2024-12-31
671945,TOBACCO_MPOWER_M4_SMOKELESSECIGARETTESSCHOOL,COUNTRY,TKM,EUR,Europe,YEAR,2024,TOBACCO_INDICATOR,TOBACCO_INDICATOR_Yth_nonsmoked_age_grp,,,,,,,13-15,,,,,2025-07-24T14:32:31Z,2024,2024-01-01,2024-12-31
680698,TOBACCO_MPOWER_M4_SMOKELESSECIGARETTESSCHOOL,COUNTRY,ZAF,AFR,Africa,YEAR,2024,TOBACCO_INDICATOR,TOBACCO_INDICATOR_Yth_nonsmoked_national,,,,,,,National,,,,,2025-07-24T14:32:31Z,2024,2024-01-01,2024-12-31
719180,TOBACCO_MPOWER_M4_SMOKELESSECIGARETTESSCHOOL,COUNTRY,HUN,EUR,Europe,YEAR,2024,TOBACCO_INDICATOR,TOBACCO_INDICATOR_Yth_nonsmoked_svy_yr,,,,,,,2021-22,,,,,2025-07-24T14:32:31Z,2024,2024-01-01,2024-12-31
734414,TOBACCO_MPOWER_M4_SMOKELESSECIGARETTESSCHOOL,COUNTRY,IRL,EUR,Europe,YEAR,2024,TOBACCO_INDICATOR,TOBACCO_INDICATOR_Yth_nonsmoked_svy_yr,,,,,,,2021-22,,,,,2025-07-24T14:32:31Z,2024,2024-01-01,2024-12-31
747987,TOBACCO_MPOWER_M4_SMOKELESSECIGARETTESSCHOOL,COUNTRY,BGD,SEAR,South-East Asia,YEAR,2024,TOBACCO_INDICATOR,TOBACCO_INDICATOR_Yth_nonsmoked_age_grp,,,,,,,13-15,,,,,2025-07-24T14:32:31Z,2024,2024-01-01,2024-12-31
764212,TOBACCO_MPOWER_M4_SMOKELESSECIGARETTESSCHOOL,COUNTRY,JAM,AMR,Americas,YEAR,2024,TOBACCO_INDICATOR,TOBACCO_INDICATOR_Yth_nonsmoked_svy_title,,,,,,,Global Youth Tobacco Survey,,,,,2025-07-24T14:32:31Z,2024,2024-01-01,2024-12-31
770058,TOBACCO_MPOWER_M4_SMOKELESSECIGARETTESSCHOOL,COUNTRY,BEL,EUR,Europe,YEAR,2024,TOBACCO_INDICATOR,TOBACCO_INDICATOR_Yth_nonsmoked_svy_title,,,,,,,VAD-Leerlingenbevraging (Flemish Region),,,,"Belgium completed school-based surveys in all regions of the country, however data are not aggregated at national level.",2025-07-24T14:32:31Z,2024,2024-01-01,2024-12-31
784640,TOBACCO_MPOWER_M4_SMOKELESSECIGARETTESSCHOOL,COUNTRY,DMA,AMR,Americas,YEAR,2024,TOBACCO_INDICATOR,TOBACCO_INDICATOR_Yth_nonsmoked_national,,,,,,,National,,,,,2025-07-24T14:32:31Z,2024,2024-01-01,2024-12-31
791798,TOBACCO_MPOWER_M4_SMOKELESSECIGARETTESSCHOOL,COUNTRY,DOM,AMR,Americas,YEAR,2024,TOBACCO_INDICATOR,TOBACCO_INDICATOR_Yth_nonsmoked_svy_yr,,,,,,,2016,2016,,,,2025-07-24T14:32:31Z,2024,2024-01-01,2024-12-31
885768,TOBACCO_MPOWER_M4_SMOKELESSECIGARETTESSCHOOL,COUNTRY,SLB,WPR,Western Pacific,YEAR,2024,TOBACCO_INDICATOR,TOBACCO_INDICATOR_Yth_nonsmoked_age_grp,,,,,,,13-15,,,,,2025-07-24T14:32:31Z,2024,2024-01-01,2024-12-31
888064,TOBACCO_MPOWER_M4_SMOKELESSECIGARETTESSCHOOL,COUNTRY,TUV,WPR,Western Pacific,YEAR,2024,TOBACCO_INDICATOR,TOBACCO_INDICATOR_Yth_nonsmoked_national,,,,,,,National,,,,,2025-07-24T14:32:31Z,2024,2024-01-01,2024-12-31
896390,TOBACCO_MPOWER_M4_SMOKELESSECIGARETTESSCHOOL,COUNTRY,PSE,EMR,Eastern Mediterranean,YEAR,2024,TOBACCO_INDICATOR,TOBACCO_INDICATOR_Yth_nonsmoked_age_grp,,,,,,,13-15,,,,,2025-07-24T14:32:31Z,2024,2024-01-01,2024-12-31
911127,TOBACCO_MPOWER_M4_SMOKELESSECIGARETTESSCHOOL,COUNTRY,ECU,AMR,Americas,YEAR,2024,TOBACCO_INDICATOR,TOBACCO_INDICATOR_Yth_nonsmoked_svy_yr,,,,,,,2016,2016,,,,2025-07-24T14:32:31Z,2024,2024-01-01,2024-12-31
912575,TOBACCO_MPOWER_M4_SMOKELESSECIGARETTESSCHOOL,COUNTRY,CYP,EUR,Europe,YEAR,2024,TOBACCO_INDICATOR,TOBACCO_INDICATOR_Yth_nonsmoked_age_grp,,,,,,,15-15,,,,,2025-07-24T14:32:31Z,2024,2024-01-01,2024-12-31
918258,TOBACCO_MPOWER_M4_SMOKELESSECIGARETTESSCHOOL,COUNTRY,GRD,AMR,Americas,YEAR,2024,TOBACCO_INDICATOR,TOBACCO_INDICATOR_Yth_nonsmoked_svy_title,,,,,,,Global Youth Tobacco Survey,,,,,2025-07-24T14:32:31Z,2024,2024-01-01,2024-12-31
938097,TOBACCO_MPOWER_M4_SMOKELESSECIGARETTESSCHOOL,COUNTRY,GTM,AMR,Americas,YEAR,2024,TOBACCO_INDICATOR,TOBACCO_INDICATOR_Yth_nonsmoked_svy_title,,,,,,,Global Youth Tobacco Survey,,,,,2025-07-24T14:32:31Z,2024,2024-01-01,2024-12-31
938256,TOBACCO_MPOWER_M4_SMOKELESSECIGARETTESSCHOOL,COUNTRY,PAK,EMR,Eastern Mediterranean,YEAR,2024,TOBACCO_INDICATOR,TOBACCO_INDICATOR_Yth_nonsmoked_national,,,,,,,National,,,,,2025-07-24T14:32:31Z,2024,2024-01-01,2024-12-31
941599,TOBACCO_MPOWER_M4_SMOKELESSECIGARETTESSCHOOL,COUNTRY,BRB,AMR,Americas,YEAR,2024,TOBACCO_INDICATOR,TOBACCO_INDICATOR_Yth_nonsmoked_svy_yr,,,,,,,2013,2013,,,,2025-07-24T14:32:31Z,2024,2024-01-01,2024-12-31
948271,TOBACCO_MPOWER_M4_SMOKELESSECIGARETTESSCHOOL,COUNTRY,BRA,AMR,Americas,YEAR,2024,TOBACCO_INDICATOR,TOBACCO_INDICATOR_Yth_nonsmoked_svy_yr,,,,,,,2019,2019,,,,2025-07-24T14:32:31Z,2024,2024-01-01,2024-12-31
968311,TOBACCO_MPOWER_M4_SMOKELESSECIGARETTESSCHOOL,COUNTRY,HTI,AMR,Americas,YEAR,2024,TOBACCO_INDICATOR,TOBACCO_INDICATOR_Yth_nonsmoked_svy_title,,,,,,,. . .,,,,,2025-07-24T14:32:31Z,2024,2024-01-01,2024-12-31
976830,TOBACCO_MPOWER_M4_SMOKELESSECIGARETTESSCHOOL,COUNTRY,EST,EUR,Europe,YEAR,2024,TOBACCO_INDICATOR,TOBACCO_INDICATOR_Yth_nonsmoked_national,,,,,,,National,,,,,2025-07-24T14:32:31Z,2024,2024-01-01,2024-12-31
988164,TOBACCO_MPOWER_M4_SMOKELESSECIGARETTESSCHOOL,COUNTRY,CHL,AMR,Americas,YEAR,2024,TOBACCO_INDICATOR,TOBACCO_INDICATOR_Yth_nonsmoked_svy_yr,,,,,,,. . .,,,,,2025-07-24T14:32:31Z,2024,2024-01-01,2024-12-31
988886,TOBACCO_MPOWER_M4_SMOKELESSECIGARETTESSCHOOL,COUNTRY,PSE,EMR,Eastern Mediterranean,YEAR,2024,TOBACCO_INDICATOR,TOBACCO_INDICATOR_Yth_nonsmoked_national,,,,,,,Subnational,,,,Global Youth Tobacco Survey (Gaza Strip) was completed in 2013.,2025-07-24T14:32:31Z,2024,2024-01-01,2024-12-31
989276,TOBACCO_MPOWER_M4_SMOKELESSECIGARETTESSCHOOL,COUNTRY,FJI,WPR,Western Pacific,YEAR,2024,TOBACCO_INDICATOR,TOBACCO_INDICATOR_Yth_nonsmoked_national,,,,,,,National,,,,,2025-07-24T14:32:31Z,2024,2024-01-01,2024-12-31
995585,TOBACCO_MPOWER_M4_SMOKELESSECIGARETTESSCHOOL,COUNTRY,WSM,WPR,Western Pacific,YEAR,2024,TOBACCO_INDICATOR,TOBACCO_INDICATOR_Yth_nonsmoked_age_grp,,,,,,,13-15,,,,,2025-07-24T14:32:31Z,2024,2024-01-01,2024-12-31
1008229,TOBACCO_MPOWER_M4_SMOKELESSECIGARETTESSCHOOL,COUNTRY,CHN,WPR,Western Pacific,YEAR,2024,TOBACCO_INDICATOR,TOBACCO_INDICATOR_Yth_nonsmoked_svy_yr,,,,,,,2023,2023,,,,2025-07-24T14:32:31Z,2024,2024-01-01,2024-12-31
1026249,TOBACCO_MPOWER_M4_SMOKELESSECIGARETTESSCHOOL,COUNTRY,SLE,AFR,Africa,YEAR,2024,TOBACCO_INDICATOR,TOBACCO_INDICATOR_Yth_nonsmoked_national,,,,,,,National,,,,,2025-07-24T14:32:31Z,2024,2024-01-01,2024-12-31
1035283,TOBACCO_MPOWER_M4_SMOKELESSECIGARETTESSCHOOL,COUNTRY,SVK,EUR,Europe,YEAR,2024,TOBACCO_INDICATOR,TOBACCO_INDICATOR_Yth_nonsmoked_age_grp,,,,,,,15-15,,,,,2025-07-24T14:32:31Z,2024,2024-01-01,2024-12-31
1040035,TOBACCO_MPOWER_M4_SMOKELESSECIGARETTESSCHOOL,COUNTRY,TTO,AMR,Americas,YEAR,2024,TOBACCO_INDICATOR,TOBACCO_INDICATOR_Yth_nonsmoked_svy_title,,,,,,,Global Youth Tobacco Survey,,,,,2025-07-24T14:32:31Z,2024,2024-01-01,2024-12-31
1042290,TOBACCO_MPOWER_M4_SMOKELESSECIGARETTESSCHOOL,COUNTRY,COD,AFR,Africa,YEAR,2024,TOBACCO_INDICATOR,TOBACCO_INDICATOR_Yth_nonsmoked_svy_title,,,,,,,Global Youth Tobacco Survey (Kinshasa),,,,,2025-07-24T14:32:31Z,2024,2024-01-01,2024-12-31
1047250,TOBACCO_MPOWER_M4_SMOKELESSECIGARETTESSCHOOL,COUNTRY,NLD,EUR,Europe,YEAR,2024,TOBACCO_INDICATOR,TOBACCO_INDICATOR_Yth_nonsmoked_svy_title,,,,,,,Health Behaviour in School-aged Children,,,,,2025-07-24T14:32:31Z,2024,2024-01-01,2024-12-31
1049157,TOBACCO_MPOWER_M4_SMOKELESSECIGARETTESSCHOOL,COUNTRY,CUB,AMR,Americas,YEAR,2024,TOBACCO_INDICATOR,TOBACCO_INDICATOR_Yth_nonsmoked_svy_title,,,,,,,Global Youth Tobacco Survey,,,,,2025-07-24T14:32:31Z,2024,2024-01-01,2024-12-31
1049331,TOBACCO_MPOWER_M4_SMOKELESSECIGARETTESSCHOOL,COUNTRY,ISR,EUR,Europe,YEAR,2024,TOBACCO_INDICATOR,TOBACCO_INDICATOR_Yth_nonsmoked_svy_yr,,,,,,,2021-22,,,,,2025-07-24T14:32:31Z,2024,2024-01-01,2024-12-31
1057155,TOBACCO_MPOWER_M4_SMOKELESSECIGARETTESSCHOOL,COUNTRY,CHN,WPR,Western Pacific,YEAR,2024,TOBACCO_INDICATOR,TOBACCO_INDICATOR_Yth_nonsmoked_age_grp,,,,,,,Junior-High,,,,,2025-07-24T14:32:31Z,2024,2024-01-01,2024-12-31
1088780,TOBACCO_MPOWER_M4_SMOKELESSECIGARETTESSCHOOL,COUNTRY,BLR,EUR,Europe,YEAR,2024,TOBACCO_INDICATOR,TOBACCO_INDICATOR_Yth_nonsmoked_svy_title,,,,,,,Global Youth Tobacco Survey,,,,,2025-07-24T14:32:31Z,2024,2024-01-01,2024-12-31
1095746,TOBACCO_MPOWER_M4_SMOKELESSECIGARETTESSCHOOL,COUNTRY,HRV,EUR,Europe,YEAR,2024,TOBACCO_INDICATOR,TOBACCO_INDICATOR_Yth_nonsmoked_age_grp,,,,,,,15-15,,,,,2025-07-24T14:32:31Z,2024,2024-01-01,2024-12-31
1140822,TOBACCO_MPOWER_M4_SMOKELESSECIGARETTESSCHOOL,COUNTRY,MLI,AFR,Africa,YEAR,2024,TOBACCO_INDICATOR,TOBACCO_INDICATOR_Yth_nonsmoked_svy_yr,,,,,,,. . .,,,,,2025-07-24T14:32:31Z,2024,2024-01-01,2024-12-31
1141234,TOBACCO_MPOWER_M4_SMOKELESSECIGARETTESSCHOOL,COUNTRY,ARM,EUR,Europe,YEAR,2024,TOBACCO_INDICATOR,TOBACCO_INDICATOR_Yth_nonsmoked_national,,,,,,,National,,,,,2025-07-24T14:32:31Z,2024,2024-01-01,2024-12-31
1148783,TOBACCO_MPOWER_M4_SMOKELESSECIGARETTESSCHOOL,COUNTRY,ITA,EUR,Europe,YEAR,2024,TOBACCO_INDICATOR,TOBACCO_INDICATOR_Yth_nonsmoked_svy_title,,,,,,,Global Youth Tobacco Survey,,,,,2025-07-24T14:32:31Z,2024,2024-01-01,2024-12-31
1169827,TOBACCO_MPOWER_M4_SMOKELESSECIGARETTESSCHOOL,COUNTRY,AFG,EMR,Eastern Mediterranean,YEAR,2024,TOBACCO_INDICATOR,TOBACCO_INDICATOR_Yth_nonsmoked_national,,,,,,,Subnational,,,,,2025-07-24T14:32:31Z,2024,2024-01-01,2024-12-31
1226485,TOBACCO_MPOWER_M4_SMOKELESSECIGARETTESSCHOOL,COUNTRY,TZA,AFR,Africa,YEAR,2024,TOBACCO_INDICATOR,TOBACCO_INDICATOR_Yth_nonsmoked_svy_yr,,,,,,,2016,2016,,,,2025-07-24T14:32:31Z,2024,2024-01-01,2024-12-31
1236096,TOBACCO_MPOWER_M4_SMOKELESSECIGARETTESSCHOOL,COUNTRY,KHM,WPR,Western Pacific,YEAR,2024,TOBACCO_INDICATOR,TOBACCO_INDICATOR_Yth_nonsmoked_national,,,,,,,National,,,,,2025-07-24T14:32:31Z,2024,2024-01-01,2024-12-31
1243871,TOBACCO_MPOWER_M4_SMOKELESSECIGARETTESSCHOOL,COUNTRY,CIV,AFR,Africa,YEAR,2024,TOBACCO_INDICATOR,TOBACCO_INDICATOR_Yth_nonsmoked_svy_title,,,,,,,Global Youth Tobacco Survey,,,,,2025-07-24T14:32:31Z,2024,2024-01-01,2024-12-31
1247841,TOBACCO_MPOWER_M4_SMOKELESSECIGARETTESSCHOOL,COUNTRY,BEL,EUR,Europe,YEAR,2024,TOBACCO_INDICATOR,TOBACCO_INDICATOR_Yth_nonsmoked_national,,,,,,,Subnational,,,,"Belgium completed school-based surveys in all regions of the country, however data are not aggregated at national level.",2025-07-24T14:32:31Z,2024,2024-01-01,2024-12-31
1253317,TOBACCO_MPOWER_M4_SMOKELESSECIGARETTESSCHOOL,COUNTRY,CIV,AFR,Africa,YEAR,2024,TOBACCO_INDICATOR,TOBACCO_INDICATOR_Yth_nonsmoked_national,,,,,,,National,,,,,2025-07-24T14:32:31Z,2024,2024-01-01,2024-12-31
1271575,TOBACCO_MPOWER_M4_SMOKELESSECIGARETTESSCHOOL,COUNTRY,ISL,EUR,Europe,YEAR,2024,TOBACCO_INDICATOR,TOBACCO_INDICATOR_Yth_nonsmoked_svy_title,,,,,,,Health Behaviour in School-aged Children,,,,,2025-07-24T14:32:31Z,2024,2024-01-01,2024-12-31
1272510,TOBACCO_MPOWER_M4_SMOKELESSECIGARETTESSCHOOL,COUNTRY,LBR,AFR,Africa,YEAR,2024,TOBACCO_INDICATOR,TOBACCO_INDICATOR_Yth_nonsmoked_national,,,,,,,Subnational,,,,,2025-07-24T14:32:31Z,2024,2024-01-01,2024-12-31
1300593,TOBACCO_MPOWER_M4_SMOKELESSECIGARETTESSCHOOL,COUNTRY,PRY,AMR,Americas,YEAR,2024,TOBACCO_INDICATOR,TOBACCO_INDICATOR_Yth_nonsmoked_svy_yr,,,,,,,2019,2019,,,,2025-07-24T14:32:31Z,2024,2024-01-01,2024-12-31
1308480,TOBACCO_MPOWER_M4_SMOKELESSECIGARETTESSCHOOL,COUNTRY,COD,AFR,Africa,YEAR,2024,TOBACCO_INDICATOR,TOBACCO_INDICATOR_Yth_nonsmoked_national,,,,,,,Subnational,,,,,2025-07-24T14:32:31Z,2024,2024-01-01,2024-12-31
1308874,TOBACCO_MPOWER_M4_SMOKELESSECIGARETTESSCHOOL,COUNTRY,IND,SEAR,South-East Asia,YEAR,2024,TOBACCO_INDICATOR,TOBACCO_INDICATOR_Yth_nonsmoked_svy_title,,,,,,,Global Youth Tobacco Survey,,,,,2025-07-24T14:32:31Z,2024,2024-01-01,2024-12-31
1321463,TOBACCO_MPOWER_M4_SMOKELESSECIGARETTESSCHOOL,COUNTRY,TJK,EUR,Europe,YEAR,2024,TOBACCO_INDICATOR,TOBACCO_INDICATOR_Yth_nonsmoked_national,,,,,,,National,,,,,2025-07-24T14:32:31Z,2024,2024-01-01,2024-12-31
1344703,TOBACCO_MPOWER_M4_SMOKELESSECIGARETTESSCHOOL,COUNTRY,SLV,AMR,Americas,YEAR,2024,TOBACCO_INDICATOR,TOBACCO_INDICATOR_Yth_nonsmoked_svy_title,,,,,,,Global Youth Tobacco Survey,,,,,2025-07-24T14:32:31Z,2024,2024-01-01,2024-12-31
1364058,TOBACCO_MPOWER_M4_SMOKELESSECIGARETTESSCHOOL,COUNTRY,MYS,WPR,Western Pacific,YEAR,2024,TOBACCO_INDICATOR,TOBACCO_INDICATOR_Yth_nonsmoked_national,,,,,,,National,,,,,2025-07-24T14:32:31Z,2024,2024-01-01,2024-12-31
1368633,TOBACCO_MPOWER_M4_SMOKELESSECIGARETTESSCHOOL,COUNTRY,AUS,WPR,Western Pacific,YEAR,2024,TOBACCO_INDICATOR,TOBACCO_INDICATOR_Yth_nonsmoked_svy_title,,,,,,,Australian Secondary School Students Alcohol and other Drugs Survey (ASSAD),,,,,2025-07-24T14:32:31Z,2024,2024-01-01,2024-12-31
1386078,TOBACCO_MPOWER_M4_SMOKELESSECIGARETTESSCHOOL,COUNTRY,MHL,WPR,Western Pacific,YEAR,2024,TOBACCO_INDICATOR,TOBACCO_INDICATOR_Yth_nonsmoked_age_grp,,,,,,,13-15,,,,,2025-07-24T14:32:31Z,2024,2024-01-01,2024-12-31
1422907,TOBACCO_MPOWER_M4_SMOKELESSECIGARETTESSCHOOL,COUNTRY,BRA,AMR,Americas,YEAR,2024,TOBACCO_INDICATOR,TOBACCO_INDICATOR_Yth_nonsmoked_svy_title,,,,,,,Pesquisa Nacional de Saúde do Escolar (PENSE),,,,,2025-07-24T14:32:31Z,2024,2024-01-01,2024-12-31
1429622,TOBACCO_MPOWER_M4_SMOKELESSECIGARETTESSCHOOL,COUNTRY,MLI,AFR,Africa,YEAR,2024,TOBACCO_INDICATOR,TOBACCO_INDICATOR_Yth_nonsmoked_svy_title,,,,,,,. . .,,,,,2025-07-24T14:32:31Z,2024,2024-01-01,2024-12-31
1436948,TOBACCO_MPOWER_M4_SMOKELESSECIGARETTESSCHOOL,COUNTRY,GIN,AFR,Africa,YEAR,2024,TOBACCO_INDICATOR,TOBACCO_INDICATOR_Yth_nonsmoked_age_grp,,,,,,,. . .,,,,,2025-07-24T14:32:31Z,2024,2024-01-01,2024-12-31
1437155,TOBACCO_MPOWER_M4_SMOKELESSECIGARETTESSCHOOL,COUNTRY,GRC,EUR,Europe,YEAR,2024,TOBACCO_INDICATOR,TOBACCO_INDICATOR_Yth_nonsmoked_age_grp,,,,,,,13-15,,,,,2025-07-24T14:32:31Z,2024,2024-01-01,2024-12-31
1442892,TOBACCO_MPOWER_M4_SMOKELESSECIGARETTESSCHOOL,COUNTRY,YEM,EMR,Eastern Mediterranean,YEAR,2024,TOBACCO_INDICATOR,TOBACCO_INDICATOR_Yth_nonsmoked_national,,,,,,,National,,,,,2025-07-24T14:32:31Z,2024,2024-01-01,2024-12-31
1479498,TOBACCO_MPOWER_M4_SMOKELESSECIGARETTESSCHOOL,COUNTRY,SWE,EUR,Europe,YEAR,2024,TOBACCO_INDICATOR,TOBACCO_INDICATOR_Yth_nonsmoked_svy_yr,,,,,,,2022,2022,,,,2025-07-24T14:32:31Z,2024,2024-01-01,2024-12-31
1495995,TOBACCO_MPOWER_M4_SMOKELESSECIGARETTESSCHOOL,COUNTRY,OMN,EMR,Eastern Mediterranean,YEAR,2024,TOBACCO_INDICATOR,TOBACCO_INDICATOR_Yth_nonsmoked_svy_yr,,,,,,,2016,2016,,,,2025-07-24T14:32:31Z,2024,2024-01-01,2024-12-31
1501482,TOBACCO_MPOWER_M4_SMOKELESSECIGARETTESSCHOOL,COUNTRY,MAR,EMR,Eastern Mediterranean,YEAR,2024,TOBACCO_INDICATOR,TOBACCO_INDICATOR_Yth_nonsmoked_age_grp,,,,,,,13-15,,,,,2025-07-24T14:32:31Z,2024,2024-01-01,2024-12-31
1507502,TOBACCO_MPOWER_M4_SMOKELESSECIGARETTESSCHOOL,COUNTRY,BGR,EUR,Europe,YEAR,2024,TOBACCO_INDICATOR,TOBACCO_INDICATOR_Yth_nonsmoked_national,,,,,,,National,,,,,2025-07-24T14:32:31Z,2024,2024-01-01,2024-12-31
1528840,TOBACCO_MPOWER_M4_SMOKELESSECIGARETTESSCHOOL,COUNTRY,ISR,EUR,Europe,YEAR,2024,TOBACCO_INDICATOR,TOBACCO_INDICATOR_Yth_nonsmoked_national,,,,,,,National,,,,,2025-07-24T14:32:31Z,2024,2024-01-01,2024-12-31
1535171,TOBACCO_MPOWER_M4_SMOKELESSECIGARETTESSCHOOL,COUNTRY,MMR,SEAR,South-East Asia,YEAR,2024,TOBACCO_INDICATOR,TOBACCO_INDICATOR_Yth_nonsmoked_national,,,,,,,National,,,,,2025-07-24T14:32:31Z,2024,2024-01-01,2024-12-31
1548989,TOBACCO_MPOWER_M4_SMOKELESSECIGARETTESSCHOOL,COUNTRY,MKD,EUR,Europe,YEAR,2024,TOBACCO_INDICATOR,TOBACCO_INDICATOR_Yth_nonsmoked_national,,,,,,,National,,,,,2025-07-24T14:32:31Z,2024,2024-01-01,2024-12-31
1555506,TOBACCO_MPOWER_M4_SMOKELESSECIGARETTESSCHOOL,COUNTRY,TON,WPR,Western Pacific,YEAR,2024,TOBACCO_INDICATOR,TOBACCO_INDICATOR_Yth_nonsmoked_age_grp,,,,,,,. . .,,,,,2025-07-24T14:32:31Z,2024,2024-01-01,2024-12-31
1573125,TOBACCO_MPOWER_M4_SMOKELESSECIGARETTESSCHOOL,COUNTRY,AZE,EUR,Europe,YEAR,2024,TOBACCO_INDICATOR,TOBACCO_INDICATOR_Yth_nonsmoked_svy_yr,,,,,,,2016,2016,,,,2025-07-24T14:32:31Z,2024,2024-01-01,2024-12-31
1590657,TOBACCO_MPOWER_M4_SMOKELESSECIGARETTESSCHOOL,COUNTRY,MDA,EUR,Europe,YEAR,2024,TOBACCO_INDICATOR,TOBACCO_INDICATOR_Yth_nonsmoked_national,,,,,,,National,,,,,2025-07-24T14:32:31Z,2024,2024-01-01,2024-12-31
1593075,TOBACCO_MPOWER_M4_SMOKELESSECIGARETTESSCHOOL,COUNTRY,BTN,SEAR,South-East Asia,YEAR,2024,TOBACCO_INDICATOR,TOBACCO_INDICATOR_Yth_nonsmoked_svy_yr,,,,,,,2019,2019,,,,2025-07-24T14:32:31Z,2024,2024-01-01,2024-12-31
1601176,TOBACCO_MPOWER_M4_SMOKELESSECIGARETTESSCHOOL,COUNTRY,CRI,AMR,Americas,YEAR,2024,TOBACCO_INDICATOR,TOBACCO_INDICATOR_Yth_nonsmoked_national,,,,,,,National,,,,,2025-07-24T14:32:31Z,2024,2024-01-01,2024-12-31
1614668,TOBACCO_MPOWER_M4_SMOKELESSECIGARETTESSCHOOL,COUNTRY,MDA,EUR,Europe,YEAR,2024,TOBACCO_INDICATOR,TOBACCO_INDICATOR_Yth_nonsmoked_svy_yr,,,,,,,2021-22,,,,,2025-07-24T14:32:31Z,2024,2024-01-01,2024-12-31
1622241,TOBACCO_MPOWER_M4_SMOKELESSECIGARETTESSCHOOL,COUNTRY,ISL,EUR,Europe,YEAR,2024,TOBACCO_INDICATOR,TOBACCO_INDICATOR_Yth_nonsmoked_svy_yr,,,,,,,2021-22,,,,,2025-07-24T14:32:31Z,2024,2024-01-01,2024-12-31
1630293,TOBACCO_MPOWER_M4_SMOKELESSECIGARETTESSCHOOL,COUNTRY,BGR,EUR,Europe,YEAR,2024,TOBACCO_INDICATOR,TOBACCO_INDICATOR_Yth_nonsmoked_age_grp,,,,,,,13-15,,,,,2025-07-24T14:32:31Z,2024,2024-01-01,2024-12-31
1630690,TOBACCO_MPOWER_M4_SMOKELESSECIGARETTESSCHOOL,COUNTRY,RWA,AFR,Africa,YEAR,2024,TOBACCO_INDICATOR,TOBACCO_INDICATOR_Yth_nonsmoked_national,,,,,,,National,,,,,2025-07-24T14:32:31Z,2024,2024-01-01,2024-12-31
1657259,TOBACCO_MPOWER_M4_SMOKELESSECIGARETTESSCHOOL,COUNTRY,LSO,AFR,Africa,YEAR,2024,TOBACCO_INDICATOR,TOBACCO_INDICATOR_Yth_nonsmoked_svy_title,,,,,,,Global Youth Tobacco Survey,,,,,2025-07-24T14:32:31Z,2024,2024-01-01,2024-12-31
1670831,TOBACCO_MPOWER_M4_SMOKELESSECIGARETTESSCHOOL,COUNTRY,BOL,AMR,Americas,YEAR,2024,TOBACCO_INDICATOR,TOBACCO_INDICATOR_Yth_nonsmoked_svy_title,,,,,,,Global Youth Tobacco Survey,,,,,2025-07-24T14:32:31Z,2024,2024-01-01,2024-12-31
1675057,TOBACCO_MPOWER_M4_SMOKELESSECIGARETTESSCHOOL,COUNTRY,COG,AFR,Africa,YEAR,2024,TOBACCO_INDICATOR,TOBACCO_INDICATOR_Yth_nonsmoked_age_grp,,,,,,,13-15,,,,,2025-07-24T14:32:31Z,2024,2024-01-01,2024-12-31
1699370,TOBACCO_MPOWER_M4_SMOKELESSECIGARETTESSCHOOL,COUNTRY,AUS,WPR,Western Pacific,YEAR,2024,TOBACCO_INDICATOR,TOBACCO_INDICATOR_Yth_nonsmoked_age_grp,,,,,,,12-17,46008,,,,2026-01-27T14:35:19Z,2024,2024-01-01,2024-12-31
1700342,TOBACCO_MPOWER_M4_SMOKELESSECIGARETTESSCHOOL,COUNTRY,TGO,AFR,Africa,YEAR,2024,TOBACCO_INDICATOR,TOBACCO_INDICATOR_Yth_nonsmoked_national,,,,,,,National,,,,,2025-07-24T14:32:31Z,2024,2024-01-01,2024-12-31
1716159,TOBACCO_MPOWER_M4_SMOKELESSECIGARETTESSCHOOL,COUNTRY,FSM,WPR,Western Pacific,YEAR,2024,TOBACCO_INDICATOR,TOBACCO_INDICATOR_Yth_nonsmoked_svy_title,,,,,,,Global Youth Tobacco Survey,,,,,2025-07-24T14:32:31Z,2024,2024-01-01,2024-12-31
1722391,TOBACCO_MPOWER_M4_SMOKELESSECIGARETTESSCHOOL,COUNTRY,PNG,WPR,Western Pacific,YEAR,2024,TOBACCO_INDICATOR,TOBACCO_INDICATOR_Yth_nonsmoked_age_grp,,,,,,,13-15,,,,,2025-07-24T14:32:31Z,2024,2024-01-01,2024-12-31
1739603,TOBACCO_MPOWER_M4_SMOKELESSECIGARETTESSCHOOL,COUNTRY,MDV,SEAR,South-East Asia,YEAR,2024,TOBACCO_INDICATOR,TOBACCO_INDICATOR_Yth_nonsmoked_svy_yr,,,,,,,2019,2019,,,,2025-07-24T14:32:31Z,2024,2024-01-01,2024-12-31
1751414,TOBACCO_MPOWER_M4_SMOKELESSECIGARETTESSCHOOL,COUNTRY,HND,AMR,Americas,YEAR,2024,TOBACCO_INDICATOR,TOBACCO_INDICATOR_Yth_nonsmoked_svy_title,,,,,,,Global Youth Tobacco Survey,,,,,2025-07-24T14:32:31Z,2024,2024-01-01,2024-12-31
1754985,TOBACCO_MPOWER_M4_SMOKELESSECIGARETTESSCHOOL,COUNTRY,SDN,EMR,Eastern Mediterranean,YEAR,2024,TOBACCO_INDICATOR,TOBACCO_INDICATOR_Yth_nonsmoked_age_grp,,,,,,,13-15,,,,,2025-07-24T14:32:31Z,2024,2024-01-01,2024-12-31
1759418,TOBACCO_MPOWER_M4_SMOKELESSECIGARETTESSCHOOL,COUNTRY,SLV,AMR,Americas,YEAR,2024,TOBACCO_INDICATOR,TOBACCO_INDICATOR_Yth_nonsmoked_national,,,,,,,National,,,,,2025-07-24T14:32:31Z,2024,2024-01-01,2024-12-31
1764254,TOBACCO_MPOWER_M4_SMOKELESSECIGARETTESSCHOOL,COUNTRY,TLS,SEAR,South-East Asia,YEAR,2024,TOBACCO_INDICATOR,TOBACCO_INDICATOR_Yth_nonsmoked_svy_title,,,,,,,Global Youth Tobacco Survey,,,,,2025-07-24T14:32:31Z,2024,2024-01-01,2024-12-31
1786588,TOBACCO_MPOWER_M4_SMOKELESSECIGARETTESSCHOOL,COUNTRY,VNM,WPR,Western Pacific,YEAR,2024,TOBACCO_INDICATOR,TOBACCO_INDICATOR_Yth_nonsmoked_national,,,,,,,National,,,,,2025-07-24T14:32:31Z,2024,2024-01-01,2024-12-31
1832315,TOBACCO_MPOWER_M4_SMOKELESSECIGARETTESSCHOOL,COUNTRY,MUS,AFR,Africa,YEAR,2024,TOBACCO_INDICATOR,TOBACCO_INDICATOR_Yth_nonsmoked_svy_title,,,,,,,Global Youth Tobacco Survey,,,,,2025-07-24T14:32:31Z,2024,2024-01-01,2024-12-31
1838578,TOBACCO_MPOWER_M4_SMOKELESSECIGARETTESSCHOOL,COUNTRY,GTM,AMR,Americas,YEAR,2024,TOBACCO_INDICATOR,TOBACCO_INDICATOR_Yth_nonsmoked_svy_yr,,,,,,,2015,2015,,,,2025-07-24T14:32:31Z,2024,2024-01-01,2024-12-31
1852857,TOBACCO_MPOWER_M4_SMOKELESSECIGARETTESSCHOOL,COUNTRY,SAU,EMR,Eastern Mediterranean,YEAR,2024,TOBACCO_INDICATOR,TOBACCO_INDICATOR_Yth_nonsmoked_svy_yr,,,,,,,2022,2022,,,,2025-07-24T14:32:31Z,2024,2024-01-01,2024-12-31
1853226,TOBACCO_MPOWER_M4_SMOKELESSECIGARETTESSCHOOL,COUNTRY,PER,AMR,Americas,YEAR,2024,TOBACCO_INDICATOR,TOBACCO_INDICATOR_Yth_nonsmoked_svy_yr,,,,,,,2019,2019,,,,2025-07-24T14:32:31Z,2024,2024-01-01,2024-12-31
1859885,TOBACCO_MPOWER_M4_SMOKELESSECIGARETTESSCHOOL,COUNTRY,NLD,EUR,Europe,YEAR,2024,TOBACCO_INDICATOR,TOBACCO_INDICATOR_Yth_nonsmoked_age_grp,,,,,,,15-15,,,,,2025-07-24T14:32:31Z,2024,2024-01-01,2024-12-31
1894432,TOBACCO_MPOWER_M4_SMOKELESSECIGARETTESSCHOOL,COUNTRY,BFA,AFR,Africa,YEAR,2024,TOBACCO_INDICATOR,TOBACCO_INDICATOR_Yth_nonsmoked_svy_yr,,,,,,,2009,2009,,,,2025-07-24T14:32:31Z,2024,2024-01-01,2024-12-31
1898406,TOBACCO_MPOWER_M4_SMOKELESSECIGARETTESSCHOOL,COUNTRY,KHM,WPR,Western Pacific,YEAR,2024,TOBACCO_INDICATOR,TOBACCO_INDICATOR_Yth_nonsmoked_svy_yr,,,,,,,2022,2022,,,,2025-07-24T14:32:31Z,2024,2024-01-01,2024-12-31
1930826,TOBACCO_MPOWER_M4_SMOKELESSECIGARETTESSCHOOL,COUNTRY,GHA,AFR,Africa,YEAR,2024,TOBACCO_INDICATOR,TOBACCO_INDICATOR_Yth_nonsmoked_svy_title,,,,,,,Global Youth Tobacco Survey,,,,,2025-07-24T14:32:31Z,2024,2024-01-01,2024-12-31
1940931,TOBACCO_MPOWER_M4_SMOKELESSECIGARETTESSCHOOL,COUNTRY,HND,AMR,Americas,YEAR,2024,TOBACCO_INDICATOR,TOBACCO_INDICATOR_Yth_nonsmoked_age_grp,,,,,,,13-15,,,,,2025-07-24T14:32:31Z,2024,2024-01-01,2024-12-31
1957880,TOBACCO_MPOWER_M4_SMOKELESSECIGARETTESSCHOOL,COUNTRY,ESP,EUR,Europe,YEAR,2024,TOBACCO_INDICATOR,TOBACCO_INDICATOR_Yth_nonsmoked_svy_yr,,,,,,,2023,2023,,,,2025-07-24T14:32:31Z,2024,2024-01-01,2024-12-31
1960957,TOBACCO_MPOWER_M4_SMOKELESSECIGARETTESSCHOOL,COUNTRY,LUX,EUR,Europe,YEAR,2024,TOBACCO_INDICATOR,TOBACCO_INDICATOR_Yth_nonsmoked_national,,,,,,,National,,,,,2025-07-24T14:32:31Z,2024,2024-01-01,2024-12-31
1973164,TOBACCO_MPOWER_M4_SMOKELESSECIGARETTESSCHOOL,COUNTRY,GNB,AFR,Africa,YEAR,2024,TOBACCO_INDICATOR,TOBACCO_INDICATOR_Yth_nonsmoked_national,,,,,,,. . .,,,,,2025-07-24T14:32:31Z,2024,2024-01-01,2024-12-31
1982459,TOBACCO_MPOWER_M4_SMOKELESSECIGARETTESSCHOOL,COUNTRY,SAU,EMR,Eastern Mediterranean,YEAR,2024,TOBACCO_INDICATOR,TOBACCO_INDICATOR_Yth_nonsmoked_national,,,,,,,National,,,,,2025-07-24T14:32:31Z,2024,2024-01-01,2024-12-31
1990820,TOBACCO_MPOWER_M4_SMOKELESSECIGARETTESSCHOOL,COUNTRY,SGP,WPR,Western Pacific,YEAR,2024,TOBACCO_INDICATOR,TOBACCO_INDICATOR_Yth_nonsmoked_svy_title,,,,,,,. . .,,,,,2025-07-24T14:32:31Z,2024,2024-01-01,2024-12-31
1992988,TOBACCO_MPOWER_M4_SMOKELESSECIGARETTESSCHOOL,COUNTRY,URY,AMR,Americas,YEAR,2024,TOBACCO_INDICATOR,TOBACCO_INDICATOR_Yth_nonsmoked_national,,,,,,,National,,,,,2025-07-24T14:32:31Z,2024,2024-01-01,2024-12-31
1996937,TOBACCO_MPOWER_M4_SMOKELESSECIGARETTESSCHOOL,COUNTRY,SYR,EMR,Eastern Mediterranean,YEAR,2024,TOBACCO_INDICATOR,TOBACCO_INDICATOR_Yth_nonsmoked_svy_title,,,,,,,. . .,,,,,2025-07-24T14:32:31Z,2024,2024-01-01,2024-12-31
2012250,TOBACCO_MPOWER_M4_SMOKELESSECIGARETTESSCHOOL,COUNTRY,KHM,WPR,Western Pacific,YEAR,2024,TOBACCO_INDICATOR,TOBACCO_INDICATOR_Yth_nonsmoked_svy_title,,,,,,,Global Youth Tobacco Survey,,,,,2025-07-24T14:32:31Z,2024,2024-01-01,2024-12-31
2014433,TOBACCO_MPOWER_M4_SMOKELESSECIGARETTESSCHOOL,COUNTRY,SVK,EUR,Europe,YEAR,2024,TOBACCO_INDICATOR,TOBACCO_INDICATOR_Yth_nonsmoked_svy_title,,,,,,,Health Behaviour in School-aged Children,,,,,2025-07-24T14:32:31Z,2024,2024-01-01,2024-12-31
2044331,TOBACCO_MPOWER_M4_SMOKELESSECIGARETTESSCHOOL,COUNTRY,LBR,AFR,Africa,YEAR,2024,TOBACCO_INDICATOR,TOBACCO_INDICATOR_Yth_nonsmoked_svy_title,,,,,,,Global Youth Tobacco Survey (Monrovia),,,,,2025-07-24T14:32:31Z,2024,2024-01-01,2024-12-31
2069618,TOBACCO_MPOWER_M4_SMOKELESSECIGARETTESSCHOOL,COUNTRY,GRC,EUR,Europe,YEAR,2024,TOBACCO_INDICATOR,TOBACCO_INDICATOR_Yth_nonsmoked_national,,,,,,,National,,,,,2025-07-24T14:32:31Z,2024,2024-01-01,2024-12-31
2086127,TOBACCO_MPOWER_M4_SMOKELESSECIGARETTESSCHOOL,COUNTRY,COM,AFR,Africa,YEAR,2024,TOBACCO_INDICATOR,TOBACCO_INDICATOR_Yth_nonsmoked_national,,,,,,,National,,,,,2025-07-24T14:32:31Z,2024,2024-01-01,2024-12-31
2087182,TOBACCO_MPOWER_M4_SMOKELESSECIGARETTESSCHOOL,COUNTRY,GBR,EUR,Europe,YEAR,2024,TOBACCO_INDICATOR,TOBACCO_INDICATOR_Yth_nonsmoked_svy_yr,,,,,,,2023,2023,,,,2025-07-24T14:32:31Z,2024,2024-01-01,2024-12-31
2089021,TOBACCO_MPOWER_M4_SMOKELESSECIGARETTESSCHOOL,COUNTRY,PAK,EMR,Eastern Mediterranean,YEAR,2024,TOBACCO_INDICATOR,TOBACCO_INDICATOR_Yth_nonsmoked_age_grp,,,,,,,13-15,,,,,2025-07-24T14:32:31Z,2024,2024-01-01,2024-12-31
2110521,TOBACCO_MPOWER_M4_SMOKELESSECIGARETTESSCHOOL,COUNTRY,OMN,EMR,Eastern Mediterranean,YEAR,2024,TOBACCO_INDICATOR,TOBACCO_INDICATOR_Yth_nonsmoked_svy_title,,,,,,,Global Youth Tobacco Survey,,,,,2025-07-24T14:32:31Z,2024,2024-01-01,2024-12-31
2130595,TOBACCO_MPOWER_M4_SMOKELESSECIGARETTESSCHOOL,COUNTRY,GUY,AMR,Americas,YEAR,2024,TOBACCO_INDICATOR,TOBACCO_INDICATOR_Yth_nonsmoked_age_grp,,,,,,,13-15,,,,,2025-07-24T14:32:31Z,2024,2024-01-01,2024-12-31
2144834,TOBACCO_MPOWER_M4_SMOKELESSECIGARETTESSCHOOL,COUNTRY,NER,AFR,Africa,YEAR,2024,TOBACCO_INDICATOR,TOBACCO_INDICATOR_Yth_nonsmoked_svy_yr,,,,,,,. . .,,,,,2025-07-24T14:32:31Z,2024,2024-01-01,2024-12-31
2147841,TOBACCO_MPOWER_M4_SMOKELESSECIGARETTESSCHOOL,COUNTRY,SVK,EUR,Europe,YEAR,2024,TOBACCO_INDICATOR,TOBACCO_INDICATOR_Yth_nonsmoked_national,,,,,,,National,,,,,2025-07-24T14:32:31Z,2024,2024-01-01,2024-12-31
2151626,TOBACCO_MPOWER_M4_SMOKELESSECIGARETTESSCHOOL,COUNTRY,LKA,SEAR,South-East Asia,YEAR,2024,TOBACCO_INDICATOR,TOBACCO_INDICATOR_Yth_nonsmoked_svy_yr,,,,,,,2015,2015,,,,2025-07-24T14:32:31Z,2024,2024-01-01,2024-12-31
2166284,TOBACCO_MPOWER_M4_SMOKELESSECIGARETTESSCHOOL,COUNTRY,LBN,EMR,Eastern Mediterranean,YEAR,2024,TOBACCO_INDICATOR,TOBACCO_INDICATOR_Yth_nonsmoked_national,,,,,,,. . .,,,,,2025-07-24T14:32:31Z,2024,2024-01-01,2024-12-31
2177233,TOBACCO_MPOWER_M4_SMOKELESSECIGARETTESSCHOOL,COUNTRY,UZB,EUR,Europe,YEAR,2024,TOBACCO_INDICATOR,TOBACCO_INDICATOR_Yth_nonsmoked_age_grp,,,,,,,13-15,,,,,2025-07-24T14:32:31Z,2024,2024-01-01,2024-12-31
2192713,TOBACCO_MPOWER_M4_SMOKELESSECIGARETTESSCHOOL,COUNTRY,IND,SEAR,South-East Asia,YEAR,2024,TOBACCO_INDICATOR,TOBACCO_INDICATOR_Yth_nonsmoked_national,,,,,,,National,,,,,2025-07-24T14:32:31Z,2024,2024-01-01,2024-12-31
2203867,TOBACCO_MPOWER_M4_SMOKELESSECIGARETTESSCHOOL,COUNTRY,BRB,AMR,Americas,YEAR,2024,TOBACCO_INDICATOR,TOBACCO_INDICATOR_Yth_nonsmoked_age_grp,,,,,,,13-15,,,,,2025-07-24T14:32:31Z,2024,2024-01-01,2024-12-31
2206754,TOBACCO_MPOWER_M4_SMOKELESSECIGARETTESSCHOOL,COUNTRY,MLT,EUR,Europe,YEAR,2024,TOBACCO_INDICATOR,TOBACCO_INDICATOR_Yth_nonsmoked_national,,,,,,,National,,,,,2025-07-24T14:32:31Z,2024,2024-01-01,2024-12-31
2221346,TOBACCO_MPOWER_M4_SMOKELESSECIGARETTESSCHOOL,COUNTRY,BWA,AFR,Africa,YEAR,2024,TOBACCO_INDICATOR,TOBACCO_INDICATOR_Yth_nonsmoked_age_grp,,,,,,,13-15,,,,,2025-07-24T14:32:31Z,2024,2024-01-01,2024-12-31
2226087,TOBACCO_MPOWER_M4_SMOKELESSECIGARETTESSCHOOL,COUNTRY,POL,EUR,Europe,YEAR,2024,TOBACCO_INDICATOR,TOBACCO_INDICATOR_Yth_nonsmoked_svy_yr,,,,,,,2022,2022,,,,2025-07-24T14:32:31Z,2024,2024-01-01,2024-12-31
2234435,TOBACCO_MPOWER_M4_SMOKELESSECIGARETTESSCHOOL,COUNTRY,TON,WPR,Western Pacific,YEAR,2024,TOBACCO_INDICATOR,TOBACCO_INDICATOR_Yth_nonsmoked_national,,,,,,,. . .,,,,,2025-07-24T14:32:31Z,2024,2024-01-01,2024-12-31
2236949,TOBACCO_MPOWER_M4_SMOKELESSECIGARETTESSCHOOL,COUNTRY,MKD,EUR,Europe,YEAR,2024,TOBACCO_INDICATOR,TOBACCO_INDICATOR_Yth_nonsmoked_age_grp,,,,,,,15-16,,,,,2025-07-24T14:32:31Z,2024,2024-01-01,2024-12-31
2256427,TOBACCO_MPOWER_M4_SMOKELESSECIGARETTESSCHOOL,COUNTRY,HND,AMR,Americas,YEAR,2024,TOBACCO_INDICATOR,TOBACCO_INDICATOR_Yth_nonsmoked_svy_yr,,,,,,,2016,2016,,,,2025-07-24T14:32:31Z,2024,2024-01-01,2024-12-31
2269275,TOBACCO_MPOWER_M4_SMOKELESSECIGARETTESSCHOOL,COUNTRY,BFA,AFR,Africa,YEAR,2024,TOBACCO_INDICATOR,TOBACCO_INDICATOR_Yth_nonsmoked_age_grp,,,,,,,13-15,,,,,2025-07-24T14:32:31Z,2024,2024-01-01,2024-12-31
2311644,TOBACCO_MPOWER_M4_SMOKELESSECIGARETTESSCHOOL,COUNTRY,CZE,EUR,Europe,YEAR,2024,TOBACCO_INDICATOR,TOBACCO_INDICATOR_Yth_nonsmoked_svy_yr,,,,,,,2022,2022,,,,2025-07-24T14:32:31Z,2024,2024-01-01,2024-12-31
2315577,TOBACCO_MPOWER_M4_SMOKELESSECIGARETTESSCHOOL,COUNTRY,IDN,WPR,Western Pacific,YEAR,2024,TOBACCO_INDICATOR,TOBACCO_INDICATOR_Yth_nonsmoked_svy_yr,,,,,,,2023,2023,,,,2025-07-24T14:32:31Z,2024,2024-01-01,2024-12-31
2327680,TOBACCO_MPOWER_M4_SMOKELESSECIGARETTESSCHOOL,COUNTRY,GIN,AFR,Africa,YEAR,2024,TOBACCO_INDICATOR,TOBACCO_INDICATOR_Yth_nonsmoked_svy_yr,,,,,,,. . .,,,,,2025-07-24T14:32:31Z,2024,2024-01-01,2024-12-31
2340159,TOBACCO_MPOWER_M4_SMOKELESSECIGARETTESSCHOOL,COUNTRY,SYC,AFR,Africa,YEAR,2024,TOBACCO_INDICATOR,TOBACCO_INDICATOR_Yth_nonsmoked_national,,,,,,,National,,,,,2025-07-24T14:32:31Z,2024,2024-01-01,2024-12-31
2351522,TOBACCO_MPOWER_M4_SMOKELESSECIGARETTESSCHOOL,COUNTRY,MNG,WPR,Western Pacific,YEAR,2024,TOBACCO_INDICATOR,TOBACCO_INDICATOR_Yth_nonsmoked_svy_yr,,,,,,,2023,2023,,,,2025-07-24T14:32:31Z,2024,2024-01-01,2024-12-31
2353017,TOBACCO_MPOWER_M4_SMOKELESSECIGARETTESSCHOOL,COUNTRY,UKR,EUR,Europe,YEAR,2024,TOBACCO_INDICATOR,TOBACCO_INDICATOR_Yth_nonsmoked_national,,,,,,,National,,,,,2025-07-24T14:32:31Z,2024,2024-01-01,2024-12-31
2379313,TOBACCO_MPOWER_M4_SMOKELESSECIGARETTESSCHOOL,COUNTRY,GAB,AFR,Africa,YEAR,2024,TOBACCO_INDICATOR,TOBACCO_INDICATOR_Yth_nonsmoked_national,,,,,,,National,,,,,2025-07-24T14:32:31Z,2024,2024-01-01,2024-12-31
2385217,TOBACCO_MPOWER_M4_SMOKELESSECIGARETTESSCHOOL,COUNTRY,DZA,AFR,Africa,YEAR,2024,TOBACCO_INDICATOR,TOBACCO_INDICATOR_Yth_nonsmoked_age_grp,,,,,,,13-15,,,,,2025-07-24T14:32:31Z,2024,2024-01-01,2024-12-31
2385807,TOBACCO_MPOWER_M4_SMOKELESSECIGARETTESSCHOOL,COUNTRY,PRY,AMR,Americas,YEAR,2024,TOBACCO_INDICATOR,TOBACCO_INDICATOR_Yth_nonsmoked_age_grp,,,,,,,13-15,,,,,2025-07-24T14:32:31Z,2024,2024-01-01,2024-12-31
2390412,TOBACCO_MPOWER_M4_SMOKELESSECIGARETTESSCHOOL,COUNTRY,ZAF,AFR,Africa,YEAR,2024,TOBACCO_INDICATOR,TOBACCO_INDICATOR_Yth_nonsmoked_age_grp,,,,,,,13-15,,,,,2025-07-24T14:32:31Z,2024,2024-01-01,2024-12-31
2393688,TOBACCO_MPOWER_M4_SMOKELESSECIGARETTESSCHOOL,COUNTRY,WSM,WPR,Western Pacific,YEAR,2024,TOBACCO_INDICATOR,TOBACCO_INDICATOR_Yth_nonsmoked_svy_title,,,,,,,Global Youth Tobacco Survey,,,,,2025-07-24T14:32:31Z,2024,2024-01-01,2024-12-31
2424453,TOBACCO_MPOWER_M4_SMOKELESSECIGARETTESSCHOOL,COUNTRY,QAT,EMR,Eastern Mediterranean,YEAR,2024,TOBACCO_INDICATOR,TOBACCO_INDICATOR_Yth_nonsmoked_svy_title,,,,,,,Global Youth Tobacco Survey,,,,,2025-07-24T14:32:31Z,2024,2024-01-01,2024-12-31
2430250,TOBACCO_MPOWER_M4_SMOKELESSECIGARETTESSCHOOL,COUNTRY,RUS,EUR,Europe,YEAR,2024,TOBACCO_INDICATOR,TOBACCO_INDICATOR_Yth_nonsmoked_svy_yr,,,,,,,2021,2021,,,,2025-07-24T14:32:31Z,2024,2024-01-01,2024-12-31
2431693,TOBACCO_MPOWER_M4_SMOKELESSECIGARETTESSCHOOL,COUNTRY,CHE,EUR,Europe,YEAR,2024,TOBACCO_INDICATOR,TOBACCO_INDICATOR_Yth_nonsmoked_national,,,,,,,National,,,,,2025-07-24T14:32:31Z,2024,2024-01-01,2024-12-31
2437615,TOBACCO_MPOWER_M4_SMOKELESSECIGARETTESSCHOOL,COUNTRY,NZL,WPR,Western Pacific,YEAR,2024,TOBACCO_INDICATOR,TOBACCO_INDICATOR_Yth_nonsmoked_svy_title,,,,,,,ASH Year 10 Survey,,,,,2025-07-24T14:32:31Z,2024,2024-01-01,2024-12-31
2479856,TOBACCO_MPOWER_M4_SMOKELESSECIGARETTESSCHOOL,COUNTRY,NIC,AMR,Americas,YEAR,2024,TOBACCO_INDICATOR,TOBACCO_INDICATOR_Yth_nonsmoked_age_grp,,,,,,,. . .,,,,,2025-07-24T14:32:31Z,2024,2024-01-01,2024-12-31
2486617,TOBACCO_MPOWER_M4_SMOKELESSECIGARETTESSCHOOL,COUNTRY,DNK,EUR,Europe,YEAR,2024,TOBACCO_INDICATOR,TOBACCO_INDICATOR_Yth_nonsmoked_svy_title,,,,,,,Health Behaviour in School-aged Children,,,,,2025-07-24T14:32:31Z,2024,2024-01-01,2024-12-31
2492218,TOBACCO_MPOWER_M4_SMOKELESSECIGARETTESSCHOOL,COUNTRY,MUS,AFR,Africa,YEAR,2024,TOBACCO_INDICATOR,TOBACCO_INDICATOR_Yth_nonsmoked_age_grp,,,,,,,13-15,,,,,2025-07-24T14:32:31Z,2024,2024-01-01,2024-12-31
2494922,TOBACCO_MPOWER_M4_SMOKELESSECIGARETTESSCHOOL,COUNTRY,DEU,EUR,Europe,YEAR,2024,TOBACCO_INDICATOR,TOBACCO_INDICATOR_Yth_nonsmoked_national,,,,,,,National,,,,,2025-07-24T14:32:31Z,2024,2024-01-01,2024-12-31
2513063,TOBACCO_MPOWER_M4_SMOKELESSECIGARETTESSCHOOL,COUNTRY,GNQ,AFR,Africa,YEAR,2024,TOBACCO_INDICATOR,TOBACCO_INDICATOR_Yth_nonsmoked_national,,,,,,,. . .,,,,,2025-07-24T14:32:31Z,2024,2024-01-01,2024-12-31
2517029,TOBACCO_MPOWER_M4_SMOKELESSECIGARETTESSCHOOL,COUNTRY,CUB,AMR,Americas,YEAR,2024,TOBACCO_INDICATOR,TOBACCO_INDICATOR_Yth_nonsmoked_age_grp,,,,,,,13-15,,,,,2025-07-24T14:32:31Z,2024,2024-01-01,2024-12-31
2531834,TOBACCO_MPOWER_M4_SMOKELESSECIGARETTESSCHOOL,COUNTRY,LCA,AMR,Americas,YEAR,2024,TOBACCO_INDICATOR,TOBACCO_INDICATOR_Yth_nonsmoked_age_grp,,,,,,,13-15,,,,,2025-07-24T14:32:31Z,2024,2024-01-01,2024-12-31
2562917,TOBACCO_MPOWER_M4_SMOKELESSECIGARETTESSCHOOL,COUNTRY,GAB,AFR,Africa,YEAR,2024,TOBACCO_INDICATOR,TOBACCO_INDICATOR_Yth_nonsmoked_age_grp,,,,,,,13-15,,,,,2025-07-24T14:32:31Z,2024,2024-01-01,2024-12-31
2570927,TOBACCO_MPOWER_M4_SMOKELESSECIGARETTESSCHOOL,COUNTRY,BHR,EMR,Eastern Mediterranean,YEAR,2024,TOBACCO_INDICATOR,TOBACCO_INDICATOR_Yth_nonsmoked_svy_yr,,,,,,,2015,2015,,,,2025-07-24T14:32:31Z,2024,2024-01-01,2024-12-31
2587857,TOBACCO_MPOWER_M4_SMOKELESSECIGARETTESSCHOOL,COUNTRY,ALB,EUR,Europe,YEAR,2024,TOBACCO_INDICATOR,TOBACCO_INDICATOR_Yth_nonsmoked_svy_title,,,,,,,Health Behaviour in School-aged Children,,,,,2025-07-24T14:32:31Z,2024,2024-01-01,2024-12-31
2588073,TOBACCO_MPOWER_M4_SMOKELESSECIGARETTESSCHOOL,COUNTRY,GHA,AFR,Africa,YEAR,2024,TOBACCO_INDICATOR,TOBACCO_INDICATOR_Yth_nonsmoked_national,,,,,,,National,,,,,2025-07-24T14:32:31Z,2024,2024-01-01,2024-12-31
2589329,TOBACCO_MPOWER_M4_SMOKELESSECIGARETTESSCHOOL,COUNTRY,SSD,AFR,Africa,YEAR,2024,TOBACCO_INDICATOR,TOBACCO_INDICATOR_Yth_nonsmoked_svy_yr,,,,,,,. . .,,,,,2025-07-24T14:32:31Z,2024,2024-01-01,2024-12-31
2595999,TOBACCO_MPOWER_M4_SMOKELESSECIGARETTESSCHOOL,COUNTRY,SDN,EMR,Eastern Mediterranean,YEAR,2024,TOBACCO_INDICATOR,TOBACCO_INDICATOR_Yth_nonsmoked_svy_title,,,,,,,Global Youth Tobacco Survey,,,,,2025-07-24T14:32:31Z,2024,2024-01-01,2024-12-31
2625168,TOBACCO_MPOWER_M4_SMOKELESSECIGARETTESSCHOOL,COUNTRY,TON,WPR,Western Pacific,YEAR,2024,TOBACCO_INDICATOR,TOBACCO_INDICATOR_Yth_nonsmoked_svy_title,,,,,,,. . .,,,,,2025-07-24T14:32:31Z,2024,2024-01-01,2024-12-31
2678336,TOBACCO_MPOWER_M4_SMOKELESSECIGARETTESSCHOOL,COUNTRY,BRA,AMR,Americas,YEAR,2024,TOBACCO_INDICATOR,TOBACCO_INDICATOR_Yth_nonsmoked_age_grp,,,,,,,13-15,,,,,2025-07-24T14:32:31Z,2024,2024-01-01,2024-12-31
2694612,TOBACCO_MPOWER_M4_SMOKELESSECIGARETTESSCHOOL,COUNTRY,ITA,EUR,Europe,YEAR,2024,TOBACCO_INDICATOR,TOBACCO_INDICATOR_Yth_nonsmoked_svy_yr,,,,,,,2022,2022,,,,2025-07-24T14:32:31Z,2024,2024-01-01,2024-12-31
2714254,TOBACCO_MPOWER_M4_SMOKELESSECIGARETTESSCHOOL,COUNTRY,DJI,EMR,Eastern Mediterranean,YEAR,2024,TOBACCO_INDICATOR,TOBACCO_INDICATOR_Yth_nonsmoked_svy_title,,,,,,,Global Youth Tobacco Survey,,,,,2025-07-24T14:32:31Z,2024,2024-01-01,2024-12-31
2726795,TOBACCO_MPOWER_M4_SMOKELESSECIGARETTESSCHOOL,COUNTRY,CHL,AMR,Americas,YEAR,2024,TOBACCO_INDICATOR,TOBACCO_INDICATOR_Yth_nonsmoked_national,,,,,,,. . .,,,,,2025-07-24T14:32:31Z,2024,2024-01-01,2024-12-31
2745202,TOBACCO_MPOWER_M4_SMOKELESSECIGARETTESSCHOOL,COUNTRY,PHL,WPR,Western Pacific,YEAR,2024,TOBACCO_INDICATOR,TOBACCO_INDICATOR_Yth_nonsmoked_national,,,,,,,National,,,,,2025-07-24T14:32:31Z,2024,2024-01-01,2024-12-31
2747009,TOBACCO_MPOWER_M4_SMOKELESSECIGARETTESSCHOOL,COUNTRY,LKA,SEAR,South-East Asia,YEAR,2024,TOBACCO_INDICATOR,TOBACCO_INDICATOR_Yth_nonsmoked_age_grp,,,,,,,13-15,,,,,2025-07-24T14:32:31Z,2024,2024-01-01,2024-12-31
2765759,TOBACCO_MPOWER_M4_SMOKELESSECIGARETTESSCHOOL,COUNTRY,PRT,EUR,Europe,YEAR,2024,TOBACCO_INDICATOR,TOBACCO_INDICATOR_Yth_nonsmoked_age_grp,,,,,,,15-15,,,,,2025-07-24T14:32:31Z,2024,2024-01-01,2024-12-31
2775612,TOBACCO_MPOWER_M4_SMOKELESSECIGARETTESSCHOOL,COUNTRY,LVA,EUR,Europe,YEAR,2024,TOBACCO_INDICATOR,TOBACCO_INDICATOR_Yth_nonsmoked_national,,,,,,,National,,,,,2025-07-24T14:32:31Z,2024,2024-01-01,2024-12-31
2782890,TOBACCO_MPOWER_M4_SMOKELESSECIGARETTESSCHOOL,COUNTRY,NZL,WPR,Western Pacific,YEAR,2024,TOBACCO_INDICATOR,TOBACCO_INDICATOR_Yth_nonsmoked_national,,,,,,,National,,,,,2025-07-24T14:32:31Z,2024,2024-01-01,2024-12-31
2799314,TOBACCO_MPOWER_M4_SMOKELESSECIGARETTESSCHOOL,COUNTRY,COL,AMR,Americas,YEAR,2024,TOBACCO_INDICATOR,TOBACCO_INDICATOR_Yth_nonsmoked_age_grp,,,,,,,7th -11th gra,,,,,2025-07-24T14:32:31Z,2024,2024-01-01,2024-12-31
2801213,TOBACCO_MPOWER_M4_SMOKELESSECIGARETTESSCHOOL,COUNTRY,ROU,EUR,Europe,YEAR,2024,TOBACCO_INDICATOR,TOBACCO_INDICATOR_Yth_nonsmoked_svy_title,,,,,,,Health Behaviour in School-aged Children,,,,,2025-07-24T14:32:31Z,2024,2024-01-01,2024-12-31
2821031,TOBACCO_MPOWER_M4_SMOKELESSECIGARETTESSCHOOL,COUNTRY,IRN,EMR,Eastern Mediterranean,YEAR,2024,TOBACCO_INDICATOR,TOBACCO_INDICATOR_Yth_nonsmoked_national,,,,,,,National,,,,,2025-07-24T14:32:31Z,2024,2024-01-01,2024-12-31
2860248,TOBACCO_MPOWER_M4_SMOKELESSECIGARETTESSCHOOL,COUNTRY,DJI,EMR,Eastern Mediterranean,YEAR,2024,TOBACCO_INDICATOR,TOBACCO_INDICATOR_Yth_nonsmoked_national,,,,,,,National,,,,,2025-07-24T14:32:31Z,2024,2024-01-01,2024-12-31
2873027,TOBACCO_MPOWER_M4_SMOKELESSECIGARETTESSCHOOL,COUNTRY,PLW,WPR,Western Pacific,YEAR,2024,TOBACCO_INDICATOR,TOBACCO_INDICATOR_Yth_nonsmoked_svy_yr,,,,,,,2022,2022,,,,2025-07-24T14:32:31Z,2024,2024-01-01,2024-12-31
2874198,TOBACCO_MPOWER_M4_SMOKELESSECIGARETTESSCHOOL,COUNTRY,CMR,AFR,Africa,YEAR,2024,TOBACCO_INDICATOR,TOBACCO_INDICATOR_Yth_nonsmoked_national,,,,,,,National,,,,,2025-07-24T14:32:31Z,2024,2024-01-01,2024-12-31
2887782,TOBACCO_MPOWER_M4_SMOKELESSECIGARETTESSCHOOL,COUNTRY,NOR,EUR,Europe,YEAR,2024,TOBACCO_INDICATOR,TOBACCO_INDICATOR_Yth_nonsmoked_age_grp,,,,,,,12-19,46010,,,,2026-01-27T14:35:19Z,2024,2024-01-01,2024-12-31
2898098,TOBACCO_MPOWER_M4_SMOKELESSECIGARETTESSCHOOL,COUNTRY,LBN,EMR,Eastern Mediterranean,YEAR,2024,TOBACCO_INDICATOR,TOBACCO_INDICATOR_Yth_nonsmoked_age_grp,,,,,,,. . .,,,,,2025-07-24T14:32:31Z,2024,2024-01-01,2024-12-31
2927596,TOBACCO_MPOWER_M4_SMOKELESSECIGARETTESSCHOOL,COUNTRY,ATG,AMR,Americas,YEAR,2024,TOBACCO_INDICATOR,TOBACCO_INDICATOR_Yth_nonsmoked_svy_yr,,,,,,,2017,2017,,,,2025-07-24T14:32:31Z,2024,2024-01-01,2024-12-31
2934943,TOBACCO_MPOWER_M4_SMOKELESSECIGARETTESSCHOOL,COUNTRY,GNQ,AFR,Africa,YEAR,2024,TOBACCO_INDICATOR,TOBACCO_INDICATOR_Yth_nonsmoked_age_grp,,,,,,,. . .,,,,,2025-07-24T14:32:31Z,2024,2024-01-01,2024-12-31
2938774,TOBACCO_MPOWER_M4_SMOKELESSECIGARETTESSCHOOL,COUNTRY,TUV,WPR,Western Pacific,YEAR,2024,TOBACCO_INDICATOR,TOBACCO_INDICATOR_Yth_nonsmoked_svy_title,,,,,,,Global Youth Tobacco Survey,,,,,2025-07-24T14:32:31Z,2024,2024-01-01,2024-12-31
2947290,TOBACCO_MPOWER_M4_SMOKELESSECIGARETTESSCHOOL,COUNTRY,MAR,EMR,Eastern Mediterranean,YEAR,2024,TOBACCO_INDICATOR,TOBACCO_INDICATOR_Yth_nonsmoked_svy_yr,,,,,,,2023,2023,,,,2025-07-24T14:32:31Z,2024,2024-01-01,2024-12-31
3950833,TOBACCO_MPOWER_M4_SMOKELESSECIGARETTESSCHOOL,COUNTRY,FIN,EUR,Europe,YEAR,2024,TOBACCO_INDICATOR,TOBACCO_INDICATOR_Yth_nonsmoked_svy_title,,,,,,,National School Health Promotion Study,,,,,2025-07-24T14:32:31Z,2024,2024-01-01,2024-12-31
3956804,TOBACCO_MPOWER_M4_SMOKELESSECIGARETTESSCHOOL,COUNTRY,IDN,WPR,Western Pacific,YEAR,2024,TOBACCO_INDICATOR,TOBACCO_INDICATOR_Yth_nonsmoked_svy_title,,,,,,,Global School-Based Student Health Survey,,,,,2025-07-24T14:32:31Z,2024,2024-01-01,2024-12-31
3960461,TOBACCO_MPOWER_M4_SMOKELESSECIGARETTESSCHOOL,COUNTRY,SUR,AMR,Americas,YEAR,2024,TOBACCO_INDICATOR,TOBACCO_INDICATOR_Yth_nonsmoked_age_grp,,,,,,,13-15,,,,,2025-07-24T14:32:31Z,2024,2024-01-01,2024-12-31
3962437,TOBACCO_MPOWER_M4_SMOKELESSECIGARETTESSCHOOL,COUNTRY,DNK,EUR,Europe,YEAR,2024,TOBACCO_INDICATOR,TOBACCO_INDICATOR_Yth_nonsmoked_age_grp,,,,,,,15-15,,,,,2025-07-24T14:32:31Z,2024,2024-01-01,2024-12-31
3969035,TOBACCO_MPOWER_M4_SMOKELESSECIGARETTESSCHOOL,COUNTRY,NOR,EUR,Europe,YEAR,2024,TOBACCO_INDICATOR,TOBACCO_INDICATOR_Yth_nonsmoked_svy_title,,,,,,,Ungdata,,,,,2025-07-24T14:32:31Z,2024,2024-01-01,2024-12-31
3976135,TOBACCO_MPOWER_M4_SMOKELESSECIGARETTESSCHOOL,COUNTRY,CYP,EUR,Europe,YEAR,2024,TOBACCO_INDICATOR,TOBACCO_INDICATOR_Yth_nonsmoked_svy_title,,,,,,,Health Behaviour in School-aged Children,,,,,2025-07-24T14:32:31Z,2024,2024-01-01,2024-12-31
3977050,TOBACCO_MPOWER_M4_SMOKELESSECIGARETTESSCHOOL,COUNTRY,JAM,AMR,Americas,YEAR,2024,TOBACCO_INDICATOR,TOBACCO_INDICATOR_Yth_nonsmoked_national,,,,,,,National,,,,,2025-07-24T14:32:31Z,2024,2024-01-01,2024-12-31
3979016,TOBACCO_MPOWER_M4_SMOKELESSECIGARETTESSCHOOL,COUNTRY,MLT,EUR,Europe,YEAR,2024,TOBACCO_INDICATOR,TOBACCO_INDICATOR_Yth_nonsmoked_svy_yr,,,,,,,2021-22,,,,,2025-07-24T14:32:31Z,2024,2024-01-01,2024-12-31
4005431,TOBACCO_MPOWER_M4_SMOKELESSECIGARETTESSCHOOL,COUNTRY,ECU,AMR,Americas,YEAR,2024,TOBACCO_INDICATOR,TOBACCO_INDICATOR_Yth_nonsmoked_national,,,,,,,National,,,,,2025-07-24T14:32:31Z,2024,2024-01-01,2024-12-31
4014449,TOBACCO_MPOWER_M4_SMOKELESSECIGARETTESSCHOOL,COUNTRY,WSM,WPR,Western Pacific,YEAR,2024,TOBACCO_INDICATOR,TOBACCO_INDICATOR_Yth_nonsmoked_national,,,,,,,National,,,,,2025-07-24T14:32:31Z,2024,2024-01-01,2024-12-31
4016256,TOBACCO_MPOWER_M4_SMOKELESSECIGARETTESSCHOOL,COUNTRY,BLR,EUR,Europe,YEAR,2024,TOBACCO_INDICATOR,TOBACCO_INDICATOR_Yth_nonsmoked_svy_yr,,,,,,,2021,2021,,,,2025-07-24T14:32:31Z,2024,2024-01-01,2024-12-31
4021999,TOBACCO_MPOWER_M4_SMOKELESSECIGARETTESSCHOOL,COUNTRY,NGA,AFR,Africa,YEAR,2024,TOBACCO_INDICATOR,TOBACCO_INDICATOR_Yth_nonsmoked_svy_yr,,,,,,,2008,2008,,,,2025-07-24T14:32:31Z,2024,2024-01-01,2024-12-31
4032665,TOBACCO_MPOWER_M4_SMOKELESSECIGARETTESSCHOOL,COUNTRY,KNA,AMR,Americas,YEAR,2024,TOBACCO_INDICATOR,TOBACCO_INDICATOR_Yth_nonsmoked_age_grp,,,,,,,13-15,,,,,2025-07-24T14:32:31Z,2024,2024-01-01,2024-12-31
4035657,TOBACCO_MPOWER_M4_SMOKELESSECIGARETTESSCHOOL,COUNTRY,IRN,EMR,Eastern Mediterranean,YEAR,2024,TOBACCO_INDICATOR,TOBACCO_INDICATOR_Yth_nonsmoked_svy_title,,,,,,,Global Youth Tobacco Survey,,,,,2025-07-24T14:32:31Z,2024,2024-01-01,2024-12-31
4052970,TOBACCO_MPOWER_M4_SMOKELESSECIGARETTESSCHOOL,COUNTRY,NGA,AFR,Africa,YEAR,2024,TOBACCO_INDICATOR,TOBACCO_INDICATOR_Yth_nonsmoked_svy_title,,,,,,,Global Youth Tobacco Survey (Abuja),,,,,2025-07-24T14:32:31Z,2024,2024-01-01,2024-12-31
4058971,TOBACCO_MPOWER_M4_SMOKELESSECIGARETTESSCHOOL,COUNTRY,BHR,EMR,Eastern Mediterranean,YEAR,2024,TOBACCO_INDICATOR,TOBACCO_INDICATOR_Yth_nonsmoked_svy_title,,,,,,,Global Youth Tobacco Survey,,,,,2025-07-24T14:32:31Z,2024,2024-01-01,2024-12-31
4068185,TOBACCO_MPOWER_M4_SMOKELESSECIGARETTESSCHOOL,COUNTRY,MLT,EUR,Europe,YEAR,2024,TOBACCO_INDICATOR,TOBACCO_INDICATOR_Yth_nonsmoked_age_grp,,,,,,,15-15,,,,,2025-07-24T14:32:31Z,2024,2024-01-01,2024-12-31
4081662,TOBACCO_MPOWER_M4_SMOKELESSECIGARETTESSCHOOL,COUNTRY,BRN,WPR,Western Pacific,YEAR,2024,TOBACCO_INDICATOR,TOBACCO_INDICATOR_Yth_nonsmoked_national,,,,,,,National,,,,,2025-07-24T14:32:31Z,2024,2024-01-01,2024-12-31
4153829,TOBACCO_MPOWER_M4_SMOKELESSECIGARETTESSCHOOL,COUNTRY,NRU,WPR,Western Pacific,YEAR,2024,TOBACCO_INDICATOR,TOBACCO_INDICATOR_Yth_nonsmoked_svy_yr,,,,,,,. . .,,,,,2025-07-24T14:32:31Z,2024,2024-01-01,2024-12-31
4154414,TOBACCO_MPOWER_M4_SMOKELESSECIGARETTESSCHOOL,COUNTRY,SSD,AFR,Africa,YEAR,2024,TOBACCO_INDICATOR,TOBACCO_INDICATOR_Yth_nonsmoked_national,,,,,,,. . .,,,,,2025-07-24T14:32:31Z,2024,2024-01-01,2024-12-31
4156714,TOBACCO_MPOWER_M4_SMOKELESSECIGARETTESSCHOOL,COUNTRY,BWA,AFR,Africa,YEAR,2024,TOBACCO_INDICATOR,TOBACCO_INDICATOR_Yth_nonsmoked_national,,,,,,,National,,,,,2025-07-24T14:32:31Z,2024,2024-01-01,2024-12-31
4189082,TOBACCO_MPOWER_M4_SMOKELESSECIGARETTESSCHOOL,COUNTRY,TTO,AMR,Americas,YEAR,2024,TOBACCO_INDICATOR,TOBACCO_INDICATOR_Yth_nonsmoked_svy_yr,,,,,,,2017,2017,,,,2025-07-24T14:32:31Z,2024,2024-01-01,2024-12-31
4201650,TOBACCO_MPOWER_M4_SMOKELESSECIGARETTESSCHOOL,COUNTRY,ZWE,AFR,Africa,YEAR,2024,TOBACCO_INDICATOR,TOBACCO_INDICATOR_Yth_nonsmoked_svy_yr,,,,,,,2014,2014,,,,2025-07-24T14:32:31Z,2024,2024-01-01,2024-12-31
4227096,TOBACCO_MPOWER_M4_SMOKELESSECIGARETTESSCHOOL,COUNTRY,RWA,AFR,Africa,YEAR,2024,TOBACCO_INDICATOR,TOBACCO_INDICATOR_Yth_nonsmoked_svy_yr,,,,,,,2008,2008,,,,2025-07-24T14:32:31Z,2024,2024-01-01,2024-12-31
4244673,TOBACCO_MPOWER_M4_SMOKELESSECIGARETTESSCHOOL,COUNTRY,IRL,EUR,Europe,YEAR,2024,TOBACCO_INDICATOR,TOBACCO_INDICATOR_Yth_nonsmoked_age_grp,,,,,,,15-15,,,,,2025-07-24T14:32:31Z,2024,2024-01-01,2024-12-31
4246798,TOBACCO_MPOWER_M4_SMOKELESSECIGARETTESSCHOOL,COUNTRY,AUS,WPR,Western Pacific,YEAR,2024,TOBACCO_INDICATOR,TOBACCO_INDICATOR_Yth_nonsmoked_national,,,,,,,National,,,,,2025-07-24T14:32:31Z,2024,2024-01-01,2024-12-31
4261065,TOBACCO_MPOWER_M4_SMOKELESSECIGARETTESSCHOOL,COUNTRY,TJK,EUR,Europe,YEAR,2024,TOBACCO_INDICATOR,TOBACCO_INDICATOR_Yth_nonsmoked_svy_title,,,,,,,Health Behaviour in School-aged Children,,,,,2025-07-24T14:32:31Z,2024,2024-01-01,2024-12-31
4261459,TOBACCO_MPOWER_M4_SMOKELESSECIGARETTESSCHOOL,COUNTRY,MMR,SEAR,South-East Asia,YEAR,2024,TOBACCO_INDICATOR,TOBACCO_INDICATOR_Yth_nonsmoked_svy_yr,,,,,,,2016,2016,,,,2025-07-24T14:32:31Z,2024,2024-01-01,2024-12-31
4272144,TOBACCO_MPOWER_M4_SMOKELESSECIGARETTESSCHOOL,COUNTRY,TCD,AFR,Africa,YEAR,2024,TOBACCO_INDICATOR,TOBACCO_INDICATOR_Yth_nonsmoked_svy_yr,,,,,,,2019,2019,,,,2025-07-24T14:32:31Z,2024,2024-01-01,2024-12-31
4279179,TOBACCO_MPOWER_M4_SMOKELESSECIGARETTESSCHOOL,COUNTRY,GAB,AFR,Africa,YEAR,2024,TOBACCO_INDICATOR,TOBACCO_INDICATOR_Yth_nonsmoked_svy_title,,,,,,,Global Youth Tobacco Survey,,,,,2025-07-24T14:32:31Z,2024,2024-01-01,2024-12-31
4318333,TOBACCO_MPOWER_M4_SMOKELESSECIGARETTESSCHOOL,COUNTRY,MDA,EUR,Europe,YEAR,2024,TOBACCO_INDICATOR,TOBACCO_INDICATOR_Yth_nonsmoked_age_grp,,,,,,,15-15,,,,,2025-07-24T14:32:31Z,2024,2024-01-01,2024-12-31
4321500,TOBACCO_MPOWER_M4_SMOKELESSECIGARETTESSCHOOL,COUNTRY,PLW,WPR,Western Pacific,YEAR,2024,TOBACCO_INDICATOR,TOBACCO_INDICATOR_Yth_nonsmoked_age_grp,,,,,,,13-15,,,,,2025-07-24T14:32:31Z,2024,2024-01-01,2024-12-31
4344788,TOBACCO_MPOWER_M4_SMOKELESSECIGARETTESSCHOOL,COUNTRY,CMR,AFR,Africa,YEAR,2024,TOBACCO_INDICATOR,TOBACCO_INDICATOR_Yth_nonsmoked_age_grp,,,,,,,13-15,,,,,2025-07-24T14:32:31Z,2024,2024-01-01,2024-12-31
4378447,TOBACCO_MPOWER_M4_SMOKELESSECIGARETTESSCHOOL,COUNTRY,TTO,AMR,Americas,YEAR,2024,TOBACCO_INDICATOR,TOBACCO_INDICATOR_Yth_nonsmoked_age_grp,,,,,,,13-15,,,,,2025-07-24T14:32:31Z,2024,2024-01-01,2024-12-31
4386769,TOBACCO_MPOWER_M4_SMOKELESSECIGARETTESSCHOOL,COUNTRY,LBY,EMR,Eastern Mediterranean,YEAR,2024,TOBACCO_INDICATOR,TOBACCO_INDICATOR_Yth_nonsmoked_svy_title,,,,,,,Global Youth Tobacco Survey,,,,,2025-07-24T14:32:31Z,2024,2024-01-01,2024-12-31
4413409,TOBACCO_MPOWER_M4_SMOKELESSECIGARETTESSCHOOL,COUNTRY,PRK,SEAR,South-East Asia,YEAR,2024,TOBACCO_INDICATOR,TOBACCO_INDICATOR_Yth_nonsmoked_svy_title,,,,,,,. . .,,,,,2025-07-24T14:32:31Z,2024,2024-01-01,2024-12-31
4414397,TOBACCO_MPOWER_M4_SMOKELESSECIGARETTESSCHOOL,COUNTRY,CHE,EUR,Europe,YEAR,2024,TOBACCO_INDICATOR,TOBACCO_INDICATOR_Yth_nonsmoked_age_grp,,,,,,,15-15,,,,,2025-07-24T14:32:31Z,2024,2024-01-01,2024-12-31
4421721,TOBACCO_MPOWER_M4_SMOKELESSECIGARETTESSCHOOL,COUNTRY,COK,WPR,Western Pacific,YEAR,2024,TOBACCO_INDICATOR,TOBACCO_INDICATOR_Yth_nonsmoked_national,,,,,,,National,,,,,2025-07-24T14:32:31Z,2024,2024-01-01,2024-12-31
4428708,TOBACCO_MPOWER_M4_SMOKELESSECIGARETTESSCHOOL,COUNTRY,EST,EUR,Europe,YEAR,2024,TOBACCO_INDICATOR,TOBACCO_INDICATOR_Yth_nonsmoked_age_grp,,,,,,,15-15,,,,,2025-07-24T14:32:31Z,2024,2024-01-01,2024-12-31
4434783,TOBACCO_MPOWER_M4_SMOKELESSECIGARETTESSCHOOL,COUNTRY,ETH,AFR,Africa,YEAR,2024,TOBACCO_INDICATOR,TOBACCO_INDICATOR_Yth_nonsmoked_svy_yr,,,,,,,2023,2023,,,,2025-07-24T14:32:31Z,2024,2024-01-01,2024-12-31
4435995,TOBACCO_MPOWER_M4_SMOKELESSECIGARETTESSCHOOL,COUNTRY,AFG,EMR,Eastern Mediterranean,YEAR,2024,TOBACCO_INDICATOR,TOBACCO_INDICATOR_Yth_nonsmoked_svy_title,,,,,,,Global Youth Tobacco Survey (Kabul),,,,,2025-07-24T14:32:31Z,2024,2024-01-01,2024-12-31
4454997,TOBACCO_MPOWER_M4_SMOKELESSECIGARETTESSCHOOL,COUNTRY,AND,EUR,Europe,YEAR,2024,TOBACCO_INDICATOR,TOBACCO_INDICATOR_Yth_nonsmoked_svy_title,,,,,,,. . .,,,,,2025-07-24T14:32:31Z,2024,2024-01-01,2024-12-31
4472185,TOBACCO_MPOWER_M4_SMOKELESSECIGARETTESSCHOOL,COUNTRY,VUT,WPR,Western Pacific,YEAR,2024,TOBACCO_INDICATOR,TOBACCO_INDICATOR_Yth_nonsmoked_svy_yr,,,,,,,2017,2017,,,,2025-07-24T14:32:31Z,2024,2024-01-01,2024-12-31
4475234,TOBACCO_MPOWER_M4_SMOKELESSECIGARETTESSCHOOL,COUNTRY,URY,AMR,Americas,YEAR,2024,TOBACCO_INDICATOR,TOBACCO_INDICATOR_Yth_nonsmoked_age_grp,,,,,,,13-15,,,,,2025-07-24T14:32:31Z,2024,2024-01-01,2024-12-31
4476692,TOBACCO_MPOWER_M4_SMOKELESSECIGARETTESSCHOOL,COUNTRY,SOM,EMR,Eastern Mediterranean,YEAR,2024,TOBACCO_INDICATOR,TOBACCO_INDICATOR_Yth_nonsmoked_svy_yr,,,,,,,. . .,,,,,2025-07-24T14:32:31Z,2024,2024-01-01,2024-12-31
4491000,TOBACCO_MPOWER_M4_SMOKELESSECIGARETTESSCHOOL,COUNTRY,CYP,EUR,Europe,YEAR,2024,TOBACCO_INDICATOR,TOBACCO_INDICATOR_Yth_nonsmoked_national,,,,,,,National,,,,,2025-07-24T14:32:31Z,2024,2024-01-01,2024-12-31
4493329,TOBACCO_MPOWER_M4_SMOKELESSECIGARETTESSCHOOL,COUNTRY,AND,EUR,Europe,YEAR,2024,TOBACCO_INDICATOR,TOBACCO_INDICATOR_Yth_nonsmoked_svy_yr,,,,,,,. . .,,,,,2025-07-24T14:32:31Z,2024,2024-01-01,2024-12-31
4508054,TOBACCO_MPOWER_M4_SMOKELESSECIGARETTESSCHOOL,COUNTRY,BGD,SEAR,South-East Asia,YEAR,2024,TOBACCO_INDICATOR,TOBACCO_INDICATOR_Yth_nonsmoked_svy_title,,,,,,,Global Youth Tobacco Survey,,,,,2025-07-24T14:32:31Z,2024,2024-01-01,2024-12-31
4537183,TOBACCO_MPOWER_M4_SMOKELESSECIGARETTESSCHOOL,COUNTRY,EST,EUR,Europe,YEAR,2024,TOBACCO_INDICATOR,TOBACCO_INDICATOR_Yth_nonsmoked_svy_title,,,,,,,Health Behaviour in School-aged Children,,,,,2025-07-24T14:32:31Z,2024,2024-01-01,2024-12-31
4542310,TOBACCO_MPOWER_M4_SMOKELESSECIGARETTESSCHOOL,COUNTRY,SWE,EUR,Europe,YEAR,2024,TOBACCO_INDICATOR,TOBACCO_INDICATOR_Yth_nonsmoked_svy_title,,,,,,,The Swedish Council for Information on Alcohol and Other Drugs; CAN:s nationella skolundersökning,,,,,2025-07-24T14:32:31Z,2024,2024-01-01,2024-12-31
4551570,TOBACCO_MPOWER_M4_SMOKELESSECIGARETTESSCHOOL,COUNTRY,SEN,AFR,Africa,YEAR,2024,TOBACCO_INDICATOR,TOBACCO_INDICATOR_Yth_nonsmoked_national,,,,,,,National,,,,,2025-07-24T14:32:31Z,2024,2024-01-01,2024-12-31
4556649,TOBACCO_MPOWER_M4_SMOKELESSECIGARETTESSCHOOL,COUNTRY,DEU,EUR,Europe,YEAR,2024,TOBACCO_INDICATOR,TOBACCO_INDICATOR_Yth_nonsmoked_svy_yr,,,,,,,2021-22,,,,,2025-07-24T14:32:31Z,2024,2024-01-01,2024-12-31
4588504,TOBACCO_MPOWER_M4_SMOKELESSECIGARETTESSCHOOL,COUNTRY,SGP,WPR,Western Pacific,YEAR,2024,TOBACCO_INDICATOR,TOBACCO_INDICATOR_Yth_nonsmoked_svy_yr,,,,,,,. . .,,,,,2025-07-24T14:32:31Z,2024,2024-01-01,2024-12-31
4597902,TOBACCO_MPOWER_M4_SMOKELESSECIGARETTESSCHOOL,COUNTRY,VEN,AMR,Americas,YEAR,2024,TOBACCO_INDICATOR,TOBACCO_INDICATOR_Yth_nonsmoked_svy_title,,,,,,,Global Youth Tobacco Survey,,,,,2025-07-24T14:32:31Z,2024,2024-01-01,2024-12-31
4621140,TOBACCO_MPOWER_M4_SMOKELESSECIGARETTESSCHOOL,COUNTRY,MCO,EUR,Europe,YEAR,2024,TOBACCO_INDICATOR,TOBACCO_INDICATOR_Yth_nonsmoked_national,,,,,,,National,,,,,2025-07-24T14:32:31Z,2024,2024-01-01,2024-12-31
4623305,TOBACCO_MPOWER_M4_SMOKELESSECIGARETTESSCHOOL,COUNTRY,BHS,AMR,Americas,YEAR,2024,TOBACCO_INDICATOR,TOBACCO_INDICATOR_Yth_nonsmoked_svy_title,,,,,,,Global Youth Tobacco Survey,,,,,2025-07-24T14:32:31Z,2024,2024-01-01,2024-12-31
4631345,TOBACCO_MPOWER_M4_SMOKELESSECIGARETTESSCHOOL,COUNTRY,LUX,EUR,Europe,YEAR,2024,TOBACCO_INDICATOR,TOBACCO_INDICATOR_Yth_nonsmoked_svy_title,,,,,,,Health Behaviour in School-aged Children,,,,,2025-07-24T14:32:31Z,2024,2024-01-01,2024-12-31
4654355,TOBACCO_MPOWER_M4_SMOKELESSECIGARETTESSCHOOL,COUNTRY,COK,WPR,Western Pacific,YEAR,2024,TOBACCO_INDICATOR,TOBACCO_INDICATOR_Yth_nonsmoked_svy_yr,,,,,,,2016,2016,,,,2025-07-24T14:32:31Z,2024,2024-01-01,2024-12-31
4655889,TOBACCO_MPOWER_M4_SMOKELESSECIGARETTESSCHOOL,COUNTRY,BOL,AMR,Americas,YEAR,2024,TOBACCO_INDICATOR,TOBACCO_INDICATOR_Yth_nonsmoked_svy_yr,,,,,,,2018,2018,,,,2025-07-24T14:32:31Z,2024,2024-01-01,2024-12-31
4656526,TOBACCO_MPOWER_M4_SMOKELESSECIGARETTESSCHOOL,COUNTRY,SWZ,AFR,Africa,YEAR,2024,TOBACCO_INDICATOR,TOBACCO_INDICATOR_Yth_nonsmoked_svy_title,,,,,,,Global Youth Tobacco Survey,,,,,2025-07-24T14:32:31Z,2024,2024-01-01,2024-12-31
4686435,TOBACCO_MPOWER_M4_SMOKELESSECIGARETTESSCHOOL,COUNTRY,THA,SEAR,South-East Asia,YEAR,2024,TOBACCO_INDICATOR,TOBACCO_INDICATOR_Yth_nonsmoked_svy_title,,,,,,,Global Youth Tobacco Survey,,,,,2025-07-24T14:32:31Z,2024,2024-01-01,2024-12-31
4703793,TOBACCO_MPOWER_M4_SMOKELESSECIGARETTESSCHOOL,COUNTRY,NRU,WPR,Western Pacific,YEAR,2024,TOBACCO_INDICATOR,TOBACCO_INDICATOR_Yth_nonsmoked_age_grp,,,,,,,. . .,,,,,2025-07-24T14:32:31Z,2024,2024-01-01,2024-12-31
4745666,TOBACCO_MPOWER_M4_SMOKELESSECIGARETTESSCHOOL,COUNTRY,NGA,AFR,Africa,YEAR,2024,TOBACCO_INDICATOR,TOBACCO_INDICATOR_Yth_nonsmoked_national,,,,,,,Subnational,,,,,2025-07-24T14:32:31Z,2024,2024-01-01,2024-12-31
4746612,TOBACCO_MPOWER_M4_SMOKELESSECIGARETTESSCHOOL,COUNTRY,CZE,EUR,Europe,YEAR,2024,TOBACCO_INDICATOR,TOBACCO_INDICATOR_Yth_nonsmoked_age_grp,,,,,,,13-15,,,,,2025-07-24T14:32:31Z,2024,2024-01-01,2024-12-31
4752728,TOBACCO_MPOWER_M4_SMOKELESSECIGARETTESSCHOOL,COUNTRY,KHM,WPR,Western Pacific,YEAR,2024,TOBACCO_INDICATOR,TOBACCO_INDICATOR_Yth_nonsmoked_age_grp,,,,,,,13-15,,,,,2025-07-24T14:32:31Z,2024,2024-01-01,2024-12-31
4773522,TOBACCO_MPOWER_M4_SMOKELESSECIGARETTESSCHOOL,COUNTRY,NIC,AMR,Americas,YEAR,2024,TOBACCO_INDICATOR,TOBACCO_INDICATOR_Yth_nonsmoked_svy_yr,,,,,,,. . .,,,,,2025-07-24T14:32:31Z,2024,2024-01-01,2024-12-31
4783570,TOBACCO_MPOWER_M4_SMOKELESSECIGARETTESSCHOOL,COUNTRY,ERI,AFR,Africa,YEAR,2024,TOBACCO_INDICATOR,TOBACCO_INDICATOR_Yth_nonsmoked_svy_yr,,,,,,,. . .,,,,,2025-07-24T14:32:31Z,2024,2024-01-01,2024-12-31
4798244,TOBACCO_MPOWER_M4_SMOKELESSECIGARETTESSCHOOL,COUNTRY,MDG,AFR,Africa,YEAR,2024,TOBACCO_INDICATOR,TOBACCO_INDICATOR_Yth_nonsmoked_svy_title,,,,,,,Global Youth Tobacco Survey,,,,,2025-07-24T14:32:31Z,2024,2024-01-01,2024-12-31
4829479,TOBACCO_MPOWER_M4_SMOKELESSECIGARETTESSCHOOL,COUNTRY,LBN,EMR,Eastern Mediterranean,YEAR,2024,TOBACCO_INDICATOR,TOBACCO_INDICATOR_Yth_nonsmoked_svy_title,,,,,,,. . .,,,,,2025-07-24T14:32:31Z,2024,2024-01-01,2024-12-31
4843191,TOBACCO_MPOWER_M4_SMOKELESSECIGARETTESSCHOOL,COUNTRY,UZB,EUR,Europe,YEAR,2024,TOBACCO_INDICATOR,TOBACCO_INDICATOR_Yth_nonsmoked_national,,,,,,,National,,,,,2025-07-24T14:32:31Z,2024,2024-01-01,2024-12-31
4874825,TOBACCO_MPOWER_M4_SMOKELESSECIGARETTESSCHOOL,COUNTRY,LTU,EUR,Europe,YEAR,2024,TOBACCO_INDICATOR,TOBACCO_INDICATOR_Yth_nonsmoked_age_grp,,,,,,,13-15,,,,,2025-07-24T14:32:31Z,2024,2024-01-01,2024-12-31
4891623,TOBACCO_MPOWER_M4_SMOKELESSECIGARETTESSCHOOL,COUNTRY,ATG,AMR,Americas,YEAR,2024,TOBACCO_INDICATOR,TOBACCO_INDICATOR_Yth_nonsmoked_national,,,,,,,National,,,,,2025-07-24T14:32:31Z,2024,2024-01-01,2024-12-31
4901382,TOBACCO_MPOWER_M4_SMOKELESSECIGARETTESSCHOOL,COUNTRY,ZWE,AFR,Africa,YEAR,2024,TOBACCO_INDICATOR,TOBACCO_INDICATOR_Yth_nonsmoked_age_grp,,,,,,,13-15,,,,,2025-07-24T14:32:31Z,2024,2024-01-01,2024-12-31
4913701,TOBACCO_MPOWER_M4_SMOKELESSECIGARETTESSCHOOL,COUNTRY,KAZ,EUR,Europe,YEAR,2024,TOBACCO_INDICATOR,TOBACCO_INDICATOR_Yth_nonsmoked_svy_title,,,,,,,Health Behaviour in School-aged Children,,,,,2025-07-24T14:32:31Z,2024,2024-01-01,2024-12-31
4913914,TOBACCO_MPOWER_M4_SMOKELESSECIGARETTESSCHOOL,COUNTRY,ZMB,AFR,Africa,YEAR,2024,TOBACCO_INDICATOR,TOBACCO_INDICATOR_Yth_nonsmoked_age_grp,,,,,,,13-15,,,,,2025-07-24T14:32:31Z,2024,2024-01-01,2024-12-31
4922941,TOBACCO_MPOWER_M4_SMOKELESSECIGARETTESSCHOOL,COUNTRY,CPV,AFR,Africa,YEAR,2024,TOBACCO_INDICATOR,TOBACCO_INDICATOR_Yth_nonsmoked_age_grp,,,,,,,13-15,,,,,2025-07-24T14:32:31Z,2024,2024-01-01,2024-12-31
4927546,TOBACCO_MPOWER_M4_SMOKELESSECIGARETTESSCHOOL,COUNTRY,DZA,AFR,Africa,YEAR,2024,TOBACCO_INDICATOR,TOBACCO_INDICATOR_Yth_nonsmoked_svy_title,,,,,,,Global Youth Tobacco Survey,,,,,2025-07-24T14:32:31Z,2024,2024-01-01,2024-12-31
4966520,TOBACCO_MPOWER_M4_SMOKELESSECIGARETTESSCHOOL,COUNTRY,MDV,SEAR,South-East Asia,YEAR,2024,TOBACCO_INDICATOR,TOBACCO_INDICATOR_Yth_nonsmoked_svy_title,,,,,,,Global Youth Tobacco Survey,,,,,2025-07-24T14:32:31Z,2024,2024-01-01,2024-12-31
4968830,TOBACCO_MPOWER_M4_SMOKELESSECIGARETTESSCHOOL,COUNTRY,MDV,SEAR,South-East Asia,YEAR,2024,TOBACCO_INDICATOR,TOBACCO_INDICATOR_Yth_nonsmoked_age_grp,,,,,,,13-15,,,,,2025-07-24T14:32:31Z,2024,2024-01-01,2024-12-31
4972935,TOBACCO_MPOWER_M4_SMOKELESSECIGARETTESSCHOOL,COUNTRY,BOL,AMR,Americas,YEAR,2024,TOBACCO_INDICATOR,TOBACCO_INDICATOR_Yth_nonsmoked_national,,,,,,,National,,,,,2025-07-24T14:32:31Z,2024,2024-01-01,2024-12-31
4992159,TOBACCO_MPOWER_M4_SMOKELESSECIGARETTESSCHOOL,COUNTRY,NLD,EUR,Europe,YEAR,2024,TOBACCO_INDICATOR,TOBACCO_INDICATOR_Yth_nonsmoked_national,,,,,,,National,,,,,2025-07-24T14:32:31Z,2024,2024-01-01,2024-12-31
5007600,TOBACCO_MPOWER_M4_SMOKELESSECIGARETTESSCHOOL,COUNTRY,PAK,EMR,Eastern Mediterranean,YEAR,2024,TOBACCO_INDICATOR,TOBACCO_INDICATOR_Yth_nonsmoked_svy_yr,,,,,,,2022,2022,,,,2025-07-24T14:32:31Z,2024,2024-01-01,2024-12-31
5037563,TOBACCO_MPOWER_M4_SMOKELESSECIGARETTESSCHOOL,COUNTRY,SOM,EMR,Eastern Mediterranean,YEAR,2024,TOBACCO_INDICATOR,TOBACCO_INDICATOR_Yth_nonsmoked_national,,,,,,,. . .,,,,,2025-07-24T14:32:31Z,2024,2024-01-01,2024-12-31
5045222,TOBACCO_MPOWER_M4_SMOKELESSECIGARETTESSCHOOL,COUNTRY,UGA,AFR,Africa,YEAR,2024,TOBACCO_INDICATOR,TOBACCO_INDICATOR_Yth_nonsmoked_age_grp,,,,,,,13-15,,,,,2025-07-24T14:32:31Z,2024,2024-01-01,2024-12-31
5074573,TOBACCO_MPOWER_M4_SMOKELESSECIGARETTESSCHOOL,COUNTRY,NOR,EUR,Europe,YEAR,2024,TOBACCO_INDICATOR,TOBACCO_INDICATOR_Yth_nonsmoked_national,,,,,,,National,,,,,2025-07-24T14:32:31Z,2024,2024-01-01,2024-12-31
5137815,TOBACCO_MPOWER_M4_SMOKELESSECIGARETTESSCHOOL,COUNTRY,SYR,EMR,Eastern Mediterranean,YEAR,2024,TOBACCO_INDICATOR,TOBACCO_INDICATOR_Yth_nonsmoked_national,,,,,,,. . .,,,,,2025-07-24T14:32:31Z,2024,2024-01-01,2024-12-31
5198518,TOBACCO_MPOWER_M4_SMOKELESSECIGARETTESSCHOOL,COUNTRY,USA,AMR,Americas,YEAR,2024,TOBACCO_INDICATOR,TOBACCO_INDICATOR_Yth_nonsmoked_age_grp,,,,,,,Middle-school,,,,,2025-07-24T14:32:31Z,2024,2024-01-01,2024-12-31
5213845,TOBACCO_MPOWER_M4_SMOKELESSECIGARETTESSCHOOL,COUNTRY,AND,EUR,Europe,YEAR,2024,TOBACCO_INDICATOR,TOBACCO_INDICATOR_Yth_nonsmoked_age_grp,,,,,,,. . .,,,,,2025-07-24T14:32:31Z,2024,2024-01-01,2024-12-31
5262985,TOBACCO_MPOWER_M4_SMOKELESSECIGARETTESSCHOOL,COUNTRY,JAM,AMR,Americas,YEAR,2024,TOBACCO_INDICATOR,TOBACCO_INDICATOR_Yth_nonsmoked_svy_yr,,,,,,,2017,2017,,,,2025-07-24T14:32:31Z,2024,2024-01-01,2024-12-31
5268663,TOBACCO_MPOWER_M4_SMOKELESSECIGARETTESSCHOOL,COUNTRY,COL,AMR,Americas,YEAR,2024,TOBACCO_INDICATOR,TOBACCO_INDICATOR_Yth_nonsmoked_svy_title,,,,,,,Encuesta Nacional sobre Consumo de Sustancias Psicoactivas en Población Escolar,,,,,2025-07-24T14:32:31Z,2024,2024-01-01,2024-12-31
5284534,TOBACCO_MPOWER_M4_SMOKELESSECIGARETTESSCHOOL,COUNTRY,TJK,EUR,Europe,YEAR,2024,TOBACCO_INDICATOR,TOBACCO_INDICATOR_Yth_nonsmoked_age_grp,,,,,,,15-15,,,,,2025-07-24T14:32:31Z,2024,2024-01-01,2024-12-31
5287042,TOBACCO_MPOWER_M4_SMOKELESSECIGARETTESSCHOOL,COUNTRY,KAZ,EUR,Europe,YEAR,2024,TOBACCO_INDICATOR,TOBACCO_INDICATOR_Yth_nonsmoked_national,,,,,,,National,,,,,2025-07-24T14:32:31Z,2024,2024-01-01,2024-12-31
5291748,TOBACCO_MPOWER_M4_SMOKELESSECIGARETTESSCHOOL,COUNTRY,QAT,EMR,Eastern Mediterranean,YEAR,2024,TOBACCO_INDICATOR,TOBACCO_INDICATOR_Yth_nonsmoked_svy_yr,,,,,,,2018,2018,,,,2025-07-24T14:32:31Z,2024,2024-01-01,2024-12-31
5307772,TOBACCO_MPOWER_M4_SMOKELESSECIGARETTESSCHOOL,COUNTRY,LBY,EMR,Eastern Mediterranean,YEAR,2024,TOBACCO_INDICATOR,TOBACCO_INDICATOR_Yth_nonsmoked_age_grp,,,,,,,13-15,,,,,2025-07-24T14:32:31Z,2024,2024-01-01,2024-12-31
5310623,TOBACCO_MPOWER_M4_SMOKELESSECIGARETTESSCHOOL,COUNTRY,IRL,EUR,Europe,YEAR,2024,TOBACCO_INDICATOR,TOBACCO_INDICATOR_Yth_nonsmoked_svy_title,,,,,,,Health Behaviour in School-aged Children,,,,,2025-07-24T14:32:31Z,2024,2024-01-01,2024-12-31
5311757,TOBACCO_MPOWER_M4_SMOKELESSECIGARETTESSCHOOL,COUNTRY,CRI,AMR,Americas,YEAR,2024,TOBACCO_INDICATOR,TOBACCO_INDICATOR_Yth_nonsmoked_svy_yr,,,,,,,2023,2023,,,,2025-07-24T14:32:31Z,2024,2024-01-01,2024-12-31
5312469,TOBACCO_MPOWER_M4_SMOKELESSECIGARETTESSCHOOL,COUNTRY,MWI,AFR,Africa,YEAR,2024,TOBACCO_INDICATOR,TOBACCO_INDICATOR_Yth_nonsmoked_svy_yr,,,,,,,2009,2009,,,,2025-07-24T14:32:31Z,2024,2024-01-01,2024-12-31
5344733,TOBACCO_MPOWER_M4_SMOKELESSECIGARETTESSCHOOL,COUNTRY,IDN,WPR,Western Pacific,YEAR,2024,TOBACCO_INDICATOR,TOBACCO_INDICATOR_Yth_nonsmoked_national,,,,,,,National,,,,,2025-07-24T14:32:31Z,2024,2024-01-01,2024-12-31
5349519,TOBACCO_MPOWER_M4_SMOKELESSECIGARETTESSCHOOL,COUNTRY,MUS,AFR,Africa,YEAR,2024,TOBACCO_INDICATOR,TOBACCO_INDICATOR_Yth_nonsmoked_svy_yr,,,,,,,2016,2016,,,,2025-07-24T14:32:31Z,2024,2024-01-01,2024-12-31
5362638,TOBACCO_MPOWER_M4_SMOKELESSECIGARETTESSCHOOL,COUNTRY,HND,AMR,Americas,YEAR,2024,TOBACCO_INDICATOR,TOBACCO_INDICATOR_Yth_nonsmoked_national,,,,,,,National,,,,,2025-07-24T14:32:31Z,2024,2024-01-01,2024-12-31
5389685,TOBACCO_MPOWER_M4_SMOKELESSECIGARETTESSCHOOL,COUNTRY,DEU,EUR,Europe,YEAR,2024,TOBACCO_INDICATOR,TOBACCO_INDICATOR_Yth_nonsmoked_svy_title,,,,,,,Health Behaviour in School-aged Children,,,,,2025-07-24T14:32:31Z,2024,2024-01-01,2024-12-31
5397421,TOBACCO_MPOWER_M4_SMOKELESSECIGARETTESSCHOOL,COUNTRY,SYR,EMR,Eastern Mediterranean,YEAR,2024,TOBACCO_INDICATOR,TOBACCO_INDICATOR_Yth_nonsmoked_age_grp,,,,,,,. . .,,,,,2025-07-24T14:32:31Z,2024,2024-01-01,2024-12-31
5404907,TOBACCO_MPOWER_M4_SMOKELESSECIGARETTESSCHOOL,COUNTRY,ETH,AFR,Africa,YEAR,2024,TOBACCO_INDICATOR,TOBACCO_INDICATOR_Yth_nonsmoked_national,,,,,,,National,,,,,2025-07-24T14:32:31Z,2024,2024-01-01,2024-12-31
5407645,TOBACCO_MPOWER_M4_SMOKELESSECIGARETTESSCHOOL,COUNTRY,PAN,AMR,Americas,YEAR,2024,TOBACCO_INDICATOR,TOBACCO_INDICATOR_Yth_nonsmoked_national,,,,,,,National,,,,,2025-07-24T14:32:31Z,2024,2024-01-01,2024-12-31
5408244,TOBACCO_MPOWER_M4_SMOKELESSECIGARETTESSCHOOL,COUNTRY,VEN,AMR,Americas,YEAR,2024,TOBACCO_INDICATOR,TOBACCO_INDICATOR_Yth_nonsmoked_age_grp,,,,,,,13-15,,,,,2025-07-24T14:32:31Z,2024,2024-01-01,2024-12-31
5414682,TOBACCO_MPOWER_M4_SMOKELESSECIGARETTESSCHOOL,COUNTRY,VUT,WPR,Western Pacific,YEAR,2024,TOBACCO_INDICATOR,TOBACCO_INDICATOR_Yth_nonsmoked_national,,,,,,,National,,,,,2025-07-24T14:32:31Z,2024,2024-01-01,2024-12-31
5416451,TOBACCO_MPOWER_M4_SMOKELESSECIGARETTESSCHOOL,COUNTRY,LCA,AMR,Americas,YEAR,2024,TOBACCO_INDICATOR,TOBACCO_INDICATOR_Yth_nonsmoked_svy_title,,,,,,,Global Youth Tobacco Survey,,,,,2025-07-24T14:32:31Z,2024,2024-01-01,2024-12-31
5420166,TOBACCO_MPOWER_M4_SMOKELESSECIGARETTESSCHOOL,COUNTRY,UZB,EUR,Europe,YEAR,2024,TOBACCO_INDICATOR,TOBACCO_INDICATOR_Yth_nonsmoked_svy_yr,,,,,,,2021,2021,,,,2025-07-24T14:32:31Z,2024,2024-01-01,2024-12-31
5437849,TOBACCO_MPOWER_M4_SMOKELESSECIGARETTESSCHOOL,COUNTRY,AZE,EUR,Europe,YEAR,2024,TOBACCO_INDICATOR,TOBACCO_INDICATOR_Yth_nonsmoked_national,,,,,,,National,,,,,2025-07-24T14:32:31Z,2024,2024-01-01,2024-12-31
5478826,TOBACCO_MPOWER_M4_SMOKELESSECIGARETTESSCHOOL,COUNTRY,CAF,AFR,Africa,YEAR,2024,TOBACCO_INDICATOR,TOBACCO_INDICATOR_Yth_nonsmoked_age_grp,,,,,,,13-15,,,,,2025-07-24T14:32:31Z,2024,2024-01-01,2024-12-31
5481860,TOBACCO_MPOWER_M4_SMOKELESSECIGARETTESSCHOOL,COUNTRY,MEX,AMR,Americas,YEAR,2024,TOBACCO_INDICATOR,TOBACCO_INDICATOR_Yth_nonsmoked_age_grp,,,,,,,13-15,,,,,2025-07-24T14:32:31Z,2024,2024-01-01,2024-12-31
5513067,TOBACCO_MPOWER_M4_SMOKELESSECIGARETTESSCHOOL,COUNTRY,RWA,AFR,Africa,YEAR,2024,TOBACCO_INDICATOR,TOBACCO_INDICATOR_Yth_nonsmoked_age_grp,,,,,,,13-15,,,,,2025-07-24T14:32:31Z,2024,2024-01-01,2024-12-31
5517720,TOBACCO_MPOWER_M4_SMOKELESSECIGARETTESSCHOOL,COUNTRY,SLV,AMR,Americas,YEAR,2024,TOBACCO_INDICATOR,TOBACCO_INDICATOR_Yth_nonsmoked_age_grp,,,,,,,13-15,,,,,2025-07-24T14:32:31Z,2024,2024-01-01,2024-12-31
5521796,TOBACCO_MPOWER_M4_SMOKELESSECIGARETTESSCHOOL,COUNTRY,KEN,AFR,Africa,YEAR,2024,TOBACCO_INDICATOR,TOBACCO_INDICATOR_Yth_nonsmoked_svy_title,,,,,,,Global Youth Tobacco Survey,,,,,2025-07-24T14:32:31Z,2024,2024-01-01,2024-12-31
5542064,TOBACCO_MPOWER_M4_SMOKELESSECIGARETTESSCHOOL,COUNTRY,ZMB,AFR,Africa,YEAR,2024,TOBACCO_INDICATOR,TOBACCO_INDICATOR_Yth_nonsmoked_svy_yr,,,,,,,2021,2021,,,,2025-07-24T14:32:31Z,2024,2024-01-01,2024-12-31
5564550,TOBACCO_MPOWER_M4_SMOKELESSECIGARETTESSCHOOL,COUNTRY,ERI,AFR,Africa,YEAR,2024,TOBACCO_INDICATOR,TOBACCO_INDICATOR_Yth_nonsmoked_age_grp,,,,,,,. . .,,,,,2025-07-24T14:32:31Z,2024,2024-01-01,2024-12-31
5575107,TOBACCO_MPOWER_M4_SMOKELESSECIGARETTESSCHOOL,COUNTRY,POL,EUR,Europe,YEAR,2024,TOBACCO_INDICATOR,TOBACCO_INDICATOR_Yth_nonsmoked_svy_title,,,,,,,Global Youth Tobacco Survey,,,,,2025-07-24T14:32:31Z,2024,2024-01-01,2024-12-31
5585425,TOBACCO_MPOWER_M4_SMOKELESSECIGARETTESSCHOOL,COUNTRY,VCT,AMR,Americas,YEAR,2024,TOBACCO_INDICATOR,TOBACCO_INDICATOR_Yth_nonsmoked_svy_yr,,,,,,,2018,2018,,,,2025-07-24T14:32:31Z,2024,2024-01-01,2024-12-31
5589246,TOBACCO_MPOWER_M4_SMOKELESSECIGARETTESSCHOOL,COUNTRY,GRD,AMR,Americas,YEAR,2024,TOBACCO_INDICATOR,TOBACCO_INDICATOR_Yth_nonsmoked_svy_yr,,,,,,,2016,2016,,,,2025-07-24T14:32:31Z,2024,2024-01-01,2024-12-31
5600498,TOBACCO_MPOWER_M4_SMOKELESSECIGARETTESSCHOOL,COUNTRY,TUR,EUR,Europe,YEAR,2024,TOBACCO_INDICATOR,TOBACCO_INDICATOR_Yth_nonsmoked_svy_yr,,,,,,,. . .,,,,,2025-07-24T14:32:31Z,2024,2024-01-01,2024-12-31
5623303,TOBACCO_MPOWER_M4_SMOKELESSECIGARETTESSCHOOL,COUNTRY,MDA,EUR,Europe,YEAR,2024,TOBACCO_INDICATOR,TOBACCO_INDICATOR_Yth_nonsmoked_svy_title,,,,,,,Health Behaviour in School-aged Children,,,,,2025-07-24T14:32:31Z,2024,2024-01-01,2024-12-31
5646578,TOBACCO_MPOWER_M4_SMOKELESSECIGARETTESSCHOOL,COUNTRY,GUY,AMR,Americas,YEAR,2024,TOBACCO_INDICATOR,TOBACCO_INDICATOR_Yth_nonsmoked_national,,,,,,,National,,,,,2025-07-24T14:32:31Z,2024,2024-01-01,2024-12-31
5648656,TOBACCO_MPOWER_M4_SMOKELESSECIGARETTESSCHOOL,COUNTRY,BLR,EUR,Europe,YEAR,2024,TOBACCO_INDICATOR,TOBACCO_INDICATOR_Yth_nonsmoked_national,,,,,,,National,,,,,2025-07-24T14:32:31Z,2024,2024-01-01,2024-12-31
5658712,TOBACCO_MPOWER_M4_SMOKELESSECIGARETTESSCHOOL,COUNTRY,SLE,AFR,Africa,YEAR,2024,TOBACCO_INDICATOR,TOBACCO_INDICATOR_Yth_nonsmoked_svy_yr,,,,,,,2017,2017,,,,2025-07-24T14:32:31Z,2024,2024-01-01,2024-12-31
5667464,TOBACCO_MPOWER_M4_SMOKELESSECIGARETTESSCHOOL,COUNTRY,NER,AFR,Africa,YEAR,2024,TOBACCO_INDICATOR,TOBACCO_INDICATOR_Yth_nonsmoked_svy_title,,,,,,,. . .,,,,,2025-07-24T14:32:31Z,2024,2024-01-01,2024-12-31
5669082,TOBACCO_MPOWER_M4_SMOKELESSECIGARETTESSCHOOL,COUNTRY,PLW,WPR,Western Pacific,YEAR,2024,TOBACCO_INDICATOR,TOBACCO_INDICATOR_Yth_nonsmoked_svy_title,,,,,,,Global Youth Tobacco Survey,,,,,2025-07-24T14:32:31Z,2024,2024-01-01,2024-12-31
5672604,TOBACCO_MPOWER_M4_SMOKELESSECIGARETTESSCHOOL,COUNTRY,ARE,EMR,Eastern Mediterranean,YEAR,2024,TOBACCO_INDICATOR,TOBACCO_INDICATOR_Yth_nonsmoked_svy_yr,,,,,,,2013,2013,,,,2025-07-24T14:32:31Z,2024,2024-01-01,2024-12-31
5677884,TOBACCO_MPOWER_M4_SMOKELESSECIGARETTESSCHOOL,COUNTRY,FJI,WPR,Western Pacific,YEAR,2024,TOBACCO_INDICATOR,TOBACCO_INDICATOR_Yth_nonsmoked_svy_yr,,,,,,,2016,2016,,,,2025-07-24T14:32:31Z,2024,2024-01-01,2024-12-31
5683961,TOBACCO_MPOWER_M4_SMOKELESSECIGARETTESSCHOOL,COUNTRY,PHL,WPR,Western Pacific,YEAR,2024,TOBACCO_INDICATOR,TOBACCO_INDICATOR_Yth_nonsmoked_age_grp,,,,,,,13-15,,,,,2025-07-24T14:32:31Z,2024,2024-01-01,2024-12-31
5743867,TOBACCO_MPOWER_M4_SMOKELESSECIGARETTESSCHOOL,COUNTRY,HRV,EUR,Europe,YEAR,2024,TOBACCO_INDICATOR,TOBACCO_INDICATOR_Yth_nonsmoked_svy_yr,,,,,,,2021-22,,,,,2025-07-24T14:32:31Z,2024,2024-01-01,2024-12-31
5822512,TOBACCO_MPOWER_M4_SMOKELESSECIGARETTESSCHOOL,COUNTRY,MWI,AFR,Africa,YEAR,2024,TOBACCO_INDICATOR,TOBACCO_INDICATOR_Yth_nonsmoked_age_grp,,,,,,,13-15,,,,,2025-07-24T14:32:31Z,2024,2024-01-01,2024-12-31
5828548,TOBACCO_MPOWER_M4_SMOKELESSECIGARETTESSCHOOL,COUNTRY,AZE,EUR,Europe,YEAR,2024,TOBACCO_INDICATOR,TOBACCO_INDICATOR_Yth_nonsmoked_svy_title,,,,,,,Global Youth Tobacco Survey,,,,,2025-07-24T14:32:31Z,2024,2024-01-01,2024-12-31
5841243,TOBACCO_MPOWER_M4_SMOKELESSECIGARETTESSCHOOL,COUNTRY,MDG,AFR,Africa,YEAR,2024,TOBACCO_INDICATOR,TOBACCO_INDICATOR_Yth_nonsmoked_svy_yr,,,,,,,2018,2018,,,,2025-07-24T14:32:31Z,2024,2024-01-01,2024-12-31
5876696,TOBACCO_MPOWER_M4_SMOKELESSECIGARETTESSCHOOL,COUNTRY,TZA,AFR,Africa,YEAR,2024,TOBACCO_INDICATOR,TOBACCO_INDICATOR_Yth_nonsmoked_national,,,,,,,National,,,,,2025-07-24T14:32:31Z,2024,2024-01-01,2024-12-31
5878640,TOBACCO_MPOWER_M4_SMOKELESSECIGARETTESSCHOOL,COUNTRY,BRN,WPR,Western Pacific,YEAR,2024,TOBACCO_INDICATOR,TOBACCO_INDICATOR_Yth_nonsmoked_age_grp,,,,,,,13-15,,,,,2025-07-24T14:32:31Z,2024,2024-01-01,2024-12-31
5882536,TOBACCO_MPOWER_M4_SMOKELESSECIGARETTESSCHOOL,COUNTRY,KAZ,EUR,Europe,YEAR,2024,TOBACCO_INDICATOR,TOBACCO_INDICATOR_Yth_nonsmoked_age_grp,,,,,,,15-15,,,,,2025-07-24T14:32:31Z,2024,2024-01-01,2024-12-31
5915320,TOBACCO_MPOWER_M4_SMOKELESSECIGARETTESSCHOOL,COUNTRY,MHL,WPR,Western Pacific,YEAR,2024,TOBACCO_INDICATOR,TOBACCO_INDICATOR_Yth_nonsmoked_svy_yr,,,,,,,2023,2023,,,,2025-07-24T14:32:31Z,2024,2024-01-01,2024-12-31
5959397,TOBACCO_MPOWER_M4_SMOKELESSECIGARETTESSCHOOL,COUNTRY,LTU,EUR,Europe,YEAR,2024,TOBACCO_INDICATOR,TOBACCO_INDICATOR_Yth_nonsmoked_svy_yr,,,,,,,2022,2022,,,,2025-07-24T14:32:31Z,2024,2024-01-01,2024-12-31
5960437,TOBACCO_MPOWER_M4_SMOKELESSECIGARETTESSCHOOL,COUNTRY,BFA,AFR,Africa,YEAR,2024,TOBACCO_INDICATOR,TOBACCO_INDICATOR_Yth_nonsmoked_svy_title,,,,,,,Global Youth Tobacco Survey (Ouagadougou),,,,,2025-07-24T14:32:31Z,2024,2024-01-01,2024-12-31
5972732,TOBACCO_MPOWER_M4_SMOKELESSECIGARETTESSCHOOL,COUNTRY,JPN,WPR,Western Pacific,YEAR,2024,TOBACCO_INDICATOR,TOBACCO_INDICATOR_Yth_nonsmoked_national,,,,,,,National,,,,,2025-07-24T14:32:31Z,2024,2024-01-01,2024-12-31
5973298,TOBACCO_MPOWER_M4_SMOKELESSECIGARETTESSCHOOL,COUNTRY,BIH,EUR,Europe,YEAR,2024,TOBACCO_INDICATOR,TOBACCO_INDICATOR_Yth_nonsmoked_age_grp,,,,,,,13-15,,,,,2025-07-24T14:32:31Z,2024,2024-01-01,2024-12-31
5995118,TOBACCO_MPOWER_M4_SMOKELESSECIGARETTESSCHOOL,COUNTRY,BHS,AMR,Americas,YEAR,2024,TOBACCO_INDICATOR,TOBACCO_INDICATOR_Yth_nonsmoked_age_grp,,,,,,,13-15,,,,,2025-07-24T14:32:31Z,2024,2024-01-01,2024-12-31
5997022,TOBACCO_MPOWER_M4_SMOKELESSECIGARETTESSCHOOL,COUNTRY,PER,AMR,Americas,YEAR,2024,TOBACCO_INDICATOR,TOBACCO_INDICATOR_Yth_nonsmoked_national,,,,,,,National,,,,,2025-07-24T14:32:31Z,2024,2024-01-01,2024-12-31
6004796,TOBACCO_MPOWER_M4_SMOKELESSECIGARETTESSCHOOL,COUNTRY,GRD,AMR,Americas,YEAR,2024,TOBACCO_INDICATOR,TOBACCO_INDICATOR_Yth_nonsmoked_national,,,,,,,National,,,,,2025-07-24T14:32:31Z,2024,2024-01-01,2024-12-31
6016273,TOBACCO_MPOWER_M4_SMOKELESSECIGARETTESSCHOOL,COUNTRY,JPN,WPR,Western Pacific,YEAR,2024,TOBACCO_INDICATOR,TOBACCO_INDICATOR_Yth_nonsmoked_svy_title,,,,,,,National survey on underage smoking and drinking,,,,,2025-07-24T14:32:31Z,2024,2024-01-01,2024-12-31
6034987,TOBACCO_MPOWER_M4_SMOKELESSECIGARETTESSCHOOL,COUNTRY,JOR,EMR,Eastern Mediterranean,YEAR,2024,TOBACCO_INDICATOR,TOBACCO_INDICATOR_Yth_nonsmoked_national,,,,,,,National,,,,,2025-07-24T14:32:31Z,2024,2024-01-01,2024-12-31
6050983,TOBACCO_MPOWER_M4_SMOKELESSECIGARETTESSCHOOL,COUNTRY,PRY,AMR,Americas,YEAR,2024,TOBACCO_INDICATOR,TOBACCO_INDICATOR_Yth_nonsmoked_national,,,,,,,National,,,,,2025-07-24T14:32:31Z,2024,2024-01-01,2024-12-31
6055179,TOBACCO_MPOWER_M4_SMOKELESSECIGARETTESSCHOOL,COUNTRY,TTO,AMR,Americas,YEAR,2024,TOBACCO_INDICATOR,TOBACCO_INDICATOR_Yth_nonsmoked_national,,,,,,,National,,,,,2025-07-24T14:32:31Z,2024,2024-01-01,2024-12-31
6056239,TOBACCO_MPOWER_M4_SMOKELESSECIGARETTESSCHOOL,COUNTRY,BLZ,AMR,Americas,YEAR,2024,TOBACCO_INDICATOR,TOBACCO_INDICATOR_Yth_nonsmoked_national,,,,,,,National,,,,,2025-07-24T14:32:31Z,2024,2024-01-01,2024-12-31
6067305,TOBACCO_MPOWER_M4_SMOKELESSECIGARETTESSCHOOL,COUNTRY,DJI,EMR,Eastern Mediterranean,YEAR,2024,TOBACCO_INDICATOR,TOBACCO_INDICATOR_Yth_nonsmoked_svy_yr,,,,,,,2013,2013,,,,2025-07-24T14:32:31Z,2024,2024-01-01,2024-12-31
6071818,TOBACCO_MPOWER_M4_SMOKELESSECIGARETTESSCHOOL,COUNTRY,NIC,AMR,Americas,YEAR,2024,TOBACCO_INDICATOR,TOBACCO_INDICATOR_Yth_nonsmoked_svy_title,,,,,,,. . .,,,,,2025-07-24T14:32:31Z,2024,2024-01-01,2024-12-31
6072659,TOBACCO_MPOWER_M4_SMOKELESSECIGARETTESSCHOOL,COUNTRY,VNM,WPR,Western Pacific,YEAR,2024,TOBACCO_INDICATOR,TOBACCO_INDICATOR_Yth_nonsmoked_svy_title,,,,,,,Viet Nam Youth Tobacco Survey,,,,,2025-07-24T14:32:31Z,2024,2024-01-01,2024-12-31
6107048,TOBACCO_MPOWER_M4_SMOKELESSECIGARETTESSCHOOL,COUNTRY,PAN,AMR,Americas,YEAR,2024,TOBACCO_INDICATOR,TOBACCO_INDICATOR_Yth_nonsmoked_age_grp,,,,,,,13-15,,,,,2025-07-24T14:32:31Z,2024,2024-01-01,2024-12-31
6107060,TOBACCO_MPOWER_M4_SMOKELESSECIGARETTESSCHOOL,COUNTRY,HUN,EUR,Europe,YEAR,2024,TOBACCO_INDICATOR,TOBACCO_INDICATOR_Yth_nonsmoked_age_grp,,,,,,,15-15,,,,,2025-07-24T14:32:31Z,2024,2024-01-01,2024-12-31
6133290,TOBACCO_MPOWER_M4_SMOKELESSECIGARETTESSCHOOL,COUNTRY,UKR,EUR,Europe,YEAR,2024,TOBACCO_INDICATOR,TOBACCO_INDICATOR_Yth_nonsmoked_age_grp,,,,,,,15-16,,,,,2025-07-24T14:32:31Z,2024,2024-01-01,2024-12-31
6155320,TOBACCO_MPOWER_M4_SMOKELESSECIGARETTESSCHOOL,COUNTRY,BEL,EUR,Europe,YEAR,2024,TOBACCO_INDICATOR,TOBACCO_INDICATOR_Yth_nonsmoked_age_grp,,,,,,,12-18,46009,,,,2026-01-27T14:35:19Z,2024,2024-01-01,2024-12-31
6158888,TOBACCO_MPOWER_M4_SMOKELESSECIGARETTESSCHOOL,COUNTRY,TCD,AFR,Africa,YEAR,2024,TOBACCO_INDICATOR,TOBACCO_INDICATOR_Yth_nonsmoked_age_grp,,,,,,,13-15,,,,,2025-07-24T14:32:31Z,2024,2024-01-01,2024-12-31
6171987,TOBACCO_MPOWER_M4_SMOKELESSECIGARETTESSCHOOL,COUNTRY,THA,SEAR,South-East Asia,YEAR,2024,TOBACCO_INDICATOR,TOBACCO_INDICATOR_Yth_nonsmoked_national,,,,,,,National,,,,,2025-07-24T14:32:31Z,2024,2024-01-01,2024-12-31
6174314,TOBACCO_MPOWER_M4_SMOKELESSECIGARETTESSCHOOL,COUNTRY,JOR,EMR,Eastern Mediterranean,YEAR,2024,TOBACCO_INDICATOR,TOBACCO_INDICATOR_Yth_nonsmoked_svy_yr,,,,,,,2014,2014,,,,2025-07-24T14:32:31Z,2024,2024-01-01,2024-12-31
6216654,TOBACCO_MPOWER_M4_SMOKELESSECIGARETTESSCHOOL,COUNTRY,MNG,WPR,Western Pacific,YEAR,2024,TOBACCO_INDICATOR,TOBACCO_INDICATOR_Yth_nonsmoked_national,,,,,,,National,,,,,2025-07-24T14:32:31Z,2024,2024-01-01,2024-12-31
6220380,TOBACCO_MPOWER_M4_SMOKELESSECIGARETTESSCHOOL,COUNTRY,TUN,EMR,Eastern Mediterranean,YEAR,2024,TOBACCO_INDICATOR,TOBACCO_INDICATOR_Yth_nonsmoked_age_grp,,,,,,,13-15,,,,,2025-07-24T14:32:31Z,2024,2024-01-01,2024-12-31
6229474,TOBACCO_MPOWER_M4_SMOKELESSECIGARETTESSCHOOL,COUNTRY,STP,AFR,Africa,YEAR,2024,TOBACCO_INDICATOR,TOBACCO_INDICATOR_Yth_nonsmoked_svy_title,,,,,,,. . .,,,,,2025-07-24T14:32:31Z,2024,2024-01-01,2024-12-31
6233132,TOBACCO_MPOWER_M4_SMOKELESSECIGARETTESSCHOOL,COUNTRY,NER,AFR,Africa,YEAR,2024,TOBACCO_INDICATOR,TOBACCO_INDICATOR_Yth_nonsmoked_national,,,,,,,. . .,,,,,2025-07-24T14:32:31Z,2024,2024-01-01,2024-12-31
6235731,TOBACCO_MPOWER_M4_SMOKELESSECIGARETTESSCHOOL,COUNTRY,GUY,AMR,Americas,YEAR,2024,TOBACCO_INDICATOR,TOBACCO_INDICATOR_Yth_nonsmoked_svy_title,,,,,,,Global Youth Tobacco Survey,,,,,2025-07-24T14:32:31Z,2024,2024-01-01,2024-12-31
6286353,TOBACCO_MPOWER_M4_SMOKELESSECIGARETTESSCHOOL,COUNTRY,TON,WPR,Western Pacific,YEAR,2024,TOBACCO_INDICATOR,TOBACCO_INDICATOR_Yth_nonsmoked_svy_yr,,,,,,,. . .,,,,,2025-07-24T14:32:31Z,2024,2024-01-01,2024-12-31
6309025,TOBACCO_MPOWER_M4_SMOKELESSECIGARETTESSCHOOL,COUNTRY,IRQ,EMR,Eastern Mediterranean,YEAR,2024,TOBACCO_INDICATOR,TOBACCO_INDICATOR_Yth_nonsmoked_age_grp,,,,,,,13-15,,,,,2025-07-24T14:32:31Z,2024,2024-01-01,2024-12-31
6366011,TOBACCO_MPOWER_M4_SMOKELESSECIGARETTESSCHOOL,COUNTRY,VUT,WPR,Western Pacific,YEAR,2024,TOBACCO_INDICATOR,TOBACCO_INDICATOR_Yth_nonsmoked_svy_title,,,,,,,Global Youth Tobacco Survey,,,,,2025-07-24T14:32:31Z,2024,2024-01-01,2024-12-31
6383800,TOBACCO_MPOWER_M4_SMOKELESSECIGARETTESSCHOOL,COUNTRY,BRN,WPR,Western Pacific,YEAR,2024,TOBACCO_INDICATOR,TOBACCO_INDICATOR_Yth_nonsmoked_svy_yr,,,,,,,2019,2019,,,,2025-07-24T14:32:31Z,2024,2024-01-01,2024-12-31
6389067,TOBACCO_MPOWER_M4_SMOKELESSECIGARETTESSCHOOL,COUNTRY,GNB,AFR,Africa,YEAR,2024,TOBACCO_INDICATOR,TOBACCO_INDICATOR_Yth_nonsmoked_age_grp,,,,,,,. . .,,,,,2025-07-24T14:32:31Z,2024,2024-01-01,2024-12-31
6408861,TOBACCO_MPOWER_M4_SMOKELESSECIGARETTESSCHOOL,COUNTRY,BHS,AMR,Americas,YEAR,2024,TOBACCO_INDICATOR,TOBACCO_INDICATOR_Yth_nonsmoked_national,,,,,,,National,,,,,2025-07-24T14:32:31Z,2024,2024-01-01,2024-12-31
6415114,TOBACCO_MPOWER_M4_SMOKELESSECIGARETTESSCHOOL,COUNTRY,PHL,WPR,Western Pacific,YEAR,2024,TOBACCO_INDICATOR,TOBACCO_INDICATOR_Yth_nonsmoked_svy_yr,,,,,,,2019,2019,,,,2025-07-24T14:32:31Z,2024,2024-01-01,2024-12-31
6419145,TOBACCO_MPOWER_M4_SMOKELESSECIGARETTESSCHOOL,COUNTRY,TUV,WPR,Western Pacific,YEAR,2024,TOBACCO_INDICATOR,TOBACCO_INDICATOR_Yth_nonsmoked_age_grp,,,,,,,13-15,,,,,2025-07-24T14:32:31Z,2024,2024-01-01,2024-12-31
6420911,TOBACCO_MPOWER_M4_SMOKELESSECIGARETTESSCHOOL,COUNTRY,GUY,AMR,Americas,YEAR,2024,TOBACCO_INDICATOR,TOBACCO_INDICATOR_Yth_nonsmoked_svy_yr,,,,,,,2015,2015,,,,2025-07-24T14:32:31Z,2024,2024-01-01,2024-12-31
6425159,TOBACCO_MPOWER_M4_SMOKELESSECIGARETTESSCHOOL,COUNTRY,MNE,EUR,Europe,YEAR,2024,TOBACCO_INDICATOR,TOBACCO_INDICATOR_Yth_nonsmoked_national,,,,,,,National,,,,,2025-07-24T14:32:31Z,2024,2024-01-01,2024-12-31
6446589,TOBACCO_MPOWER_M4_SMOKELESSECIGARETTESSCHOOL,COUNTRY,AFG,EMR,Eastern Mediterranean,YEAR,2024,TOBACCO_INDICATOR,TOBACCO_INDICATOR_Yth_nonsmoked_age_grp,,,,,,,13-15,,,,,2025-07-24T14:32:31Z,2024,2024-01-01,2024-12-31
6448249,TOBACCO_MPOWER_M4_SMOKELESSECIGARETTESSCHOOL,COUNTRY,LCA,AMR,Americas,YEAR,2024,TOBACCO_INDICATOR,TOBACCO_INDICATOR_Yth_nonsmoked_national,,,,,,,National,,,,,2025-07-24T14:32:31Z,2024,2024-01-01,2024-12-31
6454425,TOBACCO_MPOWER_M4_SMOKELESSECIGARETTESSCHOOL,COUNTRY,ESP,EUR,Europe,YEAR,2024,TOBACCO_INDICATOR,TOBACCO_INDICATOR_Yth_nonsmoked_svy_title,,,,,,,European School Survey Project on Alcohol and Other Drugs,,,,,2025-07-24T14:32:31Z,2024,2024-01-01,2024-12-31
6455701,TOBACCO_MPOWER_M4_SMOKELESSECIGARETTESSCHOOL,COUNTRY,MWI,AFR,Africa,YEAR,2024,TOBACCO_INDICATOR,TOBACCO_INDICATOR_Yth_nonsmoked_svy_title,,,,,,,Global Youth Tobacco Survey,,,,,2025-07-24T14:32:31Z,2024,2024-01-01,2024-12-31
6458223,TOBACCO_MPOWER_M4_SMOKELESSECIGARETTESSCHOOL,COUNTRY,GEO,EUR,Europe,YEAR,2024,TOBACCO_INDICATOR,TOBACCO_INDICATOR_Yth_nonsmoked_svy_title,,,,,,,Global Youth Tobacco Survey,,,,,2025-07-24T14:32:31Z,2024,2024-01-01,2024-12-31
6461468,TOBACCO_MPOWER_M4_SMOKELESSECIGARETTESSCHOOL,COUNTRY,NPL,SEAR,South-East Asia,YEAR,2024,TOBACCO_INDICATOR,TOBACCO_INDICATOR_Yth_nonsmoked_svy_title,,,,,,,Global Youth Tobacco Survey,,,,,2025-07-24T14:32:31Z,2024,2024-01-01,2024-12-31
6484790,TOBACCO_MPOWER_M4_SMOKELESSECIGARETTESSCHOOL,COUNTRY,TGO,AFR,Africa,YEAR,2024,TOBACCO_INDICATOR,TOBACCO_INDICATOR_Yth_nonsmoked_svy_yr,,,,,,,2019,2019,,,,2025-07-24T14:32:31Z,2024,2024-01-01,2024-12-31
6488189,TOBACCO_MPOWER_M4_SMOKELESSECIGARETTESSCHOOL,COUNTRY,LTU,EUR,Europe,YEAR,2024,TOBACCO_INDICATOR,TOBACCO_INDICATOR_Yth_nonsmoked_national,,,,,,,National,,,,,2025-07-24T14:32:31Z,2024,2024-01-01,2024-12-31
6498892,TOBACCO_MPOWER_M4_SMOKELESSECIGARETTESSCHOOL,COUNTRY,DNK,EUR,Europe,YEAR,2024,TOBACCO_INDICATOR,TOBACCO_INDICATOR_Yth_nonsmoked_national,,,,,,,National,,,,,2025-07-24T14:32:31Z,2024,2024-01-01,2024-12-31
6515420,TOBACCO_MPOWER_M4_SMOKELESSECIGARETTESSCHOOL,COUNTRY,LUX,EUR,Europe,YEAR,2024,TOBACCO_INDICATOR,TOBACCO_INDICATOR_Yth_nonsmoked_svy_yr,,,,,,,2021-22,,,,,2025-07-24T14:32:31Z,2024,2024-01-01,2024-12-31
6554799,TOBACCO_MPOWER_M4_SMOKELESSECIGARETTESSCHOOL,COUNTRY,RUS,EUR,Europe,YEAR,2024,TOBACCO_INDICATOR,TOBACCO_INDICATOR_Yth_nonsmoked_age_grp,,,,,,,13-15,,,,,2025-07-24T14:32:31Z,2024,2024-01-01,2024-12-31
6571141,TOBACCO_MPOWER_M4_SMOKELESSECIGARETTESSCHOOL,COUNTRY,LKA,SEAR,South-East Asia,YEAR,2024,TOBACCO_INDICATOR,TOBACCO_INDICATOR_Yth_nonsmoked_svy_title,,,,,,,Global Youth Tobacco Survey,,,,,2025-07-24T14:32:31Z,2024,2024-01-01,2024-12-31
6590165,TOBACCO_MPOWER_M4_SMOKELESSECIGARETTESSCHOOL,COUNTRY,ARM,EUR,Europe,YEAR,2024,TOBACCO_INDICATOR,TOBACCO_INDICATOR_Yth_nonsmoked_age_grp,,,,,,,15-15,,,,,2025-07-24T14:32:31Z,2024,2024-01-01,2024-12-31
6614110,TOBACCO_MPOWER_M4_SMOKELESSECIGARETTESSCHOOL,COUNTRY,IDN,WPR,Western Pacific,YEAR,2024,TOBACCO_INDICATOR,TOBACCO_INDICATOR_Yth_nonsmoked_age_grp,,,,,,,13-17,,,,,2025-07-24T14:32:31Z,2024,2024-01-01,2024-12-31
6640832,TOBACCO_MPOWER_M4_SMOKELESSECIGARETTESSCHOOL,COUNTRY,HTI,AMR,Americas,YEAR,2024,TOBACCO_INDICATOR,TOBACCO_INDICATOR_Yth_nonsmoked_svy_yr,,,,,,,. . .,,,,,2025-07-24T14:32:31Z,2024,2024-01-01,2024-12-31
6711448,TOBACCO_MPOWER_M4_SMOKELESSECIGARETTESSCHOOL,COUNTRY,PRT,EUR,Europe,YEAR,2024,TOBACCO_INDICATOR,TOBACCO_INDICATOR_Yth_nonsmoked_svy_yr,,,,,,,2022,2022,,,,2025-07-24T14:32:31Z,2024,2024-01-01,2024-12-31
6715171,TOBACCO_MPOWER_M4_SMOKELESSECIGARETTESSCHOOL,COUNTRY,COL,AMR,Americas,YEAR,2024,TOBACCO_INDICATOR,TOBACCO_INDICATOR_Yth_nonsmoked_svy_yr,,,,,,,2022,2022,,,,2025-07-24T14:32:31Z,2024,2024-01-01,2024-12-31
6734634,TOBACCO_MPOWER_M4_SMOKELESSECIGARETTESSCHOOL,COUNTRY,GRC,EUR,Europe,YEAR,2024,TOBACCO_INDICATOR,TOBACCO_INDICATOR_Yth_nonsmoked_svy_title,,,,,,,Global Youth Tobacco Survey,,,,,2025-07-24T14:32:31Z,2024,2024-01-01,2024-12-31
6735953,TOBACCO_MPOWER_M4_SMOKELESSECIGARETTESSCHOOL,COUNTRY,AGO,AFR,Africa,YEAR,2024,TOBACCO_INDICATOR,TOBACCO_INDICATOR_Yth_nonsmoked_age_grp,,,,,,,13-15,,,,,2025-07-24T14:32:31Z,2024,2024-01-01,2024-12-31
6739400,TOBACCO_MPOWER_M4_SMOKELESSECIGARETTESSCHOOL,COUNTRY,GMB,AFR,Africa,YEAR,2024,TOBACCO_INDICATOR,TOBACCO_INDICATOR_Yth_nonsmoked_svy_yr,,,,,,,2017,2017,,,,2025-07-24T14:32:31Z,2024,2024-01-01,2024-12-31
6762896,TOBACCO_MPOWER_M4_SMOKELESSECIGARETTESSCHOOL,COUNTRY,SVN,EUR,Europe,YEAR,2024,TOBACCO_INDICATOR,TOBACCO_INDICATOR_Yth_nonsmoked_age_grp,,,,,,,15-15,,,,,2025-07-24T14:32:31Z,2024,2024-01-01,2024-12-31
6777083,TOBACCO_MPOWER_M4_SMOKELESSECIGARETTESSCHOOL,COUNTRY,SOM,EMR,Eastern Mediterranean,YEAR,2024,TOBACCO_INDICATOR,TOBACCO_INDICATOR_Yth_nonsmoked_svy_title,,,,,,,. . .,,,,,2025-07-24T14:32:31Z,2024,2024-01-01,2024-12-31
6797873,TOBACCO_MPOWER_M4_SMOKELESSECIGARETTESSCHOOL,COUNTRY,NIC,AMR,Americas,YEAR,2024,TOBACCO_INDICATOR,TOBACCO_INDICATOR_Yth_nonsmoked_national,,,,,,,. . .,,,,,2025-07-24T14:32:31Z,2024,2024-01-01,2024-12-31
6805460,TOBACCO_MPOWER_M4_SMOKELESSECIGARETTESSCHOOL,COUNTRY,PNG,WPR,Western Pacific,YEAR,2024,TOBACCO_INDICATOR,TOBACCO_INDICATOR_Yth_nonsmoked_svy_yr,,,,,,,2016,2016,,,,2025-07-24T14:32:31Z,2024,2024-01-01,2024-12-31
6812201,TOBACCO_MPOWER_M4_SMOKELESSECIGARETTESSCHOOL,COUNTRY,IRL,EUR,Europe,YEAR,2024,TOBACCO_INDICATOR,TOBACCO_INDICATOR_Yth_nonsmoked_national,,,,,,,National,,,,,2025-07-24T14:32:31Z,2024,2024-01-01,2024-12-31
6822404,TOBACCO_MPOWER_M4_SMOKELESSECIGARETTESSCHOOL,COUNTRY,PRK,SEAR,South-East Asia,YEAR,2024,TOBACCO_INDICATOR,TOBACCO_INDICATOR_Yth_nonsmoked_age_grp,,,,,,,. . .,,,,,2025-07-24T14:32:31Z,2024,2024-01-01,2024-12-31
6834251,TOBACCO_MPOWER_M4_SMOKELESSECIGARETTESSCHOOL,COUNTRY,BWA,AFR,Africa,YEAR,2024,TOBACCO_INDICATOR,TOBACCO_INDICATOR_Yth_nonsmoked_svy_title,,,,,,,Global Youth Tobacco Survey,,,,,2025-07-24T14:32:31Z,2024,2024-01-01,2024-12-31
6835101,TOBACCO_MPOWER_M4_SMOKELESSECIGARETTESSCHOOL,COUNTRY,LAO,WPR,Western Pacific,YEAR,2024,TOBACCO_INDICATOR,TOBACCO_INDICATOR_Yth_nonsmoked_svy_yr,,,,,,,2016,2016,,,,2025-07-24T14:32:31Z,2024,2024-01-01,2024-12-31
6846524,TOBACCO_MPOWER_M4_SMOKELESSECIGARETTESSCHOOL,COUNTRY,KGZ,EUR,Europe,YEAR,2024,TOBACCO_INDICATOR,TOBACCO_INDICATOR_Yth_nonsmoked_svy_yr,,,,,,,2021-22,,,,,2025-07-24T14:32:31Z,2024,2024-01-01,2024-12-31
6882216,TOBACCO_MPOWER_M4_SMOKELESSECIGARETTESSCHOOL,COUNTRY,SVK,EUR,Europe,YEAR,2024,TOBACCO_INDICATOR,TOBACCO_INDICATOR_Yth_nonsmoked_svy_yr,,,,,,,2021-22,,,,,2025-07-24T14:32:31Z,2024,2024-01-01,2024-12-31
6895112,TOBACCO_MPOWER_M4_SMOKELESSECIGARETTESSCHOOL,COUNTRY,JPN,WPR,Western Pacific,YEAR,2024,TOBACCO_INDICATOR,TOBACCO_INDICATOR_Yth_nonsmoked_age_grp,,,,,,,Junior-High,,,,,2025-07-24T14:32:31Z,2024,2024-01-01,2024-12-31
6902153,TOBACCO_MPOWER_M4_SMOKELESSECIGARETTESSCHOOL,COUNTRY,PAN,AMR,Americas,YEAR,2024,TOBACCO_INDICATOR,TOBACCO_INDICATOR_Yth_nonsmoked_svy_yr,,,,,,,2023,2023,,,,2025-07-24T14:32:31Z,2024,2024-01-01,2024-12-31
6908526,TOBACCO_MPOWER_M4_SMOKELESSECIGARETTESSCHOOL,COUNTRY,STP,AFR,Africa,YEAR,2024,TOBACCO_INDICATOR,TOBACCO_INDICATOR_Yth_nonsmoked_age_grp,,,,,,,. . .,,,,,2025-07-24T14:32:31Z,2024,2024-01-01,2024-12-31
6910264,TOBACCO_MPOWER_M4_SMOKELESSECIGARETTESSCHOOL,COUNTRY,SRB,EUR,Europe,YEAR,2024,TOBACCO_INDICATOR,TOBACCO_INDICATOR_Yth_nonsmoked_svy_yr,,,,,,,2021-22,,,,,2025-07-24T14:32:31Z,2024,2024-01-01,2024-12-31
6914786,TOBACCO_MPOWER_M4_SMOKELESSECIGARETTESSCHOOL,COUNTRY,ITA,EUR,Europe,YEAR,2024,TOBACCO_INDICATOR,TOBACCO_INDICATOR_Yth_nonsmoked_national,,,,,,,National,,,,,2025-07-24T14:32:31Z,2024,2024-01-01,2024-12-31
6942680,TOBACCO_MPOWER_M4_SMOKELESSECIGARETTESSCHOOL,COUNTRY,PER,AMR,Americas,YEAR,2024,TOBACCO_INDICATOR,TOBACCO_INDICATOR_Yth_nonsmoked_svy_title,,,,,,,Global Youth Tobacco Survey,,,,,2025-07-24T14:32:31Z,2024,2024-01-01,2024-12-31
6943867,TOBACCO_MPOWER_M4_SMOKELESSECIGARETTESSCHOOL,COUNTRY,CPV,AFR,Africa,YEAR,2024,TOBACCO_INDICATOR,TOBACCO_INDICATOR_Yth_nonsmoked_svy_yr,,,,,,,2023,2023,,,,2025-07-24T14:32:31Z,2024,2024-01-01,2024-12-31
6944155,TOBACCO_MPOWER_M4_SMOKELESSECIGARETTESSCHOOL,COUNTRY,HTI,AMR,Americas,YEAR,2024,TOBACCO_INDICATOR,TOBACCO_INDICATOR_Yth_nonsmoked_national,,,,,,,. . .,,,,,2025-07-24T14:32:31Z,2024,2024-01-01,2024-12-31
6949171,TOBACCO_MPOWER_M4_SMOKELESSECIGARETTESSCHOOL,COUNTRY,BOL,AMR,Americas,YEAR,2024,TOBACCO_INDICATOR,TOBACCO_INDICATOR_Yth_nonsmoked_age_grp,,,,,,,13-15,,,,,2025-07-24T14:32:31Z,2024,2024-01-01,2024-12-31
6953158,TOBACCO_MPOWER_M4_SMOKELESSECIGARETTESSCHOOL,COUNTRY,TKM,EUR,Europe,YEAR,2024,TOBACCO_INDICATOR,TOBACCO_INDICATOR_Yth_nonsmoked_svy_yr,,,,,,,2015,2015,,,,2025-07-24T14:32:31Z,2024,2024-01-01,2024-12-31
6961353,TOBACCO_MPOWER_M4_SMOKELESSECIGARETTESSCHOOL,COUNTRY,NAM,AFR,Africa,YEAR,2024,TOBACCO_INDICATOR,TOBACCO_INDICATOR_Yth_nonsmoked_age_grp,,,,,,,13-15,,,,,2025-07-24T14:32:31Z,2024,2024-01-01,2024-12-31
6964275,TOBACCO_MPOWER_M4_SMOKELESSECIGARETTESSCHOOL,COUNTRY,BIH,EUR,Europe,YEAR,2024,TOBACCO_INDICATOR,TOBACCO_INDICATOR_Yth_nonsmoked_svy_title,,,,,,,Global Youth Tobacco Survey (Federation of BH),,,,,2025-07-24T14:32:31Z,2024,2024-01-01,2024-12-31
6982569,TOBACCO_MPOWER_M4_SMOKELESSECIGARETTESSCHOOL,COUNTRY,NAM,AFR,Africa,YEAR,2024,TOBACCO_INDICATOR,TOBACCO_INDICATOR_Yth_nonsmoked_svy_title,,,,,,,Global Youth Tobacco Survey,,,,,2025-07-24T14:32:31Z,2024,2024-01-01,2024-12-31
6984237,TOBACCO_MPOWER_M4_SMOKELESSECIGARETTESSCHOOL,COUNTRY,LSO,AFR,Africa,YEAR,2024,TOBACCO_INDICATOR,TOBACCO_INDICATOR_Yth_nonsmoked_svy_yr,,,,,,,2008,2008,,,,2025-07-24T14:32:31Z,2024,2024-01-01,2024-12-31
7005052,TOBACCO_MPOWER_M4_SMOKELESSECIGARETTESSCHOOL,COUNTRY,PNG,WPR,Western Pacific,YEAR,2024,TOBACCO_INDICATOR,TOBACCO_INDICATOR_Yth_nonsmoked_svy_title,,,,,,,Global Youth Tobacco Survey,,,,,2025-07-24T14:32:31Z,2024,2024-01-01,2024-12-31
7019132,TOBACCO_MPOWER_M4_SMOKELESSECIGARETTESSCHOOL,COUNTRY,JOR,EMR,Eastern Mediterranean,YEAR,2024,TOBACCO_INDICATOR,TOBACCO_INDICATOR_Yth_nonsmoked_age_grp,,,,,,,13-15,,,,,2025-07-24T14:32:31Z,2024,2024-01-01,2024-12-31
7036842,TOBACCO_MPOWER_M4_SMOKELESSECIGARETTESSCHOOL,COUNTRY,SOM,EMR,Eastern Mediterranean,YEAR,2024,TOBACCO_INDICATOR,TOBACCO_INDICATOR_Yth_nonsmoked_age_grp,,,,,,,. . .,,,,,2025-07-24T14:32:31Z,2024,2024-01-01,2024-12-31
7042586,TOBACCO_MPOWER_M4_SMOKELESSECIGARETTESSCHOOL,COUNTRY,MNE,EUR,Europe,YEAR,2024,TOBACCO_INDICATOR,TOBACCO_INDICATOR_Yth_nonsmoked_svy_title,,,,,,,European School Survey Project on Alcohol and Other Drugs,,,,,2025-07-24T14:32:31Z,2024,2024-01-01,2024-12-31
7051073,TOBACCO_MPOWER_M4_SMOKELESSECIGARETTESSCHOOL,COUNTRY,NAM,AFR,Africa,YEAR,2024,TOBACCO_INDICATOR,TOBACCO_INDICATOR_Yth_nonsmoked_svy_yr,,,,,,,2008,2008,,,,2025-07-24T14:32:31Z,2024,2024-01-01,2024-12-31
7051438,TOBACCO_MPOWER_M4_SMOKELESSECIGARETTESSCHOOL,COUNTRY,HTI,AMR,Americas,YEAR,2024,TOBACCO_INDICATOR,TOBACCO_INDICATOR_Yth_nonsmoked_age_grp,,,,,,,. . .,,,,,2025-07-24T14:32:31Z,2024,2024-01-01,2024-12-31
7053418,TOBACCO_MPOWER_M4_SMOKELESSECIGARETTESSCHOOL,COUNTRY,BTN,SEAR,South-East Asia,YEAR,2024,TOBACCO_INDICATOR,TOBACCO_INDICATOR_Yth_nonsmoked_age_grp,,,,,,,13-15,,,,,2025-07-24T14:32:31Z,2024,2024-01-01,2024-12-31
7077897,TOBACCO_MPOWER_M4_SMOKELESSECIGARETTESSCHOOL,COUNTRY,VUT,WPR,Western Pacific,YEAR,2024,TOBACCO_INDICATOR,TOBACCO_INDICATOR_Yth_nonsmoked_age_grp,,,,,,,13-15,,,,,2025-07-24T14:32:31Z,2024,2024-01-01,2024-12-31
7079929,TOBACCO_MPOWER_M4_SMOKELESSECIGARETTESSCHOOL,COUNTRY,DNK,EUR,Europe,YEAR,2024,TOBACCO_INDICATOR,TOBACCO_INDICATOR_Yth_nonsmoked_svy_yr,,,,,,,2021-22,,,,,2025-07-24T14:32:31Z,2024,2024-01-01,2024-12-31
7116206,TOBACCO_MPOWER_M4_SMOKELESSECIGARETTESSCHOOL,COUNTRY,NGA,AFR,Africa,YEAR,2024,TOBACCO_INDICATOR,TOBACCO_INDICATOR_Yth_nonsmoked_age_grp,,,,,,,13-15,,,,,2025-07-24T14:32:31Z,2024,2024-01-01,2024-12-31
7122520,TOBACCO_MPOWER_M4_SMOKELESSECIGARETTESSCHOOL,COUNTRY,KNA,AMR,Americas,YEAR,2024,TOBACCO_INDICATOR,TOBACCO_INDICATOR_Yth_nonsmoked_national,,,,,,,National,,,,,2025-07-24T14:32:31Z,2024,2024-01-01,2024-12-31
7159016,TOBACCO_MPOWER_M4_SMOKELESSECIGARETTESSCHOOL,COUNTRY,PNG,WPR,Western Pacific,YEAR,2024,TOBACCO_INDICATOR,TOBACCO_INDICATOR_Yth_nonsmoked_national,,,,,,,National,,,,,2025-07-24T14:32:31Z,2024,2024-01-01,2024-12-31
7170714,TOBACCO_MPOWER_M4_SMOKELESSECIGARETTESSCHOOL,COUNTRY,CHN,WPR,Western Pacific,YEAR,2024,TOBACCO_INDICATOR,TOBACCO_INDICATOR_Yth_nonsmoked_svy_title,,,,,,,Global Youth Tobacco Survey,,,,,2025-07-24T14:32:31Z,2024,2024-01-01,2024-12-31
7179541,TOBACCO_MPOWER_M4_SMOKELESSECIGARETTESSCHOOL,COUNTRY,FIN,EUR,Europe,YEAR,2024,TOBACCO_INDICATOR,TOBACCO_INDICATOR_Yth_nonsmoked_national,,,,,,,National,,,,,2025-07-24T14:32:31Z,2024,2024-01-01,2024-12-31
7188155,TOBACCO_MPOWER_M4_SMOKELESSECIGARETTESSCHOOL,COUNTRY,RWA,AFR,Africa,YEAR,2024,TOBACCO_INDICATOR,TOBACCO_INDICATOR_Yth_nonsmoked_svy_title,,,,,,,Global Youth Tobacco Survey,,,,,2025-07-24T14:32:31Z,2024,2024-01-01,2024-12-31
7198388,TOBACCO_MPOWER_M4_SMOKELESSECIGARETTESSCHOOL,COUNTRY,NRU,WPR,Western Pacific,YEAR,2024,TOBACCO_INDICATOR,TOBACCO_INDICATOR_Yth_nonsmoked_national,,,,,,,. . .,,,,,2025-07-24T14:32:31Z,2024,2024-01-01,2024-12-31
7207637,TOBACCO_MPOWER_M4_SMOKELESSECIGARETTESSCHOOL,COUNTRY,TGO,AFR,Africa,YEAR,2024,TOBACCO_INDICATOR,TOBACCO_INDICATOR_Yth_nonsmoked_age_grp,,,,,,,13-15,,,,,2025-07-24T14:32:31Z,2024,2024-01-01,2024-12-31
7216372,TOBACCO_MPOWER_M4_SMOKELESSECIGARETTESSCHOOL,COUNTRY,USA,AMR,Americas,YEAR,2024,TOBACCO_INDICATOR,TOBACCO_INDICATOR_Yth_nonsmoked_svy_yr,,,,,,,2024,2024,,,,2025-07-24T14:32:31Z,2024,2024-01-01,2024-12-31
7221451,TOBACCO_MPOWER_M4_SMOKELESSECIGARETTESSCHOOL,COUNTRY,GBR,EUR,Europe,YEAR,2024,TOBACCO_INDICATOR,TOBACCO_INDICATOR_Yth_nonsmoked_age_grp,,,,,,,11-15,45976,,,,2026-01-27T14:35:19Z,2024,2024-01-01,2024-12-31
7228625,TOBACCO_MPOWER_M4_SMOKELESSECIGARETTESSCHOOL,COUNTRY,SVN,EUR,Europe,YEAR,2024,TOBACCO_INDICATOR,TOBACCO_INDICATOR_Yth_nonsmoked_national,,,,,,,National,,,,,2025-07-24T14:32:31Z,2024,2024-01-01,2024-12-31
7240561,TOBACCO_MPOWER_M4_SMOKELESSECIGARETTESSCHOOL,COUNTRY,DJI,EMR,Eastern Mediterranean,YEAR,2024,TOBACCO_INDICATOR,TOBACCO_INDICATOR_Yth_nonsmoked_age_grp,,,,,,,13-15,,,,,2025-07-24T14:32:31Z,2024,2024-01-01,2024-12-31
7272113,TOBACCO_MPOWER_M4_SMOKELESSECIGARETTESSCHOOL,COUNTRY,NIU,WPR,Western Pacific,YEAR,2024,TOBACCO_INDICATOR,TOBACCO_INDICATOR_Yth_nonsmoked_age_grp,,,,,,,13-15,,,,,2025-07-24T14:32:31Z,2024,2024-01-01,2024-12-31
7333453,TOBACCO_MPOWER_M4_SMOKELESSECIGARETTESSCHOOL,COUNTRY,IRN,EMR,Eastern Mediterranean,YEAR,2024,TOBACCO_INDICATOR,TOBACCO_INDICATOR_Yth_nonsmoked_age_grp,,,,,,,13-15,,,,,2025-07-24T14:32:31Z,2024,2024-01-01,2024-12-31
7334722,TOBACCO_MPOWER_M4_SMOKELESSECIGARETTESSCHOOL,COUNTRY,KIR,WPR,Western Pacific,YEAR,2024,TOBACCO_INDICATOR,TOBACCO_INDICATOR_Yth_nonsmoked_svy_yr,,,,,,,2022,2022,,,,2025-07-24T14:32:31Z,2024,2024-01-01,2024-12-31
7381129,TOBACCO_MPOWER_M4_SMOKELESSECIGARETTESSCHOOL,COUNTRY,COG,AFR,Africa,YEAR,2024,TOBACCO_INDICATOR,TOBACCO_INDICATOR_Yth_nonsmoked_svy_title,,,,,,,Global Youth Tobacco Survey,,,,,2025-07-24T14:32:31Z,2024,2024-01-01,2024-12-31
7412984,TOBACCO_MPOWER_M4_SMOKELESSECIGARETTESSCHOOL,COUNTRY,COM,AFR,Africa,YEAR,2024,TOBACCO_INDICATOR,TOBACCO_INDICATOR_Yth_nonsmoked_age_grp,,,,,,,13-15,,,,,2025-07-24T14:32:31Z,2024,2024-01-01,2024-12-31
7457175,TOBACCO_MPOWER_M4_SMOKELESSECIGARETTESSCHOOL,COUNTRY,NOR,EUR,Europe,YEAR,2024,TOBACCO_INDICATOR,TOBACCO_INDICATOR_Yth_nonsmoked_svy_yr,,,,,,,2024,2024,,,,2025-07-24T14:32:31Z,2024,2024-01-01,2024-12-31
7459042,TOBACCO_MPOWER_M4_SMOKELESSECIGARETTESSCHOOL,COUNTRY,IND,SEAR,South-East Asia,YEAR,2024,TOBACCO_INDICATOR,TOBACCO_INDICATOR_Yth_nonsmoked_svy_yr,,,,,,,2019,2019,,,,2025-07-24T14:32:31Z,2024,2024-01-01,2024-12-31
7475699,TOBACCO_MPOWER_M4_SMOKELESSECIGARETTESSCHOOL,COUNTRY,KOR,WPR,Western Pacific,YEAR,2024,TOBACCO_INDICATOR,TOBACCO_INDICATOR_Yth_nonsmoked_svy_title,,,,,,,Korea Youth Risk Behavior Web-based Survey,,,,,2025-07-24T14:32:31Z,2024,2024-01-01,2024-12-31
7504717,TOBACCO_MPOWER_M4_SMOKELESSECIGARETTESSCHOOL,COUNTRY,OMN,EMR,Eastern Mediterranean,YEAR,2024,TOBACCO_INDICATOR,TOBACCO_INDICATOR_Yth_nonsmoked_age_grp,,,,,,,13-15,,,,,2025-07-24T14:32:31Z,2024,2024-01-01,2024-12-31
7505338,TOBACCO_MPOWER_M4_SMOKELESSECIGARETTESSCHOOL,COUNTRY,COM,AFR,Africa,YEAR,2024,TOBACCO_INDICATOR,TOBACCO_INDICATOR_Yth_nonsmoked_svy_title,,,,,,,Global Youth Tobacco Survey,,,,,2025-07-24T14:32:31Z,2024,2024-01-01,2024-12-31
7506025,TOBACCO_MPOWER_M4_SMOKELESSECIGARETTESSCHOOL,COUNTRY,VNM,WPR,Western Pacific,YEAR,2024,TOBACCO_INDICATOR,TOBACCO_INDICATOR_Yth_nonsmoked_age_grp,,,,,,,13-15,,,,,2025-07-24T14:32:31Z,2024,2024-01-01,2024-12-31
7507924,TOBACCO_MPOWER_M4_SMOKELESSECIGARETTESSCHOOL,COUNTRY,CIV,AFR,Africa,YEAR,2024,TOBACCO_INDICATOR,TOBACCO_INDICATOR_Yth_nonsmoked_age_grp,,,,,,,13-15,,,,,2025-07-24T14:32:31Z,2024,2024-01-01,2024-12-31
7513524,TOBACCO_MPOWER_M4_SMOKELESSECIGARETTESSCHOOL,COUNTRY,MDG,AFR,Africa,YEAR,2024,TOBACCO_INDICATOR,TOBACCO_INDICATOR_Yth_nonsmoked_age_grp,,,,,,,13-15,,,,,2025-07-24T14:32:31Z,2024,2024-01-01,2024-12-31
7549008,TOBACCO_MPOWER_M4_SMOKELESSECIGARETTESSCHOOL,COUNTRY,LBN,EMR,Eastern Mediterranean,YEAR,2024,TOBACCO_INDICATOR,TOBACCO_INDICATOR_Yth_nonsmoked_svy_yr,,,,,,,. . .,,,,,2025-07-24T14:32:31Z,2024,2024-01-01,2024-12-31
7549374,TOBACCO_MPOWER_M4_SMOKELESSECIGARETTESSCHOOL,COUNTRY,ESP,EUR,Europe,YEAR,2024,TOBACCO_INDICATOR,TOBACCO_INDICATOR_Yth_nonsmoked_national,,,,,,,National,,,,,2025-07-24T14:32:31Z,2024,2024-01-01,2024-12-31
7557816,TOBACCO_MPOWER_M4_SMOKELESSECIGARETTESSCHOOL,COUNTRY,BGR,EUR,Europe,YEAR,2024,TOBACCO_INDICATOR,TOBACCO_INDICATOR_Yth_nonsmoked_svy_title,,,,,,,Global Youth Tobacco Survey,,,,,2025-07-24T14:32:31Z,2024,2024-01-01,2024-12-31
7572212,TOBACCO_MPOWER_M4_SMOKELESSECIGARETTESSCHOOL,COUNTRY,CYP,EUR,Europe,YEAR,2024,TOBACCO_INDICATOR,TOBACCO_INDICATOR_Yth_nonsmoked_svy_yr,,,,,,,2021-22,,,,,2025-07-24T14:32:31Z,2024,2024-01-01,2024-12-31
7582273,TOBACCO_MPOWER_M4_SMOKELESSECIGARETTESSCHOOL,COUNTRY,GEO,EUR,Europe,YEAR,2024,TOBACCO_INDICATOR,TOBACCO_INDICATOR_Yth_nonsmoked_age_grp,,,,,,,13-15,,,,,2025-07-24T14:32:31Z,2024,2024-01-01,2024-12-31
7596639,TOBACCO_MPOWER_M4_SMOKELESSECIGARETTESSCHOOL,COUNTRY,SVN,EUR,Europe,YEAR,2024,TOBACCO_INDICATOR,TOBACCO_INDICATOR_Yth_nonsmoked_svy_yr,,,,,,,2021-22,,,,,2025-07-24T14:32:31Z,2024,2024-01-01,2024-12-31
7598675,TOBACCO_MPOWER_M4_SMOKELESSECIGARETTESSCHOOL,COUNTRY,MAR,EMR,Eastern Mediterranean,YEAR,2024,TOBACCO_INDICATOR,TOBACCO_INDICATOR_Yth_nonsmoked_national,,,,,,,National,,,,,2025-07-24T14:32:31Z,2024,2024-01-01,2024-12-31
7602934,TOBACCO_MPOWER_M4_SMOKELESSECIGARETTESSCHOOL,COUNTRY,AGO,AFR,Africa,YEAR,2024,TOBACCO_INDICATOR,TOBACCO_INDICATOR_Yth_nonsmoked_national,,,,,,,Subnational,,,,,2025-07-24T14:32:31Z,2024,2024-01-01,2024-12-31
7611374,TOBACCO_MPOWER_M4_SMOKELESSECIGARETTESSCHOOL,COUNTRY,LKA,SEAR,South-East Asia,YEAR,2024,TOBACCO_INDICATOR,TOBACCO_INDICATOR_Yth_nonsmoked_national,,,,,,,National,,,,,2025-07-24T14:32:31Z,2024,2024-01-01,2024-12-31
7621890,TOBACCO_MPOWER_M4_SMOKELESSECIGARETTESSCHOOL,COUNTRY,EGY,EMR,Eastern Mediterranean,YEAR,2024,TOBACCO_INDICATOR,TOBACCO_INDICATOR_Yth_nonsmoked_age_grp,,,,,,,13-15,,,,,2025-07-24T14:32:31Z,2024,2024-01-01,2024-12-31
7622798,TOBACCO_MPOWER_M4_SMOKELESSECIGARETTESSCHOOL,COUNTRY,MEX,AMR,Americas,YEAR,2024,TOBACCO_INDICATOR,TOBACCO_INDICATOR_Yth_nonsmoked_svy_yr,,,,,,,2011,2011,,,,2025-07-24T14:32:31Z,2024,2024-01-01,2024-12-31
7633931,TOBACCO_MPOWER_M4_SMOKELESSECIGARETTESSCHOOL,COUNTRY,FSM,WPR,Western Pacific,YEAR,2024,TOBACCO_INDICATOR,TOBACCO_INDICATOR_Yth_nonsmoked_national,,,,,,,National,,,,,2025-07-24T14:32:31Z,2024,2024-01-01,2024-12-31
7648002,TOBACCO_MPOWER_M4_SMOKELESSECIGARETTESSCHOOL,COUNTRY,COK,WPR,Western Pacific,YEAR,2024,TOBACCO_INDICATOR,TOBACCO_INDICATOR_Yth_nonsmoked_svy_title,,,,,,,Global Youth Tobacco Survey,,,,,2025-07-24T14:32:31Z,2024,2024-01-01,2024-12-31
7650633,TOBACCO_MPOWER_M4_SMOKELESSECIGARETTESSCHOOL,COUNTRY,BEN,AFR,Africa,YEAR,2024,TOBACCO_INDICATOR,TOBACCO_INDICATOR_Yth_nonsmoked_age_grp,,,,,,,. . .,,,,,2025-07-24T14:32:31Z,2024,2024-01-01,2024-12-31
7652261,TOBACCO_MPOWER_M4_SMOKELESSECIGARETTESSCHOOL,COUNTRY,TLS,SEAR,South-East Asia,YEAR,2024,TOBACCO_INDICATOR,TOBACCO_INDICATOR_Yth_nonsmoked_age_grp,,,,,,,13-15,,,,,2025-07-24T14:32:31Z,2024,2024-01-01,2024-12-31
7688386,TOBACCO_MPOWER_M4_SMOKELESSECIGARETTESSCHOOL,COUNTRY,BLR,EUR,Europe,YEAR,2024,TOBACCO_INDICATOR,TOBACCO_INDICATOR_Yth_nonsmoked_age_grp,,,,,,,13-15,,,,,2025-07-24T14:32:31Z,2024,2024-01-01,2024-12-31
7691788,TOBACCO_MPOWER_M4_SMOKELESSECIGARETTESSCHOOL,COUNTRY,ERI,AFR,Africa,YEAR,2024,TOBACCO_INDICATOR,TOBACCO_INDICATOR_Yth_nonsmoked_national,,,,,,,. . .,,,,,2025-07-24T14:32:31Z,2024,2024-01-01,2024-12-31
7697022,TOBACCO_MPOWER_M4_SMOKELESSECIGARETTESSCHOOL,COUNTRY,SRB,EUR,Europe,YEAR,2024,TOBACCO_INDICATOR,TOBACCO_INDICATOR_Yth_nonsmoked_national,,,,,,,National,,,,,2025-07-24T14:32:31Z,2024,2024-01-01,2024-12-31
7699100,TOBACCO_MPOWER_M4_SMOKELESSECIGARETTESSCHOOL,COUNTRY,GHA,AFR,Africa,YEAR,2024,TOBACCO_INDICATOR,TOBACCO_INDICATOR_Yth_nonsmoked_svy_yr,,,,,,,2017,2017,,,,2025-07-24T14:32:31Z,2024,2024-01-01,2024-12-31
7702677,TOBACCO_MPOWER_M4_SMOKELESSECIGARETTESSCHOOL,COUNTRY,BEL,EUR,Europe,YEAR,2024,TOBACCO_INDICATOR,TOBACCO_INDICATOR_Yth_nonsmoked_svy_yr,,,,,,,2022-23,,,,,2025-07-24T14:32:31Z,2024,2024-01-01,2024-12-31
7712071,TOBACCO_MPOWER_M4_SMOKELESSECIGARETTESSCHOOL,COUNTRY,FJI,WPR,Western Pacific,YEAR,2024,TOBACCO_INDICATOR,TOBACCO_INDICATOR_Yth_nonsmoked_age_grp,,,,,,,13-15,,,,,2025-07-24T14:32:31Z,2024,2024-01-01,2024-12-31
7723476,TOBACCO_MPOWER_M4_SMOKELESSECIGARETTESSCHOOL,COUNTRY,TUN,EMR,Eastern Mediterranean,YEAR,2024,TOBACCO_INDICATOR,TOBACCO_INDICATOR_Yth_nonsmoked_national,,,,,,,National,,,,,2025-07-24T14:32:31Z,2024,2024-01-01,2024-12-31
7730234,TOBACCO_MPOWER_M4_SMOKELESSECIGARETTESSCHOOL,COUNTRY,STP,AFR,Africa,YEAR,2024,TOBACCO_INDICATOR,TOBACCO_INDICATOR_Yth_nonsmoked_svy_yr,,,,,,,. . .,,,,,2025-07-24T14:32:31Z,2024,2024-01-01,2024-12-31
7733651,TOBACCO_MPOWER_M4_SMOKELESSECIGARETTESSCHOOL,COUNTRY,BDI,AFR,Africa,YEAR,2024,TOBACCO_INDICATOR,TOBACCO_INDICATOR_Yth_nonsmoked_svy_yr,,,,,,,. . .,,,,,2025-07-24T14:32:31Z,2024,2024-01-01,2024-12-31
7766002,TOBACCO_MPOWER_M4_SMOKELESSECIGARETTESSCHOOL,COUNTRY,MYS,WPR,Western Pacific,YEAR,2024,TOBACCO_INDICATOR,TOBACCO_INDICATOR_Yth_nonsmoked_svy_title,,,,,,,National School-Based Student Health Survey,,,,,2025-07-24T14:32:31Z,2024,2024-01-01,2024-12-31
7774212,TOBACCO_MPOWER_M4_SMOKELESSECIGARETTESSCHOOL,COUNTRY,GNB,AFR,Africa,YEAR,2024,TOBACCO_INDICATOR,TOBACCO_INDICATOR_Yth_nonsmoked_svy_title,,,,,,,. . .,,,,,2025-07-24T14:32:31Z,2024,2024-01-01,2024-12-31
7785878,TOBACCO_MPOWER_M4_SMOKELESSECIGARETTESSCHOOL,COUNTRY,ERI,AFR,Africa,YEAR,2024,TOBACCO_INDICATOR,TOBACCO_INDICATOR_Yth_nonsmoked_svy_title,,,,,,,. . .,,,,,2025-07-24T14:32:31Z,2024,2024-01-01,2024-12-31
7804407,TOBACCO_MPOWER_M4_SMOKELESSECIGARETTESSCHOOL,COUNTRY,ZAF,AFR,Africa,YEAR,2024,TOBACCO_INDICATOR,TOBACCO_INDICATOR_Yth_nonsmoked_svy_title,,,,,,,Global Youth Tobacco Survey,,,,,2025-07-24T14:32:31Z,2024,2024-01-01,2024-12-31
7815569,TOBACCO_MPOWER_M4_SMOKELESSECIGARETTESSCHOOL,COUNTRY,MYS,WPR,Western Pacific,YEAR,2024,TOBACCO_INDICATOR,TOBACCO_INDICATOR_Yth_nonsmoked_svy_yr,,,,,,,2022,2022,,,,2025-07-24T14:32:31Z,2024,2024-01-01,2024-12-31
7838593,TOBACCO_MPOWER_M4_SMOKELESSECIGARETTESSCHOOL,COUNTRY,LUX,EUR,Europe,YEAR,2024,TOBACCO_INDICATOR,TOBACCO_INDICATOR_Yth_nonsmoked_age_grp,,,,,,,15-15,,,,,2025-07-24T14:32:31Z,2024,2024-01-01,2024-12-31
7842801,TOBACCO_MPOWER_M4_SMOKELESSECIGARETTESSCHOOL,COUNTRY,YEM,EMR,Eastern Mediterranean,YEAR,2024,TOBACCO_INDICATOR,TOBACCO_INDICATOR_Yth_nonsmoked_svy_title,,,,,,,Global Youth Tobacco Survey,,,,,2025-07-24T14:32:31Z,2024,2024-01-01,2024-12-31
7849589,TOBACCO_MPOWER_M4_SMOKELESSECIGARETTESSCHOOL,COUNTRY,GMB,AFR,Africa,YEAR,2024,TOBACCO_INDICATOR,TOBACCO_INDICATOR_Yth_nonsmoked_svy_title,,,,,,,Global Youth Tobacco Survey,,,,,2025-07-24T14:32:31Z,2024,2024-01-01,2024-12-31
7862786,TOBACCO_MPOWER_M4_SMOKELESSECIGARETTESSCHOOL,COUNTRY,ARG,AMR,Americas,YEAR,2024,TOBACCO_INDICATOR,TOBACCO_INDICATOR_Yth_nonsmoked_age_grp,,,,,,,13-15,,,,,2025-07-24T14:32:31Z,2024,2024-01-01,2024-12-31
7875660,TOBACCO_MPOWER_M4_SMOKELESSECIGARETTESSCHOOL,COUNTRY,AZE,EUR,Europe,YEAR,2024,TOBACCO_INDICATOR,TOBACCO_INDICATOR_Yth_nonsmoked_age_grp,,,,,,,13-15,,,,,2025-07-24T14:32:31Z,2024,2024-01-01,2024-12-31
7879652,TOBACCO_MPOWER_M4_SMOKELESSECIGARETTESSCHOOL,COUNTRY,PRK,SEAR,South-East Asia,YEAR,2024,TOBACCO_INDICATOR,TOBACCO_INDICATOR_Yth_nonsmoked_national,,,,,,,. . .,,,,,2025-07-24T14:32:31Z,2024,2024-01-01,2024-12-31
7885099,TOBACCO_MPOWER_M4_SMOKELESSECIGARETTESSCHOOL,COUNTRY,MMR,SEAR,South-East Asia,YEAR,2024,TOBACCO_INDICATOR,TOBACCO_INDICATOR_Yth_nonsmoked_age_grp,,,,,,,13-15,,,,,2025-07-24T14:32:31Z,2024,2024-01-01,2024-12-31
7900210,TOBACCO_MPOWER_M4_SMOKELESSECIGARETTESSCHOOL,COUNTRY,USA,AMR,Americas,YEAR,2024,TOBACCO_INDICATOR,TOBACCO_INDICATOR_Yth_nonsmoked_national,,,,,,,National,,,,,2025-07-24T14:32:31Z,2024,2024-01-01,2024-12-31
7901100,TOBACCO_MPOWER_M4_SMOKELESSECIGARETTESSCHOOL,COUNTRY,BWA,AFR,Africa,YEAR,2024,TOBACCO_INDICATOR,TOBACCO_INDICATOR_Yth_nonsmoked_svy_yr,,,,,,,2008,2008,,,,2025-07-24T14:32:31Z,2024,2024-01-01,2024-12-31
7905116,TOBACCO_MPOWER_M4_SMOKELESSECIGARETTESSCHOOL,COUNTRY,BEN,AFR,Africa,YEAR,2024,TOBACCO_INDICATOR,TOBACCO_INDICATOR_Yth_nonsmoked_national,,,,,,,. . .,,,,,2025-07-24T14:32:31Z,2024,2024-01-01,2024-12-31
7918940,TOBACCO_MPOWER_M4_SMOKELESSECIGARETTESSCHOOL,COUNTRY,NER,AFR,Africa,YEAR,2024,TOBACCO_INDICATOR,TOBACCO_INDICATOR_Yth_nonsmoked_age_grp,,,,,,,. . .,,,,,2025-07-24T14:32:31Z,2024,2024-01-01,2024-12-31
7919429,TOBACCO_MPOWER_M4_SMOKELESSECIGARETTESSCHOOL,COUNTRY,BHR,EMR,Eastern Mediterranean,YEAR,2024,TOBACCO_INDICATOR,TOBACCO_INDICATOR_Yth_nonsmoked_age_grp,,,,,,,13-15,,,,,2025-07-24T14:32:31Z,2024,2024-01-01,2024-12-31
7926542,TOBACCO_MPOWER_M4_SMOKELESSECIGARETTESSCHOOL,COUNTRY,PLW,WPR,Western Pacific,YEAR,2024,TOBACCO_INDICATOR,TOBACCO_INDICATOR_Yth_nonsmoked_national,,,,,,,National,,,,,2025-07-24T14:32:31Z,2024,2024-01-01,2024-12-31
7952858,TOBACCO_MPOWER_M4_SMOKELESSECIGARETTESSCHOOL,COUNTRY,IND,SEAR,South-East Asia,YEAR,2024,TOBACCO_INDICATOR,TOBACCO_INDICATOR_Yth_nonsmoked_age_grp,,,,,,,13-15,,,,,2025-07-24T14:32:31Z,2024,2024-01-01,2024-12-31
7984427,TOBACCO_MPOWER_M4_SMOKELESSECIGARETTESSCHOOL,COUNTRY,SWZ,AFR,Africa,YEAR,2024,TOBACCO_INDICATOR,TOBACCO_INDICATOR_Yth_nonsmoked_svy_yr,,,,,,,2009,2009,,,,2025-07-24T14:32:31Z,2024,2024-01-01,2024-12-31
7997546,TOBACCO_MPOWER_M4_SMOKELESSECIGARETTESSCHOOL,COUNTRY,GNQ,AFR,Africa,YEAR,2024,TOBACCO_INDICATOR,TOBACCO_INDICATOR_Yth_nonsmoked_svy_yr,,,,,,,. . .,,,,,2025-07-24T14:32:31Z,2024,2024-01-01,2024-12-31
8001081,TOBACCO_MPOWER_M4_SMOKELESSECIGARETTESSCHOOL,COUNTRY,BGD,SEAR,South-East Asia,YEAR,2024,TOBACCO_INDICATOR,TOBACCO_INDICATOR_Yth_nonsmoked_svy_yr,,,,,,,2013,2013,,,,2025-07-24T14:32:31Z,2024,2024-01-01,2024-12-31
8032168,TOBACCO_MPOWER_M4_SMOKELESSECIGARETTESSCHOOL,COUNTRY,ATG,AMR,Americas,YEAR,2024,TOBACCO_INDICATOR,TOBACCO_INDICATOR_Yth_nonsmoked_svy_title,,,,,,,Global Youth Tobacco Survey,,,,,2025-07-24T14:32:31Z,2024,2024-01-01,2024-12-31
8034206,TOBACCO_MPOWER_M4_SMOKELESSECIGARETTESSCHOOL,COUNTRY,COL,AMR,Americas,YEAR,2024,TOBACCO_INDICATOR,TOBACCO_INDICATOR_Yth_nonsmoked_national,,,,,,,National,,,,,2025-07-24T14:32:31Z,2024,2024-01-01,2024-12-31
8062896,TOBACCO_MPOWER_M4_SMOKELESSECIGARETTESSCHOOL,COUNTRY,LBY,EMR,Eastern Mediterranean,YEAR,2024,TOBACCO_INDICATOR,TOBACCO_INDICATOR_Yth_nonsmoked_svy_yr,,,,,,,2010,2010,,,,2025-07-24T14:32:31Z,2024,2024-01-01,2024-12-31
8076726,TOBACCO_MPOWER_M4_SMOKELESSECIGARETTESSCHOOL,COUNTRY,ITA,EUR,Europe,YEAR,2024,TOBACCO_INDICATOR,TOBACCO_INDICATOR_Yth_nonsmoked_age_grp,,,,,,,13-15,,,,,2025-07-24T14:32:31Z,2024,2024-01-01,2024-12-31
8083136,TOBACCO_MPOWER_M4_SMOKELESSECIGARETTESSCHOOL,COUNTRY,GIN,AFR,Africa,YEAR,2024,TOBACCO_INDICATOR,TOBACCO_INDICATOR_Yth_nonsmoked_svy_title,,,,,,,. . .,,,,,2025-07-24T14:32:31Z,2024,2024-01-01,2024-12-31
8088487,TOBACCO_MPOWER_M4_SMOKELESSECIGARETTESSCHOOL,COUNTRY,NPL,SEAR,South-East Asia,YEAR,2024,TOBACCO_INDICATOR,TOBACCO_INDICATOR_Yth_nonsmoked_svy_yr,,,,,,,2011,2011,,,,2025-07-24T14:32:31Z,2024,2024-01-01,2024-12-31
8093797,TOBACCO_MPOWER_M4_SMOKELESSECIGARETTESSCHOOL,COUNTRY,SRB,EUR,Europe,YEAR,2024,TOBACCO_INDICATOR,TOBACCO_INDICATOR_Yth_nonsmoked_age_grp,,,,,,,15-15,,,,,2025-07-24T14:32:31Z,2024,2024-01-01,2024-12-31
8103650,TOBACCO_MPOWER_M4_SMOKELESSECIGARETTESSCHOOL,COUNTRY,FRA,EUR,Europe,YEAR,2024,TOBACCO_INDICATOR,TOBACCO_INDICATOR_Yth_nonsmoked_svy_title,,,,,,,Health Behaviour in School-aged Children,,,,,2025-07-24T14:32:31Z,2024,2024-01-01,2024-12-31
8121310,TOBACCO_MPOWER_M4_SMOKELESSECIGARETTESSCHOOL,COUNTRY,CHE,EUR,Europe,YEAR,2024,TOBACCO_INDICATOR,TOBACCO_INDICATOR_Yth_nonsmoked_svy_yr,,,,,,,2022,2022,,,,2025-07-24T14:32:31Z,2024,2024-01-01,2024-12-31
8127015,TOBACCO_MPOWER_M4_SMOKELESSECIGARETTESSCHOOL,COUNTRY,OMN,EMR,Eastern Mediterranean,YEAR,2024,TOBACCO_INDICATOR,TOBACCO_INDICATOR_Yth_nonsmoked_national,,,,,,,National,,,,,2025-07-24T14:32:31Z,2024,2024-01-01,2024-12-31
8158286,TOBACCO_MPOWER_M4_SMOKELESSECIGARETTESSCHOOL,COUNTRY,COD,AFR,Africa,YEAR,2024,TOBACCO_INDICATOR,TOBACCO_INDICATOR_Yth_nonsmoked_svy_yr,,,,,,,2008,2008,,,,2025-07-24T14:32:31Z,2024,2024-01-01,2024-12-31
8163073,TOBACCO_MPOWER_M4_SMOKELESSECIGARETTESSCHOOL,COUNTRY,KNA,AMR,Americas,YEAR,2024,TOBACCO_INDICATOR,TOBACCO_INDICATOR_Yth_nonsmoked_svy_yr,,,,,,,2024,2024,,,,2025-07-24T14:32:31Z,2024,2024-01-01,2024-12-31
8165828,TOBACCO_MPOWER_M4_SMOKELESSECIGARETTESSCHOOL,COUNTRY,NIU,WPR,Western Pacific,YEAR,2024,TOBACCO_INDICATOR,TOBACCO_INDICATOR_Yth_nonsmoked_national,,,,,,,National,,,,,2025-07-24T14:32:31Z,2024,2024-01-01,2024-12-31
8166871,TOBACCO_MPOWER_M4_SMOKELESSECIGARETTESSCHOOL,COUNTRY,SUR,AMR,Americas,YEAR,2024,TOBACCO_INDICATOR,TOBACCO_INDICATOR_Yth_nonsmoked_svy_yr,,,,,,,2022,2022,,,,2025-07-24T14:32:31Z,2024,2024-01-01,2024-12-31
8176456,TOBACCO_MPOWER_M4_SMOKELESSECIGARETTESSCHOOL,COUNTRY,DOM,AMR,Americas,YEAR,2024,TOBACCO_INDICATOR,TOBACCO_INDICATOR_Yth_nonsmoked_svy_title,,,,,,,Global Youth Tobacco Survey,,,,,2025-07-24T14:32:31Z,2024,2024-01-01,2024-12-31
8179501,TOBACCO_MPOWER_M4_SMOKELESSECIGARETTESSCHOOL,COUNTRY,LSO,AFR,Africa,YEAR,2024,TOBACCO_INDICATOR,TOBACCO_INDICATOR_Yth_nonsmoked_national,,,,,,,National,,,,,2025-07-24T14:32:31Z,2024,2024-01-01,2024-12-31
8184966,TOBACCO_MPOWER_M4_SMOKELESSECIGARETTESSCHOOL,COUNTRY,BRA,AMR,Americas,YEAR,2024,TOBACCO_INDICATOR,TOBACCO_INDICATOR_Yth_nonsmoked_national,,,,,,,National,,,,,2025-07-24T14:32:31Z,2024,2024-01-01,2024-12-31
8185217,TOBACCO_MPOWER_M4_SMOKELESSECIGARETTESSCHOOL,COUNTRY,MEX,AMR,Americas,YEAR,2024,TOBACCO_INDICATOR,TOBACCO_INDICATOR_Yth_nonsmoked_svy_title,,,,,,,Global Youth Tobacco Survey,,,,,2025-07-24T14:32:31Z,2024,2024-01-01,2024-12-31
8195865,TOBACCO_MPOWER_M4_SMOKELESSECIGARETTESSCHOOL,COUNTRY,NPL,SEAR,South-East Asia,YEAR,2024,TOBACCO_INDICATOR,TOBACCO_INDICATOR_Yth_nonsmoked_age_grp,,,,,,,13-15,,,,,2025-07-24T14:32:31Z,2024,2024-01-01,2024-12-31
8200355,TOBACCO_MPOWER_M4_SMOKELESSECIGARETTESSCHOOL,COUNTRY,ROU,EUR,Europe,YEAR,2024,TOBACCO_INDICATOR,TOBACCO_INDICATOR_Yth_nonsmoked_national,,,,,,,National,,,,,2025-07-24T14:32:31Z,2024,2024-01-01,2024-12-31
8242901,TOBACCO_MPOWER_M4_SMOKELESSECIGARETTESSCHOOL,COUNTRY,BRB,AMR,Americas,YEAR,2024,TOBACCO_INDICATOR,TOBACCO_INDICATOR_Yth_nonsmoked_national,,,,,,,National,,,,,2025-07-24T14:32:31Z,2024,2024-01-01,2024-12-31
8263771,TOBACCO_MPOWER_M4_SMOKELESSECIGARETTESSCHOOL,COUNTRY,BDI,AFR,Africa,YEAR,2024,TOBACCO_INDICATOR,TOBACCO_INDICATOR_Yth_nonsmoked_svy_title,,,,,,,. . .,,,,,2025-07-24T14:32:31Z,2024,2024-01-01,2024-12-31
8307380,TOBACCO_MPOWER_M4_SMOKELESSECIGARETTESSCHOOL,COUNTRY,CZE,EUR,Europe,YEAR,2024,TOBACCO_INDICATOR,TOBACCO_INDICATOR_Yth_nonsmoked_national,,,,,,,National,,,,,2025-07-24T14:32:31Z,2024,2024-01-01,2024-12-31
8330089,TOBACCO_MPOWER_M4_SMOKELESSECIGARETTESSCHOOL,COUNTRY,GTM,AMR,Americas,YEAR,2024,TOBACCO_INDICATOR,TOBACCO_INDICATOR_Yth_nonsmoked_age_grp,,,,,,,13-15,,,,,2025-07-24T14:32:31Z,2024,2024-01-01,2024-12-31
8357905,TOBACCO_MPOWER_M4_SMOKELESSECIGARETTESSCHOOL,COUNTRY,TUR,EUR,Europe,YEAR,2024,TOBACCO_INDICATOR,TOBACCO_INDICATOR_Yth_nonsmoked_age_grp,,,,,,,. . .,,,,,2025-07-24T14:32:31Z,2024,2024-01-01,2024-12-31
8361864,TOBACCO_MPOWER_M4_SMOKELESSECIGARETTESSCHOOL,COUNTRY,ZMB,AFR,Africa,YEAR,2024,TOBACCO_INDICATOR,TOBACCO_INDICATOR_Yth_nonsmoked_national,,,,,,,National,,,,,2025-07-24T14:32:31Z,2024,2024-01-01,2024-12-31
8362633,TOBACCO_MPOWER_M4_SMOKELESSECIGARETTESSCHOOL,COUNTRY,BHR,EMR,Eastern Mediterranean,YEAR,2024,TOBACCO_INDICATOR,TOBACCO_INDICATOR_Yth_nonsmoked_national,,,,,,,National,,,,,2025-07-24T14:32:31Z,2024,2024-01-01,2024-12-31
8364083,TOBACCO_MPOWER_M4_SMOKELESSECIGARETTESSCHOOL,COUNTRY,CMR,AFR,Africa,YEAR,2024,TOBACCO_INDICATOR,TOBACCO_INDICATOR_Yth_nonsmoked_svy_yr,,,,,,,2014,2014,,,,2025-07-24T14:32:31Z,2024,2024-01-01,2024-12-31
8370179,TOBACCO_MPOWER_M4_SMOKELESSECIGARETTESSCHOOL,COUNTRY,KOR,WPR,Western Pacific,YEAR,2024,TOBACCO_INDICATOR,TOBACCO_INDICATOR_Yth_nonsmoked_svy_yr,,,,,,,2024,2024,,,,2025-07-24T14:32:31Z,2024,2024-01-01,2024-12-31
8375351,TOBACCO_MPOWER_M4_SMOKELESSECIGARETTESSCHOOL,COUNTRY,SSD,AFR,Africa,YEAR,2024,TOBACCO_INDICATOR,TOBACCO_INDICATOR_Yth_nonsmoked_age_grp,,,,,,,. . .,,,,,2025-07-24T14:32:31Z,2024,2024-01-01,2024-12-31
8376544,TOBACCO_MPOWER_M4_SMOKELESSECIGARETTESSCHOOL,COUNTRY,PSE,EMR,Eastern Mediterranean,YEAR,2024,TOBACCO_INDICATOR,TOBACCO_INDICATOR_Yth_nonsmoked_svy_yr,,,,,,,2016,2016,,,,2025-07-24T14:32:31Z,2024,2024-01-01,2024-12-31
8384091,TOBACCO_MPOWER_M4_SMOKELESSECIGARETTESSCHOOL,COUNTRY,HUN,EUR,Europe,YEAR,2024,TOBACCO_INDICATOR,TOBACCO_INDICATOR_Yth_nonsmoked_national,,,,,,,National,,,,,2025-07-24T14:32:31Z,2024,2024-01-01,2024-12-31
8400676,TOBACCO_MPOWER_M4_SMOKELESSECIGARETTESSCHOOL,COUNTRY,TUN,EMR,Eastern Mediterranean,YEAR,2024,TOBACCO_INDICATOR,TOBACCO_INDICATOR_Yth_nonsmoked_svy_yr,,,,,,,2017,2017,,,,2025-07-24T14:32:31Z,2024,2024-01-01,2024-12-31
8403278,TOBACCO_MPOWER_M4_SMOKELESSECIGARETTESSCHOOL,COUNTRY,FIN,EUR,Europe,YEAR,2024,TOBACCO_INDICATOR,TOBACCO_INDICATOR_Yth_nonsmoked_svy_yr,,,,,,,2023,2023,,,,2025-07-24T14:32:31Z,2024,2024-01-01,2024-12-31
8431685,TOBACCO_MPOWER_M4_SMOKELESSECIGARETTESSCHOOL,COUNTRY,FRA,EUR,Europe,YEAR,2024,TOBACCO_INDICATOR,TOBACCO_INDICATOR_Yth_nonsmoked_svy_yr,,,,,,,2021-22,,,,,2025-07-24T14:32:31Z,2024,2024-01-01,2024-12-31
8445440,TOBACCO_MPOWER_M4_SMOKELESSECIGARETTESSCHOOL,COUNTRY,BDI,AFR,Africa,YEAR,2024,TOBACCO_INDICATOR,TOBACCO_INDICATOR_Yth_nonsmoked_age_grp,,,,,,,. . .,,,,,2025-07-24T14:32:31Z,2024,2024-01-01,2024-12-31
8457180,TOBACCO_MPOWER_M4_SMOKELESSECIGARETTESSCHOOL,COUNTRY,MNG,WPR,Western Pacific,YEAR,2024,TOBACCO_INDICATOR,TOBACCO_INDICATOR_Yth_nonsmoked_svy_title,,,,,,,Global School-Based Student Health Survey,,,,,2025-07-24T14:32:31Z,2024,2024-01-01,2024-12-31
8463447,TOBACCO_MPOWER_M4_SMOKELESSECIGARETTESSCHOOL,COUNTRY,SGP,WPR,Western Pacific,YEAR,2024,TOBACCO_INDICATOR,TOBACCO_INDICATOR_Yth_nonsmoked_age_grp,,,,,,,. . .,,,,,2025-07-24T14:32:31Z,2024,2024-01-01,2024-12-31
8466396,TOBACCO_MPOWER_M4_SMOKELESSECIGARETTESSCHOOL,COUNTRY,SEN,AFR,Africa,YEAR,2024,TOBACCO_INDICATOR,TOBACCO_INDICATOR_Yth_nonsmoked_age_grp,,,,,,,13-15,,,,,2025-07-24T14:32:31Z,2024,2024-01-01,2024-12-31
8473664,TOBACCO_MPOWER_M4_SMOKELESSECIGARETTESSCHOOL,COUNTRY,KGZ,EUR,Europe,YEAR,2024,TOBACCO_INDICATOR,TOBACCO_INDICATOR_Yth_nonsmoked_age_grp,,,,,,,15-15,,,,,2025-07-24T14:32:31Z,2024,2024-01-01,2024-12-31
8481860,TOBACCO_MPOWER_M4_SMOKELESSECIGARETTESSCHOOL,COUNTRY,MOZ,AFR,Africa,YEAR,2024,TOBACCO_INDICATOR,TOBACCO_INDICATOR_Yth_nonsmoked_national,,,,,,,National,,,,,2025-07-24T14:32:31Z,2024,2024-01-01,2024-12-31
8494614,TOBACCO_MPOWER_M4_SMOKELESSECIGARETTESSCHOOL,COUNTRY,NLD,EUR,Europe,YEAR,2024,TOBACCO_INDICATOR,TOBACCO_INDICATOR_Yth_nonsmoked_svy_yr,,,,,,,2021-22,,,,,2025-07-24T14:32:31Z,2024,2024-01-01,2024-12-31
8506921,TOBACCO_MPOWER_M4_SMOKELESSECIGARETTESSCHOOL,COUNTRY,QAT,EMR,Eastern Mediterranean,YEAR,2024,TOBACCO_INDICATOR,TOBACCO_INDICATOR_Yth_nonsmoked_age_grp,,,,,,,13-15,,,,,2025-07-24T14:32:31Z,2024,2024-01-01,2024-12-31
8508214,TOBACCO_MPOWER_M4_SMOKELESSECIGARETTESSCHOOL,COUNTRY,AUT,EUR,Europe,YEAR,2024,TOBACCO_INDICATOR,TOBACCO_INDICATOR_Yth_nonsmoked_national,,,,,,,National,,,,,2025-07-24T14:32:31Z,2024,2024-01-01,2024-12-31
8527299,TOBACCO_MPOWER_M4_SMOKELESSECIGARETTESSCHOOL,COUNTRY,NZL,WPR,Western Pacific,YEAR,2024,TOBACCO_INDICATOR,TOBACCO_INDICATOR_Yth_nonsmoked_svy_yr,,,,,,,2024,2024,,,,2025-07-24T14:32:31Z,2024,2024-01-01,2024-12-31
8535045,TOBACCO_MPOWER_M4_SMOKELESSECIGARETTESSCHOOL,COUNTRY,KWT,EMR,Eastern Mediterranean,YEAR,2024,TOBACCO_INDICATOR,TOBACCO_INDICATOR_Yth_nonsmoked_national,,,,,,,National,,,,,2025-07-24T14:32:31Z,2024,2024-01-01,2024-12-31
8552225,TOBACCO_MPOWER_M4_SMOKELESSECIGARETTESSCHOOL,COUNTRY,JPN,WPR,Western Pacific,YEAR,2024,TOBACCO_INDICATOR,TOBACCO_INDICATOR_Yth_nonsmoked_svy_yr,,,,,,,2021,2021,,,,2025-07-24T14:32:31Z,2024,2024-01-01,2024-12-31
8556855,TOBACCO_MPOWER_M4_SMOKELESSECIGARETTESSCHOOL,COUNTRY,ZMB,AFR,Africa,YEAR,2024,TOBACCO_INDICATOR,TOBACCO_INDICATOR_Yth_nonsmoked_svy_title,,,,,,,Global Youth Tobacco Survey,,,,,2025-07-24T14:32:31Z,2024,2024-01-01,2024-12-31
8563020,TOBACCO_MPOWER_M4_SMOKELESSECIGARETTESSCHOOL,COUNTRY,RUS,EUR,Europe,YEAR,2024,TOBACCO_INDICATOR,TOBACCO_INDICATOR_Yth_nonsmoked_svy_title,,,,,,,Global Youth Tobacco Survey,,,,,2025-07-24T14:32:31Z,2024,2024-01-01,2024-12-31
8590684,TOBACCO_MPOWER_M4_SMOKELESSECIGARETTESSCHOOL,COUNTRY,CAN,AMR,Americas,YEAR,2024,TOBACCO_INDICATOR,TOBACCO_INDICATOR_Yth_nonsmoked_svy_title,,,,,,,"Canadian Student Tobacco, Alcohol and Drugs Survey (CSTADS)",,,,,2025-07-24T14:32:31Z,2024,2024-01-01,2024-12-31
8592114,TOBACCO_MPOWER_M4_SMOKELESSECIGARETTESSCHOOL,COUNTRY,KIR,WPR,Western Pacific,YEAR,2024,TOBACCO_INDICATOR,TOBACCO_INDICATOR_Yth_nonsmoked_age_grp,,,,,,,13-17,,,,,2025-07-24T14:32:31Z,2024,2024-01-01,2024-12-31
8599764,TOBACCO_MPOWER_M4_SMOKELESSECIGARETTESSCHOOL,COUNTRY,UGA,AFR,Africa,YEAR,2024,TOBACCO_INDICATOR,TOBACCO_INDICATOR_Yth_nonsmoked_national,,,,,,,National,,,,,2025-07-24T14:32:31Z,2024,2024-01-01,2024-12-31
8626252,TOBACCO_MPOWER_M4_SMOKELESSECIGARETTESSCHOOL,COUNTRY,ALB,EUR,Europe,YEAR,2024,TOBACCO_INDICATOR,TOBACCO_INDICATOR_Yth_nonsmoked_age_grp,,,,,,,15-15,,,,,2025-07-24T14:32:31Z,2024,2024-01-01,2024-12-31
8626939,TOBACCO_MPOWER_M4_SMOKELESSECIGARETTESSCHOOL,COUNTRY,BFA,AFR,Africa,YEAR,2024,TOBACCO_INDICATOR,TOBACCO_INDICATOR_Yth_nonsmoked_national,,,,,,,Subnational,,,,,2025-07-24T14:32:31Z,2024,2024-01-01,2024-12-31
8637007,TOBACCO_MPOWER_M4_SMOKELESSECIGARETTESSCHOOL,COUNTRY,KGZ,EUR,Europe,YEAR,2024,TOBACCO_INDICATOR,TOBACCO_INDICATOR_Yth_nonsmoked_svy_title,,,,,,,Health Behaviour in School-aged Children,,,,,2025-07-24T14:32:31Z,2024,2024-01-01,2024-12-31
8643971,TOBACCO_MPOWER_M4_SMOKELESSECIGARETTESSCHOOL,COUNTRY,COG,AFR,Africa,YEAR,2024,TOBACCO_INDICATOR,TOBACCO_INDICATOR_Yth_nonsmoked_svy_yr,,,,,,,2019,2019,,,,2025-07-24T14:32:31Z,2024,2024-01-01,2024-12-31
8655431,TOBACCO_MPOWER_M4_SMOKELESSECIGARETTESSCHOOL,COUNTRY,GEO,EUR,Europe,YEAR,2024,TOBACCO_INDICATOR,TOBACCO_INDICATOR_Yth_nonsmoked_svy_yr,,,,,,,2023,2023,,,,2025-07-24T14:32:31Z,2024,2024-01-01,2024-12-31
8662363,TOBACCO_MPOWER_M4_SMOKELESSECIGARETTESSCHOOL,COUNTRY,GMB,AFR,Africa,YEAR,2024,TOBACCO_INDICATOR,TOBACCO_INDICATOR_Yth_nonsmoked_age_grp,,,,,,,13-15,,,,,2025-07-24T14:32:31Z,2024,2024-01-01,2024-12-31
8676763,TOBACCO_MPOWER_M4_SMOKELESSECIGARETTESSCHOOL,COUNTRY,THA,SEAR,South-East Asia,YEAR,2024,TOBACCO_INDICATOR,TOBACCO_INDICATOR_Yth_nonsmoked_age_grp,,,,,,,13-15,,,,,2025-07-24T14:32:31Z,2024,2024-01-01,2024-12-31
8685711,TOBACCO_MPOWER_M4_SMOKELESSECIGARETTESSCHOOL,COUNTRY,MDV,SEAR,South-East Asia,YEAR,2024,TOBACCO_INDICATOR,TOBACCO_INDICATOR_Yth_nonsmoked_national,,,,,,,National,,,,,2025-07-24T14:32:31Z,2024,2024-01-01,2024-12-31
8695310,TOBACCO_MPOWER_M4_SMOKELESSECIGARETTESSCHOOL,COUNTRY,SUR,AMR,Americas,YEAR,2024,TOBACCO_INDICATOR,TOBACCO_INDICATOR_Yth_nonsmoked_national,,,,,,,National,,,,,2025-07-24T14:32:31Z,2024,2024-01-01,2024-12-31
8697431,TOBACCO_MPOWER_M4_SMOKELESSECIGARETTESSCHOOL,COUNTRY,ATG,AMR,Americas,YEAR,2024,TOBACCO_INDICATOR,TOBACCO_INDICATOR_Yth_nonsmoked_age_grp,,,,,,,13-15,,,,,2025-07-24T14:32:31Z,2024,2024-01-01,2024-12-31
8699239,TOBACCO_MPOWER_M4_SMOKELESSECIGARETTESSCHOOL,COUNTRY,ARE,EMR,Eastern Mediterranean,YEAR,2024,TOBACCO_INDICATOR,TOBACCO_INDICATOR_Yth_nonsmoked_national,,,,,,,National,,,,,2025-07-24T14:32:31Z,2024,2024-01-01,2024-12-31
8725587,TOBACCO_MPOWER_M4_SMOKELESSECIGARETTESSCHOOL,COUNTRY,IRQ,EMR,Eastern Mediterranean,YEAR,2024,TOBACCO_INDICATOR,TOBACCO_INDICATOR_Yth_nonsmoked_svy_title,,,,,,,Global Youth Tobacco Survey,,,,,2025-07-24T14:32:31Z,2024,2024-01-01,2024-12-31
8762436,TOBACCO_MPOWER_M4_SMOKELESSECIGARETTESSCHOOL,COUNTRY,MNE,EUR,Europe,YEAR,2024,TOBACCO_INDICATOR,TOBACCO_INDICATOR_Yth_nonsmoked_age_grp,,,,,,,15-16,,,,,2025-07-24T14:32:31Z,2024,2024-01-01,2024-12-31
8770762,TOBACCO_MPOWER_M4_SMOKELESSECIGARETTESSCHOOL,COUNTRY,VCT,AMR,Americas,YEAR,2024,TOBACCO_INDICATOR,TOBACCO_INDICATOR_Yth_nonsmoked_age_grp,,,,,,,13-15,,,,,2025-07-24T14:32:31Z,2024,2024-01-01,2024-12-31
8782392,TOBACCO_MPOWER_M4_SMOKELESSECIGARETTESSCHOOL,COUNTRY,AUT,EUR,Europe,YEAR,2024,TOBACCO_INDICATOR,TOBACCO_INDICATOR_Yth_nonsmoked_svy_yr,,,,,,,2024,2024,,,,2025-07-24T14:32:31Z,2024,2024-01-01,2024-12-31
8790999,TOBACCO_MPOWER_M4_SMOKELESSECIGARETTESSCHOOL,COUNTRY,FRA,EUR,Europe,YEAR,2024,TOBACCO_INDICATOR,TOBACCO_INDICATOR_Yth_nonsmoked_national,,,,,,,National,,,,,2025-07-24T14:32:31Z,2024,2024-01-01,2024-12-31
8792218,TOBACCO_MPOWER_M4_SMOKELESSECIGARETTESSCHOOL,COUNTRY,SWE,EUR,Europe,YEAR,2024,TOBACCO_INDICATOR,TOBACCO_INDICATOR_Yth_nonsmoked_age_grp,,,,,,,15-16,,,,,2025-07-24T14:32:31Z,2024,2024-01-01,2024-12-31
8814709,TOBACCO_MPOWER_M4_SMOKELESSECIGARETTESSCHOOL,COUNTRY,TCD,AFR,Africa,YEAR,2024,TOBACCO_INDICATOR,TOBACCO_INDICATOR_Yth_nonsmoked_national,,,,,,,National,,,,,2025-07-24T14:32:31Z,2024,2024-01-01,2024-12-31
8818401,TOBACCO_MPOWER_M4_SMOKELESSECIGARETTESSCHOOL,COUNTRY,SUR,AMR,Americas,YEAR,2024,TOBACCO_INDICATOR,TOBACCO_INDICATOR_Yth_nonsmoked_svy_title,,,,,,,Global Youth Tobacco Survey,,,,,2025-07-24T14:32:31Z,2024,2024-01-01,2024-12-31
8827037,TOBACCO_MPOWER_M4_SMOKELESSECIGARETTESSCHOOL,COUNTRY,DOM,AMR,Americas,YEAR,2024,TOBACCO_INDICATOR,TOBACCO_INDICATOR_Yth_nonsmoked_age_grp,,,,,,,13-15,,,,,2025-07-24T14:32:31Z,2024,2024-01-01,2024-12-31
8827657,TOBACCO_MPOWER_M4_SMOKELESSECIGARETTESSCHOOL,COUNTRY,MLI,AFR,Africa,YEAR,2024,TOBACCO_INDICATOR,TOBACCO_INDICATOR_Yth_nonsmoked_national,,,,,,,. . .,,,,,2025-07-24T14:32:31Z,2024,2024-01-01,2024-12-31
8840034,TOBACCO_MPOWER_M4_SMOKELESSECIGARETTESSCHOOL,COUNTRY,PSE,EMR,Eastern Mediterranean,YEAR,2024,TOBACCO_INDICATOR,TOBACCO_INDICATOR_Yth_nonsmoked_svy_title,,,,,,,Global Youth Tobacco Survey (West Bank),,,,Global Youth Tobacco Survey (Gaza Strip) was completed in 2013.,2025-07-24T14:32:31Z,2024,2024-01-01,2024-12-31
8863739,TOBACCO_MPOWER_M4_SMOKELESSECIGARETTESSCHOOL,COUNTRY,JAM,AMR,Americas,YEAR,2024,TOBACCO_INDICATOR,TOBACCO_INDICATOR_Yth_nonsmoked_age_grp,,,,,,,13-15,,,,,2025-07-24T14:32:31Z,2024,2024-01-01,2024-12-31
8872297,TOBACCO_MPOWER_M4_SMOKELESSECIGARETTESSCHOOL,COUNTRY,YEM,EMR,Eastern Mediterranean,YEAR,2024,TOBACCO_INDICATOR,TOBACCO_INDICATOR_Yth_nonsmoked_age_grp,,,,,,,13-15,,,,,2025-07-24T14:32:31Z,2024,2024-01-01,2024-12-31
8877082,TOBACCO_MPOWER_M4_SMOKELESSECIGARETTESSCHOOL,COUNTRY,KGZ,EUR,Europe,YEAR,2024,TOBACCO_INDICATOR,TOBACCO_INDICATOR_Yth_nonsmoked_national,,,,,,,National,,,,,2025-07-24T14:32:31Z,2024,2024-01-01,2024-12-31
8887951,TOBACCO_MPOWER_M4_SMOKELESSECIGARETTESSCHOOL,COUNTRY,ZWE,AFR,Africa,YEAR,2024,TOBACCO_INDICATOR,TOBACCO_INDICATOR_Yth_nonsmoked_svy_title,,,,,,,Global Youth Tobacco Survey,,,,,2025-07-24T14:32:31Z,2024,2024-01-01,2024-12-31
8911045,TOBACCO_MPOWER_M4_SMOKELESSECIGARETTESSCHOOL,COUNTRY,PRK,SEAR,South-East Asia,YEAR,2024,TOBACCO_INDICATOR,TOBACCO_INDICATOR_Yth_nonsmoked_svy_yr,,,,,,,. . .,,,,,2025-07-24T14:32:31Z,2024,2024-01-01,2024-12-31
8938826,TOBACCO_MPOWER_M4_SMOKELESSECIGARETTESSCHOOL,COUNTRY,CZE,EUR,Europe,YEAR,2024,TOBACCO_INDICATOR,TOBACCO_INDICATOR_Yth_nonsmoked_svy_title,,,,,,,Global Youth Tobacco Survey,,,,,2025-07-24T14:32:31Z,2024,2024-01-01,2024-12-31
8940127,TOBACCO_MPOWER_M4_SMOKELESSECIGARETTESSCHOOL,COUNTRY,CRI,AMR,Americas,YEAR,2024,TOBACCO_INDICATOR,TOBACCO_INDICATOR_Yth_nonsmoked_age_grp,,,,,,,13-15,,,,,2025-07-24T14:32:31Z,2024,2024-01-01,2024-12-31
8961264,TOBACCO_MPOWER_M4_SMOKELESSECIGARETTESSCHOOL,COUNTRY,AGO,AFR,Africa,YEAR,2024,TOBACCO_INDICATOR,TOBACCO_INDICATOR_Yth_nonsmoked_svy_yr,,,,,,,2010,2010,,,,2025-07-24T14:32:31Z,2024,2024-01-01,2024-12-31
8985326,TOBACCO_MPOWER_M4_SMOKELESSECIGARETTESSCHOOL,COUNTRY,ZAF,AFR,Africa,YEAR,2024,TOBACCO_INDICATOR,TOBACCO_INDICATOR_Yth_nonsmoked_svy_yr,,,,,,,2011,2011,,,,2025-07-24T14:32:31Z,2024,2024-01-01,2024-12-31
8990614,TOBACCO_MPOWER_M4_SMOKELESSECIGARETTESSCHOOL,COUNTRY,NRU,WPR,Western Pacific,YEAR,2024,TOBACCO_INDICATOR,TOBACCO_INDICATOR_Yth_nonsmoked_svy_title,,,,,,,. . .,,,,,2025-07-24T14:32:31Z,2024,2024-01-01,2024-12-31
9008060,TOBACCO_MPOWER_M4_SMOKELESSECIGARETTESSCHOOL,COUNTRY,TZA,AFR,Africa,YEAR,2024,TOBACCO_INDICATOR,TOBACCO_INDICATOR_Yth_nonsmoked_svy_title,,,,,,,Global Youth Tobacco Survey,,,,,2025-07-24T14:32:31Z,2024,2024-01-01,2024-12-31
9009907,TOBACCO_MPOWER_M4_SMOKELESSECIGARETTESSCHOOL,COUNTRY,KIR,WPR,Western Pacific,YEAR,2024,TOBACCO_INDICATOR,TOBACCO_INDICATOR_Yth_nonsmoked_svy_title,,,,,,,Global School-Based Student Health Survey,,,,,2025-07-24T14:32:31Z,2024,2024-01-01,2024-12-31
9037729,TOBACCO_MPOWER_M4_SMOKELESSECIGARETTESSCHOOL,COUNTRY,IRN,EMR,Eastern Mediterranean,YEAR,2024,TOBACCO_INDICATOR,TOBACCO_INDICATOR_Yth_nonsmoked_svy_yr,,,,,,,2016,2016,,,,2025-07-24T14:32:31Z,2024,2024-01-01,2024-12-31
9040463,TOBACCO_MPOWER_M4_SMOKELESSECIGARETTESSCHOOL,COUNTRY,AUT,EUR,Europe,YEAR,2024,TOBACCO_INDICATOR,TOBACCO_INDICATOR_Yth_nonsmoked_svy_title,,,,,,,European School Survey Project on Alcohol and Other Drugs,,,,,2025-07-24T14:32:31Z,2024,2024-01-01,2024-12-31
9052710,TOBACCO_MPOWER_M4_SMOKELESSECIGARETTESSCHOOL,COUNTRY,FSM,WPR,Western Pacific,YEAR,2024,TOBACCO_INDICATOR,TOBACCO_INDICATOR_Yth_nonsmoked_svy_yr,,,,,,,2019,2019,,,,2025-07-24T14:32:31Z,2024,2024-01-01,2024-12-31
9118992,TOBACCO_MPOWER_M4_SMOKELESSECIGARETTESSCHOOL,COUNTRY,SEN,AFR,Africa,YEAR,2024,TOBACCO_INDICATOR,TOBACCO_INDICATOR_Yth_nonsmoked_svy_title,,,,,,,Global Youth Tobacco Survey,,,,,2025-07-24T14:32:31Z,2024,2024-01-01,2024-12-31
9139770,TOBACCO_MPOWER_M4_SMOKELESSECIGARETTESSCHOOL,COUNTRY,LAO,WPR,Western Pacific,YEAR,2024,TOBACCO_INDICATOR,TOBACCO_INDICATOR_Yth_nonsmoked_svy_title,,,,,,,Global Youth Tobacco Survey,,,,,2025-07-24T14:32:31Z,2024,2024-01-01,2024-12-31
9156007,TOBACCO_MPOWER_M4_SMOKELESSECIGARETTESSCHOOL,COUNTRY,GMB,AFR,Africa,YEAR,2024,TOBACCO_INDICATOR,TOBACCO_INDICATOR_Yth_nonsmoked_national,,,,,,,National,,,,,2025-07-24T14:32:31Z,2024,2024-01-01,2024-12-31
9161715,TOBACCO_MPOWER_M4_SMOKELESSECIGARETTESSCHOOL,COUNTRY,MCO,EUR,Europe,YEAR,2024,TOBACCO_INDICATOR,TOBACCO_INDICATOR_Yth_nonsmoked_svy_title,,,,,,,European School Survey Project on Alcohol and Other Drugs (ESPAD),,,,,2025-07-24T14:32:31Z,2024,2024-01-01,2024-12-31
9196472,TOBACCO_MPOWER_M4_SMOKELESSECIGARETTESSCHOOL,COUNTRY,KWT,EMR,Eastern Mediterranean,YEAR,2024,TOBACCO_INDICATOR,TOBACCO_INDICATOR_Yth_nonsmoked_svy_yr,,,,,,,2016,2016,,,,2025-07-24T14:32:31Z,2024,2024-01-01,2024-12-31
9199976,TOBACCO_MPOWER_M4_SMOKELESSECIGARETTESSCHOOL,COUNTRY,LAO,WPR,Western Pacific,YEAR,2024,TOBACCO_INDICATOR,TOBACCO_INDICATOR_Yth_nonsmoked_national,,,,,,,National,,,,,2025-07-24T14:32:31Z,2024,2024-01-01,2024-12-31
9207458,TOBACCO_MPOWER_M4_SMOKELESSECIGARETTESSCHOOL,COUNTRY,CIV,AFR,Africa,YEAR,2024,TOBACCO_INDICATOR,TOBACCO_INDICATOR_Yth_nonsmoked_svy_yr,,,,,,,2023,2023,,,,2025-07-24T14:32:31Z,2024,2024-01-01,2024-12-31
9210427,TOBACCO_MPOWER_M4_SMOKELESSECIGARETTESSCHOOL,COUNTRY,MLI,AFR,Africa,YEAR,2024,TOBACCO_INDICATOR,TOBACCO_INDICATOR_Yth_nonsmoked_age_grp,,,,,,,. . .,,,,,2025-07-24T14:32:31Z,2024,2024-01-01,2024-12-31
9250749,TOBACCO_MPOWER_M4_SMOKELESSECIGARETTESSCHOOL,COUNTRY,NAM,AFR,Africa,YEAR,2024,TOBACCO_INDICATOR,TOBACCO_INDICATOR_Yth_nonsmoked_national,,,,,,,National,,,,,2025-07-24T14:32:31Z,2024,2024-01-01,2024-12-31
9255526,TOBACCO_MPOWER_M4_SMOKELESSECIGARETTESSCHOOL,COUNTRY,ARG,AMR,Americas,YEAR,2024,TOBACCO_INDICATOR,TOBACCO_INDICATOR_Yth_nonsmoked_svy_yr,,,,,,,2018,2018,,,,2025-07-24T14:32:31Z,2024,2024-01-01,2024-12-31
9259722,TOBACCO_MPOWER_M4_SMOKELESSECIGARETTESSCHOOL,COUNTRY,SWZ,AFR,Africa,YEAR,2024,TOBACCO_INDICATOR,TOBACCO_INDICATOR_Yth_nonsmoked_age_grp,,,,,,,13-15,,,,,2025-07-24T14:32:31Z,2024,2024-01-01,2024-12-31
9260939,TOBACCO_MPOWER_M4_SMOKELESSECIGARETTESSCHOOL,COUNTRY,SLB,WPR,Western Pacific,YEAR,2024,TOBACCO_INDICATOR,TOBACCO_INDICATOR_Yth_nonsmoked_national,,,,,,,National,,,,,2025-07-24T14:32:31Z,2024,2024-01-01,2024-12-31
9294717,TOBACCO_MPOWER_M4_SMOKELESSECIGARETTESSCHOOL,COUNTRY,ARM,EUR,Europe,YEAR,2024,TOBACCO_INDICATOR,TOBACCO_INDICATOR_Yth_nonsmoked_svy_yr,,,,,,,2021-22,,,,,2025-07-24T14:32:31Z,2024,2024-01-01,2024-12-31
9305143,TOBACCO_MPOWER_M4_SMOKELESSECIGARETTESSCHOOL,COUNTRY,KIR,WPR,Western Pacific,YEAR,2024,TOBACCO_INDICATOR,TOBACCO_INDICATOR_Yth_nonsmoked_national,,,,,,,National,,,,,2025-07-24T14:32:31Z,2024,2024-01-01,2024-12-31
9317607,TOBACCO_MPOWER_M4_SMOKELESSECIGARETTESSCHOOL,COUNTRY,NZL,WPR,Western Pacific,YEAR,2024,TOBACCO_INDICATOR,TOBACCO_INDICATOR_Yth_nonsmoked_age_grp,,,,,,,14-15,,,,,2025-07-24T14:32:31Z,2024,2024-01-01,2024-12-31
9330841,TOBACCO_MPOWER_M4_SMOKELESSECIGARETTESSCHOOL,COUNTRY,GBR,EUR,Europe,YEAR,2024,TOBACCO_INDICATOR,TOBACCO_INDICATOR_Yth_nonsmoked_svy_title,,,,,,,"Smoking, Drinking and Drug Use Among Young People in England",,,,"Data representative of England only. Surveys are also carried out in Scotland, Wales and Northern Ireland.",2025-07-24T14:32:31Z,2024,2024-01-01,2024-12-31
9341935,TOBACCO_MPOWER_M4_SMOKELESSECIGARETTESSCHOOL,COUNTRY,SRB,EUR,Europe,YEAR,2024,TOBACCO_INDICATOR,TOBACCO_INDICATOR_Yth_nonsmoked_svy_title,,,,,,,Health Behaviour in School-aged Children,,,,,2025-07-24T14:32:31Z,2024,2024-01-01,2024-12-31
9345192,TOBACCO_MPOWER_M4_SMOKELESSECIGARETTESSCHOOL,COUNTRY,DMA,AMR,Americas,YEAR,2024,TOBACCO_INDICATOR,TOBACCO_INDICATOR_Yth_nonsmoked_svy_title,,,,,,,Global Youth Tobacco Survey,,,,,2025-07-24T14:32:31Z,2024,2024-01-01,2024-12-31
9345264,TOBACCO_MPOWER_M4_SMOKELESSECIGARETTESSCHOOL,COUNTRY,SWE,EUR,Europe,YEAR,2024,TOBACCO_INDICATOR,TOBACCO_INDICATOR_Yth_nonsmoked_national,,,,,,,National,,,,,2025-07-24T14:32:31Z,2024,2024-01-01,2024-12-31
9347129,TOBACCO_MPOWER_M4_SMOKELESSECIGARETTESSCHOOL,COUNTRY,SAU,EMR,Eastern Mediterranean,YEAR,2024,TOBACCO_INDICATOR,TOBACCO_INDICATOR_Yth_nonsmoked_age_grp,,,,,,,13-15,,,,,2025-07-24T14:32:31Z,2024,2024-01-01,2024-12-31
9415281,TOBACCO_MPOWER_M4_SMOKELESSECIGARETTESSCHOOL,COUNTRY,BTN,SEAR,South-East Asia,YEAR,2024,TOBACCO_INDICATOR,TOBACCO_INDICATOR_Yth_nonsmoked_national,,,,,,,National,,,,,2025-07-24T14:32:31Z,2024,2024-01-01,2024-12-31
9417677,TOBACCO_MPOWER_M4_SMOKELESSECIGARETTESSCHOOL,COUNTRY,MHL,WPR,Western Pacific,YEAR,2024,TOBACCO_INDICATOR,TOBACCO_INDICATOR_Yth_nonsmoked_national,,,,,,,National,,,,,2025-07-24T14:32:31Z,2024,2024-01-01,2024-12-31
9452722,TOBACCO_MPOWER_M4_SMOKELESSECIGARETTESSCHOOL,COUNTRY,BEN,AFR,Africa,YEAR,2024,TOBACCO_INDICATOR,TOBACCO_INDICATOR_Yth_nonsmoked_svy_title,,,,,,,. . .,,,,,2025-07-24T14:32:31Z,2024,2024-01-01,2024-12-31
9472828,TOBACCO_MPOWER_M4_SMOKELESSECIGARETTESSCHOOL,COUNTRY,SVN,EUR,Europe,YEAR,2024,TOBACCO_INDICATOR,TOBACCO_INDICATOR_Yth_nonsmoked_svy_title,,,,,,,Health Behaviour in School-aged Children,,,,,2025-07-24T14:32:31Z,2024,2024-01-01,2024-12-31
9476415,TOBACCO_MPOWER_M4_SMOKELESSECIGARETTESSCHOOL,COUNTRY,VCT,AMR,Americas,YEAR,2024,TOBACCO_INDICATOR,TOBACCO_INDICATOR_Yth_nonsmoked_national,,,,,,,National,,,,,2025-07-24T14:32:31Z,2024,2024-01-01,2024-12-31
9478741,TOBACCO_MPOWER_M4_SMOKELESSECIGARETTESSCHOOL,COUNTRY,KWT,EMR,Eastern Mediterranean,YEAR,2024,TOBACCO_INDICATOR,TOBACCO_INDICATOR_Yth_nonsmoked_age_grp,,,,,,,13-15,,,,,2025-07-24T14:32:31Z,2024,2024-01-01,2024-12-31
9481136,TOBACCO_MPOWER_M4_SMOKELESSECIGARETTESSCHOOL,COUNTRY,LVA,EUR,Europe,YEAR,2024,TOBACCO_INDICATOR,TOBACCO_INDICATOR_Yth_nonsmoked_svy_title,,,,,,,Health Behaviour in School-aged Children,,,,,2025-07-24T14:32:31Z,2024,2024-01-01,2024-12-31
9509176,TOBACCO_MPOWER_M4_SMOKELESSECIGARETTESSCHOOL,COUNTRY,BTN,SEAR,South-East Asia,YEAR,2024,TOBACCO_INDICATOR,TOBACCO_INDICATOR_Yth_nonsmoked_svy_title,,,,,,,Global Youth Tobacco Survey,,,,,2025-07-24T14:32:31Z,2024,2024-01-01,2024-12-31
9514771,TOBACCO_MPOWER_M4_SMOKELESSECIGARETTESSCHOOL,COUNTRY,TZA,AFR,Africa,YEAR,2024,TOBACCO_INDICATOR,TOBACCO_INDICATOR_Yth_nonsmoked_age_grp,,,,,,,13-15,,,,,2025-07-24T14:32:31Z,2024,2024-01-01,2024-12-31
9515837,TOBACCO_MPOWER_M4_SMOKELESSECIGARETTESSCHOOL,COUNTRY,JOR,EMR,Eastern Mediterranean,YEAR,2024,TOBACCO_INDICATOR,TOBACCO_INDICATOR_Yth_nonsmoked_svy_title,,,,,,,Global Youth Tobacco Survey,,,,,2025-07-24T14:32:31Z,2024,2024-01-01,2024-12-31
9516139,TOBACCO_MPOWER_M4_SMOKELESSECIGARETTESSCHOOL,COUNTRY,MRT,AFR,Africa,YEAR,2024,TOBACCO_INDICATOR,TOBACCO_INDICATOR_Yth_nonsmoked_svy_yr,,,,,,,2018,2018,,,,2025-07-24T14:32:31Z,2024,2024-01-01,2024-12-31
9517720,TOBACCO_MPOWER_M4_SMOKELESSECIGARETTESSCHOOL,COUNTRY,MDG,AFR,Africa,YEAR,2024,TOBACCO_INDICATOR,TOBACCO_INDICATOR_Yth_nonsmoked_national,,,,,,,National,,,,,2025-07-24T14:32:31Z,2024,2024-01-01,2024-12-31
9522717,TOBACCO_MPOWER_M4_SMOKELESSECIGARETTESSCHOOL,COUNTRY,VCT,AMR,Americas,YEAR,2024,TOBACCO_INDICATOR,TOBACCO_INDICATOR_Yth_nonsmoked_svy_title,,,,,,,Global Youth Tobacco Survey,,,,,2025-07-24T14:32:31Z,2024,2024-01-01,2024-12-31
9531513,TOBACCO_MPOWER_M4_SMOKELESSECIGARETTESSCHOOL,COUNTRY,TCD,AFR,Africa,YEAR,2024,TOBACCO_INDICATOR,TOBACCO_INDICATOR_Yth_nonsmoked_svy_title,,,,,,,Global Youth Tobacco Survey,,,,,2025-07-24T14:32:31Z,2024,2024-01-01,2024-12-31
9575529,TOBACCO_MPOWER_M4_SMOKELESSECIGARETTESSCHOOL,COUNTRY,DMA,AMR,Americas,YEAR,2024,TOBACCO_INDICATOR,TOBACCO_INDICATOR_Yth_nonsmoked_svy_yr,,,,,,,2009,2009,,,,2025-07-24T14:32:31Z,2024,2024-01-01,2024-12-31
9577406,TOBACCO_MPOWER_M4_SMOKELESSECIGARETTESSCHOOL,COUNTRY,GTM,AMR,Americas,YEAR,2024,TOBACCO_INDICATOR,TOBACCO_INDICATOR_Yth_nonsmoked_national,,,,,,,National,,,,,2025-07-24T14:32:31Z,2024,2024-01-01,2024-12-31
9583651,TOBACCO_MPOWER_M4_SMOKELESSECIGARETTESSCHOOL,COUNTRY,PER,AMR,Americas,YEAR,2024,TOBACCO_INDICATOR,TOBACCO_INDICATOR_Yth_nonsmoked_age_grp,,,,,,,13-15,,,,,2025-07-24T14:32:31Z,2024,2024-01-01,2024-12-31
9660634,TOBACCO_MPOWER_M4_SMOKELESSECIGARETTESSCHOOL,COUNTRY,ISR,EUR,Europe,YEAR,2024,TOBACCO_INDICATOR,TOBACCO_INDICATOR_Yth_nonsmoked_svy_title,,,,,,,Health Behaviour in School-aged Children,,,,,2025-07-24T14:32:31Z,2024,2024-01-01,2024-12-31
9663060,TOBACCO_MPOWER_M4_SMOKELESSECIGARETTESSCHOOL,COUNTRY,BLZ,AMR,Americas,YEAR,2024,TOBACCO_INDICATOR,TOBACCO_INDICATOR_Yth_nonsmoked_age_grp,,,,,,,13-15,,,,,2025-07-24T14:32:31Z,2024,2024-01-01,2024-12-31
9663087,TOBACCO_MPOWER_M4_SMOKELESSECIGARETTESSCHOOL,COUNTRY,POL,EUR,Europe,YEAR,2024,TOBACCO_INDICATOR,TOBACCO_INDICATOR_Yth_nonsmoked_national,,,,,,,National,,,,,2025-07-24T14:32:31Z,2024,2024-01-01,2024-12-31
9699305,TOBACCO_MPOWER_M4_SMOKELESSECIGARETTESSCHOOL,COUNTRY,THA,SEAR,South-East Asia,YEAR,2024,TOBACCO_INDICATOR,TOBACCO_INDICATOR_Yth_nonsmoked_svy_yr,,,,,,,2022,2022,,,,2025-07-24T14:32:31Z,2024,2024-01-01,2024-12-31
9708905,TOBACCO_MPOWER_M4_SMOKELESSECIGARETTESSCHOOL,COUNTRY,EGY,EMR,Eastern Mediterranean,YEAR,2024,TOBACCO_INDICATOR,TOBACCO_INDICATOR_Yth_nonsmoked_national,,,,,,,National,,,,,2025-07-24T14:32:31Z,2024,2024-01-01,2024-12-31
9731622,TOBACCO_MPOWER_M4_SMOKELESSECIGARETTESSCHOOL,COUNTRY,ROU,EUR,Europe,YEAR,2024,TOBACCO_INDICATOR,TOBACCO_INDICATOR_Yth_nonsmoked_age_grp,,,,,,,15-15,,,,,2025-07-24T14:32:31Z,2024,2024-01-01,2024-12-31
9759078,TOBACCO_MPOWER_M4_SMOKELESSECIGARETTESSCHOOL,COUNTRY,ETH,AFR,Africa,YEAR,2024,TOBACCO_INDICATOR,TOBACCO_INDICATOR_Yth_nonsmoked_age_grp,,,,,,,13-15,,,,,2025-07-24T14:32:31Z,2024,2024-01-01,2024-12-31
9763077,TOBACCO_MPOWER_M4_SMOKELESSECIGARETTESSCHOOL,COUNTRY,MCO,EUR,Europe,YEAR,2024,TOBACCO_INDICATOR,TOBACCO_INDICATOR_Yth_nonsmoked_age_grp,,,,,,,lycée 2nde-15,,,,,2025-07-24T14:32:31Z,2024,2024-01-01,2024-12-31
9779085,TOBACCO_MPOWER_M4_SMOKELESSECIGARETTESSCHOOL,COUNTRY,MAR,EMR,Eastern Mediterranean,YEAR,2024,TOBACCO_INDICATOR,TOBACCO_INDICATOR_Yth_nonsmoked_svy_title,,,,,,,Global Youth Tobacco Survey,,,,,2025-07-24T14:32:31Z,2024,2024-01-01,2024-12-31
9791842,TOBACCO_MPOWER_M4_SMOKELESSECIGARETTESSCHOOL,COUNTRY,NPL,SEAR,South-East Asia,YEAR,2024,TOBACCO_INDICATOR,TOBACCO_INDICATOR_Yth_nonsmoked_national,,,,,,,National,,,,,2025-07-24T14:32:31Z,2024,2024-01-01,2024-12-31
9794708,TOBACCO_MPOWER_M4_SMOKELESSECIGARETTESSCHOOL,COUNTRY,CHN,WPR,Western Pacific,YEAR,2024,TOBACCO_INDICATOR,TOBACCO_INDICATOR_Yth_nonsmoked_national,,,,,,,National,,,,,2025-07-24T14:32:31Z,2024,2024-01-01,2024-12-31
9805434,TOBACCO_MPOWER_M4_SMOKELESSECIGARETTESSCHOOL,COUNTRY,LBR,AFR,Africa,YEAR,2024,TOBACCO_INDICATOR,TOBACCO_INDICATOR_Yth_nonsmoked_age_grp,,,,,,,13-15,,,,,2025-07-24T14:32:31Z,2024,2024-01-01,2024-12-31
9815727,TOBACCO_MPOWER_M4_SMOKELESSECIGARETTESSCHOOL,COUNTRY,LAO,WPR,Western Pacific,YEAR,2024,TOBACCO_INDICATOR,TOBACCO_INDICATOR_Yth_nonsmoked_age_grp,,,,,,,13-15,,,,,2025-07-24T14:32:31Z,2024,2024-01-01,2024-12-31
9848021,TOBACCO_MPOWER_M4_SMOKELESSECIGARETTESSCHOOL,COUNTRY,SLE,AFR,Africa,YEAR,2024,TOBACCO_INDICATOR,TOBACCO_INDICATOR_Yth_nonsmoked_svy_title,,,,,,,Global Youth Tobacco Survey,,,,,2025-07-24T14:32:31Z,2024,2024-01-01,2024-12-31
9886311,TOBACCO_MPOWER_M4_SMOKELESSECIGARETTESSCHOOL,COUNTRY,BDI,AFR,Africa,YEAR,2024,TOBACCO_INDICATOR,TOBACCO_INDICATOR_Yth_nonsmoked_national,,,,,,,. . .,,,,,2025-07-24T14:32:31Z,2024,2024-01-01,2024-12-31
9905725,TOBACCO_MPOWER_M4_SMOKELESSECIGARETTESSCHOOL,COUNTRY,TJK,EUR,Europe,YEAR,2024,TOBACCO_INDICATOR,TOBACCO_INDICATOR_Yth_nonsmoked_svy_yr,,,,,,,2021-22,,,,,2025-07-24T14:32:31Z,2024,2024-01-01,2024-12-31
9915441,TOBACCO_MPOWER_M4_SMOKELESSECIGARETTESSCHOOL,COUNTRY,LTU,EUR,Europe,YEAR,2024,TOBACCO_INDICATOR,TOBACCO_INDICATOR_Yth_nonsmoked_svy_title,,,,,,,Global Youth Tobacco Survey,,,,,2025-07-24T14:32:31Z,2024,2024-01-01,2024-12-31
9916937,TOBACCO_MPOWER_M4_SMOKELESSECIGARETTESSCHOOL,COUNTRY,TKM,EUR,Europe,YEAR,2024,TOBACCO_INDICATOR,TOBACCO_INDICATOR_Yth_nonsmoked_svy_title,,,,,,,Global Youth Tobacco Survey,,,,,2025-07-24T14:32:31Z,2024,2024-01-01,2024-12-31
9959948,TOBACCO_MPOWER_M4_SMOKELESSECIGARETTESSCHOOL,COUNTRY,ISL,EUR,Europe,YEAR,2024,TOBACCO_INDICATOR,TOBACCO_INDICATOR_Yth_nonsmoked_age_grp,,,,,,,15-15,,,,,2025-07-24T14:32:31Z,2024,2024-01-01,2024-12-31
9978636,TOBACCO_MPOWER_M4_SMOKELESSECIGARETTESSCHOOL,COUNTRY,BLZ,AMR,Americas,YEAR,2024,TOBACCO_INDICATOR,TOBACCO_INDICATOR_Yth_nonsmoked_svy_title,,,,,,,Global Youth Tobacco Survey,,,,,2025-07-24T14:32:31Z,2024,2024-01-01,2024-12-31
9986327,TOBACCO_MPOWER_M4_SMOKELESSECIGARETTESSCHOOL,COUNTRY,PRT,EUR,Europe,YEAR,2024,TOBACCO_INDICATOR,TOBACCO_INDICATOR_Yth_nonsmoked_svy_title,,,,,,,Health Behaviour in School-aged Children,,,,,2025-07-24T14:32:31Z,2024,2024-01-01,2024-12-31
9994060,TOBACCO_MPOWER_M4_SMOKELESSECIGARETTESSCHOOL,COUNTRY,RUS,EUR,Europe,YEAR,2024,TOBACCO_INDICATOR,TOBACCO_INDICATOR_Yth_nonsmoked_national,,,,,,,National,,,,,2025-07-24T14:32:31Z,2024,2024-01-01,2024-12-31
10003991,TOBACCO_MPOWER_M4_SMOKELESSECIGARETTESSCHOOL,COUNTRY,SGP,WPR,Western Pacific,YEAR,2024,TOBACCO_INDICATOR,TOBACCO_INDICATOR_Yth_nonsmoked_national,,,,,,,. . .,,,,,2025-07-24T14:32:31Z,2024,2024-01-01,2024-12-31
10018250,TOBACCO_MPOWER_M4_SMOKELESSECIGARETTESSCHOOL,COUNTRY,ETH,AFR,Africa,YEAR,2024,TOBACCO_INDICATOR,TOBACCO_INDICATOR_Yth_nonsmoked_svy_title,,,,,,,Global Youth Tobacco Survey,,,,,2025-07-24T14:32:31Z,2024,2024-01-01,2024-12-31
10041058,TOBACCO_MPOWER_M4_SMOKELESSECIGARETTESSCHOOL,COUNTRY,EGY,EMR,Eastern Mediterranean,YEAR,2024,TOBACCO_INDICATOR,TOBACCO_INDICATOR_Yth_nonsmoked_svy_yr,,,,,,,2014,2014,,,,2025-07-24T14:32:31Z,2024,2024-01-01,2024-12-31
10046267,TOBACCO_MPOWER_M4_SMOKELESSECIGARETTESSCHOOL,COUNTRY,MCO,EUR,Europe,YEAR,2024,TOBACCO_INDICATOR,TOBACCO_INDICATOR_Yth_nonsmoked_svy_yr,,,,,,,2019,2019,,,,2025-07-24T14:32:31Z,2024,2024-01-01,2024-12-31
10057052,TOBACCO_MPOWER_M4_SMOKELESSECIGARETTESSCHOOL,COUNTRY,LVA,EUR,Europe,YEAR,2024,TOBACCO_INDICATOR,TOBACCO_INDICATOR_Yth_nonsmoked_age_grp,,,,,,,15-15,,,,,2025-07-24T14:32:31Z,2024,2024-01-01,2024-12-31
10057467,TOBACCO_MPOWER_M4_SMOKELESSECIGARETTESSCHOOL,COUNTRY,ROU,EUR,Europe,YEAR,2024,TOBACCO_INDICATOR,TOBACCO_INDICATOR_Yth_nonsmoked_svy_yr,,,,,,,2021-22,,,,,2025-07-24T14:32:31Z,2024,2024-01-01,2024-12-31
10067245,TOBACCO_MPOWER_M4_SMOKELESSECIGARETTESSCHOOL,COUNTRY,TUR,EUR,Europe,YEAR,2024,TOBACCO_INDICATOR,TOBACCO_INDICATOR_Yth_nonsmoked_national,,,,,,,. . .,,,,,2025-07-24T14:32:31Z,2024,2024-01-01,2024-12-31
10084056,TOBACCO_MPOWER_M4_SMOKELESSECIGARETTESSCHOOL,COUNTRY,URY,AMR,Americas,YEAR,2024,TOBACCO_INDICATOR,TOBACCO_INDICATOR_Yth_nonsmoked_svy_title,,,,,,,Global Youth Tobacco Survey,,,,,2025-07-24T14:32:31Z,2024,2024-01-01,2024-12-31
10085251,TOBACCO_MPOWER_M4_SMOKELESSECIGARETTESSCHOOL,COUNTRY,EGY,EMR,Eastern Mediterranean,YEAR,2024,TOBACCO_INDICATOR,TOBACCO_INDICATOR_Yth_nonsmoked_svy_title,,,,,,,Global Youth Tobacco Survey,,,,,2025-07-24T14:32:31Z,2024,2024-01-01,2024-12-31
10096154,TOBACCO_MPOWER_M4_SMOKELESSECIGARETTESSCHOOL,COUNTRY,KWT,EMR,Eastern Mediterranean,YEAR,2024,TOBACCO_INDICATOR,TOBACCO_INDICATOR_Yth_nonsmoked_svy_title,,,,,,,Global Youth Tobacco Survey,,,,,2025-07-24T14:32:31Z,2024,2024-01-01,2024-12-31
10102866,TOBACCO_MPOWER_M4_SMOKELESSECIGARETTESSCHOOL,COUNTRY,ISL,EUR,Europe,YEAR,2024,TOBACCO_INDICATOR,TOBACCO_INDICATOR_Yth_nonsmoked_national,,,,,,,National,,,,,2025-07-24T14:32:31Z,2024,2024-01-01,2024-12-31
10103823,TOBACCO_MPOWER_M4_SMOKELESSECIGARETTESSCHOOL,COUNTRY,TGO,AFR,Africa,YEAR,2024,TOBACCO_INDICATOR,TOBACCO_INDICATOR_Yth_nonsmoked_svy_title,,,,,,,Global Youth Tobacco Survey,,,,,2025-07-24T14:32:31Z,2024,2024-01-01,2024-12-31
10121884,TOBACCO_MPOWER_M4_SMOKELESSECIGARETTESSCHOOL,COUNTRY,UKR,EUR,Europe,YEAR,2024,TOBACCO_INDICATOR,TOBACCO_INDICATOR_Yth_nonsmoked_svy_title,,,,,,,European School Survey Project on Alcohol and Other Drugs,,,,,2025-07-24T14:32:31Z,2024,2024-01-01,2024-12-31
10125537,TOBACCO_MPOWER_M4_SMOKELESSECIGARETTESSCHOOL,COUNTRY,ARE,EMR,Eastern Mediterranean,YEAR,2024,TOBACCO_INDICATOR,TOBACCO_INDICATOR_Yth_nonsmoked_svy_title,,,,,,,Global Youth Tobacco Survey,,,,,2025-07-24T14:32:31Z,2024,2024-01-01,2024-12-31
10129783,TOBACCO_MPOWER_M4_SMOKELESSECIGARETTESSCHOOL,COUNTRY,BLZ,AMR,Americas,YEAR,2024,TOBACCO_INDICATOR,TOBACCO_INDICATOR_Yth_nonsmoked_svy_yr,,,,,,,2014,2014,,,,2025-07-24T14:32:31Z,2024,2024-01-01,2024-12-31
10137029,TOBACCO_MPOWER_M4_SMOKELESSECIGARETTESSCHOOL,COUNTRY,COK,WPR,Western Pacific,YEAR,2024,TOBACCO_INDICATOR,TOBACCO_INDICATOR_Yth_nonsmoked_age_grp,,,,,,,13-15,,,,,2025-07-24T14:32:31Z,2024,2024-01-01,2024-12-31
10142626,TOBACCO_MPOWER_M4_SMOKELESSECIGARETTESSCHOOL,COUNTRY,COM,AFR,Africa,YEAR,2024,TOBACCO_INDICATOR,TOBACCO_INDICATOR_Yth_nonsmoked_svy_yr,,,,,,,2015,2015,,,,2025-07-24T14:32:31Z,2024,2024-01-01,2024-12-31
10148382,TOBACCO_MPOWER_M4_SMOKELESSECIGARETTESSCHOOL,COUNTRY,ESP,EUR,Europe,YEAR,2024,TOBACCO_INDICATOR,TOBACCO_INDICATOR_Yth_nonsmoked_age_grp,,,,,,,14-18,,,,,2025-07-24T14:32:31Z,2024,2024-01-01,2024-12-31
10173028,TOBACCO_MPOWER_M4_SMOKELESSECIGARETTESSCHOOL,COUNTRY,GNQ,AFR,Africa,YEAR,2024,TOBACCO_INDICATOR,TOBACCO_INDICATOR_Yth_nonsmoked_svy_title,,,,,,,. . .,,,,,2025-07-24T14:32:31Z,2024,2024-01-01,2024-12-31
10209036,TOBACCO_MPOWER_M4_SMOKELESSECIGARETTESSCHOOL,COUNTRY,SWZ,AFR,Africa,YEAR,2024,TOBACCO_INDICATOR,TOBACCO_INDICATOR_Yth_nonsmoked_national,,,,,,,National,,,,,2025-07-24T14:32:31Z,2024,2024-01-01,2024-12-31
10212925,TOBACCO_MPOWER_M4_SMOKELESSECIGARETTESSCHOOL,COUNTRY,AGO,AFR,Africa,YEAR,2024,TOBACCO_INDICATOR,TOBACCO_INDICATOR_Yth_nonsmoked_svy_title,,,,,,,Global Youth Tobacco Survey (Huambo),,,,,2025-07-24T14:32:31Z,2024,2024-01-01,2024-12-31
10236697,TOBACCO_MPOWER_M4_SMOKELESSECIGARETTESSCHOOL,COUNTRY,DEU,EUR,Europe,YEAR,2024,TOBACCO_INDICATOR,TOBACCO_INDICATOR_Yth_nonsmoked_age_grp,,,,,,,15-15,,,,,2025-07-24T14:32:31Z,2024,2024-01-01,2024-12-31
10238655,TOBACCO_MPOWER_M4_SMOKELESSECIGARETTESSCHOOL,COUNTRY,CRI,AMR,Americas,YEAR,2024,TOBACCO_INDICATOR,TOBACCO_INDICATOR_Yth_nonsmoked_svy_title,,,,,,,Global Youth Tobacco Survey,,,,,2025-07-24T14:32:31Z,2024,2024-01-01,2024-12-31
10261948,TOBACCO_MPOWER_M4_SMOKELESSECIGARETTESSCHOOL,COUNTRY,LBY,EMR,Eastern Mediterranean,YEAR,2024,TOBACCO_INDICATOR,TOBACCO_INDICATOR_Yth_nonsmoked_national,,,,,,,National,,,,,2025-07-24T14:32:31Z,2024,2024-01-01,2024-12-31
10265654,TOBACCO_MPOWER_M4_SMOKELESSECIGARETTESSCHOOL,COUNTRY,LCA,AMR,Americas,YEAR,2024,TOBACCO_INDICATOR,TOBACCO_INDICATOR_Yth_nonsmoked_svy_yr,,,,,,,2017,2017,,,,2025-07-24T14:32:31Z,2024,2024-01-01,2024-12-31
10269469,TOBACCO_MPOWER_M4_SMOKELESSECIGARETTESSCHOOL,COUNTRY,BGD,SEAR,South-East Asia,YEAR,2024,TOBACCO_INDICATOR,TOBACCO_INDICATOR_Yth_nonsmoked_national,,,,,,,National,,,,,2025-07-24T14:32:31Z,2024,2024-01-01,2024-12-31
10279555,TOBACCO_MPOWER_M4_SMOKELESSECIGARETTESSCHOOL,COUNTRY,SEN,AFR,Africa,YEAR,2024,TOBACCO_INDICATOR,TOBACCO_INDICATOR_Yth_nonsmoked_svy_yr,,,,,,,2020,2020,,,,2025-07-24T14:32:31Z,2024,2024-01-01,2024-12-31
